id1,id2,score
dbpedia_42156,sales_3693,1.0
dbpedia_30444,sales_3859,1.0
dbpedia_12114,sales_6289,1.0
dbpedia_11895,sales_5013,1.0
dbpedia_38996,sales_4097,1.0
dbpedia_43202,sales_1563,1.0
dbpedia_45893,sales_3776,1.0
dbpedia_37905,sales_1920,1.0
dbpedia_52495,sales_5848,1.0
dbpedia_24650,sales_843,1.0
dbpedia_20104,sales_4707,1.0
dbpedia_15445,sales_5266,1.0
dbpedia_47321,sales_7108,1.0
dbpedia_53809,sales_6372,1.0
dbpedia_29577,sales_2576,1.0
dbpedia_6376,sales_360,1.0
dbpedia_9977,sales_1809,1.0
dbpedia_51923,sales_426,1.0
dbpedia_24331,sales_3375,1.0
dbpedia_33316,sales_1407,1.0
dbpedia_7356,sales_586,1.0
dbpedia_965,sales_2422,1.0
dbpedia_45915,sales_3384,1.0
dbpedia_6153,sales_2420,1.0
dbpedia_64173,sales_5267,1.0
dbpedia_36163,sales_1559,1.0
dbpedia_39983,sales_7201,1.0
dbpedia_18879,sales_4747,1.0
dbpedia_19210,sales_5167,1.0
dbpedia_24403,sales_868,1.0
dbpedia_6602,sales_916,1.0
dbpedia_18844,sales_5395,1.0
dbpedia_19225,sales_2009,1.0
dbpedia_9980,sales_2213,1.0
dbpedia_14478,sales_5062,1.0
dbpedia_10595,sales_2836,1.0
dbpedia_62058,sales_6616,1.0
dbpedia_8146,sales_4527,1.0
dbpedia_18057,sales_1597,1.0
dbpedia_23972,sales_3017,1.0
dbpedia_35758,sales_4009,1.0
dbpedia_900,sales_2131,1.0
dbpedia_27463,sales_4954,1.0
dbpedia_37264,sales_274,1.0
dbpedia_57371,sales_1634,1.0
dbpedia_25129,sales_5782,1.0
dbpedia_22654,sales_453,1.0
dbpedia_49463,sales_940,1.0
dbpedia_19536,sales_2464,1.0
dbpedia_22839,sales_832,1.0
dbpedia_45797,sales_651,1.0
dbpedia_57112,sales_6492,1.0
dbpedia_1284,sales_1165,1.0
dbpedia_9460,sales_6280,1.0
dbpedia_6907,sales_380,1.0
dbpedia_6711,sales_973,1.0
dbpedia_9991,sales_7794,1.0
dbpedia_11644,sales_4538,1.0
dbpedia_56722,sales_486,1.0
dbpedia_24320,sales_5606,1.0
dbpedia_4300,sales_2552,1.0
dbpedia_49242,sales_5283,1.0
dbpedia_26673,sales_402,1.0
dbpedia_49748,sales_878,1.0
dbpedia_42978,sales_1972,1.0
dbpedia_3260,sales_1157,1.0
dbpedia_61901,sales_4275,1.0
dbpedia_9230,sales_1836,1.0
dbpedia_54886,sales_184,1.0
dbpedia_35916,sales_7057,1.0
dbpedia_61663,sales_417,1.0
dbpedia_14040,sales_5282,1.0
dbpedia_86,sales_5826,1.0
dbpedia_17952,sales_2143,1.0
dbpedia_31075,sales_829,1.0
dbpedia_12353,sales_5611,1.0
dbpedia_20063,sales_1414,1.0
dbpedia_25384,sales_1754,1.0
dbpedia_13409,sales_316,1.0
dbpedia_26982,sales_4429,1.0
dbpedia_2749,sales_6059,1.0
dbpedia_60620,sales_5239,1.0
dbpedia_33786,sales_2590,1.0
dbpedia_20963,sales_4040,1.0
dbpedia_59496,sales_3642,1.0
dbpedia_62897,sales_5166,1.0
dbpedia_29597,sales_4572,1.0
dbpedia_13262,sales_2230,1.0
dbpedia_22958,sales_6932,1.0
dbpedia_24138,sales_205,1.0
dbpedia_2783,sales_4440,1.0
dbpedia_4402,sales_1540,1.0
dbpedia_32288,sales_890,1.0
dbpedia_57141,sales_192,1.0
dbpedia_8364,sales_2665,1.0
dbpedia_9550,sales_5024,1.0
dbpedia_12932,sales_581,1.0
dbpedia_56132,sales_867,1.0
dbpedia_11796,sales_1914,1.0
dbpedia_11460,sales_2654,1.0
dbpedia_21278,sales_5906,1.0
dbpedia_47092,sales_1443,1.0
dbpedia_57559,sales_6151,1.0
dbpedia_61719,sales_5534,1.0
dbpedia_64955,sales_7185,1.0
dbpedia_20365,sales_604,1.0
dbpedia_29308,sales_1930,1.0
dbpedia_47577,sales_6563,1.0
dbpedia_34109,sales_6777,1.0
dbpedia_8439,sales_3317,1.0
dbpedia_27701,sales_4221,1.0
dbpedia_60290,sales_1999,1.0
dbpedia_14137,sales_2044,1.0
dbpedia_19828,sales_4347,1.0
dbpedia_33314,sales_3484,1.0
dbpedia_44118,sales_6142,1.0
dbpedia_6938,sales_4889,1.0
dbpedia_52328,sales_5657,1.0
dbpedia_43920,sales_1579,1.0
dbpedia_57578,sales_494,1.0
dbpedia_20550,sales_7849,1.0
dbpedia_9966,sales_1170,1.0
dbpedia_34648,sales_1922,1.0
dbpedia_8759,sales_7392,1.0
dbpedia_55286,sales_4020,1.0
dbpedia_38749,sales_5344,1.0
dbpedia_26546,sales_6486,1.0
dbpedia_6258,sales_6080,1.0
dbpedia_18399,sales_5279,1.0
dbpedia_42241,sales_5612,1.0
dbpedia_19877,sales_517,1.0
dbpedia_3425,sales_1366,1.0
dbpedia_21,sales_6690,1.0
dbpedia_9250,sales_3181,1.0
dbpedia_23927,sales_1241,1.0
dbpedia_51826,sales_3427,1.0
dbpedia_13314,sales_5018,1.0
dbpedia_33732,sales_4770,1.0
dbpedia_24975,sales_307,1.0
dbpedia_19782,sales_6495,1.0
dbpedia_3981,sales_6535,1.0
dbpedia_35595,sales_782,1.0
dbpedia_6523,sales_6247,1.0
dbpedia_9721,sales_6942,1.0
dbpedia_4553,sales_648,1.0
dbpedia_18581,sales_3451,1.0
dbpedia_29392,sales_371,1.0
dbpedia_3673,sales_1310,1.0
dbpedia_4664,sales_505,1.0
dbpedia_45146,sales_3019,1.0
dbpedia_11989,sales_6427,1.0
dbpedia_7888,sales_3658,1.0
dbpedia_20018,sales_579,1.0
dbpedia_44305,sales_6000,1.0
dbpedia_5835,sales_3395,1.0
dbpedia_41091,sales_2987,1.0
dbpedia_56464,sales_1560,1.0
dbpedia_31934,sales_3868,1.0
dbpedia_21854,sales_802,1.0
dbpedia_37828,sales_4065,1.0
dbpedia_34143,sales_2180,1.0
dbpedia_1234,sales_3496,1.0
dbpedia_33168,sales_1377,1.0
dbpedia_31280,sales_4364,1.0
dbpedia_29698,sales_2784,1.0
dbpedia_1876,sales_6699,1.0
dbpedia_54861,sales_4610,1.0
dbpedia_23062,sales_4768,1.0
dbpedia_27953,sales_960,1.0
dbpedia_44191,sales_4352,1.0
dbpedia_47630,sales_7626,1.0
dbpedia_15110,sales_6645,1.0
dbpedia_42013,sales_3653,1.0
dbpedia_15805,sales_3422,1.0
dbpedia_19748,sales_931,1.0
dbpedia_24121,sales_5287,1.0
dbpedia_3827,sales_1063,1.0
dbpedia_34665,sales_4416,1.0
dbpedia_51613,sales_2396,1.0
dbpedia_44782,sales_2312,1.0
dbpedia_30866,sales_5918,1.0
dbpedia_59042,sales_11,1.0
dbpedia_12166,sales_3273,1.0
dbpedia_4571,sales_3237,1.0
dbpedia_48190,sales_6281,1.0
dbpedia_64219,sales_239,1.0
dbpedia_43408,sales_1417,1.0
dbpedia_27897,sales_4962,1.0
dbpedia_24455,sales_463,1.0
dbpedia_16050,sales_1584,1.0
dbpedia_9275,sales_1592,1.0
dbpedia_3676,sales_1838,1.0
dbpedia_19884,sales_4587,1.0
dbpedia_6062,sales_6174,1.0
dbpedia_57458,sales_4029,1.0
dbpedia_27086,sales_2274,1.0
dbpedia_13996,sales_6612,1.0
dbpedia_61092,sales_2599,1.0
dbpedia_27418,sales_951,1.0
dbpedia_18452,sales_2473,1.0
dbpedia_49391,sales_5522,1.0
dbpedia_5940,sales_7581,1.0
dbpedia_26856,sales_7674,1.0
dbpedia_57825,sales_446,1.0
dbpedia_9816,sales_5439,1.0
dbpedia_19541,sales_3326,1.0
dbpedia_25488,sales_813,1.0
dbpedia_15001,sales_4192,1.0
dbpedia_5685,sales_4092,1.0
dbpedia_2433,sales_3777,1.0
dbpedia_49075,sales_592,1.0
dbpedia_49559,sales_5222,1.0
dbpedia_48857,sales_3201,1.0
dbpedia_7587,sales_6653,1.0
dbpedia_10244,sales_5083,1.0
dbpedia_13636,sales_3482,1.0
dbpedia_52393,sales_2235,1.0
dbpedia_2303,sales_6104,1.0
dbpedia_48474,sales_3794,1.0
dbpedia_59180,sales_3081,1.0
dbpedia_24176,sales_709,1.0
dbpedia_13755,sales_6283,1.0
dbpedia_64685,sales_2129,1.0
dbpedia_52857,sales_1992,1.0
dbpedia_3529,sales_194,1.0
dbpedia_255,sales_2161,1.0
dbpedia_54185,sales_3169,1.0
dbpedia_38090,sales_1227,1.0
dbpedia_561,sales_6311,1.0
dbpedia_7100,sales_1551,1.0
dbpedia_63971,sales_1342,1.0
dbpedia_49206,sales_6649,1.0
dbpedia_6088,sales_3052,1.0
dbpedia_50865,sales_368,1.0
dbpedia_3060,sales_2928,1.0
dbpedia_34728,sales_3096,1.0
dbpedia_3089,sales_858,1.0
dbpedia_33108,sales_3296,1.0
dbpedia_40053,sales_4710,1.0
dbpedia_4577,sales_3910,1.0
dbpedia_51990,sales_356,1.0
dbpedia_10518,sales_3042,1.0
dbpedia_42389,sales_529,1.0
dbpedia_48187,sales_3302,1.0
dbpedia_30580,sales_1363,1.0
dbpedia_29162,sales_5298,1.0
dbpedia_4127,sales_24,1.0
dbpedia_40182,sales_6286,1.0
dbpedia_1804,sales_4432,1.0
dbpedia_18156,sales_1745,1.0
dbpedia_18625,sales_3265,1.0
dbpedia_52683,sales_7745,1.0
dbpedia_3907,sales_9,1.0
dbpedia_55091,sales_4984,1.0
dbpedia_6197,sales_5502,1.0
dbpedia_63275,sales_401,1.0
dbpedia_5715,sales_2522,1.0
dbpedia_19504,sales_1062,1.0
dbpedia_35945,sales_5295,1.0
dbpedia_17613,sales_1908,1.0
dbpedia_377,sales_4877,1.0
dbpedia_42042,sales_212,1.0
dbpedia_17722,sales_6827,1.0
dbpedia_37298,sales_7390,1.0
dbpedia_18877,sales_322,1.0
dbpedia_4485,sales_2496,1.0
dbpedia_51434,sales_5928,1.0
dbpedia_5828,sales_5812,1.0
dbpedia_40851,sales_2223,1.0
dbpedia_15347,sales_771,1.0
dbpedia_1559,sales_255,1.0
dbpedia_37409,sales_5001,1.0
dbpedia_24527,sales_3219,0.9972340425531914
dbpedia_24096,sales_7632,1.0
dbpedia_12836,sales_3410,1.0
dbpedia_26462,sales_4602,1.0
dbpedia_872,sales_4111,1.0
dbpedia_10296,sales_1900,1.0
dbpedia_3518,sales_2251,1.0
dbpedia_6590,sales_5137,1.0
dbpedia_10275,sales_4595,1.0
dbpedia_32335,sales_3077,1.0
dbpedia_24252,sales_2359,1.0
dbpedia_27712,sales_1189,1.0
dbpedia_15750,sales_3771,1.0
dbpedia_23086,sales_2423,1.0
dbpedia_61484,sales_2580,1.0
dbpedia_36978,sales_1892,1.0
dbpedia_23459,sales_5982,1.0
dbpedia_3692,sales_7763,1.0
dbpedia_28230,sales_5541,1.0
dbpedia_10650,sales_5754,1.0
dbpedia_60660,sales_901,1.0
dbpedia_31132,sales_2214,1.0
dbpedia_57567,sales_3837,1.0
dbpedia_62846,sales_1050,1.0
dbpedia_23780,sales_752,1.0
dbpedia_74,sales_7414,1.0
dbpedia_17353,sales_6391,1.0
dbpedia_56706,sales_2440,1.0
dbpedia_20133,sales_1155,1.0
dbpedia_25955,sales_7665,1.0
dbpedia_62940,sales_759,1.0
dbpedia_60274,sales_7343,1.0
dbpedia_33644,sales_6336,1.0
dbpedia_3432,sales_842,1.0
dbpedia_36582,sales_3209,1.0
dbpedia_9070,sales_1594,1.0
dbpedia_41817,sales_961,1.0
dbpedia_34006,sales_6324,1.0
dbpedia_18363,sales_2102,1.0
dbpedia_41935,sales_1483,1.0
dbpedia_3079,sales_2659,1.0
dbpedia_46088,sales_6124,1.0
dbpedia_40967,sales_747,1.0
dbpedia_23244,sales_1160,1.0
dbpedia_38345,sales_7593,1.0
dbpedia_15350,sales_5337,1.0
dbpedia_51577,sales_1008,1.0
dbpedia_59314,sales_7553,1.0
dbpedia_10212,sales_2951,1.0
dbpedia_26892,sales_3507,1.0
dbpedia_27448,sales_6196,1.0
dbpedia_517,sales_1798,1.0
dbpedia_5945,sales_2374,1.0
dbpedia_62353,sales_3515,1.0
dbpedia_4014,sales_811,1.0
dbpedia_40433,sales_6648,1.0
dbpedia_16149,sales_1677,1.0
dbpedia_20379,sales_7533,1.0
dbpedia_14894,sales_3352,1.0
dbpedia_35854,sales_4008,1.0
dbpedia_21952,sales_445,1.0
dbpedia_40557,sales_6099,1.0
dbpedia_5347,sales_4349,1.0
dbpedia_10113,sales_681,1.0
dbpedia_404,sales_1851,1.0
dbpedia_39341,sales_6260,1.0
dbpedia_12434,sales_6274,1.0
dbpedia_54663,sales_6916,1.0
dbpedia_19846,sales_653,1.0
dbpedia_34741,sales_4194,1.0
dbpedia_42097,sales_1013,1.0
dbpedia_16923,sales_6007,1.0
dbpedia_38214,sales_6855,1.0
dbpedia_16752,sales_803,1.0
dbpedia_57443,sales_2145,1.0
dbpedia_6632,sales_4578,1.0
dbpedia_22957,sales_794,1.0
dbpedia_43093,sales_7374,1.0
dbpedia_50100,sales_1880,1.0
dbpedia_51364,sales_1032,1.0
dbpedia_32246,sales_781,1.0
dbpedia_1535,sales_5537,1.0
dbpedia_12784,sales_4245,1.0
dbpedia_11575,sales_3116,1.0
dbpedia_20201,sales_5164,1.0
dbpedia_54265,sales_5393,1.0
dbpedia_28370,sales_624,1.0
dbpedia_42417,sales_1058,1.0
dbpedia_55165,sales_4485,1.0
dbpedia_42432,sales_337,1.0
dbpedia_37917,sales_47,1.0
dbpedia_52453,sales_3151,1.0
dbpedia_3059,sales_882,1.0
dbpedia_50263,sales_3747,1.0
dbpedia_17040,sales_1240,1.0
dbpedia_30710,sales_608,1.0
dbpedia_30404,sales_4403,1.0
dbpedia_16940,sales_6472,1.0
dbpedia_13063,sales_1924,1.0
dbpedia_44055,sales_1139,1.0
dbpedia_8614,sales_2184,1.0
dbpedia_17511,sales_3884,1.0
dbpedia_58155,sales_3336,1.0
dbpedia_26180,sales_2554,1.0
dbpedia_29895,sales_3963,1.0
dbpedia_25124,sales_1348,1.0
dbpedia_6514,sales_1541,1.0
dbpedia_62860,sales_1491,1.0
dbpedia_56562,sales_3773,1.0
dbpedia_34270,sales_2710,1.0
dbpedia_32495,sales_2436,1.0
dbpedia_36476,sales_306,1.0
dbpedia_37171,sales_3029,1.0
dbpedia_5877,sales_2778,1.0
dbpedia_21018,sales_6406,1.0
dbpedia_13204,sales_1620,1.0
dbpedia_31106,sales_7142,1.0
dbpedia_32964,sales_344,1.0
dbpedia_30345,sales_920,1.0
dbpedia_11226,sales_4498,1.0
dbpedia_53563,sales_4531,1.0
dbpedia_51751,sales_7043,1.0
dbpedia_9050,sales_223,1.0
dbpedia_29557,sales_1958,1.0
dbpedia_31384,sales_3132,1.0
dbpedia_53946,sales_1413,1.0
dbpedia_4432,sales_3536,1.0
dbpedia_51689,sales_3217,1.0
dbpedia_15997,sales_918,1.0
dbpedia_54025,sales_763,1.0
dbpedia_51544,sales_1636,1.0
dbpedia_41,sales_1896,1.0
dbpedia_20188,sales_1669,1.0
dbpedia_32235,sales_665,1.0
dbpedia_20938,sales_1210,1.0
dbpedia_13233,sales_2444,1.0
dbpedia_60488,sales_2742,1.0
dbpedia_30245,sales_4424,1.0
dbpedia_16690,sales_6483,1.0
dbpedia_13329,sales_1009,1.0
dbpedia_22334,sales_6213,1.0
dbpedia_28759,sales_3888,1.0
dbpedia_1701,sales_2759,1.0
dbpedia_10179,sales_814,1.0
dbpedia_23520,sales_1826,1.0
dbpedia_49474,sales_4502,1.0
dbpedia_35726,sales_5448,1.0
dbpedia_39944,sales_1043,1.0
dbpedia_21319,sales_359,1.0
dbpedia_53015,sales_4936,1.0
dbpedia_16236,sales_2565,1.0
dbpedia_49171,sales_2287,1.0
dbpedia_15017,sales_799,1.0
dbpedia_25397,sales_1472,1.0
dbpedia_29953,sales_6091,1.0
dbpedia_42150,sales_376,1.0
dbpedia_45130,sales_1987,1.0
dbpedia_62644,sales_1424,1.0
dbpedia_55688,sales_1102,1.0
dbpedia_51004,sales_1401,1.0
dbpedia_42388,sales_1593,1.0
dbpedia_10733,sales_4592,1.0
dbpedia_11592,sales_4629,1.0
dbpedia_59894,sales_4626,1.0
dbpedia_59339,sales_2020,1.0
dbpedia_4440,sales_1602,1.0
dbpedia_4780,sales_349,1.0
dbpedia_9340,sales_3140,1.0
dbpedia_56438,sales_3851,1.0
dbpedia_48711,sales_2879,1.0
dbpedia_29517,sales_994,1.0
dbpedia_47979,sales_287,1.0
dbpedia_24342,sales_269,1.0
dbpedia_28149,sales_4125,1.0
dbpedia_29556,sales_4679,1.0
dbpedia_52479,sales_48,1.0
dbpedia_2790,sales_2664,1.0
dbpedia_6592,sales_2495,1.0
dbpedia_59289,sales_6866,1.0
dbpedia_33673,sales_3367,1.0
dbpedia_60879,sales_1814,1.0
dbpedia_7673,sales_6839,1.0
dbpedia_2910,sales_2952,1.0
dbpedia_40382,sales_2729,1.0
dbpedia_25001,sales_1613,1.0
dbpedia_37534,sales_3020,1.0
dbpedia_19713,sales_6182,1.0
dbpedia_3974,sales_2443,1.0
dbpedia_59490,sales_1216,1.0
dbpedia_54352,sales_1042,1.0
dbpedia_22298,sales_6328,1.0
dbpedia_9136,sales_1111,1.0
dbpedia_30787,sales_1456,1.0
dbpedia_31931,sales_4978,1.0
dbpedia_9527,sales_3782,1.0
dbpedia_37767,sales_2982,1.0
dbpedia_2606,sales_2573,1.0
dbpedia_30688,sales_6888,1.0
dbpedia_58762,sales_2027,1.0
dbpedia_20468,sales_4569,1.0
dbpedia_42203,sales_7234,1.0
dbpedia_8975,sales_1314,1.0
dbpedia_3493,sales_1703,1.0
dbpedia_25057,sales_4913,1.0
dbpedia_16660,sales_4829,1.0
dbpedia_46604,sales_17,1.0
dbpedia_34446,sales_3996,1.0
dbpedia_13064,sales_2529,1.0
dbpedia_12395,sales_2282,1.0
dbpedia_58131,sales_1651,1.0
dbpedia_55098,sales_6817,1.0
dbpedia_35240,sales_5305,1.0
dbpedia_56705,sales_6799,1.0
dbpedia_3537,sales_7667,1.0
dbpedia_42238,sales_7575,1.0
dbpedia_23930,sales_410,1.0
dbpedia_42934,sales_5549,1.0
dbpedia_8255,sales_4091,1.0
dbpedia_60702,sales_3079,1.0
dbpedia_36031,sales_3905,1.0
dbpedia_52225,sales_854,1.0
dbpedia_18140,sales_2513,1.0
dbpedia_44327,sales_7408,1.0
dbpedia_10177,sales_5914,1.0
dbpedia_51531,sales_2832,1.0
dbpedia_25088,sales_2205,1.0
dbpedia_11402,sales_4488,1.0
dbpedia_20250,sales_2614,1.0
dbpedia_59183,sales_3565,1.0
dbpedia_32421,sales_3620,1.0
dbpedia_15008,sales_6368,1.0
dbpedia_44423,sales_2335,1.0
dbpedia_20196,sales_4750,1.0
dbpedia_45228,sales_1187,1.0
dbpedia_31672,sales_2699,1.0
dbpedia_12617,sales_3533,1.0
dbpedia_64064,sales_3971,1.0
dbpedia_42162,sales_1697,1.0
dbpedia_3631,sales_3570,1.0
dbpedia_36683,sales_6629,1.0
dbpedia_31174,sales_4366,1.0
dbpedia_54069,sales_1587,1.0
dbpedia_54285,sales_5322,1.0
dbpedia_59882,sales_1288,1.0
dbpedia_40699,sales_6841,1.0
dbpedia_61926,sales_6297,1.0
dbpedia_9655,sales_3300,1.0
dbpedia_10366,sales_214,1.0
dbpedia_21608,sales_193,1.0
dbpedia_5654,sales_2286,1.0
dbpedia_49403,sales_2930,1.0
dbpedia_58983,sales_3130,1.0
dbpedia_5845,sales_2033,1.0
dbpedia_2463,sales_3259,1.0
dbpedia_218,sales_5004,1.0
dbpedia_5186,sales_3193,1.0
dbpedia_58358,sales_955,1.0
dbpedia_15696,sales_6807,1.0
dbpedia_30800,sales_566,1.0
dbpedia_53216,sales_3725,1.0
dbpedia_60293,sales_3901,1.0
dbpedia_38521,sales_6238,1.0
dbpedia_38072,sales_879,1.0
dbpedia_62801,sales_7229,1.0
dbpedia_18717,sales_1181,1.0
dbpedia_28103,sales_2434,1.0
dbpedia_20276,sales_348,1.0
dbpedia_13224,sales_5244,1.0
dbpedia_29336,sales_6094,1.0
dbpedia_10140,sales_6168,1.0
dbpedia_41240,sales_538,1.0
dbpedia_2243,sales_5778,1.0
dbpedia_63204,sales_4609,1.0
dbpedia_10586,sales_347,1.0
dbpedia_20602,sales_3786,1.0
dbpedia_26042,sales_2970,1.0
dbpedia_27773,sales_4353,1.0
dbpedia_2956,sales_1183,1.0
dbpedia_45718,sales_716,1.0
dbpedia_26851,sales_4904,1.0
dbpedia_8834,sales_3498,1.0
dbpedia_17044,sales_3129,1.0
dbpedia_22933,sales_2518,1.0
dbpedia_14434,sales_530,1.0
dbpedia_52650,sales_160,1.0
dbpedia_64279,sales_1245,1.0
dbpedia_34762,sales_79,1.0
dbpedia_26348,sales_5347,1.0
dbpedia_17557,sales_1112,1.0
dbpedia_7516,sales_1073,1.0
dbpedia_8200,sales_1888,1.0
dbpedia_52787,sales_805,1.0
dbpedia_17762,sales_1603,1.0
dbpedia_1056,sales_1846,1.0
dbpedia_26302,sales_5397,1.0
dbpedia_7847,sales_219,1.0
dbpedia_15430,sales_2770,1.0
dbpedia_25606,sales_1701,1.0
dbpedia_50634,sales_4114,1.0
dbpedia_52888,sales_5411,1.0
dbpedia_23966,sales_6695,1.0
dbpedia_16126,sales_2547,1.0
dbpedia_19443,sales_2622,1.0
dbpedia_21231,sales_7485,1.0
dbpedia_59143,sales_5151,1.0
dbpedia_5954,sales_3431,1.0
dbpedia_48803,sales_2867,1.0
dbpedia_50572,sales_4238,1.0
dbpedia_6378,sales_1679,1.0
dbpedia_21746,sales_914,1.0
dbpedia_45947,sales_2706,1.0
dbpedia_42868,sales_2388,1.0
dbpedia_51984,sales_5625,1.0
dbpedia_15383,sales_1529,1.0
dbpedia_13321,sales_3426,1.0
dbpedia_63356,sales_1700,1.0
dbpedia_55721,sales_3679,1.0
dbpedia_17815,sales_558,1.0
dbpedia_43515,sales_5348,1.0
dbpedia_33636,sales_1714,1.0
dbpedia_16399,sales_5442,1.0
dbpedia_15813,sales_4704,1.0
dbpedia_62039,sales_6227,1.0
dbpedia_54132,sales_4719,1.0
dbpedia_22502,sales_903,1.0
dbpedia_49851,sales_1268,1.0
dbpedia_50028,sales_238,1.0
dbpedia_26725,sales_2094,1.0
dbpedia_40031,sales_45,1.0
dbpedia_3590,sales_2075,1.0
dbpedia_25887,sales_6084,1.0
dbpedia_54086,sales_4471,1.0
dbpedia_12523,sales_5500,1.0
dbpedia_15858,sales_2996,1.0
dbpedia_57495,sales_4873,1.0
dbpedia_11303,sales_2204,1.0
dbpedia_27238,sales_5465,1.0
dbpedia_61538,sales_483,1.0
dbpedia_54088,sales_761,1.0
dbpedia_29252,sales_1680,1.0
dbpedia_25775,sales_1969,1.0
dbpedia_1231,sales_4495,1.0
dbpedia_58056,sales_874,1.0
dbpedia_29841,sales_2737,1.0
dbpedia_8999,sales_4108,1.0
dbpedia_17158,sales_5455,1.0
dbpedia_40043,sales_5067,1.0
dbpedia_29589,sales_6242,1.0
dbpedia_5898,sales_5850,1.0
dbpedia_41725,sales_379,1.0
dbpedia_38004,sales_2955,1.0
dbpedia_19381,sales_4852,1.0
dbpedia_30873,sales_5473,1.0
dbpedia_29408,sales_2612,1.0
dbpedia_27348,sales_2506,1.0
dbpedia_10557,sales_1243,1.0
dbpedia_40436,sales_7743,1.0
dbpedia_7581,sales_97,1.0
dbpedia_16108,sales_1237,1.0
dbpedia_31895,sales_5961,1.0
dbpedia_12462,sales_291,1.0
dbpedia_10888,sales_3834,1.0
dbpedia_64833,sales_5871,1.0
dbpedia_7412,sales_362,0.9972340425531914
dbpedia_13292,sales_3592,0.9972340425531914
dbpedia_21281,sales_4833,1.0
dbpedia_19946,sales_4041,1.0
dbpedia_9541,sales_155,1.0
dbpedia_531,sales_355,1.0
dbpedia_17565,sales_4278,1.0
dbpedia_5873,sales_6914,1.0
dbpedia_5968,sales_6582,1.0
dbpedia_26164,sales_5545,1.0
dbpedia_44393,sales_932,1.0
dbpedia_54142,sales_5050,1.0
dbpedia_60775,sales_7020,1.0
dbpedia_47775,sales_5431,1.0
dbpedia_54112,sales_1462,1.0
dbpedia_19498,sales_5307,1.0
dbpedia_43665,sales_626,1.0
dbpedia_22856,sales_5498,1.0
dbpedia_10403,sales_6731,1.0
dbpedia_732,sales_5904,1.0
dbpedia_41668,sales_251,1.0
dbpedia_34393,sales_87,1.0
dbpedia_3146,sales_828,1.0
dbpedia_16258,sales_6054,1.0
dbpedia_17407,sales_944,1.0
dbpedia_31093,sales_1630,1.0
dbpedia_55079,sales_500,1.0
dbpedia_18280,sales_39,1.0
dbpedia_38953,sales_271,1.0
dbpedia_23257,sales_3371,1.0
dbpedia_40856,sales_2790,1.0
dbpedia_4993,sales_884,1.0
dbpedia_45456,sales_7695,1.0
dbpedia_4041,sales_7706,1.0
dbpedia_3418,sales_7405,1.0
dbpedia_12037,sales_5527,1.0
dbpedia_34715,sales_2093,1.0
dbpedia_49026,sales_3988,1.0
dbpedia_5745,sales_2604,1.0
dbpedia_6534,sales_5352,1.0
dbpedia_10946,sales_5326,1.0
dbpedia_2147,sales_2797,1.0
dbpedia_57475,sales_1868,1.0
dbpedia_19076,sales_5567,1.0
dbpedia_61258,sales_420,1.0
dbpedia_17472,sales_2621,1.0
dbpedia_2072,sales_6228,1.0
dbpedia_57362,sales_5461,1.0
dbpedia_23672,sales_2079,1.0
dbpedia_6034,sales_3306,1.0
dbpedia_39397,sales_672,1.0
dbpedia_45941,sales_6780,1.0
dbpedia_26979,sales_4778,1.0
dbpedia_25238,sales_534,1.0
dbpedia_49480,sales_1094,1.0
dbpedia_15564,sales_2231,1.0
dbpedia_21610,sales_4345,1.0
dbpedia_28619,sales_5026,1.0
dbpedia_14947,sales_1791,1.0
dbpedia_62778,sales_31,1.0
dbpedia_3048,sales_5727,1.0
dbpedia_20132,sales_6628,1.0
dbpedia_25715,sales_6202,1.0
dbpedia_38676,sales_7829,1.0
dbpedia_48489,sales_6949,1.0
dbpedia_40234,sales_373,1.0
dbpedia_19285,sales_6301,1.0
dbpedia_39505,sales_4585,1.0
dbpedia_58559,sales_4190,1.0
dbpedia_29295,sales_1725,1.0
dbpedia_21574,sales_3660,1.0
dbpedia_17172,sales_965,1.0
dbpedia_22433,sales_2600,1.0
dbpedia_42332,sales_4119,1.0
dbpedia_12871,sales_2360,1.0
dbpedia_7148,sales_2010,1.0
dbpedia_47253,sales_1403,1.0
dbpedia_7150,sales_4570,1.0
dbpedia_57167,sales_4807,1.0
dbpedia_1347,sales_4915,1.0
dbpedia_34276,sales_2848,1.0
dbpedia_48112,sales_4886,1.0
dbpedia_29346,sales_2512,1.0
dbpedia_2220,sales_3738,1.0
dbpedia_24607,sales_3397,1.0
dbpedia_24289,sales_4891,1.0
dbpedia_22846,sales_4562,1.0
dbpedia_40337,sales_3947,1.0
dbpedia_20950,sales_1376,1.0
dbpedia_27371,sales_2035,1.0
dbpedia_23730,sales_6139,1.0
dbpedia_26265,sales_4421,1.0
dbpedia_5058,sales_7196,1.0
dbpedia_6077,sales_2294,1.0
dbpedia_29238,sales_1217,1.0
dbpedia_22649,sales_3186,1.0
dbpedia_15563,sales_4991,1.0
dbpedia_38579,sales_522,1.0
dbpedia_5679,sales_4152,1.0
dbpedia_27059,sales_3472,1.0
dbpedia_59121,sales_5211,1.0
dbpedia_47136,sales_353,1.0
dbpedia_26059,sales_2006,1.0
dbpedia_44200,sales_6885,1.0
dbpedia_32961,sales_3534,1.0
dbpedia_9542,sales_7004,1.0
dbpedia_1660,sales_3524,1.0
dbpedia_15050,sales_4379,1.0
dbpedia_28685,sales_1071,1.0
dbpedia_10458,sales_3167,1.0
dbpedia_51979,sales_3991,1.0
dbpedia_46701,sales_5190,1.0
dbpedia_2453,sales_737,1.0
dbpedia_13921,sales_662,1.0
dbpedia_52396,sales_21,1.0
dbpedia_55292,sales_599,1.0
dbpedia_18325,sales_5565,1.0
dbpedia_39173,sales_4603,1.0
dbpedia_39732,sales_6425,1.0
dbpedia_5,sales_2555,1.0
dbpedia_14604,sales_881,1.0
dbpedia_37486,sales_4297,1.0
dbpedia_7448,sales_4457,1.0
dbpedia_46279,sales_6290,1.0
dbpedia_1903,sales_2810,1.0
dbpedia_40520,sales_165,1.0
dbpedia_757,sales_51,1.0
dbpedia_724,sales_4468,1.0
dbpedia_51444,sales_3035,1.0
dbpedia_6422,sales_4283,1.0
dbpedia_1060,sales_810,1.0
dbpedia_60899,sales_27,1.0
dbpedia_44029,sales_3849,1.0
dbpedia_17164,sales_2347,1.0
dbpedia_14803,sales_6413,1.0
dbpedia_8744,sales_1622,1.0
dbpedia_9553,sales_6317,1.0
dbpedia_9131,sales_5851,1.0
dbpedia_31666,sales_121,1.0
dbpedia_905,sales_1832,1.0
dbpedia_27460,sales_5835,1.0
dbpedia_44881,sales_6798,1.0
dbpedia_13304,sales_6015,1.0
dbpedia_22016,sales_4183,1.0
dbpedia_48519,sales_897,1.0
dbpedia_677,sales_6375,1.0
dbpedia_37489,sales_441,1.0
dbpedia_26044,sales_2348,1.0
dbpedia_61967,sales_3463,1.0
dbpedia_47519,sales_5185,1.0
dbpedia_47913,sales_3439,1.0
dbpedia_38172,sales_4612,1.0
dbpedia_25981,sales_684,1.0
dbpedia_63522,sales_503,1.0
dbpedia_37466,sales_452,1.0
dbpedia_6024,sales_5888,1.0
dbpedia_60214,sales_4230,1.0
dbpedia_56868,sales_1038,1.0
dbpedia_60141,sales_6520,1.0
dbpedia_39032,sales_4496,1.0
dbpedia_63284,sales_5752,1.0
dbpedia_79,sales_3293,1.0
dbpedia_12730,sales_3688,1.0
dbpedia_3024,sales_2761,1.0
dbpedia_10526,sales_2811,1.0
dbpedia_25053,sales_6071,1.0
dbpedia_21106,sales_1156,1.0
dbpedia_17171,sales_2826,1.0
dbpedia_9004,sales_1325,1.0
dbpedia_28984,sales_6449,1.0
dbpedia_14753,sales_5376,1.0
dbpedia_28474,sales_4804,1.0
dbpedia_63644,sales_7038,1.0
dbpedia_22604,sales_1150,1.0
dbpedia_51423,sales_3031,1.0
dbpedia_35349,sales_3394,1.0
dbpedia_51010,sales_612,1.0
dbpedia_24591,sales_3864,1.0
dbpedia_43130,sales_5520,1.0
dbpedia_9919,sales_5715,1.0
dbpedia_7640,sales_7735,1.0
dbpedia_9342,sales_3883,1.0
dbpedia_52356,sales_1591,1.0
dbpedia_9917,sales_2173,1.0
dbpedia_34869,sales_4012,1.0
dbpedia_59100,sales_1093,1.0
dbpedia_39350,sales_3016,1.0
dbpedia_17358,sales_1396,1.0
dbpedia_54762,sales_3916,1.0
dbpedia_40881,sales_1898,1.0
dbpedia_40453,sales_7393,1.0
dbpedia_8460,sales_2896,1.0
dbpedia_40157,sales_93,1.0
dbpedia_2493,sales_6774,1.0
dbpedia_5002,sales_6278,1.0
dbpedia_15369,sales_2833,1.0
dbpedia_32969,sales_3453,1.0
dbpedia_13691,sales_4128,1.0
dbpedia_1125,sales_3158,1.0
dbpedia_20159,sales_6450,1.0
dbpedia_52164,sales_7595,1.0
dbpedia_48200,sales_3272,1.0
dbpedia_13479,sales_6972,1.0
dbpedia_3373,sales_2448,1.0
dbpedia_38151,sales_1858,1.0
dbpedia_33729,sales_2463,1.0
dbpedia_55315,sales_1235,1.0
dbpedia_53797,sales_3892,1.0
dbpedia_48521,sales_7534,1.0
dbpedia_60606,sales_2736,1.0
dbpedia_9139,sales_4298,1.0
dbpedia_48251,sales_7436,1.0
dbpedia_55185,sales_2304,1.0
dbpedia_47523,sales_5293,1.0
dbpedia_58552,sales_3413,1.0
dbpedia_41008,sales_103,1.0
dbpedia_6929,sales_3128,1.0
dbpedia_1135,sales_6911,1.0
dbpedia_56908,sales_137,1.0
dbpedia_1471,sales_616,1.0
dbpedia_22803,sales_695,1.0
dbpedia_30762,sales_472,1.0
dbpedia_51172,sales_1893,1.0
dbpedia_11236,sales_644,1.0
dbpedia_42697,sales_3823,1.0
dbpedia_42520,sales_3645,1.0
dbpedia_23399,sales_4459,1.0
dbpedia_11879,sales_218,1.0
dbpedia_51077,sales_1500,1.0
dbpedia_8691,sales_3465,1.0
dbpedia_25943,sales_5944,1.0
dbpedia_40500,sales_1259,1.0
dbpedia_51486,sales_7637,1.0
dbpedia_17582,sales_2066,1.0
dbpedia_42715,sales_3090,1.0
dbpedia_39218,sales_1605,1.0
dbpedia_18166,sales_436,1.0
dbpedia_63258,sales_4301,1.0
dbpedia_3445,sales_804,1.0
dbpedia_1787,sales_2884,1.0
dbpedia_48541,sales_1727,1.0
dbpedia_20121,sales_1631,1.0
dbpedia_62350,sales_4110,1.0
dbpedia_19538,sales_7842,1.0
dbpedia_13111,sales_3403,1.0
dbpedia_354,sales_2548,1.0
dbpedia_25835,sales_5917,1.0
dbpedia_12619,sales_5497,1.0
dbpedia_25703,sales_5374,1.0
dbpedia_20635,sales_3436,1.0
dbpedia_22057,sales_5039,1.0
dbpedia_47111,sales_1362,1.0
dbpedia_51114,sales_2227,1.0
dbpedia_34939,sales_808,1.0
dbpedia_22929,sales_1561,1.0
dbpedia_58590,sales_3783,1.0
dbpedia_14639,sales_1249,1.0
dbpedia_6029,sales_1623,1.0
dbpedia_23230,sales_5128,1.0
dbpedia_28597,sales_3877,1.0
dbpedia_7756,sales_3587,1.0
dbpedia_56996,sales_5810,1.0
dbpedia_51671,sales_1406,1.0
dbpedia_20613,sales_7469,1.0
dbpedia_50238,sales_836,1.0
dbpedia_55590,sales_7547,1.0
dbpedia_43789,sales_2746,1.0
dbpedia_10091,sales_5153,1.0
dbpedia_24294,sales_5123,1.0
dbpedia_45478,sales_6551,1.0
dbpedia_49374,sales_4890,1.0
dbpedia_43112,sales_1569,1.0
dbpedia_51885,sales_3274,1.0
dbpedia_35107,sales_179,1.0
dbpedia_43545,sales_6019,1.0
dbpedia_57410,sales_740,1.0
dbpedia_20533,sales_4310,1.0
dbpedia_31956,sales_431,1.0
dbpedia_57790,sales_1689,1.0
dbpedia_5136,sales_491,1.0
dbpedia_11441,sales_1626,1.0
dbpedia_31939,sales_6017,1.0
dbpedia_13159,sales_3340,1.0
dbpedia_54439,sales_4754,1.0
dbpedia_1916,sales_2333,1.0
dbpedia_9513,sales_2629,1.0
dbpedia_53693,sales_2856,1.0
dbpedia_30328,sales_2086,1.0
dbpedia_19820,sales_84,1.0
dbpedia_39616,sales_595,1.0
dbpedia_1482,sales_4386,1.0
dbpedia_37356,sales_7435,1.0
dbpedia_52097,sales_394,1.0
dbpedia_29335,sales_20,1.0
dbpedia_40415,sales_3580,1.0
dbpedia_22785,sales_1299,1.0
dbpedia_18496,sales_733,1.0
dbpedia_63491,sales_5516,1.0
dbpedia_64344,sales_2504,1.0
dbpedia_5741,sales_649,1.0
dbpedia_43790,sales_1439,1.0
dbpedia_2715,sales_2969,1.0
dbpedia_19142,sales_4776,1.0
dbpedia_35348,sales_2447,1.0
dbpedia_51762,sales_3641,1.0
dbpedia_38663,sales_7041,1.0
dbpedia_20956,sales_4823,1.0
dbpedia_2375,sales_2774,1.0
dbpedia_57894,sales_4463,1.0
dbpedia_4885,sales_4023,1.0
dbpedia_47829,sales_3202,1.0
dbpedia_21473,sales_5642,1.0
dbpedia_54050,sales_4274,1.0
dbpedia_16596,sales_6973,1.0
dbpedia_10427,sales_4315,1.0
dbpedia_63156,sales_3742,1.0
dbpedia_17097,sales_1361,1.0
dbpedia_21447,sales_2858,1.0
dbpedia_48543,sales_5859,1.0
dbpedia_7562,sales_5798,1.0
dbpedia_14263,sales_7447,1.0
dbpedia_13929,sales_3316,1.0
dbpedia_18028,sales_3061,1.0
dbpedia_17169,sales_1383,1.0
dbpedia_21289,sales_543,1.0
dbpedia_6587,sales_3669,1.0
dbpedia_54391,sales_5695,1.0
dbpedia_23712,sales_6116,1.0
dbpedia_8269,sales_5948,1.0
dbpedia_39775,sales_6102,1.0
dbpedia_32270,sales_4894,1.0
dbpedia_28811,sales_2791,1.0
dbpedia_5680,sales_4801,1.0
dbpedia_22345,sales_1833,1.0
dbpedia_11234,sales_7412,1.0
dbpedia_19215,sales_739,1.0
dbpedia_13465,sales_3960,1.0
dbpedia_16737,sales_3392,1.0
dbpedia_13355,sales_2040,1.0
dbpedia_64761,sales_7427,1.0
dbpedia_60681,sales_5988,1.0
dbpedia_35222,sales_2176,1.0
dbpedia_208,sales_7109,1.0
dbpedia_57079,sales_6549,1.0
dbpedia_53763,sales_4422,1.0
dbpedia_45934,sales_5867,1.0
dbpedia_2816,sales_2076,1.0
dbpedia_53680,sales_531,1.0
dbpedia_14347,sales_5107,1.0
dbpedia_45297,sales_2800,1.0
dbpedia_149,sales_6218,1.0
dbpedia_5775,sales_3827,1.0
dbpedia_61027,sales_3944,1.0
dbpedia_26408,sales_3920,1.0
dbpedia_7920,sales_2993,1.0
dbpedia_15505,sales_682,1.0
dbpedia_15289,sales_2843,1.0
dbpedia_60649,sales_600,1.0
dbpedia_17295,sales_2637,1.0
dbpedia_34339,sales_5142,1.0
dbpedia_27279,sales_2592,1.0
dbpedia_51747,sales_6889,1.0
dbpedia_1944,sales_2437,1.0
dbpedia_49562,sales_4869,1.0
dbpedia_18023,sales_4445,1.0
dbpedia_25321,sales_3485,1.0
dbpedia_51831,sales_5386,1.0
dbpedia_14697,sales_3974,1.0
dbpedia_52440,sales_105,1.0
dbpedia_15336,sales_6319,1.0
dbpedia_13831,sales_976,1.0
dbpedia_14990,sales_5517,1.0
dbpedia_26560,sales_6698,1.0
dbpedia_54856,sales_3480,1.0
dbpedia_29353,sales_3109,1.0
dbpedia_13833,sales_6652,1.0
dbpedia_49891,sales_1879,0.9972340425531914
dbpedia_29537,sales_3782,1.0
dbpedia_46025,sales_2259,1.0
dbpedia_8067,sales_1054,1.0
dbpedia_63061,sales_1379,1.0
dbpedia_64130,sales_7316,1.0
dbpedia_32600,sales_6969,1.0
dbpedia_40227,sales_4379,1.0
dbpedia_15986,sales_5931,0.9324880566813144
dbpedia_24826,sales_4008,1.0
dbpedia_21385,sales_6185,1.0
dbpedia_1714,sales_4222,0.9512424244377576
dbpedia_13770,sales_142,1.0
dbpedia_31474,sales_1100,1.0
dbpedia_2794,sales_2976,1.0
dbpedia_47885,sales_4817,1.0
dbpedia_27028,sales_3009,1.0
dbpedia_42386,sales_7140,1.0
dbpedia_29156,sales_6565,1.0
dbpedia_5593,sales_2016,1.0
dbpedia_21176,sales_6854,1.0
dbpedia_10801,sales_5977,1.0
dbpedia_22210,sales_1301,1.0
dbpedia_40807,sales_1415,1.0
dbpedia_20490,sales_2851,1.0
dbpedia_2587,sales_1174,1.0
dbpedia_52556,sales_6419,1.0
dbpedia_20374,sales_6977,1.0
dbpedia_5653,sales_4727,1.0
dbpedia_30433,sales_1610,1.0
dbpedia_22429,sales_1372,1.0
dbpedia_9732,sales_1907,0.9972340425531914
dbpedia_36384,sales_7397,1.0
dbpedia_11452,sales_5442,1.0
dbpedia_50297,sales_4967,1.0
dbpedia_37919,sales_2380,1.0
dbpedia_12595,sales_2596,1.0
dbpedia_2640,sales_2926,1.0
dbpedia_13631,sales_4706,1.0
dbpedia_52846,sales_6450,1.0
dbpedia_12445,sales_7329,1.0
dbpedia_7028,sales_4151,1.0
dbpedia_42053,sales_3022,1.0
dbpedia_1574,sales_290,1.0
dbpedia_8998,sales_1787,1.0
dbpedia_53410,sales_2622,1.0
dbpedia_10256,sales_4656,1.0
dbpedia_45142,sales_1988,1.0
dbpedia_33752,sales_7370,1.0
dbpedia_16413,sales_7192,1.0
dbpedia_51130,sales_192,1.0
dbpedia_45213,sales_4142,1.0
dbpedia_17972,sales_2466,1.0
dbpedia_30706,sales_6922,1.0
dbpedia_46574,sales_3682,1.0
dbpedia_6512,sales_6397,1.0
dbpedia_1743,sales_6323,1.0
dbpedia_4493,sales_6781,1.0
dbpedia_24005,sales_3723,1.0
dbpedia_45628,sales_5649,1.0
dbpedia_35029,sales_5512,1.0
dbpedia_31269,sales_5812,1.0
dbpedia_20249,sales_4014,1.0
dbpedia_11670,sales_4130,1.0
dbpedia_44606,sales_4736,1.0
dbpedia_60088,sales_1780,1.0
dbpedia_1107,sales_117,1.0
dbpedia_18429,sales_2305,1.0
dbpedia_27506,sales_6520,1.0
dbpedia_2381,sales_1130,1.0
dbpedia_57095,sales_5308,1.0
dbpedia_12575,sales_7201,1.0
dbpedia_37747,sales_4308,1.0
dbpedia_25825,sales_5120,1.0
dbpedia_57077,sales_5787,1.0
dbpedia_34451,sales_6690,1.0
dbpedia_60398,sales_1354,1.0
dbpedia_18666,sales_6891,1.0
dbpedia_21075,sales_6359,1.0
dbpedia_4776,sales_3509,1.0
dbpedia_41899,sales_2652,0.9738138151718598
dbpedia_8356,sales_6849,1.0
dbpedia_8597,sales_2250,1.0
dbpedia_29161,sales_2876,1.0
dbpedia_4079,sales_5870,1.0
dbpedia_17118,sales_5176,1.0
dbpedia_8544,sales_2835,1.0
dbpedia_22873,sales_5450,0.9637145174320312
dbpedia_7001,sales_3443,1.0
dbpedia_2127,sales_6942,1.0
dbpedia_53224,sales_4941,1.0
dbpedia_57416,sales_5383,1.0
dbpedia_14385,sales_4544,1.0
dbpedia_5153,sales_7794,1.0
dbpedia_32637,sales_4304,1.0
dbpedia_25757,sales_7080,1.0
dbpedia_20044,sales_5319,1.0
dbpedia_63196,sales_6866,1.0
dbpedia_21562,sales_1756,1.0
dbpedia_12830,sales_1185,0.9900068027210884
dbpedia_5020,sales_1574,1.0
dbpedia_40357,sales_1207,1.0
dbpedia_25671,sales_1065,1.0
dbpedia_59712,sales_1052,1.0
dbpedia_6415,sales_166,1.0
dbpedia_26503,sales_6397,1.0
dbpedia_51413,sales_2567,1.0
dbpedia_24655,sales_1056,1.0
dbpedia_28458,sales_6525,1.0
dbpedia_30379,sales_900,1.0
dbpedia_21787,sales_1767,1.0
dbpedia_17260,sales_5009,1.0
dbpedia_17841,sales_3400,1.0
dbpedia_56185,sales_1327,1.0
dbpedia_8003,sales_6088,0.99
dbpedia_17393,sales_6434,1.0
dbpedia_11266,sales_5843,1.0
dbpedia_12411,sales_5614,0.930640546618232
dbpedia_3210,sales_1867,1.0
dbpedia_28139,sales_2933,1.0
dbpedia_41013,sales_2307,0.993953488372093
dbpedia_23934,sales_1652,1.0
dbpedia_9440,sales_3638,1.0
dbpedia_19283,sales_3541,1.0
dbpedia_34106,sales_2861,1.0
dbpedia_34215,sales_4867,1.0
dbpedia_57968,sales_1182,0.9900068027210884
dbpedia_47621,sales_6218,1.0
dbpedia_7590,sales_5465,1.0
dbpedia_18944,sales_1389,0.99
dbpedia_14988,sales_3447,0.993953488372093
dbpedia_8868,sales_4757,0.9666226050184384
dbpedia_6817,sales_1667,1.0
dbpedia_16684,sales_482,1.0
dbpedia_29211,sales_3439,0.993953488372093
dbpedia_64875,sales_6874,1.0
dbpedia_19485,sales_833,1.0
dbpedia_26138,sales_3684,0.9002695035460994
dbpedia_12059,sales_1345,1.0
dbpedia_15816,sales_6429,1.0
dbpedia_15186,sales_4379,1.0
dbpedia_63983,sales_6213,1.0
dbpedia_56323,sales_5218,1.0
dbpedia_37546,sales_6218,1.0
dbpedia_52619,sales_3778,1.0
dbpedia_18444,sales_2861,1.0
dbpedia_24131,sales_6683,1.0
dbpedia_16365,sales_7064,1.0
dbpedia_54711,sales_1164,1.0
dbpedia_27335,sales_5322,1.0
dbpedia_8388,sales_4032,1.0
dbpedia_23004,sales_1977,0.9817287994743352
dbpedia_20021,sales_3160,0.9538541975919512
dbpedia_30714,sales_2087,1.0
dbpedia_8329,sales_1854,1.0
dbpedia_21147,sales_4794,1.0
dbpedia_54778,sales_4734,0.9943401360544216
dbpedia_1076,sales_3737,1.0
dbpedia_26383,sales_7734,0.903035460992908
dbpedia_56905,sales_7687,0.9638566475716298
dbpedia_10724,sales_6818,0.972900709219858
dbpedia_951,sales_5624,1.0
dbpedia_45226,sales_5460,1.0
dbpedia_13697,sales_7674,1.0
dbpedia_13348,sales_2669,1.0
dbpedia_51717,sales_5050,1.0
dbpedia_9031,sales_5751,1.0
dbpedia_20322,sales_791,0.9823528018389258
dbpedia_18292,sales_6203,0.96182539757163
dbpedia_17646,sales_6246,0.9638566475716298
dbpedia_20110,sales_6317,1.0
dbpedia_31571,sales_6450,1.0
dbpedia_16133,sales_4679,1.0
dbpedia_4190,sales_4455,1.0
dbpedia_12487,sales_1546,1.0
dbpedia_43870,sales_747,1.0
dbpedia_48464,sales_6317,1.0
dbpedia_31336,sales_275,0.9559944543215976
dbpedia_5849,sales_1910,1.0
dbpedia_16431,sales_5129,1.0
dbpedia_59147,sales_4549,1.0
dbpedia_26526,sales_6524,1.0
dbpedia_19632,sales_2640,1.0
dbpedia_44489,sales_3601,0.9760266591038004
dbpedia_61363,sales_2718,1.0
dbpedia_39513,sales_6520,1.0
dbpedia_18139,sales_432,0.9802893726397716
dbpedia_39006,sales_1551,1.0
dbpedia_5862,sales_5136,1.0
dbpedia_49549,sales_2366,1.0
dbpedia_18031,sales_4560,1.0
dbpedia_62701,sales_5541,1.0
dbpedia_23220,sales_321,1.0
dbpedia_36455,sales_2456,1.0
dbpedia_64991,sales_1737,1.0
dbpedia_62004,sales_3223,0.9886930851886208
dbpedia_10156,sales_6585,1.0
dbpedia_36186,sales_67,0.9781544735714486
dbpedia_13531,sales_950,0.9872536583540572
dbpedia_3696,sales_6289,1.0
dbpedia_63854,sales_825,0.9900068027210884
dbpedia_4083,sales_3296,1.0
dbpedia_47175,sales_4203,0.9860266591038004
dbpedia_22139,sales_991,0.9942179440683432
dbpedia_57225,sales_3717,1.0
dbpedia_35857,sales_88,1.0
dbpedia_21101,sales_872,1.0
dbpedia_22893,sales_3068,1.0
dbpedia_52634,sales_3017,1.0
dbpedia_60117,sales_3389,1.0
dbpedia_27944,sales_5594,0.9972340425531914
dbpedia_44468,sales_4941,1.0
dbpedia_35615,sales_7495,0.99
dbpedia_2565,sales_3488,1.0
dbpedia_54591,sales_1432,1.0
dbpedia_25440,sales_6182,1.0
dbpedia_64360,sales_723,1.0
dbpedia_3625,sales_4214,0.9872536583540572
dbpedia_496,sales_6205,1.0
dbpedia_5285,sales_2173,1.0
dbpedia_53752,sales_6386,0.993953488372093
dbpedia_9626,sales_3174,1.0
dbpedia_59993,sales_1614,1.0
dbpedia_43294,sales_1641,0.9800068027210884
dbpedia_33151,sales_2202,0.9786353065539112
dbpedia_49773,sales_4849,1.0
dbpedia_24645,sales_1628,0.9399479426936908
dbpedia_26000,sales_4566,0.934897680980426
dbpedia_36473,sales_5501,0.9842179440683432
dbpedia_23381,sales_3326,1.0
dbpedia_28762,sales_5817,0.99
dbpedia_31288,sales_1484,1.0
dbpedia_55477,sales_5350,0.972900709219858
dbpedia_64071,sales_3534,0.993953488372093
dbpedia_36931,sales_2885,1.0
dbpedia_33267,sales_3149,1.0
dbpedia_56255,sales_1155,1.0
dbpedia_52774,sales_1253,0.9097688602064684
dbpedia_20897,sales_688,1.0
dbpedia_54100,sales_6572,1.0
dbpedia_19104,sales_1099,0.9772340425531914
dbpedia_25414,sales_2102,1.0
dbpedia_39508,sales_6044,1.0
dbpedia_42626,sales_1471,1.0
dbpedia_49618,sales_366,1.0
dbpedia_12044,sales_996,0.9786353065539112
dbpedia_32778,sales_4332,1.0
dbpedia_54955,sales_3348,1.0
dbpedia_11297,sales_3062,0.9900068027210884
dbpedia_32033,sales_4944,1.0
dbpedia_28195,sales_4315,1.0
dbpedia_19275,sales_3365,1.0
dbpedia_62970,sales_3528,1.0
dbpedia_61511,sales_5690,0.9337145174320312
dbpedia_57420,sales_5850,1.0
dbpedia_14801,sales_1015,1.0
dbpedia_36285,sales_6546,1.0
dbpedia_56586,sales_3210,0.9872536583540572
dbpedia_53048,sales_7798,1.0
dbpedia_13103,sales_2043,1.0
dbpedia_60328,sales_1015,1.0
dbpedia_45246,sales_5056,0.972900709219858
dbpedia_27487,sales_616,1.0
dbpedia_902,sales_1057,0.9872536583540572
dbpedia_18583,sales_4310,1.0
dbpedia_8089,sales_4032,1.0
dbpedia_44654,sales_5183,1.0
dbpedia_48015,sales_7301,1.0
dbpedia_6432,sales_1858,0.993953488372093
dbpedia_5886,sales_497,0.9800068027210884
dbpedia_39238,sales_2537,1.0
dbpedia_9789,sales_3636,1.0
dbpedia_20173,sales_6795,0.99
dbpedia_14769,sales_5035,1.0
dbpedia_17006,sales_6823,1.0
dbpedia_47403,sales_2641,0.9860043541729588
dbpedia_2010,sales_4429,1.0
dbpedia_3666,sales_2422,1.0
dbpedia_19414,sales_522,1.0
dbpedia_219,sales_589,0.96182539757163
dbpedia_4633,sales_421,1.0
dbpedia_3683,sales_732,0.9860043541729588
dbpedia_25982,sales_6849,1.0
dbpedia_11553,sales_7794,1.0
dbpedia_12055,sales_3962,0.9860266591038004
dbpedia_35934,sales_4459,1.0
dbpedia_1055,sales_6720,1.0
dbpedia_40452,sales_3239,1.0
dbpedia_7877,sales_4889,1.0
dbpedia_13645,sales_5176,1.0
dbpedia_13051,sales_977,0.9125348176532768
dbpedia_378,sales_6714,1.0
dbpedia_29081,sales_4669,0.9738138151718598
dbpedia_30973,sales_443,1.0
dbpedia_40303,sales_6397,1.0
dbpedia_14244,sales_6427,1.0
dbpedia_30307,sales_136,0.9900068027210884
dbpedia_10931,sales_832,1.0
dbpedia_23017,sales_6797,1.0
dbpedia_5241,sales_6938,1.0
dbpedia_47113,sales_3430,0.9406620949686498
dbpedia_16889,sales_2101,0.9406620949686498
dbpedia_6844,sales_5424,1.0
dbpedia_36156,sales_1603,1.0
dbpedia_29718,sales_2996,1.0
dbpedia_22163,sales_7617,0.9517099567099568
dbpedia_57706,sales_2631,0.9872536583540572
dbpedia_29968,sales_202,1.0
dbpedia_60727,sales_4138,1.0
dbpedia_11034,sales_812,1.0
dbpedia_23532,sales_6336,1.0
dbpedia_2682,sales_5293,0.993953488372093
dbpedia_53958,sales_534,1.0
dbpedia_21679,sales_6725,0.99
dbpedia_3453,sales_6596,1.0
dbpedia_2029,sales_6943,0.9138175578443531
dbpedia_19560,sales_5456,1.0
dbpedia_5956,sales_6142,1.0
dbpedia_53816,sales_5258,1.0
dbpedia_45737,sales_751,1.0
dbpedia_40464,sales_7343,1.0
dbpedia_8049,sales_1706,1.0
dbpedia_7201,sales_558,1.0
dbpedia_485,sales_2179,0.9091012664088524
dbpedia_55983,sales_7259,0.9206990341392012
dbpedia_1273,sales_3771,1.0
dbpedia_58839,sales_2396,1.0
dbpedia_63846,sales_2860,1.0
dbpedia_16314,sales_1215,1.0
dbpedia_384,sales_2674,1.0
dbpedia_12175,sales_5577,0.957739837398374
dbpedia_39058,sales_6849,1.0
dbpedia_8840,sales_3925,1.0
dbpedia_35402,sales_690,1.0
dbpedia_7901,sales_7038,1.0
dbpedia_26782,sales_7416,0.9886930851886208
dbpedia_14252,sales_2630,1.0
dbpedia_50668,sales_4190,1.0
dbpedia_8871,sales_5742,0.9886734693877552
dbpedia_33194,sales_1584,1.0
dbpedia_1239,sales_3547,1.0
dbpedia_29074,sales_1329,1.0
dbpedia_36672,sales_2254,0.9399479426936908
dbpedia_37002,sales_2580,1.0
dbpedia_49111,sales_439,0.96182539757163
dbpedia_26748,sales_5605,0.9593508476379908
dbpedia_23155,sales_2730,1.0
dbpedia_28299,sales_5050,1.0
dbpedia_49413,sales_4816,1.0
dbpedia_63731,sales_5598,0.9772340425531914
dbpedia_3049,sales_3072,0.922234631155124
dbpedia_10954,sales_526,0.9911875309252846
dbpedia_11949,sales_7612,1.0
dbpedia_52121,sales_201,1.0
dbpedia_13997,sales_555,0.9800068027210884
dbpedia_49495,sales_2275,0.989890988372093
dbpedia_4146,sales_3174,1.0
dbpedia_51879,sales_1100,1.0
dbpedia_56366,sales_564,0.9956573709029066
dbpedia_40656,sales_611,1.0
dbpedia_21232,sales_7087,0.9311370044498004
dbpedia_37880,sales_4557,1.0
dbpedia_46938,sales_2061,0.9917021276595744
dbpedia_30743,sales_1241,1.0
dbpedia_64678,sales_3349,0.9569335274818432
dbpedia_16636,sales_5050,1.0
dbpedia_11612,sales_1245,1.0
dbpedia_31523,sales_2143,1.0
dbpedia_2743,sales_3734,0.9917021276595744
dbpedia_17271,sales_1161,1.0
dbpedia_34981,sales_6624,0.9764501384181328
dbpedia_17779,sales_5810,1.0
dbpedia_27649,sales_865,1.0
dbpedia_52564,sales_7029,0.9816606577395268
dbpedia_42936,sales_5341,1.0
dbpedia_61540,sales_6182,1.0
dbpedia_39662,sales_3145,1.0
dbpedia_13430,sales_2235,1.0
dbpedia_33512,sales_4153,1.0
dbpedia_61572,sales_7690,1.0
dbpedia_26115,sales_3322,0.972900709219858
dbpedia_32276,sales_6498,1.0
dbpedia_42701,sales_2381,1.0
dbpedia_60291,sales_5386,1.0
dbpedia_35398,sales_2208,1.0
dbpedia_39571,sales_5963,1.0
dbpedia_27588,sales_6144,0.9851187592857344
dbpedia_56677,sales_1665,0.9280683966582433
dbpedia_30962,sales_1424,1.0
dbpedia_25389,sales_3875,1.0
dbpedia_11975,sales_3128,1.0
dbpedia_21144,sales_6022,0.99
dbpedia_57932,sales_2046,1.0
dbpedia_58276,sales_1512,0.9860266591038004
dbpedia_2803,sales_2891,0.9911875309252846
dbpedia_32633,sales_1316,0.9538541975919512
dbpedia_32231,sales_377,1.0
dbpedia_53245,sales_6228,1.0
dbpedia_2561,sales_1787,1.0
dbpedia_44857,sales_6827,1.0
dbpedia_3867,sales_2352,0.96182539757163
dbpedia_1420,sales_269,1.0
dbpedia_29344,sales_4692,1.0
dbpedia_30226,sales_5803,1.0
dbpedia_33624,sales_275,0.9475993925932026
dbpedia_15081,sales_1732,1.0
dbpedia_40885,sales_4921,0.9816606577395268
dbpedia_19817,sales_568,1.0
dbpedia_55536,sales_2561,0.96182539757163
dbpedia_39887,sales_2314,1.0
dbpedia_61896,sales_118,1.0
dbpedia_42659,sales_1472,1.0
dbpedia_10280,sales_373,1.0
dbpedia_7364,sales_1280,1.0
dbpedia_30729,sales_1325,1.0
dbpedia_2570,sales_5178,1.0
dbpedia_21607,sales_4983,1.0
dbpedia_27590,sales_6041,1.0
dbpedia_10956,sales_4639,0.9360927131672284
dbpedia_46848,sales_109,1.0
dbpedia_41530,sales_4500,0.9986734693877553
dbpedia_5248,sales_579,1.0
dbpedia_7668,sales_3453,1.0
dbpedia_24865,sales_3328,0.9586734693877552
dbpedia_53167,sales_1551,1.0
dbpedia_64703,sales_55,0.9872340425531914
dbpedia_45895,sales_3207,0.9764501384181328
dbpedia_1361,sales_6069,0.9760266591038004
dbpedia_33392,sales_6086,0.9959375
dbpedia_53366,sales_3282,0.9790400684586732
dbpedia_39106,sales_1808,1.0
dbpedia_863,sales_4261,1.0
dbpedia_38785,sales_3380,0.9635993835559952
dbpedia_60296,sales_4085,1.0
dbpedia_54161,sales_2750,0.9959375
dbpedia_6792,sales_1165,1.0
dbpedia_18655,sales_3100,0.9429146626145172
dbpedia_17608,sales_5215,0.9433922580032944
dbpedia_22644,sales_592,1.0
dbpedia_14414,sales_3009,1.0
dbpedia_5717,sales_7007,0.9324880566813144
dbpedia_28134,sales_4640,1.0
dbpedia_50526,sales_695,1.0
dbpedia_5555,sales_5644,0.9598617719347576
dbpedia_44854,sales_2616,0.9390400684586732
dbpedia_50963,sales_5587,0.9468534259870128
dbpedia_31127,sales_856,1.0
dbpedia_10348,sales_164,1.0
dbpedia_21588,sales_1683,1.0
dbpedia_13776,sales_5454,1.0
dbpedia_25233,sales_2278,1.0
dbpedia_32783,sales_5632,0.9886930851886208
dbpedia_45153,sales_6011,1.0
dbpedia_59719,sales_1905,1.0
dbpedia_56501,sales_5509,1.0
dbpedia_35968,sales_15,1.0
dbpedia_4756,sales_1603,1.0
dbpedia_60739,sales_601,0.983607278138528
dbpedia_4031,sales_6797,1.0
dbpedia_24494,sales_5422,1.0
dbpedia_31750,sales_2946,1.0
dbpedia_36613,sales_1996,0.950757392542457
dbpedia_30781,sales_1032,1.0
dbpedia_17835,sales_1245,1.0
dbpedia_53063,sales_1230,1.0
dbpedia_3358,sales_1242,1.0
dbpedia_21049,sales_6053,0.96182539757163
dbpedia_20516,sales_2214,1.0
dbpedia_48917,sales_5424,1.0
dbpedia_8731,sales_950,0.9023064416215144
dbpedia_41218,sales_2580,1.0
dbpedia_5054,sales_2522,1.0
dbpedia_33122,sales_1431,0.9872340425531916
dbpedia_33689,sales_3006,1.0
dbpedia_17153,sales_812,1.0
dbpedia_50010,sales_5036,0.96182539757163
dbpedia_22232,sales_386,0.9795920165106212
dbpedia_12202,sales_3214,0.9860266591038004
dbpedia_42795,sales_4468,1.0
dbpedia_34859,sales_2259,1.0
dbpedia_8556,sales_3204,0.9917021276595744
dbpedia_3016,sales_1396,1.0
dbpedia_11180,sales_503,1.0
dbpedia_33483,sales_6934,1.0
dbpedia_15372,sales_30,0.9356146093603576
dbpedia_51869,sales_1191,0.9206990341392012
dbpedia_7220,sales_5106,0.9431555078887972
dbpedia_21009,sales_3206,1.0
dbpedia_19342,sales_5672,1.0
dbpedia_47785,sales_487,0.9842179440683432
dbpedia_31614,sales_5543,1.0
dbpedia_41589,sales_1752,1.0
dbpedia_51107,sales_14,1.0
dbpedia_51651,sales_5664,1.0
dbpedia_34431,sales_391,1.0
dbpedia_13255,sales_6088,0.99
dbpedia_46599,sales_350,0.983953488372093
dbpedia_38949,sales_4083,0.9760266591038004
dbpedia_12989,sales_1521,1.0
dbpedia_16066,sales_4209,1.0
dbpedia_60318,sales_2996,1.0
dbpedia_53320,sales_2708,0.927208234274412
dbpedia_27570,sales_1130,0.993953488372093
dbpedia_21420,sales_2542,1.0
dbpedia_31661,sales_5336,1.0
dbpedia_19027,sales_2102,1.0
dbpedia_17462,sales_7310,0.989890988372093
dbpedia_4433,sales_5843,0.993953488372093
dbpedia_9220,sales_1837,0.9872340425531916
dbpedia_15972,sales_980,1.0
dbpedia_48014,sales_5356,0.9952027925531916
dbpedia_30032,sales_845,1.0
dbpedia_41598,sales_3840,0.98
dbpedia_63321,sales_1621,1.0
dbpedia_39990,sales_227,1.0
dbpedia_4728,sales_7714,0.99
dbpedia_1257,sales_7038,1.0
dbpedia_13052,sales_3387,1.0
dbpedia_23157,sales_2676,1.0
dbpedia_61300,sales_5921,1.0
dbpedia_5293,sales_1132,0.96182539757163
dbpedia_14993,sales_5572,1.0
dbpedia_54668,sales_5114,0.9860266591038004
dbpedia_33699,sales_3220,1.0
dbpedia_59231,sales_2331,1.0
dbpedia_15795,sales_6289,1.0
dbpedia_10278,sales_3848,1.0
dbpedia_11392,sales_5061,0.9622047270780096
dbpedia_13567,sales_1496,1.0
dbpedia_51474,sales_7138,0.99
dbpedia_35018,sales_5932,1.0
dbpedia_8061,sales_7325,0.96182539757163
dbpedia_30918,sales_28,1.0
dbpedia_60172,sales_2495,1.0
dbpedia_52641,sales_6953,0.9116752214999524
dbpedia_8369,sales_75,0.9872340425531916
dbpedia_47311,sales_272,1.0
dbpedia_14893,sales_1396,1.0
dbpedia_22586,sales_4876,0.99
dbpedia_3686,sales_778,1.0
dbpedia_51503,sales_2209,0.9959375
dbpedia_52404,sales_6780,1.0
dbpedia_34436,sales_1932,0.974536231884058
dbpedia_8197,sales_2131,1.0
dbpedia_60568,sales_7831,0.96182539757163
dbpedia_59157,sales_4106,0.935421573478476
dbpedia_36401,sales_1005,1.0
dbpedia_17856,sales_1396,1.0
dbpedia_64946,sales_678,1.0
dbpedia_16904,sales_1592,1.0
dbpedia_7883,sales_5842,0.96182539757163
dbpedia_56569,sales_4467,0.9206990341392012
dbpedia_28227,sales_5494,1.0
dbpedia_14741,sales_982,1.0
dbpedia_36014,sales_5179,0.9856666666666666
dbpedia_26663,sales_1139,1.0
dbpedia_1307,sales_1297,1.0
dbpedia_24433,sales_5781,0.9917021276595744
dbpedia_40717,sales_4457,1.0
dbpedia_61510,sales_4739,1.0
dbpedia_28714,sales_6569,1.0
dbpedia_6706,sales_4820,0.9816606577395268
dbpedia_51536,sales_6656,1.0
dbpedia_17366,sales_991,0.9588068532223252
dbpedia_47121,sales_6018,0.984468085106383
dbpedia_38436,sales_1481,1.0
dbpedia_21834,sales_3569,0.9972340425531914
dbpedia_52353,sales_732,0.907103649068323
dbpedia_47947,sales_5831,0.9911875309252844
dbpedia_37839,sales_1455,1.0
dbpedia_39143,sales_1396,1.0
dbpedia_23295,sales_7029,0.9816606577395268
dbpedia_12214,sales_5746,1.0
dbpedia_63625,sales_2248,0.9402893726397716
dbpedia_2024,sales_2496,1.0
dbpedia_736,sales_3097,0.9986734693877553
dbpedia_29822,sales_5900,0.99
dbpedia_62899,sales_3180,1.0
dbpedia_12399,sales_1551,1.0
dbpedia_7253,sales_178,0.9532607016569918
dbpedia_42367,sales_6513,0.9680550766897378
dbpedia_58313,sales_1072,1.0
dbpedia_51427,sales_2641,0.907103649068323
dbpedia_15283,sales_355,1.0
dbpedia_14944,sales_889,0.949301257530226
dbpedia_20077,sales_5695,0.993953488372093
dbpedia_7909,sales_2151,0.99
dbpedia_45207,sales_3928,0.9986734693877553
dbpedia_53492,sales_176,0.983953488372093
dbpedia_17394,sales_1336,0.9356247157608344
dbpedia_11931,sales_5258,0.993953488372093
dbpedia_19419,sales_2496,1.0
dbpedia_2156,sales_1456,1.0
dbpedia_40757,sales_6847,0.9986734693877553
dbpedia_15385,sales_4135,1.0
dbpedia_35815,sales_2674,1.0
dbpedia_45939,sales_1449,1.0
dbpedia_1517,sales_763,1.0
dbpedia_18842,sales_5729,1.0
dbpedia_52737,sales_4796,0.9620569901451428
dbpedia_15032,sales_1076,1.0
dbpedia_18437,sales_202,1.0
dbpedia_7104,sales_609,0.9246276233840328
dbpedia_12091,sales_168,1.0
dbpedia_4769,sales_2781,0.9279982980241164
dbpedia_14307,sales_439,0.96182539757163
dbpedia_7551,sales_6284,0.9951543674698794
dbpedia_25435,sales_3979,1.0
dbpedia_12674,sales_6155,1.0
dbpedia_10461,sales_955,1.0
dbpedia_32921,sales_5114,0.9799801474758932
dbpedia_63963,sales_6228,1.0
dbpedia_13520,sales_7250,0.9282554615926708
dbpedia_31390,sales_885,0.9860266591038004
dbpedia_59975,sales_2193,1.0
dbpedia_15775,sales_5589,0.927208234274412
dbpedia_1524,sales_1594,1.0
dbpedia_2648,sales_4809,0.9791562809252844
dbpedia_45841,sales_4921,0.9816606577395268
dbpedia_9866,sales_5780,1.0
dbpedia_23070,sales_822,0.9854485803240682
dbpedia_24716,sales_1094,1.0
dbpedia_7737,sales_2946,1.0
dbpedia_1317,sales_6604,0.9972340425531914
dbpedia_7931,sales_7403,1.0
dbpedia_13763,sales_5237,0.9302751916215144
dbpedia_17767,sales_4995,1.0
dbpedia_13116,sales_5649,1.0
dbpedia_57910,sales_5764,0.9544361246382256
dbpedia_44487,sales_11,1.0
dbpedia_57982,sales_6173,0.9959375
dbpedia_47624,sales_4250,1.0
dbpedia_7284,sales_2387,1.0
dbpedia_16453,sales_7129,0.9911875309252846
dbpedia_23754,sales_3859,1.0
dbpedia_3551,sales_5681,1.0
dbpedia_63169,sales_7301,1.0
dbpedia_20211,sales_6709,0.99
dbpedia_39790,sales_3955,0.9585673758865249
dbpedia_3310,sales_3859,1.0
dbpedia_34813,sales_7658,0.9915760281385282
dbpedia_50880,sales_288,1.0
dbpedia_62121,sales_4712,0.9559075119409464
dbpedia_5621,sales_4209,1.0
dbpedia_30728,sales_1306,1.0
dbpedia_34569,sales_2082,0.9986734693877553
dbpedia_38487,sales_2976,0.993953488372093
dbpedia_37430,sales_7495,0.99
dbpedia_27630,sales_6071,0.993953488372093
dbpedia_49875,sales_7546,1.0
dbpedia_56858,sales_1946,1.0
dbpedia_25172,sales_5415,0.9951543674698794
dbpedia_14178,sales_1235,1.0
dbpedia_45193,sales_5377,0.9669707786476244
dbpedia_32724,sales_672,1.0
dbpedia_9962,sales_3659,0.9860266591038004
dbpedia_33988,sales_1563,1.0
dbpedia_19437,sales_536,1.0
dbpedia_613,sales_3774,0.9144137164519704
dbpedia_36131,sales_7762,0.9872340425531916
dbpedia_58751,sales_4432,1.0
dbpedia_64232,sales_720,0.9972340425531914
dbpedia_27085,sales_5060,1.0
dbpedia_16470,sales_7374,1.0
dbpedia_4985,sales_4471,1.0
dbpedia_12443,sales_5183,1.0
dbpedia_14091,sales_3878,0.9856666666666666
dbpedia_44597,sales_239,1.0
dbpedia_21804,sales_1818,1.0
dbpedia_7849,sales_3174,1.0
dbpedia_45588,sales_857,1.0
dbpedia_42189,sales_7374,1.0
dbpedia_41696,sales_2496,1.0
dbpedia_34145,sales_1658,1.0
dbpedia_47813,sales_4228,1.0
dbpedia_29192,sales_4291,0.9854485803240682
dbpedia_18915,sales_6574,1.0
dbpedia_19916,sales_779,1.0
dbpedia_32973,sales_5183,1.0
dbpedia_54042,sales_5025,0.9856666666666666
dbpedia_30034,sales_2497,1.0
dbpedia_22642,sales_4114,1.0
dbpedia_24394,sales_3670,1.0
dbpedia_49428,sales_412,0.984468085106383
dbpedia_38576,sales_2630,1.0
dbpedia_11589,sales_4468,1.0
dbpedia_30529,sales_3593,1.0
dbpedia_39098,sales_1685,1.0
dbpedia_12812,sales_2799,0.9976576576576576
dbpedia_17470,sales_6963,0.9643025736693416
dbpedia_43517,sales_514,1.0
dbpedia_42948,sales_6938,1.0
dbpedia_973,sales_3497,0.9860266591038004
dbpedia_23779,sales_2822,1.0
dbpedia_25469,sales_2496,1.0
dbpedia_28008,sales_4960,1.0
dbpedia_46973,sales_2397,0.9389244946876296
dbpedia_41171,sales_3581,1.0
dbpedia_10185,sales_5859,1.0
dbpedia_43019,sales_6094,1.0
dbpedia_9946,sales_3726,0.9917021276595744
dbpedia_3526,sales_2517,1.0
dbpedia_17886,sales_458,1.0
dbpedia_55140,sales_2526,1.0
dbpedia_17696,sales_5901,1.0
dbpedia_45345,sales_4039,1.0
dbpedia_60250,sales_2822,1.0
dbpedia_5500,sales_507,1.0
dbpedia_29033,sales_3003,0.99
dbpedia_45870,sales_3190,1.0
dbpedia_2785,sales_3147,0.944906976744186
dbpedia_22409,sales_3859,1.0
dbpedia_14655,sales_204,1.0
dbpedia_35287,sales_1280,0.9712143524283936
dbpedia_37135,sales_2870,1.0
dbpedia_19714,sales_6852,1.0
dbpedia_963,sales_2210,1.0
dbpedia_10576,sales_1676,0.9956666666666666
dbpedia_32206,sales_3798,1.0
dbpedia_53988,sales_2227,1.0
dbpedia_61824,sales_7656,0.9986734693877553
dbpedia_43400,sales_680,1.0
dbpedia_30112,sales_2151,0.983953488372093
dbpedia_5484,sales_7063,0.927208234274412
dbpedia_43150,sales_4017,1.0
dbpedia_11262,sales_6710,1.0
dbpedia_26967,sales_5558,0.9952027925531916
dbpedia_5709,sales_1719,0.9859075119409464
dbpedia_25343,sales_1592,1.0
dbpedia_9788,sales_1154,1.0
dbpedia_3540,sales_6427,1.0
dbpedia_34552,sales_3051,1.0
dbpedia_61025,sales_136,0.9800068027210884
dbpedia_56299,sales_2227,1.0
dbpedia_32812,sales_123,0.9976576576576576
dbpedia_2298,sales_4586,0.9860266591038004
dbpedia_53618,sales_5260,1.0
dbpedia_45225,sales_1325,1.0
dbpedia_57866,sales_4472,1.0
dbpedia_1053,sales_2131,1.0
dbpedia_39278,sales_631,0.9872340425531916
dbpedia_58500,sales_5681,1.0
dbpedia_49643,sales_1165,1.0
dbpedia_6807,sales_6036,1.0
dbpedia_22709,sales_1358,1.0
dbpedia_26813,sales_2072,0.9622863442794576
dbpedia_50924,sales_5089,0.9184550917607448
dbpedia_21612,sales_2495,1.0
dbpedia_20232,sales_2908,0.9399692403360084
dbpedia_32071,sales_495,0.9700068027210884
dbpedia_27928,sales_3478,1.0
dbpedia_57580,sales_2251,1.0
dbpedia_33337,sales_1679,1.0
dbpedia_38193,sales_2298,0.9917021276595744
dbpedia_5381,sales_738,1.0
dbpedia_59950,sales_4890,1.0
dbpedia_58038,sales_2598,0.99
dbpedia_39927,sales_3258,1.0
dbpedia_42456,sales_7133,1.0
dbpedia_62492,sales_2712,0.949301257530226
dbpedia_6739,sales_4956,0.9501803118565624
dbpedia_60794,sales_7539,1.0
dbpedia_44779,sales_6077,1.0
dbpedia_36508,sales_6902,0.9951543674698794
dbpedia_6147,sales_822,0.9368610003130396
dbpedia_3949,sales_7415,0.9335220729854308
dbpedia_36378,sales_542,1.0
dbpedia_13457,sales_5520,1.0
dbpedia_17729,sales_5988,1.0
dbpedia_27941,sales_2093,1.0
dbpedia_48054,sales_339,0.9872340425531916
dbpedia_42524,sales_1354,1.0
dbpedia_27922,sales_406,1.0
dbpedia_6349,sales_187,1.0
dbpedia_54713,sales_2611,1.0
dbpedia_46053,sales_1493,0.99
dbpedia_8413,sales_7038,1.0
dbpedia_3487,sales_3353,0.983953488372093
dbpedia_5502,sales_6568,1.0
dbpedia_37265,sales_2991,0.970281994401049
dbpedia_5323,sales_7465,0.9419088827425244
dbpedia_58973,sales_4890,1.0
dbpedia_21569,sales_1458,0.9278932905473968
dbpedia_40951,sales_7319,0.9945921266233766
dbpedia_6921,sales_7794,1.0
dbpedia_58092,sales_3243,0.983953488372093
dbpedia_9329,sales_147,0.9503350470809632
dbpedia_6981,sales_5988,1.0
dbpedia_40554,sales_500,1.0
dbpedia_11636,sales_905,1.0
dbpedia_24875,sales_337,1.0
dbpedia_56017,sales_3404,1.0
dbpedia_12255,sales_2332,0.9945921266233766
dbpedia_26643,sales_1473,1.0
dbpedia_7555,sales_434,1.0
dbpedia_36123,sales_443,1.0
dbpedia_22487,sales_465,1.0
dbpedia_22525,sales_1024,1.0
dbpedia_33750,sales_153,1.0
dbpedia_8302,sales_988,1.0
dbpedia_51136,sales_4610,1.0
dbpedia_40870,sales_2299,1.0
dbpedia_41366,sales_4790,0.9872340425531916
dbpedia_43548,sales_491,1.0
dbpedia_50217,sales_650,0.9972340425531916
dbpedia_34449,sales_2485,1.0
dbpedia_32432,sales_1976,1.0
dbpedia_25588,sales_7161,0.9175124516441008
dbpedia_61402,sales_1585,0.9976576576576576
dbpedia_33293,sales_4209,1.0
dbpedia_48943,sales_6036,0.9986734693877553
dbpedia_47089,sales_3145,1.0
dbpedia_28525,sales_6150,0.9986734693877553
dbpedia_21454,sales_1091,1.0
dbpedia_56397,sales_4658,1.0
dbpedia_54508,sales_778,1.0
dbpedia_54644,sales_2093,1.0
dbpedia_43349,sales_522,1.0
dbpedia_50476,sales_5932,1.0
dbpedia_2871,sales_4456,1.0
dbpedia_35845,sales_1104,0.9886734693877552
dbpedia_20435,sales_5377,0.9569707786476244
dbpedia_2862,sales_2822,1.0
dbpedia_44863,sales_4153,1.0
dbpedia_22128,sales_6652,1.0
dbpedia_42264,sales_4859,1.0
dbpedia_796,sales_1421,1.0
dbpedia_18266,sales_2200,0.9946818181818182
dbpedia_15938,sales_2340,0.9825608766233768
dbpedia_27749,sales_4972,0.9800068027210884
dbpedia_7537,sales_7696,1.0
dbpedia_36293,sales_3527,1.0
dbpedia_49331,sales_2116,0.9105736434108528
dbpedia_8109,sales_5132,0.9659486610677156
dbpedia_15622,sales_6849,1.0
dbpedia_43384,sales_1348,1.0
dbpedia_25047,sales_6036,1.0
dbpedia_23440,sales_2976,0.993953488372093
dbpedia_9016,sales_5313,1.0
dbpedia_56061,sales_5244,1.0
dbpedia_49384,sales_4434,0.9860266591038004
dbpedia_39830,sales_4887,1.0
dbpedia_32139,sales_3275,1.0
dbpedia_47908,sales_5176,1.0
dbpedia_10621,sales_2131,1.0
dbpedia_94,sales_991,0.9588068532223252
dbpedia_60977,sales_3152,0.9078342807780329
dbpedia_16005,sales_3928,0.9986734693877553
dbpedia_45460,sales_209,0.9362242115926708
dbpedia_1813,sales_119,1.0
dbpedia_5916,sales_3685,0.983953488372093
dbpedia_13793,sales_2354,0.9795322992320922
dbpedia_49132,sales_4720,0.9972340425531916
dbpedia_46338,sales_6758,0.9053774114199492
dbpedia_36820,sales_1608,1.0
dbpedia_32951,sales_4127,0.973576371091879
dbpedia_61563,sales_1118,0.9715541060856748
dbpedia_55021,sales_6858,1.0
dbpedia_42130,sales_3356,0.9303639586455892
dbpedia_1665,sales_490,1.0
dbpedia_4861,sales_178,0.9432607016569918
dbpedia_45013,sales_2316,1.0
dbpedia_18832,sales_2227,1.0
dbpedia_38457,sales_918,1.0
dbpedia_3097,sales_1280,1.0
dbpedia_12375,sales_4692,0.9856666666666666
dbpedia_5467,sales_3928,1.0
dbpedia_34940,sales_6541,0.9986734693877553
dbpedia_27349,sales_6906,1.0
dbpedia_27237,sales_576,1.0
dbpedia_1880,sales_1242,1.0
dbpedia_5692,sales_7828,0.9860266591038004
dbpedia_55364,sales_3716,0.9482936244265148
dbpedia_61630,sales_3381,0.9338436420524632
dbpedia_6337,sales_1114,1.0
dbpedia_39203,sales_829,1.0
dbpedia_59481,sales_562,0.9886734693877552
dbpedia_56595,sales_6027,0.970281994401049
dbpedia_3652,sales_4650,0.973576371091879
dbpedia_17054,sales_2174,1.0
dbpedia_6932,sales_128,1.0
dbpedia_60354,sales_6087,0.989890988372093
dbpedia_63028,sales_5025,0.9426666666666668
dbpedia_18269,sales_3846,0.983953488372093
dbpedia_51144,sales_6289,1.0
dbpedia_44404,sales_4432,1.0
dbpedia_11164,sales_5269,0.99
dbpedia_29781,sales_6146,0.970281994401049
dbpedia_3613,sales_3023,0.9942179440683432
dbpedia_47662,sales_2578,0.9212820476319624
dbpedia_45362,sales_1768,0.9859075119409464
dbpedia_6449,sales_5158,0.9613019773358
dbpedia_16460,sales_2131,1.0
dbpedia_46261,sales_3647,0.99
dbpedia_32596,sales_5454,1.0
dbpedia_32996,sales_3619,1.0
dbpedia_1815,sales_959,0.9990151515151516
dbpedia_25922,sales_6357,0.99
dbpedia_8713,sales_5745,1.0
dbpedia_47330,sales_3982,0.9956573709029066
dbpedia_52056,sales_1035,1.0
dbpedia_61180,sales_2091,1.0
dbpedia_41362,sales_2102,1.0
dbpedia_34445,sales_5705,0.940855658723836
dbpedia_45160,sales_6083,0.970281994401049
dbpedia_4236,sales_2101,0.9015579327401074
dbpedia_33161,sales_7736,1.0
dbpedia_48692,sales_3836,0.9986734693877553
dbpedia_23526,sales_240,0.9338318979365532
dbpedia_62469,sales_1837,0.9385673758865248
dbpedia_41118,sales_5564,0.949301257530226
dbpedia_34326,sales_4895,1.0
dbpedia_58642,sales_4254,0.9825608766233768
dbpedia_11007,sales_7211,0.9872340425531916
dbpedia_27346,sales_6129,0.994396551724138
dbpedia_4171,sales_155,1.0
dbpedia_3061,sales_2903,0.9986734693877553
dbpedia_20922,sales_3767,1.0
dbpedia_10722,sales_998,0.9629653259486428
dbpedia_61069,sales_6963,0.9482560620414346
dbpedia_52575,sales_5859,1.0
dbpedia_18732,sales_461,0.9976576576576576
dbpedia_58397,sales_1722,0.9951543674698794
dbpedia_11959,sales_1640,0.9544361246382256
dbpedia_49296,sales_3761,0.9701416006489216
dbpedia_62939,sales_7454,1.0
dbpedia_26120,sales_971,0.9945921266233766
dbpedia_8571,sales_337,1.0
dbpedia_53640,sales_1817,0.9859075119409464
dbpedia_50074,sales_6276,0.929841233501547
dbpedia_3196,sales_3578,1.0
dbpedia_58143,sales_2946,1.0
dbpedia_33667,sales_2002,1.0
dbpedia_50632,sales_1976,1.0
dbpedia_49995,sales_5583,0.9527351977828168
dbpedia_123,sales_914,1.0
dbpedia_53406,sales_6468,0.9544361246382256
dbpedia_23982,sales_2109,1.0
dbpedia_68,sales_5410,1.0
dbpedia_29696,sales_6727,0.9085318378713648
dbpedia_7545,sales_606,0.9629007092198582
dbpedia_8679,sales_703,0.9854485803240682
dbpedia_42493,sales_3430,0.9015579327401074
dbpedia_26404,sales_5327,1.0
dbpedia_11492,sales_3622,1.0
dbpedia_47485,sales_3097,0.9986734693877553
dbpedia_21204,sales_406,1.0
dbpedia_3484,sales_5892,1.0
dbpedia_55138,sales_5284,0.9708479760301506
dbpedia_14339,sales_3212,0.966580446131941
dbpedia_7947,sales_6639,0.9951543674698794
dbpedia_53343,sales_5186,0.994396551724138
dbpedia_59065,sales_5434,0.9752660109439962
dbpedia_50325,sales_247,0.9232695187271068
dbpedia_5802,sales_2253,0.9859075119409464
dbpedia_6730,sales_3894,0.9816606577395268
dbpedia_12812,sales_3967,0.9976576576576576
dbpedia_40544,sales_3056,0.9945921266233766
dbpedia_58481,sales_3130,1.0
dbpedia_38434,sales_4276,1.0
dbpedia_27391,sales_1991,0.9473285592598693
dbpedia_51350,sales_2908,0.9239227287081012
dbpedia_18218,sales_1746,1.0
dbpedia_49338,sales_924,0.9972340425531916
dbpedia_49601,sales_104,0.9976576576576576
dbpedia_2333,sales_1676,0.9956666666666666
dbpedia_11403,sales_3629,1.0
dbpedia_40482,sales_1692,0.9072702376670402
dbpedia_20607,sales_6425,1.0
dbpedia_33438,sales_3063,0.9375187962125672
dbpedia_64470,sales_2158,0.9859075119409464
dbpedia_15112,sales_6491,0.980370744860128
dbpedia_10084,sales_1619,0.99
dbpedia_23874,sales_1430,0.9972340425531916
dbpedia_30238,sales_578,0.98
dbpedia_711,sales_3444,0.9149328683008404
dbpedia_18091,sales_5933,0.9972340425531914
dbpedia_1433,sales_2478,0.910537013728955
dbpedia_23953,sales_5717,1.0
dbpedia_7203,sales_6553,0.9857796575486611
dbpedia_29702,sales_6636,1.0
dbpedia_40892,sales_7212,1.0
dbpedia_9987,sales_7739,1.0
dbpedia_260,sales_5060,0.9986734693877553
dbpedia_23400,sales_3145,1.0
dbpedia_981,sales_1165,1.0
dbpedia_27607,sales_7064,1.0
dbpedia_6336,sales_3257,0.9755080526103894
dbpedia_7554,sales_6036,0.9986734693877553
dbpedia_21012,sales_340,1.0
dbpedia_16743,sales_440,1.0
dbpedia_15479,sales_2413,0.9209733552544708
dbpedia_36174,sales_7391,0.9856556160316674
dbpedia_10483,sales_925,0.9560991847826088
dbpedia_41544,sales_930,1.0
dbpedia_803,sales_351,1.0
dbpedia_44234,sales_4532,0.983953488372093
dbpedia_5711,sales_6204,1.0
dbpedia_19811,sales_6710,0.993953488372093
dbpedia_45912,sales_2075,1.0
dbpedia_1238,sales_78,0.9859075119409464
dbpedia_37619,sales_7143,1.0
dbpedia_14900,sales_7696,1.0
dbpedia_40042,sales_707,0.9610914617297596
dbpedia_11443,sales_1640,0.9460410629098306
dbpedia_58591,sales_6036,1.0
dbpedia_40480,sales_7619,1.0
dbpedia_24146,sales_3453,1.0
dbpedia_23897,sales_4141,0.9303639586455892
dbpedia_27873,sales_4897,1.0
dbpedia_5766,sales_5249,0.9018918454876318
dbpedia_50189,sales_3663,0.993953488372093
dbpedia_11513,sales_6144,0.9607121327254308
dbpedia_10494,sales_883,0.9825608766233768
dbpedia_51222,sales_758,0.99
dbpedia_10005,sales_6604,0.9972340425531914
dbpedia_58965,sales_4983,1.0
dbpedia_1557,sales_7713,1.0
dbpedia_27654,sales_3097,1.0
dbpedia_27839,sales_5568,1.0
dbpedia_48186,sales_1299,1.0
dbpedia_58601,sales_4490,0.9857796575486611
dbpedia_6076,sales_1391,1.0
dbpedia_15349,sales_7387,0.9986734693877553
dbpedia_26925,sales_2903,1.0
dbpedia_28701,sales_501,0.9384570306276052
dbpedia_58457,sales_7508,1.0
dbpedia_42040,sales_178,0.9432607016569918
dbpedia_28754,sales_6082,0.912419816178228
dbpedia_26948,sales_3131,1.0
dbpedia_3101,sales_2022,0.9106002382248414
dbpedia_26637,sales_3009,1.0
dbpedia_805,sales_2131,1.0
dbpedia_5073,sales_3914,0.9743242332322212
dbpedia_57954,sales_6346,0.9113378887702632
dbpedia_31071,sales_7696,1.0
dbpedia_49688,sales_6532,1.0
dbpedia_41939,sales_7215,1.0
dbpedia_20625,sales_2355,0.9509424377370936
dbpedia_50107,sales_6298,1.0
dbpedia_32797,sales_1532,0.9959075119409464
dbpedia_51914,sales_5739,0.983953488372093
dbpedia_18646,sales_646,1.0
dbpedia_40299,sales_2914,0.966580446131941
dbpedia_16251,sales_1675,1.0
dbpedia_31719,sales_1679,1.0
dbpedia_16166,sales_5661,1.0
dbpedia_10110,sales_232,1.0
dbpedia_17693,sales_6681,1.0
dbpedia_62927,sales_4529,0.962520864258618
dbpedia_24184,sales_3479,1.0
dbpedia_42840,sales_6093,1.0
dbpedia_53284,sales_531,1.0
dbpedia_56887,sales_2091,1.0
dbpedia_38683,sales_6667,1.0
dbpedia_7441,sales_7398,1.0
dbpedia_8607,sales_2677,0.9197737018524346
dbpedia_24094,sales_3844,0.9945921266233766
dbpedia_2663,sales_178,0.9432607016569918
dbpedia_23371,sales_4640,1.0
dbpedia_869,sales_809,0.9976576576576576
dbpedia_42146,sales_3793,1.0
dbpedia_8288,sales_3928,1.0
dbpedia_32551,sales_7403,1.0
dbpedia_7940,sales_690,0.937
dbpedia_9437,sales_6720,1.0
dbpedia_13257,sales_153,1.0
dbpedia_3817,sales_1830,0.9264988141927653
dbpedia_40609,sales_1062,1.0
dbpedia_63685,sales_5634,1.0
dbpedia_17852,sales_7736,1.0
dbpedia_35276,sales_3222,0.9872340425531916
dbpedia_32107,sales_5845,0.9945921266233766
dbpedia_62013,sales_6578,1.0
dbpedia_3028,sales_447,0.993953488372093
dbpedia_52827,sales_51,1.0
dbpedia_32986,sales_3646,0.9972340425531914
dbpedia_13897,sales_7793,1.0
dbpedia_8590,sales_562,1.0
dbpedia_20863,sales_279,1.0
dbpedia_5197,sales_1254,1.0
dbpedia_56164,sales_1078,0.993953488372093
dbpedia_7174,sales_2961,0.9544361246382256
dbpedia_3706,sales_5325,0.9149374637399296
dbpedia_10106,sales_4890,1.0
dbpedia_39750,sales_1109,1.0
dbpedia_9578,sales_6637,0.928219600028478
dbpedia_60684,sales_7320,0.952722946343652
dbpedia_41548,sales_1337,0.9986734693877553
dbpedia_13951,sales_3862,0.9858162029334332
dbpedia_6901,sales_5824,0.9768039041703638
dbpedia_6583,sales_7483,1.0
dbpedia_61894,sales_2743,1.0
dbpedia_6406,sales_4162,1.0
dbpedia_24099,sales_4628,1.0
dbpedia_45531,sales_5203,0.99
dbpedia_61313,sales_4165,1.0
dbpedia_2924,sales_1390,0.9492155903977652
dbpedia_58299,sales_3579,1.0
dbpedia_43281,sales_2105,0.9479137794652744
dbpedia_11317,sales_2093,1.0
dbpedia_16438,sales_6027,0.970281994401049
dbpedia_37178,sales_2427,0.9911875309252846
dbpedia_33603,sales_5953,0.98
dbpedia_48286,sales_2283,0.92023048530984
dbpedia_54905,sales_6858,0.993953488372093
dbpedia_39556,sales_995,0.9340173872358573
dbpedia_18778,sales_1921,0.9383192804322394
dbpedia_44275,sales_111,1.0
dbpedia_51867,sales_2158,0.9959075119409464
dbpedia_30168,sales_5124,1.0
dbpedia_60757,sales_2639,0.9976576576576576
dbpedia_21885,sales_1446,0.9829075580957302
dbpedia_39638,sales_3853,0.935809612539098
dbpedia_31191,sales_1307,0.9222870142398588
dbpedia_27725,sales_6036,1.0
dbpedia_29877,sales_2121,1.0
dbpedia_38152,sales_7560,1.0
dbpedia_17603,sales_6798,0.9049079094473684
dbpedia_38051,sales_1175,0.9945921266233766
dbpedia_7236,sales_5935,1.0
dbpedia_27212,sales_331,0.99
dbpedia_11019,sales_6482,1.0
dbpedia_39246,sales_3592,0.9911875309252844
dbpedia_54684,sales_2938,0.973576371091879
dbpedia_36874,sales_6065,0.99
dbpedia_32336,sales_119,1.0
dbpedia_148,sales_4759,1.0
dbpedia_29674,sales_905,1.0
dbpedia_2105,sales_1469,0.9945921266233766
dbpedia_60757,sales_2468,0.9976576576576576
dbpedia_13942,sales_3622,0.993953488372093
dbpedia_39399,sales_5202,0.9357635794550636
dbpedia_54396,sales_4310,1.0
dbpedia_37445,sales_6083,0.970281994401049
dbpedia_25424,sales_4960,1.0
dbpedia_34733,sales_1733,0.9976576576576576
dbpedia_61004,sales_3883,0.9976576576576576
dbpedia_62831,sales_934,0.98
dbpedia_51778,sales_4933,0.9872340425531916
dbpedia_41228,sales_3474,1.0
dbpedia_43082,sales_5569,0.970281994401049
dbpedia_864,sales_1292,0.9393863050200008
dbpedia_4351,sales_4975,0.99
dbpedia_58822,sales_2485,1.0
dbpedia_38058,sales_5644,0.9455284386014244
dbpedia_12246,sales_7401,0.9026114539731408
dbpedia_62867,sales_6210,0.9986734693877553
dbpedia_36584,sales_6084,1.0
dbpedia_28748,sales_6084,1.0
dbpedia_6945,sales_1963,0.9976576576576576
dbpedia_53278,sales_2031,0.9338318979365532
dbpedia_16874,sales_4772,0.983953488372093
dbpedia_33859,sales_1768,0.9959075119409464
dbpedia_64921,sales_6990,0.9765143649954696
dbpedia_56123,sales_6614,1.0
dbpedia_829,sales_2649,0.9016818362271662
dbpedia_41910,sales_6036,1.0
dbpedia_38150,sales_7156,1.0
dbpedia_19257,sales_6084,1.0
dbpedia_29689,sales_4923,0.9856666666666666
dbpedia_59337,sales_6190,0.9113378887702632
dbpedia_849,sales_4322,0.99
dbpedia_1142,sales_1976,1.0
dbpedia_32508,sales_3305,0.9656441248917028
dbpedia_3252,sales_2688,0.9279982980241164
dbpedia_11308,sales_7567,0.9972340425531914
dbpedia_4292,sales_1095,0.9399479426936908
dbpedia_60337,sales_5832,0.9856666666666666
dbpedia_41737,sales_3501,0.915584763122382
dbpedia_1146,sales_3578,1.0
dbpedia_46703,sales_2131,1.0
dbpedia_12054,sales_6036,1.0
dbpedia_61467,sales_7473,1.0
dbpedia_15870,sales_6905,0.9795993442773294
dbpedia_33917,sales_119,1.0
dbpedia_22909,sales_5745,0.9929075580957302
dbpedia_25314,sales_4326,1.0
dbpedia_54178,sales_1333,0.9856666666666666
dbpedia_56495,sales_3348,1.0
dbpedia_56601,sales_3002,0.9848917002108492
dbpedia_27313,sales_6084,1.0
dbpedia_32795,sales_4092,1.0
dbpedia_11908,sales_616,1.0
dbpedia_39449,sales_1127,0.99
dbpedia_6048,sales_955,1.0
dbpedia_26627,sales_7530,1.0
dbpedia_12725,sales_2530,0.9825608766233768
dbpedia_37587,sales_7362,1.0
dbpedia_32892,sales_6381,0.9945921266233766
dbpedia_23503,sales_3861,0.966138019320194
dbpedia_30771,sales_6416,1.0
dbpedia_44278,sales_4139,1.0
dbpedia_8141,sales_5783,0.9825608766233768
dbpedia_8828,sales_3928,1.0
dbpedia_34544,sales_3275,1.0
dbpedia_5700,sales_1220,1.0
dbpedia_63723,sales_86,1.0
dbpedia_34490,sales_5343,0.947478237347714
dbpedia_22316,sales_1015,1.0
dbpedia_1309,sales_3876,0.9945921266233766
dbpedia_40447,sales_580,0.9972340425531914
dbpedia_15519,sales_7784,0.9195490796966752
dbpedia_50213,sales_5483,0.9046573504674902
dbpedia_9487,sales_1326,0.9401932006967312
dbpedia_49208,sales_3086,0.938408303677626
dbpedia_59418,sales_6036,1.0
dbpedia_15094,sales_7240,1.0
dbpedia_11902,sales_2441,1.0
dbpedia_22841,sales_1262,1.0
dbpedia_10652,sales_40,0.9859075119409464
dbpedia_14980,sales_2233,0.99
dbpedia_8208,sales_46,0.9859075119409464
dbpedia_12921,sales_117,1.0
dbpedia_62675,sales_991,0.9588068532223252
dbpedia_2508,sales_6861,0.994396551724138
dbpedia_55429,sales_4149,0.9188261257145328
dbpedia_13448,sales_3478,0.993953488372093
dbpedia_64633,sales_5249,0.95035507100995
dbpedia_56487,sales_4415,0.9463457178972132
dbpedia_21533,sales_4100,1.0
dbpedia_23320,sales_7078,1.0
dbpedia_23791,sales_7227,0.99
dbpedia_15764,sales_5513,1.0
dbpedia_37585,sales_2216,0.9986734693877553
dbpedia_31961,sales_7318,1.0
dbpedia_13753,sales_6375,1.0
dbpedia_34351,sales_6077,1.0
dbpedia_20208,sales_7358,1.0
dbpedia_30146,sales_4516,1.0
dbpedia_48044,sales_883,0.9825608766233768
dbpedia_12200,sales_2859,0.9976576576576576
dbpedia_40612,sales_6521,1.0
dbpedia_60953,sales_535,0.971621151130912
dbpedia_18374,sales_4777,0.99
dbpedia_55607,sales_4590,0.9669718614718616
dbpedia_43259,sales_7675,1.0
dbpedia_24792,sales_7749,1.0
dbpedia_39643,sales_7333,1.0
dbpedia_4126,sales_6092,0.9194725479773276
dbpedia_19387,sales_5327,0.993953488372093
dbpedia_24753,sales_1140,1.0
dbpedia_55466,sales_7798,0.9976576576576576
dbpedia_41044,sales_5254,1.0
dbpedia_13182,sales_1978,1.0
dbpedia_43193,sales_2158,0.9972340425531914
dbpedia_14444,sales_4010,1.0
dbpedia_21603,sales_4722,0.975181309363484
dbpedia_7310,sales_4712,0.9415741786076132
dbpedia_26723,sales_7589,0.9683417152178996
dbpedia_56492,sales_1256,0.90998131484652
dbpedia_14449,sales_3606,0.9073020996432436
dbpedia_7644,sales_1280,0.9612143524283936
dbpedia_32197,sales_7512,1.0
dbpedia_18827,sales_6336,1.0
dbpedia_63294,sales_1374,1.0
dbpedia_31362,sales_5005,1.0
dbpedia_2713,sales_6904,1.0
dbpedia_23337,sales_657,0.9346744206191552
dbpedia_16148,sales_1493,0.983953488372093
dbpedia_55488,sales_7651,1.0
dbpedia_27699,sales_5457,0.9340173872358573
dbpedia_24490,sales_7770,1.0
dbpedia_45483,sales_2939,0.913312526027024
dbpedia_35926,sales_2997,0.9320123845638796
dbpedia_12677,sales_3697,1.0
dbpedia_36400,sales_3226,0.947478237347714
dbpedia_51435,sales_6591,0.966138019320194
dbpedia_3125,sales_299,0.929841233501547
dbpedia_16699,sales_3564,0.996355140186916
dbpedia_34368,sales_2903,0.9986734693877553
dbpedia_46081,sales_717,1.0
dbpedia_7834,sales_1595,0.9056479815131868
dbpedia_15248,sales_3487,0.9088946726133172
dbpedia_49818,sales_5779,1.0
dbpedia_56614,sales_2404,1.0
dbpedia_38495,sales_4658,1.0
dbpedia_18575,sales_7818,0.9860266591038004
dbpedia_11088,sales_3981,0.9224260111699896
dbpedia_45084,sales_5126,1.0
dbpedia_19297,sales_3190,1.0
dbpedia_53576,sales_234,0.9300944927640408
dbpedia_17576,sales_1751,0.9726607881501712
dbpedia_7072,sales_5169,0.9649432981733422
dbpedia_2846,sales_1468,1.0
dbpedia_386,sales_2128,0.99
dbpedia_56875,sales_2353,0.920912873050446
dbpedia_10038,sales_2210,0.9986734693877553
dbpedia_20541,sales_4471,1.0
dbpedia_58672,sales_6918,0.9959375
dbpedia_42950,sales_361,0.9227468099367054
dbpedia_28710,sales_998,0.9429653259486428
dbpedia_22523,sales_6036,1.0
dbpedia_21268,sales_2406,0.973953488372093
dbpedia_58884,sales_3235,0.9304219301673295
dbpedia_32245,sales_1915,0.9153413897734192
dbpedia_64763,sales_3258,1.0
dbpedia_16154,sales_157,0.9337393127012794
dbpedia_15370,sales_7330,0.972626957759848
dbpedia_12029,sales_3007,1.0
dbpedia_3984,sales_1454,0.983953488372093
dbpedia_44444,sales_3935,0.9259661376005184
dbpedia_47544,sales_6742,1.0
dbpedia_55244,sales_1522,0.9222548523288662
dbpedia_14987,sales_7117,1.0
dbpedia_12253,sales_5807,0.973576371091879
dbpedia_39035,sales_7365,1.0
dbpedia_51494,sales_6259,1.0
dbpedia_22078,sales_5211,1.0
dbpedia_18817,sales_5702,0.9345303533675628
dbpedia_32537,sales_571,0.9153413897734192
dbpedia_5169,sales_1381,1.0
dbpedia_522,sales_2490,1.0
dbpedia_37205,sales_3087,1.0
dbpedia_28145,sales_1709,0.9198863116324644
dbpedia_19051,sales_3583,0.9197737018524346
dbpedia_55528,sales_4198,0.929841233501547
dbpedia_57560,sales_5495,1.0
dbpedia_50284,sales_7842,1.0
dbpedia_5863,sales_6770,0.994468085106383
dbpedia_42842,sales_1985,0.9236788304972549
dbpedia_45999,sales_7274,0.9328604502108492
dbpedia_4104,sales_1348,1.0
dbpedia_908,sales_3175,0.921255314314192
dbpedia_34733,sales_1308,0.9976576576576576
dbpedia_17456,sales_2829,0.9986734693877553
dbpedia_56198,sales_1827,1.0
dbpedia_17970,sales_7069,1.0
dbpedia_31248,sales_1054,1.0
dbpedia_29293,sales_7796,1.0
dbpedia_63190,sales_365,0.9416312747502892
dbpedia_41164,sales_2184,0.9848917002108492
dbpedia_3095,sales_6441,0.922198989985094
dbpedia_1924,sales_6541,0.9886734693877552
dbpedia_29160,sales_3097,0.9986734693877553
dbpedia_16671,sales_40,0.9972340425531914
dbpedia_2395,sales_1853,1.0
dbpedia_1261,sales_2644,0.9959375
dbpedia_60970,sales_2838,0.99
dbpedia_11494,sales_6279,1.0
dbpedia_62390,sales_1842,0.9492155903977652
dbpedia_13932,sales_6084,1.0
dbpedia_44034,sales_5069,0.9845800865800868
dbpedia_41875,sales_5007,0.994468085106383
dbpedia_42578,sales_529,1.0
dbpedia_60847,sales_3807,0.92023048530984
dbpedia_324,sales_3199,1.0
dbpedia_9779,sales_1233,0.9820218068535824
dbpedia_18136,sales_5301,0.9192477693085508
dbpedia_16042,sales_2591,0.9329952259265358
dbpedia_45026,sales_4039,1.0
dbpedia_5015,sales_2004,0.9021410192973776
dbpedia_21356,sales_1420,0.9189370597681752
dbpedia_52207,sales_2950,0.9856666666666666
dbpedia_10330,sales_153,1.0
dbpedia_4438,sales_6036,0.9926505681818182
dbpedia_36271,sales_22,0.9976576576576576
dbpedia_28991,sales_6053,0.96182539757163
dbpedia_35700,sales_2308,0.9782512387059168
dbpedia_63450,sales_1337,0.9986734693877553
dbpedia_46565,sales_7068,0.9322471127986078
dbpedia_12160,sales_3331,1.0
dbpedia_5824,sales_2339,0.932957805362534
dbpedia_36271,sales_1526,0.9976576576576576
dbpedia_34424,sales_4260,0.9734474556690624
dbpedia_22187,sales_2430,0.9129646080836226
dbpedia_54546,sales_4737,1.0
dbpedia_56073,sales_2485,1.0
dbpedia_11789,sales_113,0.9444654908358376
dbpedia_23080,sales_2048,1.0
dbpedia_22821,sales_1047,0.9231594590478664
dbpedia_57132,sales_3024,0.94205316349071
dbpedia_34733,sales_1399,0.9976576576576576
dbpedia_3732,sales_895,0.9343972321970976
dbpedia_29125,sales_5804,1.0
dbpedia_59280,sales_1114,1.0
dbpedia_37003,sales_5733,0.9165550871338196
dbpedia_55710,sales_1163,0.9304219301673295
dbpedia_53330,sales_4228,0.993953488372093
dbpedia_24058,sales_6631,1.0
dbpedia_12711,sales_6077,1.0
dbpedia_36587,sales_921,0.994468085106383
dbpedia_28105,sales_7672,0.955866035168501
dbpedia_41833,sales_1585,0.9676576576576577
dbpedia_12505,sales_5953,0.973953488372093
dbpedia_6785,sales_6991,0.983953488372093
dbpedia_31768,sales_49,1.0
dbpedia_18563,sales_565,0.994468085106383
dbpedia_14114,sales_3258,1.0
dbpedia_62096,sales_4627,0.9621652108786356
dbpedia_10328,sales_2880,0.9825608766233768
dbpedia_15657,sales_3928,0.9986734693877553
dbpedia_25303,sales_797,1.0
dbpedia_39134,sales_6117,1.0
dbpedia_7226,sales_7475,1.0
dbpedia_428,sales_288,0.9901416006489216
dbpedia_5487,sales_2082,0.9986734693877553
dbpedia_48356,sales_431,0.9050943913685524
dbpedia_8117,sales_2114,0.9309564526807682
dbpedia_19376,sales_2820,0.9945921266233766
dbpedia_53922,sales_7820,1.0
dbpedia_11469,sales_301,1.0
dbpedia_55092,sales_3530,0.9876576576576576
dbpedia_48239,sales_1930,0.976924708093672
dbpedia_43077,sales_7560,1.0
dbpedia_27047,sales_6862,0.9168340673034808
dbpedia_19066,sales_87,1.0
dbpedia_24620,sales_5591,0.9504251517519464
dbpedia_38696,sales_548,0.9976576576576576
dbpedia_56678,sales_3059,1.0
dbpedia_43368,sales_3928,0.9986734693877553
dbpedia_46842,sales_7824,0.968421573478476
dbpedia_53793,sales_6458,1.0
dbpedia_14756,sales_2260,1.0
dbpedia_35938,sales_6696,0.9621652108786356
dbpedia_8723,sales_1234,0.9829075580957302
dbpedia_11203,sales_5937,0.9492403100775192
dbpedia_55981,sales_7230,0.994396551724138
dbpedia_34222,sales_3460,1.0
dbpedia_24570,sales_2566,0.9212306190276186
dbpedia_5474,sales_708,1.0
dbpedia_5485,sales_1850,0.9273202852936098
dbpedia_5816,sales_1741,0.9197737018524346
dbpedia_36271,sales_37,0.9976576576576576
dbpedia_58665,sales_408,0.9338318979365532
dbpedia_9959,sales_5619,0.96182539757163
dbpedia_52933,sales_6036,0.9986734693877553
dbpedia_50006,sales_4242,0.9030197085066402
dbpedia_43781,sales_1944,0.996355140186916
dbpedia_37939,sales_1628,0.9287267031250296
dbpedia_29642,sales_6084,1.0
dbpedia_9982,sales_2160,1.0
dbpedia_34589,sales_7304,0.9976576576576576
dbpedia_1644,sales_668,0.929841233501547
dbpedia_30891,sales_288,1.0
dbpedia_1509,sales_126,1.0
dbpedia_41991,sales_1104,0.9986734693877553
dbpedia_40768,sales_2414,1.0
dbpedia_16230,sales_300,0.9399957699663222
dbpedia_46654,sales_1492,0.99
dbpedia_59684,sales_217,1.0
dbpedia_54832,sales_3945,1.0
dbpedia_35834,sales_5645,0.9029734745800808
dbpedia_26507,sales_7027,1.0
dbpedia_13100,sales_5113,0.948020414933461
dbpedia_13343,sales_2705,0.9886734693877552
dbpedia_43868,sales_382,0.9726607881501712
dbpedia_11679,sales_2308,0.92335966190615
dbpedia_36796,sales_4948,0.994396551724138
dbpedia_27435,sales_7308,1.0
dbpedia_11789,sales_129,0.9444654908358376
dbpedia_39132,sales_580,0.9872340425531914
dbpedia_2600,sales_1637,0.9351230580377268
dbpedia_64878,sales_2053,1.0
dbpedia_18146,sales_702,1.0
dbpedia_22025,sales_675,0.912727358496362
dbpedia_57762,sales_5032,0.9945921266233766
dbpedia_14933,sales_7705,1.0
dbpedia_45136,sales_7606,1.0
dbpedia_40029,sales_3101,1.0
dbpedia_37542,sales_2307,0.993953488372093
dbpedia_54001,sales_5706,0.9401982208551746
dbpedia_32189,sales_5429,0.9848917002108492
dbpedia_7925,sales_2503,0.9148663614225392
dbpedia_51641,sales_980,1.0
dbpedia_12677,sales_3866,1.0
dbpedia_30937,sales_7413,1.0
dbpedia_4998,sales_6414,0.9409441540110456
dbpedia_41315,sales_7873,1.0
dbpedia_21885,sales_489,0.9829075580957302
dbpedia_8882,sales_6293,0.96668868615491
dbpedia_41979,sales_5726,0.9945921266233766
dbpedia_35908,sales_4206,0.9945921266233766
dbpedia_4742,sales_7242,1.0
dbpedia_64646,sales_3736,1.0
dbpedia_24052,sales_6738,1.0
dbpedia_53394,sales_7458,1.0
dbpedia_20945,sales_5125,1.0
dbpedia_54102,sales_7448,0.9497671203666884
dbpedia_48060,sales_1776,0.9340173872358573
dbpedia_20879,sales_6358,1.0
dbpedia_2851,sales_156,0.9300944927640408
dbpedia_63502,sales_344,1.0
dbpedia_26167,sales_4928,1.0
dbpedia_8640,sales_570,0.9986734693877553
dbpedia_36127,sales_3970,0.929156041311523
dbpedia_26641,sales_4177,0.9945921266233766
dbpedia_27098,sales_174,0.9300944927640408
dbpedia_10565,sales_4627,0.9521652108786356
dbpedia_59464,sales_7859,0.9504084276484756
dbpedia_24044,sales_267,0.9283507205691904
dbpedia_37140,sales_2916,1.0
dbpedia_42767,sales_6259,1.0
dbpedia_4552,sales_309,0.99
dbpedia_42277,sales_5008,0.983953488372093
dbpedia_29017,sales_562,0.9986734693877553
dbpedia_53108,sales_531,1.0
dbpedia_60243,sales_7092,0.9959375
dbpedia_35038,sales_1799,1.0
dbpedia_31220,sales_4519,0.9756666666666668
dbpedia_375,sales_823,0.99
dbpedia_21732,sales_130,0.9972340425531914
dbpedia_15934,sales_3542,0.975181309363484
dbpedia_10718,sales_7418,1.0
dbpedia_7678,sales_2485,1.0
dbpedia_27367,sales_3419,0.9207542553141306
dbpedia_13891,sales_5323,1.0
dbpedia_2292,sales_2249,0.9176234951112032
dbpedia_931,sales_5569,0.970281994401049
dbpedia_7599,sales_1783,1.0
dbpedia_23772,sales_3399,1.0
dbpedia_40235,sales_1709,0.9125461755780424
dbpedia_11789,sales_2329,0.9444654908358376
dbpedia_38009,sales_4499,1.0
dbpedia_41399,sales_3215,0.9758869859035672
dbpedia_46879,sales_882,1.0
dbpedia_28924,sales_3876,0.9882860501004882
dbpedia_2000,sales_1648,0.948962826919694
dbpedia_39519,sales_6036,1.0
dbpedia_37750,sales_7115,1.0
dbpedia_18824,sales_5031,0.9197139344136824
dbpedia_26965,sales_863,0.99
dbpedia_38724,sales_2921,1.0
dbpedia_44619,sales_7097,1.0
dbpedia_46977,sales_1395,0.9760266591038004
dbpedia_21842,sales_4289,1.0
dbpedia_59877,sales_1547,0.9465476022869076
dbpedia_44518,sales_5208,1.0
dbpedia_44149,sales_1453,0.925436836208158
dbpedia_2754,sales_502,0.99
dbpedia_22870,sales_5373,0.9554230136984266
dbpedia_48633,sales_2441,1.0
dbpedia_35254,sales_387,0.952974236640419
dbpedia_20556,sales_7591,1.0
dbpedia_19281,sales_4240,1.0
dbpedia_22373,sales_3922,1.0
dbpedia_54270,sales_528,0.9861960478946736
dbpedia_36245,sales_5975,0.9972340425531914
dbpedia_7667,sales_7135,0.9108527075801558
dbpedia_17362,sales_197,1.0
dbpedia_56405,sales_3880,0.913989486041616
dbpedia_55413,sales_289,0.9972340425531914
dbpedia_55234,sales_7,1.0
dbpedia_15098,sales_34,0.9443972321970976
dbpedia_44384,sales_6593,1.0
dbpedia_2008,sales_7037,0.9486991253934796
dbpedia_9263,sales_7200,0.994396551724138
dbpedia_38422,sales_7601,0.9594387696312012
dbpedia_2918,sales_148,0.99
dbpedia_32640,sales_2084,0.9016488590803432
dbpedia_41223,sales_3993,1.0
dbpedia_29977,sales_1457,0.983953488372093
dbpedia_20770,sales_5124,1.0
dbpedia_30607,sales_111,1.0
dbpedia_12594,sales_6912,0.9334623022065344
dbpedia_38608,sales_7063,0.9911875309252846
dbpedia_51325,sales_3542,0.975181309363484
dbpedia_31230,sales_3099,0.9072139397937408
dbpedia_60164,sales_7112,0.9959375
dbpedia_19745,sales_5542,0.905677205318148
dbpedia_20807,sales_758,0.983953488372093
dbpedia_20822,sales_5408,1.0
dbpedia_4771,sales_6631,1.0
dbpedia_57240,sales_4893,1.0
dbpedia_28019,sales_1047,0.9101594590478662
dbpedia_51056,sales_2431,0.9197737018524346
dbpedia_60933,sales_1982,0.9538566475716296
dbpedia_28348,sales_1502,0.9548702889041466
dbpedia_40849,sales_5310,1.0
dbpedia_36790,sales_275,0.964929601675754
dbpedia_47397,sales_7558,0.937478237347714
dbpedia_24225,sales_1709,0.9125461755780424
dbpedia_39437,sales_7660,1.0
dbpedia_23439,sales_2849,0.9621652108786356
dbpedia_47187,sales_2551,0.9385673758865248
dbpedia_42914,sales_2003,0.9945921266233766
dbpedia_22468,sales_1966,1.0
dbpedia_5632,sales_5036,0.96182539757163
dbpedia_36876,sales_331,0.983953488372093
dbpedia_9228,sales_7340,0.904966517790842
dbpedia_34255,sales_3981,0.908092677836656
dbpedia_27126,sales_6716,0.9976576576576576
dbpedia_42846,sales_2728,0.905046100424803
dbpedia_24487,sales_3746,0.9870685311161502
dbpedia_937,sales_6779,1.0
dbpedia_24926,sales_6036,0.9826505681818182
dbpedia_14531,sales_5250,0.9476665606691336
dbpedia_2752,sales_3928,1.0
dbpedia_6470,sales_4658,1.0
dbpedia_19889,sales_802,1.0
dbpedia_320,sales_2438,0.9911875309252846
dbpedia_14508,sales_773,0.99
dbpedia_14624,sales_132,0.965863686700896
dbpedia_28641,sales_3928,1.0
dbpedia_32682,sales_3093,1.0
dbpedia_54266,sales_2874,0.9185924218470934
dbpedia_53795,sales_11,1.0
dbpedia_47021,sales_2650,0.978421573478476
dbpedia_67,sales_3928,1.0
dbpedia_11752,sales_7740,1.0
dbpedia_25080,sales_6747,1.0
dbpedia_41768,sales_6641,1.0
dbpedia_3276,sales_3500,0.9856666666666666
dbpedia_29531,sales_7287,1.0
dbpedia_9204,sales_244,0.9377475368848016
dbpedia_17976,sales_443,0.9801416006489216
dbpedia_48838,sales_7728,1.0
dbpedia_21457,sales_5794,0.9359429310069016
dbpedia_17893,sales_1765,0.9264775756140448
dbpedia_7407,sales_710,0.99
dbpedia_21885,sales_313,0.9829075580957302
dbpedia_52701,sales_1505,0.913989486041616
dbpedia_46165,sales_6036,1.0
dbpedia_16741,sales_3597,0.947478237347714
dbpedia_16359,sales_1343,0.9805467464492044
dbpedia_11726,sales_6282,0.9306307363640256
dbpedia_37165,sales_2587,0.921446965333054
dbpedia_61305,sales_5453,0.98796875
dbpedia_2308,sales_728,0.9652027925531916
dbpedia_44018,sales_4329,0.944482038501042
dbpedia_58756,sales_3171,0.929156041311523
dbpedia_2823,sales_7428,1.0
dbpedia_41988,sales_2416,0.996355140186916
dbpedia_64553,sales_224,0.9102480958393316
dbpedia_15397,sales_5481,1.0
dbpedia_64136,sales_4232,1.0
dbpedia_1900,sales_7866,0.9207542553141306
dbpedia_45843,sales_2165,1.0
dbpedia_22808,sales_283,0.9726607881501712
dbpedia_62390,sales_208,0.9492155903977652
dbpedia_45999,sales_1916,0.9328604502108492
dbpedia_28153,sales_5486,0.994468085106383
dbpedia_38047,sales_4602,1.0
dbpedia_34423,sales_2429,0.9825608766233768
dbpedia_60700,sales_6036,0.9986734693877553
dbpedia_10549,sales_4602,1.0
dbpedia_59113,sales_6770,0.988421573478476
dbpedia_3929,sales_3909,1.0
dbpedia_38696,sales_553,0.9976576576576576
dbpedia_8686,sales_95,1.0
dbpedia_13530,sales_141,0.9183507205691906
dbpedia_3953,sales_1468,1.0
dbpedia_8978,sales_4182,0.994891700210849
dbpedia_31519,sales_7047,1.0
dbpedia_54303,sales_4514,0.9315545207762612
dbpedia_14140,sales_5911,0.9708781964657648
dbpedia_9804,sales_2115,0.947478237347714
dbpedia_40447,sales_3455,0.9972340425531914
dbpedia_10440,sales_3752,0.9972340425531916
dbpedia_55256,sales_3175,0.9065193742468224
dbpedia_25570,sales_949,1.0
dbpedia_36165,sales_3869,0.9388047679599588
dbpedia_19140,sales_634,1.0
dbpedia_3076,sales_3543,0.9697043817739932
dbpedia_13751,sales_5564,0.99
dbpedia_49639,sales_7345,0.917568948261878
dbpedia_24288,sales_853,0.9231594590478664
dbpedia_6713,sales_6921,0.9986734693877553
dbpedia_6988,sales_5656,0.9472479959478506
dbpedia_381,sales_2486,0.9113378887702632
dbpedia_51519,sales_488,0.9911875309252846
dbpedia_57139,sales_1293,0.9825608766233768
dbpedia_38277,sales_1675,1.0
dbpedia_7412,sales_1377,0.9729075580957302
dbpedia_33158,sales_3677,0.9049328683008404
dbpedia_8022,sales_6036,0.9826505681818182
dbpedia_33168,sales_362,0.9729075580957302
dbpedia_16915,sales_955,0.9572340425531916
dbpedia_7420,sales_3859,0.9901416006489216
dbpedia_29728,sales_7157,0.96182539757163
dbpedia_54544,sales_615,0.99
dbpedia_1033,sales_1739,0.984891700210849
dbpedia_23731,sales_6664,0.975181309363484
dbpedia_31422,sales_7602,1.0
dbpedia_58452,sales_899,0.99
dbpedia_53186,sales_4939,0.9122430052468036
dbpedia_20718,sales_3064,0.951322282698334
dbpedia_39536,sales_2902,0.9095206528299112
dbpedia_19958,sales_6784,1.0
dbpedia_14183,sales_2897,1.0
dbpedia_20237,sales_2744,0.947478237347714
dbpedia_10363,sales_6480,0.994468085106383
dbpedia_28311,sales_5032,0.994332561728395
dbpedia_12718,sales_7291,0.922198989985094
dbpedia_36853,sales_3949,0.9972340425531916
dbpedia_34837,sales_6125,1.0
dbpedia_12891,sales_7638,0.9597696913055264
dbpedia_28658,sales_1709,0.9532561322879992
dbpedia_21160,sales_3548,0.9972340425531916
dbpedia_10755,sales_7770,1.0
dbpedia_43467,sales_7268,1.0
dbpedia_38948,sales_2895,0.9185924218470934
dbpedia_63002,sales_275,0.9532561322879992
dbpedia_55390,sales_7133,1.0
dbpedia_63466,sales_1494,1.0
dbpedia_24921,sales_3655,0.932965960864628
dbpedia_51551,sales_2658,0.9890540859707132
dbpedia_47286,sales_7027,1.0
dbpedia_13689,sales_4602,1.0
dbpedia_9153,sales_736,0.9165550871338196
dbpedia_41744,sales_4627,0.9521652108786356
dbpedia_11693,sales_7640,1.0
dbpedia_61233,sales_275,0.9532561322879992
dbpedia_40447,sales_3855,0.9972340425531914
dbpedia_29964,sales_4769,0.96290755809573
dbpedia_56925,sales_5258,0.9313208050689136
dbpedia_39015,sales_2912,1.0
dbpedia_16932,sales_4228,0.993953488372093
dbpedia_6811,sales_556,1.0
dbpedia_9560,sales_4990,1.0
dbpedia_42993,sales_3013,0.99
dbpedia_48051,sales_4412,1.0
dbpedia_27152,sales_7239,1.0
dbpedia_16702,sales_7038,1.0
dbpedia_56972,sales_3886,0.9986734693877553
dbpedia_38300,sales_4075,1.0
dbpedia_6028,sales_6887,1.0
dbpedia_55530,sales_1270,0.9156545136289878
dbpedia_24141,sales_5627,0.9160017137476298
dbpedia_52017,sales_4769,0.9829075580957302
dbpedia_6664,sales_4189,0.922965960864628
dbpedia_1748,sales_5219,0.992626957759848
dbpedia_30251,sales_4178,0.994468085106383
dbpedia_15021,sales_3073,0.993953488372093
dbpedia_59406,sales_78,0.9959075119409464
dbpedia_8315,sales_1021,1.0
dbpedia_5334,sales_6537,0.9588664143819224
dbpedia_39253,sales_2818,0.9830810051506166
dbpedia_15933,sales_2029,1.0
dbpedia_57297,sales_862,0.9165550871338196
dbpedia_45433,sales_7117,1.0
dbpedia_34376,sales_1453,0.925436836208158
dbpedia_20841,sales_6026,0.99
dbpedia_14144,sales_6443,1.0
dbpedia_47789,sales_7350,0.9417287994743352
dbpedia_28623,sales_4565,0.9354895041458624
dbpedia_37188,sales_440,1.0
dbpedia_51094,sales_1074,0.925436836208158
dbpedia_22258,sales_1059,0.9466870816001276
dbpedia_4111,sales_3928,1.0
dbpedia_27123,sales_4143,0.994891700210849
dbpedia_40079,sales_1257,0.9856666666666666
dbpedia_10296,sales_4852,0.9848917002108492
dbpedia_28624,sales_2132,0.9911875309252844
dbpedia_19381,sales_1900,0.9848917002108492
dbpedia_4277,sales_3934,1.0
dbpedia_23661,sales_2788,0.9472972679036828
dbpedia_10728,sales_5429,0.9748917002108493
dbpedia_23739,sales_998,0.9429653259486428
dbpedia_19801,sales_4761,0.947478237347714
dbpedia_23073,sales_7231,1.0
dbpedia_8495,sales_6233,0.9986734693877553
dbpedia_1077,sales_2414,1.0
dbpedia_19267,sales_2849,0.9521652108786356
dbpedia_49927,sales_7039,1.0
dbpedia_36897,sales_5986,0.984891700210849
dbpedia_35665,sales_969,0.9758162029334332
dbpedia_8446,sales_3297,0.910683855526844
dbpedia_48164,sales_1709,0.901733735982932
dbpedia_19813,sales_444,0.9647502019153108
dbpedia_34241,sales_955,1.0
dbpedia_61312,sales_1981,1.0
dbpedia_44148,sales_1878,0.9911875309252846
dbpedia_7610,sales_3928,0.9986734693877553
dbpedia_54442,sales_1412,0.9044639895306122
dbpedia_11792,sales_6692,1.0
dbpedia_21357,sales_2175,1.0
dbpedia_1766,sales_7165,0.9206990341392012
dbpedia_60678,sales_3592,0.9911875309252844
dbpedia_40981,sales_101,0.9095206528299112
dbpedia_7647,sales_3755,0.906973375552472
dbpedia_56121,sales_2409,0.9273366790572314
dbpedia_34733,sales_511,0.9976576576576576
dbpedia_13215,sales_1991,0.9347057266762788
dbpedia_46858,sales_1763,0.9639227287081016
dbpedia_59292,sales_2459,0.9986734693877553
dbpedia_16172,sales_3285,1.0
dbpedia_57119,sales_5320,1.0
dbpedia_30140,sales_2935,1.0
dbpedia_9172,sales_226,0.933328550222662
dbpedia_26160,sales_6600,0.9390863731343804
dbpedia_51897,sales_2074,0.9300944927640408
dbpedia_15080,sales_6864,1.0
dbpedia_47104,sales_2093,1.0
dbpedia_9822,sales_2906,0.984891700210849
dbpedia_8241,sales_691,0.99
dbpedia_57979,sales_664,0.99
dbpedia_7307,sales_1274,0.993953488372093
dbpedia_45999,sales_2092,0.9328604502108492
dbpedia_43291,sales_6430,0.9492155903977652
dbpedia_18343,sales_4466,0.9856666666666666
dbpedia_48918,sales_7122,1.0
dbpedia_34285,sales_1813,0.9911875309252846
dbpedia_37385,sales_6133,0.9911875309252846
dbpedia_35325,sales_4493,0.9181608742023036
dbpedia_13370,sales_7504,1.0
dbpedia_55092,sales_3319,0.9876576576576576
dbpedia_55019,sales_5091,0.90951030871913
dbpedia_64022,sales_7323,0.9959375
dbpedia_38347,sales_817,1.0
dbpedia_213,sales_5945,0.9309564526807682
dbpedia_19356,sales_2897,1.0
dbpedia_16592,sales_6666,0.9373285592598692
dbpedia_2308,sales_6388,0.9652027925531916
dbpedia_20242,sales_7306,0.9701416006489216
dbpedia_16775,sales_3495,0.9268737747955296
dbpedia_19697,sales_7566,0.9959375
dbpedia_26239,sales_2549,0.9056479815131868
dbpedia_29814,sales_40,0.9959075119409464
dbpedia_43001,sales_2705,0.9986734693877553
dbpedia_23804,sales_7505,1.0
dbpedia_4055,sales_7304,0.9676576576576577
dbpedia_9587,sales_6910,0.9916041666666666
dbpedia_23288,sales_7639,0.99
dbpedia_17374,sales_1877,0.9283507205691904
dbpedia_11078,sales_6288,0.9825608766233768
dbpedia_42747,sales_250,0.9770685311161502
dbpedia_45377,sales_3799,0.9443972321970976
dbpedia_40862,sales_2729,0.9029913236448028
dbpedia_56149,sales_3518,0.9776576576576576
dbpedia_52437,sales_1453,0.925436836208158
dbpedia_43641,sales_1507,0.9165550871338196
dbpedia_22494,sales_3188,0.9486828240387928
dbpedia_48601,sales_3150,0.99
dbpedia_25762,sales_3985,0.9801416006489216
dbpedia_59709,sales_4743,1.0
dbpedia_45098,sales_2849,0.9521652108786356
dbpedia_25643,sales_4162,1.0
dbpedia_4506,sales_6617,0.9481713938431487
dbpedia_7064,sales_4374,0.9959375
dbpedia_63449,sales_1333,0.903706672408079
dbpedia_2581,sales_1727,0.9266588733840329
dbpedia_11186,sales_2322,0.9829075580957302
dbpedia_15560,sales_3928,0.9926505681818182
dbpedia_56015,sales_3246,0.96
dbpedia_7854,sales_1395,0.9699801474758932
dbpedia_55336,sales_853,0.9101594590478662
dbpedia_21880,sales_7541,0.98
dbpedia_3240,sales_4769,0.96290755809573
dbpedia_31834,sales_1666,0.9264775756140448
dbpedia_20242,sales_4131,0.9701416006489216
dbpedia_59864,sales_1347,0.9972340425531916
dbpedia_36535,sales_742,0.9165550871338196
dbpedia_40843,sales_4890,1.0
dbpedia_58498,sales_6259,1.0
dbpedia_35736,sales_7199,0.950565046187522
dbpedia_42546,sales_275,0.9142196449657974
dbpedia_44145,sales_1817,0.9859075119409464
dbpedia_33485,sales_2624,1.0
dbpedia_56853,sales_3462,0.9400638988637644
dbpedia_39132,sales_3455,0.9872340425531914
dbpedia_54557,sales_7115,1.0
dbpedia_13725,sales_4469,0.9986734693877553
dbpedia_28938,sales_849,0.93487263734244
dbpedia_21029,sales_2121,1.0
dbpedia_5357,sales_6521,1.0
dbpedia_56765,sales_41,1.0
dbpedia_15802,sales_1299,1.0
dbpedia_41775,sales_4822,0.9329849890634132
dbpedia_17143,sales_3700,0.9003240171341568
dbpedia_45021,sales_6134,0.9202211299502966
dbpedia_10476,sales_3154,0.96182539757163
dbpedia_13383,sales_6971,0.90951030871913
dbpedia_14868,sales_4715,1.0
dbpedia_7923,sales_4049,1.0
dbpedia_46547,sales_1695,0.97
dbpedia_27458,sales_2306,0.9911875309252846
dbpedia_56401,sales_1996,0.952974236640419
dbpedia_14734,sales_1234,0.9729075580957302
dbpedia_28352,sales_1609,1.0
dbpedia_55587,sales_6716,0.9876576576576576
dbpedia_53576,sales_1427,0.9300944927640408
dbpedia_28301,sales_2158,0.9972340425531914
dbpedia_6429,sales_3928,1.0
dbpedia_5194,sales_7730,1.0
dbpedia_24100,sales_1,0.9972340425531914
dbpedia_33422,sales_6031,0.9338436420524632
dbpedia_38966,sales_213,0.9617936773979184
dbpedia_52668,sales_7571,1.0
dbpedia_14701,sales_1369,0.9427097393768706
dbpedia_28698,sales_7090,1.0
dbpedia_51694,sales_5486,0.988421573478476
dbpedia_17996,sales_2730,0.9026400422191384
dbpedia_7257,sales_3957,0.9238103811333284
dbpedia_4166,sales_4442,0.9256666666666666
dbpedia_530,sales_1870,0.9972340425531916
dbpedia_28507,sales_5896,0.9885456149954696
dbpedia_2921,sales_2705,0.9986734693877553
dbpedia_4273,sales_2615,0.9334582541458624
dbpedia_54175,sales_352,0.9400638988637644
dbpedia_23507,sales_3845,0.932965960864628
dbpedia_32359,sales_2465,0.9986734693877553
dbpedia_63666,sales_3097,0.9986734693877553
dbpedia_18583,sales_882,0.9848917002108492
dbpedia_5673,sales_156,0.9100944927640406
dbpedia_64813,sales_1617,0.99
dbpedia_62390,sales_970,0.9492155903977652
dbpedia_28637,sales_6845,1.0
dbpedia_43218,sales_7644,1.0
dbpedia_7270,sales_510,0.9734052060638584
dbpedia_24949,sales_7781,0.9778290767997668
dbpedia_55261,sales_1167,0.9058083636469786
dbpedia_24974,sales_1307,0.9263601952946334
dbpedia_22400,sales_2425,0.9676576576576577
dbpedia_25180,sales_1960,1.0
dbpedia_8299,sales_6468,0.9066497145007776
dbpedia_5733,sales_2290,0.9300944927640408
dbpedia_52762,sales_1513,0.994396551724138
dbpedia_4937,sales_6430,0.9392155903977653
dbpedia_12808,sales_4778,0.9161650484707012
dbpedia_47141,sales_2903,0.9986734693877553
dbpedia_19650,sales_4593,1.0
dbpedia_48298,sales_1337,0.9886734693877552
dbpedia_31784,sales_5124,1.0
dbpedia_51430,sales_7679,0.9506620949686498
dbpedia_35635,sales_443,0.9601416006489216
dbpedia_2904,sales_7748,1.0
dbpedia_21432,sales_7644,1.0
dbpedia_63030,sales_7095,0.975181309363484
dbpedia_25585,sales_5496,0.9598482867564768
dbpedia_25590,sales_3792,1.0
dbpedia_47200,sales_3064,0.951322282698334
dbpedia_13200,sales_3076,0.9856666666666666
dbpedia_51282,sales_4677,1.0
dbpedia_935,sales_7159,1.0
dbpedia_50629,sales_6143,0.993953488372093
dbpedia_44725,sales_4862,0.911609461092614
dbpedia_5733,sales_2768,0.9300944927640408
dbpedia_9822,sales_3448,0.984891700210849
dbpedia_51897,sales_2557,0.9300944927640408
dbpedia_21577,sales_6742,1.0
dbpedia_39537,sales_3039,0.9986734693877553
dbpedia_7061,sales_4769,0.96290755809573
dbpedia_20896,sales_4605,0.9539227287081016
dbpedia_57135,sales_4838,0.9859075119409466
dbpedia_28308,sales_3200,1.0
dbpedia_33357,sales_2899,0.996355140186916
dbpedia_43525,sales_6939,0.9755576550387596
dbpedia_1781,sales_2829,0.9986734693877553
dbpedia_46547,sales_2023,0.97
dbpedia_23284,sales_7279,1.0
dbpedia_20869,sales_5019,0.9306307363640256
dbpedia_38307,sales_3039,1.0
dbpedia_44334,sales_1338,0.9911875309252846
dbpedia_48221,sales_3039,1.0
dbpedia_22685,sales_5362,0.9080197722040846
dbpedia_32911,sales_4,1.0
dbpedia_26132,sales_964,0.9986734693877553
dbpedia_18415,sales_6076,1.0
dbpedia_16083,sales_352,0.9147122799009056
dbpedia_43288,sales_4441,0.9360252630109528
dbpedia_17344,sales_2947,0.9338436420524632
dbpedia_33233,sales_4182,0.984891700210849
dbpedia_99,sales_2958,0.9231594590478664
dbpedia_50030,sales_3276,0.9422890706498168
dbpedia_39132,sales_3855,0.9872340425531914
dbpedia_52449,sales_1903,0.9972340425531914
dbpedia_38286,sales_7323,0.9959375
dbpedia_5624,sales_5805,1.0
dbpedia_39657,sales_6394,0.98
dbpedia_19040,sales_5344,0.927324656978136
dbpedia_64798,sales_7867,0.9153887659011724
dbpedia_26946,sales_6112,1.0
dbpedia_25279,sales_7375,0.956989498268326
dbpedia_10068,sales_2160,1.0
dbpedia_48747,sales_2001,0.9071950793881156
dbpedia_52449,sales_7652,0.9972340425531914
dbpedia_13647,sales_467,0.9264775756140448
dbpedia_13219,sales_3752,0.9911875309252846
dbpedia_31139,sales_3183,1.0
dbpedia_31284,sales_1090,0.9395679329060854
dbpedia_63792,sales_2903,1.0
dbpedia_6945,sales_3941,0.9976576576576576
dbpedia_50536,sales_5184,0.9331145648741808
dbpedia_21161,sales_3101,1.0
dbpedia_9855,sales_531,1.0
dbpedia_49890,sales_7422,1.0
dbpedia_18544,sales_1960,1.0
dbpedia_62716,sales_3840,0.9228604502108492
dbpedia_41271,sales_1645,0.9214903318497376
dbpedia_62825,sales_5634,1.0
dbpedia_25967,sales_5435,0.9264775756140448
dbpedia_38420,sales_4475,0.9706577138562577
dbpedia_36897,sales_7026,0.984891700210849
dbpedia_42430,sales_5770,0.9945921266233766
dbpedia_7148,sales_836,0.9976576576576576
dbpedia_5934,sales_7426,0.9306307363640256
dbpedia_44850,sales_6705,0.9185545207762614
dbpedia_50238,sales_2010,0.9976576576576576
dbpedia_19425,sales_3949,0.9911875309252846
dbpedia_4864,sales_3826,0.9856666666666666
dbpedia_9160,sales_5253,0.9986734693877553
dbpedia_60047,sales_1552,0.9826262842465754
dbpedia_17528,sales_275,0.901733735982932
dbpedia_52086,sales_2584,0.993953488372093
dbpedia_11117,sales_3928,0.9986734693877553
dbpedia_34234,sales_2903,1.0
dbpedia_34357,sales_6188,1.0
dbpedia_45843,sales_2117,1.0
dbpedia_1741,sales_3736,1.0
dbpedia_56014,sales_3937,0.9839527167671548
dbpedia_23087,sales_5810,0.994891700210849
dbpedia_54383,sales_1261,1.0
dbpedia_11433,sales_368,0.9976576576576576
dbpedia_50115,sales_5804,1.0
dbpedia_52630,sales_4094,0.993953488372093
dbpedia_9674,sales_870,0.980760438855677
dbpedia_24196,sales_7457,1.0
dbpedia_3100,sales_2762,0.955539659299243
dbpedia_13242,sales_7017,1.0
dbpedia_6737,sales_2930,0.97
dbpedia_41184,sales_1090,0.9225062045110238
dbpedia_45481,sales_4228,0.993953488372093
dbpedia_31207,sales_6318,0.9495986718490522
dbpedia_8816,sales_86,1.0
dbpedia_19225,sales_1237,1.0
dbpedia_2924,sales_1486,0.9392155903977653
dbpedia_16108,sales_2009,1.0
dbpedia_14988,sales_5055,0.9876576576576576
dbpedia_8839,sales_6534,0.9046573504674902
dbpedia_31543,sales_1817,0.9972340425531914
dbpedia_44293,sales_7527,0.9943401360544216
dbpedia_43227,sales_3648,0.9725608766233766
dbpedia_62005,sales_5005,1.0
dbpedia_45494,sales_119,1.0
dbpedia_39414,sales_5561,0.9006834370370523
dbpedia_36418,sales_6169,0.9452492593203464
dbpedia_52464,sales_1611,0.9972340425531914
dbpedia_9918,sales_1709,0.9073685181001778
dbpedia_1248,sales_1870,0.9911875309252846
dbpedia_5509,sales_1337,1.0
dbpedia_41065,sales_1317,0.9004649718674149
dbpedia_21354,sales_2001,1.0
dbpedia_8328,sales_4414,0.9092155903977652
dbpedia_9520,sales_3599,0.9825608766233768
dbpedia_62257,sales_1453,0.925436836208158
dbpedia_20242,sales_5207,0.9701416006489216
dbpedia_31141,sales_5172,1.0
dbpedia_26212,sales_5763,0.9866233766233766
dbpedia_24108,sales_1999,0.9181576678613208
dbpedia_1742,sales_6591,0.956138019320194
dbpedia_47520,sales_4310,0.9294387696312012
dbpedia_35599,sales_5757,0.9192477693085508
dbpedia_40122,sales_14,1.0
dbpedia_2567,sales_917,0.9899992283950616
dbpedia_12113,sales_3276,0.9192890706498168
dbpedia_3633,sales_6939,0.9755576550387596
dbpedia_56318,sales_544,0.9748917002108493
dbpedia_32802,sales_2959,0.933926488263339
dbpedia_4467,sales_7027,1.0
dbpedia_16548,sales_5536,1.0
dbpedia_11186,sales_5856,0.9829075580957302
dbpedia_11047,sales_964,0.9986734693877553
dbpedia_3059,sales_4310,0.9748917002108493
dbpedia_20533,sales_882,0.9748917002108493
dbpedia_55904,sales_1244,0.9976576576576576
dbpedia_35933,sales_6537,0.9504713526535272
dbpedia_62427,sales_304,0.9224852152249068
dbpedia_17037,sales_4321,0.9986734693877553
dbpedia_58886,sales_7642,1.0
dbpedia_28443,sales_2158,0.9972340425531914
dbpedia_53061,sales_1699,0.9456447103535156
dbpedia_19888,sales_1168,1.0
dbpedia_34107,sales_3732,0.902563952360952
dbpedia_30943,sales_5598,0.9592155903977652
dbpedia_40447,sales_2691,0.9972340425531914
dbpedia_49989,sales_2454,0.9057237628093424
dbpedia_59955,sales_7644,1.0
dbpedia_24550,sales_1628,0.9162089095927434
dbpedia_55904,sales_960,0.9976576576576576
dbpedia_60044,sales_5768,0.99
dbpedia_53837,sales_7199,0.9462317128541886
dbpedia_19188,sales_4775,1.0
dbpedia_30194,sales_1104,1.0
dbpedia_16541,sales_835,0.9133615795192368
dbpedia_58620,sales_7585,0.935809612539098
dbpedia_26259,sales_5292,0.9770685311161502
dbpedia_5176,sales_7720,0.9951543674698794
dbpedia_27336,sales_2160,1.0
dbpedia_45483,sales_3160,0.9352027925531916
dbpedia_61595,sales_6931,0.9251674378193318
dbpedia_2434,sales_4676,0.9652501338653868
dbpedia_43200,sales_1220,1.0
dbpedia_16110,sales_3817,0.9481713938431487
dbpedia_8581,sales_2829,1.0
dbpedia_42372,sales_3761,0.9601416006489216
dbpedia_10322,sales_2661,0.9133615795192368
dbpedia_55587,sales_6075,0.9976576576576576
dbpedia_52449,sales_2620,0.9972340425531914
dbpedia_40911,sales_4896,0.947478237347714
dbpedia_11733,sales_1292,0.9433831906851384
dbpedia_43741,sales_4784,0.916717121710904
dbpedia_61991,sales_7549,1.0
dbpedia_39521,sales_1886,0.9858162029334332
dbpedia_26822,sales_4528,0.910537013728955
dbpedia_35547,sales_777,0.9911875309252846
dbpedia_12022,sales_6864,0.9192155903977652
dbpedia_41364,sales_6219,1.0
dbpedia_4762,sales_1104,0.9886734693877552
dbpedia_15847,sales_26,0.9196678226268596
dbpedia_1238,sales_1104,0.9315579327401076
dbpedia_39836,sales_6256,1.0
dbpedia_4575,sales_2362,0.910143972402932
dbpedia_27847,sales_6189,0.9648702889041466
dbpedia_33340,sales_94,1.0
dbpedia_36860,sales_3240,0.957739837398374
dbpedia_44,sales_2758,0.993953488372093
dbpedia_9408,sales_6057,0.9976576576576576
dbpedia_2130,sales_7761,0.9146174086158976
dbpedia_26432,sales_5958,0.9165323233184276
dbpedia_38383,sales_7421,0.9108919658075992
dbpedia_40887,sales_5629,0.9231594590478664
dbpedia_64176,sales_5884,0.9228878541095946
dbpedia_34980,sales_5579,1.0
dbpedia_62728,sales_4769,0.96290755809573
dbpedia_9199,sales_485,0.9315579327401076
dbpedia_5501,sales_6887,1.0
dbpedia_22990,sales_4455,0.984891700210849
dbpedia_42533,sales_5593,0.9273364054583818
dbpedia_5361,sales_2829,1.0
dbpedia_17356,sales_7133,1.0
dbpedia_61448,sales_65,1.0
dbpedia_60396,sales_4365,0.9181981168387704
dbpedia_5705,sales_6821,0.9315545207762612
dbpedia_7075,sales_3938,0.9381770291936106
dbpedia_63643,sales_3447,0.9776576576576576
dbpedia_50760,sales_3390,0.9805467464492044
dbpedia_35468,sales_3033,0.9899992283950616
dbpedia_24054,sales_5935,1.0
dbpedia_16350,sales_5211,0.9502990059836556
dbpedia_29401,sales_4205,0.9725608766233766
dbpedia_28847,sales_7063,0.9261650484707016
dbpedia_49951,sales_3271,0.9959375
dbpedia_13204,sales_1461,0.9976576576576576
dbpedia_34320,sales_3313,0.9899992283950616
dbpedia_1499,sales_7375,0.9623319640217508
dbpedia_35534,sales_4530,1.0
dbpedia_24889,sales_23,0.9092155903977652
dbpedia_57542,sales_6865,0.9276106521261602
dbpedia_19240,sales_6954,0.9125007339701472
dbpedia_41078,sales_7133,1.0
dbpedia_216,sales_3389,0.9976576576576576
dbpedia_17327,sales_3784,1.0
dbpedia_8780,sales_420,0.9976576576576576
dbpedia_35461,sales_2015,1.0
dbpedia_9363,sales_78,0.9859075119409464
dbpedia_25565,sales_5847,0.9583950617283952
dbpedia_10539,sales_7272,0.946803904170364
dbpedia_45065,sales_78,0.9972340425531914
dbpedia_29836,sales_443,0.9601416006489216
dbpedia_58777,sales_2075,0.9829075580957302
dbpedia_2693,sales_3868,0.911472482186105
dbpedia_20474,sales_7809,0.9025007339701472
dbpedia_15454,sales_7614,1.0
dbpedia_56082,sales_5072,0.9144920143018456
dbpedia_8237,sales_5602,0.9372096206600924
dbpedia_22802,sales_462,1.0
dbpedia_1714,sales_2783,0.9492155903977652
dbpedia_26292,sales_7359,1.0
dbpedia_1337,sales_217,1.0
dbpedia_27098,sales_2320,0.9200944927640408
dbpedia_33948,sales_1132,0.9164662146617768
dbpedia_18167,sales_4146,0.9231594590478664
dbpedia_35994,sales_3792,0.993953488372093
dbpedia_32853,sales_2226,0.9725608766233766
dbpedia_52448,sales_7748,1.0
dbpedia_30661,sales_3571,0.960942986640419
dbpedia_64671,sales_5223,1.0
dbpedia_49762,sales_132,0.965863686700896
dbpedia_50450,sales_101,0.9095206528299112
dbpedia_27126,sales_6075,0.9876576576576576
dbpedia_39662,sales_3578,0.9848917002108492
dbpedia_30229,sales_6887,1.0
dbpedia_20850,sales_2392,0.9886734693877552
dbpedia_40208,sales_46,0.9859075119409464
dbpedia_2042,sales_4728,0.9683950617283952
dbpedia_35845,sales_78,0.9315579327401076
dbpedia_35051,sales_7750,0.971465082840288
dbpedia_34912,sales_4768,0.9976576576576576
dbpedia_39653,sales_1440,0.9219532723551664
dbpedia_32620,sales_1884,0.9224910011946542
dbpedia_34054,sales_6364,0.975181309363484
dbpedia_5713,sales_4235,0.9203782040911596
dbpedia_35112,sales_616,0.9976576576576576
dbpedia_41845,sales_7852,0.9463457178972132
dbpedia_40189,sales_7505,1.0
dbpedia_55974,sales_3208,0.955539659299243
dbpedia_14377,sales_4763,0.9144927923811996
dbpedia_14751,sales_331,0.983953488372093
dbpedia_26330,sales_4534,1.0
dbpedia_11299,sales_7497,0.912198989985094
dbpedia_53276,sales_1015,0.9876576576576576
dbpedia_54249,sales_1628,0.9088687735383216
dbpedia_58796,sales_4920,1.0
dbpedia_44652,sales_964,0.9986734693877553
dbpedia_35699,sales_2662,0.9072165193085509
dbpedia_11415,sales_144,0.9505446602132668
dbpedia_57199,sales_4289,1.0
dbpedia_1194,sales_4990,1.0
dbpedia_24944,sales_7720,0.9755576550387596
dbpedia_13699,sales_4690,0.9681304347826089
dbpedia_35879,sales_3381,0.9386692393540772
dbpedia_3831,sales_4317,0.993953488372093
dbpedia_17640,sales_1337,0.9315579327401076
dbpedia_30983,sales_7816,1.0
dbpedia_18657,sales_2902,0.9095206528299112
dbpedia_50459,sales_376,0.9976576576576576
dbpedia_25716,sales_4328,0.9428604502108492
dbpedia_27359,sales_2548,0.9976576576576576
dbpedia_51027,sales_4852,0.9848917002108492
dbpedia_3676,sales_353,0.9976576576576576
dbpedia_24889,sales_683,0.9092155903977652
dbpedia_59954,sales_1419,0.9515579327401076
dbpedia_47136,sales_1838,0.9976576576576576
dbpedia_63723,sales_113,0.921146731781334
dbpedia_28681,sales_2259,0.9829075580957302
dbpedia_6728,sales_4331,0.9308370267278974
dbpedia_28495,sales_6747,1.0
dbpedia_8909,sales_6067,0.9439206445270596
dbpedia_63100,sales_4918,1.0
dbpedia_45999,sales_3124,0.9328604502108492
dbpedia_12869,sales_1337,1.0
dbpedia_18752,sales_2465,0.9986734693877553
dbpedia_26310,sales_5536,0.993953488372093
dbpedia_54140,sales_4564,0.922198989985094
dbpedia_39452,sales_2014,0.9695993442773294
dbpedia_3723,sales_414,0.9976576576576576
dbpedia_29875,sales_1314,0.9976576576576576
dbpedia_38947,sales_3208,0.9402985327560331
dbpedia_36678,sales_1445,1.0
dbpedia_39896,sales_72,0.9972340425531914
dbpedia_39465,sales_4769,0.96290755809573
dbpedia_47728,sales_762,1.0
dbpedia_48923,sales_5407,0.9133615795192368
dbpedia_42792,sales_3033,0.9816041666666666
dbpedia_10952,sales_4588,0.9826826228772596
dbpedia_57582,sales_4679,0.9876576576576576
dbpedia_25075,sales_5300,0.984891700210849
dbpedia_50054,sales_7063,0.911528412721449
dbpedia_24889,sales_18,0.9092155903977652
dbpedia_39132,sales_2691,0.9872340425531914
dbpedia_41116,sales_3595,0.9072165193085509
dbpedia_27826,sales_6620,0.9242899372925102
dbpedia_58698,sales_5308,0.9876576576576576
dbpedia_27140,sales_367,0.994891700210849
dbpedia_19089,sales_249,0.9876576576576576
dbpedia_8723,sales_2713,0.9829075580957302
dbpedia_6186,sales_7297,0.9315892893772352
dbpedia_45999,sales_4073,0.9328604502108492
dbpedia_21576,sales_6024,0.9976576576576576
dbpedia_52276,sales_964,1.0
dbpedia_42872,sales_2474,0.9288047679599588
dbpedia_37851,sales_7720,0.9755576550387596
dbpedia_63947,sales_1868,0.97
dbpedia_63144,sales_4471,0.9876576576576576
dbpedia_36341,sales_7272,0.9256734693877552
dbpedia_45999,sales_5014,0.9328604502108492
dbpedia_11957,sales_4945,0.9122368492217235
dbpedia_10357,sales_988,1.0
dbpedia_12538,sales_758,0.983953488372093
dbpedia_21712,sales_4476,0.9866233766233766
dbpedia_17950,sales_3760,0.9108919658075992
dbpedia_21104,sales_3337,0.9395392470608434
dbpedia_47690,sales_1956,0.9231594590478664
dbpedia_19275,sales_1924,0.9976576576576576
dbpedia_19692,sales_6765,0.9976576576576576
dbpedia_15858,sales_1579,0.9829075580957302
dbpedia_30639,sales_5914,0.9848917002108492
dbpedia_43920,sales_2996,0.9829075580957302
dbpedia_61043,sales_4148,0.9825608766233768
dbpedia_32890,sales_7532,1.0
dbpedia_19089,sales_61,0.9976576576576576
dbpedia_14726,sales_5810,0.974891700210849
dbpedia_15675,sales_2079,0.9224910011946542
dbpedia_61173,sales_1381,1.0
dbpedia_32904,sales_5165,0.948962826919694
dbpedia_24957,sales_747,0.9801416006489216
dbpedia_22171,sales_5248,0.9020034254129782
dbpedia_6318,sales_1015,0.9676576576576577
dbpedia_15625,sales_6967,0.9003556352616597
dbpedia_34794,sales_1493,0.983953488372093
dbpedia_7239,sales_964,1.0
dbpedia_4678,sales_281,0.9401413759862308
dbpedia_37731,sales_6151,0.9005547080997262
dbpedia_46547,sales_1142,0.97
dbpedia_19615,sales_3962,0.9128590512590072
dbpedia_8062,sales_78,0.9972340425531914
dbpedia_11165,sales_1347,0.9911875309252846
dbpedia_64499,sales_964,0.9986734693877553
dbpedia_46143,sales_3945,1.0
dbpedia_26344,sales_5265,0.9866233766233766
dbpedia_43151,sales_3853,0.956989498268326
dbpedia_10409,sales_990,0.9047530363672034
dbpedia_4490,sales_7240,1.0
dbpedia_44588,sales_3132,0.984891700210849
dbpedia_16483,sales_3884,0.9224910011946542
dbpedia_55001,sales_3498,0.9976576576576576
dbpedia_1942,sales_7514,0.9760266591038004
dbpedia_62255,sales_6241,0.908929595249741
dbpedia_3862,sales_5404,0.9907516919110538
dbpedia_52004,sales_3710,0.9435521602211452
dbpedia_20412,sales_661,0.9172764789482732
dbpedia_34156,sales_1883,0.937478237347714
dbpedia_46547,sales_2242,0.97
dbpedia_6948,sales_4369,0.9885456149954696
dbpedia_40377,sales_217,1.0
dbpedia_19548,sales_5256,0.938395061728395
dbpedia_6231,sales_3938,0.9112555119392444
dbpedia_8342,sales_1104,1.0
dbpedia_52026,sales_2266,0.9000105386514814
dbpedia_54822,sales_4679,0.9676576576576577
dbpedia_37486,sales_2522,0.9976576576576576
dbpedia_42142,sales_4667,0.9344654908358376
dbpedia_43308,sales_576,0.97
dbpedia_5715,sales_4297,0.9976576576576576
dbpedia_40122,sales_119,0.99
dbpedia_58905,sales_5318,0.937478237347714
dbpedia_61165,sales_2705,1.0
dbpedia_1965,sales_6678,0.9976576576576576
dbpedia_25233,sales_1905,0.97
dbpedia_11625,sales_7720,0.9755576550387596
dbpedia_37314,sales_3475,1.0
dbpedia_14122,sales_6450,0.9929075580957302
dbpedia_22292,sales_5004,0.9158570369529716
dbpedia_56471,sales_1056,0.9300944927640408
dbpedia_3271,sales_6182,0.9776576576576576
dbpedia_32974,sales_6060,0.9288047679599588
dbpedia_63643,sales_5055,1.0
dbpedia_20972,sales_1370,0.9271923845923408
dbpedia_13063,sales_3365,0.9876576576576576
dbpedia_61057,sales_6521,1.0
dbpedia_13140,sales_3113,0.9231594590478664
dbpedia_37067,sales_107,0.9976576576576576
dbpedia_28478,sales_4314,0.956989498268326
dbpedia_4659,sales_5439,0.9224910011946542
dbpedia_4382,sales_3601,0.9191180207173696
dbpedia_7638,sales_1337,0.9215579327401074
dbpedia_12424,sales_741,0.9066808468684552
dbpedia_25629,sales_5435,0.913477575614045
dbpedia_54027,sales_3383,0.9315579327401076
dbpedia_40497,sales_5220,0.9203782040911596
dbpedia_3509,sales_3324,0.9219532723551664
dbpedia_21562,sales_1020,0.9876576576576576
dbpedia_574,sales_5909,0.902418773834716
dbpedia_483,sales_1767,0.9224910011946542
dbpedia_40406,sales_6521,1.0
dbpedia_3837,sales_4538,0.9261630181096524
dbpedia_5886,sales_1316,0.9052027925531916
dbpedia_1509,sales_129,0.9159439392281424
dbpedia_4667,sales_6658,0.9439647417791798
dbpedia_7035,sales_2548,0.9976576576576576
dbpedia_25091,sales_5011,0.923978043686849
dbpedia_2485,sales_1767,0.9976576576576576
dbpedia_55409,sales_6182,0.9976576576576576
dbpedia_31108,sales_3153,0.994468085106383
dbpedia_14178,sales_1094,0.9976576576576576
dbpedia_15289,sales_2637,0.984891700210849
dbpedia_19320,sales_3364,0.9238102586514548
dbpedia_23977,sales_2720,0.900451354050703
dbpedia_21409,sales_2075,0.96290755809573
dbpedia_16371,sales_7304,0.9676576576576577
dbpedia_49938,sales_5564,0.9089295952497412
dbpedia_59481,sales_40,0.9315579327401076
dbpedia_55779,sales_7233,0.9559944543215976
dbpedia_36327,sales_1588,0.9014943202568914
dbpedia_13374,sales_6025,0.956989498268326
dbpedia_62416,sales_3761,0.9601416006489216
dbpedia_733,sales_1574,0.9300944927640408
dbpedia_58251,sales_227,0.9901416006489216
dbpedia_44160,sales_1761,0.9219532723551664
dbpedia_58084,sales_7017,0.993953488372093
dbpedia_11922,sales_1767,0.9976576576576576
dbpedia_10652,sales_562,0.9315579327401076
dbpedia_7520,sales_6038,0.9410576531622366
dbpedia_3144,sales_7768,1.0
dbpedia_47148,sales_5323,0.9976576576576576
dbpedia_50173,sales_6369,0.9149335715581748
dbpedia_14955,sales_7457,1.0
dbpedia_29875,sales_644,0.9976576576576576
dbpedia_22647,sales_119,0.99
dbpedia_41991,sales_78,0.9215579327401074
dbpedia_9285,sales_2496,0.9829075580957302
dbpedia_7827,sales_7804,0.9410833148741808
dbpedia_11024,sales_4328,0.9328604502108492
dbpedia_28103,sales_4898,0.97
dbpedia_6156,sales_5818,0.9445532456241624
dbpedia_57081,sales_3741,0.9306935286279668
dbpedia_1883,sales_4108,0.9236214359772628
dbpedia_59719,sales_2278,0.97
dbpedia_13474,sales_6678,0.9976576576576576
dbpedia_8409,sales_3168,0.908395061728395
dbpedia_13474,sales_389,0.9976576576576576
dbpedia_38696,sales_442,0.9492155903977652
dbpedia_16671,sales_562,0.9215579327401074
dbpedia_15478,sales_6679,0.9682512387059168
dbpedia_32633,sales_497,0.9052027925531916
dbpedia_2772,sales_2481,0.9058538464480148
dbpedia_4849,sales_2678,0.9876576576576576
dbpedia_1167,sales_825,0.9005668789271699
dbpedia_33760,sales_7199,0.9462317128541886
dbpedia_13712,sales_522,0.9976576576576576
dbpedia_22649,sales_4041,0.9829075580957302
dbpedia_19946,sales_3186,0.9829075580957302
dbpedia_46903,sales_2392,0.9315579327401076
dbpedia_2026,sales_2484,0.9281605979157256
dbpedia_47089,sales_3578,0.9748917002108493
dbpedia_7123,sales_2259,0.9829075580957302
dbpedia_4396,sales_1653,0.9899992283950616
dbpedia_3698,sales_3870,0.9101594590478662
dbpedia_19112,sales_6834,0.9213067088858052
dbpedia_21219,sales_6292,1.0
dbpedia_32964,sales_1262,0.9929075580957302
dbpedia_5729,sales_3140,0.984891700210849
dbpedia_24716,sales_1235,0.9976576576576576
dbpedia_59027,sales_2982,0.9172764789482732
dbpedia_54591,sales_1667,0.9300944927640408
dbpedia_20860,sales_5935,1.0
dbpedia_5157,sales_2705,1.0
dbpedia_6817,sales_1432,0.9300944927640408
dbpedia_22229,sales_2417,0.9105811026418844
dbpedia_498,sales_6473,0.937478237347714
dbpedia_54037,sales_6141,0.9456447103535156
dbpedia_8590,sales_40,0.9215579327401074
dbpedia_9885,sales_32,0.9797549068118092
dbpedia_4967,sales_4175,0.9108527075801558
dbpedia_35868,sales_5741,0.9226230254794404
dbpedia_46060,sales_372,0.9334360495264532
dbpedia_46879,sales_4310,0.9548917002108492
dbpedia_19722,sales_1866,0.9224910011946542
dbpedia_50231,sales_4753,0.9269780436868488
dbpedia_54133,sales_4036,0.9751989658987588
dbpedia_26645,sales_1376,0.9672340425531916
dbpedia_21099,sales_5829,0.9269780436868488
dbpedia_9036,sales_5745,0.9929075580957302
dbpedia_55158,sales_4537,0.9829075580957302
dbpedia_17295,sales_2843,0.984891700210849
dbpedia_39443,sales_1780,0.9976576576576576
dbpedia_21746,sales_19,1.0
dbpedia_29718,sales_1579,0.9829075580957302
dbpedia_8585,sales_6150,0.9192155903977652
dbpedia_9104,sales_5536,0.993953488372093
dbpedia_2758,sales_2131,1.0
dbpedia_16521,sales_2390,0.9026400422191386
dbpedia_4389,sales_7204,0.9758869859035672
dbpedia_33167,sales_7133,0.99
dbpedia_30899,sales_3274,0.9212299673203662
dbpedia_33436,sales_6182,0.9776576576576576
dbpedia_19683,sales_3725,0.917518993814012
dbpedia_38126,sales_6864,0.9192155903977652
dbpedia_30089,sales_7851,0.9142899372925102
dbpedia_4243,sales_5932,0.9848917002108492
dbpedia_22215,sales_3156,0.9161919962316364
dbpedia_38048,sales_459,0.9203295609431756
dbpedia_21200,sales_4610,0.994891700210849
dbpedia_3150,sales_2745,0.9219084631723468
dbpedia_10513,sales_6948,0.9260682530367232
dbpedia_9822,sales_2724,0.984891700210849
dbpedia_20942,sales_2756,0.9683950617283952
dbpedia_36287,sales_6537,0.94396474177918
dbpedia_46264,sales_7191,0.9410833148741808
dbpedia_47753,sales_616,0.9876576576576576
dbpedia_18420,sales_6872,0.9492155903977652
dbpedia_22647,sales_14,0.97
dbpedia_21881,sales_2247,0.919241242780702
dbpedia_4730,sales_7153,1.0
dbpedia_18899,sales_282,0.9328604502108492
dbpedia_19403,sales_2617,0.9652027925531916
dbpedia_20889,sales_5029,0.9444272255521016
dbpedia_26843,sales_1164,0.9300944927640408
dbpedia_45990,sales_7532,1.0
dbpedia_33291,sales_4640,0.9221442422807112
dbpedia_12200,sales_5372,0.9092155903977652
dbpedia_15290,sales_2321,0.9642899372925102
dbpedia_28227,sales_2630,0.9929075580957302
dbpedia_49645,sales_1663,0.9976576576576576
dbpedia_1965,sales_602,0.9976576576576576
dbpedia_27922,sales_111,0.9548917002108492
dbpedia_13513,sales_5593,0.9976576576576576
dbpedia_64580,sales_955,0.9172340425531916
dbpedia_43845,sales_7716,1.0
dbpedia_39875,sales_6844,0.9272211874429278
dbpedia_62007,sales_7592,0.9704737371800088
dbpedia_35427,sales_2228,0.9660266591038004
dbpedia_1302,sales_213,0.9449965759486428
dbpedia_1431,sales_6934,0.9248857764357038
dbpedia_37383,sales_156,0.9000944927640407
dbpedia_13889,sales_2688,0.9428604502108492
dbpedia_14454,sales_3116,0.9061630181096524
dbpedia_41913,sales_1849,1.0
dbpedia_9327,sales_2011,0.90535431625621
dbpedia_13474,sales_602,0.9976576576576576
dbpedia_15155,sales_681,0.911528412721449
dbpedia_10927,sales_2102,0.9976576576576576
dbpedia_33647,sales_3017,0.97
dbpedia_23400,sales_3578,0.9548917002108492
dbpedia_13490,sales_5310,1.0
dbpedia_51791,sales_4222,0.9404983818040348
dbpedia_60886,sales_72,0.9272820385947548
dbpedia_49645,sales_737,0.9976576576576576
dbpedia_16494,sales_6461,0.9729401080380912
dbpedia_17201,sales_4891,0.9829075580957302
dbpedia_20397,sales_1737,0.9929075580957302
dbpedia_9018,sales_1532,0.9192155903977652
dbpedia_64698,sales_311,0.9813333333333332
dbpedia_41404,sales_5262,0.9976576576576576
dbpedia_53576,sales_2217,0.9300944927640408
dbpedia_59406,sales_1104,0.9215579327401074
dbpedia_46456,sales_1526,0.9676576576576577
dbpedia_18736,sales_3019,0.9236214359772628
dbpedia_43407,sales_522,0.9676576576576577
dbpedia_2388,sales_7288,0.956187887614138
dbpedia_61004,sales_1920,0.9976576576576576
dbpedia_56540,sales_5804,1.0
dbpedia_29017,sales_40,0.9215579327401074
dbpedia_60318,sales_1579,0.96290755809573
dbpedia_18879,sales_6575,0.97
dbpedia_21263,sales_7773,0.964893458093672
dbpedia_37214,sales_6977,0.9876576576576576
dbpedia_3717,sales_4405,0.9715741786076132
dbpedia_271,sales_5804,1.0
dbpedia_17640,sales_2705,0.9315579327401076
dbpedia_5738,sales_6182,0.9676576576576577
dbpedia_14734,sales_2713,0.9729075580957302
dbpedia_22880,sales_3573,0.9899992283950616
dbpedia_44304,sales_6272,0.9234889164357832
dbpedia_62534,sales_2814,0.9098602490993524
dbpedia_52496,sales_5244,1.0
dbpedia_39882,sales_6250,0.9411060128895092
dbpedia_36777,sales_6038,0.9239959247671748
dbpedia_10567,sales_7090,0.9928604502108492
dbpedia_49396,sales_24,1.0
dbpedia_26725,sales_1631,0.9572340425531916
dbpedia_20121,sales_2094,0.9572340425531916
dbpedia_62766,sales_2939,0.9152027925531916
dbpedia_57542,sales_6002,0.9276106521261602
dbpedia_13304,sales_5370,0.9929075580957302
dbpedia_56852,sales_3738,0.994891700210849
dbpedia_14152,sales_1930,0.9976576576576576
dbpedia_8670,sales_6747,1.0
dbpedia_63405,sales_7457,1.0
dbpedia_20257,sales_6975,0.9095825926536796
dbpedia_45127,sales_6566,0.9276559727205208
dbpedia_30286,sales_1990,0.9247538114059852
dbpedia_22896,sales_5946,0.9231594590478664
dbpedia_16506,sales_4652,0.9101594590478662
dbpedia_31780,sales_5128,0.984891700210849
dbpedia_21251,sales_5439,0.984891700210849
dbpedia_39319,sales_7832,0.9572340425531916
dbpedia_7833,sales_2210,0.9192155903977652
dbpedia_20021,sales_2939,0.9252027925531916
dbpedia_5054,sales_4297,0.9876576576576576
dbpedia_9123,sales_1867,0.9976576576576576
dbpedia_26362,sales_2390,0.9026400422191386
dbpedia_48126,sales_1406,0.9027519563097638
dbpedia_24281,sales_1841,0.9083469540911596
dbpedia_35105,sales_913,0.9911372375036972
dbpedia_46456,sales_37,0.9676576576576577
dbpedia_14347,sales_3570,0.9829075580957302
dbpedia_8283,sales_988,0.97
dbpedia_2398,sales_166,0.9300944927640408
dbpedia_23405,sales_6853,1.0
dbpedia_51340,sales_2851,0.9929075580957302
dbpedia_57890,sales_3326,0.9355696800507848
dbpedia_8374,sales_1497,0.9219532723551664
dbpedia_62468,sales_1653,0.9816041666666666
dbpedia_33647,sales_709,0.97
dbpedia_6956,sales_1626,0.9240950428662312
dbpedia_23852,sales_5760,0.921174675815021
dbpedia_27098,sales_1629,0.9300944927640408
dbpedia_59157,sales_6234,0.9628604502108492
dbpedia_43826,sales_4521,0.9288047679599588
dbpedia_3631,sales_5107,0.9829075580957302
dbpedia_57582,sales_6375,0.9876576576576576
dbpedia_61686,sales_2721,0.9976576576576576
dbpedia_9872,sales_1245,0.922054152637486
dbpedia_23253,sales_654,0.9872340425531916
dbpedia_42097,sales_3256,0.97
dbpedia_36858,sales_7317,0.9219084631723468
dbpedia_6405,sales_5172,0.993953488372093
dbpedia_33167,sales_15,1.0
dbpedia_34465,sales_3496,0.9460457604142196
dbpedia_21204,sales_111,0.9548917002108492
dbpedia_54785,sales_6159,0.9760266591038004
dbpedia_62611,sales_2866,0.9411060128895092
dbpedia_27566,sales_2195,0.9108368393313748
dbpedia_16404,sales_354,0.9435556596441204
dbpedia_10303,sales_1359,0.9072165193085509
dbpedia_14800,sales_762,0.9652868217054262
dbpedia_9852,sales_1003,0.9599111633239824
dbpedia_1024,sales_1691,0.9101594590478662
dbpedia_31530,sales_2859,0.9292155903977652
dbpedia_46456,sales_22,0.9676576576576577
dbpedia_17201,sales_6798,0.9829075580957302
dbpedia_28631,sales_1363,0.97
dbpedia_59801,sales_324,0.97
dbpedia_32772,sales_1365,0.9776576576576576
dbpedia_14473,sales_6756,0.912788425094078
dbpedia_743,sales_5564,0.9224910011946542
dbpedia_15018,sales_165,0.9224910011946542
dbpedia_33029,sales_4471,0.9676576576576577
dbpedia_32518,sales_5036,0.9228604502108492
dbpedia_27864,sales_2296,0.9456447103535156
dbpedia_33647,sales_3068,0.97
dbpedia_18289,sales_2453,1.0
dbpedia_46990,sales_5819,0.9231594590478664
dbpedia_39189,sales_329,0.9530161573721264
dbpedia_32154,sales_726,0.9098602490993524
dbpedia_25904,sales_896,0.9203782040911596
dbpedia_7521,sales_6860,0.97
dbpedia_23120,sales_4370,0.9976576576576576
dbpedia_10590,sales_7233,0.9475993925932026
dbpedia_46966,sales_3555,0.9072165193085509
dbpedia_1965,sales_389,0.9976576576576576
dbpedia_22647,sales_1114,1.0
dbpedia_33680,sales_6321,0.9929075580957302
dbpedia_57729,sales_6495,0.9450951765617884
dbpedia_50391,sales_955,0.9172340425531916
dbpedia_2163,sales_2210,0.9192155903977652
dbpedia_63706,sales_3668,0.9665143649954696
dbpedia_14839,sales_362,0.9729075580957302
dbpedia_40759,sales_1354,0.9976576576576576
dbpedia_54822,sales_6375,0.9676576576576577
dbpedia_24909,sales_2914,0.9044927923811996
dbpedia_31586,sales_2044,0.9929075580957302
dbpedia_64806,sales_6269,0.9315210576038028
dbpedia_32189,sales_7655,0.9228604502108492
dbpedia_62689,sales_2561,0.9047530363672034
dbpedia_16593,sales_5850,0.952805133271745
dbpedia_31530,sales_5372,0.9092155903977652
dbpedia_27983,sales_2607,0.91338525883736
dbpedia_28243,sales_6709,0.9317596018411798
dbpedia_52758,sales_5932,0.9748917002108493
dbpedia_59082,sales_2972,0.90535431625621
dbpedia_51285,sales_51,0.9676576576576577
dbpedia_3196,sales_3145,0.9748917002108493
dbpedia_48585,sales_4030,0.9492155903977652
dbpedia_16638,sales_3482,0.914463989530612
dbpedia_63742,sales_5745,0.9929075580957302
dbpedia_7075,sales_2951,0.9829075580957302
dbpedia_24117,sales_6746,0.9135811819859108
dbpedia_37067,sales_6691,0.9676576576576577
dbpedia_36672,sales_1309,0.9228604502108492
dbpedia_13386,sales_5586,0.9239959247671748
dbpedia_39978,sales_5299,0.9586734693877552
dbpedia_56575,sales_1745,0.9572340425531916
dbpedia_437,sales_5768,0.983953488372093
dbpedia_28681,sales_2996,0.9829075580957302
dbpedia_57150,sales_7017,0.993953488372093
dbpedia_18963,sales_1858,0.9876576576576576
dbpedia_48477,sales_7529,0.9776665606691336
dbpedia_25042,sales_7323,0.9959375
dbpedia_12077,sales_5932,0.9548917002108492
dbpedia_18873,sales_1245,0.9848917002108492
dbpedia_50866,sales_4338,0.914463989530612
dbpedia_1687,sales_6,0.9269639668893284
dbpedia_64864,sales_4840,0.9062059706757732
dbpedia_54396,sales_882,0.9548917002108492
dbpedia_35112,sales_6336,0.9876576576576576
dbpedia_26161,sales_6495,0.9264285098951218
dbpedia_29814,sales_562,0.9215579327401074
dbpedia_40434,sales_7288,0.9545768649954696
dbpedia_23998,sales_5575,0.9253920087918284
dbpedia_30366,sales_4778,1.0
dbpedia_3107,sales_2152,0.9829075580957302
dbpedia_3107,sales_7069,0.9829075580957302
dbpedia_26190,sales_7733,0.9866233766233766
dbpedia_58307,sales_6495,0.9450951765617884
dbpedia_37910,sales_4787,0.9213067088858052
dbpedia_49863,sales_5598,0.9292155903977652
dbpedia_33005,sales_5760,0.9300751522708512
dbpedia_36656,sales_5476,0.9228590512590074
dbpedia_43254,sales_3,0.931297300222662
dbpedia_40288,sales_4919,0.9026400422191386
dbpedia_18899,sales_904,0.9328604502108492
dbpedia_55938,sales_6969,0.9876576576576576
dbpedia_14252,sales_5494,0.9829075580957302
dbpedia_32518,sales_6053,0.9228604502108492
dbpedia_49480,sales_1235,0.9876576576576576
dbpedia_19718,sales_836,0.9046712922191386
dbpedia_26006,sales_837,0.9231594590478664
dbpedia_12905,sales_4577,0.9848917002108492
dbpedia_55315,sales_1094,0.9876576576576576
dbpedia_31586,sales_2759,0.9929075580957302
dbpedia_11978,sales_2250,0.9976576576576576
dbpedia_39880,sales_3326,0.9225696800507848
dbpedia_4199,sales_357,0.9052492593203464
dbpedia_20600,sales_3551,0.9000066211547009
dbpedia_11105,sales_3668,0.9665143649954696
dbpedia_46267,sales_749,0.9219532723551664
dbpedia_12577,sales_2845,0.9072165193085509
dbpedia_8328,sales_4086,0.9092155903977652
dbpedia_33681,sales_1923,0.9213067088858052
dbpedia_43683,sales_8,0.9169639668893284
dbpedia_61239,sales_787,0.9901416006489216
dbpedia_40122,sales_11,1.0
dbpedia_39312,sales_14,0.97
dbpedia_8816,sales_113,0.921146731781334
dbpedia_26281,sales_2048,0.9036943871435608
dbpedia_24523,sales_4679,0.9676576576576577
dbpedia_23225,sales_7818,0.9196185903232024
dbpedia_9297,sales_4753,0.9413113770201822
dbpedia_24236,sales_1858,0.9576576576576576
dbpedia_39312,sales_119,0.97
dbpedia_18552,sales_3668,0.9665143649954696
dbpedia_32824,sales_3668,0.9665143649954696
dbpedia_6467,sales_3573,0.9816041666666666
dbpedia_32772,sales_12,0.9976576576576576
dbpedia_38609,sales_2876,0.97
dbpedia_42778,sales_6619,0.9087530928570068
dbpedia_39180,sales_1543,0.9976576576576576
dbpedia_47753,sales_6336,0.9976576576576576
dbpedia_20625,sales_2427,0.9015579327401074
dbpedia_13341,sales_6326,0.9231594590478664
dbpedia_31515,sales_5448,0.9005811026418843
dbpedia_10728,sales_7655,0.9128604502108492
dbpedia_1315,sales_6830,1.0
dbpedia_7815,sales_3090,0.913533072949958
dbpedia_45356,sales_29,0.939218826887812
dbpedia_31586,sales_3963,0.9929075580957302
dbpedia_43147,sales_2392,0.9215579327401074
dbpedia_61976,sales_5429,0.9548917002108492
dbpedia_54192,sales_998,0.9429653259486428
dbpedia_39819,sales_1085,0.9415209102211451
dbpedia_18902,sales_1245,0.9848917002108492
dbpedia_37046,sales_4753,0.9413113770201822
dbpedia_19798,sales_4874,0.9019733369934464
dbpedia_35381,sales_2270,0.9428604502108492
dbpedia_6656,sales_4550,0.9108527075801558
dbpedia_20177,sales_5829,0.9413113770201822
dbpedia_56184,sales_492,0.9098602490993524
dbpedia_24966,sales_1858,0.9315545207762612
dbpedia_38576,sales_5494,0.9729075580957302
dbpedia_56559,sales_702,0.9976576576576576
dbpedia_1469,sales_7753,0.9327472722933284
dbpedia_34970,sales_1815,0.928917558069452
dbpedia_44932,sales_1644,0.9163934446527944
dbpedia_22647,sales_28,0.99
dbpedia_34999,sales_159,0.9135255702568914
dbpedia_37178,sales_2355,0.9015579327401074
dbpedia_22054,sales_3009,0.9872340425531914
dbpedia_8359,sales_7794,0.9976576576576576
dbpedia_42706,sales_3064,0.9192155903977652
dbpedia_57993,sales_4370,1.0
dbpedia_1146,sales_3145,0.9548917002108492
dbpedia_2057,sales_1780,0.9976576576576576
dbpedia_1215,sales_643,0.9147530363672034
dbpedia_18681,sales_3265,0.9252965183142108
dbpedia_14678,sales_2908,0.9192155903977652
dbpedia_50000,sales_4932,0.9586734693877552
dbpedia_1287,sales_5932,0.9748917002108493
dbpedia_13501,sales_1737,0.9929075580957302
dbpedia_34419,sales_998,0.9429653259486428
dbpedia_40122,sales_28,0.99
dbpedia_40337,sales_6102,0.9829075580957302
dbpedia_15030,sales_134,0.9092155903977652
dbpedia_39775,sales_3947,0.9829075580957302
dbpedia_23474,sales_7578,0.9946575342465752
dbpedia_19203,sales_6397,0.9729075580957302
dbpedia_12332,sales_5172,0.993953488372093
dbpedia_54029,sales_4577,0.9748917002108493
dbpedia_6336,sales_4535,0.9115579327401074
dbpedia_13712,sales_4889,0.9976576576576576
dbpedia_7123,sales_2996,0.9829075580957302
dbpedia_16121,sales_4610,0.964891700210849
dbpedia_48559,sales_1245,0.9648917002108492
dbpedia_9829,sales_1838,0.9976576576576576
dbpedia_40879,sales_3581,0.930191354012135
dbpedia_8359,sales_6849,0.9976576576576576
dbpedia_19182,sales_5139,0.9264775756140448
dbpedia_33307,sales_1445,1.0
dbpedia_32183,sales_6835,0.9534043999790544
dbpedia_7747,sales_5013,0.9976576576576576
dbpedia_48969,sales_890,1.0
dbpedia_3963,sales_5183,0.9328604502108492
dbpedia_3640,sales_5829,0.9413113770201822
dbpedia_16915,sales_6521,0.9172340425531916
dbpedia_18464,sales_1365,0.9776576576576576
dbpedia_9829,sales_452,0.9976576576576576
dbpedia_28322,sales_2841,0.9012692769879372
dbpedia_40122,sales_1114,0.97
dbpedia_14678,sales_3231,0.9192155903977652
dbpedia_19016,sales_5932,0.9748917002108493
dbpedia_45715,sales_5439,0.984891700210849
dbpedia_9706,sales_7043,0.984891700210849
dbpedia_27741,sales_5587,0.9492155903977652
dbpedia_8605,sales_5211,0.9329588699292336
dbpedia_44275,sales_406,0.9548917002108492
dbpedia_27925,sales_5829,0.9148850204310348
dbpedia_8746,sales_616,0.9676576576576577
dbpedia_4476,sales_941,0.9080197722040846
dbpedia_24523,sales_6375,0.9676576576576577
dbpedia_24793,sales_1245,0.9648917002108492
dbpedia_31362,sales_4677,0.9572340425531916
dbpedia_5822,sales_3149,0.9101594590478662
dbpedia_30644,sales_1245,0.9548917002108492
dbpedia_45630,sales_6631,0.97
dbpedia_5928,sales_7566,0.9959375
dbpedia_18315,sales_3731,0.9280335905483018
dbpedia_57031,sales_762,0.993953488372093
dbpedia_40358,sales_7286,1.0
dbpedia_29907,sales_5476,0.9271923845923408
dbpedia_51745,sales_836,0.9404983818040348
dbpedia_331,sales_7370,0.9976576576576576
dbpedia_49655,sales_4857,0.9447327221327056
dbpedia_19308,sales_890,1.0
dbpedia_1948,sales_4151,0.9901416006489216
dbpedia_29345,sales_2991,0.9343757697284152
dbpedia_11430,sales_5932,0.9548917002108492
dbpedia_46522,sales_627,0.9219532723551664
dbpedia_47385,sales_5128,0.913799834482456
dbpedia_21262,sales_921,0.9492155903977652
dbpedia_52073,sales_7071,0.966580446131941
dbpedia_1899,sales_3476,0.9428604502108492
dbpedia_8198,sales_3352,0.9271923845923408
dbpedia_33812,sales_7794,0.9876576576576576
dbpedia_29877,sales_4162,0.9976576576576576
dbpedia_47873,sales_7858,0.93268495555887
dbpedia_1938,sales_6906,0.930191354012135
dbpedia_11204,sales_1144,0.9108527075801558
dbpedia_31877,sales_3985,0.9234889164357832
dbpedia_46612,sales_4721,0.9053281321170744
dbpedia_43899,sales_4992,1.0
dbpedia_46545,sales_6183,0.9876576576576576
dbpedia_20997,sales_1579,0.9829075580957302
dbpedia_30098,sales_3786,0.933952737158406
dbpedia_45535,sales_139,0.939218826887812
dbpedia_51377,sales_6787,0.9456447103535156
dbpedia_2191,sales_7343,0.984891700210849
dbpedia_18464,sales_582,0.9776576576576576
dbpedia_13889,sales_2781,0.9428604502108492
dbpedia_52626,sales_3145,0.9848917002108492
dbpedia_24913,sales_2986,0.906973375552472
dbpedia_43306,sales_5344,0.927324656978136
dbpedia_46545,sales_5921,0.9876576576576576
dbpedia_2632,sales_5587,0.9392155903977653
dbpedia_32772,sales_582,0.9776576576576576
dbpedia_30325,sales_1461,0.910739904078032
dbpedia_48018,sales_4753,0.9148850204310348
dbpedia_9229,sales_6495,0.9283516222255364
dbpedia_43407,sales_4889,0.9676576576576577
dbpedia_7978,sales_2573,0.9133615795192368
dbpedia_26578,sales_5128,0.9361650484707016
dbpedia_54090,sales_6678,0.9976576576576576
dbpedia_559,sales_6263,0.9008318968347782
dbpedia_1365,sales_3149,0.9976576576576576
dbpedia_27716,sales_2914,0.9188261257145328
dbpedia_41697,sales_7504,0.9392155903977653
dbpedia_29646,sales_4625,0.9354717999384118
dbpedia_33223,sales_3142,0.9109562158603564
dbpedia_19440,sales_3383,0.9315579327401076
dbpedia_37312,sales_4448,0.9103958353152388
dbpedia_19836,sales_2833,0.9829075580957302
dbpedia_19356,sales_1611,0.9192155903977652
dbpedia_52464,sales_2897,0.9192155903977652
dbpedia_6231,sales_2951,0.9234889164357832
dbpedia_123,sales_19,0.97
dbpedia_33812,sales_6849,0.9876576576576576
dbpedia_46998,sales_7625,0.9234623022065344
dbpedia_7301,sales_3093,0.9976576576576576
dbpedia_6853,sales_3383,0.9315579327401076
dbpedia_38434,sales_3619,0.97
dbpedia_46281,sales_5323,1.0
dbpedia_8002,sales_7645,0.9165323233184276
dbpedia_22600,sales_1858,0.9185545207762614
dbpedia_52530,sales_3049,0.948962826919694
dbpedia_21251,sales_4108,0.984891700210849
dbpedia_4983,sales_2848,0.9976576576576576
dbpedia_5376,sales_1103,0.9240173872358572
dbpedia_43942,sales_4740,0.9216579903114694
dbpedia_36227,sales_5153,0.9189295952497412
dbpedia_27663,sales_7728,0.9848917002108492
dbpedia_13114,sales_3009,0.9572340425531912
dbpedia_33279,sales_3149,0.9676576576576577
dbpedia_6364,sales_4483,0.9231594590478664
dbpedia_10688,sales_5043,0.9119870789203948
dbpedia_54098,sales_1329,0.9400944927640408
dbpedia_31037,sales_4827,0.9304983818040348
dbpedia_25749,sales_6849,0.9676576576576577
dbpedia_32450,sales_3064,0.9192155903977652
dbpedia_19923,sales_7647,0.9683950617283952
dbpedia_16274,sales_1123,0.984891700210849
dbpedia_25699,sales_7848,0.9360030721250484
dbpedia_6406,sales_2121,0.9976576576576576
dbpedia_14678,sales_6963,0.9192155903977652
dbpedia_51767,sales_161,0.9415209102211451
dbpedia_44072,sales_72,0.9911875309252844
dbpedia_25749,sales_7794,0.9676576576576577
dbpedia_53127,sales_2908,0.9092155903977652
dbpedia_41404,sales_6168,0.9976576576576576
dbpedia_36678,sales_2329,0.9146174086158976
dbpedia_53185,sales_7504,0.9392155903977653
dbpedia_12792,sales_7054,0.910907788018079
dbpedia_2793,sales_762,0.993953488372093
dbpedia_19308,sales_810,1.0
dbpedia_63502,sales_1262,0.9729075580957302
dbpedia_54090,sales_602,0.9976576576576576
dbpedia_5020,sales_1386,0.9200944927640408
dbpedia_45630,sales_558,0.97
dbpedia_27663,sales_892,0.9848917002108492
dbpedia_3025,sales_5153,0.9186588151850784
dbpedia_14406,sales_3581,0.9184881555405938
dbpedia_60391,sales_5466,0.9072165193085509
dbpedia_40893,sales_4298,0.9976576576576576
dbpedia_33812,sales_5176,0.9976576576576576
dbpedia_21546,sales_3329,0.9092155903977652
dbpedia_58308,sales_1579,0.9829075580957302
dbpedia_62516,sales_1793,0.9038120029544852
dbpedia_3404,sales_7077,0.9115342912379444
dbpedia_32606,sales_7504,0.9292155903977652
dbpedia_57769,sales_5038,0.9729075580957302
dbpedia_54090,sales_389,0.9976576576576576
dbpedia_10517,sales_7720,0.9552027925531916
dbpedia_6873,sales_6853,1.0
dbpedia_53127,sales_3231,0.9092155903977652
dbpedia_34694,sales_2163,0.9515529782991308
dbpedia_36967,sales_7748,0.9176106521261602
dbpedia_17176,sales_1675,0.9976576576576576
dbpedia_216,sales_1483,0.9257697413553676
dbpedia_22841,sales_344,0.9729075580957302
dbpedia_39374,sales_3503,0.948962826919694
dbpedia_54098,sales_5034,0.9400944927640408
dbpedia_12160,sales_3138,0.9676576576576577
dbpedia_15190,sales_173,0.9178589035902248
dbpedia_28736,sales_7343,0.974891700210849
dbpedia_19364,sales_111,0.9548917002108492
dbpedia_18289,sales_3336,1.0
dbpedia_15275,sales_762,0.9652868217054262
dbpedia_30462,sales_305,0.9435521602211452
dbpedia_49396,sales_7776,0.9015579327401074
dbpedia_21546,sales_5402,0.9092155903977652
dbpedia_44028,sales_2026,0.914463989530612
dbpedia_39312,sales_1114,0.97
dbpedia_8359,sales_5176,0.9876576576576576
dbpedia_63918,sales_1150,0.9232629285830743
dbpedia_34890,sales_4556,0.9976576576576576
dbpedia_40600,sales_7585,0.956989498268326
dbpedia_10815,sales_3643,0.911266638650336
dbpedia_57404,sales_5380,0.9976576576576576
dbpedia_14183,sales_1611,0.9092155903977652
dbpedia_22028,sales_7504,0.9392155903977653
dbpedia_26590,sales_5867,0.9203263590779912
dbpedia_46545,sales_5178,0.9876576576576576
dbpedia_26489,sales_389,0.9976576576576576
dbpedia_6897,sales_3840,0.9128604502108492
dbpedia_43660,sales_1377,0.9131947311527948
dbpedia_52363,sales_4704,0.9093337223862222
dbpedia_40878,sales_7792,0.9021675080330642
dbpedia_25351,sales_5139,0.913477575614045
dbpedia_46178,sales_7573,0.9083469540911596
dbpedia_49645,sales_4456,0.9192155903977652
dbpedia_32996,sales_4276,0.97
dbpedia_18464,sales_12,0.9976576576576576
dbpedia_26489,sales_6678,0.9976576576576576
dbpedia_61266,sales_3694,0.9598617719347576
dbpedia_14152,sales_2210,0.9192155903977652
dbpedia_7504,sales_5,0.9269639668893284
dbpedia_32563,sales_7787,0.9726262842465754
dbpedia_21887,sales_3715,0.9572340425531912
dbpedia_30607,sales_406,0.9548917002108492
dbpedia_8283,sales_531,0.97
dbpedia_11934,sales_7073,0.9170956044740116
dbpedia_11634,sales_7504,0.9092155903977652
dbpedia_31897,sales_4354,0.9234889164357832
dbpedia_39275,sales_5453,0.9136354166666666
dbpedia_8746,sales_6336,0.9676576576576577
dbpedia_64188,sales_1186,0.9188261257145328
dbpedia_10212,sales_3938,0.9176106521261602
dbpedia_7411,sales_72,0.9911875309252844
dbpedia_16950,sales_6923,0.9648702889041466
dbpedia_27663,sales_377,0.9848917002108492
dbpedia_43885,sales_1798,0.9028676214677408
dbpedia_43966,sales_1187,0.9192155903977652
dbpedia_53767,sales_4328,0.9128604502108492
dbpedia_53070,sales_483,0.9976576576576576
dbpedia_18289,sales_843,1.0
dbpedia_50455,sales_5746,0.9400944927640408
dbpedia_25749,sales_5176,0.9676576576576577
dbpedia_57545,sales_873,0.9398426322078324
dbpedia_38077,sales_5312,0.93487263734244
dbpedia_16780,sales_3009,0.9572340425531912
dbpedia_14209,sales_2759,0.9929075580957302
dbpedia_27870,sales_6333,0.9145274954454524
dbpedia_51578,sales_7720,0.9452027925531916
dbpedia_20467,sales_6849,0.9676576576576577
dbpedia_53127,sales_6963,0.9092155903977652
dbpedia_50455,sales_7495,0.9400944927640408
dbpedia_8920,sales_5041,0.9272211874429278
dbpedia_20170,sales_3253,1.0
dbpedia_63665,sales_2709,0.9386676620402714
dbpedia_7180,sales_2389,0.9170956044740116
dbpedia_12200,sales_6305,0.9092155903977652
dbpedia_22889,sales_5634,0.935965672650322
dbpedia_19832,sales_2949,0.9320808702181352
dbpedia_51282,sales_5005,0.9172340425531916
dbpedia_23543,sales_7763,1.0
dbpedia_19706,sales_990,0.900851970458492
dbpedia_7635,sales_7504,0.9092155903977652
dbpedia_28681,sales_1579,0.9829075580957302
dbpedia_33575,sales_5111,0.9598617719347576
dbpedia_9426,sales_4417,0.9129758614907094
dbpedia_13889,sales_3476,0.9428604502108492
dbpedia_41651,sales_72,0.9316153719280882
dbpedia_59975,sales_2276,0.9572340425531916
dbpedia_57232,sales_3300,0.9147846873840364
dbpedia_62085,sales_7064,0.9729075580957302
dbpedia_18010,sales_7504,0.9292155903977652
dbpedia_32530,sales_762,0.9652868217054262
dbpedia_21029,sales_4162,0.9876576576576576
dbpedia_14209,sales_2044,0.9929075580957302
dbpedia_48969,sales_810,1.0
dbpedia_20065,sales_4677,0.9572340425531916
dbpedia_14209,sales_3963,0.9929075580957302
dbpedia_12582,sales_2324,0.9092155903977652
dbpedia_31282,sales_7504,0.9292155903977652
dbpedia_7747,sales_1421,0.9192155903977652
dbpedia_17692,sales_4797,0.9219532723551664
dbpedia_20467,sales_7794,0.9676576576576577
dbpedia_2407,sales_240,0.9092155903977652
dbpedia_14826,sales_3575,0.9228604502108492
dbpedia_25348,sales_6866,1.0
dbpedia_43966,sales_5786,0.9192155903977652
dbpedia_18289,sales_782,1.0
dbpedia_43966,sales_1398,0.9192155903977652
dbpedia_42069,sales_7720,0.9252027925531916
dbpedia_28417,sales_2748,0.9257126452126918
dbpedia_22990,sales_1040,0.994891700210849
dbpedia_18289,sales_716,1.0
dbpedia_51945,sales_5387,0.9471525245174164
dbpedia_38232,sales_7504,0.9092155903977652
dbpedia_25391,sales_2026,0.9187973228639456
dbpedia_13311,sales_4158,0.9976576576576576
dbpedia_30460,sales_873,0.9281357462242072
dbpedia_7747,sales_3404,0.9192155903977652
dbpedia_14143,sales_702,0.9676576576576577
dbpedia_7747,sales_490,0.9192155903977652
dbpedia_62005,sales_4677,0.9172340425531916
dbpedia_36622,sales_2555,0.9829075580957302
dbpedia_30705,sales_7528,0.966580446131941
dbpedia_26029,sales_3643,0.911266638650336
dbpedia_4983,sales_4298,0.9976576576576576
dbpedia_35217,sales_5041,0.9175383851900328
dbpedia_25621,sales_3715,0.9572340425531912
dbpedia_20723,sales_213,0.9003240171341568
dbpedia_29480,sales_72,0.9316153719280882
dbpedia_11255,sales_1109,0.9160977306528044
dbpedia_21875,sales_7575,0.9829075580957302
dbpedia_21887,sales_4918,0.9572340425531912
dbpedia_60056,sales_5475,0.9515741786076132
dbpedia_26489,sales_602,0.9976576576576576
dbpedia_3499,sales_6866,0.97
dbpedia_32756,sales_5005,0.9161650484707016
dbpedia_42474,sales_7427,0.984891700210849
dbpedia_47450,sales_6830,0.99
dbpedia_26948,sales_3793,0.97
dbpedia_17637,sales_778,0.9976576576576576
dbpedia_9096,sales_5571,0.9030282998453673
dbpedia_20467,sales_5176,0.9676576576576577
dbpedia_2407,sales_698,0.9092155903977652
dbpedia_7123,sales_1579,0.9829075580957302
dbpedia_17329,sales_1387,0.9572340425531916
dbpedia_21856,sales_5759,0.9192155903977652
dbpedia_8283,sales_4425,0.97
dbpedia_20701,sales_3777,0.984891700210849
dbpedia_25643,sales_2121,0.9876576576576576
dbpedia_31530,sales_6305,0.9092155903977652
dbpedia_12019,sales_4778,0.9015579327401074
dbpedia_35470,sales_2776,0.9976576576576576
dbpedia_27663,sales_1378,0.9848917002108492
dbpedia_21546,sales_5510,0.9092155903977652
dbpedia_13889,sales_2270,0.9428604502108492
dbpedia_24538,sales_2722,0.9550867487346304
dbpedia_45557,sales_7575,0.9829075580957302
dbpedia_31377,sales_4539,0.9083469540911596
dbpedia_5542,sales_494,0.994891700210849
dbpedia_61259,sales_3929,0.9490402371067234
dbpedia_4820,sales_7442,0.9976576576576576
dbpedia_35098,sales_3643,0.911266638650336
dbpedia_46920,sales_283,0.9132059706757732
dbpedia_36526,sales_4246,0.9572340425531912
dbpedia_7375,sales_3571,0.9228604502108492
dbpedia_29443,sales_272,0.9058238272327338
dbpedia_27951,sales_4354,0.9278222497691164
dbpedia_27144,sales_2208,0.9929075580957302
dbpedia_28897,sales_2400,0.9522900432900434
dbpedia_32341,sales_5530,0.9247530363672034
dbpedia_24728,sales_1479,0.9257852035094613
dbpedia_5770,sales_6798,0.9829075580957302
dbpedia_20701,sales_2423,0.984891700210849
dbpedia_34150,sales_4677,0.9172340425531916
dbpedia_56926,sales_4201,0.9228878541095946
dbpedia_4013,sales_5323,0.9676576576576577
dbpedia_4820,sales_1407,0.9976576576576576
dbpedia_3107,sales_5603,0.9829075580957302
dbpedia_43396,sales_7520,0.9083469540911596
dbpedia_43645,sales_4158,0.9976576576576576
dbpedia_27663,sales_2769,0.9848917002108492
dbpedia_1715,sales_7798,0.9976576576576576
dbpedia_7416,sales_914,1.0
dbpedia_39412,sales_6877,0.9286534590137502
dbpedia_5770,sales_4891,0.9829075580957302
dbpedia_25621,sales_4918,0.9572340425531912
dbpedia_42146,sales_3131,0.97
dbpedia_20701,sales_2033,0.984891700210849
dbpedia_13311,sales_2387,0.9976576576576576
dbpedia_4256,sales_6656,0.9548917002108492
dbpedia_13538,sales_6770,0.9492155903977652
dbpedia_34489,sales_7321,0.9683950617283952
dbpedia_14184,sales_4911,0.90535431625621
dbpedia_23056,sales_6219,0.9976576576576576
dbpedia_52630,sales_5196,0.9576576576576576
dbpedia_26111,sales_292,0.9976576576576576
dbpedia_25621,sales_4246,0.9572340425531912
dbpedia_31379,sales_483,0.9976576576576576
dbpedia_27663,sales_2046,0.9848917002108492
dbpedia_18225,sales_5975,0.9036864388707512
dbpedia_4990,sales_4970,0.9180026885027353
dbpedia_18665,sales_7323,0.9297466264613002
dbpedia_5542,sales_367,0.994891700210849
dbpedia_36548,sales_2735,0.9028105253250648
dbpedia_18982,sales_1385,0.9360030721250484
dbpedia_27513,sales_5244,0.9172991363943
dbpedia_16603,sales_3979,0.9169733755524718
dbpedia_13918,sales_161,0.9415209102211451
dbpedia_33186,sales_6656,0.9848917002108492
dbpedia_23394,sales_2016,0.9801416006489216
dbpedia_44695,sales_5091,0.9167362050713408
dbpedia_36526,sales_3627,0.9572340425531912
dbpedia_52449,sales_6555,0.9015579327401074
dbpedia_13538,sales_5486,0.9492155903977652
dbpedia_30249,sales_4984,0.9333379588858052
dbpedia_5447,sales_7167,0.9015586995313276
dbpedia_35470,sales_599,0.9976576576576576
dbpedia_34021,sales_3257,0.9015579327401074
dbpedia_40152,sales_202,0.9676576576576577
dbpedia_36526,sales_4918,0.9572340425531912
dbpedia_46616,sales_1673,0.93455446328363
dbpedia_25621,sales_3627,0.9572340425531912
dbpedia_30100,sales_4158,0.9776576576576576
dbpedia_31643,sales_7210,0.901711537424493
dbpedia_53286,sales_4674,0.9115579327401074
dbpedia_2229,sales_1385,0.9230030721250484
dbpedia_36967,sales_6938,0.9176106521261602
dbpedia_59779,sales_702,0.9976576576576576
dbpedia_15353,sales_4778,0.9015579327401074
dbpedia_25780,sales_818,0.9015579327401074
dbpedia_42813,sales_7132,0.9313904294760093
dbpedia_57769,sales_3766,0.9729075580957302
dbpedia_17637,sales_6328,0.9876576576576576
dbpedia_43645,sales_2387,0.9976576576576576
dbpedia_36967,sales_6604,0.9176106521261602
dbpedia_14189,sales_139,0.9092155903977652
dbpedia_29697,sales_7287,0.904013620757826
dbpedia_43450,sales_367,0.994891700210849
dbpedia_43450,sales_494,0.994891700210849
dbpedia_33163,sales_6656,0.9548917002108492
dbpedia_59443,sales_6656,0.9548917002108492
dbpedia_40642,sales_5988,0.9776576576576576
dbpedia_55217,sales_3979,0.9169733755524718
dbpedia_1446,sales_7375,0.9176106521261602
dbpedia_25348,sales_6690,1.0
dbpedia_36526,sales_3715,0.9572340425531912
dbpedia_1324,sales_7630,0.920029270368358
dbpedia_42963,sales_3780,0.907251431187766
dbpedia_33033,sales_5859,0.9976576576576576
dbpedia_40642,sales_5859,0.9776576576576576
dbpedia_2679,sales_4940,0.9026400422191384
dbpedia_2257,sales_5635,0.9203782040911596
dbpedia_26780,sales_7425,0.934415180212861
dbpedia_12808,sales_3325,0.9015579327401074
dbpedia_3499,sales_6690,0.97
dbpedia_14146,sales_6027,0.9092155903977652
dbpedia_13148,sales_5988,0.9676576576576577
dbpedia_63990,sales_5150,0.904596261916408
dbpedia_41982,sales_2927,0.9048900152737126
dbpedia_15683,sales_7763,1.0
dbpedia_19610,sales_7194,0.9185522222944624
dbpedia_61533,sales_3741,0.9076106521261602
dbpedia_53910,sales_202,0.9676576576576577
dbpedia_20921,sales_7866,0.9192155903977652
dbpedia_13538,sales_6480,0.9492155903977652
dbpedia_30100,sales_2387,0.9776576576576576
dbpedia_30611,sales_4674,0.9015579327401074
dbpedia_40007,sales_2078,0.9394811553517992
dbpedia_10780,sales_4931,0.9015579327401074
dbpedia_42306,sales_3627,0.9572340425531912
dbpedia_64790,sales_4931,0.9115579327401074
dbpedia_40427,sales_4417,0.921174675815021
dbpedia_59954,sales_2165,0.9015579327401074
dbpedia_19320,sales_3575,0.9092155903977652
dbpedia_53475,sales_3325,0.9015579327401074
dbpedia_26375,sales_7538,0.9465240858432348
dbpedia_6342,sales_5912,0.9192155903977652
dbpedia_29278,sales_7362,0.932788425094078
dbpedia_59954,sales_2117,0.9015579327401074
dbpedia_42306,sales_4246,0.9572340425531912
dbpedia_43129,sales_5368,0.9825608766233768
dbpedia_55572,sales_4031,0.9866233766233766
dbpedia_9822,sales_2601,0.9028604502108492
dbpedia_60038,sales_7287,0.904013620757826
dbpedia_22875,sales_5624,0.9572340425531916
dbpedia_61438,sales_4674,0.9015579327401074
dbpedia_53128,sales_7194,0.906878752906707
dbpedia_45843,sales_1419,0.9015579327401074
dbpedia_42306,sales_4918,0.9572340425531912
dbpedia_26979,sales_3325,0.9015579327401074
dbpedia_51578,sales_6756,0.9015579327401074
dbpedia_11176,sales_4560,0.9976576576576576
dbpedia_9661,sales_6501,0.9360030721250484
dbpedia_53489,sales_6756,0.9015579327401074
dbpedia_64456,sales_7860,0.9138149839283182
dbpedia_55463,sales_4560,0.9976576576576576
dbpedia_14466,sales_4931,0.9115579327401074
dbpedia_11871,sales_4931,0.9015579327401074
dbpedia_48806,sales_7323,0.9267466264613003
dbpedia_41040,sales_4931,0.9115579327401074
dbpedia_55463,sales_7528,0.9228604502108492
dbpedia_57999,sales_1524,0.9015579327401074
dbpedia_42156,metacritic_16794,0.9996875524520874
dbpedia_28811,metacritic_8877,0.9990703463554382
dbpedia_3624,metacritic_12716,0.9996609687805176
dbpedia_34952,metacritic_4603,0.9991995692253112
dbpedia_52404,metacritic_19145,0.9990522265434264
dbpedia_472,metacritic_7071,0.999108612537384
dbpedia_43130,metacritic_15424,0.9996497631072998
dbpedia_5559,metacritic_19456,0.9999035596847534
dbpedia_43202,metacritic_18163,0.9989481568336488
dbpedia_38996,metacritic_2154,0.9997678399086
dbpedia_2030,metacritic_17523,0.9996685981750488
dbpedia_47321,metacritic_14504,0.999892234802246
dbpedia_387,metacritic_6413,0.9999098777770996
dbpedia_20104,metacritic_4112,0.9998303651809692
dbpedia_52495,metacritic_14909,0.9996824264526368
dbpedia_48803,metacritic_5399,0.9990912675857544
dbpedia_33316,metacritic_13174,0.9990522265434264
dbpedia_45947,metacritic_15571,0.9998304843902588
dbpedia_29577,metacritic_19860,0.9998857975006104
dbpedia_34236,metacritic_2669,0.99977844953537
dbpedia_9977,metacritic_4930,0.999847173690796
dbpedia_9985,metacritic_15595,0.999850869178772
dbpedia_20159,metacritic_9606,0.99972003698349
dbpedia_25001,metacritic_8689,0.9989481568336488
dbpedia_10946,metacritic_18059,0.9994822144508362
dbpedia_4124,metacritic_7398,0.9997288584709167
dbpedia_30038,metacritic_5175,0.9998563528060912
dbpedia_22579,metacritic_3093,0.999950647354126
dbpedia_64173,metacritic_19233,0.9997783303260804
dbpedia_25835,metacritic_9627,0.9990522265434264
dbpedia_44228,metacritic_7135,0.999618649482727
dbpedia_62724,metacritic_17277,0.9990912675857544
dbpedia_44423,metacritic_9320,0.999892234802246
dbpedia_32742,metacritic_13921,0.99983811378479
dbpedia_24403,metacritic_14786,0.9995192289352416
dbpedia_377,metacritic_14176,0.9998304843902588
dbpedia_16660,metacritic_16439,0.9991995692253112
dbpedia_51875,metacritic_7019,0.9997770190238952
dbpedia_18879,metacritic_12557,0.9999247789382936
dbpedia_3584,metacritic_3314,0.9997056126594543
dbpedia_1517,metacritic_9302,0.9993588328361512
dbpedia_20922,metacritic_16740,0.9996685981750488
dbpedia_17382,metacritic_6506,0.9996553659439088
dbpedia_54069,metacritic_1478,0.9995734095573424
dbpedia_18031,metacritic_5150,0.9990522265434264
dbpedia_36508,metacritic_19247,0.9996824264526368
dbpedia_29953,metacritic_13879,0.9996497631072998
dbpedia_12617,metacritic_14193,0.9998563528060912
dbpedia_45718,metacritic_2732,0.9996955394744872
dbpedia_22654,metacritic_4115,0.999892234802246
dbpedia_9816,metacritic_14113,0.9998304843902588
dbpedia_51979,metacritic_2075,0.999108612537384
dbpedia_9460,metacritic_12411,0.9998382329940796
dbpedia_16596,metacritic_17918,0.999892234802246
dbpedia_51004,metacritic_9410,0.9995360374450684
dbpedia_23960,metacritic_14075,0.999908685684204
dbpedia_57371,metacritic_8414,0.9996685981750488
dbpedia_6907,metacritic_35,0.9997288584709167
dbpedia_56185,metacritic_7137,0.9996511936187744
dbpedia_42520,metacritic_10920,0.9997846484184264
dbpedia_22839,metacritic_17637,0.9993588328361512
dbpedia_8146,metacritic_8859,0.999892234802246
dbpedia_5954,metacritic_15527,0.9996542930603028
dbpedia_59143,metacritic_10527,0.9997846484184264
dbpedia_45013,metacritic_3864,0.9997480511665344
dbpedia_3141,metacritic_4145,0.9997758269309998
dbpedia_60879,metacritic_2425,0.999892234802246
dbpedia_37264,metacritic_353,0.999826967716217
dbpedia_9919,metacritic_19363,0.99992835521698
dbpedia_10526,metacritic_19846,0.9995734095573424
dbpedia_18057,metacritic_6386,0.9996875524520874
dbpedia_11644,metacritic_9865,0.9998675584793092
dbpedia_5945,metacritic_2611,0.9995360374450684
dbpedia_19420,metacritic_5078,0.9993589520454408
dbpedia_23972,metacritic_162,0.9998466968536376
dbpedia_9991,metacritic_4432,0.9997846484184264
dbpedia_28370,metacritic_2479,0.999536156654358
dbpedia_14513,metacritic_12630,0.9995194673538208
dbpedia_61180,metacritic_13915,0.9998993873596193
dbpedia_61663,metacritic_1252,0.9999440908432008
dbpedia_39830,metacritic_19024,0.999892234802246
dbpedia_50921,metacritic_10697,0.9993588328361512
dbpedia_12353,metacritic_13014,0.9998382329940796
dbpedia_30873,metacritic_15082,0.9997538924217224
dbpedia_36163,metacritic_14735,0.9996609687805176
dbpedia_17952,metacritic_13063,0.9989481568336488
dbpedia_23244,metacritic_3055,0.999886393547058
dbpedia_6711,metacritic_22,0.9998643398284912
dbpedia_5397,metacritic_9247,0.9994822144508362
dbpedia_25981,metacritic_730,0.99972003698349
dbpedia_39722,metacritic_9180,0.9990912675857544
dbpedia_53681,metacritic_16031,0.9996609687805176
dbpedia_24342,metacritic_222,0.9996875524520874
dbpedia_61901,metacritic_1788,0.9993588328361512
dbpedia_19210,metacritic_16727,0.9996685981750488
dbpedia_60620,metacritic_14875,0.999496579170227
dbpedia_54886,metacritic_305,0.9995734095573424
dbpedia_45476,metacritic_19364,0.999766170978546
dbpedia_49626,metacritic_421,0.9999266862869264
dbpedia_5186,metacritic_19627,0.9995194673538208
dbpedia_34106,metacritic_16554,0.9997846484184264
dbpedia_22295,metacritic_14495,0.9998643398284912
dbpedia_11796,metacritic_19169,0.9997100234031676
dbpedia_31931,metacritic_19361,0.999892234802246
dbpedia_5500,metacritic_4920,0.9998399019241332
dbpedia_8138,metacritic_7585,0.9995734095573424
dbpedia_49748,metacritic_4547,0.9990912675857544
dbpedia_30201,metacritic_17262,0.9998399019241332
dbpedia_13409,metacritic_88,0.9996685981750488
dbpedia_19443,metacritic_10436,0.9996609687805176
dbpedia_15805,metacritic_6350,0.9987064599990844
dbpedia_14040,metacritic_15625,0.9999035596847534
dbpedia_2956,metacritic_5543,0.9996685981750488
dbpedia_51111,metacritic_9951,0.9997079968452454
dbpedia_12776,metacritic_19317,0.999892234802246
dbpedia_29597,metacritic_18971,0.9993852376937866
dbpedia_20613,metacritic_18743,0.9998643398284912
dbpedia_32913,metacritic_3591,0.9996405839920044
dbpedia_47253,metacritic_5778,0.9993852376937866
dbpedia_19076,metacritic_19643,0.9996553659439088
dbpedia_11062,metacritic_10316,0.9995734095573424
dbpedia_17054,metacritic_10541,0.999886155128479
dbpedia_36726,metacritic_18601,0.999950647354126
dbpedia_21012,metacritic_6298,0.9998303651809692
dbpedia_8039,metacritic_56,0.9999326467514038
dbpedia_3743,metacritic_19370,0.999908685684204
dbpedia_48169,metacritic_16567,0.9997079968452454
dbpedia_62013,metacritic_16934,0.9998303651809692
dbpedia_9550,metacritic_15977,0.9998993873596193
dbpedia_47092,metacritic_7521,0.9997846484184264
dbpedia_64054,metacritic_1898,0.99972003698349
dbpedia_22722,metacritic_6615,0.9996685981750488
dbpedia_26948,metacritic_14275,0.9998347759246826
dbpedia_30345,metacritic_4387,0.9998399019241332
dbpedia_22958,metacritic_2646,0.9999300241470336
dbpedia_21319,metacritic_696,0.9980884194374084
dbpedia_40856,metacritic_2419,0.9999266862869264
dbpedia_1231,metacritic_19205,0.999870538711548
dbpedia_13833,metacritic_19794,0.9997538924217224
dbpedia_29308,metacritic_1622,0.9996609687805176
dbpedia_2783,metacritic_11180,0.9997288584709167
dbpedia_43920,metacritic_9954,0.9997732043266296
dbpedia_9770,metacritic_20211,0.9997758269309998
dbpedia_54285,metacritic_4538,0.9997678399086
dbpedia_12932,metacritic_13960,0.999766170978546
dbpedia_25775,metacritic_12759,0.9995360374450684
dbpedia_41935,metacritic_9797,0.9998643398284912
dbpedia_24138,metacritic_1933,0.999826967716217
dbpedia_44332,metacritic_20264,0.9997846484184264
dbpedia_23783,metacritic_6345,0.999232530593872
dbpedia_1471,metacritic_5860,0.9989481568336488
dbpedia_23213,metacritic_6583,0.9996553659439088
dbpedia_3425,metacritic_4132,0.9990912675857544
dbpedia_38526,metacritic_3571,0.9998860359191896
dbpedia_29392,metacritic_12631,0.9992488026618958
dbpedia_3488,metacritic_9849,0.9998563528060912
dbpedia_45478,metacritic_19632,0.999804675579071
dbpedia_6258,metacritic_7650,0.9998654127120972
dbpedia_46718,metacritic_12399,0.9998303651809692
dbpedia_20188,metacritic_13309,0.9997770190238952
dbpedia_30631,metacritic_19568,0.9998492002487184
dbpedia_39600,metacritic_3521,0.999886155128479
dbpedia_44327,metacritic_17984,0.9997673630714417
dbpedia_39032,metacritic_19063,0.999842643737793
dbpedia_63130,metacritic_13152,0.999557077884674
dbpedia_56464,metacritic_16233,0.9995192289352416
dbpedia_43789,metacritic_2017,0.9998809099197388
dbpedia_29238,metacritic_2329,0.9998492002487184
dbpedia_24289,metacritic_2589,0.9984750151634216
dbpedia_27579,metacritic_18495,0.9997758269309998
dbpedia_51990,metacritic_430,0.9996875524520874
dbpedia_17164,metacritic_14091,0.999496579170227
dbpedia_19782,metacritic_18340,0.9999047517776488
dbpedia_13292,metacritic_1140,0.9990761280059814
dbpedia_23004,metacritic_3905,0.9996514320373536
dbpedia_27238,metacritic_19478,0.9993852376937866
dbpedia_51885,metacritic_11925,0.9998492002487184
dbpedia_4263,metacritic_4999,0.9995081424713136
dbpedia_9370,metacritic_18484,0.9998492002487184
dbpedia_3590,metacritic_5464,0.9998435974121094
dbpedia_58343,metacritic_18410,0.9998399019241332
dbpedia_16284,metacritic_11407,0.9997480511665344
dbpedia_8999,metacritic_11527,0.9998231530189514
dbpedia_27788,metacritic_1947,0.999892234802246
dbpedia_44305,metacritic_6678,0.9998857975006104
dbpedia_58155,metacritic_2578,0.9999035596847534
dbpedia_58973,metacritic_11420,0.9996497631072998
dbpedia_18795,metacritic_2261,0.99992835521698
dbpedia_33732,metacritic_3381,0.9994822144508362
dbpedia_55286,metacritic_3716,0.9996542930603028
dbpedia_57578,metacritic_11629,0.9997288584709167
dbpedia_32617,metacritic_2816,0.9990912675857544
dbpedia_57499,metacritic_12766,0.9998303651809692
dbpedia_2606,metacritic_17976,0.9998675584793092
dbpedia_7928,metacritic_11979,0.9991995692253112
dbpedia_2303,metacritic_10415,0.9998643398284912
dbpedia_42934,metacritic_18417,0.9998490810394288
dbpedia_15895,metacritic_4639,0.998445451259613
dbpedia_54710,metacritic_16420,0.998445451259613
dbpedia_19743,metacritic_143,0.9990522265434264
dbpedia_8101,metacritic_3059,0.9993588328361512
dbpedia_4664,metacritic_3256,0.9990912675857544
dbpedia_10557,metacritic_4141,0.999232530593872
dbpedia_3676,metacritic_7133,0.9995192289352416
dbpedia_21933,metacritic_18434,0.9996902942657472
dbpedia_8364,metacritic_9154,0.9989481568336488
dbpedia_38579,metacritic_5998,0.9989481568336488
dbpedia_23062,metacritic_16737,0.9996497631072998
dbpedia_13159,metacritic_6082,0.9998303651809692
dbpedia_19921,metacritic_11440,0.99972003698349
dbpedia_62977,metacritic_463,0.99983811378479
dbpedia_17641,metacritic_20391,0.998445451259613
dbpedia_24975,metacritic_20460,0.9996685981750488
dbpedia_43408,metacritic_2674,0.9997758269309998
dbpedia_44139,metacritic_15443,0.9995734095573424
dbpedia_2364,metacritic_19312,0.9990522265434264
dbpedia_20938,metacritic_18413,0.9992488026618958
dbpedia_1535,metacritic_17747,0.999842643737793
dbpedia_63275,metacritic_2181,0.9996405839920044
dbpedia_13389,metacritic_4515,0.9999208450317384
dbpedia_13262,metacritic_501,0.9990912675857544
dbpedia_47111,metacritic_3582,0.9997758269309998
dbpedia_26324,metacritic_4508,0.998445451259613
dbpedia_49478,metacritic_12438,0.9998490810394288
dbpedia_27897,metacritic_9585,0.9997846484184264
dbpedia_29895,metacritic_3316,0.9999094009399414
dbpedia_30866,metacritic_16771,0.999804675579071
dbpedia_12278,metacritic_12943,0.9999440908432008
dbpedia_59042,metacritic_12,0.999886393547058
dbpedia_4432,metacritic_19395,0.9999297857284546
dbpedia_25435,metacritic_4564,0.9996685981750488
dbpedia_27953,metacritic_55,0.9999274015426636
dbpedia_18156,metacritic_1080,0.9998795986175536
dbpedia_51826,metacritic_5689,0.9997846484184264
dbpedia_27183,metacritic_17969,0.9998032450675964
dbpedia_62350,metacritic_4200,0.9999247789382936
dbpedia_34449,metacritic_5924,0.999892234802246
dbpedia_7537,metacritic_7131,0.9998643398284912
dbpedia_13129,metacritic_1003,0.9996875524520874
dbpedia_24455,metacritic_8153,0.99983811378479
dbpedia_34648,metacritic_4045,0.99960058927536
dbpedia_22642,metacritic_17126,0.9994919300079346
dbpedia_60290,metacritic_3147,0.9996955394744872
dbpedia_21854,metacritic_15083,0.999660849571228
dbpedia_1239,metacritic_16894,0.9996497631072998
dbpedia_34393,metacritic_1090,0.9995192289352416
dbpedia_15110,metacritic_12326,0.9999297857284546
dbpedia_23046,metacritic_2062,0.9996514320373536
dbpedia_12960,metacritic_18622,0.9998032450675964
dbpedia_6172,metacritic_6991,0.9998303651809692
dbpedia_54762,metacritic_11160,0.9996514320373536
dbpedia_1275,metacritic_12042,0.9980884194374084
dbpedia_34143,metacritic_3763,0.9995360374450684
dbpedia_19884,metacritic_8873,0.9997846484184264
dbpedia_20386,metacritic_1307,0.9987064599990844
dbpedia_44191,metacritic_16459,0.9998435974121094
dbpedia_41482,metacritic_7526,0.9995734095573424
dbpedia_1234,metacritic_1902,0.9997673630714417
dbpedia_19727,metacritic_18300,0.9994919300079346
dbpedia_50352,metacritic_4010,0.999618649482727
dbpedia_48190,metacritic_9125,0.999847173690796
dbpedia_23230,metacritic_20103,0.9997480511665344
dbpedia_1284,metacritic_5379,0.9997846484184264
dbpedia_17518,metacritic_5601,0.9990912675857544
dbpedia_54088,metacritic_1999,0.9999247789382936
dbpedia_44705,metacritic_7672,0.9995360374450684
dbpedia_36582,metacritic_17161,0.9998714923858644
dbpedia_26643,metacritic_1328,0.9999440908432008
dbpedia_46558,metacritic_7147,0.99949848651886
dbpedia_20121,metacritic_1540,0.9999170303344728
dbpedia_40053,metacritic_1635,0.9998294115066528
dbpedia_3127,metacritic_4107,0.9997594952583312
dbpedia_40557,metacritic_3318,0.9998490810394288
dbpedia_57458,metacritic_6582,0.9998857975006104
dbpedia_19541,metacritic_6785,0.9997846484184264
dbpedia_57825,metacritic_11167,0.9998303651809692
dbpedia_34276,metacritic_18341,0.9990912675857544
dbpedia_2972,metacritic_2555,0.9998036026954652
dbpedia_49559,metacritic_8662,0.9998304843902588
dbpedia_34728,metacritic_10105,0.999842643737793
dbpedia_15383,metacritic_5810,0.9996609687805176
dbpedia_8067,metacritic_7904,0.999491810798645
dbpedia_32969,metacritic_1704,0.999766170978546
dbpedia_20015,metacritic_2220,0.9998971223831176
dbpedia_35222,metacritic_9518,0.9995625615119934
dbpedia_37767,metacritic_9536,0.9998947381973268
dbpedia_18399,metacritic_15206,0.9998971223831176
dbpedia_25488,metacritic_7547,0.9995192289352416
dbpedia_1770,metacritic_13385,0.9995734095573424
dbpedia_45972,metacritic_17881,0.9996542930603028
dbpedia_59289,metacritic_12762,0.9998947381973268
dbpedia_26892,metacritic_17012,0.9997310042381288
dbpedia_25252,metacritic_15426,0.9998303651809692
dbpedia_36829,metacritic_3198,0.9998435974121094
dbpedia_49474,metacritic_8978,0.999892234802246
dbpedia_36293,metacritic_4588,0.999800145626068
dbpedia_18836,metacritic_1669,0.9997846484184264
dbpedia_7105,metacritic_2900,0.99972003698349
dbpedia_38090,metacritic_13588,0.9996514320373536
dbpedia_38521,metacritic_3458,0.9997811913490297
dbpedia_13755,metacritic_13904,0.9996609687805176
dbpedia_30444,metacritic_891,0.999809205532074
dbpedia_38434,metacritic_7513,0.999886155128479
dbpedia_37486,metacritic_5371,0.999660849571228
dbpedia_35945,metacritic_11918,0.999826967716217
dbpedia_52440,metacritic_20479,0.9996553659439088
dbpedia_1879,metacritic_19409,0.999842643737793
dbpedia_39320,metacritic_12012,0.9997538924217224
dbpedia_10244,metacritic_14690,0.9998303651809692
dbpedia_34939,metacritic_20111,0.999108612537384
dbpedia_21018,metacritic_13913,0.9993588328361512
dbpedia_29018,metacritic_17688,0.9996514320373536
dbpedia_18452,metacritic_30,0.9997770190238952
dbpedia_19877,metacritic_1066,0.9997572302818298
dbpedia_561,metacritic_18520,0.9995081424713136
dbpedia_6139,metacritic_8802,0.9998145699501038
dbpedia_17582,metacritic_4484,0.999847173690796
dbpedia_3089,metacritic_1693,0.9998714923858644
dbpedia_38172,metacritic_10306,0.999496579170227
dbpedia_58358,metacritic_2920,0.9999170303344728
dbpedia_13929,metacritic_242,0.9989481568336488
dbpedia_33752,metacritic_19340,0.9995192289352416
dbpedia_43823,metacritic_8418,0.9997811913490297
dbpedia_46937,metacritic_7214,0.9996405839920044
dbpedia_29433,metacritic_2891,0.9986868500709534
dbpedia_6406,metacritic_6034,0.999660849571228
dbpedia_25338,metacritic_10859,0.9990522265434264
dbpedia_41194,metacritic_9290,0.9996685981750488
dbpedia_61300,metacritic_802,0.9992488026618958
dbpedia_1559,metacritic_2612,0.999766170978546
dbpedia_35791,metacritic_12481,0.9997288584709167
dbpedia_50909,metacritic_19833,0.9999243021011353
dbpedia_2937,metacritic_11312,0.9997288584709167
dbpedia_35281,metacritic_3967,0.9996614456176758
dbpedia_1585,metacritic_12987,0.9997678399086
dbpedia_6590,metacritic_2431,0.9995625615119934
dbpedia_64652,metacritic_10495,0.9997594952583312
dbpedia_35726,metacritic_15489,0.9998563528060912
dbpedia_14638,metacritic_13895,0.9999035596847534
dbpedia_14947,metacritic_2551,0.9998435974121094
dbpedia_20635,metacritic_3984,0.9998643398284912
dbpedia_37409,metacritic_13842,0.9996824264526368
dbpedia_18877,metacritic_335,0.9999247789382936
dbpedia_40851,metacritic_1691,0.999892234802246
dbpedia_38214,metacritic_20372,0.9998936653137208
dbpedia_9342,metacritic_6874,0.9997758269309998
dbpedia_7215,metacritic_11994,0.999232530593872
dbpedia_36734,metacritic_12699,0.9997758269309998
dbpedia_23086,metacritic_7906,0.9996801614761353
dbpedia_29353,metacritic_14254,0.9998600482940674
dbpedia_54265,metacritic_19426,0.9992631077766418
dbpedia_24096,metacritic_16204,0.9997758269309998
dbpedia_12091,metacritic_2142,0.9998643398284912
dbpedia_57495,metacritic_12290,0.9997480511665344
dbpedia_62801,metacritic_2153,0.9997594952583312
dbpedia_28197,metacritic_7665,0.9997673630714417
dbpedia_3801,metacritic_5221,0.9998908042907716
dbpedia_10296,metacritic_4492,0.999847173690796
dbpedia_969,metacritic_19399,0.9999440908432008
dbpedia_51732,metacritic_1675,0.999892234802246
dbpedia_3907,metacritic_16601,0.999674916267395
dbpedia_35348,metacritic_5863,0.9993589520454408
dbpedia_30529,metacritic_15171,0.9984750151634216
dbpedia_12836,metacritic_15577,0.9990522265434264
dbpedia_27436,metacritic_14693,0.9995194673538208
dbpedia_33699,metacritic_11216,0.9989481568336488
dbpedia_38112,metacritic_3574,0.9998347759246826
dbpedia_3518,metacritic_12550,0.9997538924217224
dbpedia_58762,metacritic_5309,0.999886155128479
dbpedia_5925,metacritic_7957,0.9990522265434264
dbpedia_6512,metacritic_14583,0.9996929168701172
dbpedia_11441,metacritic_3297,0.9990912675857544
dbpedia_17081,metacritic_10886,0.9996947050094604
dbpedia_39268,metacritic_1912,0.9986868500709534
dbpedia_63967,metacritic_8739,0.9998117089271544
dbpedia_45297,metacritic_14902,0.9999508857727052
dbpedia_48474,metacritic_8617,0.9996801614761353
dbpedia_34446,metacritic_19908,0.9995734095573424
dbpedia_58590,metacritic_6702,0.9995194673538208
dbpedia_59024,metacritic_12005,0.999908685684204
dbpedia_4127,metacritic_20447,0.9996824264526368
dbpedia_38004,metacritic_18998,0.999892234802246
dbpedia_29698,metacritic_826,0.9997811913490297
dbpedia_32177,metacritic_6639,0.9998303651809692
dbpedia_24549,metacritic_13443,0.9990912675857544
dbpedia_4485,metacritic_14416,0.9998435974121094
dbpedia_53855,metacritic_3720,0.9998643398284912
dbpedia_10275,metacritic_3675,0.9999035596847534
dbpedia_51434,metacritic_18539,0.9997770190238952
dbpedia_13857,metacritic_13279,0.9997865557670592
dbpedia_37298,metacritic_14322,0.9998437166213988
dbpedia_64558,metacritic_16842,0.999766170978546
dbpedia_44597,metacritic_3501,0.9993588328361512
dbpedia_20153,metacritic_1186,0.9996542930603028
dbpedia_1056,metacritic_8038,0.9996685981750488
dbpedia_10177,metacritic_17921,0.999847173690796
dbpedia_36031,metacritic_15205,0.9995081424713136
dbpedia_51671,metacritic_9519,0.9999440908432008
dbpedia_9070,metacritic_2354,0.9986868500709534
dbpedia_8273,metacritic_7883,0.9998563528060912
dbpedia_42674,metacritic_7735,0.9998437166213988
dbpedia_62940,metacritic_2550,0.9998714923858644
dbpedia_15445,metacritic_4929,0.9999243021011353
dbpedia_62846,metacritic_12187,0.999809205532074
dbpedia_15050,metacritic_12047,0.999232530593872
dbpedia_3060,metacritic_17525,0.9995360374450684
dbpedia_34642,metacritic_1957,0.9998032450675964
dbpedia_23993,metacritic_4858,0.9997100234031676
dbpedia_40234,metacritic_1315,0.9993588328361512
dbpedia_6034,metacritic_6174,0.9997770190238952
dbpedia_60293,metacritic_15356,0.9998303651809692
dbpedia_2686,metacritic_20205,0.999766170978546
dbpedia_42203,metacritic_17059,0.9990522265434264
dbpedia_27028,metacritic_10744,0.9999266862869264
dbpedia_28230,metacritic_17866,0.9997594952583312
dbpedia_10650,metacritic_18460,0.9994822144508362
dbpedia_51010,metacritic_817,0.9998714923858644
dbpedia_1583,metacritic_4911,0.9999297857284546
dbpedia_2035,metacritic_12468,0.999809205532074
dbpedia_15576,metacritic_3340,0.999892234802246
dbpedia_15265,metacritic_18145,0.999496579170227
dbpedia_35963,metacritic_8317,0.9995734095573424
dbpedia_33904,metacritic_6528,0.9996685981750488
dbpedia_60670,metacritic_4792,0.9998303651809692
dbpedia_36978,metacritic_138,0.9998310804367064
dbpedia_13321,metacritic_17264,0.9997846484184264
dbpedia_26265,metacritic_17392,0.9996542930603028
dbpedia_61484,metacritic_14184,0.9994822144508362
dbpedia_33644,metacritic_11712,0.9996497631072998
dbpedia_12350,metacritic_6098,0.9997673630714417
dbpedia_18280,metacritic_9486,0.9998303651809692
dbpedia_63491,metacritic_16675,0.9997770190238952
dbpedia_59389,metacritic_7128,0.999929666519165
dbpedia_1826,metacritic_970,0.9998304843902588
dbpedia_34006,metacritic_13990,0.9997642636299132
dbpedia_20550,metacritic_18194,0.9998860359191896
dbpedia_18023,metacritic_17374,0.9997288584709167
dbpedia_14639,metacritic_530,0.9990522265434264
dbpedia_41817,metacritic_2123,0.9997079968452454
dbpedia_34326,metacritic_6760,0.9996405839920044
dbpedia_31132,metacritic_309,0.9995194673538208
dbpedia_38345,metacritic_17818,0.99960058927536
dbpedia_64064,metacritic_11087,0.9998971223831176
dbpedia_2640,metacritic_3800,0.99992835521698
dbpedia_26710,metacritic_3295,0.9990703463554382
dbpedia_25796,metacritic_5501,0.999232530593872
dbpedia_13996,metacritic_11414,0.999929666519165
dbpedia_23135,metacritic_6871,0.9997480511665344
dbpedia_64279,metacritic_14750,0.999908685684204
dbpedia_51577,metacritic_8242,0.9995194673538208
dbpedia_49415,metacritic_18190,0.9998435974121094
dbpedia_39616,metacritic_1556,0.9993588328361512
dbpedia_20250,metacritic_16617,0.9996947050094604
dbpedia_6197,metacritic_7417,0.9997100234031676
dbpedia_40520,metacritic_297,0.9990912675857544
dbpedia_44181,metacritic_3306,0.9992488026618958
dbpedia_13329,metacritic_14700,0.9998675584793092
dbpedia_208,metacritic_12182,0.9998490810394288
dbpedia_30245,metacritic_14253,0.999496579170227
dbpedia_20963,metacritic_19546,0.998445451259613
dbpedia_10763,metacritic_1047,0.9998947381973268
dbpedia_17815,metacritic_511,0.9999440908432008
dbpedia_16773,metacritic_8334,0.9998993873596193
dbpedia_7756,metacritic_15253,0.999886155128479
dbpedia_74,metacritic_8312,0.9998304843902588
dbpedia_62353,metacritic_10889,0.999767243862152
dbpedia_8439,metacritic_2127,0.9996497631072998
dbpedia_16108,metacritic_801,0.9998600482940674
dbpedia_21671,metacritic_2544,0.9996875524520874
dbpedia_37485,metacritic_7738,0.999557077884674
dbpedia_38872,metacritic_4196,0.9997758269309998
dbpedia_2463,metacritic_2802,0.9997079968452454
dbpedia_28205,metacritic_8944,0.999886393547058
dbpedia_86,metacritic_11497,0.9997480511665344
dbpedia_7673,metacritic_13466,0.9999547004699708
dbpedia_38072,metacritic_658,0.999886393547058
dbpedia_41406,metacritic_8048,0.9996614456176758
dbpedia_7901,metacritic_3279,0.999908685684204
dbpedia_732,metacritic_18556,0.999496579170227
dbpedia_31068,metacritic_4804,0.9997594952583312
dbpedia_37401,metacritic_3734,0.999842643737793
dbpedia_42573,metacritic_6405,0.99949848651886
dbpedia_3300,metacritic_4137,0.999826967716217
dbpedia_21952,metacritic_2627,0.9990912675857544
dbpedia_16149,metacritic_1976,0.9996824264526368
dbpedia_54856,metacritic_1932,0.999892234802246
dbpedia_58131,metacritic_4592,0.9993852376937866
dbpedia_45797,metacritic_19495,0.999108612537384
dbpedia_14753,metacritic_18845,0.9989481568336488
dbpedia_16623,metacritic_15279,0.9996542930603028
dbpedia_52051,metacritic_3365,0.9998117089271544
dbpedia_32335,metacritic_19220,0.9996067881584167
dbpedia_16923,metacritic_11197,0.9996497631072998
dbpedia_56562,metacritic_8648,0.9990522265434264
dbpedia_40172,metacritic_10314,0.9990912675857544
dbpedia_42042,metacritic_369,0.9996609687805176
dbpedia_10595,metacritic_15076,0.9996801614761353
dbpedia_22632,metacritic_5330,0.99972003698349
dbpedia_10113,metacritic_198,0.9996685981750488
dbpedia_26052,metacritic_13204,0.9998435974121094
dbpedia_22933,metacritic_18485,0.999886393547058
dbpedia_63909,metacritic_11773,0.9997865557670592
dbpedia_14604,metacritic_4825,0.9995360374450684
dbpedia_57486,metacritic_2917,0.9996875524520874
dbpedia_34109,metacritic_18285,0.9998303651809692
dbpedia_33314,metacritic_17018,0.9999440908432008
dbpedia_32033,metacritic_6943,0.998445451259613
dbpedia_48187,metacritic_769,0.9995161294937134
dbpedia_17040,metacritic_8565,0.9996801614761353
dbpedia_30728,metacritic_436,0.9999440908432008
dbpedia_24527,metacritic_14078,0.99937504529953
dbpedia_15001,metacritic_1576,0.999842643737793
dbpedia_40881,metacritic_461,0.999108612537384
dbpedia_7856,metacritic_17151,0.9990761280059814
dbpedia_56706,metacritic_7288,0.9990912675857544
dbpedia_14396,metacritic_7338,0.9996497631072998
dbpedia_6153,metacritic_3950,0.9998809099197388
dbpedia_26397,metacritic_6394,0.999766170978546
dbpedia_55165,metacritic_16411,0.9989481568336488
dbpedia_12784,metacritic_14040,0.999496579170227
dbpedia_52888,metacritic_13962,0.9997673630714417
dbpedia_48857,metacritic_7966,0.9993588328361512
dbpedia_48541,metacritic_4159,0.9993852376937866
dbpedia_14137,metacritic_3044,0.9997310042381288
dbpedia_6399,metacritic_7772,0.9996685981750488
dbpedia_7551,metacritic_15460,0.9997673630714417
dbpedia_57443,metacritic_16588,0.9990912675857544
dbpedia_42432,metacritic_68,0.9996542930603028
dbpedia_404,metacritic_158,0.9996685981750488
dbpedia_29162,metacritic_3036,0.9998303651809692
dbpedia_50100,metacritic_17524,0.9997865557670592
dbpedia_13414,metacritic_898,0.9997056126594543
dbpedia_43504,metacritic_4837,0.998445451259613
dbpedia_7628,metacritic_13651,0.9998857975006104
dbpedia_27804,metacritic_9425,0.9996542930603028
dbpedia_62760,metacritic_18031,0.9998032450675964
dbpedia_3981,metacritic_9176,0.999892234802246
dbpedia_35792,metacritic_20347,0.9993852376937866
dbpedia_8302,metacritic_9340,0.999950647354126
dbpedia_50493,metacritic_7597,0.999847173690796
dbpedia_7356,metacritic_957,0.9997288584709167
dbpedia_55688,metacritic_6477,0.999618649482727
dbpedia_17172,metacritic_9521,0.9998303651809692
dbpedia_31106,metacritic_9829,0.9997079968452454
dbpedia_2816,metacritic_451,0.9996685981750488
dbpedia_59530,metacritic_2482,0.9996362924575806
dbpedia_13063,metacritic_11819,0.9996685981750488
dbpedia_12730,metacritic_7891,0.999923825263977
dbpedia_61092,metacritic_6152,0.9999655485153198
dbpedia_40480,metacritic_18255,0.9996685981750488
dbpedia_23730,metacritic_18859,0.9998304843902588
dbpedia_14203,metacritic_3002,0.9999297857284546
dbpedia_21534,metacritic_14029,0.999847173690796
dbpedia_26997,metacritic_3371,0.9999204874038696
dbpedia_5877,metacritic_1448,0.9998993873596193
dbpedia_6932,metacritic_3786,0.9998399019241332
dbpedia_17886,metacritic_1358,0.9999440908432008
dbpedia_51423,metacritic_4539,0.999892234802246
dbpedia_28414,metacritic_8799,0.9999204874038696
dbpedia_18762,metacritic_15609,0.9997594952583312
dbpedia_29337,metacritic_7575,0.9991995692253112
dbpedia_17511,metacritic_13124,0.9998304843902588
dbpedia_44999,metacritic_4704,0.9999204874038696
dbpedia_42700,metacritic_14443,0.9998643398284912
dbpedia_45146,metacritic_5785,0.9998231530189514
dbpedia_911,metacritic_3282,0.9990703463554382
dbpedia_37534,metacritic_14282,0.9995081424713136
dbpedia_43400,metacritic_3448,0.9999440908432008
dbpedia_28096,metacritic_17335,0.9997758269309998
dbpedia_17403,metacritic_15107,0.9990703463554382
dbpedia_22943,metacritic_5577,0.9998303651809692
dbpedia_17722,metacritic_8215,0.9995194673538208
dbpedia_42238,metacritic_13765,0.999771773815155
dbpedia_17171,metacritic_8970,0.99960058927536
dbpedia_40719,metacritic_6539,0.9997846484184264
dbpedia_12296,metacritic_18086,0.9997846484184264
dbpedia_26180,metacritic_18140,0.9995712637901306
dbpedia_19665,metacritic_7674,0.9993852376937866
dbpedia_27712,metacritic_8064,0.999886155128479
dbpedia_34583,metacritic_2846,0.9996405839920044
dbpedia_30710,metacritic_1643,0.9990912675857544
dbpedia_7237,metacritic_18773,0.9996553659439088
dbpedia_19225,metacritic_4457,0.9999035596847534
dbpedia_40973,metacritic_7299,0.9991995692253112
dbpedia_45213,metacritic_2694,0.99960058927536
dbpedia_26059,metacritic_7009,0.9996614456176758
dbpedia_20752,metacritic_1909,0.9996514320373536
dbpedia_22298,metacritic_15990,0.9998490810394288
dbpedia_32235,metacritic_2730,0.9998570680618286
dbpedia_29841,metacritic_4971,0.999886155128479
dbpedia_5968,metacritic_13838,0.9980884194374084
dbpedia_33068,metacritic_13683,0.999950647354126
dbpedia_11895,metacritic_8771,0.9998809099197388
dbpedia_44393,metacritic_9974,0.9989481568336488
dbpedia_53563,metacritic_19187,0.9997673630714417
dbpedia_5679,metacritic_16582,0.9996955394744872
dbpedia_16686,metacritic_11573,0.999847173690796
dbpedia_51544,metacritic_6529,0.9994919300079346
dbpedia_63258,metacritic_5965,0.9998675584793092
dbpedia_57763,metacritic_14657,0.999766170978546
dbpedia_26676,metacritic_3862,0.9997758269309998
dbpedia_30072,metacritic_17487,0.999842643737793
dbpedia_49,metacritic_5297,0.9993588328361512
dbpedia_15997,metacritic_4786,0.9990522265434264
dbpedia_44782,metacritic_4386,0.9996609687805176
dbpedia_42389,metacritic_2218,0.9993588328361512
dbpedia_34477,metacritic_19736,0.999674916267395
dbpedia_9254,metacritic_5407,0.9996801614761353
dbpedia_43112,metacritic_4915,0.999496579170227
dbpedia_50769,metacritic_7756,0.9996609687805176
dbpedia_13233,metacritic_16327,0.9990912675857544
dbpedia_54727,metacritic_20016,0.9981247782707214
dbpedia_53015,metacritic_12133,0.9998857975006104
dbpedia_17496,metacritic_5798,0.999892234802246
dbpedia_46088,metacritic_12125,0.9995194673538208
dbpedia_32270,metacritic_14023,0.999660849571228
dbpedia_29517,metacritic_1809,0.9997288584709167
dbpedia_23780,metacritic_7890,0.9997642636299132
dbpedia_11460,metacritic_8649,0.999771773815155
dbpedia_8457,metacritic_12077,0.9996609687805176
dbpedia_19538,metacritic_11635,0.9997288584709167
dbpedia_6378,metacritic_2559,0.9995625615119934
dbpedia_23377,metacritic_1084,0.9990522265434264
dbpedia_26851,metacritic_17630,0.9997846484184264
dbpedia_10593,metacritic_3615,0.9994822144508362
dbpedia_55923,metacritic_16253,0.9990703463554382
dbpedia_25606,metacritic_5492,0.9998857975006104
dbpedia_22433,metacritic_4147,0.9993852376937866
dbpedia_28759,metacritic_7082,0.9997758269309998
dbpedia_18844,metacritic_12859,0.9997480511665344
dbpedia_43304,metacritic_14877,0.9999126195907592
dbpedia_1660,metacritic_14829,0.9990522265434264
dbpedia_9423,metacritic_5859,0.99983811378479
dbpedia_54663,metacritic_20317,0.999937891960144
dbpedia_60660,metacritic_3665,0.999809205532074
dbpedia_22192,metacritic_4002,0.999674916267395
dbpedia_1701,metacritic_2309,0.9998654127120972
dbpedia_3974,metacritic_8190,0.9996405839920044
dbpedia_26389,metacritic_2326,0.9990522265434264
dbpedia_31807,metacritic_13500,0.9993588328361512
dbpedia_46605,metacritic_2649,0.9995692372322084
dbpedia_59490,metacritic_7371,0.9997758269309998
dbpedia_11879,metacritic_1214,0.9998714923858644
dbpedia_11682,metacritic_6901,0.999766170978546
dbpedia_6938,metacritic_8680,0.9996497631072998
dbpedia_8200,metacritic_13430,0.999674916267395
dbpedia_29686,metacritic_11351,0.999108612537384
dbpedia_21278,metacritic_18944,0.9999511241912842
dbpedia_39218,metacritic_1595,0.9996609687805176
dbpedia_52857,metacritic_15813,0.9996875524520874
dbpedia_51689,metacritic_14239,0.9996609687805176
dbpedia_11514,metacritic_18529,0.9993852376937866
dbpedia_4780,metacritic_4101,0.9996685981750488
dbpedia_57559,metacritic_19037,0.9999274015426636
dbpedia_20063,metacritic_7247,0.9981247782707214
dbpedia_16737,metacritic_10442,0.9995734095573424
dbpedia_59788,metacritic_9911,0.9990703463554382
dbpedia_50572,metacritic_12257,0.9997642636299132
dbpedia_10150,metacritic_3413,0.9998303651809692
dbpedia_29556,metacritic_13940,0.9993852376937866
dbpedia_4440,metacritic_2269,0.9994788765907288
dbpedia_36378,metacritic_11333,0.9997288584709167
dbpedia_2790,metacritic_7549,0.9993852376937866
dbpedia_64082,metacritic_5436,0.9997594952583312
dbpedia_16690,metacritic_10074,0.9996405839920044
dbpedia_27385,metacritic_14337,0.9990761280059814
dbpedia_2910,metacritic_19869,0.9997865557670592
dbpedia_62644,metacritic_6838,0.99960058927536
dbpedia_45130,metacritic_11127,0.9989481568336488
dbpedia_56438,metacritic_7129,0.9998654127120972
dbpedia_3014,metacritic_19415,0.9996497631072998
dbpedia_7227,metacritic_13848,0.9998860359191896
dbpedia_6349,metacritic_714,0.9998303651809692
dbpedia_25397,metacritic_17679,0.9989481568336488
dbpedia_2458,metacritic_5718,0.9997594952583312
dbpedia_47523,metacritic_16611,0.999363124370575
dbpedia_33673,metacritic_7730,0.9999204874038696
dbpedia_59126,metacritic_6635,0.9996685981750488
dbpedia_61258,metacritic_3225,0.999892234802246
dbpedia_10996,metacritic_16541,0.9996267557144164
dbpedia_41589,metacritic_7434,0.9996405839920044
dbpedia_13776,metacritic_15170,0.9997594952583312
dbpedia_10922,metacritic_17155,0.999771773815155
dbpedia_39924,metacritic_4599,0.9990522265434264
dbpedia_62860,metacritic_8931,0.9990912675857544
dbpedia_26726,metacritic_7488,0.9996542930603028
dbpedia_15369,metacritic_615,0.999771773815155
dbpedia_31093,metacritic_4185,0.9997846484184264
dbpedia_23930,metacritic_2736,0.9990912675857544
dbpedia_13064,metacritic_3768,0.9996067881584167
dbpedia_16151,metacritic_8665,0.9997310042381288
dbpedia_55098,metacritic_19526,0.9998032450675964
dbpedia_40034,metacritic_12815,0.9995734095573424
dbpedia_42978,metacritic_762,0.9998466968536376
dbpedia_36376,metacritic_899,0.9997480511665344
dbpedia_8975,metacritic_2756,0.9996685981750488
dbpedia_34891,metacritic_3524,0.9994822144508362
dbpedia_5067,metacritic_15141,0.9996542930603028
dbpedia_9004,metacritic_398,0.9995194673538208
dbpedia_15972,metacritic_6309,0.99972003698349
dbpedia_38168,metacritic_18083,0.999557077884674
dbpedia_25644,metacritic_6788,0.9997770190238952
dbpedia_39944,metacritic_6385,0.9993588328361512
dbpedia_48711,metacritic_3893,0.9998437166213988
dbpedia_5680,metacritic_9983,0.9998435974121094
dbpedia_12281,metacritic_812,0.9997770190238952
dbpedia_12395,metacritic_7059,0.9993852376937866
dbpedia_13204,metacritic_5553,0.999660849571228
dbpedia_54157,metacritic_16100,0.9990522265434264
dbpedia_42795,metacritic_17123,0.9998643398284912
dbpedia_38749,metacritic_14974,0.9998563528060912
dbpedia_22066,metacritic_15120,0.9995194673538208
dbpedia_50641,metacritic_17705,0.9991995692253112
dbpedia_42162,metacritic_4212,0.9996955394744872
dbpedia_34878,metacritic_8814,0.9997594952583312
dbpedia_50865,metacritic_3982,0.9997673630714417
dbpedia_6508,metacritic_19554,0.999847173690796
dbpedia_23672,metacritic_3214,0.9997770190238952
dbpedia_8255,metacritic_779,0.9998304843902588
dbpedia_27732,metacritic_19608,0.9996955394744872
dbpedia_23103,metacritic_17402,0.9998399019241332
dbpedia_56164,metacritic_10966,0.9998435974121094
dbpedia_41154,metacritic_10792,0.9987064599990844
dbpedia_11303,metacritic_12311,0.998445451259613
dbpedia_21475,metacritic_5374,0.999950647354126
dbpedia_25057,metacritic_12213,0.9996947050094604
dbpedia_33512,metacritic_15472,0.9995194673538208
dbpedia_15043,metacritic_15202,0.9997056126594543
dbpedia_3059,metacritic_7353,0.9996511936187744
dbpedia_11636,metacritic_16764,0.9998993873596193
dbpedia_45750,metacritic_15682,0.9997480511665344
dbpedia_60432,metacritic_3920,0.9995194673538208
dbpedia_2248,metacritic_9999,0.9998563528060912
dbpedia_5654,metacritic_13789,0.9996609687805176
dbpedia_9050,metacritic_6323,0.9996609687805176
dbpedia_16258,metacritic_13712,0.9995712637901306
dbpedia_45915,metacritic_19725,0.9990522265434264
dbpedia_33108,metacritic_16614,0.9996542930603028
dbpedia_46,metacritic_18961,0.9998643398284912
dbpedia_2275,metacritic_14521,0.999496579170227
dbpedia_218,metacritic_8057,0.9998971223831176
dbpedia_25120,metacritic_9927,0.999892234802246
dbpedia_21608,metacritic_4420,0.9998435974121094
dbpedia_15008,metacritic_8538,0.9998303651809692
dbpedia_27767,metacritic_11743,0.9996609687805176
dbpedia_28103,metacritic_9501,0.999886155128479
dbpedia_54352,metacritic_6002,0.9994788765907288
dbpedia_31672,metacritic_13809,0.9990912675857544
dbpedia_953,metacritic_1817,0.999842643737793
dbpedia_20365,metacritic_5335,0.999108612537384
dbpedia_57112,metacritic_18634,0.9996685981750488
dbpedia_49403,metacritic_2115,0.9998294115066528
dbpedia_27941,metacritic_11913,0.9989481568336488
dbpedia_30800,metacritic_668,0.999108612537384
dbpedia_21221,metacritic_11752,0.9993852376937866
dbpedia_53216,metacritic_17606,0.9996609687805176
dbpedia_14697,metacritic_8211,0.9990912675857544
dbpedia_1944,metacritic_5137,0.9997594952583312
dbpedia_10366,metacritic_4057,0.99949848651886
dbpedia_60211,metacritic_48,0.9996553659439088
dbpedia_24067,metacritic_6519,0.999232530593872
dbpedia_11046,metacritic_644,0.999496579170227
dbpedia_5845,metacritic_8225,0.9998399019241332
dbpedia_9527,metacritic_13196,0.9999274015426636
dbpedia_348,metacritic_7330,0.999674916267395
dbpedia_64833,metacritic_12633,0.999766170978546
dbpedia_46373,metacritic_14410,0.9998435974121094
dbpedia_38151,metacritic_14340,0.9997100234031676
dbpedia_35595,metacritic_2245,0.9996955394744872
dbpedia_27914,metacritic_14744,0.9996685981750488
dbpedia_1916,metacritic_7997,0.9990912675857544
dbpedia_51613,metacritic_514,0.9997865557670592
dbpedia_33138,metacritic_2004,0.9987064599990844
dbpedia_56516,metacritic_4633,0.9987064599990844
dbpedia_32079,metacritic_1275,0.9996902942657472
dbpedia_47577,metacritic_5432,0.9998563528060912
dbpedia_26621,metacritic_18697,0.9996609687805176
dbpedia_2766,metacritic_11634,0.9990522265434264
dbpedia_54165,metacritic_15953,0.999886393547058
dbpedia_6734,metacritic_7096,0.99983811378479
dbpedia_18381,metacritic_16660,0.9998984336853028
dbpedia_37266,metacritic_18423,0.9980884194374084
dbpedia_28984,metacritic_10067,0.9999274015426636
dbpedia_19381,metacritic_15132,0.9997783303260804
dbpedia_42388,metacritic_9226,0.9998714923858644
dbpedia_27105,metacritic_9311,0.9997642636299132
dbpedia_17044,metacritic_4635,0.9998303651809692
dbpedia_48200,metacritic_4808,0.9992488026618958
dbpedia_45836,metacritic_777,0.9997770190238952
dbpedia_52725,metacritic_9901,0.999766170978546
dbpedia_12477,metacritic_12401,0.9996875524520874
dbpedia_32421,metacritic_19788,0.9997865557670592
dbpedia_21504,metacritic_6648,0.999886155128479
dbpedia_29408,metacritic_14642,0.999892234802246
dbpedia_23257,metacritic_19648,0.9996542930603028
dbpedia_54779,metacritic_10397,0.9997770190238952
dbpedia_37828,metacritic_17933,0.9990912675857544
dbpedia_18139,metacritic_3773,0.998445451259613
dbpedia_3537,metacritic_703,0.9999475479125975
dbpedia_1787,metacritic_12209,0.9995360374450684
dbpedia_10272,metacritic_20138,0.9990912675857544
dbpedia_26042,metacritic_11206,0.999496579170227
dbpedia_5,metacritic_17779,0.9992631077766418
dbpedia_35916,metacritic_14104,0.9998303651809692
dbpedia_38675,metacritic_17844,0.9996685981750488
dbpedia_18581,metacritic_10923,0.9993852376937866
dbpedia_27773,metacritic_19343,0.9998563528060912
dbpedia_799,metacritic_15240,0.9998313188552856
dbpedia_42715,metacritic_11984,0.9998563528060912
dbpedia_38085,metacritic_442,0.9990522265434264
dbpedia_7516,metacritic_9944,0.9996405839920044
dbpedia_24596,metacritic_8717,0.999660849571228
dbpedia_2587,metacritic_6166,0.9999440908432008
dbpedia_10140,metacritic_15513,0.9996542930603028
dbpedia_28674,metacritic_3136,0.9995625615119934
dbpedia_46480,metacritic_6389,0.9997770190238952
dbpedia_42150,metacritic_5864,0.9996685981750488
dbpedia_52787,metacritic_3841,0.9999274015426636
dbpedia_63204,metacritic_11621,0.9997542500495912
dbpedia_20201,metacritic_968,0.9996553659439088
dbpedia_52393,metacritic_977,0.9993588328361512
dbpedia_25384,metacritic_18144,0.9996609687805176
dbpedia_27167,metacritic_4600,0.9993852376937866
dbpedia_7847,metacritic_752,0.998445451259613
dbpedia_39082,metacritic_17041,0.9996685981750488
dbpedia_22068,metacritic_2085,0.9997758269309998
dbpedia_39505,metacritic_7421,0.999950647354126
dbpedia_24607,metacritic_8133,0.9997758269309998
dbpedia_59882,metacritic_5243,0.9993852376937866
dbpedia_36156,metacritic_16133,0.9997288584709167
dbpedia_15585,metacritic_3776,0.9998179078102112
dbpedia_42868,metacritic_3431,0.9996947050094604
dbpedia_56868,metacritic_3743,0.9996614456176758
dbpedia_16752,metacritic_3359,0.9993588328361512
dbpedia_48112,metacritic_4144,0.9989481568336488
dbpedia_26408,metacritic_19921,0.999232530593872
dbpedia_44881,metacritic_4551,0.9994919300079346
dbpedia_44576,metacritic_10108,0.9995081424713136
dbpedia_17557,metacritic_10575,0.9995161294937134
dbpedia_62361,metacritic_2935,0.999892234802246
dbpedia_2843,metacritic_5917,0.9996875524520874
dbpedia_49796,metacritic_13938,0.9995734095573424
dbpedia_24017,metacritic_14930,0.9990522265434264
dbpedia_38590,metacritic_19348,0.9996801614761353
dbpedia_21610,metacritic_20306,0.9996609687805176
dbpedia_18325,metacritic_14157,0.9997770190238952
dbpedia_54132,metacritic_8226,0.9997310042381288
dbpedia_11670,metacritic_8062,0.9995192289352416
dbpedia_30741,metacritic_4273,0.9998382329940796
dbpedia_38953,metacritic_7635,0.999232530593872
dbpedia_54997,metacritic_15779,0.9996609687805176
dbpedia_26241,metacritic_2227,0.999674916267395
dbpedia_47271,metacritic_2758,0.9998032450675964
dbpedia_42013,metacritic_12431,0.9998369216918944
dbpedia_8414,metacritic_848,0.9996685981750488
dbpedia_3260,metacritic_1123,0.999674916267395
dbpedia_33321,metacritic_10411,0.9998303651809692
dbpedia_1460,metacritic_15522,0.9990522265434264
dbpedia_24176,metacritic_75,0.9995161294937134
dbpedia_55528,metacritic_17387,0.99949848651886
dbpedia_3084,metacritic_3702,0.9991995692253112
dbpedia_26496,metacritic_15885,0.9999566078186036
dbpedia_49978,metacritic_7765,0.9998399019241332
dbpedia_8834,metacritic_3468,0.999766170978546
dbpedia_33985,metacritic_3662,0.999841570854187
dbpedia_43602,metacritic_5338,0.999232530593872
dbpedia_1971,metacritic_10638,0.9997865557670592
dbpedia_7888,metacritic_17529,0.9997480511665344
dbpedia_31934,metacritic_18458,0.9998303651809692
dbpedia_49263,metacritic_9704,0.9997673630714417
dbpedia_26302,metacritic_8127,0.9998036026954652
dbpedia_2594,metacritic_12078,0.9996609687805176
dbpedia_15430,metacritic_13201,0.9998303651809692
dbpedia_49075,metacritic_50,0.9998643398284912
dbpedia_7406,metacritic_4155,0.9997594952583312
dbpedia_7587,metacritic_15777,0.9998971223831176
dbpedia_50028,metacritic_389,0.9993852376937866
dbpedia_12032,metacritic_11533,0.9993852376937866
dbpedia_9893,metacritic_7869,0.999950647354126
dbpedia_24331,metacritic_14954,0.9996747970581056
dbpedia_61967,metacritic_10091,0.9996345043182372
dbpedia_15858,metacritic_6862,0.9998435974121094
dbpedia_42519,metacritic_13732,0.999886155128479
dbpedia_16743,metacritic_6661,0.9993588328361512
dbpedia_10458,metacritic_10155,0.9998857975006104
dbpedia_30334,metacritic_8095,0.9998441934585572
dbpedia_15813,metacritic_15622,0.9998313188552856
dbpedia_40500,metacritic_10433,0.9998435974121094
dbpedia_27588,metacritic_2096,0.9993588328361512
dbpedia_26725,metacritic_736,0.9998795986175536
dbpedia_6088,metacritic_5942,0.9997846484184264
dbpedia_33363,metacritic_18073,0.9984750151634216
dbpedia_6674,metacritic_9178,0.9998179078102112
dbpedia_55091,metacritic_6141,0.9997865557670592
dbpedia_54913,metacritic_10881,0.9993588328361512
dbpedia_10586,metacritic_7639,0.9995734095573424
dbpedia_25129,metacritic_18390,0.9993588328361512
dbpedia_3370,metacritic_14894,0.9993852376937866
dbpedia_33536,metacritic_19582,0.9996801614761353
dbpedia_56722,metacritic_9396,0.999767243862152
dbpedia_17613,metacritic_20028,0.999674916267395
dbpedia_58351,metacritic_1682,0.9998435974121094
dbpedia_28685,metacritic_1664,0.9997673630714417
dbpedia_64367,metacritic_5562,0.9996511936187744
dbpedia_20853,metacritic_6719,0.998445451259613
dbpedia_48613,metacritic_1414,0.99983811378479
dbpedia_56236,metacritic_734,0.9990912675857544
dbpedia_13508,metacritic_13137,0.9996542930603028
dbpedia_33374,metacritic_18003,0.9998304843902588
dbpedia_3432,metacritic_5334,0.9997758269309998
dbpedia_52191,metacritic_10563,0.9996514320373536
dbpedia_49851,metacritic_573,0.999826967716217
dbpedia_24448,metacritic_9976,0.9993823766708374
dbpedia_58056,metacritic_100,0.9990912675857544
dbpedia_62039,metacritic_19878,0.9995734095573424
dbpedia_1813,metacritic_14,0.999950647354126
dbpedia_52556,metacritic_2813,0.999886393547058
dbpedia_26546,metacritic_12885,0.9998399019241332
dbpedia_36273,metacritic_3735,0.9996362924575806
dbpedia_47979,metacritic_3988,0.9995734095573424
dbpedia_60606,metacritic_5366,0.999842643737793
dbpedia_16580,metacritic_6759,0.999886155128479
dbpedia_6062,metacritic_5520,0.999767243862152
dbpedia_7535,metacritic_18385,0.999892234802246
dbpedia_54142,metacritic_2748,0.9998310804367064
dbpedia_60141,metacritic_10286,0.9997288584709167
dbpedia_20950,metacritic_5692,0.9998979568481444
dbpedia_7878,metacritic_8483,0.9997288584709167
dbpedia_52479,metacritic_7,0.9998303651809692
dbpedia_35283,metacritic_988,0.9990522265434264
dbpedia_1161,metacritic_19757,0.9997310042381288
dbpedia_2019,metacritic_18669,0.999842643737793
dbpedia_46701,metacritic_19067,0.9998399019241332
dbpedia_31792,metacritic_4742,0.9990912675857544
dbpedia_794,metacritic_7277,0.9996801614761353
dbpedia_3838,metacritic_17310,0.999619483947754
dbpedia_22856,metacritic_15737,0.9997783303260804
dbpedia_10091,metacritic_20057,0.999496579170227
dbpedia_5873,metacritic_19640,0.9998382329940796
dbpedia_7412,metacritic_4190,0.999093770980835
dbpedia_64568,metacritic_4343,0.9997542500495912
dbpedia_7581,metacritic_306,0.9998492002487184
dbpedia_63170,metacritic_14077,0.9998303651809692
dbpedia_32964,metacritic_13857,0.99972003698349
dbpedia_28474,metacritic_19309,0.9996542930603028
dbpedia_47775,metacritic_7134,0.9997310042381288
dbpedia_11226,metacritic_18880,0.9997758269309998
dbpedia_38166,metacritic_10131,0.9994053840637208
dbpedia_9541,metacritic_20407,0.9997865557670592
dbpedia_64130,metacritic_18866,0.9995192289352416
dbpedia_60775,metacritic_14869,0.9999297857284546
dbpedia_41008,metacritic_31,0.9996947050094604
dbpedia_517,metacritic_9012,0.9997288584709167
dbpedia_35240,metacritic_17735,0.9990703463554382
dbpedia_19946,metacritic_8769,0.9995081424713136
dbpedia_19498,metacritic_5706,0.9998539686203004
dbpedia_2453,metacritic_2483,0.9996609687805176
dbpedia_18876,metacritic_6548,0.9996405839920044
dbpedia_18872,metacritic_15830,0.9998399019241332
dbpedia_12588,metacritic_11361,0.9991995692253112
dbpedia_531,metacritic_20444,0.9997770190238952
dbpedia_40436,metacritic_19706,0.9998643398284912
dbpedia_27348,metacritic_18171,0.998445451259613
dbpedia_26982,metacritic_6562,0.9997770190238952
dbpedia_1482,metacritic_10294,0.9998618364334106
dbpedia_7256,metacritic_18319,0.9996801614761353
dbpedia_59496,metacritic_17174,0.9996685981750488
dbpedia_54112,metacritic_17184,0.9996514320373536
dbpedia_10888,metacritic_4501,0.9997056126594543
dbpedia_5715,metacritic_6253,0.999766170978546
dbpedia_17498,metacritic_3645,0.9993588328361512
dbpedia_13921,metacritic_2081,0.9996067881584167
dbpedia_41668,metacritic_10890,0.9996955394744872
dbpedia_34375,metacritic_4995,0.999660849571228
dbpedia_9031,metacritic_14274,0.9990912675857544
dbpedia_49026,metacritic_15751,0.9996553659439088
dbpedia_31666,metacritic_14343,0.999618649482727
dbpedia_57362,metacritic_19234,0.9995192289352416
dbpedia_29336,metacritic_11465,0.999766170978546
dbpedia_4183,metacritic_1659,0.9994919300079346
dbpedia_28305,metacritic_1974,0.9996685981750488
dbpedia_40870,metacritic_6794,0.9997480511665344
dbpedia_6376,metacritic_1059,0.999536156654358
dbpedia_30762,metacritic_11019,0.9996609687805176
dbpedia_39397,metacritic_6171,0.9993588328361512
dbpedia_56858,metacritic_5225,0.9997865557670592
dbpedia_23863,metacritic_12924,0.9997758269309998
dbpedia_35172,metacritic_13673,0.9998570680618286
dbpedia_54391,metacritic_6258,0.9980884194374084
dbpedia_9966,metacritic_5984,0.9996511936187744
dbpedia_56705,metacritic_18825,0.9990912675857544
dbpedia_17407,metacritic_2191,0.9990522265434264
dbpedia_59314,metacritic_13257,0.9998654127120972
dbpedia_32611,metacritic_4663,0.9996801614761353
dbpedia_23736,metacritic_3466,0.999674916267395
dbpedia_22604,metacritic_14987,0.9996609687805176
dbpedia_20956,metacritic_10471,0.9999094009399414
dbpedia_33168,metacritic_5858,0.9993752837181092
dbpedia_12108,metacritic_17728,0.9998435974121094
dbpedia_50074,metacritic_15112,0.99949848651886
dbpedia_6129,metacritic_8501,0.9997288584709167
dbpedia_51923,metacritic_470,0.9998714923858644
dbpedia_4041,metacritic_14188,0.9998500347137452
dbpedia_57475,metacritic_6621,0.999886155128479
dbpedia_13314,metacritic_8974,0.99983811378479
dbpedia_14178,metacritic_7317,0.999766170978546
dbpedia_24252,metacritic_5904,0.999870538711548
dbpedia_43982,metacritic_6316,0.9996824264526368
dbpedia_31895,metacritic_15785,0.9994919300079346
dbpedia_16759,metacritic_14479,0.9997288584709167
dbpedia_21320,metacritic_15218,0.9995194673538208
dbpedia_44573,metacritic_14426,0.9996955394744872
dbpedia_2054,metacritic_18147,0.999892234802246
dbpedia_17472,metacritic_2619,0.9996542930603028
dbpedia_61244,metacritic_6490,0.999108612537384
dbpedia_1060,metacritic_897,0.9996824264526368
dbpedia_56930,metacritic_13506,0.9990522265434264
dbpedia_32077,metacritic_15643,0.9996685981750488
dbpedia_57416,metacritic_1770,0.9999189376831056
dbpedia_1145,metacritic_17558,0.9997316002845764
dbpedia_15564,metacritic_3313,0.9998675584793092
dbpedia_28619,metacritic_15365,0.9993588328361512
dbpedia_9788,metacritic_3932,0.9998643398284912
dbpedia_6029,metacritic_2087,0.9990522265434264
dbpedia_24083,metacritic_5835,0.9996685981750488
dbpedia_33786,metacritic_6395,0.9996685981750488
dbpedia_4402,metacritic_1291,0.9994101524353028
dbpedia_1903,metacritic_9666,0.99960058927536
dbpedia_585,metacritic_12626,0.999496579170227
dbpedia_13869,metacritic_10895,0.9998441934585572
dbpedia_42971,metacritic_7055,0.9997758269309998
dbpedia_37346,metacritic_19300,0.999885082244873
dbpedia_54861,metacritic_12860,0.9997865557670592
dbpedia_31639,metacritic_14892,0.999232530593872
dbpedia_21746,metacritic_4737,0.99992835521698
dbpedia_50732,metacritic_6563,0.999766170978546
dbpedia_22095,metacritic_20420,0.9990912675857544
dbpedia_46059,metacritic_1381,0.999908685684204
dbpedia_9655,metacritic_14138,0.9998654127120972
dbpedia_47574,metacritic_4612,0.9993588328361512
dbpedia_32375,metacritic_6347,0.999892234802246
dbpedia_35437,metacritic_142,0.9996685981750488
dbpedia_59581,metacritic_17889,0.9999035596847534
dbpedia_52225,metacritic_9533,0.9997846484184264
dbpedia_9236,metacritic_4206,0.999842643737793
dbpedia_61999,metacritic_16086,0.999496579170227
dbpedia_18413,metacritic_3199,0.999108612537384
dbpedia_15563,metacritic_11847,0.9990703463554382
dbpedia_19748,metacritic_3569,0.9996067881584167
dbpedia_19285,metacritic_16906,0.9994788765907288
dbpedia_16895,metacritic_6006,0.9990912675857544
dbpedia_25715,metacritic_6150,0.9989481568336488
dbpedia_32266,metacritic_2478,0.999824583530426
dbpedia_9766,metacritic_10035,0.999496579170227
dbpedia_6589,metacritic_3320,0.9996947050094604
dbpedia_53063,metacritic_19517,0.999892234802246
dbpedia_45870,metacritic_3964,0.999950647354126
dbpedia_48489,metacritic_18527,0.999842643737793
dbpedia_39832,metacritic_8899,0.9998490810394288
dbpedia_19860,metacritic_11457,0.9997678399086
dbpedia_55721,metacritic_12629,0.99977844953537
dbpedia_3529,metacritic_15,0.9990522265434264
dbpedia_38676,metacritic_6340,0.9997703433036804
dbpedia_18717,metacritic_11680,0.9997758269309998
dbpedia_6077,metacritic_11585,0.9996542930603028
dbpedia_41544,metacritic_960,0.99977844953537
dbpedia_42548,metacritic_17048,0.999766170978546
dbpedia_56835,metacritic_5385,0.9998643398284912
dbpedia_31603,metacritic_2515,0.999232530593872
dbpedia_6548,metacritic_2386,0.999842643737793
dbpedia_33729,metacritic_12079,0.9998860359191896
dbpedia_41345,metacritic_20161,0.9993852376937866
dbpedia_50880,metacritic_1854,0.9998306035995485
dbpedia_39983,metacritic_13841,0.99977844953537
dbpedia_41091,metacritic_14026,0.999232530593872
dbpedia_2908,metacritic_5763,0.999557077884674
dbpedia_1347,metacritic_19061,0.9998304843902588
dbpedia_5710,metacritic_7854,0.9991995692253112
dbpedia_5898,metacritic_4772,0.999892234802246
dbpedia_64714,metacritic_5626,0.9999440908432008
dbpedia_61719,metacritic_9702,0.9997480511665344
dbpedia_30724,metacritic_9618,0.9996030926704408
dbpedia_14398,metacritic_2139,0.9996685981750488
dbpedia_33406,metacritic_13100,0.9996553659439088
dbpedia_35029,metacritic_19126,0.9996747970581056
dbpedia_22846,metacritic_13112,0.9998313188552856
dbpedia_25450,metacritic_1519,0.9997056126594543
dbpedia_8951,metacritic_7979,0.9998399019241332
dbpedia_7150,metacritic_16373,0.9996875524520874
dbpedia_14364,metacritic_14859,0.9993589520454408
dbpedia_27371,metacritic_810,0.999232530593872
dbpedia_7476,metacritic_3193,0.9998145699501038
dbpedia_37436,metacritic_12704,0.9998492002487184
dbpedia_13806,metacritic_12394,0.9997642636299132
dbpedia_45142,metacritic_735,0.999892234802246
dbpedia_33949,metacritic_10114,0.9990912675857544
dbpedia_4571,metacritic_3829,0.9997770190238952
dbpedia_29346,metacritic_1410,0.999892234802246
dbpedia_58559,metacritic_19516,0.9998304843902588
dbpedia_872,metacritic_17703,0.9990912675857544
dbpedia_32045,metacritic_12746,0.9997288584709167
dbpedia_21574,metacritic_14502,0.9989481568336488
dbpedia_20602,metacritic_2437,0.9996542930603028
dbpedia_53048,metacritic_8090,0.9996747970581056
dbpedia_13224,metacritic_12110,0.9999655485153198
dbpedia_10134,metacritic_14300,0.999771773815155
dbpedia_36902,metacritic_17986,0.9997288584709167
dbpedia_17548,metacritic_17282,0.9997538924217224
dbpedia_49245,metacritic_6770,0.9995194673538208
dbpedia_1630,metacritic_1008,0.9998801946640016
dbpedia_36374,metacritic_1383,0.999892234802246
dbpedia_55398,metacritic_14420,0.99977844953537
dbpedia_7555,metacritic_6464,0.999892234802246
dbpedia_14723,metacritic_9652,0.999842643737793
dbpedia_30580,metacritic_3100,0.9999440908432008
dbpedia_9131,metacritic_19296,0.9998908042907716
dbpedia_59339,metacritic_2044,0.9999266862869264
dbpedia_35758,metacritic_17500,0.9996497631072998
dbpedia_7766,metacritic_15418,0.999937891960144
dbpedia_22803,metacritic_20409,0.9997288584709167
dbpedia_42332,metacritic_9007,0.9996609687805176
dbpedia_10410,metacritic_6630,0.9999266862869264
dbpedia_29275,metacritic_2608,0.999841570854187
dbpedia_36931,metacritic_14968,0.9996405839920044
dbpedia_12462,metacritic_15987,0.999496579170227
dbpedia_2768,metacritic_3329,0.9998908042907716
dbpedia_16236,metacritic_6271,0.9996511936187744
dbpedia_35653,metacritic_5685,0.9996685981750488
dbpedia_12037,metacritic_17448,0.9997865557670592
dbpedia_3692,metacritic_10301,0.9998947381973268
dbpedia_44200,metacritic_15054,0.9999326467514038
dbpedia_29877,metacritic_5721,0.999766170978546
dbpedia_44006,metacritic_17348,0.999108612537384
dbpedia_15348,metacritic_6516,0.9997846484184264
dbpedia_51299,metacritic_14844,0.9999189376831056
dbpedia_5828,metacritic_2186,0.9999300241470336
dbpedia_64344,metacritic_9555,0.999892234802246
dbpedia_22057,metacritic_19014,0.999847173690796
dbpedia_25088,metacritic_2573,0.9996514320373536
dbpedia_13355,metacritic_9378,0.9994788765907288
dbpedia_55292,metacritic_4766,0.9993852376937866
dbpedia_46468,metacritic_2016,0.9998399019241332
dbpedia_56951,metacritic_12728,0.9998908042907716
dbpedia_19504,metacritic_4327,0.9998857975006104
dbpedia_6422,metacritic_11915,0.9998304843902588
dbpedia_1125,metacritic_1953,0.999771773815155
dbpedia_9553,metacritic_9866,0.9998117089271544
dbpedia_3345,metacritic_1138,0.999365508556366
dbpedia_42195,metacritic_15840,0.9990703463554382
dbpedia_4184,metacritic_7285,0.9996362924575806
dbpedia_9139,metacritic_16858,0.9995192289352416
dbpedia_2570,metacritic_416,0.9996514320373536
dbpedia_52396,metacritic_2620,0.999950647354126
dbpedia_39732,metacritic_11265,0.9996497631072998
dbpedia_7486,metacritic_11314,0.9996609687805176
dbpedia_15565,metacritic_15947,0.9996030926704408
dbpedia_9179,metacritic_4540,0.9997288584709167
dbpedia_9513,metacritic_2397,0.9993852376937866
dbpedia_757,metacritic_20465,0.9998303651809692
dbpedia_33636,metacritic_4012,0.9997677206993104
dbpedia_43292,metacritic_14093,0.9999566078186036
dbpedia_51444,metacritic_387,0.99983811378479
dbpedia_49242,metacritic_19056,0.9996801614761353
dbpedia_21914,metacritic_9942,0.9997642636299132
dbpedia_49640,metacritic_1467,0.9998643398284912
dbpedia_62015,metacritic_19251,0.9998303651809692
dbpedia_61510,metacritic_10843,0.9999488592147828
dbpedia_32131,metacritic_13722,0.9996542930603028
dbpedia_3418,metacritic_19443,0.999766170978546
dbpedia_8343,metacritic_19344,0.9997758269309998
dbpedia_37466,metacritic_1750,0.9990912675857544
dbpedia_22334,metacritic_19266,0.9997758269309998
dbpedia_59457,metacritic_1049,0.9996685981750488
dbpedia_32495,metacritic_1455,0.9989481568336488
dbpedia_53946,metacritic_2446,0.9993852376937866
dbpedia_40699,metacritic_11263,0.9998117089271544
dbpedia_52631,metacritic_4421,0.9998860359191896
dbpedia_40157,metacritic_20490,0.9998654127120972
dbpedia_37489,metacritic_3578,0.9990912675857544
dbpedia_15279,metacritic_12836,0.9996685981750488
dbpedia_35352,metacritic_6043,0.9998490810394288
dbpedia_41725,metacritic_2362,0.9996685981750488
dbpedia_677,metacritic_13721,0.9997758269309998
dbpedia_61926,metacritic_18287,0.9999326467514038
dbpedia_39173,metacritic_7435,0.9997594952583312
dbpedia_34741,metacritic_4170,0.9998313188552856
dbpedia_63522,metacritic_4783,0.9993588328361512
dbpedia_47136,metacritic_1705,0.9996685981750488
dbpedia_35578,metacritic_5029,0.9997758269309998
dbpedia_47519,metacritic_13725,0.999618649482727
dbpedia_5917,metacritic_13720,0.99972003698349
dbpedia_17345,metacritic_13134,0.9989481568336488
dbpedia_21106,metacritic_5470,0.99960058927536
dbpedia_4993,metacritic_1625,0.9991995692253112
dbpedia_37917,metacritic_11510,0.9996609687805176
dbpedia_9016,metacritic_4948,0.9996405839920044
dbpedia_45331,metacritic_13156,0.9996067881584167
dbpedia_22502,metacritic_15068,0.9997673630714417
dbpedia_14938,metacritic_958,0.9998993873596193
dbpedia_58013,metacritic_7666,0.999108612537384
dbpedia_24650,metacritic_1458,0.9999035596847534
dbpedia_23966,metacritic_19729,0.9996497631072998
dbpedia_22608,metacritic_3906,0.9996614456176758
dbpedia_20076,metacritic_263,0.9990703463554382
dbpedia_40967,metacritic_9129,0.9997678399086
dbpedia_14968,metacritic_1268,0.9997770190238952
dbpedia_9250,metacritic_4236,0.999674916267395
dbpedia_4221,metacritic_3296,0.9990522265434264
dbpedia_49678,metacritic_699,0.999847173690796
dbpedia_16940,metacritic_12266,0.9999508857727052
dbpedia_35349,metacritic_5200,0.9997480511665344
dbpedia_9917,metacritic_16278,0.9998716115951538
dbpedia_27427,metacritic_12074,0.9993852376937866
dbpedia_63356,metacritic_9250,0.999800145626068
dbpedia_20964,metacritic_17173,0.99960058927536
dbpedia_55559,metacritic_3503,0.9996609687805176
dbpedia_56908,metacritic_4719,0.999950647354126
dbpedia_49480,metacritic_2962,0.999660849571228
dbpedia_3445,metacritic_636,0.999232530593872
dbpedia_32246,metacritic_5201,0.9997310042381288
dbpedia_15350,metacritic_16040,0.9998500347137452
dbpedia_34869,metacritic_18905,0.9997865557670592
dbpedia_39350,metacritic_15540,0.9998399019241332
dbpedia_50471,metacritic_6466,0.9997758269309998
dbpedia_18363,metacritic_17506,0.9989481568336488
dbpedia_15218,metacritic_13369,0.9996542930603028
dbpedia_56132,metacritic_18759,0.9996685981750488
dbpedia_46604,metacritic_20475,0.9995734095573424
dbpedia_63156,metacritic_10876,0.9997865557670592
dbpedia_13831,metacritic_5893,0.9996902942657472
dbpedia_4095,metacritic_1473,0.998445451259613
dbpedia_17358,metacritic_16718,0.9996875524520874
dbpedia_5002,metacritic_11659,0.9993588328361512
dbpedia_55185,metacritic_8520,0.999674916267395
dbpedia_60899,metacritic_844,0.999886393547058
dbpedia_42146,metacritic_5161,0.999886155128479
dbpedia_57410,metacritic_12063,0.9990912675857544
dbpedia_32288,metacritic_1122,0.9998993873596193
dbpedia_31384,metacritic_13259,0.999892234802246
dbpedia_21050,metacritic_19859,0.999462068080902
dbpedia_25238,metacritic_19737,0.9996609687805176
dbpedia_24591,metacritic_6196,0.9997846484184264
dbpedia_22007,metacritic_16696,0.9996685981750488
dbpedia_2493,metacritic_14235,0.999908685684204
dbpedia_16050,metacritic_3285,0.9991995692253112
dbpedia_29760,metacritic_12166,0.9996497631072998
dbpedia_4014,metacritic_1041,0.9998563528060912
dbpedia_45893,metacritic_19944,0.9992631077766418
dbpedia_18260,metacritic_11968,0.9993589520454408
dbpedia_63162,metacritic_14914,0.9998162388801576
dbpedia_55211,metacritic_3286,0.9993852376937866
dbpedia_4553,metacritic_454,0.9995939135551452
dbpedia_12434,metacritic_20133,0.9998435974121094
dbpedia_48521,metacritic_20118,0.9990703463554382
dbpedia_24723,metacritic_19511,0.999674916267395
dbpedia_18808,metacritic_14207,0.9996685981750488
dbpedia_5381,metacritic_3543,0.9999247789382936
dbpedia_59723,metacritic_11750,0.9997770190238952
dbpedia_21420,metacritic_4831,0.999108612537384
dbpedia_7947,metacritic_14969,0.9999297857284546
dbpedia_3373,metacritic_3357,0.9996609687805176
dbpedia_42584,metacritic_7303,0.9993588328361512
dbpedia_53797,metacritic_11264,0.9998304843902588
dbpedia_17150,metacritic_11171,0.9998714923858644
dbpedia_5745,metacritic_3461,0.9997678399086
dbpedia_22139,metacritic_10419,0.999232530593872
dbpedia_10318,metacritic_7807,0.9993852376937866
dbpedia_6592,metacritic_12103,0.999800145626068
dbpedia_4812,metacritic_15380,0.999870538711548
dbpedia_58552,metacritic_13840,0.999557077884674
dbpedia_15347,metacritic_2246,0.9996824264526368
dbpedia_62642,metacritic_10566,0.9996947050094604
dbpedia_1135,metacritic_3454,0.999886393547058
dbpedia_23399,metacritic_9859,0.998445451259613
dbpedia_62843,metacritic_20399,0.9999326467514038
dbpedia_11236,metacritic_4417,0.9996685981750488
dbpedia_41374,metacritic_1242,0.9995734095573424
dbpedia_39582,metacritic_4619,0.9998441934585572
dbpedia_56996,metacritic_10358,0.9997865557670592
dbpedia_12300,metacritic_17105,0.9990912675857544
dbpedia_35107,metacritic_1313,0.9996067881584167
dbpedia_42697,metacritic_3742,0.9997846484184264
dbpedia_25463,metacritic_1847,0.9990522265434264
dbpedia_6929,metacritic_8894,0.9996514320373536
dbpedia_36683,metacritic_14101,0.999800145626068
dbpedia_21,metacritic_8785,0.9997813105583192
dbpedia_7965,metacritic_1229,0.9993852376937866
dbpedia_3989,metacritic_13031,0.9996875524520874
dbpedia_52657,metacritic_18564,0.9995692372322084
dbpedia_21549,metacritic_2707,0.9999440908432008
dbpedia_4115,metacritic_2256,0.9997079968452454
dbpedia_40211,metacritic_10009,0.9993852376937866
dbpedia_56369,metacritic_6801,0.99972003698349
dbpedia_51077,metacritic_1762,0.999886155128479
dbpedia_51486,metacritic_6926,0.9998643398284912
dbpedia_10403,metacritic_16076,0.9990703463554382
dbpedia_54500,metacritic_4374,0.999766170978546
dbpedia_27894,metacritic_7633,0.9997548460960388
dbpedia_47914,metacritic_1507,0.99983811378479
dbpedia_15017,metacritic_355,0.99972003698349
dbpedia_7708,metacritic_843,0.9996685981750488
dbpedia_25053,metacritic_6057,0.999363124370575
dbpedia_16126,metacritic_12099,0.9994822144508362
dbpedia_10427,metacritic_20097,0.9996542930603028
dbpedia_8744,metacritic_12710,0.9997538924217224
dbpedia_16173,metacritic_16191,0.9996801614761353
dbpedia_10954,metacritic_9531,0.9996875524520874
dbpedia_26248,metacritic_2162,0.9996875524520874
dbpedia_22957,metacritic_9306,0.9998492002487184
dbpedia_5058,metacritic_17958,0.999766170978546
dbpedia_13111,metacritic_10130,0.9998643398284912
dbpedia_9275,metacritic_5898,0.9998032450675964
dbpedia_23520,metacritic_11893,0.99983811378479
dbpedia_31174,metacritic_13157,0.9993588328361512
dbpedia_28752,metacritic_9599,0.9996801614761353
dbpedia_63536,metacritic_7452,0.9999508857727052
dbpedia_37171,metacritic_3326,0.9996947050094604
dbpedia_12619,metacritic_20187,0.9997758269309998
dbpedia_24294,metacritic_14581,0.9997770190238952
dbpedia_2794,metacritic_14305,0.9987064599990844
dbpedia_30787,metacritic_3142,0.9999266862869264
dbpedia_354,metacritic_4066,0.99949848651886
dbpedia_18170,metacritic_208,0.9996542930603028
dbpedia_7023,metacritic_908,0.9997678399086
dbpedia_51114,metacritic_8423,0.9998303651809692
dbpedia_52555,metacritic_7632,0.9996947050094604
dbpedia_12114,metacritic_18746,0.9996497631072998
dbpedia_46996,metacritic_17873,0.9998714923858644
dbpedia_30978,metacritic_12100,0.9989481568336488
dbpedia_28597,metacritic_6925,0.9996947050094604
dbpedia_7448,metacritic_18728,0.9996497631072998
dbpedia_42097,metacritic_11119,0.9998466968536376
dbpedia_22016,metacritic_19481,0.9990912675857544
dbpedia_24800,metacritic_8104,0.9997678399086
dbpedia_22929,metacritic_7627,0.999892234802246
dbpedia_1837,metacritic_12083,0.9990912675857544
dbpedia_5685,metacritic_8539,0.9998563528060912
dbpedia_60360,metacritic_11723,0.999937891960144
dbpedia_50238,metacritic_14733,0.9998303651809692
dbpedia_6731,metacritic_241,0.9998857975006104
dbpedia_31243,metacritic_13211,0.9997846484184264
dbpedia_55590,metacritic_17762,0.999908685684204
dbpedia_51199,metacritic_2640,0.9997673630714417
dbpedia_54895,metacritic_16895,0.9998306035995485
dbpedia_7562,metacritic_18791,0.9997480511665344
dbpedia_61419,metacritic_11178,0.9996609687805176
dbpedia_17353,metacritic_19781,0.9996542930603028
dbpedia_4898,metacritic_5291,0.9999170303344728
dbpedia_36476,metacritic_8905,0.9993588328361512
dbpedia_20487,metacritic_2510,0.9990912675857544
dbpedia_43545,metacritic_9351,0.9992061257362366
dbpedia_8599,metacritic_12655,0.9999300241470336
dbpedia_49391,metacritic_19052,0.999771773815155
dbpedia_18675,metacritic_18985,0.999232530593872
dbpedia_56606,metacritic_1885,0.9998435974121094
dbpedia_62058,metacritic_6608,0.999847173690796
dbpedia_31956,metacritic_3488,0.9997846484184264
dbpedia_20533,metacritic_14025,0.9997594952583312
dbpedia_44029,metacritic_19775,0.9990703463554382
dbpedia_60632,metacritic_1794,0.9991995692253112
dbpedia_52650,metacritic_1270,0.9996614456176758
dbpedia_24320,metacritic_15831,0.999892234802246
dbpedia_28581,metacritic_7572,0.9997770190238952
dbpedia_51984,metacritic_4903,0.9996824264526368
dbpedia_31939,metacritic_20290,0.9999488592147828
dbpedia_38436,metacritic_11046,0.999937891960144
dbpedia_23711,metacritic_3336,0.9998490810394288
dbpedia_54439,metacritic_12754,0.9998303651809692
dbpedia_32373,metacritic_5943,0.998445451259613
dbpedia_57091,metacritic_18742,0.9997480511665344
dbpedia_9542,metacritic_13796,0.999892234802246
dbpedia_51172,metacritic_14336,0.9990522265434264
dbpedia_50317,metacritic_4252,0.999886393547058
dbpedia_40621,metacritic_14356,0.9998993873596193
dbpedia_19820,metacritic_20471,0.9997310042381288
dbpedia_3805,metacritic_16942,0.9997099041938782
dbpedia_55079,metacritic_756,0.9996497631072998
dbpedia_5088,metacritic_7697,0.9996685981750488
dbpedia_19640,metacritic_2177,0.9998032450675964
dbpedia_19215,metacritic_151,0.9999440908432008
dbpedia_16399,metacritic_8820,0.9996685981750488
dbpedia_6895,metacritic_10434,0.9998032450675964
dbpedia_29335,metacritic_2919,0.999886393547058
dbpedia_58679,metacritic_20071,0.9995734095573424
dbpedia_33323,metacritic_15292,0.9998303651809692
dbpedia_52097,metacritic_383,0.9998714923858644
dbpedia_543,metacritic_6352,0.9997480511665344
dbpedia_40415,metacritic_727,0.9997673630714417
dbpedia_37356,metacritic_10652,0.9998500347137452
dbpedia_60274,metacritic_17678,0.9998399019241332
dbpedia_53932,metacritic_8024,0.9998490810394288
dbpedia_47630,metacritic_11740,0.999842643737793
dbpedia_5595,metacritic_5162,0.99972003698349
dbpedia_9019,metacritic_9131,0.9997758269309998
dbpedia_60407,metacritic_3051,0.9996497631072998
dbpedia_2420,metacritic_7946,0.9993852376937866
dbpedia_12862,metacritic_15581,0.999674916267395
dbpedia_15967,metacritic_9174,0.9997758269309998
dbpedia_6523,metacritic_19208,0.999892234802246
dbpedia_59180,metacritic_18598,0.9990912675857544
dbpedia_905,metacritic_5446,0.9996955394744872
dbpedia_15579,metacritic_12065,0.9990703463554382
dbpedia_52356,metacritic_1848,0.9993852376937866
dbpedia_27448,metacritic_19030,0.9997846484184264
dbpedia_13479,metacritic_19413,0.999929666519165
dbpedia_21568,metacritic_19864,0.999108612537384
dbpedia_5741,metacritic_1674,0.9997846484184264
dbpedia_30226,metacritic_18994,0.998445451259613
dbpedia_43790,metacritic_6935,0.99977844953537
dbpedia_20631,metacritic_9873,0.9991995692253112
dbpedia_58751,metacritic_11078,0.9996685981750488
dbpedia_19142,metacritic_17527,0.9993588328361512
dbpedia_7213,metacritic_11161,0.9998570680618286
dbpedia_34762,metacritic_86,0.9998492002487184
dbpedia_51762,metacritic_15941,0.9998304843902588
dbpedia_13465,metacritic_9082,0.9989481568336488
dbpedia_18644,metacritic_496,0.999892234802246
dbpedia_6963,metacritic_6102,0.999108612537384
dbpedia_38708,metacritic_14331,0.9996614456176758
dbpedia_12166,metacritic_7780,0.999842643737793
dbpedia_2375,metacritic_5275,0.999674916267395
dbpedia_18496,metacritic_5538,0.9993588328361512
dbpedia_43787,metacritic_4148,0.9999412298202516
dbpedia_4885,metacritic_15195,0.9999047517776488
dbpedia_46696,metacritic_10696,0.9997783303260804
dbpedia_47829,metacritic_7153,0.9999035596847534
dbpedia_60214,metacritic_10701,0.9996747970581056
dbpedia_21473,metacritic_19951,0.9997288584709167
dbpedia_656,metacritic_946,0.9997079968452454
dbpedia_54050,metacritic_2313,0.999908685684204
dbpedia_37905,metacritic_5851,0.9993852376937866
dbpedia_7500,metacritic_11012,0.9997594952583312
dbpedia_38700,metacritic_6643,0.9989481568336488
dbpedia_18140,metacritic_4031,0.9996955394744872
dbpedia_3493,metacritic_17808,0.9998303651809692
dbpedia_54185,metacritic_6983,0.998445451259613
dbpedia_3079,metacritic_1726,0.9998492002487184
dbpedia_17097,metacritic_6428,0.999950647354126
dbpedia_59192,metacritic_8526,0.9996497631072998
dbpedia_53034,metacritic_5022,0.9997678399086
dbpedia_31075,metacritic_5350,0.9996542930603028
dbpedia_10179,metacritic_432,0.999950647354126
dbpedia_14434,metacritic_681,0.9999440908432008
dbpedia_21816,metacritic_13408,0.9997758269309998
dbpedia_18639,metacritic_3908,0.9997865557670592
dbpedia_48543,metacritic_6409,0.9996609687805176
dbpedia_58436,metacritic_6993,0.9996542930603028
dbpedia_15781,metacritic_13457,0.9995734095573424
dbpedia_60234,metacritic_13901,0.9993588328361512
dbpedia_17169,metacritic_7995,0.999886393547058
dbpedia_18028,metacritic_14824,0.9996609687805176
dbpedia_6587,metacritic_16651,0.9998303651809692
dbpedia_19500,metacritic_8348,0.9998675584793092
dbpedia_23712,metacritic_11707,0.9993588328361512
dbpedia_11575,metacritic_16313,0.9984750151634216
dbpedia_64685,metacritic_2267,0.9998618364334106
dbpedia_63643,metacritic_715,0.9992687106132508
dbpedia_8269,metacritic_14558,0.9996514320373536
dbpedia_39775,metacritic_16058,0.9995081424713136
dbpedia_17565,metacritic_15667,0.998445451259613
dbpedia_40337,metacritic_17819,0.9996609687805176
dbpedia_14478,metacritic_14985,0.9994822144508362
dbpedia_51130,metacritic_4721,0.9997288584709167
dbpedia_61324,metacritic_20053,0.9996801614761353
dbpedia_63297,metacritic_1786,0.9997480511665344
dbpedia_3513,metacritic_5077,0.999557077884674
dbpedia_22345,metacritic_5707,0.9996497631072998
dbpedia_15696,metacritic_8685,0.9998654127120972
dbpedia_6560,metacritic_5242,0.9997480511665344
dbpedia_41508,metacritic_10029,0.9998032450675964
dbpedia_36699,metacritic_14435,0.9990522265434264
dbpedia_46739,metacritic_7757,0.999892234802246
dbpedia_4418,metacritic_8638,0.999674916267395
dbpedia_50711,metacritic_12156,0.9997846484184264
dbpedia_60681,metacritic_5826,0.9998857975006104
dbpedia_851,metacritic_19730,0.9999334812164308
dbpedia_43515,metacritic_13379,0.9996581077575684
dbpedia_22649,metacritic_7768,0.9996609687805176
dbpedia_26673,metacritic_5787,0.999491810798645
dbpedia_56255,metacritic_9966,0.9991995692253112
dbpedia_53763,metacritic_8089,0.9997758269309998
dbpedia_44481,metacritic_482,0.9997758269309998
dbpedia_45934,metacritic_6544,0.9998675584793092
dbpedia_57077,metacritic_2433,0.9995734095573424
dbpedia_53680,metacritic_9172,0.999886393547058
dbpedia_7650,metacritic_2853,0.9999094009399414
dbpedia_14347,metacritic_17283,0.9992631077766418
dbpedia_64788,metacritic_796,0.9995734095573424
dbpedia_24341,metacritic_1806,0.9994101524353028
dbpedia_47911,metacritic_1546,0.999892234802246
dbpedia_149,metacritic_12450,0.9998857975006104
dbpedia_5775,metacritic_13175,0.9996609687805176
dbpedia_3631,metacritic_16885,0.9994919300079346
dbpedia_3048,metacritic_13784,0.9995734095573424
dbpedia_61027,metacritic_17892,0.9994919300079346
dbpedia_57328,metacritic_4963,0.9994788765907288
dbpedia_58122,metacritic_19995,0.9998441934585572
dbpedia_1053,metacritic_8239,0.9996801614761353
dbpedia_7920,metacritic_1598,0.999771773815155
dbpedia_15289,metacritic_11735,0.9996345043182372
dbpedia_30519,metacritic_4671,0.9997288584709167
dbpedia_26420,metacritic_1934,0.9521531462669371
dbpedia_2749,metacritic_18678,0.9986244440078736
dbpedia_26122,metacritic_6111,0.9696774482727052
dbpedia_55804,metacritic_4571,0.999908685684204
dbpedia_17295,metacritic_16739,0.9997480511665344
dbpedia_25090,metacritic_13208,0.9999508857727052
dbpedia_39139,metacritic_18538,0.9999266862869264
dbpedia_49562,metacritic_18608,0.999908685684204
dbpedia_25321,metacritic_12472,0.9996609687805176
dbpedia_50688,metacritic_9164,0.9995194673538208
dbpedia_40182,metacritic_11045,0.999710977077484
dbpedia_34953,metacritic_6046,0.9996542930603028
dbpedia_51831,metacritic_17743,0.9995734095573424
dbpedia_39312,metacritic_5490,0.9793761968612672
dbpedia_53139,metacritic_7668,0.9996609687805176
dbpedia_57894,metacritic_7490,0.999846577644348
dbpedia_8773,metacritic_5139,0.9476749300956726
dbpedia_29488,metacritic_5920,0.9996680021286012
dbpedia_29537,metacritic_13196,0.9999104738235474
dbpedia_46025,metacritic_6137,0.9996875524520874
dbpedia_63971,metacritic_953,0.9996947050094604
dbpedia_40227,metacritic_12047,0.9995481371879578
dbpedia_21581,metacritic_18451,0.989416003227234
dbpedia_6040,metacritic_7740,0.9895753860473632
dbpedia_13770,metacritic_1486,0.9996609687805176
dbpedia_26868,metacritic_19859,0.9994506239891052
dbpedia_31474,metacritic_1109,0.9996947050094604
dbpedia_21385,metacritic_12883,0.9998571872711182
dbpedia_27701,metacritic_16927,0.9995749592781068
dbpedia_29156,metacritic_13963,0.9997336268424988
dbpedia_18593,metacritic_2068,0.9998643398284912
dbpedia_44468,metacritic_13887,0.9996614456176758
dbpedia_10801,metacritic_4943,0.9997310042381288
dbpedia_22210,metacritic_5604,0.999108612537384
dbpedia_20490,metacritic_15025,0.9986868500709534
dbpedia_30404,metacritic_17685,0.9997017979621888
dbpedia_30433,metacritic_1282,0.9995734095573424
dbpedia_38622,metacritic_5437,0.9995734095573424
dbpedia_22429,metacritic_8633,0.999779999256134
dbpedia_9732,metacritic_6779,0.9995155334472656
dbpedia_36384,metacritic_15488,0.9996947050094604
dbpedia_26044,metacritic_8531,0.9993847608566284
dbpedia_34592,metacritic_5239,0.9997288584709167
dbpedia_11452,metacritic_8820,0.9995193481445312
dbpedia_50297,metacritic_645,0.99979966878891
dbpedia_39471,metacritic_6181,0.9673244953155518
dbpedia_37919,metacritic_3009,0.9983851909637452
dbpedia_12595,metacritic_10908,0.9996446371078492
dbpedia_51255,metacritic_7718,0.999993085861206
dbpedia_53809,metacritic_15148,0.9987586736679076
dbpedia_30554,metacritic_10431,0.9990522265434264
dbpedia_57116,metacritic_11015,0.9998875856399536
dbpedia_13631,metacritic_14004,0.9997976422309875
dbpedia_52846,metacritic_9606,0.9996317625045776
dbpedia_51645,metacritic_10746,0.9996343851089478
dbpedia_53410,metacritic_10436,0.9996823072433472
dbpedia_1574,metacritic_268,0.998445451259613
dbpedia_64490,metacritic_5980,0.972055196762085
dbpedia_62064,metacritic_18638,0.9992676377296448
dbpedia_20757,metacritic_4379,0.990012526512146
dbpedia_16413,metacritic_3602,0.9990912675857544
dbpedia_44449,metacritic_11314,0.999653697013855
dbpedia_57141,metacritic_4721,0.9998443126678468
dbpedia_30706,metacritic_17767,0.9989481568336488
dbpedia_40969,metacritic_15372,0.999496579170227
dbpedia_15750,metacritic_12744,0.9997000694274902
dbpedia_46574,metacritic_12556,0.9998880624771118
dbpedia_59894,metacritic_2179,0.999496579170227
dbpedia_51364,metacritic_1555,0.9972099661827089
dbpedia_27279,metacritic_1105,0.9822430610656738
dbpedia_29295,metacritic_2104,0.9993847608566284
dbpedia_24005,metacritic_17742,0.9997161030769348
dbpedia_4493,metacritic_14501,0.9995505213737488
dbpedia_45628,metacritic_7098,0.9999966621398926
dbpedia_49463,metacritic_3761,0.9871913194656372
dbpedia_55106,metacritic_8117,0.9999157190322876
dbpedia_22634,metacritic_14841,0.9992111921310424
dbpedia_20249,metacritic_13560,0.999496579170227
dbpedia_31269,metacritic_2186,0.9998540878295898
dbpedia_19331,metacritic_6543,0.9999754428863524
dbpedia_44606,metacritic_14321,0.9992783665657043
dbpedia_37511,metacritic_13019,0.9988415837287904
dbpedia_60088,metacritic_12741,0.9990522265434264
dbpedia_27519,metacritic_12730,0.9995632767677308
dbpedia_12830,metacritic_12492,0.999769389629364
dbpedia_18429,metacritic_7348,0.999232530593872
dbpedia_34665,metacritic_15184,0.9878749251365662
dbpedia_26503,metacritic_14583,0.9996356964111328
dbpedia_34339,metacritic_13892,0.9997231364250184
dbpedia_27506,metacritic_10286,0.9998443126678468
dbpedia_58397,metacritic_11657,0.9990522265434264
dbpedia_23632,metacritic_16179,0.9964224696159364
dbpedia_2381,metacritic_832,0.9987064599990844
dbpedia_14900,metacritic_7131,0.9998258948326112
dbpedia_26263,metacritic_17899,0.9997000694274902
dbpedia_12575,metacritic_13841,0.9997736811637878
dbpedia_37747,metacritic_9169,0.9991995692253112
dbpedia_25825,metacritic_3215,0.9990522265434264
dbpedia_62778,metacritic_662,0.9996612071990968
dbpedia_22290,metacritic_2002,0.9999977350234984
dbpedia_19896,metacritic_18124,0.9924253225326538
dbpedia_34451,metacritic_8785,0.9994494318962096
dbpedia_60398,metacritic_4536,0.9993588328361512
dbpedia_64955,metacritic_9081,0.9992615580558776
dbpedia_21075,metacritic_16453,0.998445451259613
dbpedia_18666,metacritic_5923,0.9980884194374084
dbpedia_1203,metacritic_18150,0.9997538924217224
dbpedia_4776,metacritic_10141,0.9996405839920044
dbpedia_41899,metacritic_18315,0.9998691082000732
dbpedia_8356,metacritic_6312,0.9997846484184264
dbpedia_26346,metacritic_5022,0.9997097849845886
dbpedia_29161,metacritic_4793,0.9996405839920044
dbpedia_4079,metacritic_12474,0.9996801614761353
dbpedia_17118,metacritic_9962,0.9997993111610411
dbpedia_39355,metacritic_2590,0.968755066394806
dbpedia_20271,metacritic_248,0.9997468590736388
dbpedia_18166,metacritic_3045,0.9909456968307496
dbpedia_30845,metacritic_11543,0.999557077884674
dbpedia_19828,metacritic_13265,0.998808741569519
dbpedia_5593,metacritic_18416,0.9952605366706848
dbpedia_14385,metacritic_16525,0.9998313188552856
dbpedia_5153,metacritic_4432,0.9998762607574464
dbpedia_32637,metacritic_12817,0.9997770190238952
dbpedia_22730,metacritic_14716,0.999840259552002
dbpedia_20044,metacritic_9328,0.99972003698349
dbpedia_5555,metacritic_8292,0.9935293793678284
dbpedia_48519,metacritic_1468,0.9998499155044556
dbpedia_63196,metacritic_12762,0.9997453093528748
dbpedia_449,metacritic_18437,0.9993852376937866
dbpedia_21562,metacritic_3949,0.999892234802246
dbpedia_5020,metacritic_10703,0.9998738765716552
dbpedia_25757,metacritic_18915,0.9995194673538208
dbpedia_24971,metacritic_17019,0.9998303651809692
dbpedia_25671,metacritic_684,0.9998387098312378
dbpedia_40357,metacritic_13462,0.9995360374450684
dbpedia_10733,metacritic_5271,0.9997469782829284
dbpedia_59712,metacritic_15548,0.9996614456176758
dbpedia_47715,metacritic_8176,0.9992780089378356
dbpedia_6415,metacritic_1639,0.9998414516448976
dbpedia_7895,metacritic_2043,0.9990912675857544
dbpedia_24037,metacritic_13528,0.9984306693077089
dbpedia_24655,metacritic_11931,0.9998738765716552
dbpedia_26348,metacritic_9882,0.9997336268424988
dbpedia_21122,metacritic_532,0.969029664993286
dbpedia_30379,metacritic_12890,0.9993958473205566
dbpedia_21787,metacritic_8743,0.9990912675857544
dbpedia_23927,metacritic_14359,0.9996317625045776
dbpedia_33575,metacritic_12349,0.9998220801353456
dbpedia_16251,metacritic_9464,0.9993588328361512
dbpedia_52718,metacritic_2013,0.9996564388275146
dbpedia_59909,metacritic_13843,0.9933470487594604
dbpedia_1444,metacritic_142,0.9993808269500732
dbpedia_3889,metacritic_5855,0.9996564388275146
dbpedia_49198,metacritic_11769,0.9983727931976318
dbpedia_13860,metacritic_4343,0.9996929168701172
dbpedia_17260,metacritic_10479,0.9996801614761353
dbpedia_17841,metacritic_14009,0.9993852376937866
dbpedia_23052,metacritic_7222,0.9999929666519164
dbpedia_6602,metacritic_1406,0.999755084514618
dbpedia_56887,metacritic_13915,0.9997593760490416
dbpedia_27749,metacritic_6979,0.9998946189880372
dbpedia_21447,metacritic_243,0.9995734095573424
dbpedia_11266,metacritic_12985,0.9995794892311096
dbpedia_3210,metacritic_12966,0.9990912675857544
dbpedia_28139,metacritic_4294,0.9999966621398926
dbpedia_23934,metacritic_9155,0.9997802376747132
dbpedia_9440,metacritic_2356,0.9999788999557496
dbpedia_31128,metacritic_5881,0.9990912675857544
dbpedia_25955,metacritic_19048,0.9998571872711182
dbpedia_38595,metacritic_12891,0.9996556043624878
dbpedia_36160,metacritic_18320,0.9995563626289368
dbpedia_57968,metacritic_716,0.9998164772987366
dbpedia_11203,metacritic_6018,0.96428382396698
dbpedia_34215,metacritic_7160,0.9993588328361512
dbpedia_14358,metacritic_17333,0.9992770552635192
dbpedia_47621,metacritic_12450,0.9998121857643129
dbpedia_13636,metacritic_3868,0.9611876010894777
dbpedia_7590,metacritic_19478,0.99964702129364
dbpedia_24708,metacritic_19772,0.9995194673538208
dbpedia_18944,metacritic_3769,0.999995231628418
dbpedia_14988,metacritic_4396,0.999076247215271
dbpedia_59819,metacritic_6718,0.9998193383216858
dbpedia_8868,metacritic_13191,0.9995239973068236
dbpedia_16684,metacritic_2922,0.9997238516807556
dbpedia_6817,metacritic_2158,0.9998738765716552
dbpedia_53224,metacritic_13887,0.9998452663421632
dbpedia_39538,metacritic_666,0.9999929666519164
dbpedia_6383,metacritic_2436,0.9995598196983336
dbpedia_25703,metacritic_20059,0.9995723366737366
dbpedia_52619,metacritic_16266,0.9996544122695924
dbpedia_64875,metacritic_13283,0.9997209906578064
dbpedia_19485,metacritic_16724,0.999496579170227
dbpedia_53693,metacritic_15147,0.9998427629470824
dbpedia_12059,metacritic_12203,0.9997802376747132
dbpedia_15816,metacritic_20293,0.9996947050094604
dbpedia_15186,metacritic_12047,0.9995481371879578
dbpedia_51893,metacritic_4570,0.9989336133003236
dbpedia_33707,metacritic_3571,0.9998630285263062
dbpedia_1212,metacritic_3967,0.999810755252838
dbpedia_63983,metacritic_19266,0.9997122883796692
dbpedia_42241,metacritic_8349,0.9998173117637634
dbpedia_38794,metacritic_17385,0.9997161030769348
dbpedia_56323,metacritic_18064,0.9999475479125975
dbpedia_62376,metacritic_18708,0.9998313188552856
dbpedia_37546,metacritic_12450,0.9996156692504884
dbpedia_60702,metacritic_2600,0.999805986881256
dbpedia_31071,metacritic_7131,0.9996438026428224
dbpedia_24131,metacritic_18229,0.9997989535331726
dbpedia_20018,metacritic_778,0.9983158111572266
dbpedia_9294,metacritic_734,0.9992402791976928
dbpedia_5347,metacritic_12641,0.9995508790016174
dbpedia_54711,metacritic_1810,0.9998414516448976
dbpedia_27335,metacritic_4538,0.9997097849845886
dbpedia_35854,metacritic_13955,0.9986842274665833
dbpedia_18444,metacritic_16554,0.9998762607574464
dbpedia_27086,metacritic_15060,0.9997288584709167
dbpedia_8388,metacritic_17177,0.9999247789382936
dbpedia_41125,metacritic_11460,0.9916308522224426
dbpedia_9539,metacritic_3985,0.9942502975463868
dbpedia_20021,metacritic_7333,0.9999312162399292
dbpedia_30714,metacritic_1342,0.9997802376747132
dbpedia_20870,metacritic_3714,0.9996067881584167
dbpedia_57079,metacritic_13442,0.9583678245544434
dbpedia_21147,metacritic_4467,0.9999204874038696
dbpedia_54778,metacritic_10337,0.9999951124191284
dbpedia_52164,metacritic_14477,0.9654693603515624
dbpedia_2844,metacritic_5869,0.9998831748962402
dbpedia_19904,metacritic_3315,0.9957389831542968
dbpedia_54224,metacritic_4912,0.9986438155174256
dbpedia_56905,metacritic_11317,0.999896764755249
dbpedia_55607,metacritic_8919,0.9998946189880372
dbpedia_951,metacritic_14592,0.9999420642852784
dbpedia_13348,metacritic_12313,0.999303698539734
dbpedia_7028,metacritic_17201,0.997568428516388
dbpedia_45226,metacritic_15731,0.9995734095573424
dbpedia_51717,metacritic_2748,0.9995185136795044
dbpedia_18292,metacritic_18820,0.9994761347770692
dbpedia_28768,metacritic_11161,0.9998667240142822
dbpedia_17646,metacritic_11674,0.9998008608818054
dbpedia_22721,metacritic_5385,0.9998258948326112
dbpedia_20110,metacritic_9866,0.9997618794441224
dbpedia_31571,metacritic_9606,0.9996317625045776
dbpedia_27418,metacritic_5189,0.9997000694274902
dbpedia_16133,metacritic_13940,0.9995452761650084
dbpedia_12487,metacritic_4319,0.9997945427894592
dbpedia_4190,metacritic_2565,0.9998258948326112
dbpedia_43870,metacritic_9129,0.9997628331184388
dbpedia_2243,metacritic_12734,0.998808741569519
dbpedia_48464,metacritic_9866,0.9997618794441224
dbpedia_14803,metacritic_9238,0.9992569088935852
dbpedia_24405,metacritic_256,0.9999749660491944
dbpedia_33197,metacritic_1473,0.998808741569519
dbpedia_31664,metacritic_8320,0.9997772574424744
dbpedia_21196,metacritic_7984,0.999649167060852
dbpedia_5849,metacritic_16017,0.9999444484710692
dbpedia_52453,metacritic_14033,0.9997019171714784
dbpedia_4009,metacritic_18145,0.9996143579483032
dbpedia_25172,metacritic_11775,0.9997038245201112
dbpedia_45228,metacritic_23,0.9980813264846802
dbpedia_26526,metacritic_19742,0.9997989535331726
dbpedia_17855,metacritic_7984,0.9995707869529724
dbpedia_19632,metacritic_12602,0.9999830722808838
dbpedia_61363,metacritic_14719,0.9984750151634216
dbpedia_42722,metacritic_15156,0.9994761347770692
dbpedia_39513,metacritic_10286,0.99968159198761
dbpedia_44489,metacritic_3353,0.999933123588562
dbpedia_41013,metacritic_6286,0.9987064599990844
dbpedia_60488,metacritic_5183,0.9844918847084044
dbpedia_49056,metacritic_2891,0.9993108510971068
dbpedia_62055,metacritic_3773,0.9989905953407288
dbpedia_5862,metacritic_3972,0.999886155128479
dbpedia_49549,metacritic_14005,0.9994326233863832
dbpedia_25477,metacritic_2093,0.9997846484184264
dbpedia_62701,metacritic_17866,0.999573290348053
dbpedia_11402,metacritic_19279,0.9994840621948242
dbpedia_48251,metacritic_16088,0.9998667240142822
dbpedia_23220,metacritic_308,0.9996060729026794
dbpedia_36455,metacritic_4821,0.9996405839920044
dbpedia_62004,metacritic_8666,0.9950959086418152
dbpedia_54336,metacritic_13502,0.9997091889381408
dbpedia_8544,metacritic_14137,0.9996317625045776
dbpedia_18266,metacritic_515,0.9955332279205322
dbpedia_22232,metacritic_1710,0.9998414516448976
dbpedia_36186,metacritic_1950,0.9518725275993348
dbpedia_59121,metacritic_2502,0.9990522265434264
dbpedia_13531,metacritic_9071,0.987634301185608
dbpedia_3696,metacritic_18746,0.9995505213737488
dbpedia_19422,metacritic_946,0.9997017979621888
dbpedia_32961,metacritic_7118,0.9992569088935852
dbpedia_15069,metacritic_18385,0.9998615980148317
dbpedia_47885,metacritic_9494,0.9994101524353028
dbpedia_28149,metacritic_3227,0.9997743964195251
dbpedia_17366,metacritic_10419,0.999649167060852
dbpedia_63854,metacritic_206,0.9998677968978882
dbpedia_57225,metacritic_11342,0.9998443126678468
dbpedia_4083,metacritic_16614,0.9992850422859192
dbpedia_52954,metacritic_14595,0.9979562759399414
dbpedia_27376,metacritic_20466,0.9998304843902588
dbpedia_28433,metacritic_13694,0.9957389831542968
dbpedia_35857,metacritic_20437,0.9999377727508544
dbpedia_22893,metacritic_130,0.9997410178184508
dbpedia_60739,metacritic_2067,0.9997238516807556
dbpedia_21101,metacritic_15143,0.999496579170227
dbpedia_52634,metacritic_162,0.9996140599250792
dbpedia_60117,metacritic_19147,0.9996747970581056
dbpedia_58038,metacritic_4334,0.9994169473648072
dbpedia_8998,metacritic_16976,0.9972099661827089
dbpedia_57055,metacritic_663,0.999933123588562
dbpedia_35615,metacritic_16708,0.9999599456787108
dbpedia_21281,metacritic_10767,0.9986868500709534
dbpedia_2565,metacritic_4324,0.9996615648269652
dbpedia_15778,metacritic_16002,0.9997307658195496
dbpedia_54591,metacritic_1864,0.9998509883880616
dbpedia_23459,metacritic_16138,0.9991666078567504
dbpedia_64360,metacritic_2638,0.9999749660491944
dbpedia_34936,metacritic_1519,0.9996508359909058
dbpedia_31728,metacritic_3702,0.9996340274810792
dbpedia_40433,metacritic_17358,0.9695367217063904
dbpedia_9851,metacritic_8351,0.9986438155174256
dbpedia_23953,metacritic_10281,0.9996405839920044
dbpedia_496,metacritic_20196,0.9997161030769348
dbpedia_8840,metacritic_19228,0.9998447895050048
dbpedia_5285,metacritic_16278,0.9998739957809448
dbpedia_46438,metacritic_10607,0.999799907207489
dbpedia_53752,metacritic_12940,0.9992569088935852
dbpedia_13255,metacritic_17388,0.9999369382858276
dbpedia_3269,metacritic_1519,0.999710977077484
dbpedia_9626,metacritic_1327,0.9996556043624878
dbpedia_59993,metacritic_16950,0.9996143579483032
dbpedia_2179,metacritic_1003,0.9998571872711182
dbpedia_40303,metacritic_14583,0.9996356964111328
dbpedia_64071,metacritic_7118,0.9991022348403932
dbpedia_1273,metacritic_12744,0.9997000694274902
dbpedia_43294,metacritic_1536,0.9998675584793092
dbpedia_33151,metacritic_9444,0.9928890466690063
dbpedia_3787,metacritic_15849,0.9976050853729248
dbpedia_15241,metacritic_9382,0.999529242515564
dbpedia_10971,metacritic_17826,0.999411940574646
dbpedia_5001,metacritic_1881,0.9998670816421508
dbpedia_51531,metacritic_17874,0.9996649026870728
dbpedia_26000,metacritic_6424,0.9903623461723328
dbpedia_23381,metacritic_6785,0.9998762607574464
dbpedia_23674,metacritic_2949,0.9996060729026794
dbpedia_2785,metacritic_9765,0.999093770980835
dbpedia_28762,metacritic_13101,0.9999929666519164
dbpedia_25297,metacritic_10123,0.9996778964996338
dbpedia_31288,metacritic_399,0.9997231364250184
dbpedia_26138,metacritic_15099,0.9900868535041808
dbpedia_18376,metacritic_4523,0.998751163482666
dbpedia_14193,metacritic_6684,0.9997288584709167
dbpedia_44066,metacritic_5029,0.9996294975280762
dbpedia_3613,metacritic_5286,0.9918051958084106
dbpedia_9980,metacritic_11438,0.9999104738235474
dbpedia_27460,metacritic_17587,0.9989905953407288
dbpedia_26383,metacritic_15152,0.9948768019676208
dbpedia_33267,metacritic_11448,0.9995452761650084
dbpedia_31965,metacritic_9222,0.999805986881256
dbpedia_50446,metacritic_9443,0.9999830722808838
dbpedia_52774,metacritic_6568,0.9205639958381652
dbpedia_20133,metacritic_9966,0.9996340274810792
dbpedia_20468,metacritic_13953,0.9997474551200868
dbpedia_14743,metacritic_2004,0.9991471767425536
dbpedia_20897,metacritic_14965,0.9994016885757446
dbpedia_36285,metacritic_14498,0.9997474551200868
dbpedia_20196,metacritic_17190,0.9999219179153442
dbpedia_37084,metacritic_8779,0.998785436153412
dbpedia_56623,metacritic_5586,0.9998204112052916
dbpedia_19846,metacritic_8061,0.9996423721313475
dbpedia_54100,metacritic_18169,0.9995452761650084
dbpedia_11330,metacritic_4507,0.9997486472129822
dbpedia_38663,metacritic_13571,0.9995647072792052
dbpedia_9653,metacritic_7282,0.9999830722808838
dbpedia_8460,metacritic_7778,0.9990522265434264
dbpedia_25414,metacritic_17506,0.9993958473205566
dbpedia_39508,metacritic_4862,0.9995712637901306
dbpedia_43814,metacritic_3784,0.9848554730415344
dbpedia_3024,metacritic_6326,0.9596388339996338
dbpedia_56044,metacritic_3973,0.9992489218711852
dbpedia_1815,metacritic_2975,0.9962755441665648
dbpedia_31436,metacritic_6274,0.9875013828277588
dbpedia_1714,metacritic_16676,0.9999929666519164
dbpedia_49618,metacritic_2206,0.9996060729026794
dbpedia_16225,metacritic_5029,0.9997122883796692
dbpedia_30743,metacritic_14359,0.9996317625045776
dbpedia_16145,metacritic_7984,0.9995481371879578
dbpedia_6733,metacritic_12801,0.986786425113678
dbpedia_12044,metacritic_13911,0.9936479926109314
dbpedia_18625,metacritic_10488,0.9695367217063904
dbpedia_16431,metacritic_11841,0.9995121955871582
dbpedia_54955,metacritic_2036,0.9997469782829284
dbpedia_18907,metacritic_9080,0.9978723526000975
dbpedia_11297,metacritic_6156,0.9998677968978882
dbpedia_28195,metacritic_20097,0.9994986057281494
dbpedia_267,metacritic_6552,0.9999940395355223
dbpedia_19275,metacritic_11708,0.9993027448654176
dbpedia_62970,metacritic_8806,0.9996612071990968
dbpedia_9936,metacritic_908,0.9997628331184388
dbpedia_29081,metacritic_17431,0.9994157552719116
dbpedia_57420,metacritic_4772,0.9998615980148317
dbpedia_29950,metacritic_2102,0.9995452761650084
dbpedia_20379,metacritic_16139,0.989749014377594
dbpedia_51413,metacritic_3698,0.998593270778656
dbpedia_56586,metacritic_10011,0.9861667156219482
dbpedia_15884,metacritic_4600,0.9995680451393129
dbpedia_13103,metacritic_13599,0.9996317625045776
dbpedia_28285,metacritic_16234,0.999529242515564
dbpedia_27487,metacritic_5860,0.9993958473205566
dbpedia_15336,metacritic_20137,0.9990912675857544
dbpedia_46539,metacritic_3783,0.9995686411857604
dbpedia_45246,metacritic_15421,0.9997468590736388
dbpedia_47266,metacritic_3033,0.9997486472129822
dbpedia_18583,metacritic_14025,0.9996511936187744
dbpedia_44654,metacritic_18452,0.9998195767402648
dbpedia_8089,metacritic_17177,0.9998432397842408
dbpedia_20315,metacritic_12730,0.9992697834968568
dbpedia_902,metacritic_8195,0.987634301185608
dbpedia_17276,metacritic_11780,0.999496579170227
dbpedia_6432,metacritic_14340,0.9995678067207336
dbpedia_53405,metacritic_10369,0.995952844619751
dbpedia_79,metacritic_18813,0.9993065595626832
dbpedia_5886,metacritic_202,0.9999340772628784
dbpedia_39238,metacritic_613,0.9996904134750366
dbpedia_20173,metacritic_11316,0.9999969005584716
dbpedia_40031,metacritic_40,0.9995734095573424
dbpedia_17006,metacritic_14098,0.9997780919075012
dbpedia_17394,metacritic_5211,0.9694854021072388
dbpedia_47403,metacritic_9335,0.9947018027305604
dbpedia_22789,metacritic_2162,0.9998571872711182
dbpedia_2010,metacritic_6562,0.9995508790016174
dbpedia_20911,metacritic_17586,0.986471712589264
dbpedia_4300,metacritic_18464,0.9993065595626832
dbpedia_19414,metacritic_5998,0.9992700219154358
dbpedia_219,metacritic_7226,0.9994761347770692
dbpedia_4633,metacritic_5278,0.9999830722808838
dbpedia_64209,metacritic_2102,0.9995680451393129
dbpedia_3683,metacritic_7018,0.9947018027305604
dbpedia_2732,metacritic_15885,0.9998936653137208
dbpedia_25982,metacritic_6312,0.9998762607574464
dbpedia_59210,metacritic_8688,0.9995194673538208
dbpedia_51660,metacritic_5561,0.9997122883796692
dbpedia_56677,metacritic_6170,0.9987393021583556
dbpedia_40043,metacritic_7642,0.9998390674591064
dbpedia_11553,metacritic_4432,0.9997469782829284
dbpedia_31808,metacritic_15443,0.9996612071990968
dbpedia_22389,metacritic_17106,0.999806582927704
dbpedia_57638,metacritic_2649,0.999365508556366
dbpedia_12055,metacritic_4395,0.9997991919517516
dbpedia_35934,metacritic_9859,0.9985607266426086
dbpedia_7877,metacritic_8680,0.9994569420814514
dbpedia_62409,metacritic_2582,0.980985939502716
dbpedia_22021,metacritic_3905,0.999514102935791
dbpedia_13645,metacritic_9962,0.9995893836021424
dbpedia_13051,metacritic_4731,0.9798533916473388
dbpedia_29252,metacritic_7741,0.992529571056366
dbpedia_30973,metacritic_3449,0.999588906764984
dbpedia_15613,metacritic_8052,0.9996904134750366
dbpedia_378,metacritic_13140,0.9998867511749268
dbpedia_26560,metacritic_11655,0.9997909665107728
dbpedia_18513,metacritic_1005,0.9998251795768738
dbpedia_29557,metacritic_7259,0.9997759461402892
dbpedia_40452,metacritic_4019,0.9996258020401
dbpedia_41908,metacritic_3615,0.9989826083183287
dbpedia_23416,metacritic_843,0.9993808269500732
dbpedia_3188,metacritic_2510,0.9994101524353028
dbpedia_58644,metacritic_7705,0.9998762607574464
dbpedia_30307,metacritic_183,0.999769389629364
dbpedia_10931,metacritic_17637,0.9995550513267516
dbpedia_23017,metacritic_13439,0.9998313188552856
dbpedia_47113,metacritic_9474,0.9694854021072388
dbpedia_35491,metacritic_9422,0.99940824508667
dbpedia_35490,metacritic_5871,0.9996347427368164
dbpedia_37247,metacritic_2279,0.9999942779541016
dbpedia_21884,metacritic_16151,0.99856299161911
dbpedia_43872,metacritic_6941,0.9996318817138672
dbpedia_39210,metacritic_19751,0.9993057250976562
dbpedia_16889,metacritic_10637,0.9694854021072388
dbpedia_6844,metacritic_5622,0.9992738366127014
dbpedia_55708,metacritic_2003,0.9993847608566284
dbpedia_17762,metacritic_16133,0.9998443126678468
dbpedia_29718,metacritic_6862,0.999840259552002
dbpedia_28571,metacritic_2541,0.9993065595626832
dbpedia_40453,metacritic_19971,0.9997155070304872
dbpedia_29968,metacritic_18049,0.999347984790802
dbpedia_18655,metacritic_4762,0.9900644421577454
dbpedia_22679,metacritic_11723,0.999870538711548
dbpedia_11034,metacritic_10230,0.9987805485725404
dbpedia_57706,metacritic_18379,0.987634301185608
dbpedia_60727,metacritic_5300,0.9998714923858644
dbpedia_45456,metacritic_15991,0.9990522265434264
dbpedia_28910,metacritic_292,0.999993085861206
dbpedia_14414,metacritic_10744,0.999687433242798
dbpedia_24826,metacritic_13955,0.961783230304718
dbpedia_23532,metacritic_11712,0.9995505213737488
dbpedia_29674,metacritic_16764,0.999790370464325
dbpedia_2682,metacritic_16611,0.999076247215271
dbpedia_15986,metacritic_17596,0.9999966621398926
dbpedia_13691,metacritic_1374,0.9996609687805176
dbpedia_26175,metacritic_15972,0.9998095631599426
dbpedia_39681,metacritic_15822,0.9995563626289368
dbpedia_54495,metacritic_17166,0.9993903636932372
dbpedia_21679,metacritic_12128,0.999996542930603
dbpedia_53958,metacritic_19737,0.9997403025627136
dbpedia_2029,metacritic_17372,0.9998599290847778
dbpedia_10350,metacritic_19019,0.9996801614761353
dbpedia_10474,metacritic_7869,0.9998741149902344
dbpedia_7100,metacritic_15889,0.99748694896698
dbpedia_47304,metacritic_4355,0.9997636675834656
dbpedia_28458,metacritic_18503,0.9990156888961792
dbpedia_1052,metacritic_3702,0.9995579123497008
dbpedia_45737,metacritic_7106,0.9991482496261596
dbpedia_8049,metacritic_10154,0.999870538711548
dbpedia_4185,metacritic_2793,0.9994072914123536
dbpedia_51221,metacritic_17523,0.9994326233863832
dbpedia_7201,metacritic_511,0.9998835325241088
dbpedia_40464,metacritic_17678,0.9997945427894592
dbpedia_7793,metacritic_1473,0.9985607266426086
dbpedia_26086,metacritic_3336,0.999813973903656
dbpedia_29211,metacritic_10526,0.9992569088935852
dbpedia_20881,metacritic_777,0.9996891021728516
dbpedia_58839,metacritic_514,0.9996904134750366
dbpedia_43767,metacritic_1957,0.9997474551200868
dbpedia_37982,metacritic_9748,0.999614715576172
dbpedia_3021,metacritic_17242,0.9997480511665344
dbpedia_26783,metacritic_15781,0.9999300241470336
dbpedia_56803,metacritic_851,0.99964702129364
dbpedia_12411,metacritic_19333,0.9997990727424622
dbpedia_45523,metacritic_4633,0.9992569088935852
dbpedia_16314,metacritic_14236,0.9999511241912842
dbpedia_50046,metacritic_13901,0.9995774626731871
dbpedia_18208,metacritic_15218,0.9996881484985352
dbpedia_689,metacritic_1957,0.9994833469390868
dbpedia_39058,metacritic_6312,0.9997469782829284
dbpedia_15523,metacritic_12448,0.9893128275871276
dbpedia_9230,metacritic_10804,0.9995194673538208
dbpedia_35402,metacritic_20491,0.9747728705406188
dbpedia_3621,metacritic_3363,0.9796002507209778
dbpedia_63644,metacritic_3279,0.9998873472213744
dbpedia_5117,metacritic_3201,0.9521531462669371
dbpedia_17972,metacritic_11582,0.9998443126678468
dbpedia_42367,metacritic_13899,0.9993208646774292
dbpedia_26782,metacritic_14396,0.9950959086418152
dbpedia_40472,metacritic_3465,0.9781965017318726
dbpedia_42902,metacritic_14848,0.9997594952583312
dbpedia_14861,metacritic_8730,0.9995734095573424
dbpedia_35815,metacritic_14967,0.9989481568336488
dbpedia_14252,metacritic_3384,0.999804675579071
dbpedia_50668,metacritic_19516,0.9997209906578064
dbpedia_41012,metacritic_2891,0.9993995428085328
dbpedia_39524,metacritic_5561,0.999648094177246
dbpedia_54086,metacritic_8696,0.9998762607574464
dbpedia_33194,metacritic_3285,0.9996340274810792
dbpedia_49111,metacritic_14472,0.9994761347770692
dbpedia_37002,metacritic_14184,0.9990925788879396
dbpedia_26748,metacritic_13971,0.9994377493858336
dbpedia_57400,metacritic_3730,0.9997801184654236
dbpedia_17766,metacritic_16829,0.9999481439590454
dbpedia_49206,metacritic_17715,0.9992938041687012
dbpedia_23155,metacritic_6592,0.9998993873596193
dbpedia_44055,metacritic_7655,0.9994264841079712
dbpedia_4703,metacritic_10252,0.9720630049705504
dbpedia_41240,metacritic_15289,0.9991415739059448
dbpedia_3857,metacritic_6053,0.980985939502716
dbpedia_28299,metacritic_2748,0.9995185136795044
dbpedia_49413,metacritic_10753,0.9998867511749268
dbpedia_985,metacritic_7697,0.9993808269500732
dbpedia_63731,metacritic_8034,0.9998431205749512
dbpedia_21241,metacritic_4251,0.9796002507209778
dbpedia_3049,metacritic_2204,0.9983819723129272
dbpedia_52121,metacritic_452,0.9999940395355223
dbpedia_14477,metacritic_2900,0.9997140765190125
dbpedia_13997,metacritic_1449,0.9998675584793092
dbpedia_4146,metacritic_1327,0.9997000694274902
dbpedia_41390,metacritic_5436,0.999573290348053
dbpedia_51879,metacritic_1109,0.9998247027397156
dbpedia_35727,metacritic_10590,0.9999974966049194
dbpedia_40656,metacritic_4194,0.9999830722808838
dbpedia_1743,metacritic_12470,0.9998202919960022
dbpedia_15836,metacritic_1682,0.999840259552002
dbpedia_64056,metacritic_18742,0.9995686411857604
dbpedia_6864,metacritic_7203,0.9997169375419616
dbpedia_18646,metacritic_1101,0.9999940395355223
dbpedia_20276,metacritic_2826,0.9997172951698304
dbpedia_28730,metacritic_3174,0.9269795417785645
dbpedia_58822,metacritic_5924,0.9998615980148317
dbpedia_37880,metacritic_15961,0.999494194984436
dbpedia_26894,metacritic_17917,0.99964702129364
dbpedia_12370,metacritic_5943,0.9985607266426086
dbpedia_43665,metacritic_1016,0.9999418258666992
dbpedia_41941,metacritic_7397,0.999985694885254
dbpedia_64991,metacritic_18790,0.9668566584587096
dbpedia_16636,metacritic_2748,0.9995185136795044
dbpedia_23614,metacritic_1648,0.9998778104782104
dbpedia_63856,metacritic_2482,0.999387502670288
dbpedia_11612,metacritic_14750,0.9998621940612792
dbpedia_5468,metacritic_4606,0.9996329545974731
dbpedia_17271,metacritic_13964,0.9999511241912842
dbpedia_31523,metacritic_13063,0.9993958473205566
dbpedia_34981,metacritic_15677,0.9996216297149658
dbpedia_25943,metacritic_16397,0.9998486042022704
dbpedia_17779,metacritic_10358,0.9995527863502502
dbpedia_18001,metacritic_685,0.9994176626205444
dbpedia_259,metacritic_3162,0.9995827078819276
dbpedia_44051,metacritic_14659,0.9997468590736388
dbpedia_46730,metacritic_5029,0.9996294975280762
dbpedia_51891,metacritic_2588,0.9995680451393129
dbpedia_39662,metacritic_5583,0.9996511936187744
dbpedia_17979,metacritic_1669,0.9997469782829284
dbpedia_42936,metacritic_10772,0.9991666078567504
dbpedia_34958,metacritic_958,0.999790370464325
dbpedia_52564,metacritic_9544,0.9998711347579956
dbpedia_13430,metacritic_977,0.9996317625045776
dbpedia_16365,metacritic_9339,0.9995800852775574
dbpedia_30636,metacritic_8254,0.9996170997619628
dbpedia_32166,metacritic_11156,0.9939815402030944
dbpedia_62897,metacritic_12519,0.9990703463554382
dbpedia_29926,metacritic_9560,0.9984856247901917
dbpedia_61572,metacritic_19054,0.9999830722808838
dbpedia_15000,metacritic_8575,0.9997469782829284
dbpedia_21231,metacritic_19988,0.9999016523361206
dbpedia_26115,metacritic_13358,0.9999263286590576
dbpedia_53755,metacritic_6348,0.9991482496261596
dbpedia_37314,metacritic_3026,0.9997231364250184
dbpedia_15526,metacritic_661,0.9992071986198424
dbpedia_254,metacritic_15570,0.9992693066596984
dbpedia_61286,metacritic_6558,0.9765971302986144
dbpedia_464,metacritic_1529,0.9999161958694458
dbpedia_33917,metacritic_14,0.9998971223831176
dbpedia_582,metacritic_14099,0.9972678422927856
dbpedia_41,metacritic_17632,0.9992938041687012
dbpedia_6690,metacritic_1384,0.980985939502716
dbpedia_60649,metacritic_191,0.9996612071990968
dbpedia_23405,metacritic_2583,0.9997064471244812
dbpedia_42701,metacritic_1642,0.9995893836021424
dbpedia_25810,metacritic_6218,0.9984261989593506
dbpedia_50263,metacritic_4545,0.9998408555984496
dbpedia_35398,metacritic_6932,0.9993108510971068
dbpedia_25728,metacritic_4742,0.9992402791976928
dbpedia_22328,metacritic_8483,0.99968159198761
dbpedia_13763,metacritic_2046,0.9993847608566284
dbpedia_4867,metacritic_1473,0.9985607266426086
dbpedia_60291,metacritic_17743,0.9996731281280518
dbpedia_36860,metacritic_17241,0.9996635913848876
dbpedia_14717,metacritic_1047,0.999896764755249
dbpedia_32910,metacritic_10423,0.9984533786773682
dbpedia_33209,metacritic_18089,0.9945124387741088
dbpedia_41331,metacritic_1138,0.9993520379066468
dbpedia_30962,metacritic_6838,0.9996265172958374
dbpedia_39989,metacritic_3908,0.999366581439972
dbpedia_9866,metacritic_18887,0.9993059635162354
dbpedia_12871,metacritic_12357,0.9997654557228088
dbpedia_11975,metacritic_8894,0.9994128942489624
dbpedia_57932,metacritic_3751,0.999847173690796
dbpedia_21144,metacritic_2001,0.9999161958694458
dbpedia_12566,metacritic_3136,0.9995532631874084
dbpedia_59183,metacritic_1599,0.9997091889381408
dbpedia_59505,metacritic_4908,0.9728569388389589
dbpedia_58276,metacritic_6749,0.9995081424713136
dbpedia_8691,metacritic_16656,0.9996340274810792
dbpedia_56200,metacritic_17706,0.9995328187942504
dbpedia_15505,metacritic_5083,0.999303698539734
dbpedia_31477,metacritic_3336,0.9997603297233582
dbpedia_32633,metacritic_139,0.9999221563339232
dbpedia_670,metacritic_7697,0.9993808269500732
dbpedia_27282,metacritic_1265,0.9263622760772704
dbpedia_11807,metacritic_10226,0.9994544386863708
dbpedia_59506,metacritic_10957,0.997505247592926
dbpedia_32231,metacritic_2164,0.9996947050094604
dbpedia_22885,metacritic_7203,0.9997169375419616
dbpedia_44857,metacritic_8215,0.999618411064148
dbpedia_3867,metacritic_12263,0.9994761347770692
dbpedia_32728,metacritic_5258,0.9996438026428224
dbpedia_12342,metacritic_15174,0.9998621940612792
dbpedia_1420,metacritic_222,0.9998571872711182
dbpedia_63321,metacritic_2525,0.9999749660491944
dbpedia_40305,metacritic_1321,0.9991135001182556
dbpedia_49773,metacritic_8437,0.9994101524353028
dbpedia_9075,metacritic_6719,0.9987805485725404
dbpedia_40885,metacritic_9505,0.9996625185012816
dbpedia_57764,metacritic_1314,0.9995222091674804
dbpedia_684,metacritic_9999,0.9995163679122924
dbpedia_47913,metacritic_10526,0.9991022348403932
dbpedia_15252,metacritic_14443,0.9997870326042176
dbpedia_12930,metacritic_15120,0.9995495676994324
dbpedia_19817,metacritic_7994,0.9999830722808838
dbpedia_24023,metacritic_5128,0.99979966878891
dbpedia_39887,metacritic_5056,0.9995550513267516
dbpedia_61896,metacritic_20448,0.9997231364250184
dbpedia_42659,metacritic_17679,0.9993958473205566
dbpedia_10280,metacritic_1315,0.9995550513267516
dbpedia_8578,metacritic_5737,0.9995163679122924
dbpedia_62774,metacritic_5835,0.9992693066596984
dbpedia_60513,metacritic_17614,0.9999464750289916
dbpedia_7364,metacritic_9906,0.9991995692253112
dbpedia_58277,metacritic_7431,0.9995452761650084
dbpedia_28760,metacritic_3862,0.9997122883796692
dbpedia_30729,metacritic_398,0.9996881484985352
dbpedia_13315,metacritic_6025,0.9994245767593384
dbpedia_30930,metacritic_8483,0.9998443126678468
dbpedia_57567,metacritic_13655,0.998190701007843
dbpedia_22715,metacritic_1169,0.999787986278534
dbpedia_21607,metacritic_14787,0.9995505213737488
dbpedia_6873,metacritic_2583,0.9995092153549194
dbpedia_19549,metacritic_16920,0.9999855756759644
dbpedia_27590,metacritic_15409,0.9998762607574464
dbpedia_13598,metacritic_7301,0.99940824508667
dbpedia_10956,metacritic_17045,0.9352250695228576
dbpedia_49171,metacritic_17934,0.9995550513267516
dbpedia_6418,metacritic_6045,0.999366581439972
dbpedia_14456,metacritic_2377,0.9994995594024658
dbpedia_46279,metacritic_8253,0.9998630285263062
dbpedia_64180,metacritic_7053,0.9997005462646484
dbpedia_965,metacritic_14332,0.9955084323883056
dbpedia_7972,metacritic_11452,0.9997231364250184
dbpedia_7668,metacritic_1704,0.9997000694274902
dbpedia_45944,metacritic_5258,0.9998258948326112
dbpedia_64426,metacritic_10123,0.999630331993103
dbpedia_64703,metacritic_16042,0.9999626874923706
dbpedia_40255,metacritic_5239,0.9998443126678468
dbpedia_49070,metacritic_16800,0.9998961687088012
dbpedia_45895,metacritic_15903,0.9983124732971193
dbpedia_46395,metacritic_15089,0.9998207688331604
dbpedia_1361,metacritic_10441,0.9998778104782104
dbpedia_36613,metacritic_7964,0.9999762773513794
dbpedia_59357,metacritic_12626,0.9992111921310424
dbpedia_50407,metacritic_13999,0.9286561608314514
dbpedia_37382,metacritic_13775,0.999755322933197
dbpedia_9673,metacritic_9120,0.98925119638443
dbpedia_53366,metacritic_8259,0.9926131963729858
dbpedia_58126,metacritic_8814,0.9992865920066832
dbpedia_863,metacritic_16615,0.9999408721923828
dbpedia_38785,metacritic_8518,0.9998477697372437
dbpedia_572,metacritic_142,0.9993808269500732
dbpedia_7001,metacritic_18722,0.9992738366127014
dbpedia_20322,metacritic_9236,0.9948234558105468
dbpedia_14883,metacritic_16921,0.9996625185012816
dbpedia_6792,metacritic_5379,0.9998762607574464
dbpedia_24156,metacritic_2510,0.9992402791976928
dbpedia_42626,metacritic_462,0.9996930360794068
dbpedia_44108,metacritic_9951,0.9996577501296996
dbpedia_10173,metacritic_5058,0.9991482496261596
dbpedia_11640,metacritic_18894,0.9979169964790344
dbpedia_5507,metacritic_10280,0.9992402791976928
dbpedia_49187,metacritic_15006,0.9999003410339355
dbpedia_22644,metacritic_50,0.9996438026428224
dbpedia_10156,metacritic_16460,0.9993958473205566
dbpedia_40516,metacritic_14346,0.9988415837287904
dbpedia_17264,metacritic_12746,0.99968159198761
dbpedia_4756,metacritic_16133,0.99968159198761
dbpedia_36473,metacritic_14778,0.9996317625045776
dbpedia_15601,metacritic_5586,0.9997829794883728
dbpedia_16014,metacritic_4197,0.976246416568756
dbpedia_41685,metacritic_4155,0.9992865920066832
dbpedia_53781,metacritic_20451,0.9840452671051024
dbpedia_54161,metacritic_11821,0.9987393021583556
dbpedia_25124,metacritic_6001,0.999805986881256
dbpedia_50526,metacritic_20409,0.99968159198761
dbpedia_47330,metacritic_13527,0.9920996427536012
dbpedia_54193,metacritic_5841,0.9922680258750916
dbpedia_32336,metacritic_14,0.9998971223831176
dbpedia_19104,metacritic_7432,0.9998915195465088
dbpedia_19047,metacritic_3162,0.9994625449180604
dbpedia_50963,metacritic_7351,0.999619483947754
dbpedia_17092,metacritic_19570,0.9989932179450988
dbpedia_31127,metacritic_20426,0.999303698539734
dbpedia_10348,metacritic_290,0.9999940395355223
dbpedia_21588,metacritic_6362,0.999494194984436
dbpedia_25233,metacritic_11441,0.999886155128479
dbpedia_32596,metacritic_15170,0.9995883107185364
dbpedia_40082,metacritic_14143,0.994288206100464
dbpedia_1257,metacritic_3279,0.9997696280479432
dbpedia_38767,metacritic_7632,0.9996412992477416
dbpedia_9151,metacritic_6642,0.9998961687088012
dbpedia_59719,metacritic_11865,0.9998347759246826
dbpedia_12815,metacritic_1669,0.9997469782829284
dbpedia_56501,metacritic_14341,0.9996609687805176
dbpedia_37169,metacritic_4447,0.9998838901519777
dbpedia_3940,metacritic_5894,0.9999639987945556
dbpedia_27293,metacritic_8296,0.9999613761901855
dbpedia_6632,metacritic_5138,0.9985350370407104
dbpedia_35968,metacritic_20469,0.9998941421508788
dbpedia_59268,metacritic_5704,0.999686598777771
dbpedia_54659,metacritic_14890,0.9996697902679444
dbpedia_4031,metacritic_13439,0.999678373336792
dbpedia_52287,metacritic_2102,0.9995452761650084
dbpedia_31750,metacritic_1131,0.9996317625045776
dbpedia_28876,metacritic_13390,0.999541401863098
dbpedia_32778,metacritic_20354,0.9999749660491944
dbpedia_24494,metacritic_18729,0.9998061060905457
dbpedia_5630,metacritic_11787,0.9995734095573424
dbpedia_48014,metacritic_13692,0.9998526573181152
dbpedia_12021,metacritic_12923,0.9680610299110411
dbpedia_17835,metacritic_14750,0.9997696280479432
dbpedia_14036,metacritic_10139,0.9999433755874634
dbpedia_52041,metacritic_12177,0.9994335770606996
dbpedia_24075,metacritic_4742,0.9992402791976928
dbpedia_39106,metacritic_5417,0.9993941783905028
dbpedia_3358,metacritic_8197,0.9999788999557496
dbpedia_21049,metacritic_2484,0.9995563626289368
dbpedia_3778,metacritic_4806,0.9382962584495544
dbpedia_5475,metacritic_7349,0.9997580647468568
dbpedia_8727,metacritic_18989,0.9998408555984496
dbpedia_20516,metacritic_309,0.9996881484985352
dbpedia_5727,metacritic_3994,0.9997615218162536
dbpedia_48917,metacritic_5622,0.9991666078567504
dbpedia_26663,metacritic_7655,0.9993417859077454
dbpedia_32269,metacritic_1388,0.969668745994568
dbpedia_41218,metacritic_14184,0.9990925788879396
dbpedia_5054,metacritic_6253,0.9997000694274902
dbpedia_51819,metacritic_2436,0.9886085987091064
dbpedia_33122,metacritic_3721,0.999958038330078
dbpedia_17153,metacritic_10230,0.9987805485725404
dbpedia_33689,metacritic_14651,0.999494194984436
dbpedia_433,metacritic_777,0.9995995163917542
dbpedia_50010,metacritic_1994,0.9999121427536012
dbpedia_16018,metacritic_1269,0.9999325275421144
dbpedia_8112,metacritic_5962,0.9921777844429016
dbpedia_8614,metacritic_3032,0.999873161315918
dbpedia_44863,metacritic_15472,0.9996318817138672
dbpedia_17775,metacritic_2510,0.9992402791976928
dbpedia_58367,metacritic_614,0.99844092130661
dbpedia_724,metacritic_17123,0.9998258948326112
dbpedia_34859,metacritic_6137,0.9998571872711182
dbpedia_5012,metacritic_863,0.9997038245201112
dbpedia_26164,metacritic_13226,0.9991415739059448
dbpedia_3016,metacritic_16718,0.9998252987861632
dbpedia_11180,metacritic_4783,0.9996317625045776
dbpedia_10214,metacritic_14761,0.9992945194244384
dbpedia_33483,metacritic_13735,0.9996412992477416
dbpedia_16383,metacritic_6316,0.9996601343154908
dbpedia_47947,metacritic_11272,0.9988817572593688
dbpedia_31980,metacritic_13612,0.9995452761650084
dbpedia_4241,metacritic_16884,0.9997581839561462
dbpedia_36159,metacritic_5258,0.9996438026428224
dbpedia_7220,metacritic_17265,0.9872288703918456
dbpedia_51869,metacritic_1884,0.9987190961837769
dbpedia_42944,metacritic_9781,0.999958038330078
dbpedia_2561,metacritic_16976,0.9458476305007936
dbpedia_25288,metacritic_8081,0.9998739957809448
dbpedia_42009,metacritic_868,0.976246416568756
dbpedia_19342,metacritic_16853,0.9987805485725404
dbpedia_15896,metacritic_2060,0.99991774559021
dbpedia_31280,metacritic_11022,0.9996002316474916
dbpedia_5248,metacritic_778,0.966629922389984
dbpedia_49675,metacritic_14631,0.959086537361145
dbpedia_21009,metacritic_13005,0.9999408721923828
dbpedia_31614,metacritic_14360,0.999494194984436
dbpedia_14919,metacritic_6449,0.9848868250846864
dbpedia_51107,metacritic_20432,0.9998971223831176
dbpedia_37807,metacritic_2544,0.9998571872711182
dbpedia_51651,metacritic_13664,0.9979708790779114
dbpedia_1451,metacritic_970,0.999710738658905
dbpedia_6056,metacritic_2482,0.999387502670288
dbpedia_14397,metacritic_14802,0.9997091889381408
dbpedia_38949,metacritic_10020,0.9996329545974731
dbpedia_41598,metacritic_15839,0.9989312291145324
dbpedia_13580,metacritic_12180,0.9995326995849608
dbpedia_24939,metacritic_3615,0.998928964138031
dbpedia_12989,metacritic_12246,0.9996947050094604
dbpedia_20840,metacritic_16244,0.9998908042907716
dbpedia_64683,metacritic_17608,0.9996553659439088
dbpedia_12445,metacritic_13135,0.9997288584709167
dbpedia_25952,metacritic_13445,0.999799907207489
dbpedia_24562,metacritic_5407,0.9996241331100464
dbpedia_60476,metacritic_2953,0.9524980187416076
dbpedia_16066,metacritic_3474,0.9997310042381288
dbpedia_46663,metacritic_14632,0.9995711445808412
dbpedia_60318,metacritic_6862,0.9996733665466307
dbpedia_340,metacritic_1381,0.9997696280479432
dbpedia_9789,metacritic_17978,0.9993065595626832
dbpedia_53320,metacritic_1304,0.9999058246612548
dbpedia_27570,metacritic_832,0.9991022348403932
dbpedia_50292,metacritic_3340,0.9997169375419616
dbpedia_37962,metacritic_6045,0.9996904134750366
dbpedia_49444,metacritic_7299,0.9996340274810792
dbpedia_31661,metacritic_2782,0.999873161315918
dbpedia_19027,metacritic_17506,0.9992700219154358
dbpedia_4433,metacritic_12985,0.9995012283325196
dbpedia_11579,metacritic_4010,0.9997867941856384
dbpedia_9220,metacritic_1281,0.999958038330078
dbpedia_30032,metacritic_4079,0.9995794892311096
dbpedia_11989,metacritic_13570,0.9992402791976928
dbpedia_11630,metacritic_6916,0.9997405409812928
dbpedia_36192,metacritic_988,0.9992938041687012
dbpedia_39990,metacritic_6918,0.999809205532074
dbpedia_20140,metacritic_3325,0.9996793270111084
dbpedia_4728,metacritic_17007,0.9998972415924072
dbpedia_49495,metacritic_7948,0.9995802044868468
dbpedia_40289,metacritic_10434,0.9994833469390868
dbpedia_14650,metacritic_4018,0.9990522265434264
dbpedia_6024,metacritic_14855,0.9994698166847228
dbpedia_782,metacritic_1138,0.9992170333862304
dbpedia_16277,metacritic_17496,0.9323861002922058
dbpedia_13052,metacritic_14555,0.999462068080902
dbpedia_23157,metacritic_2579,0.9992700219154358
dbpedia_5293,metacritic_6076,0.9999121427536012
dbpedia_10118,metacritic_248,0.999658465385437
dbpedia_10724,metacritic_5195,0.9997990727424622
dbpedia_13364,metacritic_6873,0.9998164772987366
dbpedia_24078,metacritic_13711,0.9998915195465088
dbpedia_3628,metacritic_8457,0.9997469782829284
dbpedia_32993,metacritic_2771,0.9995326995849608
dbpedia_2715,metacritic_17318,0.9997145533561708
dbpedia_45161,metacritic_10491,0.9864517450332642
dbpedia_40486,metacritic_2256,0.9997017979621888
dbpedia_57254,metacritic_4335,0.999816358089447
dbpedia_29920,metacritic_10859,0.9992938041687012
dbpedia_15795,metacritic_18746,0.9994569420814514
dbpedia_59231,metacritic_12152,0.999363124370575
dbpedia_27928,metacritic_7294,0.9979173541069032
dbpedia_11392,metacritic_12086,0.9323087334632874
dbpedia_10278,metacritic_10156,0.999494194984436
dbpedia_32402,metacritic_970,0.9997636675834656
dbpedia_11325,metacritic_13901,0.9995550513267516
dbpedia_35018,metacritic_6954,0.9998873472213744
dbpedia_35427,metacritic_16196,0.9998902082443236
dbpedia_48351,metacritic_15237,0.9995194673538208
dbpedia_60172,metacritic_12103,0.9995823502540588
dbpedia_14244,metacritic_13570,0.9992402791976928
dbpedia_8369,metacritic_148,0.9999808073043824
dbpedia_47311,metacritic_7551,0.999847173690796
dbpedia_17248,metacritic_13752,0.9995695948600768
dbpedia_14893,metacritic_16718,0.9997078776359558
dbpedia_21767,metacritic_13901,0.9995550513267516
dbpedia_3686,metacritic_18265,0.99964702129364
dbpedia_52957,metacritic_3920,0.9996318817138672
dbpedia_21874,metacritic_11192,0.996033489704132
dbpedia_43548,metacritic_2126,0.9992727637290956
dbpedia_31336,metacritic_6680,0.9996906518936156
dbpedia_60906,metacritic_11613,0.9997557997703552
dbpedia_45941,metacritic_19145,0.9992738366127014
dbpedia_17025,metacritic_7222,0.999985694885254
dbpedia_17767,metacritic_1857,0.9992170333862304
dbpedia_20040,metacritic_3514,0.9382962584495544
dbpedia_46971,metacritic_3113,0.9991425275802612
dbpedia_54668,metacritic_17352,0.9996839761734008
dbpedia_5731,metacritic_1896,0.947072684764862
dbpedia_55816,metacritic_9091,0.999103307723999
dbpedia_6030,metacritic_532,0.9884157180786132
dbpedia_659,metacritic_970,0.999516487121582
dbpedia_46660,metacritic_3987,0.999893069267273
dbpedia_34948,metacritic_734,0.9992402791976928
dbpedia_30918,metacritic_20431,0.9998941421508788
dbpedia_23613,metacritic_6089,0.9999927282333374
dbpedia_36401,metacritic_6855,0.9996947050094604
dbpedia_59157,metacritic_20353,0.9990192651748656
dbpedia_10445,metacritic_5943,0.9985607266426086
dbpedia_18408,metacritic_19672,0.9998600482940674
dbpedia_17856,metacritic_16718,0.9997078776359558
dbpedia_3827,metacritic_1348,0.9998039603233336
dbpedia_32145,metacritic_4165,0.9382962584495544
dbpedia_38487,metacritic_14305,0.9991471767425536
dbpedia_6578,metacritic_6923,0.9997945427894592
dbpedia_16904,metacritic_5898,0.9994833469390868
dbpedia_64946,metacritic_5095,0.999809205532074
dbpedia_10360,metacritic_12067,0.9995505213737488
dbpedia_12231,metacritic_4792,0.9997095465660096
dbpedia_7883,metacritic_11389,0.9999121427536012
dbpedia_56569,metacritic_15724,0.9987190961837769
dbpedia_28227,metacritic_2665,0.9998317956924438
dbpedia_14741,metacritic_8267,0.9996947050094604
dbpedia_12177,metacritic_6847,0.999958038330078
dbpedia_55477,metacritic_5093,0.999596893787384
dbpedia_7324,metacritic_1519,0.9996508359909058
dbpedia_36174,metacritic_6765,0.9994701743125916
dbpedia_19297,metacritic_3964,0.999789535999298
dbpedia_24633,metacritic_1847,0.999256670475006
dbpedia_1307,metacritic_7223,0.999618649482727
dbpedia_3620,metacritic_7081,0.9993059635162354
dbpedia_18125,metacritic_17331,0.9995823502540588
dbpedia_3540,metacritic_13570,0.9992402791976928
dbpedia_36225,metacritic_1940,0.9999245405197144
dbpedia_31077,metacritic_2793,0.9989953637123108
dbpedia_46248,metacritic_4257,0.999514102935791
dbpedia_94,metacritic_10419,0.9995481371879578
dbpedia_40717,metacritic_18728,0.9995505213737488
dbpedia_57201,metacritic_4937,0.9998194575309752
dbpedia_28714,metacritic_17717,0.9999873638153076
dbpedia_13090,metacritic_17569,0.9995680451393129
dbpedia_63061,metacritic_1436,0.99382221698761
dbpedia_47476,metacritic_5919,0.9602555632591248
dbpedia_32276,metacritic_17674,0.9996262788772584
dbpedia_6706,metacritic_10249,0.999714195728302
dbpedia_41183,metacritic_1611,0.999783217906952
dbpedia_51536,metacritic_4478,0.9997596144676208
dbpedia_64178,metacritic_6770,0.999362051486969
dbpedia_47121,metacritic_19683,0.9999265670776368
dbpedia_58251,metacritic_6420,0.9997231364250184
dbpedia_21834,metacritic_10777,0.999991774559021
dbpedia_30582,metacritic_2891,0.9992745518684388
dbpedia_59147,metacritic_7552,0.9998770952224731
dbpedia_8674,metacritic_958,0.9997466206550598
dbpedia_34754,metacritic_3320,0.9998247027397156
dbpedia_61863,metacritic_7300,0.9999897480010986
dbpedia_30781,metacritic_1555,0.9458476305007936
dbpedia_40345,metacritic_1015,0.9382962584495544
dbpedia_47218,metacritic_10698,0.9998905658721924
dbpedia_37839,metacritic_1897,0.999678373336792
dbpedia_7440,metacritic_5047,0.9999659061431884
dbpedia_16403,metacritic_3714,0.9998202919960022
dbpedia_39143,metacritic_16718,0.9997078776359558
dbpedia_1107,metacritic_3756,0.9992938041687012
dbpedia_23295,metacritic_9544,0.9998038411140442
dbpedia_12214,metacritic_17090,0.9999539852142334
dbpedia_2024,metacritic_14416,0.999804675579071
dbpedia_29822,metacritic_18674,0.9996898174285888
dbpedia_21538,metacritic_3939,0.9996839761734008
dbpedia_12202,metacritic_2766,0.999734342098236
dbpedia_63221,metacritic_2105,0.9999643564224244
dbpedia_29350,metacritic_18692,0.9998838901519777
dbpedia_44491,metacritic_14861,0.9996898174285888
dbpedia_62899,metacritic_17553,0.9999921321868896
dbpedia_8245,metacritic_7096,0.9995385408401488
dbpedia_11669,metacritic_3571,0.9997710585594176
dbpedia_32432,metacritic_205,0.9994939565658568
dbpedia_45661,metacritic_16345,0.9992677569389344
dbpedia_4512,metacritic_3641,0.9997114539146424
dbpedia_58313,metacritic_1457,0.9999830722808838
dbpedia_20342,metacritic_1325,0.9997712969779968
dbpedia_15283,metacritic_20444,0.9995995163917542
dbpedia_14944,metacritic_1143,0.9997534155845642
dbpedia_7909,metacritic_3709,0.9996258020401
dbpedia_53721,metacritic_6941,0.9992470741271972
dbpedia_28743,metacritic_6394,0.9996556043624878
dbpedia_43502,metacritic_11898,0.9972099661827089
dbpedia_2648,metacritic_18684,0.9996722936630248
dbpedia_19419,metacritic_14416,0.9996733665466307
dbpedia_15372,metacritic_18,0.9999206066131592
dbpedia_1055,metacritic_16941,0.999649167060852
dbpedia_20077,metacritic_6258,0.9985003471374512
dbpedia_32343,metacritic_15783,0.9997372031211852
dbpedia_2156,metacritic_3142,0.999687433242798
dbpedia_40757,metacritic_8105,0.9999433755874634
dbpedia_22211,metacritic_12328,0.9998859167099
dbpedia_3596,metacritic_18150,0.9996429681777954
dbpedia_15385,metacritic_9989,0.9997310042381288
dbpedia_24645,metacritic_6108,0.999870538711548
dbpedia_45939,metacritic_15720,0.9994687438011168
dbpedia_7053,metacritic_2377,0.9995858073234558
dbpedia_52374,metacritic_5398,0.9999659061431884
dbpedia_1076,metacritic_18949,0.999652624130249
dbpedia_54025,metacritic_9302,0.9996317625045776
dbpedia_16336,metacritic_15240,0.999678373336792
dbpedia_28190,metacritic_5297,0.9995774626731871
dbpedia_42208,metacritic_3021,0.9666500091552734
dbpedia_35296,metacritic_7088,0.972055196762085
dbpedia_15032,metacritic_7845,0.9996265172958374
dbpedia_29344,metacritic_17168,0.9996945858001708
dbpedia_1331,metacritic_1186,0.9993941783905028
dbpedia_18437,metacritic_18049,0.9992121458053588
dbpedia_36472,metacritic_1912,0.9993995428085328
dbpedia_19046,metacritic_1381,0.9997696280479432
dbpedia_37505,metacritic_4476,0.9999384880065918
dbpedia_39006,metacritic_15889,0.9548585414886476
dbpedia_53310,metacritic_3734,0.9997772574424744
dbpedia_7104,metacritic_9008,0.9997673630714417
dbpedia_4769,metacritic_17290,0.993987202644348
dbpedia_6538,metacritic_2512,0.9999830722808838
dbpedia_13102,metacritic_1008,0.9997829794883728
dbpedia_14307,metacritic_14472,0.9997175335884094
dbpedia_12674,metacritic_3065,0.9992470741271972
dbpedia_27435,metacritic_15169,0.999996542930603
dbpedia_4063,metacritic_17745,0.9315553903579712
dbpedia_10461,metacritic_2920,0.9996461868286132
dbpedia_48123,metacritic_4137,0.9996700286865234
dbpedia_46826,metacritic_18710,0.9997380375862122
dbpedia_31188,metacritic_10736,0.936743974685669
dbpedia_53718,metacritic_15352,0.9983158111572266
dbpedia_27607,metacritic_9339,0.9995579123497008
dbpedia_59975,metacritic_13361,0.999885082244873
dbpedia_15775,metacritic_13976,0.9999585151672364
dbpedia_28612,metacritic_17331,0.9995823502540588
dbpedia_31390,metacritic_18186,0.9996839761734008
dbpedia_23041,metacritic_6295,0.9911338686943054
dbpedia_56073,metacritic_5924,0.9997169375419616
dbpedia_1524,metacritic_2354,0.9992745518684388
dbpedia_53726,metacritic_17745,0.9608931541442872
dbpedia_16186,metacritic_1669,0.9997469782829284
dbpedia_45841,metacritic_9505,0.9997701048851012
dbpedia_23070,metacritic_2234,0.9961997866630554
dbpedia_27944,metacritic_13619,0.9996329545974731
dbpedia_46938,metacritic_3269,0.9988043308258056
dbpedia_24716,metacritic_2962,0.9995647072792052
dbpedia_7737,metacritic_1131,0.9996317625045776
dbpedia_13323,metacritic_14966,0.9995924830436708
dbpedia_63396,metacritic_2482,0.999387502670288
dbpedia_384,metacritic_14967,0.9993065595626832
dbpedia_6230,metacritic_8730,0.999600112438202
dbpedia_14334,metacritic_15137,0.9787098169326782
dbpedia_2433,metacritic_11619,0.9731951951980592
dbpedia_56794,metacritic_3994,0.999601423740387
dbpedia_11589,metacritic_17123,0.9996438026428224
dbpedia_24792,metacritic_15852,0.9992865920066832
dbpedia_24846,metacritic_16223,0.9995452761650084
dbpedia_53368,metacritic_2204,0.9987722039222716
dbpedia_13116,metacritic_7098,0.9999943971633912
dbpedia_32921,metacritic_17352,0.9998286962509156
dbpedia_18313,metacritic_8113,0.9563526511192322
dbpedia_1743,metacritic_9414,0.9073742032051086
dbpedia_57910,metacritic_20377,0.9996625185012816
dbpedia_44487,metacritic_12,0.999783456325531
dbpedia_57982,metacritic_15485,0.999933123588562
dbpedia_47624,metacritic_18816,0.9999830722808838
dbpedia_37140,metacritic_4378,0.999809205532074
dbpedia_27771,metacritic_15880,0.9996898174285888
dbpedia_7284,metacritic_17435,0.9995680451393129
dbpedia_16453,metacritic_16095,0.9459663033485411
dbpedia_52582,metacritic_3930,0.9996060729026794
dbpedia_7971,metacritic_17487,0.999805986881256
dbpedia_51492,metacritic_19525,0.999800145626068
dbpedia_23754,metacritic_891,0.999601423740387
dbpedia_21232,metacritic_11914,0.9994254112243652
dbpedia_18540,metacritic_17019,0.9997538924217224
dbpedia_20211,metacritic_17049,0.999541401863098
dbpedia_39790,metacritic_14895,0.999658465385437
dbpedia_9700,metacritic_2917,0.9998571872711182
dbpedia_3310,metacritic_891,0.999601423740387
dbpedia_63736,metacritic_4343,0.9994864463806152
dbpedia_18604,metacritic_1748,0.9995019435882568
dbpedia_57993,metacritic_568,0.9995737671852112
dbpedia_5136,metacritic_2126,0.9992727637290956
dbpedia_5621,metacritic_3474,0.9998495578765868
dbpedia_8986,metacritic_1268,0.9995508790016174
dbpedia_16020,metacritic_1072,0.99960595369339
dbpedia_62831,metacritic_2146,0.9999643564224244
dbpedia_34670,metacritic_4459,0.984342396259308
dbpedia_37430,metacritic_16708,0.9999486207962036
dbpedia_184,metacritic_10092,0.9911338686943054
dbpedia_22586,metacritic_14460,0.9976308345794678
dbpedia_27630,metacritic_6057,0.9988840222358704
dbpedia_25643,metacritic_6034,0.9995647072792052
dbpedia_61150,metacritic_3073,0.9053592681884766
dbpedia_22873,metacritic_12823,0.9998227953910828
dbpedia_49875,metacritic_17647,0.9998082518577576
dbpedia_38567,metacritic_6373,0.9999117851257324
dbpedia_21464,metacritic_3524,0.9991135001182556
dbpedia_10621,metacritic_8239,0.999816358089447
dbpedia_37188,metacritic_6661,0.9996317625045776
dbpedia_55315,metacritic_7317,0.9997000694274902
dbpedia_56545,metacritic_5437,0.9994335770606996
dbpedia_11513,metacritic_2096,0.9995774626731871
dbpedia_3524,metacritic_16259,0.999788463115692
dbpedia_32724,metacritic_6171,0.9995774626731871
dbpedia_9962,metacritic_16587,0.9999260902404784
dbpedia_57005,metacritic_7299,0.9995579123497008
dbpedia_17126,metacritic_19976,0.9996654987335204
dbpedia_33988,metacritic_18163,0.9993958473205566
dbpedia_36672,metacritic_14487,0.9998815059661864
dbpedia_19437,metacritic_12747,0.9999793767929076
dbpedia_25425,metacritic_3967,0.9996834993362428
dbpedia_613,metacritic_16112,0.9984571933746338
dbpedia_2185,metacritic_14039,0.999992847442627
dbpedia_29472,metacritic_13467,0.9999948740005492
dbpedia_702,metacritic_7230,0.9999504089355468
dbpedia_64232,metacritic_19723,0.9999916553497314
dbpedia_1804,metacritic_11078,0.9993808269500732
dbpedia_48886,metacritic_9354,0.999903917312622
dbpedia_61723,metacritic_16821,0.9998373985290528
dbpedia_20679,metacritic_7217,0.9673579335212708
dbpedia_27085,metacritic_2113,0.9999949932098388
dbpedia_44404,metacritic_11078,0.9993808269500732
dbpedia_27059,metacritic_5132,0.9997091889381408
dbpedia_21692,metacritic_18659,0.9993625283241272
dbpedia_20170,metacritic_526,0.9997231364250184
dbpedia_12443,metacritic_18452,0.9997531771659852
dbpedia_59807,metacritic_14586,0.9984887838363647
dbpedia_2563,metacritic_8248,0.9998486042022704
dbpedia_59296,metacritic_14148,0.9998550415039062
dbpedia_4701,metacritic_1381,0.9997696280479432
dbpedia_64219,metacritic_3501,0.9996317625045776
dbpedia_33118,metacritic_12945,0.9994016885757446
dbpedia_7915,metacritic_13645,0.9999674558639526
dbpedia_21804,metacritic_4598,0.999618649482727
dbpedia_7849,metacritic_1327,0.999637484550476
dbpedia_18094,metacritic_5735,0.98165363073349
dbpedia_45588,metacritic_17171,0.9999274015426636
dbpedia_21029,metacritic_5721,0.9997000694274902
dbpedia_55868,metacritic_10161,0.9976099729537964
dbpedia_8413,metacritic_3279,0.9997696280479432
dbpedia_41696,metacritic_14416,0.9996733665466307
dbpedia_8003,metacritic_17388,0.9998679161071776
dbpedia_34145,metacritic_4923,0.9996947050094604
dbpedia_973,metacritic_6282,0.999789297580719
dbpedia_53672,metacritic_2279,0.9999933242797852
dbpedia_39571,metacritic_15405,0.9996945858001708
dbpedia_62996,metacritic_15643,0.9993808269500732
dbpedia_49168,metacritic_1003,0.9997078776359558
dbpedia_19916,metacritic_15069,0.9999793767929076
dbpedia_29725,metacritic_18925,0.99960058927536
dbpedia_29192,metacritic_7940,0.9968212842941284
dbpedia_50005,metacritic_5987,0.9755929708480836
dbpedia_22235,metacritic_855,0.9998363256454468
dbpedia_18915,metacritic_10007,0.999362051486969
dbpedia_56801,metacritic_812,0.9995995163917542
dbpedia_47721,metacritic_13753,0.9434151649475098
dbpedia_32973,metacritic_18452,0.9997531771659852
dbpedia_23721,metacritic_4058,0.9993903636932372
dbpedia_50634,metacritic_17126,0.9994812607765198
dbpedia_2333,metacritic_5581,0.9999957084655762
dbpedia_24394,metacritic_17574,0.9991574287414552
dbpedia_38576,metacritic_3384,0.9995920062065125
dbpedia_29458,metacritic_19013,0.9994818568229676
dbpedia_19464,metacritic_8634,0.9999862909317015
dbpedia_6564,metacritic_2555,0.999767005443573
dbpedia_12812,metacritic_17559,0.9434151649475098
dbpedia_39098,metacritic_8159,0.9996556043624878
dbpedia_26663,metacritic_12568,0.9828234910964966
dbpedia_1612,metacritic_11133,0.984342396259308
dbpedia_41565,metacritic_3983,0.999970555305481
dbpedia_31704,metacritic_863,0.9996421337127686
dbpedia_12407,metacritic_898,0.9996508359909058
dbpedia_17900,metacritic_726,0.9992526173591614
dbpedia_45193,metacritic_13417,0.9997795224189758
dbpedia_45460,metacritic_12204,0.9985049962997437
dbpedia_25469,metacritic_14416,0.9996733665466307
dbpedia_10185,metacritic_6409,0.999549925327301
dbpedia_49784,metacritic_11269,0.9998477697372437
dbpedia_23779,metacritic_9194,0.9994687438011168
dbpedia_43517,metacritic_2918,0.999618649482727
dbpedia_46973,metacritic_10260,0.9996097683906556
dbpedia_28008,metacritic_16783,0.9999966621398926
dbpedia_60155,metacritic_5594,0.9539904594421388
dbpedia_9946,metacritic_8857,0.9986034035682678
dbpedia_43019,metacritic_11465,0.9996556043624878
dbpedia_23292,metacritic_7221,0.9998539686203004
dbpedia_36890,metacritic_15240,0.999678373336792
dbpedia_53492,metacritic_20430,0.999974012374878
dbpedia_18554,metacritic_13900,0.999958038330078
dbpedia_33624,metacritic_6680,0.9998325109481812
dbpedia_1856,metacritic_13902,0.9995550513267516
dbpedia_23617,metacritic_17716,0.9998169541358948
dbpedia_7228,metacritic_19641,0.9996498823165894
dbpedia_17696,metacritic_18882,0.9999889135360718
dbpedia_55140,metacritic_7402,0.9995452761650084
dbpedia_24462,metacritic_16243,0.9990586638450624
dbpedia_9741,metacritic_2555,0.999767005443573
dbpedia_54083,metacritic_5368,0.9883630871772766
dbpedia_3526,metacritic_2924,0.9995194673538208
dbpedia_60842,metacritic_3696,0.9994602799415588
dbpedia_60250,metacritic_9194,0.9994687438011168
dbpedia_49338,metacritic_15398,0.9991759657859802
dbpedia_61292,metacritic_5974,0.9999922513961792
dbpedia_34431,metacritic_5482,0.999256670475006
dbpedia_22409,metacritic_891,0.999601423740387
dbpedia_39877,metacritic_12137,0.9993108510971068
dbpedia_513,metacritic_6612,0.9997772574424744
dbpedia_14655,metacritic_1689,0.9993995428085328
dbpedia_33249,metacritic_3873,0.9997594952583312
dbpedia_59950,metacritic_11420,0.9994840621948242
dbpedia_21979,metacritic_4452,0.9623979330062866
dbpedia_26067,metacritic_9472,0.9998500347137452
dbpedia_35287,metacritic_9906,0.999578297138214
dbpedia_45863,metacritic_11723,0.9997350573539734
dbpedia_63846,metacritic_12509,0.9994176626205444
dbpedia_37135,metacritic_16733,0.9999958276748656
dbpedia_19714,metacritic_17446,0.9999754428863524
dbpedia_963,metacritic_1852,0.9999929666519164
dbpedia_38277,metacritic_9464,0.9996317625045776
dbpedia_32206,metacritic_6435,0.9996294975280762
dbpedia_30238,metacritic_1744,0.9991231560707092
dbpedia_53988,metacritic_8423,0.9994058609008788
dbpedia_61824,metacritic_12147,0.9999164342880248
dbpedia_20435,metacritic_13417,0.9997795224189758
dbpedia_11856,metacritic_5437,0.9994335770606996
dbpedia_39740,metacritic_6955,0.9998770952224731
dbpedia_30112,metacritic_3709,0.9996598958969116
dbpedia_8197,metacritic_8239,0.9996241331100464
dbpedia_56066,metacritic_4374,0.999637484550476
dbpedia_10270,metacritic_7452,0.9999016523361206
dbpedia_28829,metacritic_17403,0.9997618794441224
dbpedia_24312,metacritic_6759,0.9997132420539856
dbpedia_14073,metacritic_1867,0.9997411370277404
dbpedia_5484,metacritic_10787,0.9999058246612548
dbpedia_34635,metacritic_12074,0.9995452761650084
dbpedia_26967,metacritic_12306,0.9998526573181152
dbpedia_25343,metacritic_5898,0.9994833469390868
dbpedia_23440,metacritic_14305,0.9991022348403932
dbpedia_34552,metacritic_20110,0.9979708790779114
dbpedia_61025,metacritic_183,0.999853253364563
dbpedia_56299,metacritic_8423,0.9994058609008788
dbpedia_32189,metacritic_2122,0.9758511781692504
dbpedia_17951,metacritic_8516,0.9905163645744324
dbpedia_55536,metacritic_17214,0.9062783122062684
dbpedia_32812,metacritic_101,0.969029664993286
dbpedia_2298,metacritic_13420,0.9998362064361572
dbpedia_26813,metacritic_6162,0.9999443292617798
dbpedia_46089,metacritic_19767,0.9998711347579956
dbpedia_34457,metacritic_421,0.9998130202293396
dbpedia_2803,metacritic_7927,0.997409164905548
dbpedia_54785,metacritic_17912,0.9996891021728516
dbpedia_45225,metacritic_398,0.999362051486969
dbpedia_3140,metacritic_14374,0.9996793270111084
dbpedia_12715,metacritic_14788,0.999771773815155
dbpedia_52737,metacritic_18976,0.999890923500061
dbpedia_15473,metacritic_18324,0.9962755441665648
dbpedia_51555,metacritic_11522,0.999600112438202
dbpedia_39278,metacritic_4896,0.999958038330078
dbpedia_40771,metacritic_2520,0.999670386314392
dbpedia_49643,metacritic_5379,0.9997469782829284
dbpedia_19062,metacritic_3286,0.9995452761650084
dbpedia_16974,metacritic_2162,0.9997078776359558
dbpedia_31714,metacritic_1648,0.999821126461029
dbpedia_25534,metacritic_4010,0.9996435642242432
dbpedia_19926,metacritic_9714,0.999969482421875
dbpedia_22709,metacritic_18366,0.9999444484710692
dbpedia_46848,metacritic_564,0.998808741569519
dbpedia_42602,metacritic_3340,0.9997169375419616
dbpedia_40468,metacritic_2995,0.9988166093826294
dbpedia_21612,metacritic_12103,0.9995823502540588
dbpedia_16798,metacritic_19862,0.9999892711639404
dbpedia_62121,metacritic_17935,0.9999799728393556
dbpedia_50924,metacritic_2996,0.931971549987793
dbpedia_61538,metacritic_1260,0.9994930028915404
dbpedia_32071,metacritic_131,0.9998117089271544
dbpedia_60377,metacritic_3503,0.9994687438011168
dbpedia_57580,metacritic_12550,0.9992697834968568
dbpedia_33337,metacritic_2559,0.9994602799415588
dbpedia_39198,metacritic_11480,0.9997976422309875
dbpedia_54592,metacritic_16170,0.9996354579925536
dbpedia_24807,metacritic_18643,0.9999862909317015
dbpedia_17729,metacritic_5826,0.9996744394302368
dbpedia_39927,metacritic_9516,0.9995194673538208
dbpedia_43281,metacritic_10165,0.9995794892311096
dbpedia_20684,metacritic_9443,0.9999877214431764
dbpedia_3666,metacritic_14332,0.9246397018432616
dbpedia_41923,metacritic_9443,0.99998676776886
dbpedia_42456,metacritic_20427,0.9999639987945556
dbpedia_62492,metacritic_14301,0.9998751878738404
dbpedia_6739,metacritic_17222,0.9999797344207764
dbpedia_22128,metacritic_19794,0.9996429681777954
dbpedia_44779,metacritic_8410,0.999847173690796
dbpedia_64750,metacritic_13770,0.99931538105011
dbpedia_26358,metacritic_2002,0.999969482421875
dbpedia_6147,metacritic_2234,0.9976414442062378
dbpedia_38193,metacritic_2866,0.9986034035682678
dbpedia_7454,metacritic_17242,0.9992526173591614
dbpedia_1895,metacritic_19200,0.9892771244049072
dbpedia_3949,metacritic_9173,0.998793363571167
dbpedia_49109,metacritic_4995,0.9994741082191468
dbpedia_58285,metacritic_15604,0.999303698539734
dbpedia_4631,metacritic_8286,0.999714195728302
dbpedia_11771,metacritic_19339,0.9914901852607728
dbpedia_56366,metacritic_182,0.9342858791351318
dbpedia_39777,metacritic_9765,0.9988817572593688
dbpedia_13457,metacritic_15424,0.9995505213737488
dbpedia_34715,metacritic_11913,0.9993958473205566
dbpedia_42524,metacritic_4536,0.9996317625045776
dbpedia_27922,metacritic_4715,0.9995989203453064
dbpedia_48054,metacritic_7682,0.9999808073043824
dbpedia_54713,metacritic_5090,0.9999884366989136
dbpedia_7161,metacritic_1663,0.9999946355819702
dbpedia_16148,metacritic_9657,0.9998754262924194
dbpedia_900,metacritic_8239,0.9996241331100464
dbpedia_9587,metacritic_15026,0.9998561143875122
dbpedia_8556,metacritic_1735,0.9992142915725708
dbpedia_33188,metacritic_11841,0.9389914870262146
dbpedia_3487,metacritic_2780,0.9995532631874084
dbpedia_23874,metacritic_12057,0.9991759657859802
dbpedia_37265,metacritic_9400,0.999933123588562
dbpedia_49374,metacritic_11420,0.9995505213737488
dbpedia_6981,metacritic_5826,0.9998052716255188
dbpedia_41639,metacritic_20329,0.9999274015426636
dbpedia_40951,metacritic_14265,0.9995102882385254
dbpedia_6921,metacritic_4432,0.9997469782829284
dbpedia_59059,metacritic_14939,0.9729889631271362
dbpedia_9535,metacritic_3133,0.9996609687805176
dbpedia_53167,metacritic_15889,0.9548585414886476
dbpedia_9063,metacritic_4600,0.9995452761650084
dbpedia_9006,metacritic_12849,0.9997846484184264
dbpedia_56725,metacritic_3413,0.999496579170227
dbpedia_50632,metacritic_205,0.9989652633666992
dbpedia_58092,metacritic_2530,0.9995532631874084
dbpedia_7331,metacritic_8860,0.9999297857284546
dbpedia_40554,metacritic_756,0.9994569420814514
dbpedia_36123,metacritic_3449,0.999588906764984
dbpedia_24875,metacritic_68,0.9994245767593384
dbpedia_56017,metacritic_178,0.9999949932098388
dbpedia_12255,metacritic_13436,0.9998908042907716
dbpedia_20330,metacritic_15998,0.9999850988388062
dbpedia_57388,metacritic_10677,0.9999653100967408
dbpedia_10885,metacritic_8799,0.9998076558113098
dbpedia_33666,metacritic_19772,0.9992470741271972
dbpedia_5449,metacritic_8429,0.9998492002487184
dbpedia_20232,metacritic_8864,0.999896764755249
dbpedia_22487,metacritic_5035,0.9996412992477416
dbpedia_22525,metacritic_14619,0.9998857975006104
dbpedia_32102,metacritic_10549,0.9999916553497314
dbpedia_33750,metacritic_4979,0.9997654557228088
dbpedia_18667,metacritic_3524,0.998928964138031
dbpedia_30003,metacritic_1909,0.9993070363998412
dbpedia_15887,metacritic_9443,0.9999884366989136
dbpedia_10392,metacritic_6612,0.9997654557228088
dbpedia_18506,metacritic_3171,0.999677300453186
dbpedia_27924,metacritic_16130,0.9999504089355468
dbpedia_8358,metacritic_5749,0.999896764755249
dbpedia_5323,metacritic_19023,0.9997772574424744
dbpedia_51136,metacritic_12860,0.999366581439972
dbpedia_17470,metacritic_10551,0.999930500984192
dbpedia_26835,metacritic_3714,0.9996323585510254
dbpedia_11616,metacritic_672,0.9621460437774658
dbpedia_42230,metacritic_5792,0.9996362924575806
dbpedia_8061,metacritic_11141,0.9997571110725404
dbpedia_41712,metacritic_10846,0.9623979330062866
dbpedia_25588,metacritic_16964,0.9940776824951172
dbpedia_53023,metacritic_10721,0.9993958473205566
dbpedia_61402,metacritic_2876,0.9434151649475098
dbpedia_47089,metacritic_5583,0.9994027614593506
dbpedia_33293,metacritic_3474,0.9997485280036926
dbpedia_9437,metacritic_16941,0.9995481371879578
dbpedia_4965,metacritic_19089,0.9875943660736084
dbpedia_25506,metacritic_10627,0.936616063117981
dbpedia_21454,metacritic_3896,0.9995495676994324
dbpedia_47000,metacritic_16829,0.9999369382858276
dbpedia_7253,metacritic_18026,0.9736073613166808
dbpedia_5843,metacritic_11917,0.9999842643737792
dbpedia_28525,metacritic_8449,0.999933123588562
dbpedia_10823,metacritic_6614,0.9630110263824464
dbpedia_5802,metacritic_10013,0.9999626874923706
dbpedia_56397,metacritic_8567,0.9996947050094604
dbpedia_5938,metacritic_4606,0.9997594952583312
dbpedia_54508,metacritic_18265,0.9995452761650084
dbpedia_43349,metacritic_5998,0.9992700219154358
dbpedia_50476,metacritic_6954,0.9997696280479432
dbpedia_21034,metacritic_4260,0.9999850988388062
dbpedia_27297,metacritic_5025,0.9999949932098388
dbpedia_25311,metacritic_1451,0.9998650550842284
dbpedia_2871,metacritic_2799,0.9999949932098388
dbpedia_20196,metacritic_17537,0.9100149869918824
dbpedia_36304,metacritic_27,0.9999047517776488
dbpedia_35845,metacritic_7197,0.9999704360961914
dbpedia_16535,metacritic_12328,0.9998654127120972
dbpedia_46979,metacritic_18478,0.999580442905426
dbpedia_2862,metacritic_9194,0.9994687438011168
dbpedia_43028,metacritic_15086,0.9999666213989258
dbpedia_42264,metacritic_8826,0.9999117851257324
dbpedia_796,metacritic_121,0.9999929666519164
dbpedia_15938,metacritic_6859,0.999806582927704
dbpedia_16800,metacritic_2657,0.9787043333053588
dbpedia_3018,metacritic_18019,0.9997381567955016
dbpedia_49331,metacritic_348,0.9728853702545166
dbpedia_15622,metacritic_6312,0.9997469782829284
dbpedia_12375,metacritic_17168,0.9993752837181092
dbpedia_12940,metacritic_4689,0.9996663331985474
dbpedia_28737,metacritic_1605,0.9997429251670836
dbpedia_44883,metacritic_11628,0.999800145626068
dbpedia_44854,metacritic_14092,0.9986106157302856
dbpedia_26504,metacritic_7234,0.999930500984192
dbpedia_49384,metacritic_15500,0.9995081424713136
dbpedia_56061,metacritic_12110,0.9998587369918824
dbpedia_61630,metacritic_8428,0.9977814555168152
dbpedia_11959,metacritic_8173,0.9996625185012816
dbpedia_64001,metacritic_13769,0.9999504089355468
dbpedia_29104,metacritic_176,0.999842643737793
dbpedia_47908,metacritic_9962,0.9995893836021424
dbpedia_12066,metacritic_9858,0.9998358488082886
dbpedia_18732,metacritic_1441,0.9521531462669371
dbpedia_6229,metacritic_9870,0.9999504089355468
dbpedia_57838,metacritic_10284,0.9915093183517456
dbpedia_27106,metacritic_1275,0.999081254005432
dbpedia_7678,metacritic_5924,0.9997169375419616
dbpedia_49132,metacritic_6332,0.9989211559295654
dbpedia_43577,metacritic_4500,0.9995787739753724
dbpedia_60977,metacritic_16766,0.99970144033432
dbpedia_44299,metacritic_14927,0.9995279312133788
dbpedia_9821,metacritic_11899,0.96655935049057
dbpedia_940,metacritic_7244,0.9998613595962524
dbpedia_5916,metacritic_3099,0.9995532631874084
dbpedia_21555,metacritic_17242,0.9992526173591614
dbpedia_37858,metacritic_12217,0.9642007350921632
dbpedia_37925,metacritic_18202,0.9993625283241272
dbpedia_43500,metacritic_13202,0.9411929249763488
dbpedia_9856,metacritic_7081,0.998868763446808
dbpedia_12947,metacritic_10693,0.9998252987861632
dbpedia_46338,metacritic_19817,0.999578297138214
dbpedia_36820,metacritic_13674,0.9999850988388062
dbpedia_4584,metacritic_18948,0.9998699426651
dbpedia_32951,metacritic_11344,0.9999721050262452
dbpedia_61563,metacritic_8895,0.9968172311782836
dbpedia_47813,metacritic_8305,0.9990636706352234
dbpedia_27883,metacritic_9475,0.999868869781494
dbpedia_6461,metacritic_15120,0.9992470741271972
dbpedia_56914,metacritic_734,0.9992402791976928
dbpedia_11616,metacritic_755,0.9621460437774658
dbpedia_8165,metacritic_11761,0.9999659061431884
dbpedia_54644,metacritic_11913,0.9992700219154358
dbpedia_48823,metacritic_16217,0.999637484550476
dbpedia_52664,metacritic_6224,0.9998500347137452
dbpedia_33874,metacritic_11787,0.9997231364250184
dbpedia_15536,metacritic_2089,0.9989364743232728
dbpedia_64961,metacritic_8987,0.9996196031570436
dbpedia_11710,metacritic_2750,0.9999243021011353
dbpedia_1665,metacritic_133,0.9999749660491944
dbpedia_22785,metacritic_51,0.9993847608566284
dbpedia_23098,metacritic_16068,0.9996625185012816
dbpedia_52203,metacritic_14565,0.9993858337402344
dbpedia_13796,metacritic_15057,0.9994176626205444
dbpedia_18832,metacritic_8423,0.9994058609008788
dbpedia_49383,metacritic_1186,0.9993941783905028
dbpedia_52123,metacritic_4486,0.9994058609008788
dbpedia_56071,metacritic_10944,0.9996471405029296
dbpedia_38457,metacritic_4786,0.999122679233551
dbpedia_29001,metacritic_418,0.9650282263755798
dbpedia_3097,metacritic_9906,0.9996340274810792
dbpedia_20575,metacritic_1147,0.9998058676719666
dbpedia_57167,metacritic_19916,0.9870792627334596
dbpedia_47721,metacritic_11762,0.9434151649475098
dbpedia_44254,metacritic_10692,0.961017906665802
dbpedia_59434,metacritic_4357,0.9996685981750488
dbpedia_61571,metacritic_1838,0.9994062185287476
dbpedia_38786,metacritic_9443,0.9999877214431764
dbpedia_9329,metacritic_782,0.9988478422164916
dbpedia_27237,metacritic_13432,0.9657565951347352
dbpedia_40717,metacritic_19729,0.9326210021972656
dbpedia_53227,metacritic_144,0.999771773815155
dbpedia_5692,metacritic_19701,0.9998362064361572
dbpedia_1880,metacritic_8197,0.9999885559082032
dbpedia_7998,metacritic_8114,0.9999243021011353
dbpedia_4985,metacritic_8696,0.9997469782829284
dbpedia_55364,metacritic_6542,0.9999853372573853
dbpedia_17045,metacritic_13740,0.9051287174224854
dbpedia_6337,metacritic_20442,0.9999639987945556
dbpedia_39203,metacritic_5350,0.9992850422859192
dbpedia_5502,metacritic_17023,0.99998676776886
dbpedia_25554,metacritic_2566,0.9997950196266174
dbpedia_59481,metacritic_11805,0.9999704360961914
dbpedia_13318,metacritic_12183,0.991954505443573
dbpedia_19911,metacritic_2060,0.9998900890350342
dbpedia_52321,metacritic_11039,0.9834129810333252
dbpedia_18269,metacritic_6088,0.9995532631874084
dbpedia_7148,metacritic_18492,0.999795377254486
dbpedia_33686,metacritic_8624,0.9945868253707886
dbpedia_51144,metacritic_18746,0.9994569420814514
dbpedia_47662,metacritic_10520,0.9998168349266052
dbpedia_24255,metacritic_2650,0.9998358488082886
dbpedia_16460,metacritic_8239,0.999816358089447
dbpedia_58575,metacritic_19897,0.9160912036895752
dbpedia_31753,metacritic_1940,0.9998536109924316
dbpedia_45362,metacritic_16164,0.9998972415924072
dbpedia_6449,metacritic_7235,0.9821641445159912
dbpedia_11982,metacritic_11526,0.9998717308044434
dbpedia_61094,metacritic_666,0.999985694885254
dbpedia_40209,metacritic_18577,0.9952499866485596
dbpedia_46261,metacritic_10806,0.9985902905464172
dbpedia_23526,metacritic_20461,0.999714195728302
dbpedia_3522,metacritic_277,0.9998902082443236
dbpedia_46464,metacritic_3728,0.999122679233551
dbpedia_1198,metacritic_5792,0.9994930028915404
dbpedia_46255,metacritic_292,0.9999916553497314
dbpedia_45790,metacritic_19577,0.9998859167099
dbpedia_35254,metacritic_2094,0.9998692274093628
dbpedia_8713,metacritic_2912,0.9999054670333862
dbpedia_52056,metacritic_9171,0.9997618794441224
dbpedia_21026,metacritic_2323,0.9999433755874634
dbpedia_7238,metacritic_6045,0.999366581439972
dbpedia_2560,metacritic_2649,0.9510114789009094
dbpedia_21569,metacritic_19376,0.99955016374588
dbpedia_41362,metacritic_17506,0.9992700219154358
dbpedia_28128,metacritic_3244,0.9896426796913148
dbpedia_49851,metacritic_684,0.938762068748474
dbpedia_45160,metacritic_8208,0.999714195728302
dbpedia_30763,metacritic_408,0.9768211841583252
dbpedia_33161,metacritic_2388,0.9997950196266174
dbpedia_37629,metacritic_15006,0.9998316764831544
dbpedia_27391,metacritic_9758,0.999520182609558
dbpedia_60024,metacritic_4232,0.9959426522254944
dbpedia_28645,metacritic_6165,0.999842643737793
dbpedia_62469,metacritic_1281,0.999929428100586
dbpedia_277,metacritic_4639,0.9985607266426086
dbpedia_63625,metacritic_13759,0.99769788980484
dbpedia_41118,metacritic_13220,0.9997534155845642
dbpedia_27719,metacritic_3213,0.9998303651809692
dbpedia_26708,metacritic_19245,0.9909763932228088
dbpedia_10400,metacritic_44,0.9942551255226136
dbpedia_27346,metacritic_12353,0.9997265934944152
dbpedia_57069,metacritic_13826,0.9994864463806152
dbpedia_4046,metacritic_17879,0.9999743700027466
dbpedia_805,metacritic_8239,0.9996241331100464
dbpedia_7561,metacritic_15245,0.9999743700027466
dbpedia_4171,metacritic_20407,0.999366581439972
dbpedia_30891,metacritic_1854,0.9996460676193236
dbpedia_51641,metacritic_6309,0.9996317625045776
dbpedia_52575,metacritic_6409,0.999549925327301
dbpedia_41809,metacritic_2351,0.9999104738235474
dbpedia_62675,metacritic_10419,0.9995481371879578
dbpedia_52541,metacritic_15075,0.9986978769302368
dbpedia_20623,metacritic_4018,0.9992938041687012
dbpedia_8712,metacritic_2588,0.9995452761650084
dbpedia_57671,metacritic_2669,0.9995369911193848
dbpedia_26637,metacritic_10744,0.999687433242798
dbpedia_55259,metacritic_256,0.9999758005142212
dbpedia_7742,metacritic_19855,0.999366581439972
dbpedia_62939,metacritic_4466,0.999767243862152
dbpedia_49296,metacritic_4015,0.9958464503288268
dbpedia_39515,metacritic_3480,0.9996097683906556
dbpedia_26120,metacritic_16680,0.999714195728302
dbpedia_4882,metacritic_7949,0.989605188369751
dbpedia_40469,metacritic_1203,0.9998443126678468
dbpedia_8571,metacritic_68,0.9994986057281494
dbpedia_3196,metacritic_10174,0.9995883107185364
dbpedia_13448,metacritic_7294,0.9987416863441468
dbpedia_50189,metacritic_9986,0.9985754489898682
dbpedia_23069,metacritic_3416,0.9662567377090454
dbpedia_58143,metacritic_1131,0.9995550513267516
dbpedia_33667,metacritic_667,0.9995185136795044
dbpedia_58429,metacritic_3383,0.9998927116394044
dbpedia_7545,metacritic_12789,0.9999133348464966
dbpedia_25389,metacritic_19204,0.9999488592147828
dbpedia_28784,metacritic_3413,0.999496579170227
dbpedia_33769,metacritic_10389,0.9671763777732848
dbpedia_38765,metacritic_18324,0.9377540946006776
dbpedia_4711,metacritic_666,0.9999847412109376
dbpedia_720,metacritic_7836,0.9996839761734008
dbpedia_123,metacritic_4737,0.9996947050094604
dbpedia_57866,metacritic_17544,0.9996558427810668
dbpedia_53406,metacritic_14849,0.9999433755874634
dbpedia_36587,metacritic_13424,0.9996908903121948
dbpedia_63414,metacritic_15233,0.9999749660491944
dbpedia_23982,metacritic_10673,0.9996060729026794
dbpedia_22743,metacritic_7001,0.9999440908432008
dbpedia_47054,metacritic_1811,0.9986978769302368
dbpedia_68,metacritic_19116,0.9999628067016602
dbpedia_29696,metacritic_11729,0.999728262424469
dbpedia_41002,metacritic_10315,0.9999504089355468
dbpedia_8679,metacritic_3618,0.9961997866630554
dbpedia_19626,metacritic_18932,0.9910724759101868
dbpedia_41177,metacritic_4785,0.9992783665657043
dbpedia_15166,metacritic_19381,0.9992830157279968
dbpedia_60228,metacritic_4447,0.9997275471687316
dbpedia_30058,metacritic_13486,0.9996542930603028
dbpedia_20992,metacritic_6206,0.999515414237976
dbpedia_5418,metacritic_2571,0.9996975660324096
dbpedia_48219,metacritic_4206,0.9997654557228088
dbpedia_49995,metacritic_18153,0.9994367957115172
dbpedia_44727,metacritic_20004,0.99968159198761
dbpedia_26633,metacritic_2750,0.9999066591262816
dbpedia_21204,metacritic_4715,0.9995989203453064
dbpedia_10546,metacritic_17832,0.9998946189880372
dbpedia_58912,metacritic_6717,0.9994602799415588
dbpedia_55138,metacritic_20047,0.9998434782028198
dbpedia_53343,metacritic_16763,0.9997265934944152
dbpedia_14339,metacritic_11279,0.9999440908432008
dbpedia_59065,metacritic_18955,0.9988572597503662
dbpedia_4292,metacritic_692,0.9998650550842284
dbpedia_18695,metacritic_4252,0.999783456325531
dbpedia_24433,metacritic_4006,0.998837411403656
dbpedia_54919,metacritic_17545,0.99964702129364
dbpedia_38488,metacritic_4350,0.9998358488082886
dbpedia_17949,metacritic_7887,0.9998500347137452
dbpedia_24946,metacritic_6228,0.9999047517776488
dbpedia_9688,metacritic_2415,0.9996458292007446
dbpedia_6730,metacritic_9078,0.9998290538787842
dbpedia_53618,metacritic_12562,0.9994864463806152
dbpedia_43150,metacritic_8608,0.9999282360076904
dbpedia_12812,metacritic_17466,0.9434151649475098
dbpedia_44234,metacritic_7649,0.9995532631874084
dbpedia_40544,metacritic_12252,0.9999433755874634
dbpedia_10576,metacritic_5581,0.9999936819076538
dbpedia_18563,metacritic_15167,0.9993140697479248
dbpedia_13798,metacritic_11552,0.996947944164276
dbpedia_13887,metacritic_4735,0.9986034035682678
dbpedia_11007,metacritic_14492,0.999956488609314
dbpedia_40580,metacritic_12774,0.9993752837181092
dbpedia_18218,metacritic_20493,0.9949016571044922
dbpedia_49601,metacritic_152,0.9521531462669371
dbpedia_11403,metacritic_2264,0.9996362924575806
dbpedia_20607,metacritic_11265,0.9994840621948242
dbpedia_42857,metacritic_4792,0.9994058609008788
dbpedia_40807,metacritic_15127,0.9995774626731871
dbpedia_32344,metacritic_6570,0.9897887110710144
dbpedia_46662,metacritic_17675,0.9999743700027466
dbpedia_15112,metacritic_15868,0.999927282333374
dbpedia_14946,metacritic_18302,0.9999420642852784
dbpedia_18555,metacritic_5316,0.999842643737793
dbpedia_10084,metacritic_5816,0.9870674014091492
dbpedia_62535,metacritic_1481,0.999842643737793
dbpedia_12624,metacritic_8686,0.9999942779541016
dbpedia_17142,metacritic_6949,0.9992745518684388
dbpedia_55995,metacritic_6045,0.999366581439972
dbpedia_47623,metacritic_18382,0.9998908042907716
dbpedia_33469,metacritic_4546,0.9729466438293456
dbpedia_20009,metacritic_1605,0.9997759461402892
dbpedia_18091,metacritic_6024,0.9998477697372437
dbpedia_23670,metacritic_2105,0.9999117851257324
dbpedia_33776,metacritic_13950,0.9724707007408142
dbpedia_28983,metacritic_8147,0.9976050853729248
dbpedia_5636,metacritic_7745,0.9999822378158568
dbpedia_29702,metacritic_14438,0.9998500347137452
dbpedia_40892,metacritic_5085,0.9999243021011353
dbpedia_9987,metacritic_2906,0.9999489784240724
dbpedia_52400,metacritic_19881,0.9210991263389589
dbpedia_38858,metacritic_7985,0.9999916553497314
dbpedia_260,metacritic_2113,0.999933123588562
dbpedia_34220,metacritic_2052,0.999771773815155
dbpedia_23400,metacritic_5583,0.998778760433197
dbpedia_56595,metacritic_13557,0.9998382329940796
dbpedia_981,metacritic_5379,0.9997469782829284
dbpedia_6336,metacritic_8353,0.999948024749756
dbpedia_26604,metacritic_1648,0.999821126461029
dbpedia_17355,metacritic_3133,0.9997307658195496
dbpedia_46224,metacritic_11137,0.9998231530189514
dbpedia_21742,metacritic_2314,0.9998902082443236
dbpedia_10483,metacritic_9699,0.9529455304145812
dbpedia_61069,metacritic_10551,0.9998983144760132
dbpedia_30693,metacritic_7257,0.9756069183349608
dbpedia_46521,metacritic_9765,0.9988817572593688
dbpedia_51350,metacritic_8864,0.9998427629470824
dbpedia_6388,metacritic_12015,0.9998810291290284
dbpedia_25268,metacritic_1250,0.9998058676719666
dbpedia_18094,metacritic_10187,0.98165363073349
dbpedia_8493,metacritic_1147,0.9997499585151672
dbpedia_35658,metacritic_15643,0.9993808269500732
dbpedia_41790,metacritic_2145,0.9986978769302368
dbpedia_55983,metacritic_10983,0.9998699426651
dbpedia_803,metacritic_2576,0.9999788999557496
dbpedia_246,metacritic_3104,0.9997934699058532
dbpedia_45912,metacritic_5464,0.9996733665466307
dbpedia_1238,metacritic_9341,0.9999626874923706
dbpedia_20807,metacritic_10519,0.9999161958694458
dbpedia_15094,metacritic_301,0.999771773815155
dbpedia_50346,metacritic_19982,0.9998500347137452
dbpedia_40042,metacritic_13583,0.9999849796295166
dbpedia_35819,metacritic_17311,0.9686989188194276
dbpedia_22585,metacritic_18351,0.9975246787071228
dbpedia_24146,metacritic_1704,0.999637484550476
dbpedia_57999,metacritic_529,0.9996747970581056
dbpedia_33297,metacritic_19518,0.9996438026428224
dbpedia_34452,metacritic_9615,0.9770618081092834
dbpedia_33713,metacritic_3554,0.9998618364334106
dbpedia_10361,metacritic_4029,0.999885082244873
dbpedia_800,metacritic_15272,0.9998231530189514
dbpedia_23802,metacritic_16314,0.9997723698616028
dbpedia_10463,metacritic_413,0.9726111888885498
dbpedia_669,metacritic_1124,0.9999243021011353
dbpedia_62719,metacritic_9714,0.9999366998672484
dbpedia_56839,metacritic_480,0.9995582699775696
dbpedia_5600,metacritic_18917,0.9998036026954652
dbpedia_58965,metacritic_14787,0.9994569420814514
dbpedia_1557,metacritic_16846,0.9997642636299132
dbpedia_11913,metacritic_3676,0.9998875856399536
dbpedia_11478,metacritic_2201,0.9998587369918824
dbpedia_58601,metacritic_11024,0.9997790455818176
dbpedia_8837,metacritic_18960,0.9884458780288696
dbpedia_6076,metacritic_12014,0.9999504089355468
dbpedia_8619,metacritic_3002,0.9998300075531006
dbpedia_15349,metacritic_14830,0.9999029636383056
dbpedia_28512,metacritic_6380,0.9767217636108398
dbpedia_40499,metacritic_12331,0.9952582716941832
dbpedia_43744,metacritic_19575,0.9999387264251708
dbpedia_869,metacritic_3007,0.9642007350921632
dbpedia_10728,metacritic_2122,0.9910067915916444
dbpedia_58177,metacritic_18931,0.999767243862152
dbpedia_42093,metacritic_10549,0.9999910593032836
dbpedia_49222,metacritic_10115,0.9998369216918944
dbpedia_25922,metacritic_20010,0.9999099969863892
dbpedia_58457,metacritic_6033,0.9999243021011353
dbpedia_60354,metacritic_17027,0.999853014945984
dbpedia_21257,metacritic_3737,0.9867031574249268
dbpedia_37487,metacritic_13589,0.9710209369659424
dbpedia_37812,metacritic_11985,0.9770359396934508
dbpedia_49140,metacritic_16131,0.999714195728302
dbpedia_41540,metacritic_17348,0.9994751811027528
dbpedia_3101,metacritic_16748,0.9984939098358154
dbpedia_22618,metacritic_11868,0.9999902248382568
dbpedia_5073,metacritic_9820,0.9999244213104248
dbpedia_37941,metacritic_455,0.961017906665802
dbpedia_12175,metacritic_6933,0.9997696280479432
dbpedia_119,metacritic_3159,0.9978464841842652
dbpedia_8871,metacritic_15412,0.9959248304367064
dbpedia_16166,metacritic_16018,0.9999709129333496
dbpedia_58511,metacritic_170,0.999767243862152
dbpedia_59085,metacritic_18776,0.9283342361450196
dbpedia_18887,metacritic_17798,0.9999743700027466
dbpedia_6023,metacritic_19641,0.9993740916252136
dbpedia_57067,metacritic_17212,0.9998809099197388
dbpedia_21289,metacritic_2708,0.9990591406822203
dbpedia_49688,metacritic_4291,0.999754011631012
dbpedia_21073,metacritic_3340,0.9997169375419616
dbpedia_33501,metacritic_2091,0.9978464841842652
dbpedia_48724,metacritic_279,0.9998500347137452
dbpedia_5930,metacritic_10284,0.951433002948761
dbpedia_17813,metacritic_19910,0.9999842643737792
dbpedia_46886,metacritic_19898,0.9999668598175048
dbpedia_41939,metacritic_8183,0.999643325805664
dbpedia_61275,metacritic_13088,0.9999030828475952
dbpedia_8219,metacritic_4467,0.9856675863265992
dbpedia_55019,metacritic_15615,0.9995540976524352
dbpedia_44934,metacritic_2250,0.9796320796012878
dbpedia_20625,metacritic_2037,0.9756622910499572
dbpedia_44351,metacritic_20478,0.999842643737793
dbpedia_50107,metacritic_233,0.9998310804367064
dbpedia_44264,metacritic_14729,0.9998595714569092
dbpedia_24115,metacritic_18157,0.9877219796180724
dbpedia_32797,metacritic_18927,0.9999879598617554
dbpedia_54706,metacritic_6869,0.9998034834861756
dbpedia_6634,metacritic_5317,0.9900098443031312
dbpedia_35610,metacritic_6113,0.9998231530189514
dbpedia_412,metacritic_19031,0.9940789937973022
dbpedia_34054,metacritic_20357,0.9997381567955016
dbpedia_40299,metacritic_18836,0.9999326467514038
dbpedia_31984,metacritic_4620,0.9998875856399536
dbpedia_1142,metacritic_205,0.9989652633666992
dbpedia_25755,metacritic_17737,0.9704928398132324
dbpedia_17566,metacritic_12636,0.9920668601989746
dbpedia_31719,metacritic_2559,0.9994602799415588
dbpedia_9797,metacritic_2742,0.9998750686645508
dbpedia_30616,metacritic_2649,0.9799556136131288
dbpedia_58299,metacritic_13986,0.99968159198761
dbpedia_27769,metacritic_4304,0.9998875856399536
dbpedia_48692,metacritic_7631,0.9998390674591064
dbpedia_10110,metacritic_791,0.9999788999557496
dbpedia_17693,metacritic_10661,0.9996362924575806
dbpedia_2397,metacritic_9982,0.9989787340164183
dbpedia_33630,metacritic_6404,0.9998231530189514
dbpedia_18735,metacritic_2421,0.9999243021011353
dbpedia_52616,metacritic_13608,0.9710209369659424
dbpedia_59059,metacritic_13494,0.9729889631271362
dbpedia_50468,metacritic_1518,0.9998500347137452
dbpedia_42840,metacritic_14881,0.9999297857284546
dbpedia_46703,metacritic_8239,0.9996241331100464
dbpedia_53284,metacritic_9172,0.9998941421508788
dbpedia_41053,metacritic_18957,0.999896764755249
dbpedia_18440,metacritic_18643,0.9999840259552002
dbpedia_53330,metacritic_8305,0.998868763446808
dbpedia_60696,metacritic_11639,0.992388904094696
dbpedia_52276,metacritic_11742,0.9994268417358398
dbpedia_13548,metacritic_19376,0.9997560381889344
dbpedia_50203,metacritic_18730,0.9584421515464784
dbpedia_12921,metacritic_3756,0.999256670475006
dbpedia_16484,metacritic_2571,0.9995717406272888
dbpedia_10171,metacritic_8112,0.9999047517776488
dbpedia_7441,metacritic_9177,0.999754011631012
dbpedia_48553,metacritic_15644,0.9997485280036926
dbpedia_37937,metacritic_1420,0.9999958276748656
dbpedia_8607,metacritic_1759,0.9735985398292542
dbpedia_1322,metacritic_2055,0.999842643737793
dbpedia_24094,metacritic_17296,0.9996625185012816
dbpedia_11443,metacritic_8173,0.9997522234916688
dbpedia_48044,metacritic_7239,0.9999433755874634
dbpedia_21295,metacritic_5899,0.9998445510864258
dbpedia_16438,metacritic_13557,0.9998277425765992
dbpedia_18508,metacritic_8091,0.9994045495986938
dbpedia_3124,metacritic_363,0.999911904335022
dbpedia_7940,metacritic_20491,0.9911065697669984
dbpedia_53270,metacritic_4860,0.989605188369751
dbpedia_13257,metacritic_4979,0.9997654557228088
dbpedia_40609,metacritic_4327,0.9996156692504884
dbpedia_6733,metacritic_10055,0.9573209285736084
dbpedia_3817,metacritic_9685,0.9801236987113952
dbpedia_32508,metacritic_5874,0.9995502829551696
dbpedia_22049,metacritic_5324,0.9999902248382568
dbpedia_43562,metacritic_9915,0.999767243862152
dbpedia_41810,metacritic_9586,0.999771773815155
dbpedia_17852,metacritic_2388,0.9997988343238832
dbpedia_60748,metacritic_359,0.9999958276748656
dbpedia_32107,metacritic_7859,0.9996625185012816
dbpedia_63685,metacritic_8035,0.9999508857727052
dbpedia_56764,metacritic_201,0.9999161958694458
dbpedia_55630,metacritic_13237,0.993311643600464
dbpedia_6098,metacritic_7004,0.9985461235046388
dbpedia_3028,metacritic_20445,0.995711088180542
dbpedia_52827,metacritic_20465,0.999496579170227
dbpedia_36676,metacritic_3873,0.9996511936187744
dbpedia_47187,metacritic_2752,0.9999401569366456
dbpedia_3772,metacritic_13072,0.999968647956848
dbpedia_8310,metacritic_14434,0.9995821118354796
dbpedia_13897,metacritic_15051,0.9999047517776488
dbpedia_8590,metacritic_11805,0.9999969005584716
dbpedia_8188,metacritic_14290,0.999578297138214
dbpedia_17116,metacritic_17860,0.9998595714569092
dbpedia_20863,metacritic_1452,0.9999940395355223
dbpedia_5197,metacritic_1042,0.9998902082443236
dbpedia_7174,metacritic_17074,0.999714195728302
dbpedia_2200,metacritic_3792,0.9998231530189514
dbpedia_39750,metacritic_18798,0.9996060729026794
dbpedia_61988,metacritic_4975,0.9999701976776124
dbpedia_39895,metacritic_794,0.9996989965438844
dbpedia_64678,metacritic_14273,0.966547667980194
dbpedia_60684,metacritic_15273,0.9998711347579956
dbpedia_60295,metacritic_13753,0.9767375588417052
dbpedia_41548,metacritic_5468,0.9999954700469972
dbpedia_13951,metacritic_13102,0.9758080244064332
dbpedia_19901,metacritic_6614,0.9825356006622314
dbpedia_38152,metacritic_3661,0.9999639987945556
dbpedia_60296,metacritic_4062,0.9985003471374512
dbpedia_832,metacritic_505,0.9999266862869264
dbpedia_48080,metacritic_4836,0.9943510293960572
dbpedia_59197,metacritic_12504,0.9478803277015686
dbpedia_2924,metacritic_944,0.99092698097229
dbpedia_6583,metacritic_14370,0.9996975660324096
dbpedia_33262,metacritic_4003,0.9696605205535888
dbpedia_23469,metacritic_711,0.999767243862152
dbpedia_18523,metacritic_10556,0.931971549987793
dbpedia_47449,metacritic_18026,0.9878098964691162
dbpedia_61894,metacritic_3760,0.9998369216918944
dbpedia_24099,metacritic_2830,0.9999639987945556
dbpedia_45531,metacritic_10453,0.999975085258484
dbpedia_40721,metacritic_6805,0.9999408721923828
dbpedia_61313,metacritic_12627,0.999767243862152
dbpedia_14302,metacritic_12081,0.998524010181427
dbpedia_29589,metacritic_4834,0.999649167060852
dbpedia_13940,metacritic_2750,0.9997205138206482
dbpedia_4574,metacritic_3160,0.9997572302818298
dbpedia_13284,metacritic_5162,0.9796320796012878
dbpedia_37178,metacritic_5659,0.9793160557746888
dbpedia_58215,metacritic_9899,0.9541101455688475
dbpedia_13737,metacritic_6695,0.998889982700348
dbpedia_3174,metacritic_11135,0.9999183416366576
dbpedia_33603,metacritic_6852,0.9999643564224244
dbpedia_43384,metacritic_6001,0.9997654557228088
dbpedia_26462,metacritic_14990,0.999303698539734
dbpedia_10722,metacritic_99,0.9995514750480652
dbpedia_39556,metacritic_7884,0.9954462051391602
dbpedia_30300,metacritic_18724,0.9999054670333862
dbpedia_18778,metacritic_15790,0.99793541431427
dbpedia_14929,metacritic_17354,0.995242476463318
dbpedia_6371,metacritic_10576,0.9993706345558168
dbpedia_21885,metacritic_594,0.9935245513916016
dbpedia_44275,metacritic_4498,0.9994181394577026
dbpedia_30168,metacritic_3793,0.9999243021011353
dbpedia_40482,metacritic_10498,0.99955552816391
dbpedia_34263,metacritic_13119,0.9980689883232116
dbpedia_1840,metacritic_13127,0.9993354678153992
dbpedia_46226,metacritic_13390,0.9995216131210328
dbpedia_63727,metacritic_4232,0.9784975051879884
dbpedia_34515,metacritic_6536,0.9999161958694458
dbpedia_1317,metacritic_7781,0.9770359396934508
dbpedia_38051,metacritic_6965,0.9998908042907716
dbpedia_133,metacritic_6567,0.9990522265434264
dbpedia_15146,metacritic_5937,0.9280303120613098
dbpedia_62767,metacritic_3438,0.999768316745758
dbpedia_41813,metacritic_10273,0.99897038936615
dbpedia_36757,metacritic_1940,0.999700665473938
dbpedia_32670,metacritic_3652,0.9990522265434264
dbpedia_49890,metacritic_13032,0.9999880790710448
dbpedia_7236,metacritic_860,0.9999243021011353
dbpedia_748,metacritic_17009,0.9969853758811952
dbpedia_11019,metacritic_16682,0.9999958276748656
dbpedia_39249,metacritic_8641,0.9071635007858276
dbpedia_36876,metacritic_15351,0.9996258020401
dbpedia_30029,metacritic_3133,0.999549925327301
dbpedia_55247,metacritic_3251,0.999842643737793
dbpedia_61024,metacritic_16549,0.999381422996521
dbpedia_39246,metacritic_1140,0.9980902075767516
dbpedia_13693,metacritic_20154,0.9748461842536926
dbpedia_32883,metacritic_9883,0.9999047517776488
dbpedia_54684,metacritic_8421,0.9998434782028198
dbpedia_36874,metacritic_6600,0.999975085258484
dbpedia_22647,metacritic_5490,0.988852083683014
dbpedia_1087,metacritic_2742,0.9998979568481444
dbpedia_148,metacritic_11259,0.999842643737793
dbpedia_64160,metacritic_17825,0.9999830722808838
dbpedia_19216,metacritic_1780,0.9984322190284728
dbpedia_61374,metacritic_13395,0.9998358488082886
dbpedia_2105,metacritic_15718,0.9996625185012816
dbpedia_61338,metacritic_6295,0.954198718070984
dbpedia_12072,metacritic_19486,0.9998875856399536
dbpedia_931,metacritic_16378,0.9996625185012816
dbpedia_58602,metacritic_13689,0.9999047517776488
dbpedia_39399,metacritic_18916,0.9998711347579956
dbpedia_26085,metacritic_4507,0.9995797276496888
dbpedia_21727,metacritic_556,0.9721689820289612
dbpedia_33921,metacritic_9860,0.9873151779174804
dbpedia_2071,metacritic_15245,0.9999825954437256
dbpedia_41642,metacritic_8716,0.999842643737793
dbpedia_54396,metacritic_14025,0.9992865920066832
dbpedia_7197,metacritic_13012,0.9903342127799988
dbpedia_12765,metacritic_7985,0.9999830722808838
dbpedia_8126,metacritic_19499,0.9999442100524902
dbpedia_20343,metacritic_15315,0.9597356915473938
dbpedia_31317,metacritic_1415,0.999842643737793
dbpedia_25424,metacritic_16783,0.9999951124191284
dbpedia_73,metacritic_15366,0.9305751323699952
dbpedia_37445,metacritic_8208,0.9998277425765992
dbpedia_6231,metacritic_13090,0.9997870326042176
dbpedia_13288,metacritic_1665,0.9999243021011353
dbpedia_53634,metacritic_7805,0.999767243862152
dbpedia_57159,metacritic_11660,0.9971478581428528
dbpedia_24303,metacritic_17499,0.997289776802063
dbpedia_50217,metacritic_17690,0.999393105506897
dbpedia_61004,metacritic_6874,0.9642007350921632
dbpedia_2931,metacritic_4649,0.9999902248382568
dbpedia_29495,metacritic_10806,0.9259852766990662
dbpedia_3173,metacritic_16700,0.999874711036682
dbpedia_17899,metacritic_14273,0.966547667980194
dbpedia_41228,metacritic_5728,0.9996975660324096
dbpedia_772,metacritic_19873,0.9767217636108398
dbpedia_6503,metacritic_19480,0.999071717262268
dbpedia_6257,metacritic_7096,0.9995385408401488
dbpedia_327,metacritic_142,0.9511498212814332
dbpedia_13406,metacritic_1607,0.9999243021011353
dbpedia_9018,metacritic_19484,0.9999897480010986
dbpedia_37620,metacritic_12849,0.9998762607574464
dbpedia_15489,metacritic_20416,0.9997673630714417
dbpedia_63604,metacritic_4907,0.999767243862152
dbpedia_4021,metacritic_18472,0.9935245513916016
dbpedia_41734,metacritic_18019,0.9998518228530884
dbpedia_23042,metacritic_3278,0.9998443126678468
dbpedia_41291,metacritic_4265,0.9998034834861756
dbpedia_36648,metacritic_11334,0.920468807220459
dbpedia_37849,metacritic_16738,0.9999243021011353
dbpedia_3363,metacritic_2229,0.999767243862152
dbpedia_4351,metacritic_589,0.995711088180542
dbpedia_61133,metacritic_6316,0.9996421337127686
dbpedia_62867,metacritic_10626,0.9999639987945556
dbpedia_13793,metacritic_17367,0.9995869994163512
dbpedia_12246,metacritic_16208,0.9999164342880248
dbpedia_24974,metacritic_355,0.9735695123672484
dbpedia_39859,metacritic_1986,0.9998494386672974
dbpedia_33330,metacritic_8097,0.9998809099197388
dbpedia_34436,metacritic_3580,0.9998518228530884
dbpedia_23415,metacritic_5676,0.999842643737793
dbpedia_33859,metacritic_16164,0.999871015548706
dbpedia_60302,metacritic_3253,0.9998875856399536
dbpedia_54859,metacritic_19231,0.9976949095726012
dbpedia_1899,metacritic_15210,0.995670199394226
dbpedia_53278,metacritic_4183,0.999714195728302
dbpedia_32277,metacritic_14754,0.9996474981307985
dbpedia_23507,metacritic_4069,0.9996347427368164
dbpedia_8059,metacritic_12109,0.9998809099197388
dbpedia_2675,metacritic_7700,0.9999297857284546
dbpedia_50672,metacritic_13397,0.9983415603637696
dbpedia_60252,metacritic_10944,0.9995736479759216
dbpedia_7363,metacritic_8753,0.9999639987945556
dbpedia_59059,metacritic_11758,0.9729889631271362
dbpedia_3228,metacritic_11724,0.9999877214431764
dbpedia_56123,metacritic_16923,0.9999600648880004
dbpedia_60295,metacritic_11762,0.9767375588417052
dbpedia_30739,metacritic_10806,0.9259852766990662
dbpedia_36745,metacritic_8497,0.9999054670333862
dbpedia_43382,metacritic_854,0.9998927116394044
dbpedia_38150,metacritic_3732,0.9998034834861756
dbpedia_2443,metacritic_2076,0.993372917175293
dbpedia_60690,metacritic_666,0.9999847412109376
dbpedia_29961,metacritic_7188,0.9998595714569092
dbpedia_4790,metacritic_1285,0.991705060005188
dbpedia_14815,metacritic_15889,0.9834601283073424
dbpedia_29000,metacritic_3024,0.9997618794441224
dbpedia_5327,metacritic_1637,0.9747280478477478
dbpedia_61808,metacritic_11313,0.999666690826416
dbpedia_5503,metacritic_17804,0.9979448914527892
dbpedia_696,metacritic_17975,0.999767243862152
dbpedia_57126,metacritic_5146,0.9998859167099
dbpedia_43544,metacritic_11565,0.9731646180152892
dbpedia_4325,metacritic_4172,0.9998323917388916
dbpedia_15740,metacritic_2006,0.9986622333526612
dbpedia_26404,metacritic_20257,0.9954456090927124
dbpedia_28570,metacritic_20329,0.9999104738235474
dbpedia_849,metacritic_273,0.995711088180542
dbpedia_864,metacritic_2049,0.9996839761734008
dbpedia_34102,metacritic_18793,0.9998389482498168
dbpedia_31043,metacritic_12819,0.9995550513267516
dbpedia_3252,metacritic_17781,0.9986472725868224
dbpedia_9109,metacritic_10944,0.9995736479759216
dbpedia_15512,metacritic_2911,0.9999047517776488
dbpedia_60337,metacritic_18835,0.9975194334983826
dbpedia_30326,metacritic_14217,0.905902862548828
dbpedia_41737,metacritic_19278,0.9978464841842652
dbpedia_39741,metacritic_19645,0.9955780506134032
dbpedia_1146,metacritic_10174,0.9991580247879028
dbpedia_40013,metacritic_5661,0.9999822378158568
dbpedia_59640,metacritic_6636,0.9995550513267516
dbpedia_54477,metacritic_19472,0.9990235567092896
dbpedia_28702,metacritic_3699,0.9935245513916016
dbpedia_16846,metacritic_10070,0.9982168078422546
dbpedia_35472,metacritic_4414,0.9999054670333862
dbpedia_25446,metacritic_10165,0.9995012283325196
dbpedia_60479,metacritic_14453,0.9945812821388244
dbpedia_13,metacritic_6593,0.9998500347137452
dbpedia_20458,metacritic_14688,0.9994004964828492
dbpedia_44739,metacritic_15775,0.9998809099197388
dbpedia_61467,metacritic_3206,0.9998369216918944
dbpedia_15870,metacritic_16417,0.9986351132392884
dbpedia_1261,metacritic_1694,0.999705135822296
dbpedia_36412,metacritic_13373,0.9998595714569092
dbpedia_46661,metacritic_10806,0.9259852766990662
dbpedia_10453,metacritic_2228,0.9999243021011353
dbpedia_20729,metacritic_1043,0.9894918203353882
dbpedia_25314,metacritic_9282,0.999809205532074
dbpedia_31191,metacritic_1495,0.9998948574066162
dbpedia_22909,metacritic_2912,0.9896426796913148
dbpedia_10230,metacritic_16697,0.9529455304145812
dbpedia_63019,metacritic_15770,0.99992835521698
dbpedia_56601,metacritic_2167,0.9758511781692504
dbpedia_56495,metacritic_2036,0.9997469782829284
dbpedia_5406,metacritic_3324,0.9998875856399536
dbpedia_10106,metacritic_11420,0.9994569420814514
dbpedia_48443,metacritic_15306,0.9996955394744872
dbpedia_7857,metacritic_15378,0.999842643737793
dbpedia_32795,metacritic_8539,0.9995902180671692
dbpedia_18779,metacritic_9632,0.9998902082443236
dbpedia_11908,metacritic_5860,0.9992700219154358
dbpedia_1112,metacritic_4459,0.9339643120765686
dbpedia_1819,metacritic_8079,0.9988954067230223
dbpedia_5278,metacritic_15355,0.9899262189865112
dbpedia_6048,metacritic_2920,0.9996461868286132
dbpedia_53617,metacritic_2700,0.9649458527565002
dbpedia_41636,metacritic_4997,0.9998034834861756
dbpedia_45646,metacritic_196,0.9222055673599244
dbpedia_39449,metacritic_1871,0.9770742058753968
dbpedia_3365,metacritic_19901,0.99980491399765
dbpedia_13278,metacritic_8575,0.99979168176651
dbpedia_26627,metacritic_9945,0.999771773815155
dbpedia_63943,metacritic_7745,0.999976634979248
dbpedia_5828,metacritic_2646,0.97699373960495
dbpedia_22958,metacritic_2186,0.97699373960495
dbpedia_34150,metacritic_7465,0.9999170303344728
dbpedia_41530,metacritic_16279,0.9904481768608092
dbpedia_28623,metacritic_18146,0.998895227909088
dbpedia_42785,metacritic_10378,0.921093761920929
dbpedia_13518,metacritic_13453,0.9998618364334106
dbpedia_7588,metacritic_19415,0.9994569420814514
dbpedia_47285,metacritic_13333,0.999767243862152
dbpedia_37556,metacritic_7167,0.999705135822296
dbpedia_56487,metacritic_16958,0.9989721775054932
dbpedia_30771,metacritic_14043,0.9998443126678468
dbpedia_32364,metacritic_1802,0.999771773815155
dbpedia_44278,metacritic_18247,0.9999830722808838
dbpedia_39644,metacritic_16238,0.9952499866485596
dbpedia_4289,metacritic_10853,0.9862332344055176
dbpedia_11616,metacritic_823,0.9621460437774658
dbpedia_5700,metacritic_489,0.9998809099197388
dbpedia_63723,metacritic_1760,0.9999788999557496
dbpedia_24154,metacritic_2474,0.9962416887283324
dbpedia_15525,metacritic_16762,0.9896562099456788
dbpedia_34490,metacritic_14482,0.9940736889839172
dbpedia_10051,metacritic_28,0.9736875295639038
dbpedia_1309,metacritic_5649,0.9998908042907716
dbpedia_32280,metacritic_7300,0.9999779462814332
dbpedia_64018,metacritic_11229,0.9947311878204346
dbpedia_36947,metacritic_4078,0.969029664993286
dbpedia_40447,metacritic_12813,0.9729889631271362
dbpedia_46932,metacritic_12081,0.9492318034172058
dbpedia_50213,metacritic_12107,0.909221053123474
dbpedia_22932,metacritic_2750,0.999619483947754
dbpedia_49208,metacritic_19291,0.9812214970588684
dbpedia_41983,metacritic_303,0.9998660087585448
dbpedia_15370,metacritic_15030,0.999728262424469
dbpedia_18094,metacritic_8952,0.98165363073349
dbpedia_9487,metacritic_4298,0.9998148083686828
dbpedia_37309,metacritic_5185,0.995543897151947
dbpedia_34743,metacritic_2377,0.9994995594024658
dbpedia_42842,metacritic_16883,0.9998201727867126
dbpedia_22841,metacritic_11063,0.9994658827781676
dbpedia_31777,metacritic_13000,0.996411144733429
dbpedia_10652,metacritic_9054,0.9999626874923706
dbpedia_50894,metacritic_1811,0.9506269693374634
dbpedia_58884,metacritic_12555,0.9992189407348632
dbpedia_17750,metacritic_19661,0.9999885559082032
dbpedia_14980,metacritic_1582,0.9949016571044922
dbpedia_38852,metacritic_2451,0.995854675769806
dbpedia_44233,metacritic_1879,0.9999933242797852
dbpedia_8208,metacritic_9221,0.9999626874923706
dbpedia_11205,metacritic_13837,0.999871015548706
dbpedia_6425,metacritic_5749,0.9998427629470824
dbpedia_52321,metacritic_10121,0.9834129810333252
dbpedia_63229,metacritic_7836,0.9997929930686952
dbpedia_11523,metacritic_8799,0.9998076558113098
dbpedia_35381,metacritic_15958,0.9970117807388306
dbpedia_46660,metacritic_3460,0.997684121131897
dbpedia_32870,metacritic_15946,0.9999884366989136
dbpedia_2508,metacritic_7014,0.9990556836128236
dbpedia_5672,metacritic_10549,0.9999910593032836
dbpedia_18875,metacritic_3553,0.9999639987945556
dbpedia_64463,metacritic_17159,0.9999467134475708
dbpedia_7887,metacritic_1482,0.9834129810333252
dbpedia_24219,metacritic_1939,0.9999243021011353
dbpedia_23791,metacritic_13779,0.9999929666519164
dbpedia_21533,metacritic_808,0.9999204874038696
dbpedia_28506,metacritic_5818,0.9999966621398926
dbpedia_10356,metacritic_4535,0.9685305953025818
dbpedia_29265,metacritic_7024,0.999767243862152
dbpedia_51383,metacritic_5474,0.9998369216918944
dbpedia_31961,metacritic_11767,0.9998443126678468
dbpedia_13753,metacritic_13721,0.9996294975280762
dbpedia_15764,metacritic_8563,0.9996362924575806
dbpedia_20208,metacritic_1031,0.9998809099197388
dbpedia_34351,metacritic_8410,0.9998039603233336
dbpedia_29003,metacritic_1316,0.978729009628296
dbpedia_30146,metacritic_6832,0.999842643737793
dbpedia_7137,metacritic_3139,0.9707607626914978
dbpedia_12200,metacritic_6437,0.9642007350921632
dbpedia_21175,metacritic_626,0.9962416887283324
dbpedia_43204,metacritic_8642,0.998138427734375
dbpedia_60953,metacritic_6888,0.9998455047607422
dbpedia_40612,metacritic_2781,0.9999395608901978
dbpedia_4669,metacritic_17989,0.9940248131752014
dbpedia_27871,metacritic_17645,0.9998462200164796
dbpedia_37364,metacritic_13469,0.9999912977218628
dbpedia_4822,metacritic_4030,0.9970369338989258
dbpedia_20787,metacritic_766,0.999767243862152
dbpedia_3706,metacritic_17480,0.9644432663917542
dbpedia_64622,metacritic_4733,0.999256670475006
dbpedia_43271,metacritic_2316,0.9993749260902404
dbpedia_43259,metacritic_7523,0.9999949932098388
dbpedia_34671,metacritic_8321,0.9997321963310242
dbpedia_64047,metacritic_15558,0.9971478581428528
dbpedia_10841,metacritic_2060,0.9998842477798462
dbpedia_10768,metacritic_9224,0.9834129810333252
dbpedia_24383,metacritic_2546,0.9999822378158568
dbpedia_10494,metacritic_7239,0.9999312162399292
dbpedia_39643,metacritic_5101,0.9998809099197388
dbpedia_43864,metacritic_5398,0.9999669790267944
dbpedia_31700,metacritic_3797,0.9996080994606018
dbpedia_35132,metacritic_1413,0.999767243862152
dbpedia_61595,metacritic_6381,0.9998396635055542
dbpedia_15204,metacritic_7331,0.9696774482727052
dbpedia_44725,metacritic_10511,0.999584138393402
dbpedia_202,metacritic_7113,0.9999700784683228
dbpedia_7203,metacritic_20164,0.9997431635856628
dbpedia_8961,metacritic_18764,0.9965264201164246
dbpedia_34445,metacritic_14279,0.9873428344726562
dbpedia_24753,metacritic_119,0.9998809099197388
dbpedia_4126,metacritic_19659,0.9986384510993958
dbpedia_42725,metacritic_2432,0.9521531462669371
dbpedia_56877,metacritic_5506,0.9999170303344728
dbpedia_43012,metacritic_3213,0.999496579170227
dbpedia_25539,metacritic_724,0.9999066591262816
dbpedia_42818,metacritic_9446,0.999767243862152
dbpedia_11175,metacritic_1269,0.9951335787773132
dbpedia_41044,metacritic_7846,0.9998660087585448
dbpedia_13182,metacritic_19,0.9999047517776488
dbpedia_18374,metacritic_17720,0.9999940395355223
dbpedia_15949,metacritic_14332,0.9604523181915284
dbpedia_39638,metacritic_13717,0.9996291399002076
dbpedia_12420,metacritic_17646,0.9996458292007446
dbpedia_63443,metacritic_14838,0.995452344417572
dbpedia_14444,metacritic_5019,0.9998809099197388
dbpedia_4942,metacritic_2137,0.9972475171089172
dbpedia_50021,metacritic_17354,0.923826277256012
dbpedia_21603,metacritic_18409,0.99977308511734
dbpedia_1762,metacritic_1986,0.9996919631958008
dbpedia_56492,metacritic_14776,0.996633231639862
dbpedia_26723,metacritic_1733,0.9996780157089232
dbpedia_7968,metacritic_18490,0.9820747971534728
dbpedia_44603,metacritic_14678,0.9998809099197388
dbpedia_58672,metacritic_1496,0.999705135822296
dbpedia_27120,metacritic_7140,0.9998443126678468
dbpedia_28851,metacritic_6768,0.9999951124191284
dbpedia_34192,metacritic_7685,0.9998875856399536
dbpedia_7644,metacritic_9906,0.9998101592063904
dbpedia_21027,metacritic_14242,0.9998358488082886
dbpedia_32197,metacritic_5148,0.9999243021011353
dbpedia_53921,metacritic_1226,0.9873151779174804
dbpedia_18827,metacritic_11712,0.9994569420814514
dbpedia_61833,metacritic_1875,0.9246532917022704
dbpedia_49224,metacritic_577,0.9677942395210266
dbpedia_63294,metacritic_635,0.999767243862152
dbpedia_23337,metacritic_317,0.997531235218048
dbpedia_31362,metacritic_7211,0.9999170303344728
dbpedia_27520,metacritic_1357,0.9998500347137452
dbpedia_51187,metacritic_2586,0.9998902082443236
dbpedia_7137,metacritic_2321,0.9707607626914978
dbpedia_27699,metacritic_19825,0.9954462051391602
dbpedia_38169,metacritic_12948,0.9262027144432068
dbpedia_24490,metacritic_1474,0.9999054670333862
dbpedia_23624,metacritic_5185,0.9066820740699768
dbpedia_58945,metacritic_8483,0.99968159198761
dbpedia_55488,metacritic_10359,0.9997113347053528
dbpedia_6915,metacritic_2650,0.999755322933197
dbpedia_36400,metacritic_17167,0.9806246161460876
dbpedia_40950,metacritic_15120,0.9992470741271972
dbpedia_1711,metacritic_1121,0.9999054670333862
dbpedia_3125,metacritic_9577,0.9996488094329834
dbpedia_41602,metacritic_4228,0.9998358488082886
dbpedia_52135,metacritic_4246,0.999771773815155
dbpedia_16699,metacritic_18762,0.9992893934249878
dbpedia_7834,metacritic_4856,0.9988322854042052
dbpedia_16116,metacritic_11789,0.9988405108451844
dbpedia_38495,metacritic_8567,0.9998247027397156
dbpedia_18575,metacritic_4516,0.999953031539917
dbpedia_28098,metacritic_17614,0.9999464750289916
dbpedia_89,metacritic_10522,0.9990235567092896
dbpedia_36818,metacritic_3903,0.9999047517776488
dbpedia_611,metacritic_10055,0.9633193612098694
dbpedia_51407,metacritic_20326,0.9329759478569032
dbpedia_25548,metacritic_2771,0.99942809343338
dbpedia_45084,metacritic_17179,0.9994059801101683
dbpedia_53576,metacritic_20412,0.9904205799102784
dbpedia_56226,metacritic_12721,0.996220886707306
dbpedia_20176,metacritic_12051,0.9999243021011353
dbpedia_32494,metacritic_5635,0.9998660087585448
dbpedia_2846,metacritic_7023,0.9999940395355223
dbpedia_55199,metacritic_13022,0.9999639987945556
dbpedia_20541,metacritic_8696,0.9997469782829284
dbpedia_808,metacritic_1190,0.9979448914527892
dbpedia_63986,metacritic_2140,0.9998809099197388
dbpedia_21684,metacritic_15841,0.999754011631012
dbpedia_56875,metacritic_8344,0.9638340473175048
dbpedia_23374,metacritic_16960,0.9957165122032166
dbpedia_386,metacritic_519,0.9949016571044922
dbpedia_29546,metacritic_811,0.9996929168701172
dbpedia_10038,metacritic_1852,0.9998711347579956
dbpedia_42950,metacritic_575,0.995543897151947
dbpedia_11317,metacritic_11913,0.9992700219154358
dbpedia_31248,metacritic_7904,0.9992121458053588
dbpedia_37771,metacritic_3074,0.999842643737793
dbpedia_2687,metacritic_7214,0.9995951056480408
dbpedia_5374,metacritic_16766,0.999691605567932
dbpedia_21268,metacritic_10085,0.9991003274917604
dbpedia_45494,metacritic_14,0.999789535999298
dbpedia_27620,metacritic_145,0.995711088180542
dbpedia_31865,metacritic_10962,0.9263058304786682
dbpedia_11362,metacritic_3438,0.999768316745758
dbpedia_29195,metacritic_4033,0.9998809099197388
dbpedia_33115,metacritic_19094,0.9992700219154358
dbpedia_6189,metacritic_8900,0.9998902082443236
dbpedia_34938,metacritic_13861,0.9991961121559144
dbpedia_6495,metacritic_12518,0.973369598388672
dbpedia_14367,metacritic_2741,0.9084364771842957
dbpedia_20548,metacritic_12446,0.9787781238555908
dbpedia_64763,metacritic_9516,0.9992470741271972
dbpedia_34226,metacritic_3792,0.9997088313102722
dbpedia_29781,metacritic_7502,0.9999209642410278
dbpedia_33438,metacritic_18438,0.9999899864196776
dbpedia_26331,metacritic_803,0.9992875456809998
dbpedia_25078,metacritic_3719,0.9998762607574464
dbpedia_3984,metacritic_4670,0.9995532631874084
dbpedia_12029,metacritic_20419,0.999767243862152
dbpedia_1383,metacritic_16605,0.931971549987793
dbpedia_60796,metacritic_4728,0.9998369216918944
dbpedia_43945,metacritic_16140,0.999933123588562
dbpedia_12253,metacritic_20246,0.9999721050262452
dbpedia_49884,metacritic_10348,0.9998898506164552
dbpedia_44958,metacritic_12720,0.9989097118377686
dbpedia_14987,metacritic_12863,0.999842643737793
dbpedia_8493,metacritic_13519,0.9192756414413452
dbpedia_31696,metacritic_9780,0.9962367415428162
dbpedia_46929,metacritic_18599,0.997243881225586
dbpedia_17783,metacritic_792,0.9986622333526612
dbpedia_21330,metacritic_7474,0.9999047517776488
dbpedia_54143,metacritic_14318,0.9997977614402772
dbpedia_35244,metacritic_12870,0.9997732043266296
dbpedia_18817,metacritic_17627,0.999980330467224
dbpedia_31794,metacritic_17269,0.9995878338813782
dbpedia_5169,metacritic_785,0.9999452829360962
dbpedia_37585,metacritic_6691,0.9999743700027466
dbpedia_522,metacritic_314,0.999767243862152
dbpedia_37205,metacritic_12167,0.999103307723999
dbpedia_13218,metacritic_1278,0.9782592058181764
dbpedia_58290,metacritic_6291,0.9998231530189514
dbpedia_36805,metacritic_7401,0.9999405145645142
dbpedia_23912,metacritic_17311,0.9826803803443908
dbpedia_47361,metacritic_5774,0.9671763777732848
dbpedia_64921,metacritic_12288,0.999893307685852
dbpedia_52002,metacritic_6536,0.9534602165222168
dbpedia_37245,metacritic_17229,0.9997991919517516
dbpedia_39105,metacritic_5517,0.9004400968551636
dbpedia_19051,metacritic_1051,0.9735985398292542
dbpedia_19698,metacritic_5681,0.9695380330085754
dbpedia_31814,metacritic_12442,0.9998809099197388
dbpedia_23438,metacritic_4058,0.9993903636932372
dbpedia_40122,metacritic_5490,0.988852083683014
dbpedia_44884,metacritic_3393,0.9999300241470336
dbpedia_14624,metacritic_1827,0.9999209642410278
dbpedia_27471,metacritic_4712,0.996633231639862
dbpedia_57560,metacritic_15441,0.9999855756759644
dbpedia_15271,metacritic_9526,0.9999297857284546
dbpedia_16270,metacritic_1381,0.9997696280479432
dbpedia_25934,metacritic_13473,0.9968159794807434
dbpedia_50284,metacritic_11635,0.99968159198761
dbpedia_59370,metacritic_1986,0.9996919631958008
dbpedia_8109,metacritic_13151,0.9998561143875122
dbpedia_5863,metacritic_5094,0.9993703961372375
dbpedia_24184,metacritic_20368,0.9997307658195496
dbpedia_7239,metacritic_11742,0.9994268417358398
dbpedia_22753,metacritic_15245,0.9999825954437256
dbpedia_45999,metacritic_8162,0.9991410970687866
dbpedia_908,metacritic_18979,0.9989446997642516
dbpedia_34733,metacritic_18428,0.9640188813209534
dbpedia_17970,metacritic_5346,0.9997618794441224
dbpedia_56198,metacritic_7484,0.9999639987945556
dbpedia_53150,metacritic_142,0.9769509434700012
dbpedia_53401,metacritic_14169,0.935914158821106
dbpedia_46053,metacritic_9657,0.9997469782829284
dbpedia_29293,metacritic_8508,0.9998902082443236
dbpedia_1443,metacritic_8695,0.9561082720756532
dbpedia_63190,metacritic_2905,0.9929190278053284
dbpedia_34082,metacritic_9934,0.9910067915916444
dbpedia_52616,metacritic_14500,0.9710209369659424
dbpedia_9039,metacritic_764,0.9996801614761353
dbpedia_1809,metacritic_1250,0.9997499585151672
dbpedia_58650,metacritic_19079,0.9998310804367064
dbpedia_3095,metacritic_19463,0.9967851638793944
dbpedia_33836,metacritic_3965,0.999807059764862
dbpedia_12738,metacritic_3438,0.999768316745758
dbpedia_2395,metacritic_632,0.999767243862152
dbpedia_16671,metacritic_9054,0.999996304512024
dbpedia_55134,metacritic_5398,0.9999669790267944
dbpedia_56543,metacritic_4877,0.9998902082443236
dbpedia_63072,metacritic_11137,0.9997534155845642
dbpedia_60970,metacritic_156,0.9949016571044922
dbpedia_11494,metacritic_20269,0.999767243862152
dbpedia_42008,metacritic_7020,0.9998500347137452
dbpedia_62390,metacritic_45,0.9854996800422668
dbpedia_6380,metacritic_120,0.9246532917022704
dbpedia_44034,metacritic_4932,0.999962329864502
dbpedia_2851,metacritic_285,0.9904205799102784
dbpedia_56772,metacritic_316,0.9999465942382812
dbpedia_50786,metacritic_2228,0.9999066591262816
dbpedia_12725,metacritic_789,0.999908208847046
dbpedia_48031,metacritic_4423,0.999842643737793
dbpedia_42578,metacritic_2218,0.9995550513267516
dbpedia_48144,metacritic_913,0.999768316745758
dbpedia_32032,metacritic_282,0.9997308850288392
dbpedia_9438,metacritic_7025,0.999972939491272
dbpedia_33469,metacritic_4601,0.9729466438293456
dbpedia_9779,metacritic_1951,0.9996395111083984
dbpedia_1256,metacritic_15355,0.9624954462051392
dbpedia_22212,metacritic_15880,0.9997445940971376
dbpedia_21356,metacritic_1094,0.9981966614723206
dbpedia_20825,metacritic_11234,0.9998231530189514
dbpedia_31785,metacritic_19500,0.9320300817489624
dbpedia_22519,metacritic_6770,0.999362051486969
dbpedia_8893,metacritic_17514,0.995394766330719
dbpedia_36271,metacritic_20,0.9710209369659424
dbpedia_10330,metacritic_4979,0.9997654557228088
dbpedia_30004,metacritic_72,0.9950409531593324
dbpedia_4104,metacritic_6001,0.9997654557228088
dbpedia_59002,metacritic_11366,0.9999297857284546
dbpedia_50814,metacritic_5207,0.9856675863265992
dbpedia_28991,metacritic_2484,0.9997746348381042
dbpedia_53303,metacritic_3867,0.9984754920005798
dbpedia_22029,metacritic_17879,0.9999825954437256
dbpedia_12160,metacritic_12230,0.9992693066596984
dbpedia_43218,metacritic_531,0.9998875856399536
dbpedia_63450,metacritic_5468,0.9999432563781738
dbpedia_63886,metacritic_15702,0.9984760880470276
dbpedia_13830,metacritic_5939,0.9998927116394044
dbpedia_46565,metacritic_16431,0.9999680519104004
dbpedia_43077,metacritic_3661,0.9999279975891112
dbpedia_60335,metacritic_9651,0.9999243021011353
dbpedia_29329,metacritic_15674,0.9998875856399536
dbpedia_1748,metacritic_11271,0.9998902082443236
dbpedia_5824,metacritic_19465,0.994184911251068
dbpedia_64470,metacritic_10347,0.9271605014801024
dbpedia_36271,metacritic_1417,0.9710209369659424
dbpedia_1824,metacritic_17024,0.9997084736824036
dbpedia_48186,metacritic_51,0.999256670475006
dbpedia_8803,metacritic_6072,0.9992875456809998
dbpedia_22187,metacritic_13061,0.9929190278053284
dbpedia_10564,metacritic_17409,0.9999243021011353
dbpedia_34424,metacritic_7817,0.9966757297515868
dbpedia_19616,metacritic_16902,0.9951335787773132
dbpedia_6514,metacritic_3131,0.9998701810836792
dbpedia_14242,metacritic_17093,0.9998875856399536
dbpedia_12789,metacritic_7951,0.9984910488128662
dbpedia_3490,metacritic_7937,0.999767243862152
dbpedia_47241,metacritic_18338,0.9999047517776488
dbpedia_6901,metacritic_8220,0.9999468326568604
dbpedia_40508,metacritic_17675,0.9999825954437256
dbpedia_54546,metacritic_10670,0.9998231530189514
dbpedia_36226,metacritic_13914,0.9678637981414796
dbpedia_22284,metacritic_5749,0.9998100399971008
dbpedia_11789,metacritic_250,0.9817270040512084
dbpedia_35515,metacritic_784,0.9999297857284546
dbpedia_23080,metacritic_3300,0.999767243862152
dbpedia_7137,metacritic_3191,0.9707607626914978
dbpedia_54940,metacritic_10462,0.9994809031486512
dbpedia_40055,metacritic_5034,0.9999639987945556
dbpedia_36071,metacritic_10690,0.9998358488082886
dbpedia_57132,metacritic_19979,0.9842535257339478
dbpedia_37461,metacritic_8321,0.9997515082359314
dbpedia_34733,metacritic_16816,0.9640188813209534
dbpedia_42289,metacritic_16349,0.9996904134750366
dbpedia_1571,metacritic_6857,0.9999639987945556
dbpedia_2161,metacritic_2601,0.9999395608901978
dbpedia_61588,metacritic_4749,0.995375394821167
dbpedia_29125,metacritic_163,0.9999639987945556
dbpedia_12473,metacritic_1957,0.9994833469390868
dbpedia_30266,metacritic_9038,0.9993683695793152
dbpedia_31998,metacritic_5082,0.9999170303344728
dbpedia_17048,metacritic_12320,0.9853026866912842
dbpedia_22017,metacritic_2803,0.9822905659675598
dbpedia_1644,metacritic_14879,0.9996488094329834
dbpedia_59280,metacritic_20442,0.9999279975891112
dbpedia_37003,metacritic_3362,0.9809405207633972
dbpedia_50050,metacritic_16648,0.9992850422859192
dbpedia_55710,metacritic_5764,0.9992189407348632
dbpedia_30567,metacritic_15218,0.999362051486969
dbpedia_21589,metacritic_1764,0.9997572302818298
dbpedia_24058,metacritic_1297,0.9999593496322632
dbpedia_54501,metacritic_2108,0.9476553201675416
dbpedia_12711,metacritic_8410,0.9995989203453064
dbpedia_62358,metacritic_2455,0.9305155873298644
dbpedia_31526,metacritic_9025,0.9998809099197388
dbpedia_46115,metacritic_833,0.9975932240486144
dbpedia_41833,metacritic_2876,0.9731863141059875
dbpedia_57807,metacritic_1956,0.9900386333465576
dbpedia_37989,metacritic_5234,0.9994613528251648
dbpedia_58212,metacritic_8903,0.9988068342208862
dbpedia_32823,metacritic_4232,0.9815768599510192
dbpedia_13003,metacritic_506,0.9998809099197388
dbpedia_3203,metacritic_16706,0.9900739192962646
dbpedia_45491,metacritic_3185,0.9996353387832642
dbpedia_12505,metacritic_6852,0.9999117851257324
dbpedia_64313,metacritic_12480,0.9908872842788696
dbpedia_34922,metacritic_4907,0.9996756315231324
dbpedia_6847,metacritic_3926,0.9998968839645386
dbpedia_3007,metacritic_6576,0.9947407841682434
dbpedia_55505,metacritic_2171,0.9998390674591064
dbpedia_22493,metacritic_3913,0.9997950196266174
dbpedia_14114,metacritic_9516,0.9992470741271972
dbpedia_32950,metacritic_5333,0.9996929168701172
dbpedia_19376,metacritic_3821,0.9999654293060304
dbpedia_20154,metacritic_6023,0.9998875856399536
dbpedia_45646,metacritic_280,0.9222055673599244
dbpedia_16534,metacritic_17638,0.9606003761291504
dbpedia_37080,metacritic_12490,0.999941349029541
dbpedia_39765,metacritic_10297,0.9999552965164183
dbpedia_6862,metacritic_7014,0.9465755224227904
dbpedia_3864,metacritic_15748,0.9995620846748352
dbpedia_10328,metacritic_19698,0.999933123588562
dbpedia_49429,metacritic_4196,0.9642007350921632
dbpedia_7634,metacritic_18904,0.9916735291481018
dbpedia_19048,metacritic_15244,0.981242299079895
dbpedia_24794,metacritic_4442,0.9999047517776488
dbpedia_46977,metacritic_11568,0.9999291896820068
dbpedia_24881,metacritic_12849,0.9997469782829284
dbpedia_25303,metacritic_790,0.9998875856399536
dbpedia_29918,metacritic_3451,0.9998231530189514
dbpedia_23428,metacritic_4117,0.9561082720756532
dbpedia_2454,metacritic_13914,0.9678637981414796
dbpedia_16230,metacritic_3378,0.9999113082885742
dbpedia_41765,metacritic_7623,0.992388904094696
dbpedia_39134,metacritic_20315,0.9999850988388062
dbpedia_10136,metacritic_1518,0.9996981620788574
dbpedia_48779,metacritic_16312,0.999842643737793
dbpedia_7310,metacritic_17935,0.9999746084213256
dbpedia_53836,metacritic_783,0.9999582767486572
dbpedia_39234,metacritic_18491,0.9994590878486632
dbpedia_7226,metacritic_10887,0.9998875856399536
dbpedia_12161,metacritic_4959,0.972055196762085
dbpedia_47613,metacritic_2061,0.999767243862152
dbpedia_40332,metacritic_17633,0.9997084736824036
dbpedia_8117,metacritic_2449,0.9931570887565612
dbpedia_27981,metacritic_7046,0.9998927116394044
dbpedia_32899,metacritic_4486,0.9994058609008788
dbpedia_64182,metacritic_5964,0.9998443126678468
dbpedia_38343,metacritic_11822,0.9089298248291016
dbpedia_57613,metacritic_13948,0.9997484087944032
dbpedia_51250,metacritic_18298,0.9998443126678468
dbpedia_9578,metacritic_15278,0.9994755387306212
dbpedia_52965,metacritic_18245,0.9998231530189514
dbpedia_405,metacritic_6888,0.9879581928253174
dbpedia_53922,metacritic_17535,0.999842643737793
dbpedia_55092,metacritic_6938,0.9931930899620056
dbpedia_51778,metacritic_9249,0.9747865796089172
dbpedia_36930,metacritic_13069,0.9996920824050904
dbpedia_52312,metacritic_15794,0.9986622333526612
dbpedia_30557,metacritic_19123,0.9962416887283324
dbpedia_47104,metacritic_11913,0.9992700219154358
dbpedia_46668,metacritic_18322,0.9998927116394044
dbpedia_14530,metacritic_9514,0.9999593496322632
dbpedia_53393,metacritic_2172,0.9999549388885498
dbpedia_37646,metacritic_17648,0.9997572302818298
dbpedia_33345,metacritic_5310,0.9998310804367064
dbpedia_51494,metacritic_12510,0.999982476234436
dbpedia_18293,metacritic_4642,0.9998875856399536
dbpedia_4408,metacritic_2790,0.9998310804367064
dbpedia_59325,metacritic_4155,0.9992865920066832
dbpedia_28512,metacritic_5067,0.9767217636108398
dbpedia_62634,metacritic_7809,0.9649458527565002
dbpedia_19066,metacritic_1090,0.999101996421814
dbpedia_32559,metacritic_4232,0.9815768599510192
dbpedia_46155,metacritic_12271,0.9998358488082886
dbpedia_26151,metacritic_3670,0.9910508394241332
dbpedia_56678,metacritic_12279,0.9995481371879578
dbpedia_53793,metacritic_5588,0.9999743700027466
dbpedia_1656,metacritic_13258,0.999842643737793
dbpedia_18893,metacritic_9709,0.9905994534492492
dbpedia_27832,metacritic_928,0.9977056384086608
dbpedia_8723,metacritic_7990,0.9958614706993104
dbpedia_52321,metacritic_14600,0.9834129810333252
dbpedia_48950,metacritic_16135,0.9727367162704468
dbpedia_1866,metacritic_4776,0.9900386333465576
dbpedia_21545,metacritic_14481,0.9987586736679076
dbpedia_34222,metacritic_11782,0.999933123588562
dbpedia_5479,metacritic_6985,0.9970596432685852
dbpedia_13650,metacritic_17692,0.9999047517776488
dbpedia_13594,metacritic_10953,0.999767243862152
dbpedia_17576,metacritic_3907,0.9998986721038818
dbpedia_38047,metacritic_14990,0.999103307723999
dbpedia_24570,metacritic_1911,0.996633231639862
dbpedia_29337,metacritic_18065,0.9597174525260924
dbpedia_36082,metacritic_7645,0.9999254941940308
dbpedia_18231,metacritic_8863,0.9996875524520874
dbpedia_62634,metacritic_8481,0.9649458527565002
dbpedia_49284,metacritic_13243,0.9998310804367064
dbpedia_30231,metacritic_12060,0.9969045519828796
dbpedia_52374,metacritic_6334,0.9300051927566528
dbpedia_5474,metacritic_9987,0.9999420642852784
dbpedia_36271,metacritic_20410,0.9710209369659424
dbpedia_46842,metacritic_12006,0.9994839429855348
dbpedia_26730,metacritic_11222,0.9997572302818298
dbpedia_5327,metacritic_5732,0.9747280478477478
dbpedia_17809,metacritic_20108,0.9612130522727966
dbpedia_5816,metacritic_15014,0.9735985398292542
dbpedia_38371,metacritic_6708,0.999771773815155
dbpedia_56804,metacritic_5813,0.9999465942382812
dbpedia_58665,metacritic_10303,0.9996625185012816
dbpedia_392,metacritic_3340,0.9997169375419616
dbpedia_8495,metacritic_17412,0.9999659061431884
dbpedia_27118,metacritic_16910,0.97928786277771
dbpedia_343,metacritic_3895,0.999767243862152
dbpedia_28702,metacritic_4824,0.9935245513916016
dbpedia_43781,metacritic_16959,0.9992893934249878
dbpedia_36012,metacritic_1748,0.9994282126426696
dbpedia_14606,metacritic_837,0.9595394730567932
dbpedia_12206,metacritic_18830,0.9999639987945556
dbpedia_30626,metacritic_19369,0.9941456317901612
dbpedia_37168,metacritic_2547,0.999943733215332
dbpedia_59201,metacritic_11491,0.9696774482727052
dbpedia_23374,metacritic_17931,0.9957165122032166
dbpedia_36764,metacritic_6607,0.9999047517776488
dbpedia_54224,metacritic_2721,0.9340920448303224
dbpedia_53599,metacritic_421,0.999687433242798
dbpedia_9982,metacritic_473,0.9998809099197388
dbpedia_1186,metacritic_2999,0.9649458527565002
dbpedia_48608,metacritic_13851,0.9971418976783752
dbpedia_34940,metacritic_18258,0.9999568462371826
dbpedia_54237,metacritic_2156,0.9999949932098388
dbpedia_12900,metacritic_9489,0.9998875856399536
dbpedia_21094,metacritic_8642,0.930843710899353
dbpedia_50198,metacritic_17675,0.9999825954437256
dbpedia_31269,metacritic_1477,0.9176793694496156
dbpedia_34589,metacritic_771,0.98165363073349
dbpedia_728,metacritic_8900,0.9997795224189758
dbpedia_17376,metacritic_16506,0.9993010759353638
dbpedia_62927,metacritic_15475,0.9999732971191406
dbpedia_29425,metacritic_4204,0.9999487400054932
dbpedia_48785,metacritic_2951,0.9998902082443236
dbpedia_34140,metacritic_12936,0.9999125003814696
dbpedia_7052,metacritic_11893,0.9751046895980836
dbpedia_39035,metacritic_12027,0.999626874923706
dbpedia_55425,metacritic_11676,0.9627041220664978
dbpedia_53519,metacritic_10702,0.9999827146530152
dbpedia_31187,metacritic_12422,0.9979732632637024
dbpedia_1509,metacritic_2132,0.9999940395355223
dbpedia_16658,metacritic_16954,0.9998927116394044
dbpedia_15247,metacritic_16509,0.9644392728805542
dbpedia_41991,metacritic_7197,0.9999432563781738
dbpedia_3759,metacritic_19338,0.981242299079895
dbpedia_40199,metacritic_18230,0.999754011631012
dbpedia_40768,metacritic_294,0.9998500347137452
dbpedia_20519,metacritic_1945,0.9998875856399536
dbpedia_42965,metacritic_4022,0.9561082720756532
dbpedia_22423,metacritic_14666,0.9998277425765992
dbpedia_9804,metacritic_1112,0.9940736889839172
dbpedia_46654,metacritic_8953,0.9747728705406188
dbpedia_44207,metacritic_1568,0.94733864068985
dbpedia_3419,metacritic_585,0.9140275120735168
dbpedia_39613,metacritic_10867,0.9997654557228088
dbpedia_8110,metacritic_12923,0.946166694164276
dbpedia_44532,metacritic_4104,0.9999639987945556
dbpedia_32263,metacritic_924,0.9768773317337036
dbpedia_10085,metacritic_10445,0.9998310804367064
dbpedia_59684,metacritic_20404,0.9998809099197388
dbpedia_49262,metacritic_257,0.9998500347137452
dbpedia_10507,metacritic_142,0.9769509434700012
dbpedia_7351,metacritic_2941,0.9696774482727052
dbpedia_38450,metacritic_106,0.9859375357627868
dbpedia_10287,metacritic_13914,0.9678637981414796
dbpedia_24935,metacritic_6888,0.9879581928253174
dbpedia_38713,metacritic_9793,0.9636048674583436
dbpedia_13289,metacritic_8749,0.9809641242027284
dbpedia_54832,metacritic_15154,0.9996421337127686
dbpedia_26268,metacritic_6639,0.9994058609008788
dbpedia_23452,metacritic_10781,0.9998231530189514
dbpedia_938,metacritic_20329,0.9998169541358948
dbpedia_7979,metacritic_9782,0.99980229139328
dbpedia_2542,metacritic_9665,0.99865061044693
dbpedia_25139,metacritic_5087,0.9691002368927002
dbpedia_29313,metacritic_14821,0.999643325805664
dbpedia_45787,metacritic_6381,0.999705135822296
dbpedia_1334,metacritic_3094,0.9973666071891784
dbpedia_23092,metacritic_14129,0.9981966614723206
dbpedia_32260,metacritic_10780,0.9998181462287904
dbpedia_10768,metacritic_10199,0.9834129810333252
dbpedia_61068,metacritic_16882,0.9999297857284546
dbpedia_14294,metacritic_2105,0.9932202100753784
dbpedia_51570,metacritic_5163,0.9944861531257628
dbpedia_16272,metacritic_15603,0.9993834495544434
dbpedia_36796,metacritic_16015,0.9997265934944152
dbpedia_15394,metacritic_974,0.9998691082000732
dbpedia_719,metacritic_11241,0.9947407841682434
dbpedia_16932,metacritic_8305,0.998868763446808
dbpedia_41452,metacritic_7401,0.9476770758628844
dbpedia_1461,metacritic_9582,0.9986622333526612
dbpedia_11789,metacritic_334,0.9817270040512084
dbpedia_38526,metacritic_2026,0.9581083059310912
dbpedia_27347,metacritic_4260,0.999972939491272
dbpedia_23039,metacritic_12111,0.9999090433120728
dbpedia_49281,metacritic_17895,0.999933123588562
dbpedia_4561,metacritic_4471,0.999754011631012
dbpedia_2600,metacritic_6945,0.9998550415039062
dbpedia_39132,metacritic_12813,0.9882748126983644
dbpedia_64878,metacritic_4751,0.9999452829360962
dbpedia_48286,metacritic_5000,0.9964295029640198
dbpedia_9728,metacritic_13376,0.936616063117981
dbpedia_29176,metacritic_12176,0.988911509513855
dbpedia_35914,metacritic_9858,0.999755322933197
dbpedia_33866,metacritic_8329,0.924614667892456
dbpedia_45483,metacritic_8643,0.9999467134475708
dbpedia_16719,metacritic_3450,0.9999047517776488
dbpedia_2162,metacritic_4049,0.9992315769195556
dbpedia_18146,metacritic_6257,0.9984468817710876
dbpedia_1534,metacritic_4531,0.9902631044387816
dbpedia_11186,metacritic_9325,0.987489640712738
dbpedia_22025,metacritic_18353,0.9926785230636596
dbpedia_40029,metacritic_3408,0.9998179078102112
dbpedia_6303,metacritic_7675,0.974511981010437
dbpedia_7042,metacritic_9437,0.9999423027038574
dbpedia_57762,metacritic_2910,0.9999433755874634
dbpedia_63477,metacritic_13914,0.9678637981414796
dbpedia_17851,metacritic_9295,0.9996044039726256
dbpedia_62059,metacritic_10241,0.9999054670333862
dbpedia_52008,metacritic_7853,0.9999487400054932
dbpedia_45136,metacritic_2304,0.9998310804367064
dbpedia_54001,metacritic_20093,0.9987240433692932
dbpedia_37166,metacritic_4801,0.9988051652908324
dbpedia_32189,metacritic_6473,0.9758511781692504
dbpedia_19407,metacritic_12673,0.9984933137893676
dbpedia_40843,metacritic_11420,0.9994569420814514
dbpedia_27748,metacritic_17745,0.9315553903579712
dbpedia_19102,metacritic_15605,0.9969981908798218
dbpedia_20075,metacritic_2228,0.9998089671134948
dbpedia_12677,metacritic_18673,0.9793761968612672
dbpedia_7925,metacritic_7272,0.9429622292518616
dbpedia_4998,metacritic_8146,0.9989455342292786
dbpedia_30937,metacritic_2784,0.9998358488082886
dbpedia_17840,metacritic_16742,0.9935245513916016
dbpedia_31706,metacritic_12286,0.997243881225586
dbpedia_41033,metacritic_11514,0.9998358488082886
dbpedia_41315,metacritic_4391,0.9998310804367064
dbpedia_38856,metacritic_2133,0.9998500347137452
dbpedia_8882,metacritic_18903,0.9905661940574646
dbpedia_6627,metacritic_7037,0.9999594688415528
dbpedia_21885,metacritic_262,0.9935245513916016
dbpedia_6953,metacritic_18433,0.9999243021011353
dbpedia_41979,metacritic_7011,0.9999654293060304
dbpedia_35908,metacritic_14185,0.9999433755874634
dbpedia_4273,metacritic_16716,0.9975510239601136
dbpedia_4742,metacritic_4202,0.9998809099197388
dbpedia_20945,metacritic_8916,0.9999547004699708
dbpedia_48085,metacritic_7784,0.9999047517776488
dbpedia_64646,metacritic_6346,0.9999208450317384
dbpedia_24052,metacritic_7715,0.9999243021011353
dbpedia_53394,metacritic_17734,0.9999243021011353
dbpedia_8379,metacritic_1236,0.9900386333465576
dbpedia_59738,metacritic_16349,0.9884489178657532
dbpedia_1882,metacritic_3440,0.9998927116394044
dbpedia_43802,metacritic_5404,0.9975614547729492
dbpedia_42767,metacritic_12510,0.9999812841415404
dbpedia_48060,metacritic_5796,0.996190309524536
dbpedia_54102,metacritic_9975,0.9995104074478148
dbpedia_47774,metacritic_9355,0.9999243021011353
dbpedia_47361,metacritic_10145,0.9671763777732848
dbpedia_36335,metacritic_5448,0.9998231530189514
dbpedia_9183,metacritic_4382,0.9998500347137452
dbpedia_63502,metacritic_13857,0.9996317625045776
dbpedia_20879,metacritic_2824,0.9996929168701172
dbpedia_41378,metacritic_6864,0.9999252557754515
dbpedia_51602,metacritic_11656,0.9975086450576782
dbpedia_33026,metacritic_4001,0.9998902082443236
dbpedia_2431,metacritic_7935,0.999771773815155
dbpedia_4552,metacritic_20408,0.9747728705406188
dbpedia_26641,metacritic_6727,0.9999654293060304
dbpedia_11393,metacritic_3133,0.999549925327301
dbpedia_24044,metacritic_4479,0.997843623161316
dbpedia_8640,metacritic_1263,0.9999743700027466
dbpedia_64603,metacritic_3792,0.9994045495986938
dbpedia_58733,metacritic_6888,0.9879581928253174
dbpedia_27098,metacritic_20436,0.9904205799102784
dbpedia_27367,metacritic_19222,0.9986236095428468
dbpedia_14853,metacritic_14908,0.9989159107208252
dbpedia_32840,metacritic_10102,0.9998310804367064
dbpedia_18833,metacritic_18036,0.9997665286064148
dbpedia_20098,metacritic_3738,0.995107889175415
dbpedia_18317,metacritic_9050,0.999767243862152
dbpedia_28652,metacritic_4821,0.9246532917022704
dbpedia_31757,metacritic_4247,0.9998034834861756
dbpedia_5181,metacritic_6759,0.9997132420539856
dbpedia_4683,metacritic_329,0.999767243862152
dbpedia_38947,metacritic_4163,0.9997374415397644
dbpedia_13302,metacritic_608,0.999805510044098
dbpedia_29017,metacritic_11805,0.9999432563781738
dbpedia_53108,metacritic_9172,0.999783456325531
dbpedia_13689,metacritic_14990,0.999303698539734
dbpedia_44226,metacritic_11060,0.9511498212814332
dbpedia_44226,metacritic_10394,0.9511498212814332
dbpedia_59201,metacritic_11268,0.9696774482727052
dbpedia_324,metacritic_12692,0.9999737739562988
dbpedia_9837,metacritic_16766,0.9662567377090454
dbpedia_35038,metacritic_1650,0.999771773815155
dbpedia_43768,metacritic_711,0.9995067119598388
dbpedia_39521,metacritic_2274,0.9735576510429382
dbpedia_19533,metacritic_17791,0.9999743700027466
dbpedia_375,metacritic_231,0.9747728705406188
dbpedia_10549,metacritic_14990,0.999103307723999
dbpedia_40398,metacritic_363,0.9998788833618164
dbpedia_10718,metacritic_9035,0.9998500347137452
dbpedia_42381,metacritic_1743,0.9950866103172302
dbpedia_58642,metacritic_14287,0.9998382329940796
dbpedia_21822,metacritic_4431,0.9998500347137452
dbpedia_39724,metacritic_19585,0.9486746191978456
dbpedia_45752,metacritic_8474,0.9969003200531006
dbpedia_21732,metacritic_2400,0.999947428703308
dbpedia_13891,metacritic_942,0.9998809099197388
dbpedia_10183,metacritic_18422,0.999842643737793
dbpedia_60590,metacritic_3417,0.999962329864502
dbpedia_2292,metacritic_15638,0.9996347427368164
dbpedia_55413,metacritic_742,0.999947428703308
dbpedia_64752,metacritic_16592,0.9998358488082886
dbpedia_13464,metacritic_17514,0.9904348850250244
dbpedia_7599,metacritic_4910,0.9998902082443236
dbpedia_17367,metacritic_2643,0.9997721314430236
dbpedia_23772,metacritic_278,0.9998500347137452
dbpedia_24707,metacritic_10410,0.999842643737793
dbpedia_64361,metacritic_2747,0.999958038330078
dbpedia_58649,metacritic_18510,0.999767243862152
dbpedia_29119,metacritic_9298,0.999767243862152
dbpedia_6705,metacritic_6614,0.9838497638702391
dbpedia_11789,metacritic_1566,0.9932206869125366
dbpedia_11759,metacritic_1585,0.9813397526741028
dbpedia_38009,metacritic_15973,0.9998315572738647
dbpedia_17922,metacritic_14762,0.9418382048606871
dbpedia_3588,metacritic_3626,0.9990736246109008
dbpedia_41399,metacritic_19327,0.997995376586914
dbpedia_772,metacritic_19668,0.9767217636108398
dbpedia_37421,metacritic_106,0.977609157562256
dbpedia_20774,metacritic_5438,0.9999243021011353
dbpedia_46879,metacritic_7353,0.9989652633666992
dbpedia_29881,metacritic_17303,0.9998809099197388
dbpedia_12117,metacritic_12414,0.999643325805664
dbpedia_60243,metacritic_11728,0.9995835423469543
dbpedia_42850,metacritic_4696,0.9771578311920166
dbpedia_60164,metacritic_1182,0.999705135822296
dbpedia_28924,metacritic_5649,0.9998908042907716
dbpedia_55466,metacritic_8090,0.985471248626709
dbpedia_9689,metacritic_10167,0.9999639987945556
dbpedia_29544,metacritic_10031,0.9999408721923828
dbpedia_11660,metacritic_2089,0.9989134073257446
dbpedia_26949,metacritic_3513,0.992324948310852
dbpedia_57457,metacritic_14666,0.9998277425765992
dbpedia_11752,metacritic_14149,0.9998231530189514
dbpedia_3203,metacritic_18087,0.9900739192962646
dbpedia_26479,metacritic_1665,0.9999066591262816
dbpedia_37750,metacritic_643,0.9996362924575806
dbpedia_40826,metacritic_18629,0.999647855758667
dbpedia_4605,metacritic_9083,0.9962416887283324
dbpedia_50109,metacritic_2253,0.921513557434082
dbpedia_16983,metacritic_16546,0.9999266862869264
dbpedia_28710,metacritic_99,0.9997979998588562
dbpedia_39394,metacritic_12088,0.9801236987113952
dbpedia_8567,metacritic_11791,0.9986978769302368
dbpedia_54852,metacritic_12714,0.9896699786186218
dbpedia_28626,metacritic_10315,0.9999594688415528
dbpedia_10776,metacritic_7227,0.9991899132728576
dbpedia_8754,metacritic_10234,0.9989097118377686
dbpedia_26965,metacritic_264,0.9787098169326782
dbpedia_38724,metacritic_5458,0.9998875856399536
dbpedia_50574,metacritic_16932,0.9997572302818298
dbpedia_42965,metacritic_5354,0.9561082720756532
dbpedia_8850,metacritic_15998,0.9999771118164062
dbpedia_10587,metacritic_193,0.997126281261444
dbpedia_36127,metacritic_15904,0.9989380240440368
dbpedia_62599,metacritic_14097,0.9998310804367064
dbpedia_44619,metacritic_6067,0.9999266862869264
dbpedia_21842,metacritic_9018,0.9998034834861756
dbpedia_39552,metacritic_6633,0.9802718758583068
dbpedia_9479,metacritic_1729,0.999767243862152
dbpedia_1924,metacritic_18258,0.9999568462371826
dbpedia_59877,metacritic_4661,0.9987586736679076
dbpedia_57542,metacritic_4237,0.9910708665847778
dbpedia_20529,metacritic_7908,0.9998875856399536
dbpedia_22078,metacritic_2502,0.999256670475006
dbpedia_44149,metacritic_3880,0.9999266862869264
dbpedia_44518,metacritic_7121,0.9999243021011353
dbpedia_18841,metacritic_10752,0.98165363073349
dbpedia_29208,metacritic_15327,0.999767243862152
dbpedia_23503,metacritic_11738,0.9998144507408142
dbpedia_56285,metacritic_12563,0.9829158782958984
dbpedia_4564,metacritic_9265,0.9957292675971984
dbpedia_16093,metacritic_17112,0.9595649838447572
dbpedia_57736,metacritic_693,0.999767243862152
dbpedia_2754,metacritic_3691,0.9747728705406188
dbpedia_19544,metacritic_14415,0.9997078776359558
dbpedia_10565,metacritic_7878,0.9997977614402772
dbpedia_22870,metacritic_10134,0.999782383441925
dbpedia_30178,metacritic_10545,0.9998927116394044
dbpedia_34835,metacritic_1193,0.9999901056289672
dbpedia_34255,metacritic_17764,0.999377965927124
dbpedia_22909,metacritic_1602,0.9896426796913148
dbpedia_20556,metacritic_19880,0.9999243021011353
dbpedia_19281,metacritic_12385,0.9998745918273926
dbpedia_22373,metacritic_10328,0.999847173690796
dbpedia_5038,metacritic_12865,0.9998902082443236
dbpedia_41863,metacritic_12308,0.9997572302818298
dbpedia_54270,metacritic_2679,0.9958808422088624
dbpedia_2671,metacritic_6593,0.9994953870773317
dbpedia_59577,metacritic_9485,0.9979732632637024
dbpedia_32191,metacritic_1083,0.941200315952301
dbpedia_10554,metacritic_41,0.9278053045272828
dbpedia_31519,metacritic_16875,0.9994569420814514
dbpedia_2016,metacritic_4229,0.9998762607574464
dbpedia_12081,metacritic_6404,0.9994955062866212
dbpedia_58588,metacritic_4705,0.9999655485153198
dbpedia_36245,metacritic_17979,0.999871015548706
dbpedia_32693,metacritic_19199,0.9144320487976074
dbpedia_44226,metacritic_9842,0.9511498212814332
dbpedia_14653,metacritic_4250,0.9903516173362732
dbpedia_55400,metacritic_4962,0.999842643737793
dbpedia_5070,metacritic_9515,0.9528687596321106
dbpedia_30200,metacritic_20390,0.9992207288742064
dbpedia_43082,metacritic_16378,0.9997841715812684
dbpedia_17362,metacritic_274,0.9998875856399536
dbpedia_51557,metacritic_8466,0.9978678226470948
dbpedia_18809,metacritic_17776,0.938937783241272
dbpedia_15141,metacritic_3908,0.999366581439972
dbpedia_1529,metacritic_3790,0.999783456325531
dbpedia_55234,metacritic_330,0.9999747276306152
dbpedia_44384,metacritic_11685,0.999767243862152
dbpedia_50044,metacritic_15526,0.9998875856399536
dbpedia_64806,metacritic_9234,0.9997802376747132
dbpedia_4663,metacritic_19448,0.9999966621398926
dbpedia_2008,metacritic_16756,0.9995208978652954
dbpedia_15397,metacritic_1398,0.9998034834861756
dbpedia_28128,metacritic_4455,0.9835144281387328
dbpedia_57598,metacritic_10000,0.9945399165153505
dbpedia_16241,metacritic_16130,0.9999656677246094
dbpedia_38422,metacritic_14958,0.984001874923706
dbpedia_2918,metacritic_738,0.9747728705406188
dbpedia_41321,metacritic_7802,0.909221053123474
dbpedia_40637,metacritic_2726,0.9986961483955384
dbpedia_9263,metacritic_14784,0.9990556836128236
dbpedia_11490,metacritic_1365,0.9998927116394044
dbpedia_20770,metacritic_3793,0.9999066591262816
dbpedia_26367,metacritic_3130,0.9997017979621888
dbpedia_30607,metacritic_4498,0.9994181394577026
dbpedia_29977,metacritic_1159,0.9995532631874084
dbpedia_55610,metacritic_10517,0.999842643737793
dbpedia_23605,metacritic_584,0.999909520149231
dbpedia_12594,metacritic_18013,0.999527096748352
dbpedia_22330,metacritic_17661,0.999754011631012
dbpedia_38608,metacritic_10787,0.9541840553283693
dbpedia_132,metacritic_11228,0.974230408668518
dbpedia_47175,metacritic_17626,0.9998098015785216
dbpedia_9433,metacritic_1581,0.9773856997489928
dbpedia_30775,metacritic_1892,0.99629408121109
dbpedia_61378,metacritic_20239,0.9996362924575806
dbpedia_28177,metacritic_1222,0.9999243021011353
dbpedia_8244,metacritic_5781,0.999387502670288
dbpedia_29082,metacritic_8129,0.9999639987945556
dbpedia_26170,metacritic_3095,0.9989994168281556
dbpedia_23160,metacritic_12518,0.9852964282035828
dbpedia_28391,metacritic_13483,0.994654417037964
dbpedia_3313,metacritic_10554,0.999864935874939
dbpedia_11371,metacritic_10947,0.999714195728302
dbpedia_19745,metacritic_14546,0.996286392211914
dbpedia_20822,metacritic_2233,0.9999547004699708
dbpedia_13383,metacritic_19096,0.9995540976524352
dbpedia_11088,metacritic_17764,0.999377965927124
dbpedia_25926,metacritic_12482,0.9468613266944884
dbpedia_16435,metacritic_1679,0.9999161958694458
dbpedia_23275,metacritic_1147,0.9997499585151672
dbpedia_53711,metacritic_1446,0.9649458527565002
dbpedia_36853,metacritic_19858,0.9975510239601136
dbpedia_55121,metacritic_7361,0.999933123588562
dbpedia_38813,metacritic_5529,0.9992875456809998
dbpedia_25098,metacritic_16605,0.9632545113563538
dbpedia_4771,metacritic_1297,0.9999184608459472
dbpedia_2209,metacritic_15310,0.9947407841682434
dbpedia_60652,metacritic_1877,0.9773856997489928
dbpedia_45326,metacritic_3956,0.9958070516586304
dbpedia_38002,metacritic_1687,0.9986622333526612
dbpedia_55563,metacritic_4836,0.996913194656372
dbpedia_57240,metacritic_19002,0.9999830722808838
dbpedia_24007,metacritic_1235,0.9998613595962524
dbpedia_62641,metacritic_19977,0.999643087387085
dbpedia_10600,metacritic_3104,0.999313235282898
dbpedia_60933,metacritic_11311,0.999933123588562
dbpedia_47021,metacritic_5716,0.999968647956848
dbpedia_9323,metacritic_2819,0.995452344417572
dbpedia_25152,metacritic_4590,0.9999243021011353
dbpedia_54315,metacritic_10529,0.9999966621398926
dbpedia_47397,metacritic_19148,0.993443727493286
dbpedia_29132,metacritic_19471,0.9915968775749208
dbpedia_33274,metacritic_1223,0.999572455883026
dbpedia_40849,metacritic_1333,0.9999243021011353
dbpedia_2757,metacritic_3593,0.9931930899620056
dbpedia_23536,metacritic_4534,0.9999243021011353
dbpedia_18487,metacritic_494,0.9990503191947936
dbpedia_39437,metacritic_5550,0.9997572302818298
dbpedia_27163,metacritic_7368,0.9999911785125732
dbpedia_15002,metacritic_408,0.9884116053581238
dbpedia_12339,metacritic_20388,0.9997572302818298
dbpedia_13215,metacritic_9758,0.9996908903121948
dbpedia_42914,metacritic_16792,0.9999266862869264
dbpedia_5632,metacritic_1994,0.9999041557312012
dbpedia_44788,metacritic_10882,0.99835604429245
dbpedia_27126,metacritic_16117,0.9696774482727052
dbpedia_2425,metacritic_5474,0.9998399019241332
dbpedia_43530,metacritic_120,0.9745616912841796
dbpedia_2851,metacritic_4,0.9904205799102784
dbpedia_36332,metacritic_14073,0.9996296167373656
dbpedia_35926,metacritic_17876,0.999642252922058
dbpedia_937,metacritic_15689,0.9997572302818298
dbpedia_64145,metacritic_7254,0.999767243862152
dbpedia_47244,metacritic_6693,0.9976674914360046
dbpedia_14761,metacritic_12727,0.9981966614723206
dbpedia_16042,metacritic_5125,0.9998319149017334
dbpedia_43857,metacritic_19758,0.999771773815155
dbpedia_4848,metacritic_9876,0.9999266862869264
dbpedia_14531,metacritic_19198,0.995543897151947
dbpedia_25590,metacritic_6460,0.9995126724243164
dbpedia_60121,metacritic_12892,0.999811351299286
dbpedia_51125,metacritic_8335,0.9998875856399536
dbpedia_6470,metacritic_8567,0.9996412992477416
dbpedia_19889,metacritic_15083,0.9994741082191468
dbpedia_320,metacritic_346,0.9573814868927002
dbpedia_22429,metacritic_6236,0.9602433443069458
dbpedia_33688,metacritic_9812,0.9998231530189514
dbpedia_46625,metacritic_6364,0.999842643737793
dbpedia_48310,metacritic_4250,0.9903516173362732
dbpedia_14508,metacritic_403,0.9787098169326782
dbpedia_1301,metacritic_18543,0.9998875856399536
dbpedia_29423,metacritic_4171,0.9953173398971558
dbpedia_49490,metacritic_20147,0.9998595714569092
dbpedia_32682,metacritic_3850,0.9998809099197388
dbpedia_53795,metacritic_12,0.999783456325531
dbpedia_51474,metacritic_20255,0.9984256029129028
dbpedia_25080,metacritic_6541,0.9999465942382812
dbpedia_17068,metacritic_3030,0.9998595714569092
dbpedia_25494,metacritic_12804,0.9999266862869264
dbpedia_30368,metacritic_19795,0.936616063117981
dbpedia_41318,metacritic_12455,0.9603900909423828
dbpedia_57313,metacritic_9136,0.99983811378479
dbpedia_31723,metacritic_3193,0.9995331764221193
dbpedia_27212,metacritic_15351,0.9996598958969116
dbpedia_1033,metacritic_239,0.9747280478477478
dbpedia_29531,metacritic_4390,0.999767243862152
dbpedia_56224,metacritic_12275,0.9997596144676208
dbpedia_63018,metacritic_7675,0.9781493544578552
dbpedia_36715,metacritic_18026,0.9956260919570924
dbpedia_34300,metacritic_2140,0.9997968077659608
dbpedia_15270,metacritic_4790,0.911119818687439
dbpedia_26592,metacritic_946,0.9925952553749084
dbpedia_31097,metacritic_14666,0.9998382329940796
dbpedia_48838,metacritic_1407,0.9998927116394044
dbpedia_29243,metacritic_15942,0.9879576563835144
dbpedia_37542,metacritic_6286,0.9991022348403932
dbpedia_24545,metacritic_10318,0.9996756315231324
dbpedia_23662,metacritic_14242,0.999797523021698
dbpedia_29068,metacritic_16612,0.9998809099197388
dbpedia_35547,metacritic_4938,0.9541840553283693
dbpedia_1753,metacritic_8354,0.9999423027038574
dbpedia_13721,metacritic_214,0.9998034834861756
dbpedia_10540,metacritic_17125,0.9999047517776488
dbpedia_6969,metacritic_10766,0.9978464841842652
dbpedia_33234,metacritic_7905,0.9999465942382812
dbpedia_5369,metacritic_4400,0.9998968839645386
dbpedia_51222,metacritic_10519,0.9998363256454468
dbpedia_21570,metacritic_2432,0.9997572302818298
dbpedia_21885,metacritic_509,0.9935245513916016
dbpedia_26167,metacritic_16173,0.999387502670288
dbpedia_64599,metacritic_1437,0.9998369216918944
dbpedia_57066,metacritic_10571,0.984001874923706
dbpedia_22108,metacritic_7661,0.9011465907096864
dbpedia_55358,metacritic_11039,0.9923115372657776
dbpedia_25402,metacritic_2832,0.9998810291290284
dbpedia_64120,metacritic_5660,0.9729889631271362
dbpedia_60357,metacritic_16246,0.9999170303344728
dbpedia_34118,metacritic_4423,0.9997499585151672
dbpedia_4970,metacritic_1056,0.9998927116394044
dbpedia_33469,metacritic_2724,0.9729466438293456
dbpedia_1919,metacritic_3333,0.999767243862152
dbpedia_44187,metacritic_13589,0.9882882833480836
dbpedia_37165,metacritic_17916,0.9938499331474304
dbpedia_62096,metacritic_7878,0.9998101592063904
dbpedia_17976,metacritic_3449,0.9914809465408324
dbpedia_2308,metacritic_557,0.9840452671051024
dbpedia_44018,metacritic_5927,0.9780579209327698
dbpedia_25687,metacritic_18291,0.988390326499939
dbpedia_61305,metacritic_18573,0.9924319982528688
dbpedia_12365,metacritic_23,0.9894429445266724
dbpedia_44269,metacritic_8819,0.9805238246917723
dbpedia_2020,metacritic_850,0.9726111888885498
dbpedia_41988,metacritic_2328,0.9992893934249878
dbpedia_2823,metacritic_12019,0.9996169805526732
dbpedia_41835,metacritic_5129,0.9998500347137452
dbpedia_3472,metacritic_3887,0.9999934434890748
dbpedia_264,metacritic_1331,0.999476969242096
dbpedia_57582,metacritic_1250,0.969029664993286
dbpedia_53253,metacritic_309,0.941200315952301
dbpedia_45907,metacritic_1043,0.9884116053581238
dbpedia_64136,metacritic_4462,0.9998809099197388
dbpedia_54524,metacritic_2795,0.999767243862152
dbpedia_56619,metacritic_3383,0.972055196762085
dbpedia_55244,metacritic_12097,0.9597730040550232
dbpedia_16874,metacritic_5443,0.9804278016090392
dbpedia_27725,metacritic_17775,0.9623896479606628
dbpedia_37291,metacritic_14843,0.9030559062957764
dbpedia_31430,metacritic_13730,0.9998500347137452
dbpedia_55738,metacritic_13339,0.9975360631942748
dbpedia_3982,metacritic_3400,0.9999831914901732
dbpedia_62390,metacritic_159,0.9854996800422668
dbpedia_53074,metacritic_2291,0.999754011631012
dbpedia_45999,metacritic_8297,0.9991410970687866
dbpedia_28153,metacritic_14433,0.9986034035682678
dbpedia_3929,metacritic_7481,0.9999489784240724
dbpedia_4331,metacritic_11057,0.9999170303344728
dbpedia_54752,metacritic_16578,0.9998809099197388
dbpedia_4988,metacritic_3795,0.9998500347137452
dbpedia_47710,metacritic_2726,0.9409089684486388
dbpedia_59113,metacritic_5094,0.9987958669662476
dbpedia_3812,metacritic_8146,0.9384604692459106
dbpedia_62991,metacritic_176,0.9998058676719666
dbpedia_64389,metacritic_4453,0.9986622333526612
dbpedia_61266,metacritic_12349,0.9120662212371826
dbpedia_61238,metacritic_7937,0.9996030926704408
dbpedia_53342,metacritic_3477,0.9999433755874634
dbpedia_57074,metacritic_837,0.999901294708252
dbpedia_43609,metacritic_15358,0.9994995594024658
dbpedia_3442,metacritic_16315,0.998544454574585
dbpedia_24141,metacritic_17582,0.9998334646224976
dbpedia_1589,metacritic_6172,0.936616063117981
dbpedia_6348,metacritic_8999,0.9996615648269652
dbpedia_8686,metacritic_112,0.9998875856399536
dbpedia_10196,metacritic_14666,0.9998277425765992
dbpedia_27854,metacritic_7361,0.999908208847046
dbpedia_56954,metacritic_6388,0.999771773815155
dbpedia_6549,metacritic_9140,0.9873508810997008
dbpedia_2406,metacritic_946,0.9907416105270386
dbpedia_17932,metacritic_12599,0.9858918786048888
dbpedia_3953,metacritic_7023,0.9999905824661256
dbpedia_10765,metacritic_1145,0.9998231530189514
dbpedia_24767,metacritic_20093,0.9293836951255798
dbpedia_31380,metacritic_2061,0.9996030926704408
dbpedia_49306,metacritic_19006,0.9999747276306152
dbpedia_8978,metacritic_7472,0.9759544730186462
dbpedia_54303,metacritic_3330,0.936616063117981
dbpedia_14140,metacritic_17673,0.9796732664108276
dbpedia_43864,metacritic_5047,0.9300051927566528
dbpedia_5394,metacritic_444,0.9541840553283693
dbpedia_52780,metacritic_8214,0.9198265075683594
dbpedia_61379,metacritic_8750,0.9995980858802797
dbpedia_5334,metacritic_14474,0.9999433755874634
dbpedia_30251,metacritic_10917,0.9994159936904908
dbpedia_40447,metacritic_11989,0.9729889631271362
dbpedia_23943,metacritic_19366,0.9752708673477172
dbpedia_10440,metacritic_17785,0.9989211559295654
dbpedia_55465,metacritic_5020,0.9999047517776488
dbpedia_28091,metacritic_13845,0.9998670816421508
dbpedia_62358,metacritic_3626,0.9714248180389404
dbpedia_32771,metacritic_9864,0.9341855645179749
dbpedia_32892,metacritic_18037,0.9998157620429992
dbpedia_59201,metacritic_9089,0.9696774482727052
dbpedia_45752,metacritic_8533,0.9969003200531006
dbpedia_8133,metacritic_16924,0.999927282333374
dbpedia_1440,metacritic_2778,0.956329882144928
dbpedia_2279,metacritic_16637,0.9990793466567992
dbpedia_35508,metacritic_3390,0.9998369216918944
dbpedia_36165,metacritic_4624,0.9786770343780518
dbpedia_39414,metacritic_6200,0.9856906533241272
dbpedia_41590,metacritic_6032,0.9996801614761353
dbpedia_32489,metacritic_5122,0.9944220185279846
dbpedia_51879,metacritic_14655,0.9815796613693236
dbpedia_30005,metacritic_11417,0.999767243862152
dbpedia_34929,metacritic_12537,0.9628246426582336
dbpedia_16702,metacritic_3279,0.9997696280479432
dbpedia_19140,metacritic_3475,0.9998875856399536
dbpedia_5534,metacritic_1842,0.9998358488082886
dbpedia_13751,metacritic_13220,0.9747728705406188
dbpedia_3076,metacritic_7206,0.9994701743125916
dbpedia_35376,metacritic_1804,0.9996362924575806
dbpedia_49639,metacritic_17655,0.996581256389618
dbpedia_29854,metacritic_4769,0.9995238780975342
dbpedia_26861,metacritic_921,0.9998231530189514
dbpedia_55992,metacritic_1802,0.9997113347053528
dbpedia_26984,metacritic_19074,0.9997615218162536
dbpedia_1525,metacritic_13003,0.996411144733429
dbpedia_62708,metacritic_13606,0.9223167300224304
dbpedia_26130,metacritic_1369,0.995854675769806
dbpedia_14756,metacritic_6338,0.9999905824661256
dbpedia_27059,metacritic_2114,0.960365116596222
dbpedia_51519,metacritic_4354,0.9541840553283693
dbpedia_37163,metacritic_11554,0.9054552912712096
dbpedia_5614,metacritic_13483,0.9866233468055724
dbpedia_36947,metacritic_2670,0.985530972480774
dbpedia_29065,metacritic_12333,0.9999949932098388
dbpedia_38237,metacritic_3783,0.9541101455688475
dbpedia_20736,metacritic_1450,0.958237886428833
dbpedia_61634,metacritic_16787,0.9895321130752563
dbpedia_4499,metacritic_9740,0.9958969354629515
dbpedia_7412,metacritic_5858,0.9795572757720948
dbpedia_47490,metacritic_10165,0.9995012283325196
dbpedia_18331,metacritic_20113,0.9985103011131288
dbpedia_33168,metacritic_4190,0.9795572757720948
dbpedia_29728,metacritic_8675,0.9999041557312012
dbpedia_1426,metacritic_2231,0.999842643737793
dbpedia_16915,metacritic_2920,0.9630110263824464
dbpedia_4384,metacritic_649,0.9844725728034972
dbpedia_7420,metacritic_891,0.9841564297676086
dbpedia_7064,metacritic_8973,0.999705135822296
dbpedia_54170,metacritic_18788,0.9999731779098512
dbpedia_13175,metacritic_9930,0.9997572302818298
dbpedia_38183,metacritic_37,0.9612231850624084
dbpedia_54544,metacritic_8012,0.9747728705406188
dbpedia_46896,metacritic_10789,0.9998875856399536
dbpedia_34378,metacritic_5597,0.969029664993286
dbpedia_23731,metacritic_19118,0.9996908903121948
dbpedia_5170,metacritic_9198,0.9960801005363464
dbpedia_7407,metacritic_497,0.9747728705406188
dbpedia_11276,metacritic_10640,0.9995821118354796
dbpedia_31422,metacritic_11654,0.9999243021011353
dbpedia_31912,metacritic_17741,0.9999047517776488
dbpedia_19087,metacritic_1137,0.9150559306144714
dbpedia_18706,metacritic_6872,0.999811828136444
dbpedia_15204,metacritic_5738,0.9696774482727052
dbpedia_5597,metacritic_11916,0.9989097118377686
dbpedia_7460,metacritic_16484,0.9998310804367064
dbpedia_53186,metacritic_603,0.971764326095581
dbpedia_11323,metacritic_2415,0.9991914629936218
dbpedia_63612,metacritic_12839,0.9929190278053284
dbpedia_20718,metacritic_18878,0.999775230884552
dbpedia_7631,metacritic_7370,0.938937783241272
dbpedia_39170,metacritic_4232,0.9815768599510192
dbpedia_29750,metacritic_11885,0.9985828399658204
dbpedia_15228,metacritic_2415,0.9991914629936218
dbpedia_63004,metacritic_3121,0.9998986721038818
dbpedia_39536,metacritic_3155,0.9989446997642516
dbpedia_19958,metacritic_17243,0.9999243021011353
dbpedia_55470,metacritic_11495,0.9760258197784424
dbpedia_423,metacritic_9057,0.9991683959960938
dbpedia_39903,metacritic_15727,0.9400175213813782
dbpedia_4139,metacritic_505,0.9998226761817932
dbpedia_2396,metacritic_2225,0.9975360631942748
dbpedia_28194,metacritic_17519,0.9998358488082886
dbpedia_58452,metacritic_853,0.9747728705406188
dbpedia_28836,metacritic_19120,0.9998434782028198
dbpedia_45045,metacritic_13096,0.9998310804367064
dbpedia_20237,metacritic_16552,0.9686613082885742
dbpedia_14183,metacritic_14344,0.9999923706054688
dbpedia_18662,metacritic_4123,0.9237979054450988
dbpedia_52543,metacritic_17592,0.998970627784729
dbpedia_28893,metacritic_2721,0.9385747909545898
dbpedia_43525,metacritic_5240,0.999797523021698
dbpedia_23374,metacritic_16468,0.9957165122032166
dbpedia_43420,metacritic_3524,0.9434151649475098
dbpedia_64022,metacritic_2581,0.999705135822296
dbpedia_62037,metacritic_17303,0.9997602105140686
dbpedia_33768,metacritic_17583,0.9917192459106444
dbpedia_3686,metacritic_11890,0.9911656975746156
dbpedia_10363,metacritic_2275,0.9996869564056396
dbpedia_52983,metacritic_16667,0.9994261264801024
dbpedia_28311,metacritic_2910,0.9999433755874634
dbpedia_9387,metacritic_4792,0.9994058609008788
dbpedia_5560,metacritic_10793,0.993444323539734
dbpedia_52850,metacritic_721,0.9328369498252868
dbpedia_45055,metacritic_19902,0.9985587000846864
dbpedia_12718,metacritic_15497,0.9967851638793944
dbpedia_57773,metacritic_7479,0.9998676776885986
dbpedia_37601,metacritic_15086,0.9999539852142334
dbpedia_58051,metacritic_20094,0.9999243021011353
dbpedia_15721,metacritic_14406,0.9997602105140686
dbpedia_51938,metacritic_17711,0.9983538389205932
dbpedia_40391,metacritic_7361,0.9999021291732788
dbpedia_4182,metacritic_3639,0.9998875856399536
dbpedia_11910,metacritic_14145,0.9997950196266174
dbpedia_34837,metacritic_523,0.9999243021011353
dbpedia_19697,metacritic_78,0.999705135822296
dbpedia_12891,metacritic_3267,0.9144257307052612
dbpedia_6988,metacritic_5566,0.9920268654823304
dbpedia_43381,metacritic_7675,0.9781493544578552
dbpedia_35938,metacritic_12418,0.9998101592063904
dbpedia_10755,metacritic_1474,0.9999072551727296
dbpedia_43467,metacritic_6306,0.9998809099197388
dbpedia_49846,metacritic_913,0.999768316745758
dbpedia_36561,metacritic_1147,0.9997499585151672
dbpedia_21666,metacritic_3455,0.9084364771842957
dbpedia_13907,metacritic_11903,0.9999974966049194
dbpedia_33378,metacritic_6250,0.9999066591262816
dbpedia_38888,metacritic_880,0.9582834243774414
dbpedia_55390,metacritic_20427,0.9998526573181152
dbpedia_63466,metacritic_19144,0.9994059801101683
dbpedia_34980,metacritic_12352,0.9999749660491944
dbpedia_1248,metacritic_17258,0.9975510239601136
dbpedia_7771,metacritic_1610,0.9998058676719666
dbpedia_46711,metacritic_10953,0.9995067119598388
dbpedia_29397,metacritic_5006,0.999789297580719
dbpedia_28145,metacritic_4922,0.936616063117981
dbpedia_37153,metacritic_6942,0.999767243862152
dbpedia_84,metacritic_1610,0.9997499585151672
dbpedia_34589,metacritic_2401,0.98165363073349
dbpedia_24921,metacritic_1921,0.9996347427368164
dbpedia_13415,metacritic_7310,0.9999423027038574
dbpedia_21273,metacritic_6742,0.9997716546058656
dbpedia_32478,metacritic_7602,0.9910708665847778
dbpedia_37756,metacritic_14797,0.95023113489151
dbpedia_61491,metacritic_10228,0.992004096508026
dbpedia_32346,metacritic_7744,0.9999009370803832
dbpedia_17386,metacritic_8021,0.9998927116394044
dbpedia_51551,metacritic_5715,0.9997265934944152
dbpedia_19490,metacritic_1942,0.9999141693115234
dbpedia_57754,metacritic_3969,0.973067343235016
dbpedia_9153,metacritic_829,0.9018073081970216
dbpedia_54939,metacritic_6958,0.9999243021011353
dbpedia_428,metacritic_1854,0.9863908290863036
dbpedia_35206,metacritic_17357,0.9999408721923828
dbpedia_16548,metacritic_8260,0.9995126724243164
dbpedia_55252,metacritic_5791,0.9964159727096558
dbpedia_14932,metacritic_13108,0.9998358488082886
dbpedia_7681,metacritic_10956,0.9997648596763612
dbpedia_22093,metacritic_47,0.9973111152648926
dbpedia_31398,metacritic_16584,0.994828760623932
dbpedia_2141,metacritic_10105,0.9593425393104552
dbpedia_23439,metacritic_9066,0.9998101592063904
dbpedia_27370,metacritic_17858,0.9792321920394896
dbpedia_40447,metacritic_14593,0.9729889631271362
dbpedia_38391,metacritic_5361,0.9998902082443236
dbpedia_41230,metacritic_19935,0.9999948740005492
dbpedia_19267,metacritic_9066,0.9998101592063904
dbpedia_6860,metacritic_2546,0.9999783039093018
dbpedia_33422,metacritic_19840,0.9986612796783448
dbpedia_39015,metacritic_4743,0.9994864463806152
dbpedia_15934,metacritic_9483,0.9997321963310242
dbpedia_10855,metacritic_18862,0.9998902082443236
dbpedia_16670,metacritic_18993,0.9956075549125672
dbpedia_64660,metacritic_8422,0.9996362924575806
dbpedia_6811,metacritic_19322,0.9996486902236938
dbpedia_24724,metacritic_13596,0.9644368290901184
dbpedia_28878,metacritic_6911,0.9801236987113952
dbpedia_2811,metacritic_11168,0.982453465461731
dbpedia_19079,metacritic_3115,0.9998927116394044
dbpedia_53206,metacritic_20163,0.949635922908783
dbpedia_9560,metacritic_3871,0.9996929168701172
dbpedia_2560,metacritic_2004,0.9510114789009094
dbpedia_3203,metacritic_17554,0.9900739192962646
dbpedia_42993,metacritic_19274,0.995711088180542
dbpedia_46805,metacritic_1941,0.9997499585151672
dbpedia_41223,metacritic_3000,0.999991774559021
dbpedia_48051,metacritic_8352,0.9996169805526732
dbpedia_27152,metacritic_10287,0.9998875856399536
dbpedia_27982,metacritic_6426,0.985471248626709
dbpedia_55738,metacritic_2225,0.9350863099098206
dbpedia_10055,metacritic_14773,0.9979704022407532
dbpedia_10450,metacritic_19920,0.9977651834487916
dbpedia_55969,metacritic_18978,0.999754011631012
dbpedia_41744,metacritic_7878,0.9997977614402772
dbpedia_27544,metacritic_2273,0.9856675863265992
dbpedia_14711,metacritic_5474,0.9996726512908936
dbpedia_3822,metacritic_4528,0.9998358488082886
dbpedia_8421,metacritic_3889,0.9996929168701172
dbpedia_12704,metacritic_20093,0.957957088947296
dbpedia_41656,metacritic_7498,0.938937783241272
dbpedia_30639,metacritic_13859,0.9979814291000366
dbpedia_10867,metacritic_18516,0.9997164607048036
dbpedia_54954,metacritic_2061,0.9995821118354796
dbpedia_38300,metacritic_17114,0.9853881001472472
dbpedia_6028,metacritic_5308,0.9998809099197388
dbpedia_24516,metacritic_3558,0.9997416138648988
dbpedia_53017,metacritic_11390,0.9999465942382812
dbpedia_6664,metacritic_6840,0.9996347427368164
dbpedia_2911,metacritic_9649,0.9054552912712096
dbpedia_9536,metacritic_13975,0.971959352493286
dbpedia_35845,metacritic_14254,0.9301599264144896
dbpedia_16703,metacritic_5376,0.9405035376548768
dbpedia_37800,metacritic_2166,0.9991626739501952
dbpedia_15021,metacritic_13493,0.9985003471374512
dbpedia_25397,metacritic_15168,0.9337002635002136
dbpedia_3033,metacritic_3198,0.9935245513916016
dbpedia_59406,metacritic_9341,0.9999330043792723
dbpedia_30565,metacritic_2435,0.9654162526130676
dbpedia_64930,metacritic_13065,0.999904990196228
dbpedia_54606,metacritic_14138,0.9985095858573914
dbpedia_6081,metacritic_15272,0.9997088313102722
dbpedia_48597,metacritic_1802,0.9997759461402892
dbpedia_10501,metacritic_6146,0.9733352661132812
dbpedia_7277,metacritic_13837,0.9998369216918944
dbpedia_29964,metacritic_4164,0.9970148801803588
dbpedia_7686,metacritic_1825,0.9996929168701172
dbpedia_46249,metacritic_1922,0.9870859980583192
dbpedia_8315,metacritic_1756,0.9998927116394044
dbpedia_51926,metacritic_192,0.9996614456176758
dbpedia_31708,metacritic_15853,0.9897000789642334
dbpedia_31768,metacritic_936,0.9999047517776488
dbpedia_35069,metacritic_3646,0.9879416823387146
dbpedia_39253,metacritic_3772,0.9911656975746156
dbpedia_20600,metacritic_13585,0.9995642304420472
dbpedia_11059,metacritic_4649,0.9999828338623048
dbpedia_7997,metacritic_3593,0.9914878606796264
dbpedia_49818,metacritic_4094,0.9998613595962524
dbpedia_2169,metacritic_1716,0.9998927116394044
dbpedia_53382,metacritic_14204,0.9677218794822692
dbpedia_15933,metacritic_1901,0.9998927116394044
dbpedia_4054,metacritic_3339,0.981416881084442
dbpedia_44952,metacritic_16246,0.9998339414596558
dbpedia_57297,metacritic_721,0.9018073081970216
dbpedia_36027,metacritic_8135,0.9997119307518004
dbpedia_6110,metacritic_4645,0.9696774482727052
dbpedia_45433,metacritic_12863,0.9998058676719666
dbpedia_6270,metacritic_13302,0.9998788833618164
dbpedia_34376,metacritic_3880,0.9999266862869264
dbpedia_705,metacritic_483,0.956186056137085
dbpedia_63801,metacritic_8203,0.9998443126678468
dbpedia_30555,metacritic_4703,0.999842643737793
dbpedia_2396,metacritic_13339,0.9350863099098206
dbpedia_64569,metacritic_10093,0.9998927116394044
dbpedia_47966,metacritic_11867,0.930683135986328
dbpedia_40183,metacritic_5315,0.9965721368789672
dbpedia_20841,metacritic_11090,0.9989461302757264
dbpedia_2770,metacritic_18098,0.9996323585510254
dbpedia_39831,metacritic_20157,0.9610422253608704
dbpedia_15037,metacritic_7122,0.9998100399971008
dbpedia_14144,metacritic_963,0.9998927116394044
dbpedia_12207,metacritic_19177,0.9730526208877563
dbpedia_26390,metacritic_2850,0.9961649179458618
dbpedia_7409,metacritic_16937,0.9999951124191284
dbpedia_31474,metacritic_14655,0.9452582001686096
dbpedia_40079,metacritic_15797,0.9996987581253052
dbpedia_30854,metacritic_11473,0.9916735291481018
dbpedia_34865,metacritic_18301,0.999842643737793
dbpedia_10296,metacritic_15132,0.9758511781692504
dbpedia_22847,metacritic_14071,0.9999176263809204
dbpedia_43193,metacritic_10347,0.9107899069786072
dbpedia_28624,metacritic_17075,0.9983816146850586
dbpedia_19381,metacritic_4492,0.9758511781692504
dbpedia_48774,metacritic_14241,0.999893069267273
dbpedia_51325,metacritic_9483,0.9997515082359314
dbpedia_56477,metacritic_17906,0.9998358488082886
dbpedia_23661,metacritic_3222,0.9995598196983336
dbpedia_27123,metacritic_5786,0.9621460437774658
dbpedia_64088,metacritic_3790,0.999783456325531
dbpedia_24487,metacritic_17786,0.9993624091148376
dbpedia_10728,metacritic_6473,0.9910067915916444
dbpedia_27510,metacritic_13916,0.9998310804367064
dbpedia_23073,metacritic_18314,0.9998809099197388
dbpedia_19801,metacritic_11154,0.9940736889839172
dbpedia_3433,metacritic_18122,0.9748461842536926
dbpedia_52017,metacritic_4164,0.9976155757904052
dbpedia_12396,metacritic_8972,0.9246532917022704
dbpedia_13242,metacritic_5253,0.9995126724243164
dbpedia_49661,metacritic_14682,0.9995526671409608
dbpedia_25061,metacritic_6872,0.9997995495796204
dbpedia_13362,metacritic_17122,0.9822890758514404
dbpedia_5327,metacritic_2078,0.9747280478477478
dbpedia_1077,metacritic_294,0.9997909665107728
dbpedia_30471,metacritic_13389,0.9996981620788574
dbpedia_43868,metacritic_2848,0.9998921155929564
dbpedia_36897,metacritic_19704,0.9747280478477478
dbpedia_25957,metacritic_6288,0.9998875856399536
dbpedia_15703,metacritic_14326,0.9185503721237184
dbpedia_35665,metacritic_12697,0.9646910429000854
dbpedia_61302,metacritic_14328,0.9891743659973145
dbpedia_26419,metacritic_142,0.9769509434700012
dbpedia_2725,metacritic_6252,0.9858518242836
dbpedia_55381,metacritic_8357,0.9185503721237184
dbpedia_29428,metacritic_1714,0.9796320796012878
dbpedia_39977,metacritic_6905,0.9997572302818298
dbpedia_17527,metacritic_12701,0.9698968529701232
dbpedia_3875,metacritic_904,0.999716341495514
dbpedia_19813,metacritic_220,0.999257266521454
dbpedia_8077,metacritic_4434,0.9625776410102844
dbpedia_16576,metacritic_9964,0.9999266862869264
dbpedia_34241,metacritic_2920,0.9996461868286132
dbpedia_11616,metacritic_628,0.9846178293228148
dbpedia_29870,metacritic_506,0.9996602535247804
dbpedia_17652,metacritic_9799,0.999767243862152
dbpedia_44723,metacritic_17653,0.9957428574562072
dbpedia_29470,metacritic_6674,0.999864935874939
dbpedia_44148,metacritic_3785,0.9573814868927002
dbpedia_61312,metacritic_7855,0.9999862909317015
dbpedia_63388,metacritic_16648,0.9992850422859192
dbpedia_38206,metacritic_18041,0.9937270879745485
dbpedia_45908,metacritic_7617,0.995337724685669
dbpedia_2145,metacritic_14129,0.9330571293830872
dbpedia_21357,metacritic_740,0.999892234802246
dbpedia_56121,metacritic_16365,0.998717188835144
dbpedia_1766,metacritic_17518,0.9996719360351562
dbpedia_41875,metacritic_18714,0.9978638291358948
dbpedia_3264,metacritic_15425,0.9999243021011353
dbpedia_31476,metacritic_19191,0.9642432928085328
dbpedia_60678,metacritic_1140,0.9980902075767516
dbpedia_42877,metacritic_887,0.9662705063819884
dbpedia_22103,metacritic_2073,0.9998231530189514
dbpedia_6739,metacritic_18214,0.994639217853546
dbpedia_992,metacritic_7489,0.9998660087585448
dbpedia_40981,metacritic_20463,0.9993719458580016
dbpedia_21351,metacritic_12826,0.9998310804367064
dbpedia_5560,metacritic_9846,0.993444323539734
dbpedia_6882,metacritic_6430,0.9997618794441224
dbpedia_51312,metacritic_8294,0.9999053478240968
dbpedia_56310,metacritic_10083,0.9998618364334106
dbpedia_5599,metacritic_5939,0.9997292160987854
dbpedia_24436,metacritic_15219,0.9995056390762328
dbpedia_28851,metacritic_7718,0.9007341861724854
dbpedia_33237,metacritic_5034,0.9999279975891112
dbpedia_7854,metacritic_11568,0.9999175071716307
dbpedia_13265,metacritic_18793,0.9998273849487304
dbpedia_47029,metacritic_2975,0.9434508085250854
dbpedia_51462,metacritic_5939,0.9997292160987854
dbpedia_28723,metacritic_5847,0.9998902082443236
dbpedia_38477,metacritic_13914,0.9678637981414796
dbpedia_53834,metacritic_12596,0.9998875856399536
dbpedia_40007,metacritic_6012,0.9996956586837769
dbpedia_28248,metacritic_10370,0.9946638345718384
dbpedia_29709,metacritic_1941,0.9997499585151672
dbpedia_34733,metacritic_14509,0.9640188813209534
dbpedia_33661,metacritic_9724,0.905116319656372
dbpedia_59464,metacritic_20000,0.9561948776245116
dbpedia_59201,metacritic_17064,0.9696774482727052
dbpedia_15905,metacritic_16679,0.9999243021011353
dbpedia_46858,metacritic_12593,0.9851281046867372
dbpedia_36694,metacritic_12126,0.984462022781372
dbpedia_28386,metacritic_19620,0.9999408721923828
dbpedia_37374,metacritic_12257,0.936616063117981
dbpedia_26068,metacritic_20384,0.9999927282333374
dbpedia_16172,metacritic_6537,0.9999639987945556
dbpedia_6755,metacritic_19757,0.996792733669281
dbpedia_14667,metacritic_20005,0.9988505840301514
dbpedia_4643,metacritic_16208,0.9999191761016846
dbpedia_15630,metacritic_2105,0.9965505599975586
dbpedia_61087,metacritic_12638,0.9999200105667114
dbpedia_37051,metacritic_10956,0.962434947490692
dbpedia_9172,metacritic_13320,0.9998238682746888
dbpedia_58315,metacritic_14840,0.9930845499038696
dbpedia_20670,metacritic_12567,0.9997572302818298
dbpedia_30140,metacritic_5966,0.9998875856399536
dbpedia_32158,metacritic_14466,0.999755322933197
dbpedia_29214,metacritic_2669,0.9900739192962646
dbpedia_49050,metacritic_14447,0.9846602082252502
dbpedia_51897,metacritic_7828,0.9904205799102784
dbpedia_27053,metacritic_1002,0.9998443126678468
dbpedia_41494,metacritic_7474,0.9997596144676208
dbpedia_7568,metacritic_5324,0.9999828338623048
dbpedia_10794,metacritic_15123,0.9935666918754578
dbpedia_15080,metacritic_6321,0.9999943971633912
dbpedia_38579,metacritic_10625,0.9337002635002136
dbpedia_57190,metacritic_16539,0.9999922513961792
dbpedia_46657,metacritic_13862,0.9954901337623596
dbpedia_46529,metacritic_8485,0.999771773815155
dbpedia_17202,metacritic_12520,0.9998310804367064
dbpedia_15251,metacritic_295,0.9981088638305664
dbpedia_7801,metacritic_7341,0.9999047517776488
dbpedia_9822,metacritic_12075,0.9541101455688475
dbpedia_57979,metacritic_3143,0.9747728705406188
dbpedia_8241,metacritic_1144,0.9787098169326782
dbpedia_22319,metacritic_16605,0.9632545113563538
dbpedia_51056,metacritic_9910,0.9709587693214417
dbpedia_44164,metacritic_13393,0.9995612502098083
dbpedia_27783,metacritic_18718,0.9972943663597108
dbpedia_50297,metacritic_6195,0.9668134450912476
dbpedia_2743,metacritic_5901,0.9986034035682678
dbpedia_7307,metacritic_4803,0.998230278491974
dbpedia_61985,metacritic_10305,0.9998528957366944
dbpedia_9902,metacritic_13812,0.9976934790611268
dbpedia_61090,metacritic_6872,0.9997995495796204
dbpedia_32640,metacritic_19607,0.9741563200950624
dbpedia_59267,metacritic_4192,0.9997887015342712
dbpedia_49444,metacritic_7963,0.9916735291481018
dbpedia_45999,metacritic_9433,0.9991410970687866
dbpedia_22882,metacritic_18026,0.9306411147117616
dbpedia_27317,metacritic_3056,0.9998875856399536
dbpedia_63095,metacritic_19440,0.9815141558647156
dbpedia_46989,metacritic_5160,0.9920422434806824
dbpedia_22468,metacritic_17575,0.9996241331100464
dbpedia_43291,metacritic_6606,0.9661231637001038
dbpedia_1900,metacritic_3981,0.9994545578956604
dbpedia_18343,metacritic_17833,0.9988116025924684
dbpedia_25659,metacritic_9565,0.9996347427368164
dbpedia_20065,metacritic_7465,0.9996461868286132
dbpedia_887,metacritic_14145,0.9997568726539612
dbpedia_26019,metacritic_6352,0.9541101455688475
dbpedia_39266,metacritic_4900,0.9996187686920166
dbpedia_34285,metacritic_5205,0.9573814868927002
dbpedia_45529,metacritic_6172,0.9999433755874634
dbpedia_4696,metacritic_8471,0.999754011631012
dbpedia_13370,metacritic_15733,0.9999966621398926
dbpedia_44805,metacritic_13658,0.9920772910118104
dbpedia_19614,metacritic_4905,0.9997909665107728
dbpedia_55092,metacritic_5119,0.9931930899620056
dbpedia_30708,metacritic_13922,0.9999889135360718
dbpedia_28308,metacritic_2063,0.9998443126678468
dbpedia_2080,metacritic_5865,0.9843848943710328
dbpedia_1186,metacritic_4111,0.9649458527565002
dbpedia_12834,metacritic_18902,0.9998810291290284
dbpedia_38347,metacritic_2159,0.9998927116394044
dbpedia_213,metacritic_16283,0.9931570887565612
dbpedia_45481,metacritic_8305,0.998868763446808
dbpedia_56149,metacritic_2506,0.9858385920524596
dbpedia_8914,metacritic_16733,0.9415495991706848
dbpedia_52185,metacritic_10781,0.9994045495986938
dbpedia_19356,metacritic_14344,0.999988317489624
dbpedia_50256,metacritic_19987,0.9999297857284546
dbpedia_35519,metacritic_13597,0.9999243021011353
dbpedia_55257,metacritic_14519,0.9993232488632202
dbpedia_58045,metacritic_13573,0.9994183778762816
dbpedia_5673,metacritic_285,0.996257781982422
dbpedia_6598,metacritic_2703,0.9923903346061708
dbpedia_37594,metacritic_16605,0.9609604477882384
dbpedia_21924,metacritic_10513,0.9853881001472472
dbpedia_8196,metacritic_19059,0.978116512298584
dbpedia_20242,metacritic_9296,0.989605188369751
dbpedia_2308,metacritic_527,0.9840452671051024
dbpedia_16775,metacritic_19565,0.9993976354599
dbpedia_53132,metacritic_17787,0.9998711347579956
dbpedia_28128,metacritic_2157,0.9896426796913148
dbpedia_26239,metacritic_16662,0.9990235567092896
dbpedia_2130,metacritic_2160,0.9998089671134948
dbpedia_16315,metacritic_11917,0.999970316886902
dbpedia_45098,metacritic_9066,0.9997977614402772
dbpedia_29814,metacritic_9054,0.9999330043792723
dbpedia_33784,metacritic_4232,0.9815768599510192
dbpedia_29447,metacritic_5333,0.999698519706726
dbpedia_25005,metacritic_7388,0.979652225971222
dbpedia_49157,metacritic_10458,0.9766539931297302
dbpedia_56138,metacritic_5803,0.9996116757392884
dbpedia_4055,metacritic_771,0.9914878606796264
dbpedia_23804,metacritic_14393,0.999767243862152
dbpedia_34378,metacritic_5149,0.969029664993286
dbpedia_11434,metacritic_16050,0.9853770136833192
dbpedia_23717,metacritic_12976,0.984955370426178
dbpedia_23288,metacritic_13954,0.9998928308486938
dbpedia_17374,metacritic_13794,0.9981966614723206
dbpedia_57152,metacritic_3783,0.9826679825782776
dbpedia_47286,metacritic_5266,0.9998058676719666
dbpedia_11078,metacritic_10499,0.999714195728302
dbpedia_13530,metacritic_293,0.9916735291481018
dbpedia_38057,metacritic_3994,0.9926591515541076
dbpedia_39836,metacritic_17790,0.9995126724243164
dbpedia_49059,metacritic_1171,0.9999275207519532
dbpedia_57004,metacritic_7108,0.998785436153412
dbpedia_61944,metacritic_8461,0.9536473155021667
dbpedia_13179,metacritic_176,0.9642007350921632
dbpedia_45377,metacritic_14473,0.997843623161316
dbpedia_22250,metacritic_10581,0.999842643737793
dbpedia_5807,metacritic_4140,0.9768773317337036
dbpedia_43346,metacritic_2361,0.9986978769302368
dbpedia_40235,metacritic_4922,0.9696605205535888
dbpedia_35503,metacritic_8889,0.9998927116394044
dbpedia_3649,metacritic_4792,0.9710209369659424
dbpedia_17479,metacritic_2134,0.9726772904396056
dbpedia_52437,metacritic_3880,0.9999266862869264
dbpedia_24620,metacritic_3788,0.973658561706543
dbpedia_10025,metacritic_9607,0.9998809099197388
dbpedia_43641,metacritic_2818,0.9018073081970216
dbpedia_2697,metacritic_1096,0.9999933242797852
dbpedia_48601,metacritic_8232,0.9787098169326782
dbpedia_1178,metacritic_14145,0.9997568726539612
dbpedia_9504,metacritic_1802,0.9997113347053528
dbpedia_63015,metacritic_1515,0.9574174284934998
dbpedia_41164,metacritic_3032,0.9910067915916444
dbpedia_47137,metacritic_2902,0.9997474551200868
dbpedia_14567,metacritic_2262,0.999767243862152
dbpedia_49992,metacritic_18839,0.9918034076690674
dbpedia_59709,metacritic_9219,0.9997572302818298
dbpedia_58498,metacritic_12510,0.9999812841415404
dbpedia_18336,metacritic_47,0.90643048286438
dbpedia_12487,metacritic_2435,0.999006688594818
dbpedia_15548,metacritic_11723,0.9882748126983644
dbpedia_5438,metacritic_18511,0.9998875856399536
dbpedia_5683,metacritic_18264,0.9154125452041626
dbpedia_8881,metacritic_3260,0.9999822378158568
dbpedia_869,metacritic_1338,0.9832304120063782
dbpedia_4506,metacritic_18296,0.9994650483131408
dbpedia_5490,metacritic_355,0.9985095858573914
dbpedia_18796,metacritic_16546,0.999853253364563
dbpedia_1037,metacritic_1437,0.9998399019241332
dbpedia_40694,metacritic_5763,0.9900739192962646
dbpedia_2581,metacritic_4159,0.9996888637542723
dbpedia_11186,metacritic_8770,0.987489640712738
dbpedia_21847,metacritic_2316,0.9996225833892822
dbpedia_63002,metacritic_6680,0.9450221061706544
dbpedia_61233,metacritic_6680,0.9416586756706238
dbpedia_6900,metacritic_15759,0.9507111310958862
dbpedia_10513,metacritic_3263,0.999822437763214
dbpedia_9313,metacritic_9234,0.9997618794441224
dbpedia_11800,metacritic_8828,0.9753427505493164
dbpedia_4741,metacritic_6456,0.9996545314788818
dbpedia_29878,metacritic_5272,0.9999243021011353
dbpedia_18039,metacritic_7629,0.9982150793075562
dbpedia_38185,metacritic_14124,0.9998258948326112
dbpedia_55336,metacritic_1690,0.922153890132904
dbpedia_2487,metacritic_16542,0.9793761968612672
dbpedia_40694,metacritic_3278,0.9900739192962646
dbpedia_20242,metacritic_6952,0.989605188369751
dbpedia_3240,metacritic_4164,0.9970148801803588
dbpedia_6580,metacritic_3259,0.9998927116394044
dbpedia_36535,metacritic_510,0.9018073081970216
dbpedia_59864,metacritic_11795,0.9989211559295654
dbpedia_35967,metacritic_18863,0.9998902082443236
dbpedia_59729,metacritic_14290,0.9998101592063904
dbpedia_414,metacritic_7675,0.9781493544578552
dbpedia_35736,metacritic_2394,0.9999450445175172
dbpedia_35955,metacritic_19987,0.9998278617858888
dbpedia_24086,metacritic_17639,0.9998888969421388
dbpedia_33905,metacritic_18323,0.9906160235404968
dbpedia_56493,metacritic_9043,0.999853253364563
dbpedia_14136,metacritic_7190,0.9997479319572448
dbpedia_32151,metacritic_20253,0.9896426796913148
dbpedia_61302,metacritic_12109,0.9710209369659424
dbpedia_27846,metacritic_9404,0.997562050819397
dbpedia_60495,metacritic_14913,0.9998884201049804
dbpedia_37345,metacritic_1295,0.9998927116394044
dbpedia_19425,metacritic_19858,0.9985370635986328
dbpedia_39248,metacritic_13426,0.9998310804367064
dbpedia_2758,metacritic_8239,0.9996241331100464
dbpedia_33485,metacritic_1237,0.9998875856399536
dbpedia_5805,metacritic_11868,0.9999854564666748
dbpedia_18099,metacritic_1421,0.9964159727096558
dbpedia_62003,metacritic_948,0.9809405207633972
dbpedia_56853,metacritic_17071,0.9916735291481018
dbpedia_39132,metacritic_11989,0.9882748126983644
dbpedia_54557,metacritic_643,0.9994930028915404
dbpedia_26170,metacritic_6334,0.9989994168281556
dbpedia_28938,metacritic_7895,0.936616063117981
dbpedia_28698,metacritic_8171,0.9999918937683104
dbpedia_16359,metacritic_14335,0.977349817752838
dbpedia_38286,metacritic_2581,0.9996616840362548
dbpedia_56765,metacritic_6391,0.9999747276306152
dbpedia_5357,metacritic_2781,0.9997523427009584
dbpedia_62989,metacritic_5020,0.9997596144676208
dbpedia_10357,metacritic_9340,0.999789535999298
dbpedia_31052,metacritic_15995,0.9998034834861756
dbpedia_41775,metacritic_7722,0.933133900165558
dbpedia_55579,metacritic_11446,0.9998358488082886
dbpedia_7007,metacritic_17791,0.99998140335083
dbpedia_30616,metacritic_2004,0.9799556136131288
dbpedia_5176,metacritic_8776,0.9999266862869264
dbpedia_17143,metacritic_14714,0.909221053123474
dbpedia_6659,metacritic_15141,0.9521531462669371
dbpedia_62682,metacritic_8264,0.9997257590293884
dbpedia_10476,metacritic_19382,0.9997746348381042
dbpedia_11666,metacritic_10639,0.9918560981750488
dbpedia_14868,metacritic_17119,0.9853881001472472
dbpedia_7708,metacritic_1390,0.9661218523979188
dbpedia_45843,metacritic_19785,0.915095865726471
dbpedia_60355,metacritic_12954,0.9997572302818298
dbpedia_46829,metacritic_5006,0.999771773815155
dbpedia_27458,metacritic_852,0.9573814868927002
dbpedia_48926,metacritic_10562,0.9817360639572144
dbpedia_62588,metacritic_3186,0.9997017979621888
dbpedia_56395,metacritic_9057,0.9683624505996704
dbpedia_22977,metacritic_4399,0.9265185594558716
dbpedia_23592,metacritic_2639,0.9615715742111206
dbpedia_14734,metacritic_7990,0.9952154159545898
dbpedia_57075,metacritic_8249,0.9679840803146362
dbpedia_28352,metacritic_516,0.9999319314956664
dbpedia_55587,metacritic_16117,0.9886627793312072
dbpedia_3321,metacritic_19180,0.999771773815155
dbpedia_64025,metacritic_850,0.9829246401786804
dbpedia_21160,metacritic_9729,0.9999624490737916
dbpedia_21315,metacritic_1602,0.9584044218063354
dbpedia_12546,metacritic_913,0.999768316745758
dbpedia_2956,metacritic_15341,0.975559413433075
dbpedia_220,metacritic_17029,0.936616063117981
dbpedia_53576,metacritic_420,0.9904205799102784
dbpedia_16249,metacritic_4435,0.9999932050704956
dbpedia_47311,metacritic_9040,0.9758511781692504
dbpedia_23464,metacritic_1476,0.9989245533943176
dbpedia_24225,metacritic_4922,0.967752993106842
dbpedia_5194,metacritic_18063,0.9998809099197388
dbpedia_2677,metacritic_408,0.9884116053581238
dbpedia_3633,metacritic_5240,0.999755322933197
dbpedia_32189,metacritic_1232,0.9758511781692504
dbpedia_35745,metacritic_18053,0.9999243021011353
dbpedia_24100,metacritic_7954,0.9998193383216858
dbpedia_4467,metacritic_5266,0.9997499585151672
dbpedia_39998,metacritic_18789,0.999767243862152
dbpedia_22298,metacritic_9778,0.9362649321556092
dbpedia_14701,metacritic_8194,0.998382568359375
dbpedia_39036,metacritic_4740,0.9999487400054932
dbpedia_13720,metacritic_6799,0.9990233182907104
dbpedia_63392,metacritic_13242,0.99774569272995
dbpedia_9200,metacritic_8166,0.9988358616828918
dbpedia_4055,metacritic_2401,0.9914878606796264
dbpedia_52668,metacritic_16166,0.9998615980148317
dbpedia_54822,metacritic_1250,0.985530972480774
dbpedia_5461,metacritic_600,0.99865061044693
dbpedia_17185,metacritic_16766,0.9854657649993896
dbpedia_64653,metacritic_899,0.9541101455688475
dbpedia_9593,metacritic_3067,0.9962592124938964
dbpedia_11098,metacritic_4116,0.999892234802246
dbpedia_18305,metacritic_5498,0.9885729551315308
dbpedia_22710,metacritic_4193,0.9999047517776488
dbpedia_28342,metacritic_9473,0.940030574798584
dbpedia_3831,metacritic_18736,0.9766539931297302
dbpedia_51255,metacritic_6543,0.9200962781906128
dbpedia_51694,metacritic_14433,0.9988043308258056
dbpedia_9000,metacritic_10524,0.9753201603889464
dbpedia_51663,metacritic_8150,0.9092009663581848
dbpedia_30435,metacritic_7617,0.927056610584259
dbpedia_1740,metacritic_16797,0.9998358488082886
dbpedia_34423,metacritic_537,0.999578297138214
dbpedia_4037,metacritic_6303,0.9992959499359132
dbpedia_53587,metacritic_14384,0.998593270778656
dbpedia_50562,metacritic_4025,0.9992376565933228
dbpedia_125,metacritic_5747,0.9998875856399536
dbpedia_10768,metacritic_9214,0.9834129810333252
dbpedia_50070,metacritic_8663,0.9802207946777344
dbpedia_32256,metacritic_12334,0.950796902179718
dbpedia_12423,metacritic_3511,0.9998809099197388
dbpedia_12403,metacritic_12997,0.9997618794441224
dbpedia_22357,metacritic_17791,0.99998140335083
dbpedia_603,metacritic_14809,0.9998310804367064
dbpedia_46959,metacritic_9258,0.9529455304145812
dbpedia_16592,metacritic_11500,0.9998786449432372
dbpedia_33767,metacritic_7843,0.999722182750702
dbpedia_25791,metacritic_832,0.95023113489151
dbpedia_28507,metacritic_11409,0.999714195728302
dbpedia_24974,metacritic_1495,0.9995098114013672
dbpedia_53564,metacritic_9137,0.9997596144676208
dbpedia_22808,metacritic_1453,0.9998921155929564
dbpedia_11886,metacritic_20105,0.985993266105652
dbpedia_64062,metacritic_13503,0.9981849789619446
dbpedia_3396,metacritic_18388,0.9330495595932008
dbpedia_29428,metacritic_2268,0.9796320796012878
dbpedia_7020,metacritic_13837,0.9998263716697692
dbpedia_54175,metacritic_2238,0.9978464841842652
dbpedia_19901,metacritic_9580,0.9630110263824464
dbpedia_14933,metacritic_281,0.9996615648269652
dbpedia_39490,metacritic_19440,0.9769509434700012
dbpedia_32359,metacritic_9242,0.9999659061431884
dbpedia_59316,metacritic_12151,0.9876598715782166
dbpedia_25189,metacritic_14254,0.9997063279151917
dbpedia_19331,metacritic_7718,0.9427490234375
dbpedia_35411,metacritic_16385,0.9994650483131408
dbpedia_18583,metacritic_7353,0.9561082720756532
dbpedia_102,metacritic_14582,0.996679663658142
dbpedia_8006,metacritic_16268,0.9496996998786926
dbpedia_227,metacritic_19272,0.9896448850631714
dbpedia_62352,metacritic_17254,0.9994751811027528
dbpedia_23739,metacritic_99,0.9997848868370056
dbpedia_3316,metacritic_12969,0.9998809099197388
dbpedia_19037,metacritic_8018,0.9998231530189514
dbpedia_1654,metacritic_7001,0.9997617602348328
dbpedia_47421,metacritic_2156,0.9999905824661256
dbpedia_20850,metacritic_12000,0.9999704360961914
dbpedia_64813,metacritic_3592,0.9787098169326782
dbpedia_24270,metacritic_11067,0.9991125464439392
dbpedia_4119,metacritic_695,0.993736743927002
dbpedia_28637,metacritic_14263,0.999643325805664
dbpedia_7270,metacritic_5177,0.9968994855880736
dbpedia_5459,metacritic_10894,0.9999465942382812
dbpedia_11066,metacritic_9948,0.9999266862869264
dbpedia_24180,metacritic_758,0.9999713897705078
dbpedia_19650,metacritic_15873,0.9999921321868896
dbpedia_56401,metacritic_7964,0.9984068274497986
dbpedia_11210,metacritic_5006,0.9997242093086244
dbpedia_26979,metacritic_10996,0.9112341403961182
dbpedia_604,metacritic_12617,0.9998902082443236
dbpedia_3351,metacritic_7423,0.9998928308486938
dbpedia_33856,metacritic_6698,0.971713662147522
dbpedia_25005,metacritic_7885,0.979652225971222
dbpedia_17188,metacritic_12850,0.999754011631012
dbpedia_25180,metacritic_13856,0.9999743700027466
dbpedia_19698,metacritic_5477,0.9695380330085754
dbpedia_29657,metacritic_2791,0.9999977350234984
dbpedia_62427,metacritic_71,0.9994712471961976
dbpedia_64380,metacritic_11365,0.9802718758583068
dbpedia_33434,metacritic_20362,0.9997572302818298
dbpedia_8299,metacritic_14849,0.936616063117981
dbpedia_45250,metacritic_2877,0.9632545113563538
dbpedia_31152,metacritic_3853,0.9997887015342712
dbpedia_5733,metacritic_10375,0.9904205799102784
dbpedia_38435,metacritic_17355,0.9998358488082886
dbpedia_52762,metacritic_15938,0.9996733665466307
dbpedia_21349,metacritic_655,0.9954462051391602
dbpedia_51094,metacritic_1443,0.9997286200523376
dbpedia_1059,metacritic_9137,0.9998824596405028
dbpedia_57650,metacritic_1780,0.9451726078987122
dbpedia_4937,metacritic_6606,0.9849725365638732
dbpedia_8539,metacritic_1802,0.9997113347053528
dbpedia_17734,metacritic_1331,0.999476969242096
dbpedia_6477,metacritic_7050,0.980985939502716
dbpedia_54643,metacritic_16646,0.9968873858451844
dbpedia_64553,metacritic_17219,0.9998250603675842
dbpedia_17455,metacritic_16488,0.9864130020141602
dbpedia_52890,metacritic_1793,0.9999949932098388
dbpedia_9317,metacritic_18934,0.9993599057197572
dbpedia_49927,metacritic_9055,0.999845027923584
dbpedia_2181,metacritic_20045,0.9998500347137452
dbpedia_48298,metacritic_5468,0.9999704360961914
dbpedia_22118,metacritic_2693,0.9992456436157228
dbpedia_19599,metacritic_13902,0.9995550513267516
dbpedia_27439,metacritic_4350,0.999755322933197
dbpedia_8953,metacritic_11800,0.9964159727096558
dbpedia_31784,metacritic_3793,0.9998089671134948
dbpedia_1942,metacritic_1460,0.9268035292625428
dbpedia_51430,metacritic_12683,0.9923451542854308
dbpedia_1672,metacritic_9799,0.9997782111167908
dbpedia_63030,metacritic_17238,0.9996908903121948
dbpedia_3501,metacritic_2334,0.9998844861984252
dbpedia_7002,metacritic_3302,0.9978464841842652
dbpedia_27206,metacritic_2546,0.9999783039093018
dbpedia_28512,metacritic_9838,0.9767217636108398
dbpedia_49951,metacritic_4677,0.9993473887443542
dbpedia_55843,metacritic_8496,0.9987488985061646
dbpedia_14534,metacritic_11926,0.9511498212814332
dbpedia_41768,metacritic_5017,0.9996498823165894
dbpedia_40382,metacritic_17460,0.9859652519226074
dbpedia_1027,metacritic_1825,0.999698519706726
dbpedia_47789,metacritic_17257,0.9998809099197388
dbpedia_31698,metacritic_10245,0.9996824264526368
dbpedia_11441,metacritic_14705,0.959417998790741
dbpedia_30466,metacritic_3030,0.9998621940612792
dbpedia_43116,metacritic_13661,0.9998231530189514
dbpedia_45980,metacritic_3110,0.9999277591705322
dbpedia_61512,metacritic_20076,0.9986677169799804
dbpedia_64963,metacritic_18962,0.936616063117981
dbpedia_47200,metacritic_18878,0.999775230884552
dbpedia_4334,metacritic_16812,0.9629341959953308
dbpedia_35635,metacritic_3449,0.9960684776306152
dbpedia_7345,metacritic_12581,0.9435367584228516
dbpedia_788,metacritic_832,0.95023113489151
dbpedia_51282,metacritic_5679,0.999486804008484
dbpedia_714,metacritic_12922,0.9998358488082886
dbpedia_45293,metacritic_14084,0.9998443126678468
dbpedia_15044,metacritic_19809,0.9945287108421326
dbpedia_174,metacritic_11516,0.9998643398284912
dbpedia_32900,metacritic_6924,0.980985939502716
dbpedia_935,metacritic_16483,0.9998500347137452
dbpedia_50629,metacritic_5155,0.9998291730880736
dbpedia_56076,metacritic_6415,0.999842643737793
dbpedia_21186,metacritic_8315,0.9996614456176758
dbpedia_5733,metacritic_10182,0.9904205799102784
dbpedia_48299,metacritic_18419,0.9884688258171082
dbpedia_9822,metacritic_14916,0.9541101455688475
dbpedia_51897,metacritic_3673,0.9904205799102784
dbpedia_56288,metacritic_11495,0.982314944267273
dbpedia_5015,metacritic_4859,0.9997128844261168
dbpedia_23850,metacritic_3345,0.9997088313102722
dbpedia_21727,metacritic_543,0.9721689820289612
dbpedia_39537,metacritic_10409,0.9998977184295654
dbpedia_45251,metacritic_4877,0.999892234802246
dbpedia_20896,metacritic_20192,0.9929190278053284
dbpedia_32312,metacritic_19490,0.999771773815155
dbpedia_4277,metacritic_7826,0.993084192276001
dbpedia_54918,metacritic_4256,0.9997157454490662
dbpedia_55974,metacritic_4163,0.9691002368927002
dbpedia_18863,metacritic_11432,0.9998809099197388
dbpedia_21088,metacritic_2575,0.9850274324417114
dbpedia_19462,metacritic_7922,0.9744756817817688
dbpedia_53697,metacritic_10177,0.999573290348053
dbpedia_61586,metacritic_8863,0.9998252987861632
dbpedia_33357,metacritic_7044,0.9992893934249878
dbpedia_30868,metacritic_14700,0.9398123621940612
dbpedia_47005,metacritic_8808,0.9998741149902344
dbpedia_47581,metacritic_15879,0.9983736276626588
dbpedia_18000,metacritic_12534,0.9996966123580932
dbpedia_53813,metacritic_1469,0.9988338351249696
dbpedia_52316,metacritic_666,0.9884673953056335
dbpedia_11074,metacritic_7339,0.936616063117981
dbpedia_12127,metacritic_7326,0.999736487865448
dbpedia_42877,metacritic_1329,0.9662705063819884
dbpedia_16955,metacritic_14956,0.9940816760063172
dbpedia_23284,metacritic_11214,0.9999487400054932
dbpedia_2073,metacritic_7229,0.9995157718658448
dbpedia_29194,metacritic_12373,0.9998369216918944
dbpedia_26355,metacritic_9057,0.9391423463821412
dbpedia_20869,metacritic_18996,0.9654408097267152
dbpedia_24949,metacritic_10293,0.9996638298034668
dbpedia_10212,metacritic_13090,0.9989812970161438
dbpedia_15802,metacritic_51,0.999256670475006
dbpedia_38307,metacritic_10409,0.9999827146530152
dbpedia_44760,metacritic_19537,0.9953149557113647
dbpedia_44334,metacritic_3219,0.9573814868927002
dbpedia_36674,metacritic_7876,0.905116319656372
dbpedia_48221,metacritic_10409,0.999846339225769
dbpedia_54769,metacritic_17867,0.9544092416763306
dbpedia_24739,metacritic_15889,0.9897906184196472
dbpedia_47503,metacritic_8569,0.998555600643158
dbpedia_15927,metacritic_11922,0.9998500347137452
dbpedia_16563,metacritic_123,0.9967944025993348
dbpedia_26597,metacritic_19325,0.9919913411140442
dbpedia_7061,metacritic_4164,0.9970148801803588
dbpedia_46081,metacritic_1399,0.9998875856399536
dbpedia_3016,metacritic_16845,0.984955370426178
dbpedia_56648,metacritic_18174,0.9851281046867372
dbpedia_23104,metacritic_10452,0.9996625185012816
dbpedia_51375,metacritic_17791,0.99998140335083
dbpedia_33383,metacritic_15197,0.998316526412964
dbpedia_42428,metacritic_1043,0.9884116053581238
dbpedia_31108,metacritic_12514,0.9998396635055542
dbpedia_5990,metacritic_2279,0.9591808319091796
dbpedia_50203,metacritic_17334,0.9584421515464784
dbpedia_34712,metacritic_10304,0.9997962117195128
dbpedia_48565,metacritic_10104,0.999902367591858
dbpedia_35994,metacritic_6460,0.9992363452911376
dbpedia_5205,metacritic_3889,0.999653935432434
dbpedia_58870,metacritic_6250,0.9998089671134948
dbpedia_32911,metacritic_669,0.9999747276306152
dbpedia_45699,metacritic_4952,0.9998875856399536
dbpedia_10319,metacritic_4099,0.999847173690796
dbpedia_18415,metacritic_7501,0.9998369216918944
dbpedia_11345,metacritic_6288,0.9998303651809692
dbpedia_20013,metacritic_110,0.9088422656059264
dbpedia_64535,metacritic_9799,0.9997782111167908
dbpedia_16083,metacritic_2238,0.9940816760063172
dbpedia_48164,metacritic_4922,0.9491890072822572
dbpedia_16083,metacritic_17229,0.9996230602264404
dbpedia_25570,metacritic_4325,0.9999889135360718
dbpedia_18029,metacritic_17079,0.9281936883926392
dbpedia_33233,metacritic_7472,0.9910458922386168
dbpedia_38438,metacritic_16748,0.96649432182312
dbpedia_11469,metacritic_2885,0.9998121857643129
dbpedia_17840,metacritic_5991,0.9982245564460754
dbpedia_51664,metacritic_4399,0.909893274307251
dbpedia_39132,metacritic_14593,0.9882748126983644
dbpedia_30469,metacritic_3308,0.9999932050704956
dbpedia_38738,metacritic_2696,0.980985939502716
dbpedia_32122,metacritic_316,0.9998691082000732
dbpedia_19075,metacritic_8141,0.938937783241272
dbpedia_24203,metacritic_18197,0.9241439700126648
dbpedia_17182,metacritic_18026,0.9098553657531738
dbpedia_51842,metacritic_1036,0.961017906665802
dbpedia_45897,metacritic_19241,0.9562711119651794
dbpedia_2289,metacritic_9443,0.9997572302818298
dbpedia_40017,metacritic_11135,0.9997342228889464
dbpedia_58533,metacritic_690,0.9999949932098388
dbpedia_19040,metacritic_14974,0.931971549987793
dbpedia_32574,metacritic_7675,0.9781493544578552
dbpedia_37746,metacritic_10206,0.999884843826294
dbpedia_27927,metacritic_18929,0.9754815697669984
dbpedia_35195,metacritic_2546,0.9999783039093018
dbpedia_21020,metacritic_7368,0.9999903440475464
dbpedia_32540,metacritic_14246,0.999578297138214
dbpedia_29275,metacritic_3329,0.960601270198822
dbpedia_26420,metacritic_1764,0.9521531462669371
dbpedia_2768,metacritic_2608,0.960601270198822
dbpedia_42277,metacritic_15535,0.9804278016090392
dbpedia_22751,metacritic_11070,0.9119768142700196
dbpedia_45432,metacritic_12139,0.999913454055786
dbpedia_14253,metacritic_3440,0.99983811378479
dbpedia_18099,metacritic_16140,0.9998559951782228
dbpedia_2899,metacritic_17821,0.9999758005142212
dbpedia_44892,metacritic_12364,0.9353557229042052
dbpedia_4339,metacritic_8033,0.999767243862152
dbpedia_7503,metacritic_11823,0.9652255177497864
dbpedia_10068,metacritic_473,0.999599039554596
dbpedia_39218,metacritic_2550,0.979692816734314
dbpedia_40877,metacritic_4448,0.9994379878044128
dbpedia_62940,metacritic_1595,0.957965850830078
dbpedia_16817,metacritic_4801,0.9992626309394836
dbpedia_11695,metacritic_20058,0.9966455101966858
dbpedia_9440,metacritic_2477,0.912600576877594
dbpedia_60196,metacritic_16662,0.963930070400238
dbpedia_44345,metacritic_19386,0.9807060956954956
dbpedia_46859,metacritic_18526,0.9998618364334106
dbpedia_1396,metacritic_6147,0.9997292160987854
dbpedia_63202,metacritic_603,0.9809405207633972
dbpedia_24812,metacritic_8980,0.9999974966049194
dbpedia_32241,metacritic_17200,0.9998939037322998
dbpedia_27915,metacritic_12131,0.9998369216918944
dbpedia_59292,metacritic_17447,0.9999698400497437
dbpedia_53674,metacritic_9326,0.9997662901878356
dbpedia_8773,metacritic_9995,0.9476749300956726
dbpedia_22407,metacritic_13894,0.9968307614326476
dbpedia_13219,metacritic_17785,0.99907648563385
dbpedia_29428,metacritic_1095,0.9796320796012878
dbpedia_31139,metacritic_9609,0.999846339225769
dbpedia_5640,metacritic_1500,0.9237979054450988
dbpedia_25840,metacritic_14627,0.9890754222869872
dbpedia_29056,metacritic_7656,0.999206244945526
dbpedia_41803,metacritic_11535,0.931971549987793
dbpedia_22574,metacritic_11876,0.999643325805664
dbpedia_45192,metacritic_18093,0.9946812987327576
dbpedia_23533,metacritic_7334,0.9767375588417052
dbpedia_689,metacritic_5258,0.9469374418258668
dbpedia_31284,metacritic_18304,0.9815102815628052
dbpedia_57139,metacritic_8701,0.9999312162399292
dbpedia_33578,metacritic_5129,0.9997909665107728
dbpedia_10149,metacritic_11917,0.999970316886902
dbpedia_2076,metacritic_7344,0.9999229907989502
dbpedia_7884,metacritic_14511,0.9999802112579346
dbpedia_28658,metacritic_4922,0.9758477807044984
dbpedia_28166,metacritic_4520,0.999767243862152
dbpedia_27035,metacritic_9321,0.999755322933197
dbpedia_21342,metacritic_14254,0.999976634979248
dbpedia_3839,metacritic_1421,0.9986978769302368
dbpedia_55314,metacritic_3783,0.978383243083954
dbpedia_60295,metacritic_12586,0.9434151649475098
dbpedia_55358,metacritic_14600,0.9923115372657776
dbpedia_56972,metacritic_9776,0.9999650716781616
dbpedia_530,metacritic_17258,0.9985370635986328
dbpedia_11091,metacritic_15294,0.9882981181144714
dbpedia_11792,metacritic_16632,0.9999473094940186
dbpedia_24994,metacritic_8434,0.9890469908714294
dbpedia_358,metacritic_7908,0.999716341495514
dbpedia_6945,metacritic_17884,0.9511498212814332
dbpedia_25416,metacritic_7919,0.9999170303344728
dbpedia_21161,metacritic_3408,0.99983012676239
dbpedia_49762,metacritic_1827,0.9998921155929564
dbpedia_6836,metacritic_17494,0.995543897151947
dbpedia_61217,metacritic_1145,0.9994045495986938
dbpedia_11924,metacritic_4852,0.98440021276474
dbpedia_9855,metacritic_9172,0.999783456325531
dbpedia_58168,metacritic_3510,0.9992959499359132
dbpedia_12410,metacritic_2030,0.9821314811706544
dbpedia_1742,metacritic_13733,0.9997075200080872
dbpedia_28249,metacritic_19699,0.9992496371269226
dbpedia_18544,metacritic_13856,0.9999825954437256
dbpedia_41271,metacritic_14153,0.9983980059623718
dbpedia_5673,metacritic_4,0.996257781982422
dbpedia_26745,metacritic_14499,0.9999902248382568
dbpedia_4307,metacritic_2261,0.9581938982009888
dbpedia_42430,metacritic_12113,0.9999358654022216
dbpedia_31432,metacritic_10047,0.9997690320014954
dbpedia_62041,metacritic_19314,0.906460464000702
dbpedia_62825,metacritic_8035,0.9997988343238832
dbpedia_38420,metacritic_18922,0.9971223473548888
dbpedia_14391,metacritic_7140,0.9996875524520874
dbpedia_28128,metacritic_3346,0.9835144281387328
dbpedia_28794,metacritic_3975,0.9997308850288392
dbpedia_15410,metacritic_1030,0.999987006187439
dbpedia_31885,metacritic_15754,0.998666286468506
dbpedia_4545,metacritic_19909,0.99830424785614
dbpedia_41702,metacritic_1926,0.999842882156372
dbpedia_43355,metacritic_3607,0.9856671690940856
dbpedia_10830,metacritic_8529,0.9998500347137452
dbpedia_7148,metacritic_14733,0.9710209369659424
dbpedia_40073,metacritic_266,0.9518401026725768
dbpedia_49809,metacritic_343,0.9997618794441224
dbpedia_9160,metacritic_13407,0.9999675750732422
dbpedia_4864,metacritic_18166,0.9987460374832152
dbpedia_4831,metacritic_16039,0.9998263716697692
dbpedia_44972,metacritic_13062,0.9335718750953674
dbpedia_30503,metacritic_2927,0.9999467134475708
dbpedia_62746,metacritic_9763,0.970147430896759
dbpedia_21243,metacritic_1030,0.999987006187439
dbpedia_26949,metacritic_6992,0.992324948310852
dbpedia_46165,metacritic_17775,0.9623896479606628
dbpedia_32422,metacritic_7012,0.9864535927772522
dbpedia_41840,metacritic_12711,0.99871563911438
dbpedia_35521,metacritic_8548,0.986143171787262
dbpedia_62436,metacritic_5006,0.9997242093086244
dbpedia_38966,metacritic_2223,0.999884843826294
dbpedia_37732,metacritic_15257,0.9998231530189514
dbpedia_43156,metacritic_114,0.9621460437774658
dbpedia_20947,metacritic_7313,0.9993066787719728
dbpedia_2898,metacritic_6922,0.971713662147522
dbpedia_53098,metacritic_8434,0.9811881184577942
dbpedia_34357,metacritic_4446,0.9998358488082886
dbpedia_30616,metacritic_1307,0.9510114789009094
dbpedia_57135,metacritic_19741,0.9999842643737792
dbpedia_62050,metacritic_12993,0.9998399019241332
dbpedia_62716,metacritic_15839,0.9604129791259766
dbpedia_230,metacritic_10905,0.9996733665466307
dbpedia_2884,metacritic_15438,0.9933919310569764
dbpedia_23864,metacritic_11797,0.99444180727005
dbpedia_1741,metacritic_6346,0.9998348951339722
dbpedia_26310,metacritic_8260,0.9993680119514464
dbpedia_56014,metacritic_8578,0.9999358654022216
dbpedia_39417,metacritic_16539,0.9994848966598512
dbpedia_16481,metacritic_849,0.9997572302818298
dbpedia_23087,metacritic_10358,0.9621460437774658
dbpedia_11477,metacritic_958,0.9813709855079652
dbpedia_51027,metacritic_4492,0.905227780342102
dbpedia_2798,metacritic_6303,0.9992227554321288
dbpedia_56330,metacritic_13939,0.9821641445159912
dbpedia_35933,metacritic_14474,0.9999266862869264
dbpedia_5560,metacritic_7517,0.993444323539734
dbpedia_5666,metacritic_16235,0.9744921922683716
dbpedia_54383,metacritic_1013,0.9998179078102112
dbpedia_5163,metacritic_7621,0.931971549987793
dbpedia_7773,metacritic_8194,0.9620190858840942
dbpedia_45021,metacritic_19324,0.922153890132904
dbpedia_60317,metacritic_1741,0.9745129942893982
dbpedia_11433,metacritic_3982,0.9521531462669371
dbpedia_2328,metacritic_265,0.9947415590286256
dbpedia_37587,metacritic_11759,0.9998859167099
dbpedia_61047,metacritic_20246,0.9999045133590698
dbpedia_50115,metacritic_163,0.9998526573181152
dbpedia_12441,metacritic_20140,0.9962416887283324
dbpedia_52630,metacritic_11716,0.9986829161643982
dbpedia_11697,metacritic_4811,0.9999489784240724
dbpedia_60386,metacritic_19137,0.9989926218986512
dbpedia_185,metacritic_15086,0.9999539852142334
dbpedia_24196,metacritic_6285,0.9998927116394044
dbpedia_42877,metacritic_322,0.9662705063819884
dbpedia_62795,metacritic_8870,0.9177138209342957
dbpedia_44478,metacritic_2156,0.9999912977218628
dbpedia_45519,metacritic_5858,0.9546861052513124
dbpedia_4896,metacritic_12429,0.99998676776886
dbpedia_15493,metacritic_10984,0.9995821118354796
dbpedia_25753,metacritic_3764,0.9999079704284668
dbpedia_33985,metacritic_5221,0.960601270198822
dbpedia_3801,metacritic_3662,0.960601270198822
dbpedia_26825,metacritic_5771,0.9580506086349488
dbpedia_32693,metacritic_18095,0.9144320487976074
dbpedia_6737,metacritic_2115,0.9542911052703856
dbpedia_10728,metacritic_1232,0.9910067915916444
dbpedia_51435,metacritic_13733,0.9997451901435852
dbpedia_33002,metacritic_18408,0.999933123588562
dbpedia_10338,metacritic_12433,0.9967483282089232
dbpedia_20242,metacritic_8579,0.989605188369751
dbpedia_41184,metacritic_18304,0.9826797246932985
dbpedia_15903,metacritic_12513,0.9998903274536132
dbpedia_33184,metacritic_13837,0.9998263716697692
dbpedia_31886,metacritic_693,0.9995821118354796
dbpedia_34060,metacritic_8548,0.9937108755111694
dbpedia_32728,metacritic_1957,0.9469374418258668
dbpedia_51776,metacritic_1470,0.9246532917022704
dbpedia_3835,metacritic_11067,0.9663090109825134
dbpedia_36088,metacritic_16641,0.999985933303833
dbpedia_4166,metacritic_14929,0.9982132911682128
dbpedia_63284,metacritic_8521,0.9993108510971068
dbpedia_37158,metacritic_14839,0.9999977350234984
dbpedia_21432,metacritic_531,0.999716341495514
dbpedia_24334,metacritic_8098,0.9834129810333252
dbpedia_21839,metacritic_13633,0.9994183778762816
dbpedia_8816,metacritic_1760,0.9999878406524658
dbpedia_39179,metacritic_2646,0.9998212456703186
dbpedia_31075,metacritic_8940,0.975793957710266
dbpedia_364,metacritic_12891,0.968234360218048
dbpedia_2924,metacritic_858,0.996031939983368
dbpedia_11616,metacritic_475,0.9846178293228148
dbpedia_12245,metacritic_4399,0.909893274307251
dbpedia_12728,metacritic_11604,0.9999902248382568
dbpedia_48694,metacritic_1043,0.9884116053581238
dbpedia_16108,metacritic_4457,0.9650282263755798
dbpedia_21486,metacritic_1365,0.9998676776885986
dbpedia_19225,metacritic_801,0.9650282263755798
dbpedia_8433,metacritic_1942,0.9998792409896852
dbpedia_24600,metacritic_19236,0.9956645369529724
dbpedia_32015,metacritic_3649,0.9793474078178406
dbpedia_61300,metacritic_1321,0.9477588534355164
dbpedia_12791,metacritic_8372,0.960218071937561
dbpedia_64050,metacritic_10468,0.9980925917625428
dbpedia_48554,metacritic_3289,0.9330495595932008
dbpedia_22548,metacritic_8989,0.9994500279426576
dbpedia_22400,metacritic_12427,0.9914878606796264
dbpedia_35975,metacritic_12309,0.9978464841842652
dbpedia_55358,metacritic_10121,0.9923115372657776
dbpedia_27790,metacritic_1372,0.9997017979621888
dbpedia_15245,metacritic_1476,0.993410050868988
dbpedia_51867,metacritic_10347,0.9836663007736206
dbpedia_62005,metacritic_7211,0.9996461868286132
dbpedia_28100,metacritic_13207,0.9729889631271362
dbpedia_16769,metacritic_2262,0.9995821118354796
dbpedia_8110,metacritic_13999,0.946166694164276
dbpedia_53997,metacritic_12721,0.9144836664199828
dbpedia_60598,metacritic_17330,0.9991862177848816
dbpedia_36418,metacritic_19693,0.996316134929657
dbpedia_49416,metacritic_701,0.9999624490737916
dbpedia_14999,metacritic_17364,0.936616063117981
dbpedia_31495,metacritic_20351,0.9998500347137452
dbpedia_18183,metacritic_13616,0.9983980059623718
dbpedia_52464,metacritic_17770,0.999986171722412
dbpedia_12410,metacritic_958,0.9850725531578064
dbpedia_14988,metacritic_715,0.9235499501228333
dbpedia_17273,metacritic_14490,0.9998691082000732
dbpedia_22860,metacritic_677,0.938359260559082
dbpedia_6169,metacritic_14196,0.980220913887024
dbpedia_13725,metacritic_17383,0.9999737739562988
dbpedia_51635,metacritic_11664,0.963621199131012
dbpedia_26122,metacritic_13500,0.9696774482727052
dbpedia_57463,metacritic_3649,0.9793474078178406
dbpedia_22199,metacritic_2872,0.9996329545974731
dbpedia_39214,metacritic_10680,0.9301798939704896
dbpedia_28330,metacritic_149,0.9999444484710692
dbpedia_26507,metacritic_5266,0.9997499585151672
dbpedia_30600,metacritic_579,0.9999951124191284
dbpedia_42030,metacritic_1816,0.9992770552635192
dbpedia_48988,metacritic_4399,0.909893274307251
dbpedia_17446,metacritic_754,0.9967893958091736
dbpedia_36709,metacritic_16167,0.9800138473510742
dbpedia_5509,metacritic_5468,0.9999954700469972
dbpedia_3958,metacritic_9234,0.9997121691703796
dbpedia_21354,metacritic_2456,0.9650282263755798
dbpedia_6713,metacritic_12672,0.9999885559082032
dbpedia_45345,metacritic_1102,0.9995146989822388
dbpedia_7515,metacritic_5895,0.996286392211914
dbpedia_47019,metacritic_12421,0.9995526671409608
dbpedia_5613,metacritic_14377,0.9347413182258606
dbpedia_30862,metacritic_3270,0.9997088313102722
dbpedia_60047,metacritic_9561,0.9992402791976928
dbpedia_22494,metacritic_17756,0.999950647354126
dbpedia_3469,metacritic_7110,0.9998358488082886
dbpedia_26592,metacritic_3702,0.9800626635551452
dbpedia_32151,metacritic_20227,0.9896426796913148
dbpedia_9520,metacritic_16475,0.9996625185012816
dbpedia_7125,metacritic_18745,0.9979084730148317
dbpedia_24944,metacritic_8776,0.999853253364563
dbpedia_4768,metacritic_11071,0.9988999366760254
dbpedia_62257,metacritic_3880,0.9999266862869264
dbpedia_2280,metacritic_15224,0.9996694326400756
dbpedia_12995,metacritic_9443,0.9997758269309998
dbpedia_5525,metacritic_11344,0.9645690321922302
dbpedia_59321,metacritic_1093,0.9511498212814332
dbpedia_8941,metacritic_16613,0.9989117383956908
dbpedia_31141,metacritic_1603,0.9999275207519532
dbpedia_44622,metacritic_2389,0.954809844493866
dbpedia_59215,metacritic_4033,0.999599039554596
dbpedia_42295,metacritic_2586,0.999892234802246
dbpedia_57705,metacritic_18957,0.9998427629470824
dbpedia_64883,metacritic_17772,0.9997473359107972
dbpedia_41597,metacritic_847,0.9998520612716676
dbpedia_26212,metacritic_17584,0.9996944665908812
dbpedia_18573,metacritic_3395,0.9994478821754456
dbpedia_27940,metacritic_4343,0.9695752263069152
dbpedia_19751,metacritic_9234,0.9997121691703796
dbpedia_51268,metacritic_949,0.993209421634674
dbpedia_52724,metacritic_2262,0.9995821118354796
dbpedia_35599,metacritic_5252,0.931971549987793
dbpedia_4984,metacritic_10297,0.9999760389328004
dbpedia_1093,metacritic_9403,0.999886989593506
dbpedia_6457,metacritic_6173,0.9561963081359864
dbpedia_11576,metacritic_1083,0.941978394985199
dbpedia_21577,metacritic_1592,0.9995067119598388
dbpedia_40122,metacritic_20432,0.9793761968612672
dbpedia_2567,metacritic_14825,0.999806582927704
dbpedia_55042,metacritic_3548,0.9999382495880128
dbpedia_12404,metacritic_10297,0.9999760389328004
dbpedia_43093,metacritic_931,0.9410072565078736
dbpedia_3969,metacritic_6799,0.956317126750946
dbpedia_49388,metacritic_150,0.9997835755348206
dbpedia_29001,metacritic_784,0.9650282263755798
dbpedia_42453,metacritic_11731,0.9995490908622742
dbpedia_19649,metacritic_13068,0.9986830353736876
dbpedia_3117,metacritic_8754,0.9973188042640686
dbpedia_34683,metacritic_17094,0.999969482421875
dbpedia_56318,metacritic_676,0.9834442138671876
dbpedia_52849,metacritic_11042,0.99983811378479
dbpedia_12706,metacritic_14765,0.9990235567092896
dbpedia_38192,metacritic_12761,0.987483024597168
dbpedia_58481,metacritic_1722,0.9988405108451844
dbpedia_34210,metacritic_18026,0.9098553657531738
dbpedia_28170,metacritic_7001,0.9997617602348328
dbpedia_18635,metacritic_3129,0.9998390674591064
dbpedia_17831,metacritic_4399,0.909893274307251
dbpedia_59340,metacritic_4765,0.9835169911384584
dbpedia_45843,metacritic_19557,0.915095865726471
dbpedia_3917,metacritic_5224,0.9973188042640686
dbpedia_4853,metacritic_14332,0.9753683805465698
dbpedia_41967,metacritic_19796,0.9995597004890442
dbpedia_57575,metacritic_1365,0.99983811378479
dbpedia_31463,metacritic_1582,0.92548805475235
dbpedia_10894,metacritic_5315,0.9983505010604858
dbpedia_35409,metacritic_19022,0.9968186616897584
dbpedia_54047,metacritic_16494,0.9982876181602478
dbpedia_45758,metacritic_11123,0.9998310804367064
dbpedia_28910,metacritic_1220,0.9200962781906128
dbpedia_40617,metacritic_15690,0.9934194684028624
dbpedia_5662,metacritic_14623,0.936616063117981
dbpedia_57119,metacritic_11808,0.9999918937683104
dbpedia_878,metacritic_5476,0.9999902248382568
dbpedia_22680,metacritic_18926,0.994709014892578
dbpedia_9624,metacritic_19139,0.9971223473548888
dbpedia_38154,metacritic_1667,0.9999938011169434
dbpedia_12860,metacritic_3649,0.9793474078178406
dbpedia_17344,metacritic_18420,0.9994807839393616
dbpedia_1604,metacritic_8056,0.9997808337211608
dbpedia_39077,metacritic_17681,0.9985353946685792
dbpedia_24771,metacritic_7583,0.9996494054794312
dbpedia_24761,metacritic_2243,0.9999738931655884
dbpedia_45349,metacritic_17581,0.982830047607422
dbpedia_28242,metacritic_39,0.9999747276306152
dbpedia_45042,metacritic_11692,0.9826679825782776
dbpedia_30616,metacritic_2571,0.9510114789009094
dbpedia_55875,metacritic_19850,0.9922488927841188
dbpedia_24111,metacritic_9955,0.9994163513183594
dbpedia_2129,metacritic_298,0.9997572302818298
dbpedia_20456,metacritic_11135,0.9998550415039062
dbpedia_60458,metacritic_2684,0.9999922513961792
dbpedia_20533,metacritic_7353,0.9834442138671876
dbpedia_3059,metacritic_14025,0.9834442138671876
dbpedia_34300,metacritic_1151,0.963633954524994
dbpedia_11219,metacritic_10650,0.9807060956954956
dbpedia_46846,metacritic_7368,0.9999903440475464
dbpedia_55904,metacritic_438,0.9841670393943788
dbpedia_58215,metacritic_10035,0.9541101455688475
dbpedia_51326,metacritic_1505,0.9999679327011108
dbpedia_25279,metacritic_19507,0.9989262223243712
dbpedia_54123,metacritic_8120,0.9994163513183594
dbpedia_8326,metacritic_589,0.936616063117981
dbpedia_47544,metacritic_1592,0.9996169805526732
dbpedia_39615,metacritic_15593,0.999842643737793
dbpedia_17037,metacritic_18312,0.999979853630066
dbpedia_10057,metacritic_5964,0.9996875524520874
dbpedia_49854,metacritic_11147,0.9999170303344728
dbpedia_39241,metacritic_13847,0.9999204874038696
dbpedia_3785,metacritic_4232,0.9815768599510192
dbpedia_29370,metacritic_1469,0.9572108387947084
dbpedia_58886,metacritic_15600,0.9997639060020448
dbpedia_51061,metacritic_11670,0.998120367527008
dbpedia_19525,metacritic_12289,0.9999243021011353
dbpedia_3542,metacritic_32,0.9962432384490968
dbpedia_28174,metacritic_15758,0.909221053123474
dbpedia_37911,metacritic_586,0.9945829510688782
dbpedia_46673,metacritic_1825,0.9996356964111328
dbpedia_54411,metacritic_7306,0.9999266862869264
dbpedia_42923,metacritic_100,0.970153272151947
dbpedia_49166,metacritic_15324,0.9999639987945556
dbpedia_35015,metacritic_16311,0.9998660087585448
dbpedia_60336,metacritic_3705,0.9951335787773132
dbpedia_30057,metacritic_2678,0.9887843132019044
dbpedia_24822,metacritic_19685,0.9918560981750488
dbpedia_38070,metacritic_11169,0.9934144020080566
dbpedia_5970,metacritic_11418,0.999797523021698
dbpedia_49429,metacritic_7107,0.9642007350921632
dbpedia_30400,metacritic_16511,0.9906160235404968
dbpedia_45253,metacritic_4588,0.9327256679534912
dbpedia_6558,metacritic_5024,0.9986345171928406
dbpedia_41676,metacritic_5950,0.9904490113258362
dbpedia_27331,metacritic_15754,0.9296950697898864
dbpedia_30943,metacritic_8034,0.9818108081817628
dbpedia_7075,metacritic_15644,0.9987164735794068
dbpedia_47931,metacritic_19935,0.9999921321868896
dbpedia_12517,metacritic_3926,0.9997134804725648
dbpedia_45042,metacritic_6392,0.9826679825782776
dbpedia_44831,metacritic_5249,0.9973976612091064
dbpedia_20692,metacritic_13794,0.957231879234314
dbpedia_9773,metacritic_11694,0.9999047517776488
dbpedia_10275,metacritic_10963,0.9847485423088074
dbpedia_49989,metacritic_13183,0.9814841747283936
dbpedia_18914,metacritic_2716,0.9999173879623412
dbpedia_33084,metacritic_2644,0.9840030074119568
dbpedia_40154,metacritic_3889,0.9996356964111328
dbpedia_37480,metacritic_18129,0.9996246099472046
dbpedia_55097,metacritic_17481,0.9768211841583252
dbpedia_55904,metacritic_55,0.9841670393943788
dbpedia_18642,metacritic_8975,0.999816119670868
dbpedia_49776,metacritic_8548,0.9958341121673584
dbpedia_16235,metacritic_12397,0.993738889694214
dbpedia_15599,metacritic_2430,0.9915035963058472
dbpedia_53837,metacritic_2394,0.9997904896736144
dbpedia_21235,metacritic_10297,0.9999568462371826
dbpedia_16174,metacritic_4662,0.9999842643737792
dbpedia_36244,metacritic_7164,0.9998310804367064
dbpedia_30194,metacritic_7197,0.9999954700469972
dbpedia_37851,metacritic_8776,0.9998226761817932
dbpedia_10990,metacritic_2231,0.9998058676719666
dbpedia_2940,metacritic_4956,0.9761077165603638
dbpedia_49622,metacritic_15015,0.9999489784240724
dbpedia_19888,metacritic_9816,0.9999161958694458
dbpedia_289,metacritic_20398,0.9999738931655884
dbpedia_9561,metacritic_3688,0.9997618794441224
dbpedia_10975,metacritic_3214,0.9726111888885498
dbpedia_8022,metacritic_17775,0.9493871331214904
dbpedia_48926,metacritic_8080,0.9443793296813964
dbpedia_19657,metacritic_12489,0.9997937083244324
dbpedia_14486,metacritic_15218,0.9531385898590088
dbpedia_36038,metacritic_462,0.997820258140564
dbpedia_3242,metacritic_2988,0.9968396425247192
dbpedia_27357,metacritic_13696,0.9997603297233582
dbpedia_21434,metacritic_18806,0.9632545113563538
dbpedia_15847,metacritic_1853,0.9995343685150146
dbpedia_11733,metacritic_2049,0.998717188835144
dbpedia_42842,metacritic_19265,0.992176592350006
dbpedia_19410,metacritic_3226,0.9169501066207886
dbpedia_8652,metacritic_16167,0.9769509434700012
dbpedia_27336,metacritic_473,0.999599039554596
dbpedia_44542,metacritic_8331,0.9997572302818298
dbpedia_45483,metacritic_7333,0.99442458152771
dbpedia_43227,metacritic_7519,0.9999266862869264
dbpedia_41180,metacritic_18658,0.9970433115959167
dbpedia_20886,metacritic_4399,0.909893274307251
dbpedia_20289,metacritic_794,0.9710209369659424
dbpedia_20408,metacritic_8541,0.9961585402488708
dbpedia_2434,metacritic_3929,0.9983456134796144
dbpedia_46591,metacritic_7055,0.9642007350921632
dbpedia_22868,metacritic_18649,0.995210587978363
dbpedia_43136,metacritic_1197,0.9097164273262024
dbpedia_733,metacritic_7155,0.9995658993721008
dbpedia_16349,metacritic_13065,0.9998899698257446
dbpedia_43200,metacritic_489,0.9996602535247804
dbpedia_16110,metacritic_18317,0.9994354844093324
dbpedia_15416,metacritic_11067,0.9353191256523132
dbpedia_43323,metacritic_5020,0.9997596144676208
dbpedia_55135,metacritic_15603,0.9166163802146912
dbpedia_36897,metacritic_18316,0.9747280478477478
dbpedia_8773,metacritic_9001,0.9476749300956726
dbpedia_60492,metacritic_1960,0.9929190278053284
dbpedia_29353,metacritic_7197,0.9885522127151488
dbpedia_6804,metacritic_9952,0.9999243021011353
dbpedia_42372,metacritic_4015,0.9951979517936708
dbpedia_62125,metacritic_1994,0.9639756679534912
dbpedia_55587,metacritic_15613,0.9696774482727052
dbpedia_27125,metacritic_11748,0.9947255253791808
dbpedia_60060,metacritic_11429,0.9998034834861756
dbpedia_39070,metacritic_8855,0.9996718168258668
dbpedia_12567,metacritic_17343,0.9948834776878356
dbpedia_63793,metacritic_13730,0.999572455883026
dbpedia_40911,metacritic_16277,0.9807060956954956
dbpedia_3765,metacritic_15870,0.9751483201980592
dbpedia_327,metacritic_734,0.9511498212814332
dbpedia_31117,metacritic_4404,0.9990671277046204
dbpedia_59486,metacritic_18957,0.9998100399971008
dbpedia_43383,metacritic_5693,0.9997488856315612
dbpedia_43741,metacritic_5797,0.9987624883651732
dbpedia_39304,metacritic_17661,0.9996334314346312
dbpedia_10823,metacritic_9580,0.9825356006622314
dbpedia_30056,metacritic_352,0.9489125609397888
dbpedia_13027,metacritic_17902,0.9998131394386292
dbpedia_63155,metacritic_11323,0.9998146891593932
dbpedia_58475,metacritic_1839,0.9934936165809632
dbpedia_20160,metacritic_1036,0.9831573367118835
dbpedia_694,metacritic_10698,0.9949008226394652
dbpedia_12022,metacritic_6321,0.9994848966598512
dbpedia_10829,metacritic_5672,0.936616063117981
dbpedia_61991,metacritic_4253,0.9998613595962524
dbpedia_12351,metacritic_1495,0.9849156141281128
dbpedia_4762,metacritic_7197,0.9999704360961914
dbpedia_284,metacritic_8548,0.9945164322853088
dbpedia_18232,metacritic_9902,0.9936304688453674
dbpedia_1238,metacritic_7197,0.99444180727005
dbpedia_24532,metacritic_7778,0.9764728546142578
dbpedia_6586,metacritic_181,0.9273030757904052
dbpedia_37194,metacritic_14585,0.9999125003814696
dbpedia_32822,metacritic_14147,0.9596680402755736
dbpedia_27847,metacritic_12424,0.9884549379348756
dbpedia_4575,metacritic_8843,0.9994727969169616
dbpedia_13236,metacritic_9437,0.9997636675834656
dbpedia_45846,metacritic_13188,0.9999489784240724
dbpedia_6992,metacritic_1485,0.9725673198699952
dbpedia_59694,metacritic_17098,0.996190309524536
dbpedia_61389,metacritic_11723,0.9853555560112
dbpedia_11033,metacritic_14086,0.9998809099197388
dbpedia_2764,metacritic_1007,0.9801208972930908
dbpedia_33340,metacritic_166,0.9999433755874634
dbpedia_17663,metacritic_8411,0.9997825026512146
dbpedia_48926,metacritic_9841,0.9817360639572144
dbpedia_12743,metacritic_16596,0.9979242086410522
dbpedia_13780,metacritic_15551,0.9246532917022704
dbpedia_13896,metacritic_4343,0.9876932501792908
dbpedia_44025,metacritic_6041,0.9769509434700012
dbpedia_52797,metacritic_4982,0.9999243021011353
dbpedia_32917,metacritic_17131,0.99987530708313
dbpedia_11625,metacritic_8776,0.9998226761817932
dbpedia_44,metacritic_12851,0.998230278491974
dbpedia_29282,metacritic_2156,0.9999912977218628
dbpedia_1224,metacritic_13302,0.9997157454490662
dbpedia_12119,metacritic_10040,0.9877793192863464
dbpedia_33503,metacritic_7777,0.9158644080162048
dbpedia_45944,metacritic_1957,0.9798647165298462
dbpedia_14990,metacritic_3582,0.9322364926338196
dbpedia_15060,metacritic_12258,0.9999042749404908
dbpedia_14277,metacritic_15618,0.9999958276748656
dbpedia_51524,metacritic_13862,0.9968974590301514
dbpedia_38217,metacritic_13894,0.9015371203422546
dbpedia_739,metacritic_554,0.976319432258606
dbpedia_17415,metacritic_4487,0.999842643737793
dbpedia_53270,metacritic_6891,0.989605188369751
dbpedia_14540,metacritic_6393,0.9999029636383056
dbpedia_1499,metacritic_19507,0.9987027645111084
dbpedia_50203,metacritic_17824,0.9584421515464784
dbpedia_44582,metacritic_8691,0.9997572302818298
dbpedia_26432,metacritic_14702,0.99528568983078
dbpedia_2448,metacritic_11418,0.999755322933197
dbpedia_26146,metacritic_19106,0.9979808926582336
dbpedia_13284,metacritic_3391,0.9796320796012878
dbpedia_11868,metacritic_12581,0.9785264730453492
dbpedia_50639,metacritic_11408,0.9994049072265624
dbpedia_13220,metacritic_15369,0.967584490776062
dbpedia_32853,metacritic_6254,0.9998466968536376
dbpedia_22596,metacritic_9717,0.9701843857765198
dbpedia_18898,metacritic_5062,0.9456787109375
dbpedia_7464,metacritic_4659,0.9998784065246582
dbpedia_18696,metacritic_3900,0.9999125003814696
dbpedia_60037,metacritic_3265,0.9996362924575806
dbpedia_2505,metacritic_8087,0.9729519486427308
dbpedia_1400,metacritic_18522,0.9935246706008912
dbpedia_22990,metacritic_2565,0.9910458922386168
dbpedia_5501,metacritic_5308,0.999599039554596
dbpedia_17308,metacritic_13595,0.906550109386444
dbpedia_7056,metacritic_8994,0.9971478581428528
dbpedia_29895,metacritic_4289,0.9487187266349792
dbpedia_8632,metacritic_18964,0.99793541431427
dbpedia_33706,metacritic_10428,0.9996362924575806
dbpedia_50944,metacritic_9569,0.9999274015426636
dbpedia_31207,metacritic_9323,0.9999158382415771
dbpedia_51061,metacritic_13757,0.994828760623932
dbpedia_17356,metacritic_20427,0.9998526573181152
dbpedia_61448,metacritic_2011,0.9793761968612672
dbpedia_47361,metacritic_5048,0.9671763777732848
dbpedia_23620,metacritic_11458,0.9997782111167908
dbpedia_2560,metacritic_1307,0.9799556136131288
dbpedia_9199,metacritic_7258,0.9897246360778807
dbpedia_60396,metacritic_20272,0.9990646243095398
dbpedia_4646,metacritic_1931,0.9991756081581116
dbpedia_58084,metacritic_5253,0.9992363452911376
dbpedia_16459,metacritic_14056,0.999797523021698
dbpedia_63643,metacritic_4396,0.9705384969711304
dbpedia_44416,metacritic_1802,0.9997113347053528
dbpedia_29428,metacritic_1188,0.9796320796012878
dbpedia_15098,metacritic_20468,0.957831621170044
dbpedia_59955,metacritic_531,0.999716341495514
dbpedia_21471,metacritic_7798,0.9995821118354796
dbpedia_44175,metacritic_120,0.9442585706710817
dbpedia_15635,metacritic_13837,0.9998263716697692
dbpedia_18652,metacritic_9222,0.9939801692962646
dbpedia_42157,metacritic_15754,0.9296950697898864
dbpedia_30645,metacritic_14413,0.9996726512908936
dbpedia_55910,metacritic_919,0.9997968077659608
dbpedia_3806,metacritic_20130,0.9999545812606812
dbpedia_35468,metacritic_17461,0.9999654293060304
dbpedia_14294,metacritic_3548,0.9932202100753784
dbpedia_24054,metacritic_860,0.9998089671134948
dbpedia_19332,metacritic_13861,0.9684160947799684
dbpedia_41098,metacritic_4659,0.999868392944336
dbpedia_49379,metacritic_9753,0.9990556836128236
dbpedia_32775,metacritic_10128,0.9710209369659424
dbpedia_13204,metacritic_5098,0.9696774482727052
dbpedia_14625,metacritic_2669,0.9954156875610352
dbpedia_19680,metacritic_12392,0.9952881336212158
dbpedia_38764,metacritic_9560,0.9330495595932008
dbpedia_24096,metacritic_19126,0.9322364926338196
dbpedia_3873,metacritic_19451,0.9988572597503662
dbpedia_27947,metacritic_16450,0.999946355819702
dbpedia_39071,metacritic_5684,0.9999243021011353
dbpedia_62728,metacritic_4164,0.9970148801803588
dbpedia_34320,metacritic_9682,0.9999654293060304
dbpedia_13617,metacritic_13085,0.999755322933197
dbpedia_50760,metacritic_10312,0.9991187453269958
dbpedia_35029,metacritic_16204,0.9322364926338196
dbpedia_44943,metacritic_1034,0.9980872273445128
dbpedia_43197,metacritic_10213,0.999987006187439
dbpedia_6869,metacritic_20414,0.9962432384490968
dbpedia_14416,metacritic_9551,0.9800626635551452
dbpedia_6640,metacritic_13704,0.9982964396476746
dbpedia_14751,metacritic_15351,0.9995890259742736
dbpedia_47721,metacritic_12586,0.9767375588417052
dbpedia_57402,metacritic_8548,0.9961336851119996
dbpedia_4427,metacritic_13949,0.9210578203201294
dbpedia_24549,metacritic_20426,0.9921504259109496
dbpedia_35534,metacritic_1754,0.9997811913490297
dbpedia_30796,metacritic_8946,0.9996726512908936
dbpedia_6414,metacritic_6004,0.9410194754600524
dbpedia_42020,metacritic_12297,0.9607680439949036
dbpedia_15355,metacritic_19838,0.9990785121917723
dbpedia_15709,metacritic_5470,0.9070943593978882
dbpedia_42086,metacritic_13319,0.9544405937194824
dbpedia_41078,metacritic_20427,0.9998526573181152
dbpedia_4214,metacritic_10726,0.999953269958496
dbpedia_19240,metacritic_630,0.9960383176803588
dbpedia_216,metacritic_19147,0.9642007350921632
dbpedia_48265,metacritic_4653,0.999723255634308
dbpedia_34774,metacritic_7306,0.9998315572738647
dbpedia_43772,metacritic_236,0.9992554783821106
dbpedia_30600,metacritic_292,0.9007341861724854
dbpedia_62429,metacritic_5712,0.9757663011550904
dbpedia_64470,metacritic_5468,0.9885522127151488
dbpedia_45090,metacritic_3524,0.9731863141059875
dbpedia_602,metacritic_3649,0.9793474078178406
dbpedia_34378,metacritic_6479,0.969029664993286
dbpedia_16432,metacritic_17184,0.92548805475235
dbpedia_8780,metacritic_3225,0.98165363073349
dbpedia_20474,metacritic_402,0.9949803948402404
dbpedia_24244,metacritic_3550,0.9998340606689452
dbpedia_4750,metacritic_6732,0.9984719157218932
dbpedia_17327,metacritic_7727,0.9997499585151672
dbpedia_32518,metacritic_5163,0.9978094696998596
dbpedia_42412,metacritic_14015,0.9997572302818298
dbpedia_35461,metacritic_2255,0.9999958276748656
dbpedia_42737,metacritic_4528,0.9997676014900208
dbpedia_46620,metacritic_11135,0.9998655319213868
dbpedia_14433,metacritic_2603,0.9950382113456726
dbpedia_60389,metacritic_17060,0.9994351267814636
dbpedia_2566,metacritic_16889,0.9995768666267396
dbpedia_9363,metacritic_9341,0.9999626874923706
dbpedia_17097,metacritic_19087,0.9948816299438475
dbpedia_4934,metacritic_168,0.999256670475006
dbpedia_25565,metacritic_20271,0.999847650527954
dbpedia_3354,metacritic_11658,0.9973835349082948
dbpedia_51734,metacritic_17939,0.9961070418357848
dbpedia_34642,metacritic_5258,0.9749047756195068
dbpedia_50325,metacritic_3626,0.9894554018974304
dbpedia_2702,metacritic_2843,0.9996733665466307
dbpedia_45065,metacritic_9341,0.9999947547912598
dbpedia_17231,metacritic_7695,0.9735867977142334
dbpedia_33452,metacritic_16137,0.9988883137702942
dbpedia_34722,metacritic_18159,0.9985509514808656
dbpedia_59991,metacritic_12965,0.9778557419776917
dbpedia_30612,metacritic_9397,0.9993680119514464
dbpedia_51143,metacritic_1284,0.9709107875823976
dbpedia_54882,metacritic_13862,0.9968974590301514
dbpedia_59537,metacritic_3926,0.9997629523277284
dbpedia_2693,metacritic_18458,0.9159196019172668
dbpedia_13084,metacritic_8021,0.9997292160987854
dbpedia_58777,metacritic_5464,0.9935245513916016
dbpedia_58839,metacritic_8311,0.9026199579238892
dbpedia_47164,metacritic_11922,0.9996981620788574
dbpedia_20514,metacritic_357,0.9981871247291564
dbpedia_5510,metacritic_4336,0.9726009368896484
dbpedia_15454,metacritic_9267,0.9994316697120668
dbpedia_29836,metacritic_3449,0.9960684776306152
dbpedia_27739,metacritic_3395,0.9601871967315674
dbpedia_54269,metacritic_3263,0.999764621257782
dbpedia_41845,metacritic_15715,0.9997768998146056
dbpedia_26023,metacritic_8462,0.9489125609397888
dbpedia_61182,metacritic_16006,0.9954041242599488
dbpedia_27995,metacritic_2945,0.9996966123580932
dbpedia_42977,metacritic_8165,0.9456904530525208
dbpedia_22802,metacritic_453,0.9998526573181152
dbpedia_24889,metacritic_911,0.9962546825408936
dbpedia_51613,metacritic_8311,0.9026199579238892
dbpedia_8237,metacritic_18781,0.9743189811706544
dbpedia_32693,metacritic_19564,0.9144320487976074
dbpedia_3534,metacritic_10054,0.9999966621398926
dbpedia_26122,metacritic_11514,0.9696774482727052
dbpedia_26592,metacritic_2566,0.9800626635551452
dbpedia_3836,metacritic_2073,0.9994955062866212
dbpedia_57805,metacritic_11331,0.9938499331474304
dbpedia_9645,metacritic_6198,0.9774159789085388
dbpedia_17444,metacritic_11884,0.9294302463531494
dbpedia_27098,metacritic_59,0.996542990207672
dbpedia_1337,metacritic_20404,0.9996602535247804
dbpedia_29094,metacritic_19240,0.9952582716941832
dbpedia_60526,metacritic_3067,0.9273030757904052
dbpedia_29186,metacritic_3129,0.9997308850288392
dbpedia_25005,metacritic_7354,0.979652225971222
dbpedia_29693,metacritic_1422,0.9532939195632936
dbpedia_3166,metacritic_5941,0.9088422656059264
dbpedia_23736,metacritic_6264,0.9713934659957886
dbpedia_33948,metacritic_6076,0.9999412298202516
dbpedia_19875,metacritic_19494,0.9299216866493224
dbpedia_4585,metacritic_6680,0.9416586756706238
dbpedia_51811,metacritic_18492,0.9997863173484802
dbpedia_12671,metacritic_6321,0.9997572302818298
dbpedia_6452,metacritic_2214,0.9964159727096558
dbpedia_29401,metacritic_14476,0.9997451901435852
dbpedia_29929,metacritic_2945,0.9996334314346312
dbpedia_8645,metacritic_8116,0.9995612502098083
dbpedia_39990,metacritic_6420,0.9841564297676086
dbpedia_40746,metacritic_11408,0.9677218794822692
dbpedia_64671,metacritic_5949,0.9995174407958984
dbpedia_58659,metacritic_1221,0.9998310804367064
dbpedia_43767,metacritic_5258,0.9798647165298462
dbpedia_42322,metacritic_1586,0.9988338351249696
dbpedia_32207,metacritic_8426,0.9159817695617676
dbpedia_35879,metacritic_8428,0.9989446997642516
dbpedia_62390,metacritic_224,0.9854996800422668
dbpedia_17969,metacritic_1421,0.923018991947174
dbpedia_64654,metacritic_4792,0.9891743659973145
dbpedia_23181,metacritic_11042,0.9997292160987854
dbpedia_46290,metacritic_18432,0.931971549987793
dbpedia_36630,metacritic_20241,0.9310733675956726
dbpedia_50502,metacritic_15128,0.9252413511276244
dbpedia_35325,metacritic_10952,0.9807660579681396
dbpedia_24334,metacritic_5427,0.9834129810333252
dbpedia_16175,metacritic_3601,0.9997515082359314
dbpedia_50450,metacritic_20463,0.99933123588562
dbpedia_20438,metacritic_17043,0.9051322340965272
dbpedia_62086,metacritic_1505,0.999952793121338
dbpedia_27126,metacritic_15613,0.9886627793312072
dbpedia_11958,metacritic_8156,0.9990704655647278
dbpedia_15993,metacritic_20153,0.9645690321922302
dbpedia_53600,metacritic_8411,0.9997684359550476
dbpedia_39662,metacritic_10174,0.9561082720756532
dbpedia_10768,metacritic_10232,0.9834129810333252
dbpedia_7869,metacritic_1942,0.9998792409896852
dbpedia_34748,metacritic_8021,0.9997292160987854
dbpedia_30229,metacritic_5308,0.999599039554596
dbpedia_7211,metacritic_13341,0.999771773815155
dbpedia_27277,metacritic_11304,0.9273648858070374
dbpedia_40208,metacritic_9221,0.9999626874923706
dbpedia_15744,metacritic_14188,0.92548805475235
dbpedia_51607,metacritic_11679,0.9999243021011353
dbpedia_18795,metacritic_3093,0.9581938982009888
dbpedia_35845,metacritic_9341,0.99444180727005
dbpedia_22579,metacritic_2261,0.9581938982009888
dbpedia_20014,metacritic_309,0.941978394985199
dbpedia_35051,metacritic_8299,0.9989864230155944
dbpedia_13409,metacritic_16696,0.9565971493721008
dbpedia_5255,metacritic_13251,0.959621787071228
dbpedia_22007,metacritic_88,0.9822853803634644
dbpedia_13353,metacritic_7255,0.9999161958694458
dbpedia_34912,metacritic_16737,0.9584421515464784
dbpedia_61666,metacritic_7032,0.9807060956954956
dbpedia_32620,metacritic_471,0.9401272535324096
dbpedia_38449,metacritic_13685,0.9999974966049194
dbpedia_8780,metacritic_2935,0.98165363073349
dbpedia_37634,metacritic_7779,0.9926971793174744
dbpedia_32175,metacritic_7204,0.9968709349632264
dbpedia_30616,metacritic_4858,0.9510114789009094
dbpedia_55158,metacritic_16568,0.9859712719917296
dbpedia_35112,metacritic_5860,0.9584421515464784
dbpedia_3033,metacritic_5917,0.9935245513916016
dbpedia_9918,metacritic_4922,0.936616063117981
dbpedia_5713,metacritic_15575,0.931971549987793
dbpedia_43095,metacritic_10574,0.9431373476982116
dbpedia_35465,metacritic_4400,0.9997134804725648
dbpedia_28411,metacritic_2958,0.999744713306427
dbpedia_59505,metacritic_6215,0.9347330927848816
dbpedia_45379,metacritic_3902,0.9999312162399292
dbpedia_47403,metacritic_13911,0.953726053237915
dbpedia_21407,metacritic_8375,0.995623767375946
dbpedia_40189,metacritic_14393,0.9995067119598388
dbpedia_61863,metacritic_2236,0.9525227546691896
dbpedia_9208,metacritic_1360,0.9992069602012634
dbpedia_21443,metacritic_6190,0.999933123588562
dbpedia_58620,metacritic_18766,0.9998894929885864
dbpedia_40933,metacritic_16555,0.999750316143036
dbpedia_43589,metacritic_3557,0.9528687596321106
dbpedia_6486,metacritic_1736,0.9997596144676208
dbpedia_55731,metacritic_1742,0.9998898506164552
dbpedia_35906,metacritic_13275,0.9936848282814026
dbpedia_29824,metacritic_1936,0.950035274028778
dbpedia_37495,metacritic_4591,0.999842643737793
dbpedia_15320,metacritic_1506,0.9959132075309752
dbpedia_11299,metacritic_7965,0.9907667636871338
dbpedia_25853,metacritic_9000,0.9997907280921936
dbpedia_30044,metacritic_702,0.9986978769302368
dbpedia_11727,metacritic_2098,0.904159665107727
dbpedia_10039,metacritic_13943,0.9998101592063904
dbpedia_44452,metacritic_18698,0.99629944562912
dbpedia_4678,metacritic_3038,0.9467414021492004
dbpedia_18055,metacritic_3226,0.9169501066207886
dbpedia_23497,metacritic_1476,0.9989245533943176
dbpedia_40358,metacritic_1577,0.9999489784240724
dbpedia_13813,metacritic_17101,0.911017656326294
dbpedia_51734,metacritic_19912,0.9961070418357848
dbpedia_6211,metacritic_15917,0.9993740916252136
dbpedia_3435,metacritic_10885,0.9984176158905028
dbpedia_35699,metacritic_1903,0.92548805475235
dbpedia_53617,metacritic_3668,0.9835861325263976
dbpedia_28050,metacritic_2417,0.969369113445282
dbpedia_41909,metacritic_4662,0.9999722242355348
dbpedia_37909,metacritic_13381,0.9967893958091736
dbpedia_57199,metacritic_9018,0.9997515082359314
dbpedia_21159,metacritic_3214,0.9574328064918518
dbpedia_1957,metacritic_3119,0.9710344076156616
dbpedia_38896,metacritic_17728,0.98165363073349
dbpedia_48390,metacritic_17443,0.9988322854042052
dbpedia_1194,metacritic_3871,0.9996356964111328
dbpedia_43151,metacritic_13717,0.99774169921875
dbpedia_36096,metacritic_13333,0.9511498212814332
dbpedia_10146,metacritic_2993,0.9983671307563782
dbpedia_39312,metacritic_3790,0.9793761968612672
dbpedia_29001,metacritic_56,0.9650282263755798
dbpedia_3187,metacritic_6321,0.9997572302818298
dbpedia_21693,metacritic_7052,0.9342697262763976
dbpedia_19554,metacritic_17801,0.997531235218048
dbpedia_9104,metacritic_8260,0.9992363452911376
dbpedia_13327,metacritic_1952,0.9995617270469666
dbpedia_17640,metacritic_5468,0.99444180727005
dbpedia_32432,metacritic_483,0.959519386291504
dbpedia_22544,metacritic_5024,0.941364288330078
dbpedia_34794,metacritic_9657,0.9996943473815918
dbpedia_39873,metacritic_7351,0.979506015777588
dbpedia_12538,metacritic_10519,0.99980229139328
dbpedia_57278,metacritic_16933,0.9306624531745912
dbpedia_18657,metacritic_3155,0.99933123588562
dbpedia_64849,metacritic_4568,0.9733185172080994
dbpedia_33024,metacritic_8128,0.9996641874313354
dbpedia_53150,metacritic_734,0.9769509434700012
dbpedia_57865,metacritic_19887,0.9904701709747314
dbpedia_18455,metacritic_12479,0.9026018381118774
dbpedia_50459,metacritic_5864,0.9511498212814332
dbpedia_48896,metacritic_12305,0.998332679271698
dbpedia_5500,metacritic_12667,0.9396870732307434
dbpedia_36462,metacritic_16690,0.9793761968612672
dbpedia_24889,metacritic_6222,0.9962546825408936
dbpedia_3294,metacritic_4868,0.999767243862152
dbpedia_28967,metacritic_18818,0.9999408721923828
dbpedia_29123,metacritic_15149,0.9489125609397888
dbpedia_60476,metacritic_4769,0.9912582039833068
dbpedia_33557,metacritic_358,0.9990646243095398
dbpedia_47924,metacritic_10555,0.9751578569412231
dbpedia_1046,metacritic_2904,0.9940816760063172
dbpedia_50562,metacritic_3935,0.998383402824402
dbpedia_27359,metacritic_4066,0.9521531462669371
dbpedia_51027,metacritic_15132,0.9758511781692504
dbpedia_16741,metacritic_16929,0.997825801372528
dbpedia_32173,metacritic_2971,0.9998613595962524
dbpedia_1701,metacritic_3361,0.9409089684486388
dbpedia_21063,metacritic_2428,0.9998131394386292
dbpedia_3676,metacritic_1705,0.9511498212814332
dbpedia_7172,metacritic_7791,0.996508777141571
dbpedia_47136,metacritic_7133,0.9511498212814332
dbpedia_12044,metacritic_7018,0.953726053237915
dbpedia_14137,metacritic_5236,0.9393736124038696
dbpedia_47748,metacritic_7647,0.9998669624328612
dbpedia_24925,metacritic_8529,0.9994953870773317
dbpedia_7755,metacritic_19454,0.9947070479393004
dbpedia_2380,metacritic_17481,0.9894918203353882
dbpedia_28681,metacritic_6137,0.9935245513916016
dbpedia_28495,metacritic_6541,0.9997811913490297
dbpedia_12869,metacritic_5468,0.9999555349349976
dbpedia_47493,metacritic_1793,0.999933123588562
dbpedia_25456,metacritic_1251,0.959820568561554
dbpedia_4195,metacritic_9287,0.9626826643943788
dbpedia_57542,metacritic_2129,0.9910708665847778
dbpedia_18752,metacritic_9242,0.9999737739562988
dbpedia_8909,metacritic_7240,0.9997556805610656
dbpedia_6586,metacritic_206,0.9586202502250672
dbpedia_3086,metacritic_5778,0.9988908171653748
dbpedia_45999,metacritic_15002,0.9991410970687866
dbpedia_27182,metacritic_16446,0.997843623161316
dbpedia_31075,metacritic_5306,0.975793957710266
dbpedia_31289,metacritic_876,0.9996334314346312
dbpedia_4195,metacritic_4104,0.9998526573181152
dbpedia_58573,metacritic_16668,0.999964475631714
dbpedia_5678,metacritic_2958,0.9997233748435974
dbpedia_64744,metacritic_11550,0.999714195728302
dbpedia_43806,metacritic_19900,0.931971549987793
dbpedia_36823,metacritic_13897,0.9974175691604614
dbpedia_26420,metacritic_1084,0.9521531462669371
dbpedia_40229,metacritic_17196,0.9567058086395264
dbpedia_39452,metacritic_13980,0.999870777130127
dbpedia_47831,metacritic_1711,0.9729519486427308
dbpedia_26340,metacritic_12473,0.9491575360298156
dbpedia_3723,metacritic_2714,0.9511498212814332
dbpedia_11024,metacritic_7698,0.9935261011123656
dbpedia_12044,metacritic_9335,0.953726053237915
dbpedia_2406,metacritic_3702,0.9907416105270386
dbpedia_2972,metacritic_16911,0.9755566716194152
dbpedia_12002,metacritic_13722,0.9181239008903505
dbpedia_29875,metacritic_2756,0.9511498212814332
dbpedia_39261,metacritic_7675,0.9781493544578552
dbpedia_48984,metacritic_342,0.9999433755874634
dbpedia_52937,metacritic_7140,0.9954156875610352
dbpedia_15922,metacritic_17788,0.9980729818344116
dbpedia_36678,metacritic_4513,0.9999958276748656
dbpedia_26259,metacritic_8247,0.9958969354629515
dbpedia_39896,metacritic_20489,0.9998778104782104
dbpedia_28382,metacritic_1785,0.9997157454490662
dbpedia_24320,metacritic_5119,0.9287654757499696
dbpedia_16800,metacritic_2802,0.955778419971466
dbpedia_32693,metacritic_18350,0.9144320487976074
dbpedia_42498,metacritic_854,0.972055196762085
dbpedia_2308,metacritic_994,0.9840452671051024
dbpedia_41329,metacritic_4413,0.99997878074646
dbpedia_30661,metacritic_17845,0.9998557567596436
dbpedia_40122,metacritic_14,0.9910805821418762
dbpedia_19431,metacritic_16167,0.9769509434700012
dbpedia_60251,metacritic_4394,0.9018073081970216
dbpedia_56103,metacritic_14514,0.9998809099197388
dbpedia_16207,metacritic_1485,0.9990235567092896
dbpedia_33997,metacritic_5025,0.931971549987793
dbpedia_11515,metacritic_12903,0.9135244488716124
dbpedia_47728,metacritic_20457,0.9999433755874634
dbpedia_44293,metacritic_2097,0.99998939037323
dbpedia_34513,metacritic_15822,0.9997031092643738
dbpedia_42792,metacritic_17461,0.99992835521698
dbpedia_18278,metacritic_8086,0.965167760848999
dbpedia_56614,metacritic_896,0.9998875856399536
dbpedia_10952,metacritic_1341,0.9991095662117004
dbpedia_11186,metacritic_8614,0.987489640712738
dbpedia_25075,metacritic_136,0.9707607626914978
dbpedia_2560,metacritic_2571,0.9799556136131288
dbpedia_57582,metacritic_13940,0.9884157180786132
dbpedia_42977,metacritic_7641,0.9492145776748656
dbpedia_60365,metacritic_19866,0.979712963104248
dbpedia_50632,metacritic_483,0.949804425239563
dbpedia_49146,metacritic_11699,0.9809699058532716
dbpedia_48266,metacritic_7823,0.9759544730186462
dbpedia_41788,metacritic_14674,0.9234999418258668
dbpedia_55287,metacritic_14902,0.9600864052772522
dbpedia_10539,metacritic_2617,0.9999204874038696
dbpedia_50238,metacritic_18492,0.9873523712158204
dbpedia_27632,metacritic_2014,0.9999489784240724
dbpedia_25374,metacritic_11042,0.9997292160987854
dbpedia_20731,metacritic_316,0.9997811913490297
dbpedia_38088,metacritic_878,0.991357445716858
dbpedia_44847,metacritic_12628,0.9998809099197388
dbpedia_19815,metacritic_10749,0.9787781238555908
dbpedia_55554,metacritic_8529,0.9994953870773317
dbpedia_41116,metacritic_16747,0.92548805475235
dbpedia_10572,metacritic_19877,0.997620165348053
dbpedia_33832,metacritic_4322,0.9999275207519532
dbpedia_21551,metacritic_11929,0.9585410952568054
dbpedia_11616,metacritic_1844,0.9989774227142334
dbpedia_26880,metacritic_747,0.9997721314430236
dbpedia_9073,metacritic_10772,0.9177609086036682
dbpedia_43054,metacritic_7013,0.9910209774971008
dbpedia_27826,metacritic_18334,0.9873614311218262
dbpedia_3683,metacritic_13911,0.953726053237915
dbpedia_22755,metacritic_1390,0.996029019355774
dbpedia_28975,metacritic_13861,0.9288953542709352
dbpedia_27140,metacritic_10010,0.9792321920394896
dbpedia_19089,metacritic_6236,0.9891743659973145
dbpedia_1033,metacritic_188,0.983033001422882
dbpedia_38736,metacritic_8855,0.9996718168258668
dbpedia_36753,metacritic_17396,0.950133204460144
dbpedia_56151,metacritic_14120,0.9751046895980836
dbpedia_49645,metacritic_2978,0.9710209369659424
dbpedia_3128,metacritic_12662,0.9996169805526732
dbpedia_1606,metacritic_19043,0.9567058086395264
dbpedia_29019,metacritic_13364,0.9418001174926758
dbpedia_55542,metacritic_8033,0.9995067119598388
dbpedia_7561,metacritic_17675,0.9307278990745544
dbpedia_37234,metacritic_1026,0.999754011631012
dbpedia_1186,metacritic_2594,0.9649458527565002
dbpedia_6186,metacritic_4823,0.9482221007347108
dbpedia_64849,metacritic_4102,0.9733185172080994
dbpedia_45999,metacritic_6558,0.9991410970687866
dbpedia_53095,metacritic_5793,0.999909520149231
dbpedia_38459,metacritic_2505,0.9909454584121704
dbpedia_39465,metacritic_4164,0.9970148801803588
dbpedia_4490,metacritic_301,0.9997113347053528
dbpedia_45470,metacritic_13837,0.997785210609436
dbpedia_42872,metacritic_9045,0.9554035067558287
dbpedia_9674,metacritic_2535,0.9998821020126344
dbpedia_45354,metacritic_19611,0.9997265934944152
dbpedia_63223,metacritic_3395,0.9336217045783995
dbpedia_63947,metacritic_6621,0.9614182710647584
dbpedia_12664,metacritic_4626,0.9847735166549684
dbpedia_49550,metacritic_10560,0.9997181296348572
dbpedia_27595,metacritic_14369,0.9982736110687256
dbpedia_45999,metacritic_17805,0.995145857334137
dbpedia_27507,metacritic_9874,0.9999054670333862
dbpedia_11957,metacritic_14428,0.9971815347671508
dbpedia_18001,metacritic_2865,0.914864718914032
dbpedia_17795,metacritic_8564,0.9878250360488892
dbpedia_58215,metacritic_9812,0.9541101455688475
dbpedia_45114,metacritic_4544,0.9996609687805176
dbpedia_57346,metacritic_5134,0.9996362924575806
dbpedia_19692,metacritic_11777,0.9710209369659424
dbpedia_29704,metacritic_1802,0.9997113347053528
dbpedia_20025,metacritic_5470,0.9070943593978882
dbpedia_8919,metacritic_4730,0.999754011631012
dbpedia_53886,metacritic_1834,0.999892234802246
dbpedia_21712,metacritic_7316,0.9993942975997924
dbpedia_5624,metacritic_959,0.9999593496322632
dbpedia_26170,metacritic_4601,0.999519109725952
dbpedia_55577,metacritic_725,0.9990235567092896
dbpedia_50683,metacritic_18926,0.9427102208137512
dbpedia_36947,metacritic_5402,0.985530972480774
dbpedia_21104,metacritic_3064,0.9999111890792848
dbpedia_17517,metacritic_5050,0.9198518395423888
dbpedia_46449,metacritic_13099,0.9999902248382568
dbpedia_14447,metacritic_14560,0.9999243021011353
dbpedia_39945,metacritic_556,0.9851146936416626
dbpedia_25219,metacritic_6367,0.9497631192207336
dbpedia_19613,metacritic_10,0.9999161958694458
dbpedia_24523,metacritic_1250,0.985530972480774
dbpedia_54048,metacritic_13765,0.9280303120613098
dbpedia_19275,metacritic_11819,0.9511498212814332
dbpedia_39263,metacritic_19766,0.9497631192207336
dbpedia_24208,metacritic_4648,0.9561963081359864
dbpedia_58186,metacritic_5129,0.999572455883026
dbpedia_15858,metacritic_9954,0.9935245513916016
dbpedia_26902,metacritic_13093,0.9775992631912231
dbpedia_19234,metacritic_19929,0.9961716532707214
dbpedia_18124,metacritic_12561,0.936616063117981
dbpedia_25516,metacritic_4748,0.9997348189353944
dbpedia_43920,metacritic_6862,0.9935245513916016
dbpedia_30639,metacritic_17921,0.9758511781692504
dbpedia_8112,metacritic_10919,0.997243881225586
dbpedia_61043,metacritic_7679,0.9999654293060304
dbpedia_32890,metacritic_12960,0.9999958276748656
dbpedia_24889,metacritic_723,0.9962546825408936
dbpedia_37777,metacritic_10343,0.9999526739120485
dbpedia_51867,metacritic_5468,0.9984934329986572
dbpedia_43193,metacritic_5468,0.9925440549850464
dbpedia_8505,metacritic_17504,0.9986961483955384
dbpedia_13395,metacritic_14086,0.9998039603233336
dbpedia_14726,metacritic_10358,0.9846178293228148
dbpedia_44242,metacritic_9190,0.9785805940628052
dbpedia_803,metacritic_1452,0.9144479632377625
dbpedia_15675,metacritic_3214,0.9401272535324096
dbpedia_49654,metacritic_6594,0.9157838225364684
dbpedia_22647,metacritic_14,0.9910805821418762
dbpedia_61173,metacritic_785,0.9997755885124208
dbpedia_20477,metacritic_2695,0.9999433755874634
dbpedia_26430,metacritic_5062,0.9488230347633362
dbpedia_22171,metacritic_19438,0.9698222875595092
dbpedia_30624,metacritic_18159,0.924827516078949
dbpedia_41905,metacritic_6038,0.9998500347137452
dbpedia_6601,metacritic_15163,0.9188187122344972
dbpedia_24957,metacritic_9129,0.9961628913879396
dbpedia_20497,metacritic_9866,0.9374136328697203
dbpedia_32286,metacritic_18902,0.999761164188385
dbpedia_4201,metacritic_3649,0.9995185136795044
dbpedia_64342,metacritic_6884,0.999835968017578
dbpedia_42106,metacritic_1703,0.9998928308486938
dbpedia_52981,metacritic_10348,0.9998145699501038
dbpedia_50556,metacritic_13188,0.9998979568481444
dbpedia_40183,metacritic_4594,0.9952608942985536
dbpedia_37067,metacritic_647,0.9649458527565002
dbpedia_43216,metacritic_16557,0.997531235218048
dbpedia_12992,metacritic_12225,0.9994181394577026
dbpedia_61976,metacritic_2122,0.9887601137161256
dbpedia_5470,metacritic_10085,0.9655951857566832
dbpedia_46547,metacritic_16296,0.9614182710647584
dbpedia_374,metacritic_2608,0.960601270198822
dbpedia_37731,metacritic_19037,0.9889994263648988
dbpedia_35449,metacritic_1331,0.904662013053894
dbpedia_16232,metacritic_5680,0.9273648858070374
dbpedia_8062,metacritic_9341,0.9999439716339112
dbpedia_6705,metacritic_9580,0.9798511862754822
dbpedia_19607,metacritic_551,0.9736827611923218
dbpedia_11165,metacritic_11795,0.99907648563385
dbpedia_33868,metacritic_12029,0.9975207448005676
dbpedia_19207,metacritic_10727,0.9983946681022644
dbpedia_18532,metacritic_1736,0.9997596144676208
dbpedia_46143,metacritic_15154,0.9657565951347352
dbpedia_59056,metacritic_16492,0.9989097118377686
dbpedia_26344,metacritic_20359,0.9993942975997924
dbpedia_27624,metacritic_6275,0.9856675863265992
dbpedia_28713,metacritic_12328,0.9470402598381042
dbpedia_55826,metacritic_10216,0.9740086793899536
dbpedia_20863,metacritic_2576,0.9144479632377625
dbpedia_10409,metacritic_5172,0.999929666519165
dbpedia_3972,metacritic_16742,0.9736827611923218
dbpedia_17761,metacritic_19798,0.926158845424652
dbpedia_3922,metacritic_1150,0.9882864356040956
dbpedia_1685,metacritic_11987,0.9718119502067566
dbpedia_50280,metacritic_5709,0.9263315796852112
dbpedia_15435,metacritic_7351,0.978203535079956
dbpedia_16483,metacritic_13124,0.9401272535324096
dbpedia_44588,metacritic_13259,0.9747280478477478
dbpedia_25403,metacritic_20153,0.9753427505493164
dbpedia_55001,metacritic_3468,0.9696774482727052
dbpedia_14722,metacritic_16926,0.9983538389205932
dbpedia_46255,metacritic_1220,0.9635900259017944
dbpedia_63355,metacritic_19604,0.999113142490387
dbpedia_55286,metacritic_830,0.9756407737731934
dbpedia_21703,metacritic_1097,0.9856675863265992
dbpedia_13699,metacritic_3573,0.9963796734809875
dbpedia_49039,metacritic_4588,0.9327256679534912
dbpedia_29586,metacritic_8772,0.9314925074577332
dbpedia_3862,metacritic_2683,0.9996730089187622
dbpedia_3430,metacritic_15303,0.922153890132904
dbpedia_6948,metacritic_12340,0.999933123588562
dbpedia_5802,metacritic_14484,0.9885522127151488
dbpedia_27070,metacritic_6288,0.9707607626914978
dbpedia_34156,metacritic_5395,0.971062183380127
dbpedia_49098,metacritic_6828,0.963410496711731
dbpedia_64846,metacritic_1780,0.9451726078987122
dbpedia_47168,metacritic_9952,0.9999066591262816
dbpedia_4642,metacritic_15638,0.995771825313568
dbpedia_40137,metacritic_10068,0.9323753714561462
dbpedia_45306,metacritic_10445,0.9994316697120668
dbpedia_23551,metacritic_949,0.9427756071090698
dbpedia_36753,metacritic_18465,0.9722220301628112
dbpedia_46547,metacritic_17888,0.9614182710647584
dbpedia_64451,metacritic_4750,0.9011465907096864
dbpedia_40377,metacritic_20404,0.9996602535247804
dbpedia_1512,metacritic_6186,0.9991768002510072
dbpedia_12478,metacritic_8746,0.9314925074577332
dbpedia_13812,metacritic_9611,0.9941124320030212
dbpedia_52026,metacritic_1368,0.996286392211914
dbpedia_40946,metacritic_2064,0.9998946189880372
dbpedia_40116,metacritic_13004,0.9979829788208008
dbpedia_13284,metacritic_2719,0.9796320796012878
dbpedia_9984,metacritic_13144,0.9630619883537292
dbpedia_8342,metacritic_7197,0.9999555349349976
dbpedia_17560,metacritic_6359,0.999771773815155
dbpedia_21825,metacritic_6221,0.9121882319450378
dbpedia_48708,metacritic_5693,0.999568521976471
dbpedia_33084,metacritic_1846,0.9840030074119568
dbpedia_803,metacritic_10978,0.9636048674583436
dbpedia_60152,metacritic_2445,0.999614119529724
dbpedia_54822,metacritic_13940,0.985530972480774
dbpedia_3888,metacritic_3662,0.960601270198822
dbpedia_34086,metacritic_7196,0.9994650483131408
dbpedia_45792,metacritic_3593,0.9914878606796264
dbpedia_8328,metacritic_1590,0.9992227554321288
dbpedia_37486,metacritic_6253,0.9696774482727052
dbpedia_25443,metacritic_5755,0.999754011631012
dbpedia_16847,metacritic_11360,0.9970256686210632
dbpedia_43308,metacritic_13432,0.9813709855079652
dbpedia_61770,metacritic_1931,0.9039959907531738
dbpedia_49322,metacritic_12902,0.9983820915222168
dbpedia_5715,metacritic_5371,0.9696774482727052
dbpedia_58905,metacritic_19131,0.9913582801818848
dbpedia_57498,metacritic_2755,0.9973975419998168
dbpedia_45645,metacritic_14704,0.997843623161316
dbpedia_25196,metacritic_19547,0.936616063117981
dbpedia_3503,metacritic_12688,0.999775230884552
dbpedia_22444,metacritic_5522,0.999755322933197
dbpedia_46509,metacritic_9324,0.99865061044693
dbpedia_9225,metacritic_15265,0.9999047517776488
dbpedia_25716,metacritic_7698,0.997616171836853
dbpedia_50609,metacritic_3536,0.9999940395355223
dbpedia_54476,metacritic_12161,0.9997585415840148
dbpedia_1965,metacritic_2667,0.9710209369659424
dbpedia_38720,metacritic_1926,0.9998648166656494
dbpedia_25233,metacritic_11865,0.9614182710647584
dbpedia_60866,metacritic_1010,0.9997348189353944
dbpedia_18396,metacritic_12476,0.9986961483955384
dbpedia_10547,metacritic_1631,0.9995002746582032
dbpedia_3677,metacritic_8204,0.9998973608016968
dbpedia_13945,metacritic_12735,0.9990235567092896
dbpedia_21070,metacritic_19666,0.9999433755874634
dbpedia_29555,metacritic_10037,0.9997523427009584
dbpedia_45652,metacritic_579,0.9066563248634338
dbpedia_57798,metacritic_5129,0.999572455883026
dbpedia_43915,metacritic_57,0.998217523097992
dbpedia_30600,metacritic_1114,0.9057838916778564
dbpedia_54591,metacritic_19115,0.9810000658035278
dbpedia_55779,metacritic_11034,0.9999384880065918
dbpedia_38237,metacritic_5124,0.9541101455688475
dbpedia_30714,metacritic_17251,0.982671320438385
dbpedia_22292,metacritic_8057,0.936616063117981
dbpedia_14122,metacritic_9606,0.9796320796012878
dbpedia_27179,metacritic_6089,0.90137380361557
dbpedia_56471,metacritic_11931,0.9948132038116456
dbpedia_52464,metacritic_12760,0.9341005682945251
dbpedia_15630,metacritic_3548,0.9965505599975586
dbpedia_40802,metacritic_9726,0.9908422231674194
dbpedia_3371,metacritic_6945,0.9076334834098816
dbpedia_24369,metacritic_19639,0.9991278052330016
dbpedia_27656,metacritic_973,0.981242299079895
dbpedia_55368,metacritic_20407,0.9102519750595092
dbpedia_55561,metacritic_3395,0.9336217045783995
dbpedia_43807,metacritic_406,0.9843614101409912
dbpedia_63315,metacritic_16479,0.9985669255256652
dbpedia_2071,metacritic_17675,0.9249891042709352
dbpedia_32974,metacritic_20197,0.9978569149971008
dbpedia_7561,metacritic_17879,0.9307278990745544
dbpedia_60506,metacritic_5818,0.9994016885757446
dbpedia_3866,metacritic_13333,0.9800138473510742
dbpedia_35770,metacritic_18805,0.9986677169799804
dbpedia_53470,metacritic_271,0.9474045634269714
dbpedia_43690,metacritic_7036,0.9829360246658324
dbpedia_35553,metacritic_4882,0.978922724723816
dbpedia_50752,metacritic_18526,0.9998643398284912
dbpedia_38118,metacritic_15745,0.9998034834861756
dbpedia_57734,metacritic_13278,0.9944655299186708
dbpedia_10507,metacritic_734,0.9769509434700012
dbpedia_11574,metacritic_10042,0.9856489896774292
dbpedia_19923,metacritic_18439,0.993768572807312
dbpedia_28431,metacritic_748,0.9979209303855896
dbpedia_413,metacritic_5720,0.9986681938171388
dbpedia_13063,metacritic_11708,0.9815141558647156
dbpedia_27589,metacritic_6699,0.9789618849754332
dbpedia_31584,metacritic_2793,0.922539234161377
dbpedia_61057,metacritic_2781,0.9997523427009584
dbpedia_7395,metacritic_506,0.9996602535247804
dbpedia_28389,metacritic_17806,0.9381404519081116
dbpedia_27100,metacritic_4749,0.9970765113830566
dbpedia_15647,metacritic_10646,0.9995946288108826
dbpedia_20610,metacritic_510,0.9018073081970216
dbpedia_13374,metacritic_5217,0.9999312162399292
dbpedia_7039,metacritic_4338,0.9996602535247804
dbpedia_9221,metacritic_19160,0.91131329536438
dbpedia_58885,metacritic_13461,0.9995067119598388
dbpedia_30247,metacritic_3905,0.970708668231964
dbpedia_3358,metacritic_6552,0.912600576877594
dbpedia_4659,metacritic_14113,0.9401272535324096
dbpedia_57027,metacritic_19957,0.9766402244567872
dbpedia_34742,metacritic_9753,0.9465755224227904
dbpedia_14850,metacritic_5334,0.9994851350784302
dbpedia_20443,metacritic_7339,0.936616063117981
dbpedia_13859,metacritic_623,0.999933123588562
dbpedia_47554,metacritic_5631,0.9914366602897644
dbpedia_7638,metacritic_5468,0.9992722868919371
dbpedia_63144,metacritic_8696,0.9914878606796264
dbpedia_60307,metacritic_19872,0.9551851749420166
dbpedia_12424,metacritic_524,0.9970732927322388
dbpedia_24120,metacritic_7621,0.9632545113563538
dbpedia_40209,metacritic_16238,0.9952499866485596
dbpedia_7018,metacritic_15700,0.9705384969711304
dbpedia_28083,metacritic_5693,0.9989288449287416
dbpedia_13524,metacritic_2002,0.9645690321922302
dbpedia_11292,metacritic_9000,0.999747097492218
dbpedia_38309,metacritic_9306,0.9206098318099976
dbpedia_34885,metacritic_6954,0.9847735166549684
dbpedia_3880,metacritic_17293,0.9962416887283324
dbpedia_12574,metacritic_16979,0.9176594018936156
dbpedia_21562,metacritic_13338,0.9931930899620056
dbpedia_60696,metacritic_7957,0.9521531462669371
dbpedia_36327,metacritic_10238,0.9998606443405152
dbpedia_574,metacritic_10247,0.9997510313987732
dbpedia_19840,metacritic_5676,0.9997499585151672
dbpedia_19188,metacritic_11854,0.999476969242096
dbpedia_53640,metacritic_12000,0.9885522127151488
dbpedia_40406,metacritic_2781,0.9997523427009584
dbpedia_3837,metacritic_9865,0.915972113609314
dbpedia_3076,metacritic_6945,0.9088372588157654
dbpedia_10581,metacritic_14015,0.99960058927536
dbpedia_17198,metacritic_10584,0.9999948740005492
dbpedia_5886,metacritic_139,0.9936946034431458
dbpedia_55813,metacritic_20174,0.9534602165222168
dbpedia_18478,metacritic_4343,0.9857900738716124
dbpedia_437,metacritic_3041,0.9998939037322998
dbpedia_43723,metacritic_9008,0.9376888871192932
dbpedia_32824,metacritic_7619,0.999811828136444
dbpedia_50318,metacritic_7620,0.9809641242027284
dbpedia_29807,metacritic_19310,0.93430095911026
dbpedia_23700,metacritic_12566,0.996000587940216
dbpedia_50222,metacritic_19698,0.9401272535324096
dbpedia_4667,metacritic_4928,0.936616063117981
dbpedia_3371,metacritic_7154,0.9998880624771118
dbpedia_7035,metacritic_4066,0.9521531462669371
dbpedia_2485,metacritic_8743,0.9511498212814332
dbpedia_18860,metacritic_1683,0.9693286418914796
dbpedia_46246,metacritic_1654,0.9954817295074464
dbpedia_25760,metacritic_11691,0.990203619003296
dbpedia_2406,metacritic_2566,0.9907416105270386
dbpedia_2045,metacritic_13364,0.999778687953949
dbpedia_15398,metacritic_16492,0.9589200019836426
dbpedia_36054,metacritic_13060,0.997243881225586
dbpedia_24774,metacritic_12837,0.9145214557647704
dbpedia_14554,metacritic_11835,0.931971549987793
dbpedia_49480,metacritic_7317,0.9696774482727052
dbpedia_20664,metacritic_4475,0.9997738003730774
dbpedia_15289,metacritic_16739,0.9541101455688475
dbpedia_15282,metacritic_13250,0.9793474078178406
dbpedia_14178,metacritic_2962,0.9696774482727052
dbpedia_36341,metacritic_2617,0.9998779296875
dbpedia_37244,metacritic_3905,0.9454121589660645
dbpedia_63604,metacritic_3541,0.992478370666504
dbpedia_38072,metacritic_14926,0.9923738837242126
dbpedia_9036,metacritic_1602,0.9896426796913148
dbpedia_23138,metacritic_11132,0.9964105486869812
dbpedia_22002,metacritic_1064,0.9999170303344728
dbpedia_14102,metacritic_12822,0.9381404519081116
dbpedia_6030,metacritic_1106,0.969029664993286
dbpedia_21409,metacritic_5464,0.9970148801803588
dbpedia_16371,metacritic_771,0.9914878606796264
dbpedia_4291,metacritic_18081,0.9996362924575806
dbpedia_46208,metacritic_12665,0.996061146259308
dbpedia_9159,metacritic_9399,0.9926814436912536
dbpedia_59481,metacritic_9054,0.99444180727005
dbpedia_32726,metacritic_6216,0.931971549987793
dbpedia_22535,metacritic_9107,0.9999837875366212
dbpedia_23567,metacritic_2484,0.9585410952568054
dbpedia_3303,metacritic_11304,0.9273648858070374
dbpedia_59193,metacritic_13943,0.9998101592063904
dbpedia_3242,metacritic_3421,0.9984976053237916
dbpedia_7351,metacritic_3645,0.9696774482727052
dbpedia_44342,metacritic_4507,0.9996676445007324
dbpedia_23449,metacritic_1879,0.9283183813095092
dbpedia_45026,metacritic_1102,0.9992146492004396
dbpedia_62438,metacritic_11919,0.9985950589179992
dbpedia_8504,metacritic_13295,0.9662567377090454
dbpedia_47971,metacritic_8495,0.9999947547912598
dbpedia_29474,metacritic_11673,0.9908327460289
dbpedia_34739,metacritic_10994,0.9916366934776306
dbpedia_13298,metacritic_2231,0.9997499585151672
dbpedia_19677,metacritic_18895,0.9996323585510254
dbpedia_51917,metacritic_6157,0.9928681254386902
dbpedia_46930,metacritic_12579,0.983372151851654
dbpedia_16689,metacritic_1058,0.943305253982544
dbpedia_22496,metacritic_4650,0.9982377290725708
dbpedia_28773,metacritic_6310,0.9305548071861268
dbpedia_54693,metacritic_16540,0.9999957084655762
dbpedia_38262,metacritic_10365,0.9996121525764464
dbpedia_40836,metacritic_4009,0.9809405207633972
dbpedia_38770,metacritic_3536,0.9999940395355223
dbpedia_733,metacritic_10703,0.9939795732498168
dbpedia_62416,metacritic_4015,0.9951979517936708
dbpedia_58251,metacritic_6918,0.9841564297676086
dbpedia_35096,metacritic_2399,0.9918447136878968
dbpedia_33007,metacritic_5215,0.9691002368927002
dbpedia_18232,metacritic_9794,0.9976829290390016
dbpedia_127,metacritic_16513,0.9991626739501952
dbpedia_38048,metacritic_14245,0.9998583793640136
dbpedia_8739,metacritic_2728,0.995462954044342
dbpedia_2560,metacritic_4858,0.9799556136131288
dbpedia_35077,metacritic_11679,0.9999066591262816
dbpedia_3144,metacritic_14342,0.9995911717414856
dbpedia_11922,metacritic_8743,0.9511498212814332
dbpedia_22463,metacritic_8320,0.965331256389618
dbpedia_10652,metacritic_11805,0.99444180727005
dbpedia_49053,metacritic_7919,0.9997993111610411
dbpedia_15879,metacritic_949,0.9241583943367004
dbpedia_47148,metacritic_942,0.9710209369659424
dbpedia_19946,metacritic_7768,0.987489640712738
dbpedia_50173,metacritic_3620,0.9996532201766968
dbpedia_16622,metacritic_18190,0.9592267870903016
dbpedia_14955,metacritic_6285,0.9998676776885986
dbpedia_29875,metacritic_4417,0.9511498212814332
dbpedia_6231,metacritic_15644,0.9979720711708068
dbpedia_41991,metacritic_9341,0.9963874816894532
dbpedia_46399,metacritic_19517,0.936616063117981
dbpedia_24721,metacritic_12072,0.9677106142044068
dbpedia_64438,metacritic_6089,0.9837964177131652
dbpedia_9285,metacritic_14416,0.9935245513916016
dbpedia_10570,metacritic_10428,0.9992770552635192
dbpedia_52784,metacritic_7534,0.9907273054122924
dbpedia_34082,metacritic_13991,0.9910067915916444
dbpedia_15625,metacritic_3120,0.9997926354408264
dbpedia_29276,metacritic_6321,0.9997572302818298
dbpedia_40877,metacritic_7932,0.9994379878044128
dbpedia_32893,metacritic_14583,0.909221053123474
dbpedia_40978,metacritic_7602,0.9957731366157532
dbpedia_28103,metacritic_18876,0.9614182710647584
dbpedia_35518,metacritic_859,0.9999747276306152
dbpedia_60904,metacritic_3719,0.999853253364563
dbpedia_51271,metacritic_19090,0.999863862991333
dbpedia_31817,metacritic_9000,0.999747097492218
dbpedia_63671,metacritic_14585,0.9998291730880736
dbpedia_18521,metacritic_18504,0.9721968173980712
dbpedia_6156,metacritic_18116,0.9899393916130066
dbpedia_62919,metacritic_1097,0.9900916814804076
dbpedia_8714,metacritic_11017,0.9967893958091736
dbpedia_18552,metacritic_7619,0.9997995495796204
dbpedia_55368,metacritic_1952,0.989102065563202
dbpedia_1883,metacritic_11527,0.9401272535324096
dbpedia_34476,metacritic_5310,0.9995185136795044
dbpedia_59719,metacritic_11441,0.9614182710647584
dbpedia_8409,metacritic_11183,0.9856095910072328
dbpedia_13474,metacritic_2667,0.9710209369659424
dbpedia_13474,metacritic_2333,0.9710209369659424
dbpedia_63757,metacritic_2427,0.9277338981628418
dbpedia_16671,metacritic_11805,0.9993982315063475
dbpedia_24208,metacritic_6173,0.9561963081359864
dbpedia_32139,metacritic_205,0.959519386291504
dbpedia_60710,metacritic_14720,0.9994760155677797
dbpedia_10263,metacritic_878,0.9029468297958374
dbpedia_28477,metacritic_1858,0.9905728697776794
dbpedia_33508,metacritic_13979,0.99865061044693
dbpedia_26170,metacritic_2236,0.9984951019287108
dbpedia_63706,metacritic_7619,0.9997995495796204
dbpedia_10787,metacritic_3500,0.9999275207519532
dbpedia_32633,metacritic_202,0.9936946034431458
dbpedia_29877,metacritic_6034,0.9696774482727052
dbpedia_4849,metacritic_11159,0.9235499501228333
dbpedia_6406,metacritic_5721,0.9696774482727052
dbpedia_3560,metacritic_16419,0.9999948740005492
dbpedia_46526,metacritic_13218,0.9884688258171082
dbpedia_59687,metacritic_18359,0.999716341495514
dbpedia_59917,metacritic_1817,0.936616063117981
dbpedia_4005,metacritic_10474,0.9491575360298156
dbpedia_33760,metacritic_2394,0.9997904896736144
dbpedia_3452,metacritic_15451,0.997243881225586
dbpedia_13712,metacritic_5998,0.9584421515464784
dbpedia_2730,metacritic_7572,0.9511498212814332
dbpedia_22649,metacritic_8769,0.987489640712738
dbpedia_2638,metacritic_3353,0.990345060825348
dbpedia_54761,metacritic_1736,0.9997596144676208
dbpedia_12002,metacritic_13294,0.9181239008903505
dbpedia_39417,metacritic_1578,0.99092698097229
dbpedia_10179,metacritic_17784,0.9948816299438475
dbpedia_64653,metacritic_644,0.9541101455688475
dbpedia_54629,metacritic_1485,0.9725673198699952
dbpedia_2026,metacritic_18044,0.9974768757820128
dbpedia_47089,metacritic_10174,0.9834442138671876
dbpedia_8283,metacritic_9340,0.988852083683014
dbpedia_7123,metacritic_6137,0.9976155757904052
dbpedia_4396,metacritic_8550,0.999806582927704
dbpedia_52004,metacritic_14747,0.9998518228530884
dbpedia_53898,metacritic_3380,0.9410194754600524
dbpedia_21219,metacritic_423,0.9999932050704956
dbpedia_32145,metacritic_1579,0.925467848777771
dbpedia_1043,metacritic_9153,0.9972227811813354
dbpedia_36091,metacritic_3369,0.9448970556259156
dbpedia_39019,metacritic_8683,0.9856675863265992
dbpedia_31204,metacritic_3989,0.9982983469963074
dbpedia_64070,metacritic_13251,0.9809169173240662
dbpedia_26019,metacritic_7480,0.9541101455688475
dbpedia_38748,metacritic_1720,0.997531235218048
dbpedia_60755,metacritic_9133,0.9976252913475036
dbpedia_2763,metacritic_421,0.92633455991745
dbpedia_439,metacritic_4886,0.9994471669197084
dbpedia_11309,metacritic_19053,0.92548805475235
dbpedia_9408,metacritic_12785,0.9843483567237854
dbpedia_14492,metacritic_18873,0.9990264177322388
dbpedia_32964,metacritic_11063,0.9796320796012878
dbpedia_24334,metacritic_6407,0.9834129810333252
dbpedia_23577,metacritic_5978,0.9592846035957336
dbpedia_29746,metacritic_14638,0.999206244945526
dbpedia_53569,metacritic_2716,0.999898076057434
dbpedia_59027,metacritic_9536,0.971764326095581
dbpedia_54591,metacritic_2158,0.9948132038116456
dbpedia_8085,metacritic_176,0.986567497253418
dbpedia_40345,metacritic_769,0.925467848777771
dbpedia_20860,metacritic_860,0.9998089671134948
dbpedia_6817,metacritic_1864,0.9948132038116456
dbpedia_57677,metacritic_4369,0.9994552731513976
dbpedia_5231,metacritic_4802,0.9992227554321288
dbpedia_62168,metacritic_7897,0.936616063117981
dbpedia_7923,metacritic_14845,0.9999568462371826
dbpedia_58817,metacritic_19176,0.9998985528945924
dbpedia_39002,metacritic_8345,0.9953498840332032
dbpedia_41213,metacritic_13619,0.9842095375061036
dbpedia_22229,metacritic_7758,0.931971549987793
dbpedia_37383,metacritic_285,0.9961848855018616
dbpedia_28953,metacritic_14971,0.9988322854042052
dbpedia_13270,metacritic_5337,0.9931570887565612
dbpedia_498,metacritic_18066,0.9921777844429016
dbpedia_44010,metacritic_17399,0.9998089671134948
dbpedia_153,metacritic_12476,0.9417237043380736
dbpedia_16584,metacritic_3198,0.9655606150627136
dbpedia_3778,metacritic_6269,0.925467848777771
dbpedia_1142,metacritic_483,0.949804425239563
dbpedia_8738,metacritic_6321,0.9997525811195374
dbpedia_8590,metacritic_9054,0.9993982315063475
dbpedia_41019,metacritic_14494,0.9998358488082886
dbpedia_6378,metacritic_1857,0.9476661682128906
dbpedia_10468,metacritic_4642,0.999716341495514
dbpedia_9885,metacritic_5,0.9999916553497314
dbpedia_9293,metacritic_3266,0.998924434185028
dbpedia_12162,metacritic_1958,0.9160096049308776
dbpedia_13277,metacritic_6097,0.9999828338623048
dbpedia_46060,metacritic_20481,0.9402496218681335
dbpedia_46879,metacritic_14025,0.9793474078178406
dbpedia_34375,metacritic_4788,0.9109591841697692
dbpedia_62231,metacritic_3082,0.9996250867843628
dbpedia_258,metacritic_149,0.99990713596344
dbpedia_52937,metacritic_7857,0.918803095817566
dbpedia_23057,metacritic_2338,0.936616063117981
dbpedia_3808,metacritic_720,0.9841564297676086
dbpedia_25448,metacritic_5011,0.9994471669197084
dbpedia_30859,metacritic_6321,0.9997525811195374
dbpedia_38202,metacritic_11557,0.9134849309921264
dbpedia_7937,metacritic_17821,0.9999758005142212
dbpedia_51381,metacritic_15303,0.9273648858070374
dbpedia_18174,metacritic_20136,0.997843623161316
dbpedia_14330,metacritic_15725,0.92548805475235
dbpedia_28363,metacritic_13648,0.9314925074577332
dbpedia_9036,metacritic_2912,0.9896426796913148
dbpedia_26645,metacritic_5692,0.9695380330085754
dbpedia_37013,metacritic_19918,0.996633231639862
dbpedia_24752,metacritic_16749,0.9998539686203004
dbpedia_23063,metacritic_9570,0.9826797246932985
dbpedia_57058,metacritic_1404,0.9990646243095398
dbpedia_1302,metacritic_2223,0.999884843826294
dbpedia_33315,metacritic_2906,0.9999583959579468
dbpedia_34609,metacritic_11915,0.92548805475235
dbpedia_60295,metacritic_17559,0.991291046142578
dbpedia_3033,metacritic_4001,0.9935245513916016
dbpedia_17295,metacritic_11735,0.9541101455688475
dbpedia_55158,metacritic_18536,0.987489640712738
dbpedia_14919,metacritic_8191,0.9954462051391602
dbpedia_41655,metacritic_13364,0.9758871793746948
dbpedia_13218,metacritic_473,0.958893895149231
dbpedia_46503,metacritic_17539,0.999767243862152
dbpedia_29718,metacritic_9954,0.9976155757904052
dbpedia_39443,metacritic_12741,0.9521531462669371
dbpedia_47498,metacritic_15413,0.9792865514755248
dbpedia_39644,metacritic_18577,0.9952499866485596
dbpedia_25042,metacritic_2581,0.9995912909507751
dbpedia_7201,metacritic_20,0.9335664510726928
dbpedia_19215,metacritic_1394,0.9554020762443542
dbpedia_30121,metacritic_5693,0.999568521976471
dbpedia_17634,metacritic_19242,0.9923535585403442
dbpedia_8585,metacritic_8449,0.9950382113456726
dbpedia_36555,metacritic_6680,0.9273648858070374
dbpedia_30983,metacritic_11411,0.991569459438324
dbpedia_4389,metacritic_18336,0.9995309114456176
dbpedia_6142,metacritic_14474,0.9567058086395264
dbpedia_60295,metacritic_17466,0.991291046142578
dbpedia_33167,metacritic_20427,0.9910805821418762
dbpedia_26949,metacritic_8235,0.9964486360549928
dbpedia_14839,metacritic_5858,0.9286965131759644
dbpedia_24726,metacritic_6649,0.9995911717414856
dbpedia_6729,metacritic_17712,0.9787697792053224
dbpedia_14534,metacritic_13543,0.9511498212814332
dbpedia_11105,metacritic_7619,0.9997995495796204
dbpedia_13284,metacritic_3365,0.9796320796012878
dbpedia_59922,metacritic_13799,0.9761376976966858
dbpedia_50793,metacritic_16838,0.9887502789497375
dbpedia_370,metacritic_1699,0.9810150861740112
dbpedia_32059,metacritic_12676,0.9990235567092896
dbpedia_40791,metacritic_19135,0.9996875524520874
dbpedia_54891,metacritic_16044,0.933809757232666
dbpedia_36265,metacritic_3920,0.9561082720756532
dbpedia_12067,metacritic_9866,0.9374136328697203
dbpedia_46867,metacritic_13364,0.9758871793746948
dbpedia_28382,metacritic_7523,0.9915928840637208
dbpedia_57152,metacritic_5124,0.9826679825782776
dbpedia_19254,metacritic_7648,0.9997088313102722
dbpedia_51395,metacritic_5672,0.967752993106842
dbpedia_48442,metacritic_13077,0.995375394821167
dbpedia_24776,metacritic_12634,0.9997348189353944
dbpedia_34046,metacritic_10386,0.9999958276748656
dbpedia_44374,metacritic_6233,0.9999423027038574
dbpedia_36391,metacritic_3539,0.931971549987793
dbpedia_21218,metacritic_6915,0.9829246401786804
dbpedia_1020,metacritic_8116,0.999479591846466
dbpedia_38126,metacritic_6321,0.9994848966598512
dbpedia_7447,metacritic_9033,0.9521531462669371
dbpedia_19683,metacritic_17606,0.9570668935775756
dbpedia_1443,metacritic_11435,0.9834442138671876
dbpedia_46061,metacritic_7917,0.9999847412109376
dbpedia_43878,metacritic_13979,0.9232986569404602
dbpedia_10003,metacritic_4927,0.9996522665023804
dbpedia_31437,metacritic_9866,0.9745053052902222
dbpedia_45540,metacritic_9552,0.9999908208847046
dbpedia_7200,metacritic_1940,0.9652059674263
dbpedia_32571,metacritic_9866,0.9745053052902222
dbpedia_6396,metacritic_5215,0.9836097955703736
dbpedia_58081,metacritic_15581,0.9713934659957886
dbpedia_4243,metacritic_6954,0.9792321920394896
dbpedia_63181,metacritic_19134,0.9877787232398988
dbpedia_31733,metacritic_10037,0.9997523427009584
dbpedia_1586,metacritic_20441,0.9999161958694458
dbpedia_4128,metacritic_1186,0.9521531462669371
dbpedia_14338,metacritic_11144,0.9999949932098388
dbpedia_6434,metacritic_6974,0.9991726279258728
dbpedia_43586,metacritic_871,0.9992817044258118
dbpedia_38066,metacritic_6444,0.9996733665466307
dbpedia_24826,metacritic_5798,0.9164613485336304
dbpedia_46345,metacritic_11061,0.9999932050704956
dbpedia_57081,metacritic_20102,0.9995098114013672
dbpedia_22215,metacritic_17488,0.9983980059623718
dbpedia_2191,metacritic_15674,0.9707607626914978
dbpedia_17864,metacritic_3649,0.9995185136795044
dbpedia_3150,metacritic_6863,0.9988322854042052
dbpedia_35582,metacritic_2145,0.9553728103637696
dbpedia_34481,metacritic_12996,0.9554080963134766
dbpedia_9904,metacritic_12024,0.9984869956970216
dbpedia_46649,metacritic_8396,0.9463897943496704
dbpedia_21200,metacritic_12860,0.9621460437774658
dbpedia_50180,metacritic_7351,0.979506015777588
dbpedia_20942,metacritic_15400,0.9995526671409608
dbpedia_9822,metacritic_12840,0.9541101455688475
dbpedia_61732,metacritic_14074,0.9996615648269652
dbpedia_35652,metacritic_6359,0.9997113347053528
dbpedia_10273,metacritic_9443,0.90137380361557
dbpedia_49429,metacritic_6165,0.9642007350921632
dbpedia_59230,metacritic_15817,0.9843610525131226
dbpedia_10894,metacritic_4594,0.997307062149048
dbpedia_47753,metacritic_5860,0.9843483567237854
dbpedia_18319,metacritic_4965,0.9996730089187622
dbpedia_40899,metacritic_20429,0.943655014038086
dbpedia_18912,metacritic_7652,0.936616063117981
dbpedia_22647,metacritic_20432,0.988852083683014
dbpedia_17884,metacritic_14250,0.9843366146087646
dbpedia_11937,metacritic_1859,0.9768773317337036
dbpedia_64120,metacritic_5609,0.9729889631271362
dbpedia_1103,metacritic_9686,0.9367716312408448
dbpedia_12669,metacritic_17038,0.9929190278053284
dbpedia_11047,metacritic_11742,0.9613813757896424
dbpedia_39797,metacritic_762,0.9302166104316713
dbpedia_16452,metacritic_18914,0.9997065663337708
dbpedia_40659,metacritic_4214,0.9991914629936218
dbpedia_34809,metacritic_3032,0.979506015777588
dbpedia_1150,metacritic_1249,0.9096721410751344
dbpedia_23816,metacritic_16526,0.9997451901435852
dbpedia_4730,metacritic_2031,0.9998039603233336
dbpedia_12827,metacritic_4322,0.9998939037322998
dbpedia_27982,metacritic_4423,0.9832304120063782
dbpedia_18899,metacritic_6990,0.9847052097320556
dbpedia_64936,metacritic_12902,0.9137101769447328
dbpedia_3242,metacritic_5142,0.9984976053237916
dbpedia_27435,metacritic_4909,0.9382304549217224
dbpedia_20889,metacritic_2733,0.9659563899040222
dbpedia_21746,metacritic_1103,0.9793761968612672
dbpedia_57316,metacritic_4507,0.9995513558387756
dbpedia_62875,metacritic_18120,0.999969482421875
dbpedia_4845,metacritic_17665,0.9999642372131348
dbpedia_58121,metacritic_14756,0.996633231639862
dbpedia_15290,metacritic_3248,0.9953840374946594
dbpedia_60405,metacritic_6288,0.9881812930107116
dbpedia_32697,metacritic_5354,0.91579407453537
dbpedia_49525,metacritic_8413,0.9454339146614076
dbpedia_26843,metacritic_1810,0.9904205799102784
dbpedia_12200,metacritic_9476,0.9964080452919006
dbpedia_45990,metacritic_12960,0.9999936819076538
dbpedia_2558,metacritic_7523,0.989421248435974
dbpedia_38562,metacritic_1512,0.925467848777771
dbpedia_28227,metacritic_3384,0.9896426796913148
dbpedia_49645,metacritic_2697,0.9710209369659424
dbpedia_26419,metacritic_734,0.9769509434700012
dbpedia_1707,metacritic_14865,0.9997572302818298
dbpedia_54133,metacritic_11501,0.9996323585510254
dbpedia_40505,metacritic_4245,0.992935597896576
dbpedia_55621,metacritic_7057,0.9880366325378418
dbpedia_45173,metacritic_13993,0.9567058086395264
dbpedia_22753,metacritic_17675,0.9249891042709352
dbpedia_10567,metacritic_8171,0.9986503720283508
dbpedia_1965,metacritic_2654,0.9710209369659424
dbpedia_3995,metacritic_3237,0.9989097118377686
dbpedia_23551,metacritic_534,0.993209421634674
dbpedia_8328,metacritic_4708,0.9992227554321288
dbpedia_33151,metacritic_11253,0.948444366455078
dbpedia_32976,metacritic_459,0.977436900138855
dbpedia_64024,metacritic_17832,0.931971549987793
dbpedia_1443,metacritic_6849,0.9834442138671876
dbpedia_27922,metacritic_4498,0.9869661331176758
dbpedia_29587,metacritic_10536,0.9808009266853333
dbpedia_46905,metacritic_15934,0.9967851638793944
dbpedia_1299,metacritic_89,0.9160849452018738
dbpedia_2293,metacritic_14663,0.9410701394081116
dbpedia_27982,metacritic_5561,0.985471248626709
dbpedia_61833,metacritic_2846,0.9445005655288696
dbpedia_43275,metacritic_16757,0.9986234903335572
dbpedia_45741,metacritic_16526,0.9997286200523376
dbpedia_64580,metacritic_2920,0.9798511862754822
dbpedia_64653,metacritic_866,0.9541101455688475
dbpedia_45517,metacritic_5062,0.9456787109375
dbpedia_31375,metacritic_5797,0.9537034034729004
dbpedia_23080,metacritic_14311,0.9773452281951904
dbpedia_25448,metacritic_4886,0.974451184272766
dbpedia_48923,metacritic_11455,0.95330810546875
dbpedia_43845,metacritic_17807,0.9998034834861756
dbpedia_34860,metacritic_9244,0.9971349239349364
dbpedia_62007,metacritic_3708,0.9704848527908324
dbpedia_32497,metacritic_14093,0.971764326095581
dbpedia_14917,metacritic_85,0.956532061100006
dbpedia_13327,metacritic_20407,0.9651050567626952
dbpedia_31301,metacritic_7380,0.9464160799980164
dbpedia_31121,metacritic_20218,0.9937186241149902
dbpedia_16226,metacritic_8539,0.931971549987793
dbpedia_1431,metacritic_13735,0.960218071937561
dbpedia_50106,metacritic_7901,0.9999804496765136
dbpedia_61239,metacritic_9626,0.9362346529960632
dbpedia_47302,metacritic_9553,0.9994016885757446
dbpedia_8570,metacritic_19037,0.9567058086395264
dbpedia_39512,metacritic_6540,0.996286392211914
dbpedia_32986,metacritic_1452,0.9993176460266112
dbpedia_40319,metacritic_14642,0.971287965774536
dbpedia_13889,metacritic_17781,0.925290822982788
dbpedia_35591,metacritic_16418,0.9987890124320984
dbpedia_46255,metacritic_579,0.9358287453651428
dbpedia_52066,metacritic_145,0.9976008534431458
dbpedia_17428,metacritic_4599,0.9177113175392152
dbpedia_41297,metacritic_4614,0.9856675863265992
dbpedia_3994,metacritic_689,0.9713095426559448
dbpedia_15258,metacritic_19645,0.9518401026725768
dbpedia_27705,metacritic_5356,0.9066823720932008
dbpedia_10609,metacritic_4187,0.9997348189353944
dbpedia_41913,metacritic_1048,0.9996622800827026
dbpedia_52477,metacritic_4399,0.995067834854126
dbpedia_36719,metacritic_20429,0.997531235218048
dbpedia_7430,metacritic_15070,0.9995943903923036
dbpedia_2600,metacritic_7154,0.9076334834098816
dbpedia_62418,metacritic_9891,0.9624252319335938
dbpedia_13474,metacritic_2654,0.9710209369659424
dbpedia_55753,metacritic_19698,0.92548805475235
dbpedia_5860,metacritic_16630,0.936616063117981
dbpedia_12165,metacritic_4507,0.9707607626914978
dbpedia_10951,metacritic_14943,0.909221053123474
dbpedia_49025,metacritic_20256,0.9994944334030152
dbpedia_9481,metacritic_5887,0.9967893958091736
dbpedia_33364,metacritic_1451,0.9944861531257628
dbpedia_37325,metacritic_17022,0.9996966123580932
dbpedia_8309,metacritic_4328,0.9999842643737792
dbpedia_8739,metacritic_3925,0.9935809373855592
dbpedia_36287,metacritic_14474,0.936616063117981
dbpedia_54787,metacritic_1710,0.9904205799102784
dbpedia_2972,metacritic_4704,0.9347330927848816
dbpedia_36705,metacritic_16418,0.9338685870170592
dbpedia_10927,metacritic_17506,0.9584421515464784
dbpedia_55515,metacritic_12305,0.9524418711662292
dbpedia_19187,metacritic_19134,0.9869950413703918
dbpedia_40783,metacritic_10144,0.9999274015426636
dbpedia_33647,metacritic_162,0.9487456679344176
dbpedia_38237,metacritic_3792,0.9541101455688475
dbpedia_23400,metacritic_10174,0.9793474078178406
dbpedia_18820,metacritic_7306,0.9998226761817932
dbpedia_13490,metacritic_1333,0.9998857975006104
dbpedia_60886,metacritic_20489,0.9998238682746888
dbpedia_21407,metacritic_5595,0.995623767375946
dbpedia_16371,metacritic_2401,0.9914878606796264
dbpedia_40751,metacritic_842,0.9955847859382628
dbpedia_57039,metacritic_18594,0.947420299053192
dbpedia_11869,metacritic_3266,0.9692898988723756
dbpedia_51061,metacritic_11965,0.9896798729896544
dbpedia_60527,metacritic_1952,0.9841625690460204
dbpedia_53270,metacritic_4613,0.989605188369751
dbpedia_31415,metacritic_9959,0.993857204914093
dbpedia_41897,metacritic_1551,0.9999828338623048
dbpedia_32986,metacritic_791,0.932902693748474
dbpedia_57150,metacritic_5253,0.9992363452911376
dbpedia_20410,metacritic_17842,0.90815407037735
dbpedia_21953,metacritic_384,0.9886435866355896
dbpedia_49645,metacritic_2483,0.9710209369659424
dbpedia_7508,metacritic_17596,0.9378036856651306
dbpedia_6303,metacritic_3880,0.9359387159347534
dbpedia_17201,metacritic_2589,0.9851039052009584
dbpedia_53147,metacritic_8173,0.9066823720932008
dbpedia_16506,metacritic_19346,0.9314925074577332
dbpedia_12323,metacritic_7984,0.9892826080322266
dbpedia_5982,metacritic_234,0.9460328817367554
dbpedia_64698,metacritic_14164,0.9999226331710817
dbpedia_28301,metacritic_10347,0.9836663007736206
dbpedia_9018,metacritic_18927,0.9989994168281556
dbpedia_46776,metacritic_11888,0.996061146259308
dbpedia_32896,metacritic_3899,0.9928996562957764
dbpedia_46456,metacritic_1417,0.9864760041236876
dbpedia_23017,metacritic_16525,0.942627489566803
dbpedia_64526,metacritic_15581,0.9884415864944458
dbpedia_53711,metacritic_1057,0.9649458527565002
dbpedia_59406,metacritic_7197,0.9963874816894532
dbpedia_59326,metacritic_3479,0.999435007572174
dbpedia_18736,metacritic_5785,0.9401272535324096
dbpedia_63804,metacritic_8548,0.9702412486076356
dbpedia_10250,metacritic_376,0.9986333250999452
dbpedia_39687,metacritic_20407,0.9373719096183776
dbpedia_11186,metacritic_9744,0.9942139983177184
dbpedia_53576,metacritic_223,0.9904205799102784
dbpedia_5953,metacritic_11679,0.9998089671134948
dbpedia_14440,metacritic_4539,0.92807137966156
dbpedia_5742,metacritic_6351,0.9567058086395264
dbpedia_38696,metacritic_16182,0.9279720783233644
dbpedia_43407,metacritic_5998,0.9804707765579224
dbpedia_23434,metacritic_10486,0.9159414768218994
dbpedia_162,metacritic_14583,0.9623500108718872
dbpedia_61004,metacritic_5851,0.9642007350921632
dbpedia_10879,metacritic_5543,0.9676718711853028
dbpedia_37383,metacritic_4,0.9961848855018616
dbpedia_36894,metacritic_563,0.9950382113456726
dbpedia_58837,metacritic_591,0.9948858618736268
dbpedia_8739,metacritic_1889,0.995462954044342
dbpedia_30594,metacritic_9299,0.9996044039726256
dbpedia_15326,metacritic_13364,0.9998936653137208
dbpedia_23759,metacritic_27,0.9997596144676208
dbpedia_28443,metacritic_10347,0.9142355918884276
dbpedia_25811,metacritic_10420,0.9928996562957764
dbpedia_56540,metacritic_163,0.9998526573181152
dbpedia_21135,metacritic_110,0.9034914970397948
dbpedia_22131,metacritic_16731,0.9886763095855712
dbpedia_556,metacritic_6544,0.9428094029426576
dbpedia_20024,metacritic_18533,0.9822714328765868
dbpedia_60506,metacritic_7651,0.9997125267982484
dbpedia_29017,metacritic_9054,0.9963874816894532
dbpedia_27869,metacritic_638,0.9950382113456726
dbpedia_60318,metacritic_9954,0.9970148801803588
dbpedia_46821,metacritic_16675,0.9534602165222168
dbpedia_29520,metacritic_2234,0.9177113175392152
dbpedia_56601,metacritic_3181,0.9801619052886964
dbpedia_51215,metacritic_9379,0.9698739051818848
dbpedia_15273,metacritic_16346,0.9441336989402772
dbpedia_15920,metacritic_14369,0.9084451794624328
dbpedia_58983,metacritic_1722,0.999313473701477
dbpedia_32925,metacritic_7316,0.9814155101776124
dbpedia_315,metacritic_473,0.9309112429618835
dbpedia_15879,metacritic_1628,0.993209421634674
dbpedia_17846,metacritic_1306,0.9896016716957092
dbpedia_59812,metacritic_17576,0.9999291896820068
dbpedia_21161,metacritic_8567,0.9459804892539978
dbpedia_9581,metacritic_2377,0.953543782234192
dbpedia_439,metacritic_5011,0.974451184272766
dbpedia_11662,metacritic_11320,0.9873632788658142
dbpedia_1083,metacritic_4362,0.936616063117981
dbpedia_20329,metacritic_234,0.9853399395942688
dbpedia_53711,metacritic_1024,0.9649458527565002
dbpedia_20470,metacritic_19763,0.9761799573898317
dbpedia_11477,metacritic_863,0.9813709855079652
dbpedia_36236,metacritic_19134,0.9869950413703918
dbpedia_61823,metacritic_13920,0.9914180040359496
dbpedia_33941,metacritic_13589,0.9710209369659424
dbpedia_3352,metacritic_12305,0.9068796038627625
dbpedia_271,metacritic_163,0.9998526573181152
dbpedia_15484,metacritic_7860,0.9972338080406188
dbpedia_11415,metacritic_3221,0.9997238516807556
dbpedia_4310,metacritic_17275,0.9998748302459716
dbpedia_31695,metacritic_11078,0.9159196019172668
dbpedia_17906,metacritic_16004,0.9999350309371948
dbpedia_17815,metacritic_20,0.9335664510726928
dbpedia_2071,metacritic_17879,0.9249891042709352
dbpedia_57806,metacritic_6255,0.9128310680389404
dbpedia_15017,metacritic_1495,0.9724751114845276
dbpedia_32820,metacritic_5025,0.931971549987793
dbpedia_22880,metacritic_345,0.9999654293060304
dbpedia_53334,metacritic_7817,0.9524418711662292
dbpedia_31958,metacritic_1879,0.9723299145698548
dbpedia_35012,metacritic_2993,0.9993382096290588
dbpedia_43420,metacritic_4639,0.9434151649475098
dbpedia_31796,metacritic_7194,0.993645191192627
dbpedia_30693,metacritic_14737,0.9844008088111876
dbpedia_4181,metacritic_12758,0.9181239008903505
dbpedia_52496,metacritic_12110,0.9793761968612672
dbpedia_21304,metacritic_13364,0.9998936653137208
dbpedia_2325,metacritic_9844,0.9946267008781432
dbpedia_8912,metacritic_6736,0.9969527721405028
dbpedia_2600,metacritic_7206,0.9088372588157654
dbpedia_29908,metacritic_6869,0.909221053123474
dbpedia_19089,metacritic_864,0.9979653358459472
dbpedia_39882,metacritic_14232,0.9491890072822572
dbpedia_64438,metacritic_9443,0.9086370468139648
dbpedia_58168,metacritic_2252,0.9954965114593506
dbpedia_19996,metacritic_14097,0.9995185136795044
dbpedia_142,metacritic_13010,0.9991095662117004
dbpedia_60747,metacritic_13254,0.9391261339187622
dbpedia_18879,metacritic_14602,0.9689132571220398
dbpedia_45127,metacritic_9367,0.9998452663421632
dbpedia_13433,metacritic_5372,0.999626874923706
dbpedia_49396,metacritic_20447,0.9657565951347352
dbpedia_7351,metacritic_4228,0.9696774482727052
dbpedia_20121,metacritic_736,0.9630110263824464
dbpedia_26725,metacritic_1540,0.9630110263824464
dbpedia_11743,metacritic_4409,0.9971478581428528
dbpedia_60044,metacritic_3041,0.9998718500137328
dbpedia_42286,metacritic_7181,0.9864760041236876
dbpedia_13304,metacritic_17142,0.9800626635551452
dbpedia_44905,metacritic_3731,0.9992227554321288
dbpedia_14152,metacritic_1622,0.9710209369659424
dbpedia_59923,metacritic_2409,0.9649458527565002
dbpedia_26412,metacritic_502,0.9817497730255128
dbpedia_50519,metacritic_5797,0.995439350605011
dbpedia_49683,metacritic_19040,0.9998291730880736
dbpedia_20347,metacritic_9673,0.9990235567092896
dbpedia_5943,metacritic_13825,0.9088422656059264
dbpedia_8670,metacritic_6541,0.9997811913490297
dbpedia_6098,metacritic_7230,0.9985461235046388
dbpedia_63405,metacritic_6285,0.9997292160987854
dbpedia_9386,metacritic_11760,0.9970159530639648
dbpedia_20257,metacritic_15809,0.9935595989227296
dbpedia_48433,metacritic_4229,0.999853253364563
dbpedia_10590,metacritic_11034,0.9999284744262696
dbpedia_31780,metacritic_20103,0.9541101455688475
dbpedia_20579,metacritic_8548,0.9739739894866944
dbpedia_30196,metacritic_15696,0.9232414960861206
dbpedia_21262,metacritic_13424,0.9848655462265016
dbpedia_21251,metacritic_14113,0.9541101455688475
dbpedia_850,metacritic_10549,0.974257230758667
dbpedia_20987,metacritic_4995,0.9649458527565002
dbpedia_55314,metacritic_5124,0.978383243083954
dbpedia_9982,metacritic_1278,0.9763508439064026
dbpedia_53125,metacritic_6917,0.9487187266349792
dbpedia_12410,metacritic_863,0.9850725531578064
dbpedia_7833,metacritic_1852,0.9991726279258728
dbpedia_60696,metacritic_9930,0.9521531462669371
dbpedia_19663,metacritic_13168,0.9975056052207948
dbpedia_11687,metacritic_2377,0.9506744742393494
dbpedia_36293,metacritic_6755,0.9437599182128906
dbpedia_10493,metacritic_189,0.999811828136444
dbpedia_850,metacritic_13825,0.9034914970397948
dbpedia_9123,metacritic_12966,0.9511498212814332
dbpedia_48173,metacritic_10549,0.9427490234375
dbpedia_5054,metacritic_5371,0.9886627793312072
dbpedia_46456,metacritic_20410,0.9864760041236876
dbpedia_63559,metacritic_884,0.9997348189353944
dbpedia_27053,metacritic_1524,0.9711567163467408
dbpedia_24281,metacritic_3179,0.92548805475235
dbpedia_1066,metacritic_661,0.9271278977394104
dbpedia_48126,metacritic_9519,0.9205286502838136
dbpedia_14347,metacritic_16885,0.9851039052009584
dbpedia_40689,metacritic_6681,0.9662567377090454
dbpedia_13113,metacritic_9830,0.9721839427947998
dbpedia_63253,metacritic_9443,0.9086370468139648
dbpedia_8037,metacritic_6126,0.9449689984321594
dbpedia_62673,metacritic_14460,0.9317482709884644
dbpedia_22886,metacritic_15384,0.9915117621421814
dbpedia_6030,metacritic_851,0.969029664993286
dbpedia_2398,metacritic_1639,0.9904205799102784
dbpedia_58373,metacritic_19162,0.9998664855957032
dbpedia_37520,metacritic_5639,0.9997088313102722
dbpedia_33680,metacritic_14660,0.9762946963310242
dbpedia_57152,metacritic_3792,0.9826679825782776
dbpedia_44905,metacritic_1405,0.9992227554321288
dbpedia_9293,metacritic_1037,0.9970369338989258
dbpedia_22753,metacritic_17879,0.9249891042709352
dbpedia_51340,metacritic_15025,0.9762946963310242
dbpedia_2319,metacritic_5856,0.9995585083961488
dbpedia_64015,metacritic_15044,0.9556666016578674
dbpedia_64666,metacritic_7351,0.978203535079956
dbpedia_7520,metacritic_12622,0.9996610879898072
dbpedia_43473,metacritic_8394,0.9995194673538208
dbpedia_32231,metacritic_6403,0.950035274028778
dbpedia_17724,metacritic_11428,0.9949016571044922
dbpedia_1565,metacritic_12305,0.9068796038627625
dbpedia_54180,metacritic_15975,0.999000608921051
dbpedia_49954,metacritic_6321,0.9997525811195374
dbpedia_1880,metacritic_6552,0.959997057914734
dbpedia_33647,metacritic_75,0.9487456679344176
dbpedia_62468,metacritic_8550,0.9998130202293396
dbpedia_35750,metacritic_7387,0.9600864052772522
dbpedia_5314,metacritic_17832,0.9580506086349488
dbpedia_8572,metacritic_13648,0.9314925074577332
dbpedia_58269,metacritic_18608,0.9491890072822572
dbpedia_15019,metacritic_4403,0.9321080446243286
dbpedia_7048,metacritic_9443,0.9994848966598512
dbpedia_35105,metacritic_4061,0.9999831914901732
dbpedia_62294,metacritic_19057,0.9869837760925292
dbpedia_6956,metacritic_3297,0.940597414970398
dbpedia_41001,metacritic_13233,0.9809653162956238
dbpedia_20068,metacritic_222,0.9088422656059264
dbpedia_4031,metacritic_16525,0.9097617864608764
dbpedia_32416,metacritic_69,0.9840696454048156
dbpedia_28555,metacritic_12407,0.9999433755874634
dbpedia_23852,metacritic_19043,0.936616063117981
dbpedia_23282,metacritic_2742,0.998016595840454
dbpedia_47865,metacritic_2247,0.909221053123474
dbpedia_14515,metacritic_11291,0.9590752124786376
dbpedia_53495,metacritic_7180,0.9494315981864928
dbpedia_4237,metacritic_15303,0.9273648858070374
dbpedia_38343,metacritic_12457,0.9089298248291016
dbpedia_27098,metacritic_296,0.9904205799102784
dbpedia_43162,metacritic_8539,0.9609604477882384
dbpedia_43826,metacritic_2994,0.9938814640045166
dbpedia_20302,metacritic_2279,0.9591808319091796
dbpedia_22647,metacritic_3790,0.988852083683014
dbpedia_58614,metacritic_20379,0.9999125003814696
dbpedia_59157,metacritic_20034,0.9611613750457764
dbpedia_16171,metacritic_11919,0.9982845187187196
dbpedia_63018,metacritic_3880,0.9257767200469972
dbpedia_57582,metacritic_13721,0.9884157180786132
dbpedia_22006,metacritic_7316,0.9814155101776124
dbpedia_38552,metacritic_19204,0.92548805475235
dbpedia_9852,metacritic_2518,0.9727631211280824
dbpedia_10806,metacritic_17582,0.9374136328697203
dbpedia_63012,metacritic_17224,0.9999465942382812
dbpedia_14625,metacritic_5964,0.9900739192962646
dbpedia_24499,metacritic_16526,0.9997286200523376
dbpedia_8739,metacritic_4292,0.9935809373855592
dbpedia_3631,metacritic_17283,0.9851039052009584
dbpedia_23253,metacritic_7628,0.9686242938041688
dbpedia_9872,metacritic_14750,0.996735155582428
dbpedia_53847,metacritic_2989,0.9125995635986328
dbpedia_25087,metacritic_5905,0.9989883303642272
dbpedia_59870,metacritic_20327,0.999562442302704
dbpedia_25552,metacritic_19040,0.9997937083244324
dbpedia_40183,metacritic_3415,0.9952608942985536
dbpedia_38670,metacritic_12305,0.9068796038627625
dbpedia_6405,metacritic_1603,0.9998718500137328
dbpedia_21122,metacritic_1106,0.9884157180786132
dbpedia_24307,metacritic_100,0.983527898788452
dbpedia_36858,metacritic_587,0.9988322854042052
dbpedia_57234,metacritic_1749,0.9971478581428528
dbpedia_39398,metacritic_15691,0.9658446311950684
dbpedia_21342,metacritic_7197,0.9925440549850464
dbpedia_54941,metacritic_7181,0.9864760041236876
dbpedia_26019,metacritic_6291,0.9541101455688475
dbpedia_61686,metacritic_12873,0.98165363073349
dbpedia_44043,metacritic_4749,0.9970765113830566
dbpedia_33167,metacritic_20469,0.9793761968612672
dbpedia_7691,metacritic_5963,0.999771773815155
dbpedia_53711,metacritic_1842,0.9649458527565002
dbpedia_42509,metacritic_8657,0.999864935874939
dbpedia_34465,metacritic_1902,0.9997541308403016
dbpedia_327,metacritic_812,0.9769509434700012
dbpedia_1058,metacritic_10341,0.9996756315231324
dbpedia_63291,metacritic_17971,0.9993947744369508
dbpedia_20557,metacritic_4922,0.9732493162155152
dbpedia_20880,metacritic_13935,0.9993335604667664
dbpedia_33029,metacritic_8696,0.9914878606796264
dbpedia_33561,metacritic_949,0.9241583943367004
dbpedia_21204,metacritic_4498,0.9869661331176758
dbpedia_25548,metacritic_9728,0.9861822128295898
dbpedia_53150,metacritic_812,0.9511498212814332
dbpedia_37223,metacritic_4225,0.9999395608901978
dbpedia_27566,metacritic_10217,0.9959664344787598
dbpedia_47136,metacritic_14517,0.9382744431495668
dbpedia_41270,metacritic_8772,0.9273648858070374
dbpedia_6579,metacritic_13021,0.969658613204956
dbpedia_14362,metacritic_7988,0.9744006991386414
dbpedia_53296,metacritic_15934,0.9278053045272828
dbpedia_17725,metacritic_6365,0.9949016571044922
dbpedia_5735,metacritic_8682,0.9983052015304564
dbpedia_5213,metacritic_18643,0.911529004573822
dbpedia_37466,metacritic_16863,0.9233220815658568
dbpedia_18232,metacritic_10668,0.988361656665802
dbpedia_32982,metacritic_17275,0.9998667240142822
dbpedia_10303,metacritic_19705,0.92548805475235
dbpedia_33746,metacritic_12047,0.9420680403709412
dbpedia_209,metacritic_11436,0.9851281046867372
dbpedia_49735,metacritic_4323,0.9956347346305848
dbpedia_48173,metacritic_13825,0.9034914970397948
dbpedia_4105,metacritic_17016,0.9990290403366088
dbpedia_12861,metacritic_6954,0.9929019808769226
dbpedia_52506,metacritic_5857,0.9534602165222168
dbpedia_14800,metacritic_20457,0.9999226331710817
dbpedia_5676,metacritic_3304,0.9998335838317872
dbpedia_61823,metacritic_14553,0.9914180040359496
dbpedia_36446,metacritic_16588,0.9177609086036682
dbpedia_34990,metacritic_18162,0.9988322854042052
dbpedia_46291,metacritic_10245,0.99966561794281
dbpedia_41029,metacritic_9456,0.9957218170166016
dbpedia_31530,metacritic_6437,0.9877606630325316
dbpedia_37985,metacritic_13970,0.9960383176803588
dbpedia_39417,metacritic_17825,0.9994848966598512
dbpedia_36716,metacritic_4137,0.990605890750885
dbpedia_46456,metacritic_20,0.9864760041236876
dbpedia_13057,metacritic_9656,0.9994933605194092
dbpedia_39130,metacritic_9656,0.9994933605194092
dbpedia_1098,metacritic_15191,0.9998310804367064
dbpedia_17201,metacritic_4551,0.9851039052009584
dbpedia_62766,metacritic_8643,0.9951972365379332
dbpedia_26867,metacritic_12320,0.9041916131973268
dbpedia_28128,metacritic_2032,0.9896426796913148
dbpedia_1741,metacritic_8410,0.9427294135093688
dbpedia_28631,metacritic_3100,0.9767217636108398
dbpedia_55581,metacritic_12592,0.9644793272018432
dbpedia_53530,metacritic_15696,0.9232414960861206
dbpedia_59801,metacritic_947,0.9767217636108398
dbpedia_54281,metacritic_4397,0.9994810223579408
dbpedia_32772,metacritic_109,0.9882882833480836
dbpedia_35949,metacritic_15588,0.9999423027038574
dbpedia_13490,metacritic_1222,0.9797244071960448
dbpedia_53477,metacritic_15793,0.9979808926582336
dbpedia_25122,metacritic_14583,0.9374136328697203
dbpedia_10195,metacritic_7086,0.9829198718070984
dbpedia_4517,metacritic_13915,0.9049307703971864
dbpedia_8349,metacritic_7596,0.9998958110809326
dbpedia_42137,metacritic_1857,0.9476661682128906
dbpedia_59551,metacritic_10895,0.9400562644004822
dbpedia_8961,metacritic_13365,0.9311915040016174
dbpedia_13409,metacritic_9174,0.975895345211029
dbpedia_52198,metacritic_18488,0.9999141693115234
dbpedia_31118,metacritic_4711,0.9975345134735109
dbpedia_2246,metacritic_13251,0.9797022938728333
dbpedia_35254,metacritic_6868,0.9154881834983826
dbpedia_108,metacritic_19517,0.940801441669464
dbpedia_21686,metacritic_11973,0.9979296922683716
dbpedia_59031,metacritic_4927,0.9992764592170716
dbpedia_15967,metacritic_88,0.9902779459953308
dbpedia_32797,metacritic_19484,0.9989994168281556
dbpedia_50687,metacritic_69,0.9852024912834167
dbpedia_56311,metacritic_1994,0.9819316864013672
dbpedia_21261,metacritic_5743,0.987311840057373
dbpedia_53409,metacritic_10549,0.976294219493866
dbpedia_64849,metacritic_4329,0.9733185172080994
dbpedia_64219,metacritic_1296,0.9196920990943908
dbpedia_40439,metacritic_8618,0.9867931008338928
dbpedia_15020,metacritic_20369,0.9989097118377686
dbpedia_13268,metacritic_298,0.9996615648269652
dbpedia_32518,metacritic_1994,0.9944861531257628
dbpedia_24459,metacritic_17073,0.9999206066131592
dbpedia_33647,metacritic_130,0.9487456679344176
dbpedia_54027,metacritic_14484,0.99444180727005
dbpedia_15739,metacritic_300,0.9955847859382628
dbpedia_34926,metacritic_7602,0.9951134324073792
dbpedia_52097,metacritic_1595,0.957965850830078
dbpedia_22218,metacritic_14261,0.9989688396453856
dbpedia_39312,metacritic_14,0.988852083683014
dbpedia_39218,metacritic_383,0.979692816734314
dbpedia_18289,metacritic_9292,0.9650282263755798
dbpedia_25904,metacritic_5668,0.931971549987793
dbpedia_16482,metacritic_16941,0.9360621571540833
dbpedia_40581,metacritic_7203,0.9592267870903016
dbpedia_7521,metacritic_18924,0.9542911052703856
dbpedia_5869,metacritic_2906,0.9999220371246338
dbpedia_24356,metacritic_7621,0.931971549987793
dbpedia_17988,metacritic_10503,0.9999433755874634
dbpedia_51268,metacritic_534,0.9427756071090698
dbpedia_1124,metacritic_12278,0.9831923842430116
dbpedia_32996,metacritic_7513,0.9614182710647584
dbpedia_366,metacritic_5046,0.999874234199524
dbpedia_50140,metacritic_10982,0.9988338351249696
dbpedia_3431,metacritic_1803,0.9930875897407532
dbpedia_48416,metacritic_99,0.9013344645500184
dbpedia_46966,metacritic_15149,0.92548805475235
dbpedia_4230,metacritic_10164,0.9865151047706604
dbpedia_5046,metacritic_8824,0.9903447031974792
dbpedia_35310,metacritic_6056,0.9999047517776488
dbpedia_1965,metacritic_2333,0.9710209369659424
dbpedia_47900,metacritic_4632,0.9954462051391602
dbpedia_22647,metacritic_20442,0.9793761968612672
dbpedia_43129,metacritic_2183,0.999941110610962
dbpedia_28736,metacritic_15674,0.9890754222869872
dbpedia_39684,metacritic_9527,0.9962592124938964
dbpedia_7106,metacritic_15946,0.9999818801879884
dbpedia_59614,metacritic_12305,0.9068796038627625
dbpedia_25189,metacritic_7197,0.9984934329986572
dbpedia_7181,metacritic_12341,0.9997937083244324
dbpedia_15879,metacritic_534,0.9427756071090698
dbpedia_18019,metacritic_14966,0.9875727891921996
dbpedia_30269,metacritic_10004,0.9904083013534546
dbpedia_57729,metacritic_18340,0.936616063117981
dbpedia_2805,metacritic_4433,0.9999266862869264
dbpedia_50391,metacritic_2920,0.9798511862754822
dbpedia_57840,metacritic_4922,0.9874512553215028
dbpedia_21492,metacritic_17678,0.9995123147964478
dbpedia_35892,metacritic_100,0.9921504259109496
dbpedia_35905,metacritic_16067,0.9998946189880372
dbpedia_31525,metacritic_16087,0.999847173690796
dbpedia_2163,metacritic_1852,0.9950382113456726
dbpedia_44788,metacritic_11791,0.9467521905899048
dbpedia_34922,metacritic_4441,0.992478370666504
dbpedia_15718,metacritic_19642,0.9600864052772522
dbpedia_31799,metacritic_12592,0.9644793272018432
dbpedia_8453,metacritic_20335,0.9997937083244324
dbpedia_19773,metacritic_7365,0.9903447031974792
dbpedia_14839,metacritic_4190,0.9795572757720948
dbpedia_32508,metacritic_1975,0.9288740754127502
dbpedia_40759,metacritic_4536,0.9696774482727052
dbpedia_6304,metacritic_18661,0.9719359278678894
dbpedia_60527,metacritic_20407,0.9566700458526612
dbpedia_37162,metacritic_256,0.9991726279258728
dbpedia_54822,metacritic_13721,0.985530972480774
dbpedia_49905,metacritic_773,0.925467848777771
dbpedia_46903,metacritic_12000,0.99444180727005
dbpedia_3242,metacritic_7663,0.9865907430648804
dbpedia_59954,metacritic_19464,0.9523939490318298
dbpedia_15188,metacritic_6932,0.913549304008484
dbpedia_31586,metacritic_3044,0.9896426796913148
dbpedia_579,metacritic_9355,0.9841670393943788
dbpedia_24034,metacritic_9650,0.9999840259552002
dbpedia_35010,metacritic_1791,0.999924898147583
dbpedia_30350,metacritic_16353,0.9242382049560548
dbpedia_16988,metacritic_222,0.93714439868927
dbpedia_7805,metacritic_7240,0.9878476858139038
dbpedia_59201,metacritic_13446,0.9696774482727052
dbpedia_32528,metacritic_13364,0.9758871793746948
dbpedia_47402,metacritic_20153,0.9753427505493164
dbpedia_11509,metacritic_8827,0.9742103815078736
dbpedia_15874,metacritic_10029,0.9501118659973145
dbpedia_25539,metacritic_2366,0.9990494847297668
dbpedia_298,metacritic_5437,0.9621460437774658
dbpedia_22659,metacritic_8035,0.9999504089355468
dbpedia_6384,metacritic_10144,0.9998706579208374
dbpedia_59230,metacritic_16066,0.9843610525131226
dbpedia_2566,metacritic_16456,0.9734773635864258
dbpedia_31243,metacritic_12101,0.9984719157218932
dbpedia_52267,metacritic_1186,0.977436900138855
dbpedia_18729,metacritic_12735,0.9433171153068542
dbpedia_4037,metacritic_4340,0.9992227554321288
dbpedia_8017,metacritic_7308,0.9992461204528807
dbpedia_28531,metacritic_9586,0.987217366695404
dbpedia_31530,metacritic_9476,0.9964080452919006
dbpedia_27127,metacritic_2982,0.9996297359466552
dbpedia_17176,metacritic_9464,0.9696774482727052
dbpedia_56015,metacritic_3739,0.9980574250221252
dbpedia_58776,metacritic_8169,0.9422012567520142
dbpedia_22287,metacritic_18443,0.9684667587280272
dbpedia_370,metacritic_1910,0.9810150861740112
dbpedia_44652,metacritic_11742,0.9613813757896424
dbpedia_1768,metacritic_17717,0.9285532832145692
dbpedia_40497,metacritic_17345,0.9632545113563538
dbpedia_4256,metacritic_5020,0.9759544730186462
dbpedia_39082,metacritic_88,0.9953835606575012
dbpedia_43291,metacritic_9046,0.9960687160491944
dbpedia_6311,metacritic_17791,0.9307278990745544
dbpedia_52758,metacritic_6954,0.9922826886177064
dbpedia_13409,metacritic_17041,0.975895345211029
dbpedia_37005,metacritic_14788,0.9280303120613098
dbpedia_55738,metacritic_50,0.9587507843971252
dbpedia_40131,metacritic_99,0.9982333183288574
dbpedia_6817,metacritic_17845,0.9810000658035278
dbpedia_25213,metacritic_5109,0.9979878664016724
dbpedia_24975,metacritic_4145,0.975895345211029
dbpedia_10146,metacritic_3555,0.9983671307563782
dbpedia_3141,metacritic_20460,0.9902779459953308
dbpedia_38472,metacritic_1847,0.9825363159179688
dbpedia_523,metacritic_2583,0.9367212653160096
dbpedia_57469,metacritic_4765,0.9988608360290528
dbpedia_23291,metacritic_1925,0.9358090162277222
dbpedia_47203,metacritic_10850,0.997843623161316
dbpedia_29508,metacritic_12235,0.931971549987793
dbpedia_3196,metacritic_5583,0.9834442138671876
dbpedia_39747,metacritic_19789,0.9951706528663636
dbpedia_51285,metacritic_20465,0.9864760041236876
dbpedia_53708,metacritic_9513,0.9999454021453856
dbpedia_21981,metacritic_11015,0.998461127281189
dbpedia_34991,metacritic_16353,0.9977445602416992
dbpedia_564,metacritic_7197,0.9885522127151488
dbpedia_11036,metacritic_14190,0.9902955889701844
dbpedia_43381,metacritic_3880,0.9257767200469972
dbpedia_56453,metacritic_19415,0.921753466129303
dbpedia_63742,metacritic_2912,0.9896426796913148
dbpedia_21106,metacritic_11749,0.9328258633613586
dbpedia_55968,metacritic_2377,0.9521531462669371
dbpedia_29701,metacritic_99,0.9036419987678528
dbpedia_10507,metacritic_812,0.9769509434700012
dbpedia_32986,metacritic_2576,0.932902693748474
dbpedia_37067,metacritic_16994,0.9835861325263976
dbpedia_24117,metacritic_4174,0.9998155236244202
dbpedia_4077,metacritic_10307,0.9789330959320068
dbpedia_26170,metacritic_5398,0.9537750482559204
dbpedia_5440,metacritic_15218,0.9502455592155457
dbpedia_57937,metacritic_16671,0.9870792627334596
dbpedia_20021,metacritic_8643,0.9948915243148804
dbpedia_8717,metacritic_19449,0.9957014918327332
dbpedia_18934,metacritic_5742,0.962880790233612
dbpedia_15824,metacritic_4331,0.9714553356170654
dbpedia_54475,metacritic_18667,0.9314925074577332
dbpedia_562,metacritic_11144,0.9991726279258728
dbpedia_36148,metacritic_7746,0.9990235567092896
dbpedia_19241,metacritic_5586,0.9597735404968262
dbpedia_48553,metacritic_13090,0.9979720711708068
dbpedia_64490,metacritic_1923,0.972055196762085
dbpedia_57502,metacritic_3018,0.92548805475235
dbpedia_32189,metacritic_2467,0.957799792289734
dbpedia_5928,metacritic_78,0.9995912909507751
dbpedia_36534,metacritic_4362,0.947072684764862
dbpedia_56575,metacritic_1080,0.9630110263824464
dbpedia_18224,metacritic_635,0.9834917187690736
dbpedia_10068,metacritic_1278,0.959753155708313
dbpedia_14433,metacritic_4867,0.9950382113456726
dbpedia_3242,metacritic_3815,0.9995817542076112
dbpedia_28681,metacritic_6862,0.9935245513916016
dbpedia_8739,metacritic_7989,0.943655014038086
dbpedia_6659,metacritic_12954,0.9521531462669371
dbpedia_49951,metacritic_4605,0.9957347512245178
dbpedia_23675,metacritic_13259,0.9567058086395264
dbpedia_38770,metacritic_2128,0.9889715313911438
dbpedia_18963,metacritic_14340,0.9435367584228516
dbpedia_38100,metacritic_10943,0.935845673084259
dbpedia_5387,metacritic_33,0.9925575256347656
dbpedia_33561,metacritic_1628,0.9241583943367004
dbpedia_7976,metacritic_20345,0.936616063117981
dbpedia_44595,metacritic_7482,0.9949803948402404
dbpedia_62632,metacritic_473,0.9309112429618835
dbpedia_39945,metacritic_543,0.9851146936416626
dbpedia_6715,metacritic_15089,0.9356486201286316
dbpedia_3967,metacritic_1474,0.9816067218780518
dbpedia_47323,metacritic_3500,0.9998939037322998
dbpedia_54719,metacritic_15384,0.975002646446228
dbpedia_40877,metacritic_4412,0.9994379878044128
dbpedia_12077,metacritic_6954,0.9903516173362732
dbpedia_51061,metacritic_7144,0.9465658664703368
dbpedia_18108,metacritic_127,0.9474045634269714
dbpedia_18873,metacritic_14750,0.9792321920394896
dbpedia_55314,metacritic_3792,0.978383243083954
dbpedia_327,metacritic_693,0.9511498212814332
dbpedia_5541,metacritic_402,0.9474045634269714
dbpedia_1687,metacritic_1078,0.999908447265625
dbpedia_5690,metacritic_6954,0.9924443364143372
dbpedia_63968,metacritic_4398,0.9275850653648376
dbpedia_18220,metacritic_11849,0.9521531462669371
dbpedia_64864,metacritic_11083,0.936616063117981
dbpedia_8328,metacritic_4802,0.9992227554321288
dbpedia_36672,metacritic_16574,0.9948371648788452
dbpedia_54396,metacritic_7353,0.9793474078178406
dbpedia_40568,metacritic_17826,0.901635468006134
dbpedia_51752,metacritic_11973,0.9469324946403505
dbpedia_7530,metacritic_18385,0.9841670393943788
dbpedia_60689,metacritic_6932,0.9793434143066406
dbpedia_35277,metacritic_4399,0.911696195602417
dbpedia_46545,metacritic_802,0.9434151649475098
dbpedia_38787,metacritic_4507,0.9881812930107116
dbpedia_35112,metacritic_11712,0.9843483567237854
dbpedia_56656,metacritic_2889,0.9992227554321288
dbpedia_26161,metacritic_18340,0.936616063117981
dbpedia_50822,metacritic_7523,0.98930686712265
dbpedia_29814,metacritic_11805,0.9963874816894532
dbpedia_1591,metacritic_17649,0.9590752124786376
dbpedia_39140,metacritic_3861,0.9695464372634888
dbpedia_21029,metacritic_6034,0.9886627793312072
dbpedia_37334,metacritic_14583,0.9745053052902222
dbpedia_4458,metacritic_1862,0.9995967745780944
dbpedia_23998,metacritic_16286,0.9584609270095824
dbpedia_41665,metacritic_12996,0.9538568258285522
dbpedia_59773,metacritic_7089,0.9446163773536682
dbpedia_64020,metacritic_1757,0.9766356945037842
dbpedia_6967,metacritic_18324,0.9434508085250854
dbpedia_44658,metacritic_5046,0.999874234199524
dbpedia_18859,metacritic_666,0.997800886631012
dbpedia_5903,metacritic_14583,0.9745053052902222
dbpedia_3994,metacritic_570,0.9713095426559448
dbpedia_18441,metacritic_6630,0.92633455991745
dbpedia_56123,metacritic_13032,0.9177011251449584
dbpedia_39049,metacritic_4314,0.9856675863265992
dbpedia_3107,metacritic_3433,0.987489640712738
dbpedia_3107,metacritic_5346,0.987489640712738
dbpedia_26758,metacritic_2377,0.9506744742393494
dbpedia_33030,metacritic_13677,0.9996412992477416
dbpedia_63430,metacritic_16136,0.9997432827949524
dbpedia_26190,metacritic_8015,0.9997937083244324
dbpedia_23551,metacritic_1628,0.9427756071090698
dbpedia_2558,metacritic_1785,0.98930686712265
dbpedia_16527,metacritic_2609,0.9971611499786376
dbpedia_24020,metacritic_13915,0.9536370038986206
dbpedia_58307,metacritic_18340,0.936616063117981
dbpedia_11869,metacritic_1037,0.9195799827575684
dbpedia_57828,metacritic_20299,0.9914420247077942
dbpedia_48188,metacritic_962,0.945913314819336
dbpedia_22655,metacritic_16518,0.9856675863265992
dbpedia_49863,metacritic_8034,0.991561472415924
dbpedia_33005,metacritic_19043,0.936616063117981
dbpedia_58730,metacritic_3033,0.9582622051239014
dbpedia_17137,metacritic_6505,0.9795376658439636
dbpedia_45908,metacritic_20409,0.9396150708198548
dbpedia_42778,metacritic_8645,0.9232533574104308
dbpedia_49148,metacritic_19855,0.9822477698326112
dbpedia_24626,metacritic_69,0.986092746257782
dbpedia_54104,metacritic_8214,0.999512791633606
dbpedia_44718,metacritic_17649,0.956532061100006
dbpedia_10115,metacritic_11258,0.931971549987793
dbpedia_42304,metacritic_2088,0.9973111152648926
dbpedia_24716,metacritic_7317,0.9886627793312072
dbpedia_43254,metacritic_4505,0.9997920393943788
dbpedia_3056,metacritic_15444,0.9528200626373292
dbpedia_38272,metacritic_9344,0.9928338527679444
dbpedia_8776,metacritic_3549,0.9973467588424684
dbpedia_8149,metacritic_12328,0.9470402598381042
dbpedia_23321,metacritic_15255,0.997243881225586
dbpedia_14001,metacritic_19800,0.9993719458580016
dbpedia_8,metacritic_8939,0.9995262622833252
dbpedia_64839,metacritic_11486,0.9521531462669371
dbpedia_46700,metacritic_6255,0.9128310680389404
dbpedia_8739,metacritic_4285,0.943655014038086
dbpedia_18899,metacritic_6774,0.9847052097320556
dbpedia_43429,metacritic_10285,0.9998958110809326
dbpedia_20997,metacritic_6862,0.9736827611923218
dbpedia_10162,metacritic_2454,0.9958426356315612
dbpedia_17180,metacritic_9851,0.92548805475235
dbpedia_14252,metacritic_2665,0.9958614706993104
dbpedia_26686,metacritic_15700,0.9633670449256896
dbpedia_53890,metacritic_3650,0.9447294473648072
dbpedia_32518,metacritic_2484,0.9944861531257628
dbpedia_52396,metacritic_3800,0.9581938982009888
dbpedia_7425,metacritic_4828,0.9492599964141846
dbpedia_12905,metacritic_17175,0.9759544730186462
dbpedia_31586,metacritic_2309,0.9896426796913148
dbpedia_2640,metacritic_2620,0.9581938982009888
dbpedia_53368,metacritic_3782,0.984706699848175
dbpedia_55315,metacritic_2962,0.9886627793312072
dbpedia_39880,metacritic_6785,0.9314925074577332
dbpedia_17767,metacritic_2559,0.9752594232559204
dbpedia_26193,metacritic_7308,0.9672257900238036
dbpedia_36907,metacritic_15619,0.9998195767402648
dbpedia_11000,metacritic_16805,0.998773753643036
dbpedia_50609,metacritic_2128,0.9889715313911438
dbpedia_64478,metacritic_8253,0.9595394730567932
dbpedia_29451,metacritic_4298,0.9972858428955078
dbpedia_8298,metacritic_18185,0.9398123621940612
dbpedia_14416,metacritic_9873,0.9800626635551452
dbpedia_52517,metacritic_2595,0.9567058086395264
dbpedia_51268,metacritic_1628,0.9241583943367004
dbpedia_58594,metacritic_10895,0.975296914577484
dbpedia_20719,metacritic_10806,0.9917120933532716
dbpedia_48537,metacritic_7192,0.9682461619377136
dbpedia_10517,metacritic_8776,0.9657565951347352
dbpedia_60931,metacritic_8052,0.9114527106285096
dbpedia_32265,metacritic_6600,0.9645690321922302
dbpedia_60150,metacritic_4765,0.9413716793060304
dbpedia_51668,metacritic_1560,0.9998526573181152
dbpedia_37859,metacritic_421,0.9645052552223206
dbpedia_35131,metacritic_14750,0.9491890072822572
dbpedia_10177,metacritic_13859,0.9733635783195496
dbpedia_41881,metacritic_18756,0.9967851638793944
dbpedia_52269,metacritic_8726,0.9991260170936584
dbpedia_16554,metacritic_5667,0.9961354732513428
dbpedia_38057,metacritic_4010,0.9926591515541076
dbpedia_46163,metacritic_4057,0.962695300579071
dbpedia_12577,metacritic_850,0.92548805475235
dbpedia_51752,metacritic_5014,0.9979296922683716
dbpedia_7402,metacritic_7197,0.9831884503364564
dbpedia_26391,metacritic_8231,0.9407405853271484
dbpedia_44935,metacritic_7736,0.9999969005584716
dbpedia_40122,metacritic_12,0.9793761968612672
dbpedia_56198,metacritic_16003,0.9215619564056396
dbpedia_61239,metacritic_9947,0.9841564297676086
dbpedia_39312,metacritic_20432,0.988852083683014
dbpedia_35863,metacritic_3677,0.9335028529167176
dbpedia_40384,metacritic_20043,0.9999866485595704
dbpedia_43156,metacritic_940,0.9621460437774658
dbpedia_26719,metacritic_6681,0.9865007996559144
dbpedia_22512,metacritic_20080,0.943147838115692
dbpedia_26281,metacritic_3300,0.970952808856964
dbpedia_51410,metacritic_7312,0.9995162487030028
dbpedia_26509,metacritic_2564,0.909221053123474
dbpedia_44864,metacritic_8874,0.9433171153068542
dbpedia_3347,metacritic_12468,0.9841564297676086
dbpedia_22438,metacritic_4679,0.9992227554321288
dbpedia_24523,metacritic_13940,0.985530972480774
dbpedia_5943,metacritic_10549,0.976294219493866
dbpedia_23225,metacritic_4516,0.909221053123474
dbpedia_36777,metacritic_12622,0.999595820903778
dbpedia_24236,metacritic_14340,0.9732457995414734
dbpedia_19999,metacritic_19736,0.9713934659957886
dbpedia_53127,metacritic_17200,0.99161559343338
dbpedia_10894,metacritic_3415,0.997307062149048
dbpedia_36623,metacritic_2132,0.9144479632377625
dbpedia_17923,metacritic_3079,0.9988338351249696
dbpedia_43038,metacritic_10,0.9998323917388916
dbpedia_54531,metacritic_4891,0.9999164342880248
dbpedia_57902,metacritic_9610,0.9738844037055968
dbpedia_5231,metacritic_4708,0.9992227554321288
dbpedia_14950,metacritic_4661,0.990464210510254
dbpedia_8824,metacritic_14529,0.9801188707351683
dbpedia_2172,metacritic_11259,0.9997406601905824
dbpedia_32697,metacritic_4022,0.91579407453537
dbpedia_51871,metacritic_5602,0.9972475171089172
dbpedia_1850,metacritic_4765,0.9413716793060304
dbpedia_32772,metacritic_20473,0.9710209369659424
dbpedia_6467,metacritic_345,0.99992835521698
dbpedia_34251,metacritic_11272,0.9786614179611206
dbpedia_47488,metacritic_7686,0.9978464841842652
dbpedia_23253,metacritic_8755,0.9294527173042296
dbpedia_21122,metacritic_851,0.9884157180786132
dbpedia_16642,metacritic_2957,0.9547175765037536
dbpedia_7425,metacritic_6841,0.9525641798973083
dbpedia_14000,metacritic_7095,0.994661271572113
dbpedia_63727,metacritic_3880,0.9367839694023132
dbpedia_38609,metacritic_4793,0.9614182710647584
dbpedia_958,metacritic_4765,0.9413716793060304
dbpedia_16440,metacritic_2137,0.9363259673118592
dbpedia_44125,metacritic_2330,0.9998875856399536
dbpedia_25888,metacritic_7540,0.9823458790779114
dbpedia_13922,metacritic_17815,0.9302691221237184
dbpedia_37954,metacritic_19067,0.9467414021492004
dbpedia_59401,metacritic_5131,0.9534602165222168
dbpedia_46545,metacritic_1779,0.9434151649475098
dbpedia_39180,metacritic_7372,0.9511498212814332
dbpedia_39442,metacritic_11048,0.9999243021011353
dbpedia_30766,metacritic_12136,0.9994876384735109
dbpedia_47753,metacritic_11712,0.9584421515464784
dbpedia_8932,metacritic_3480,0.9798292517662048
dbpedia_25027,metacritic_17582,0.9725763201713562
dbpedia_45652,metacritic_292,0.9117341637611388
dbpedia_20625,metacritic_5659,0.9753294587135316
dbpedia_16190,metacritic_427,0.9925575256347656
dbpedia_51314,metacritic_13920,0.9724771976470948
dbpedia_31515,metacritic_15489,0.931971549987793
dbpedia_11143,metacritic_6974,0.98843914270401
dbpedia_21686,metacritic_5014,0.9469324946403505
dbpedia_13098,metacritic_7850,0.921073317527771
dbpedia_23096,metacritic_16848,0.9523272514343262
dbpedia_1315,metacritic_11838,0.999933123588562
dbpedia_8050,metacritic_4765,0.9413716793060304
dbpedia_26805,metacritic_16388,0.997529923915863
dbpedia_26062,metacritic_9844,0.993563175201416
dbpedia_9716,metacritic_6946,0.9425837397575378
dbpedia_7815,metacritic_11984,0.950035572052002
dbpedia_12213,metacritic_8539,0.931971549987793
dbpedia_37043,metacritic_20303,0.9784573912620544
dbpedia_33337,metacritic_1857,0.9752594232559204
dbpedia_29571,metacritic_19025,0.9907667636871338
dbpedia_5406,metacritic_4404,0.9356265664100648
dbpedia_45356,metacritic_1432,0.9999226331710817
dbpedia_57366,metacritic_849,0.9995911717414856
dbpedia_55551,metacritic_17649,0.956532061100006
dbpedia_57190,metacritic_17825,0.916917324066162
dbpedia_10599,metacritic_4633,0.9785264730453492
dbpedia_21600,metacritic_14042,0.9608684182167052
dbpedia_12198,metacritic_4765,0.9413716793060304
dbpedia_622,metacritic_5849,0.999842882156372
dbpedia_19798,metacritic_7867,0.989974319934845
dbpedia_48634,metacritic_8678,0.9999940395355223
dbpedia_26704,metacritic_10173,0.9729519486427308
dbpedia_40434,metacritic_4638,0.9348304867744446
dbpedia_49422,metacritic_1707,0.9526827931404114
dbpedia_8552,metacritic_11648,0.9250651001930236
dbpedia_2547,metacritic_18209,0.9990235567092896
dbpedia_53765,metacritic_17166,0.9707607626914978
dbpedia_11621,metacritic_17804,0.9736844301223756
dbpedia_26344,metacritic_20342,0.9112153053283693
dbpedia_31586,metacritic_3316,0.9896426796913148
dbpedia_32823,metacritic_3880,0.9361107349395752
dbpedia_28177,metacritic_2207,0.964905321598053
dbpedia_61976,metacritic_6473,0.9887601137161256
dbpedia_43528,metacritic_5208,0.936616063117981
dbpedia_49429,metacritic_12277,0.9832304120063782
dbpedia_56476,metacritic_2546,0.976892352104187
dbpedia_35829,metacritic_15191,0.9996600151062012
dbpedia_3623,metacritic_6020,0.9736802577972412
dbpedia_15260,metacritic_10806,0.9917120933532716
dbpedia_49100,metacritic_5693,0.9986018538475036
dbpedia_9695,metacritic_2583,0.932132363319397
dbpedia_4077,metacritic_4765,0.9495149850845336
dbpedia_21507,metacritic_145,0.9976008534431458
dbpedia_19309,metacritic_18159,0.9139603972434998
dbpedia_39872,metacritic_12843,0.940801441669464
dbpedia_51480,metacritic_2132,0.9993176460266112
dbpedia_5437,metacritic_9884,0.9418382048606871
dbpedia_34082,metacritic_12821,0.9206722974777222
dbpedia_59320,metacritic_1636,0.9423704743385316
dbpedia_39819,metacritic_439,0.999908685684204
dbpedia_44821,metacritic_10769,0.9898814558982848
dbpedia_50601,metacritic_16953,0.953543782234192
dbpedia_18902,metacritic_14750,0.9792321920394896
dbpedia_17316,metacritic_1186,0.977436900138855
dbpedia_25643,metacritic_5721,0.9886627793312072
dbpedia_11470,metacritic_11917,0.999952793121338
dbpedia_35134,metacritic_69,0.9852024912834167
dbpedia_1416,metacritic_661,0.9536606669425964
dbpedia_11537,metacritic_18432,0.9609604477882384
dbpedia_24060,metacritic_850,0.9526827931404114
dbpedia_27136,metacritic_10486,0.9159414768218994
dbpedia_22594,metacritic_1405,0.9992227554321288
dbpedia_14678,metacritic_17200,0.9963345527648926
dbpedia_31853,metacritic_15362,0.9312151074409484
dbpedia_20245,metacritic_9971,0.9650492072105408
dbpedia_35381,metacritic_15210,0.925290822982788
dbpedia_43291,metacritic_8240,0.9960687160491944
dbpedia_53351,metacritic_8939,0.9995262622833252
dbpedia_37783,metacritic_11819,0.9956881403923036
dbpedia_10265,metacritic_15495,0.9367839694023132
dbpedia_8453,metacritic_20342,0.9100398421287536
dbpedia_8301,metacritic_15287,0.9945361614227296
dbpedia_5951,metacritic_13199,0.99617600440979
dbpedia_8136,metacritic_17131,0.9430894255638124
dbpedia_56812,metacritic_3027,0.9989097118377686
dbpedia_47857,metacritic_17649,0.956532061100006
dbpedia_61976,metacritic_1232,0.9887601137161256
dbpedia_31375,metacritic_3626,0.9740041494369508
dbpedia_4937,metacritic_9046,0.9982855916023254
dbpedia_24966,metacritic_14340,0.936616063117981
dbpedia_38576,metacritic_2665,0.9952154159545898
dbpedia_11477,metacritic_505,0.9813709855079652
dbpedia_29219,metacritic_2443,0.9974888563156128
dbpedia_15078,metacritic_3704,0.972055196762085
dbpedia_9878,metacritic_10880,0.931971549987793
dbpedia_23599,metacritic_8909,0.9177113175392152
dbpedia_25576,metacritic_16479,0.997686505317688
dbpedia_16782,metacritic_1331,0.9182060956954956
dbpedia_26189,metacritic_3515,0.931971549987793
dbpedia_11053,metacritic_19175,0.9990978240966796
dbpedia_36116,metacritic_7326,0.9999244213104248
dbpedia_56559,metacritic_6257,0.9434151649475098
dbpedia_5558,metacritic_1725,0.9835304617881776
dbpedia_10728,metacritic_2467,0.9840998649597168
dbpedia_31999,metacritic_19627,0.9066823720932008
dbpedia_12805,metacritic_4765,0.9413716793060304
dbpedia_26751,metacritic_4765,0.9413716793060304
dbpedia_1334,metacritic_2629,0.9890106320381165
dbpedia_29999,metacritic_16638,0.9066823720932008
dbpedia_20082,metacritic_6895,0.9993113279342652
dbpedia_23148,metacritic_4650,0.9144854545593262
dbpedia_52892,metacritic_4206,0.9739911556243896
dbpedia_23543,metacritic_7349,0.9807912111282348
dbpedia_32503,metacritic_9952,0.9998089671134948
dbpedia_16362,metacritic_3371,0.9600864052772522
dbpedia_42762,metacritic_6581,0.9104581475257874
dbpedia_439,metacritic_2407,0.9984754920005798
dbpedia_9293,metacritic_6518,0.998924434185028
dbpedia_51394,metacritic_5726,0.9591527581214904
dbpedia_27336,metacritic_1278,0.959753155708313
dbpedia_39975,metacritic_9571,0.9398123621940612
dbpedia_51480,metacritic_1760,0.932902693748474
dbpedia_44932,metacritic_1462,0.9998859167099
dbpedia_23606,metacritic_19818,0.9285171031951904
dbpedia_14521,metacritic_6648,0.9302166104316713
dbpedia_38764,metacritic_14361,0.9330495595932008
dbpedia_31586,metacritic_4653,0.9878117442131042
dbpedia_352,metacritic_11078,0.9431518912315368
dbpedia_22105,metacritic_11971,0.9992585778236388
dbpedia_20494,metacritic_1636,0.9423704743385316
dbpedia_26701,metacritic_11353,0.9929190278053284
dbpedia_288,metacritic_3643,0.9743189811706544
dbpedia_19930,metacritic_1827,0.9985669255256652
dbpedia_1419,metacritic_12645,0.9296396374702454
dbpedia_29746,metacritic_7325,0.9992603659629822
dbpedia_34999,metacritic_9828,0.9998238682746888
dbpedia_17973,metacritic_10171,0.991194188594818
dbpedia_24327,metacritic_2541,0.922153890132904
dbpedia_21933,metacritic_18102,0.9621460437774658
dbpedia_45134,metacritic_10965,0.9871588945388794
dbpedia_8816,metacritic_2132,0.9386041164398192
dbpedia_23613,metacritic_8324,0.9119232892990112
dbpedia_58610,metacritic_13433,0.9383638501167296
dbpedia_53126,metacritic_666,0.9991726279258728
dbpedia_31808,metacritic_7526,0.996476948261261
dbpedia_11860,metacritic_11283,0.95023113489151
dbpedia_37178,metacritic_2037,0.9753294587135316
dbpedia_18899,metacritic_13572,0.9943363070487976
dbpedia_58200,metacritic_13364,0.9493758082389832
dbpedia_8359,metacritic_4432,0.9841670393943788
dbpedia_32626,metacritic_7194,0.9947128891944884
dbpedia_42706,metacritic_18878,0.99092698097229
dbpedia_31243,metacritic_9502,0.9878987669944764
dbpedia_56771,metacritic_11987,0.9545092582702636
dbpedia_6659,metacritic_13506,0.9521531462669371
dbpedia_27249,metacritic_3665,0.9362346529960632
dbpedia_26419,metacritic_812,0.9769509434700012
dbpedia_36794,metacritic_4009,0.9809405207633972
dbpedia_38057,metacritic_3129,0.9926591515541076
dbpedia_11970,metacritic_7351,0.978203535079956
dbpedia_60149,metacritic_16667,0.921939253807068
dbpedia_13723,metacritic_4765,0.9413716793060304
dbpedia_25828,metacritic_10173,0.9812263250350952
dbpedia_4435,metacritic_6593,0.950035572052002
dbpedia_41069,metacritic_17010,0.9499149918556212
dbpedia_62108,metacritic_7326,0.9993372559547424
dbpedia_1146,metacritic_5583,0.9793474078178406
dbpedia_22431,metacritic_17266,0.931971549987793
dbpedia_60024,metacritic_3880,0.9267454743385316
dbpedia_23510,metacritic_19153,0.9139192700386048
dbpedia_2487,metacritic_16690,0.9793761968612672
dbpedia_22647,metacritic_20431,0.9910805821418762
dbpedia_4180,metacritic_7203,0.9808478355407716
dbpedia_41429,metacritic_3696,0.960582435131073
dbpedia_2543,metacritic_4491,0.936616063117981
dbpedia_48403,metacritic_19875,0.9609604477882384
dbpedia_2057,metacritic_12741,0.9521531462669371
dbpedia_18081,metacritic_17832,0.9580506086349488
dbpedia_33561,metacritic_534,0.9241583943367004
dbpedia_40122,metacritic_3790,0.988852083683014
dbpedia_23160,metacritic_17311,0.9780184626579284
dbpedia_13178,metacritic_10455,0.9861078858375548
dbpedia_15219,metacritic_7081,0.902286410331726
dbpedia_38609,metacritic_11057,0.9614182710647584
dbpedia_54192,metacritic_99,0.9997848868370056
dbpedia_30960,metacritic_77,0.9983718991279602
dbpedia_20162,metacritic_6736,0.9913167953491212
dbpedia_44841,metacritic_13915,0.9467514753341676
dbpedia_53781,metacritic_11,0.9840452671051024
dbpedia_10644,metacritic_14257,0.9998277425765992
dbpedia_16832,metacritic_1146,0.9618586897850036
dbpedia_8004,metacritic_17514,0.9762208461761476
dbpedia_31906,metacritic_14369,0.9093816876411438
dbpedia_29989,metacritic_11746,0.999767243862152
dbpedia_5753,metacritic_9912,0.909221053123474
dbpedia_38057,metacritic_8081,0.9941311478614808
dbpedia_35006,metacritic_4765,0.9489699602127076
dbpedia_63372,metacritic_11257,0.9561963081359864
dbpedia_1287,metacritic_6954,0.9922826886177064
dbpedia_12087,metacritic_10800,0.9140454530715942
dbpedia_27808,metacritic_15000,0.9109039306640624
dbpedia_53150,metacritic_693,0.9769509434700012
dbpedia_31601,metacritic_7194,0.9947128891944884
dbpedia_13341,metacritic_8706,0.922153890132904
dbpedia_286,metacritic_6321,0.9997572302818298
dbpedia_40337,metacritic_16058,0.987489640712738
dbpedia_45924,metacritic_5586,0.977523684501648
dbpedia_15030,metacritic_888,0.9487077593803406
dbpedia_21506,metacritic_20419,0.9909449815750122
dbpedia_15649,metacritic_6974,0.9991726279258728
dbpedia_12240,metacritic_6117,0.9967291355133056
dbpedia_2068,metacritic_17832,0.931971549987793
dbpedia_27278,metacritic_476,0.9992227554321288
dbpedia_36726,metacritic_549,0.9983888864517212
dbpedia_331,metacritic_19340,0.9511498212814332
dbpedia_46163,metacritic_5323,0.9919257760047911
dbpedia_15030,metacritic_1489,0.9708074331283568
dbpedia_30694,metacritic_16182,0.9341108798980712
dbpedia_39775,metacritic_17819,0.987489640712738
dbpedia_12844,metacritic_14102,0.999696969985962
dbpedia_24136,metacritic_15,0.9066823720932008
dbpedia_39189,metacritic_1993,0.9999349117279052
dbpedia_41437,metacritic_5773,0.9978349804878236
dbpedia_23474,metacritic_16126,0.9988883137702942
dbpedia_16913,metacritic_9986,0.9066823720932008
dbpedia_27952,metacritic_5273,0.996633231639862
dbpedia_11901,metacritic_4556,0.9992456436157228
dbpedia_56926,metacritic_18687,0.978203535079956
dbpedia_2463,metacritic_2657,0.9250190258026124
dbpedia_50359,metacritic_13982,0.9645690321922302
dbpedia_40122,metacritic_20431,0.9910805821418762
dbpedia_414,metacritic_3880,0.9257767200469972
dbpedia_21138,metacritic_7039,0.922153890132904
dbpedia_22054,metacritic_10744,0.9671763777732848
dbpedia_27594,metacritic_4765,0.9413716793060304
dbpedia_13386,metacritic_13291,0.9990504384040833
dbpedia_14678,metacritic_8864,0.99161559343338
dbpedia_13994,metacritic_1264,0.9316235780715942
dbpedia_8098,metacritic_4935,0.9999940395355223
dbpedia_52851,metacritic_5196,0.936616063117981
dbpedia_36064,metacritic_4399,0.9527413249015808
dbpedia_57050,metacritic_6321,0.9997525811195374
dbpedia_3199,metacritic_5127,0.9992501139640808
dbpedia_4852,metacritic_14706,0.909221053123474
dbpedia_35496,metacritic_4935,0.9999940395355223
dbpedia_48610,metacritic_17299,0.9997499585151672
dbpedia_34973,metacritic_3175,0.9869597554206848
dbpedia_19778,metacritic_19102,0.9870453476905824
dbpedia_12332,metacritic_1603,0.9998718500137328
dbpedia_3049,metacritic_8222,0.9189695715904236
dbpedia_32906,metacritic_10070,0.9334107041358948
dbpedia_32489,metacritic_8764,0.9518401026725768
dbpedia_43420,metacritic_3265,0.9434151649475098
dbpedia_7371,metacritic_11760,0.91265070438385
dbpedia_16878,metacritic_3154,0.9994316697120668
dbpedia_51834,metacritic_17649,0.956532061100006
dbpedia_19203,metacritic_14583,0.988969087600708
dbpedia_50822,metacritic_1785,0.98930686712265
dbpedia_43345,metacritic_1552,0.9675882458686828
dbpedia_18341,metacritic_476,0.9992227554321288
dbpedia_12410,metacritic_505,0.9850725531578064
dbpedia_26069,metacritic_9046,0.900863528251648
dbpedia_54029,metacritic_17175,0.9910458922386168
dbpedia_45075,metacritic_19048,0.9993708729743958
dbpedia_46229,metacritic_17400,0.931971549987793
dbpedia_6336,metacritic_12974,0.9966905117034912
dbpedia_13712,metacritic_8680,0.9584421515464784
dbpedia_7123,metacritic_6862,0.9976155757904052
dbpedia_4262,metacritic_19642,0.9721839427947998
dbpedia_51025,metacritic_8154,0.997284173965454
dbpedia_45042,metacritic_9455,0.978383243083954
dbpedia_2890,metacritic_14783,0.92548805475235
dbpedia_39417,metacritic_8575,0.9950343370437622
dbpedia_2343,metacritic_6470,0.998218834400177
dbpedia_24668,metacritic_19813,0.9967893958091736
dbpedia_27370,metacritic_15178,0.9792321920394896
dbpedia_44905,metacritic_1553,0.9992227554321288
dbpedia_25005,metacritic_7870,0.979652225971222
dbpedia_36457,metacritic_20488,0.9152527451515198
dbpedia_5641,metacritic_1377,0.9998278617858888
dbpedia_120,metacritic_7851,0.9984719157218932
dbpedia_5406,metacritic_3253,0.9842312932014464
dbpedia_20754,metacritic_13520,0.9989446997642516
dbpedia_48559,metacritic_14750,0.9916489124298096
dbpedia_55714,metacritic_6217,0.9999029636383056
dbpedia_16121,metacritic_12860,0.9822477698326112
dbpedia_13904,metacritic_928,0.9736844301223756
dbpedia_32038,metacritic_16941,0.9321898818016052
dbpedia_59412,metacritic_17166,0.9863526821136476
dbpedia_9829,metacritic_7133,0.9511498212814332
dbpedia_57458,metacritic_12343,0.9230195879936218
dbpedia_54222,metacritic_554,0.9520617127418518
dbpedia_37373,metacritic_10429,0.9948838353157043
dbpedia_58843,metacritic_13821,0.9955780506134032
dbpedia_44564,metacritic_19445,0.922153890132904
dbpedia_37557,metacritic_4206,0.9532414674758912
dbpedia_8359,metacritic_6312,0.9841670393943788
dbpedia_37028,metacritic_12255,0.971287965774536
dbpedia_49183,metacritic_2396,0.9038555026054382
dbpedia_5763,metacritic_18839,0.9812263250350952
dbpedia_41149,metacritic_15834,0.984840452671051
dbpedia_16401,metacritic_13589,0.9882882833480836
dbpedia_2973,metacritic_11078,0.9431518912315368
dbpedia_51107,metacritic_2,0.9511126279830932
dbpedia_52171,metacritic_6355,0.9907586574554444
dbpedia_31010,metacritic_6438,0.936616063117981
dbpedia_4754,metacritic_1266,0.9995751976966858
dbpedia_25158,metacritic_19672,0.9841434955596924
dbpedia_33307,metacritic_4513,0.9999947547912598
dbpedia_35875,metacritic_414,0.9316235780715942
dbpedia_30533,metacritic_179,0.988386332988739
dbpedia_7747,metacritic_8771,0.9710209369659424
dbpedia_4937,metacritic_8240,0.9982855916023254
dbpedia_46299,metacritic_18839,0.98003089427948
dbpedia_6098,metacritic_5476,0.9985461235046388
dbpedia_23912,metacritic_12518,0.9780184626579284
dbpedia_58308,metacritic_6862,0.9901856184005736
dbpedia_11235,metacritic_13417,0.9088422656059264
dbpedia_48969,metacritic_1122,0.9657565951347352
dbpedia_31474,metacritic_5088,0.9599062204360962
dbpedia_50467,metacritic_11043,0.9841670393943788
dbpedia_39464,metacritic_91,0.9278053045272828
dbpedia_3963,metacritic_18452,0.9922224879264832
dbpedia_53744,metacritic_12676,0.9433171153068542
dbpedia_39978,metacritic_4676,0.9998083710670472
dbpedia_8909,metacritic_8015,0.9236122965812684
dbpedia_12847,metacritic_10144,0.9997556805610656
dbpedia_20406,metacritic_8305,0.9618037343025208
dbpedia_41561,metacritic_8678,0.9999945163726808
dbpedia_24219,metacritic_13815,0.9953762292861938
dbpedia_63247,metacritic_9862,0.9997957348823548
dbpedia_30007,metacritic_4042,0.9497734308242798
dbpedia_16915,metacritic_2781,0.9798511862754822
dbpedia_12240,metacritic_10902,0.9967291355133056
dbpedia_19999,metacritic_19511,0.9713934659957886
dbpedia_637,metacritic_11315,0.936616063117981
dbpedia_18464,metacritic_109,0.9882882833480836
dbpedia_3107,metacritic_2276,0.987489640712738
dbpedia_9829,metacritic_1750,0.9511498212814332
dbpedia_10507,metacritic_693,0.9769509434700012
dbpedia_63742,metacritic_1602,0.9896426796913148
dbpedia_22594,metacritic_3731,0.9992227554321288
dbpedia_28322,metacritic_5084,0.9654408097267152
dbpedia_40122,metacritic_20442,0.988852083683014
dbpedia_3717,metacritic_16270,0.9999643564224244
dbpedia_62689,metacritic_17214,0.9537015557289124
dbpedia_19016,metacritic_6954,0.9922826886177064
dbpedia_14673,metacritic_3731,0.9992227554321288
dbpedia_45715,metacritic_14113,0.9541101455688475
dbpedia_6656,metacritic_17565,0.9066823720932008
dbpedia_25458,metacritic_3718,0.9904116988182068
dbpedia_32574,metacritic_3880,0.9257767200469972
dbpedia_11324,metacritic_2779,0.9961354732513428
dbpedia_6457,metacritic_4648,0.9561963081359864
dbpedia_49815,metacritic_10123,0.9677882790565492
dbpedia_27741,metacritic_7351,0.9729663133621216
dbpedia_31243,metacritic_13795,0.998576283454895
dbpedia_45666,metacritic_1902,0.9628246426582336
dbpedia_44275,metacritic_4715,0.9869661331176758
dbpedia_11869,metacritic_6518,0.9692898988723756
dbpedia_24890,metacritic_10843,0.9645690321922302
dbpedia_27278,metacritic_4560,0.9992227554321288
dbpedia_42146,metacritic_14275,0.9614182710647584
dbpedia_43291,metacritic_7771,0.9960687160491944
dbpedia_4456,metacritic_6600,0.9753427505493164
dbpedia_26948,metacritic_5161,0.9614182710647584
dbpedia_34419,metacritic_99,0.9997848868370056
dbpedia_46553,metacritic_17870,0.999387264251709
dbpedia_49759,metacritic_18288,0.909221053123474
dbpedia_8746,metacritic_5860,0.9804707765579224
dbpedia_59042,metacritic_6,0.9214516878128052
dbpedia_8098,metacritic_7302,0.999723494052887
dbpedia_285,metacritic_4732,0.9997954964637756
dbpedia_12672,metacritic_18610,0.941434383392334
dbpedia_41144,metacritic_5853,0.9394352436065674
dbpedia_24523,metacritic_13721,0.985530972480774
dbpedia_39920,metacritic_16045,0.931971549987793
dbpedia_26866,metacritic_14557,0.9622188806533812
dbpedia_30644,metacritic_14750,0.9903516173362732
dbpedia_36265,metacritic_7843,0.9834442138671876
dbpedia_24793,metacritic_14750,0.9916489124298096
dbpedia_11232,metacritic_5109,0.9427566528320312
dbpedia_60126,metacritic_19696,0.936616063117981
dbpedia_5822,metacritic_11448,0.9273648858070374
dbpedia_31362,metacritic_5679,0.9630110263824464
dbpedia_45630,metacritic_1297,0.9767217636108398
dbpedia_4445,metacritic_6321,0.9997525811195374
dbpedia_38587,metacritic_7234,0.9567058086395264
dbpedia_14416,metacritic_6499,0.9800626635551452
dbpedia_35262,metacritic_6552,0.9998540878295898
dbpedia_51314,metacritic_14553,0.9724771976470948
dbpedia_51734,metacritic_17579,0.9961070418357848
dbpedia_40792,metacritic_16013,0.9897406101226808
dbpedia_18315,metacritic_14540,0.9848805665969848
dbpedia_2787,metacritic_292,0.999267280101776
dbpedia_31543,metacritic_12000,0.9831884503364564
dbpedia_14673,metacritic_1405,0.9992227554321288
dbpedia_37515,metacritic_7078,0.953606367111206
dbpedia_62390,metacritic_196,0.9079372882843018
dbpedia_11869,metacritic_6011,0.9922099113464355
dbpedia_50000,metacritic_6672,0.9999877214431764
dbpedia_57031,metacritic_20457,0.9998997449874878
dbpedia_37316,metacritic_12012,0.9710209369659424
dbpedia_53695,metacritic_14371,0.9696605205535888
dbpedia_23875,metacritic_8539,0.9609604477882384
dbpedia_49045,metacritic_15222,0.9929353594779968
dbpedia_1771,metacritic_4650,0.9144854545593262
dbpedia_439,metacritic_10979,0.9994471669197084
dbpedia_28803,metacritic_19134,0.9128310680389404
dbpedia_5551,metacritic_1331,0.9182060956954956
dbpedia_9000,metacritic_10775,0.9570605754852296
dbpedia_13190,metacritic_16258,0.921878218650818
dbpedia_5513,metacritic_6094,0.9998810291290284
dbpedia_26301,metacritic_16948,0.9471412301063538
dbpedia_9588,metacritic_7194,0.9947128891944884
dbpedia_49655,metacritic_11505,0.9980308413505554
dbpedia_13406,metacritic_1222,0.914359450340271
dbpedia_59230,metacritic_15200,0.9843610525131226
dbpedia_14797,metacritic_14557,0.9503920674324036
dbpedia_19308,metacritic_1122,0.9657565951347352
dbpedia_187,metacritic_1676,0.9991932511329652
dbpedia_3078,metacritic_4399,0.9371501207351683
dbpedia_12116,metacritic_7621,0.931971549987793
dbpedia_58041,metacritic_2476,0.9382485151290894
dbpedia_16794,metacritic_10335,0.9999889135360718
dbpedia_14678,metacritic_11875,0.99161559343338
dbpedia_17303,metacritic_1621,0.9995539784431458
dbpedia_18769,metacritic_14289,0.971287965774536
dbpedia_11430,metacritic_6954,0.9903516173362732
dbpedia_13712,metacritic_10625,0.9194967150688172
dbpedia_29345,metacritic_9400,0.9401272535324096
dbpedia_51578,metacritic_8776,0.9850725531578064
dbpedia_29214,metacritic_5964,0.9954156875610352
dbpedia_33297,metacritic_20007,0.9783223271369934
dbpedia_46911,metacritic_238,0.9967485666275024
dbpedia_1649,metacritic_15359,0.9881735444068908
dbpedia_8017,metacritic_11293,0.9979217648506165
dbpedia_13681,metacritic_1785,0.997836410999298
dbpedia_41758,metacritic_886,0.9970268607139589
dbpedia_4294,metacritic_256,0.9991726279258728
dbpedia_344,metacritic_8305,0.9526098370552064
dbpedia_22676,metacritic_10549,0.9577952027320862
dbpedia_11072,metacritic_9571,0.9769787192344666
dbpedia_37734,metacritic_18767,0.9985858201980592
dbpedia_45616,metacritic_12001,0.9595394730567932
dbpedia_19603,metacritic_3591,0.925467848777771
dbpedia_50562,metacritic_4802,0.9294057488441468
dbpedia_16102,metacritic_5437,0.9822477698326112
dbpedia_8776,metacritic_3865,0.9987390637397766
dbpedia_26677,metacritic_9751,0.995452344417572
dbpedia_24583,metacritic_10815,0.9971478581428528
dbpedia_36470,metacritic_19941,0.9991889595985411
dbpedia_18630,metacritic_17514,0.9340391159057616
dbpedia_31719,metacritic_1857,0.9752594232559204
dbpedia_11701,metacritic_19516,0.92548805475235
dbpedia_2798,metacritic_4340,0.9992227554321288
dbpedia_9258,metacritic_20429,0.943655014038086
dbpedia_11881,metacritic_16433,0.967752993106842
dbpedia_1899,metacritic_15958,0.925290822982788
dbpedia_60764,metacritic_5726,0.9726111888885498
dbpedia_15937,metacritic_11591,0.9999593496322632
dbpedia_33812,metacritic_4432,0.994135081768036
dbpedia_40658,metacritic_6495,0.9066823720932008
dbpedia_29675,metacritic_18830,0.9839839935302734
dbpedia_47873,metacritic_3530,0.936616063117981
dbpedia_24027,metacritic_13530,0.936616063117981
dbpedia_36917,metacritic_2377,0.977436900138855
dbpedia_18341,metacritic_4560,0.9992227554321288
dbpedia_43963,metacritic_16948,0.9749635457992554
dbpedia_45090,metacritic_4639,0.9731863141059875
dbpedia_25448,metacritic_2407,0.9325141310691832
dbpedia_5231,metacritic_6303,0.9294057488441468
dbpedia_33795,metacritic_20429,0.943655014038086
dbpedia_18600,metacritic_11527,0.92548805475235
dbpedia_43899,metacritic_1471,0.9997636675834656
dbpedia_6135,metacritic_14965,0.92548805475235
dbpedia_16619,metacritic_13364,0.9493758082389832
dbpedia_46545,metacritic_360,0.9784784317016602
dbpedia_26419,metacritic_693,0.9769509434700012
dbpedia_6703,metacritic_2862,0.9696605205535888
dbpedia_55691,metacritic_19134,0.9128310680389404
dbpedia_37162,metacritic_666,0.9991726279258728
dbpedia_238,metacritic_76,0.9409089684486388
dbpedia_2672,metacritic_1178,0.997677743434906
dbpedia_10751,metacritic_16471,0.9519818425178528
dbpedia_35262,metacritic_8197,0.9176257848739624
dbpedia_26170,metacritic_7300,0.9537750482559204
dbpedia_1186,metacritic_2293,0.9649458527565002
dbpedia_20997,metacritic_9954,0.9935245513916016
dbpedia_44145,metacritic_12000,0.9885522127151488
dbpedia_47730,metacritic_4914,0.9992227554321288
dbpedia_30098,metacritic_2437,0.9994788765907288
dbpedia_5841,metacritic_1064,0.9998339414596558
dbpedia_26956,metacritic_1900,0.9309934973716736
dbpedia_45535,metacritic_386,0.9999226331710817
dbpedia_13080,metacritic_6544,0.9125995635986328
dbpedia_2191,metacritic_17678,0.9707607626914978
dbpedia_16981,metacritic_7720,0.9992227554321288
dbpedia_43654,metacritic_7621,0.9632545113563538
dbpedia_4505,metacritic_18385,0.9841670393943788
dbpedia_22216,metacritic_1872,0.9992747902870178
dbpedia_56369,metacritic_7201,0.9548475742340088
dbpedia_14217,metacritic_1639,0.9686129093170166
dbpedia_23773,metacritic_10552,0.9926785230636596
dbpedia_12915,metacritic_2604,0.9986978769302368
dbpedia_18464,metacritic_108,0.9882882833480836
dbpedia_20138,metacritic_10549,0.9577952027320862
dbpedia_13904,metacritic_1345,0.9736844301223756
dbpedia_11576,metacritic_813,0.9569762945175172
dbpedia_28381,metacritic_16884,0.9705101251602172
dbpedia_57015,metacritic_4995,0.9835861325263976
dbpedia_46260,metacritic_20093,0.9041747450828552
dbpedia_21864,metacritic_10536,0.9873746037483216
dbpedia_62577,metacritic_1474,0.9922428727149964
dbpedia_24277,metacritic_3615,0.9079642295837402
dbpedia_8850,metacritic_7025,0.982366144657135
dbpedia_3359,metacritic_9912,0.9595394730567932
dbpedia_33084,metacritic_2260,0.9840030074119568
dbpedia_62796,metacritic_6869,0.9623500108718872
dbpedia_13889,metacritic_17290,0.925290822982788
dbpedia_33364,metacritic_3171,0.9944861531257628
dbpedia_35,metacritic_5817,0.9999719858169556
dbpedia_52626,metacritic_5583,0.9561082720756532
dbpedia_55978,metacritic_16419,0.9999921321868896
dbpedia_32920,metacritic_5639,0.9994045495986938
dbpedia_11214,metacritic_6692,0.9008151888847352
dbpedia_46545,metacritic_416,0.9434151649475098
dbpedia_8739,metacritic_8647,0.995462954044342
dbpedia_4479,metacritic_14187,0.9907273054122924
dbpedia_52810,metacritic_4507,0.999583661556244
dbpedia_29746,metacritic_3012,0.993126630783081
dbpedia_1410,metacritic_2608,0.960601270198822
dbpedia_51693,metacritic_9464,0.9886627793312072
dbpedia_42371,metacritic_292,0.9996811151504515
dbpedia_56198,metacritic_15744,0.9996296167373656
dbpedia_43306,metacritic_14974,0.931971549987793
dbpedia_14382,metacritic_17010,0.9499149918556212
dbpedia_39214,metacritic_9413,0.9301798939704896
dbpedia_32733,metacritic_10850,0.9402081966400146
dbpedia_12867,metacritic_10621,0.9632545113563538
dbpedia_36664,metacritic_5437,0.9822477698326112
dbpedia_43683,metacritic_4986,0.999737560749054
dbpedia_32972,metacritic_13570,0.9128310680389404
dbpedia_43308,metacritic_19046,0.9813709855079652
dbpedia_10554,metacritic_72,0.9278053045272828
dbpedia_2632,metacritic_7351,0.9880551695823668
dbpedia_29746,metacritic_8402,0.993126630783081
dbpedia_32772,metacritic_108,0.9882882833480836
dbpedia_6728,metacritic_3117,0.9928805828094482
dbpedia_49129,metacritic_10621,0.9609604477882384
dbpedia_38347,metacritic_1923,0.9271944165229796
dbpedia_35944,metacritic_4765,0.9413716793060304
dbpedia_2997,metacritic_369,0.9393736124038696
dbpedia_52481,metacritic_2429,0.9280303120613098
dbpedia_9229,metacritic_18340,0.936616063117981
dbpedia_36431,metacritic_6593,0.9666019678115844
dbpedia_46474,metacritic_5773,0.9270626306533812
dbpedia_43407,metacritic_8680,0.9804707765579224
dbpedia_64105,metacritic_19702,0.9947296380996704
dbpedia_754,metacritic_2502,0.977436900138855
dbpedia_39214,metacritic_8372,0.9301798939704896
dbpedia_54090,metacritic_2667,0.9710209369659424
dbpedia_26592,metacritic_5006,0.9946871995925904
dbpedia_26069,metacritic_8240,0.900863528251648
dbpedia_1365,metacritic_11448,0.9642007350921632
dbpedia_33307,metacritic_2132,0.925301730632782
dbpedia_41697,metacritic_15733,0.9994848966598512
dbpedia_12402,metacritic_11315,0.9567058086395264
dbpedia_64029,metacritic_14273,0.964345157146454
dbpedia_31508,metacritic_13570,0.9128310680389404
dbpedia_23120,metacritic_568,0.9830741286277772
dbpedia_1410,metacritic_3329,0.960601270198822
dbpedia_1338,metacritic_11849,0.9804365038871764
dbpedia_62540,metacritic_10549,0.9542431235313416
dbpedia_58877,metacritic_10549,0.9007341861724854
dbpedia_750,metacritic_18393,0.9626731872558594
dbpedia_28127,metacritic_13207,0.9853555560112
dbpedia_34890,metacritic_15434,0.969029664993286
dbpedia_62390,metacritic_280,0.9079372882843018
dbpedia_39626,metacritic_9340,0.9342920780181884
dbpedia_6495,metacritic_17311,0.9900413155555724
dbpedia_52990,metacritic_11919,0.9455706477165222
dbpedia_1948,metacritic_17201,0.957097053527832
dbpedia_35012,metacritic_3555,0.9993382096290588
dbpedia_46545,metacritic_1321,0.9784784317016602
dbpedia_37312,metacritic_4424,0.917500615119934
dbpedia_40002,metacritic_1377,0.9998383522033693
dbpedia_23523,metacritic_17163,0.9906663298606871
dbpedia_18869,metacritic_1872,0.9992747902870178
dbpedia_45652,metacritic_1114,0.9192233681678772
dbpedia_29618,metacritic_17002,0.9314925074577332
dbpedia_19836,metacritic_615,0.987489640712738
dbpedia_33908,metacritic_18173,0.9691002368927002
dbpedia_14008,metacritic_1710,0.9686129093170166
dbpedia_35819,metacritic_12518,0.9900413155555724
dbpedia_9133,metacritic_10968,0.9691002368927002
dbpedia_47375,metacritic_4397,0.9992468357086182
dbpedia_7019,metacritic_14750,0.9723762273788452
dbpedia_10422,metacritic_6506,0.9263752102851868
dbpedia_19356,metacritic_17770,0.999377191066742
dbpedia_52464,metacritic_14344,0.999377191066742
dbpedia_18616,metacritic_19158,0.9567058086395264
dbpedia_2406,metacritic_5006,0.9946871995925904
dbpedia_46455,metacritic_9571,0.975519597530365
dbpedia_23874,metacritic_3084,0.9249128699302672
dbpedia_60302,metacritic_3324,0.9842312932014464
dbpedia_47745,metacritic_3117,0.9934856295585632
dbpedia_33812,metacritic_6312,0.994135081768036
dbpedia_26190,metacritic_7240,0.9323984384536744
dbpedia_26069,metacritic_7771,0.900863528251648
dbpedia_28436,metacritic_14750,0.9743189811706544
dbpedia_3749,metacritic_1922,0.9474286437034608
dbpedia_14152,metacritic_1793,0.9991726279258728
dbpedia_25448,metacritic_10979,0.974451184272766
dbpedia_2700,metacritic_4612,0.9589152932167052
dbpedia_28502,metacritic_13570,0.9128310680389404
dbpedia_56659,metacritic_6321,0.936616063117981
dbpedia_29481,metacritic_447,0.9925575256347656
dbpedia_26193,metacritic_11293,0.9144694805145264
dbpedia_39908,metacritic_1857,0.9752594232559204
dbpedia_14268,metacritic_4927,0.9996522665023804
dbpedia_6756,metacritic_14560,0.9422012567520142
dbpedia_46437,metacritic_2234,0.9177113175392152
dbpedia_63372,metacritic_11254,0.9561963081359864
dbpedia_57295,metacritic_3516,0.998915195465088
dbpedia_1181,metacritic_7081,0.9526098370552064
dbpedia_9978,metacritic_18638,0.9286965131759644
dbpedia_5826,metacritic_5979,0.9907667636871338
dbpedia_55503,metacritic_1696,0.9645690321922302
dbpedia_52091,metacritic_1947,0.9358880519866944
dbpedia_42069,metacritic_8776,0.9813709855079652
dbpedia_7301,metacritic_3850,0.9710209369659424
dbpedia_52108,metacritic_14585,0.9997937083244324
dbpedia_4937,metacritic_7771,0.9982855916023254
dbpedia_55371,metacritic_15878,0.931971549987793
dbpedia_22802,metacritic_3723,0.9014036059379578
dbpedia_23432,metacritic_18190,0.98165363073349
dbpedia_13609,metacritic_10621,0.9632545113563538
dbpedia_44789,metacritic_12146,0.993715226650238
dbpedia_42526,metacritic_10787,0.9997480511665344
dbpedia_21455,metacritic_99,0.9991692304611206
dbpedia_53781,metacritic_20466,0.9840452671051024
dbpedia_2599,metacritic_18782,0.9534602165222168
dbpedia_7181,metacritic_11557,0.9323984384536744
dbpedia_19156,metacritic_19192,0.9837693572044371
dbpedia_19855,metacritic_19153,0.9671626687049866
dbpedia_56042,metacritic_20367,0.9273648858070374
dbpedia_2272,metacritic_14946,0.9645690321922302
dbpedia_46281,metacritic_942,0.999599039554596
dbpedia_11961,metacritic_4328,0.993530809879303
dbpedia_11934,metacritic_7339,0.9726009368896484
dbpedia_25633,metacritic_10346,0.9920682907104492
dbpedia_60642,metacritic_5846,0.9305548071861268
dbpedia_51813,metacritic_19434,0.9285171031951904
dbpedia_8002,metacritic_19142,0.99528568983078
dbpedia_4983,metacritic_18341,0.9511498212814332
dbpedia_2451,metacritic_5972,0.9125995635986328
dbpedia_5238,metacritic_17649,0.956532061100006
dbpedia_22600,metacritic_14340,0.967752993106842
dbpedia_19080,metacritic_6021,0.9251171350479126
dbpedia_21251,metacritic_11527,0.9541101455688475
dbpedia_1489,metacritic_2143,0.999821960926056
dbpedia_11912,metacritic_13473,0.9270416498184204
dbpedia_33190,metacritic_6659,0.9775027632713318
dbpedia_9524,metacritic_14627,0.9707607626914978
dbpedia_43942,metacritic_16991,0.92548805475235
dbpedia_33260,metacritic_4062,0.9177113175392152
dbpedia_6905,metacritic_8257,0.9534602165222168
dbpedia_8912,metacritic_7504,0.997531235218048
dbpedia_13406,metacritic_2880,0.964905321598053
dbpedia_27663,metacritic_1407,0.972055196762085
dbpedia_64847,metacritic_10,0.9998323917388916
dbpedia_53982,metacritic_1677,0.936616063117981
dbpedia_35893,metacritic_13250,0.9793474078178406
dbpedia_33279,metacritic_11448,0.9832304120063782
dbpedia_62390,metacritic_498,0.9903368949890136
dbpedia_62703,metacritic_16848,0.9657669067382812
dbpedia_9293,metacritic_4717,0.9970369338989258
dbpedia_4556,metacritic_10156,0.979080617427826
dbpedia_21779,metacritic_18878,0.9950343370437622
dbpedia_10519,metacritic_13856,0.9687967896461488
dbpedia_8776,metacritic_5403,0.9987390637397766
dbpedia_33364,metacritic_2117,0.9944861531257628
dbpedia_43326,metacritic_17717,0.9018073081970216
dbpedia_50301,metacritic_11379,0.9361912608146667
dbpedia_8449,metacritic_2811,0.9978464841842652
dbpedia_25698,metacritic_2347,0.9744179248809814
dbpedia_60756,metacritic_721,0.9993717074394226
dbpedia_8567,metacritic_10882,0.9467521905899048
dbpedia_26944,metacritic_17868,0.9958025813102722
dbpedia_14555,metacritic_15348,0.936616063117981
dbpedia_6662,metacritic_17791,0.9205031991004944
dbpedia_2619,metacritic_10609,0.9999880790710448
dbpedia_25749,metacritic_6312,0.992664098739624
dbpedia_55202,metacritic_6593,0.92548805475235
dbpedia_14851,metacritic_5920,0.9828312397003174
dbpedia_55097,metacritic_15137,0.9768211841583252
dbpedia_26185,metacritic_13570,0.9869950413703918
dbpedia_1059,metacritic_13804,0.9470556378364564
dbpedia_32791,metacritic_12746,0.9273648858070374
dbpedia_45646,metacritic_45,0.9476543664932252
dbpedia_64998,metacritic_5546,0.9951136708259584
dbpedia_27877,metacritic_7874,0.979725182056427
dbpedia_57548,metacritic_14803,0.9284465909004213
dbpedia_12788,metacritic_13570,0.9869950413703918
dbpedia_5545,metacritic_2546,0.985937774181366
dbpedia_60040,metacritic_6394,0.934551477432251
dbpedia_15045,metacritic_1609,0.9980022311210632
dbpedia_32450,metacritic_18878,0.99092698097229
dbpedia_26956,metacritic_8810,0.9309934973716736
dbpedia_4128,metacritic_1847,0.9521531462669371
dbpedia_16274,metacritic_11699,0.9707607626914978
dbpedia_12428,metacritic_18839,0.9600864052772522
dbpedia_4837,metacritic_16930,0.9999817609786988
dbpedia_1085,metacritic_5222,0.9748812913894652
dbpedia_34077,metacritic_506,0.931971549987793
dbpedia_25699,metacritic_6284,0.936616063117981
dbpedia_4088,metacritic_5785,0.92548805475235
dbpedia_5161,metacritic_19833,0.936616063117981
dbpedia_5231,metacritic_1590,0.9992227554321288
dbpedia_52584,metacritic_6659,0.9775027632713318
dbpedia_3032,metacritic_11567,0.9108880758285522
dbpedia_5973,metacritic_19838,0.998513162136078
dbpedia_51285,metacritic_2156,0.9991726279258728
dbpedia_39111,metacritic_11522,0.9621460437774658
dbpedia_17934,metacritic_5029,0.946163296699524
dbpedia_58617,metacritic_3719,0.9905309081077576
dbpedia_6558,metacritic_5800,0.9995049238204956
dbpedia_54460,metacritic_9129,0.9574515223503112
dbpedia_21245,metacritic_8796,0.943147838115692
dbpedia_9536,metacritic_12665,0.971959352493286
dbpedia_10988,metacritic_6659,0.9775027632713318
dbpedia_29191,metacritic_13242,0.9813597202301024
dbpedia_53127,metacritic_8864,0.9963345527648926
dbpedia_4037,metacritic_4802,0.9284650087356568
dbpedia_50580,metacritic_16056,0.909221053123474
dbpedia_44072,metacritic_20489,0.999775230884552
dbpedia_123,metacritic_1103,0.988852083683014
dbpedia_20289,metacritic_1132,0.9710209369659424
dbpedia_15061,metacritic_15882,0.9314925074577332
dbpedia_45306,metacritic_6199,0.9964168071746826
dbpedia_8909,metacritic_7316,0.9318917393684388
dbpedia_51598,metacritic_19659,0.9825466275215148
dbpedia_25749,metacritic_4432,0.992664098739624
dbpedia_13114,metacritic_10744,0.9821553826332092
dbpedia_37063,metacritic_2751,0.9831923842430116
dbpedia_52937,metacritic_11402,0.918803095817566
dbpedia_9322,metacritic_17514,0.9074572920799256
dbpedia_37112,metacritic_4765,0.9413716793060304
dbpedia_49672,metacritic_13972,0.9999047517776488
dbpedia_14678,metacritic_10551,0.99161559343338
dbpedia_41404,metacritic_15513,0.9521531462669371
dbpedia_37256,metacritic_8173,0.9066823720932008
dbpedia_60833,metacritic_8814,0.9335137009620668
dbpedia_44021,metacritic_17964,0.9533069133758544
dbpedia_36678,metacritic_1566,0.9100143909454346
dbpedia_13648,metacritic_8764,0.951503038406372
dbpedia_5360,metacritic_1517,0.9979934692382812
dbpedia_12530,metacritic_12651,0.99391770362854
dbpedia_31953,metacritic_14273,0.964345157146454
dbpedia_6494,metacritic_9486,0.9304133653640748
dbpedia_1410,metacritic_6583,0.960601270198822
dbpedia_34012,metacritic_8492,0.913947343826294
dbpedia_2798,metacritic_4802,0.9294057488441468
dbpedia_16490,metacritic_15633,0.9963274598121644
dbpedia_9998,metacritic_2193,0.9996453523635864
dbpedia_21621,metacritic_7357,0.9948322772979736
dbpedia_22204,metacritic_813,0.9434311985969543
dbpedia_26285,metacritic_17333,0.9434151649475098
dbpedia_2445,metacritic_19696,0.967752993106842
dbpedia_8605,metacritic_2502,0.9297683238983154
dbpedia_25059,metacritic_5397,0.9416586756706238
dbpedia_10110,metacritic_4030,0.9486618638038636
dbpedia_53185,metacritic_15733,0.9994848966598512
dbpedia_3834,metacritic_17867,0.9296624064445496
dbpedia_1157,metacritic_6659,0.9735573530197144
dbpedia_52622,metacritic_6357,0.979211151599884
dbpedia_2793,metacritic_20457,0.9998997449874878
dbpedia_64312,metacritic_20487,0.9894751310348512
dbpedia_38704,metacritic_5794,0.9177113175392152
dbpedia_51282,metacritic_7465,0.9630110263824464
dbpedia_11459,metacritic_6146,0.9273648858070374
dbpedia_57404,metacritic_12308,0.9521531462669371
dbpedia_26105,metacritic_18385,0.9374577403068542
dbpedia_39793,metacritic_2002,0.9849393367767334
dbpedia_11779,metacritic_123,0.9716141819953918
dbpedia_32625,metacritic_19783,0.936616063117981
dbpedia_287,metacritic_4765,0.9413716793060304
dbpedia_45413,metacritic_6546,0.9128310680389404
dbpedia_19308,metacritic_897,0.9657565951347352
dbpedia_4278,metacritic_2247,0.9623500108718872
dbpedia_51734,metacritic_18528,0.9961070418357848
dbpedia_36945,metacritic_3605,0.936616063117981
dbpedia_60710,metacritic_15136,0.9222604632377625
dbpedia_53270,metacritic_3789,0.989605188369751
dbpedia_2042,metacritic_17131,0.9369252920150756
dbpedia_19686,metacritic_7143,0.9880071878433228
dbpedia_36583,metacritic_15016,0.9998660087585448
dbpedia_63502,metacritic_11063,0.9905394315719604
dbpedia_41700,metacritic_19384,0.9866868257522584
dbpedia_5915,metacritic_9571,0.975519597530365
dbpedia_54090,metacritic_2654,0.9710209369659424
dbpedia_7806,metacritic_20415,0.984208643436432
dbpedia_34219,metacritic_9765,0.9546861052513124
dbpedia_20680,metacritic_9098,0.97447407245636
dbpedia_17622,metacritic_8646,0.9920089244842528
dbpedia_48815,metacritic_13770,0.949257791042328
dbpedia_45630,metacritic_511,0.9767217636108398
dbpedia_27663,metacritic_2625,0.972055196762085
dbpedia_44875,metacritic_16805,0.9978654980659484
dbpedia_34688,metacritic_15382,0.9332375526428224
dbpedia_6248,metacritic_8567,0.9273648858070374
dbpedia_35208,metacritic_7836,0.9997077584266664
dbpedia_37373,metacritic_7900,0.9981404542922974
dbpedia_38011,metacritic_13570,0.9399765133857728
dbpedia_34890,metacritic_12924,0.969029664993286
dbpedia_16648,metacritic_1405,0.9992227554321288
dbpedia_2448,metacritic_10236,0.9957446455955504
dbpedia_54328,metacritic_6659,0.9775027632713318
dbpedia_13117,metacritic_3905,0.9375328421592712
dbpedia_39452,metacritic_16867,0.9990235567092896
dbpedia_20235,metacritic_3032,0.9208506941795348
dbpedia_62390,metacritic_468,0.9903368949890136
dbpedia_50964,metacritic_18603,0.9976000189781188
dbpedia_27914,metacritic_284,0.9696350693702698
dbpedia_60498,metacritic_503,0.9520145058631896
dbpedia_45646,metacritic_159,0.9476543664932252
dbpedia_16554,metacritic_5514,0.9961354732513428
dbpedia_372,metacritic_10968,0.9534602165222168
dbpedia_36271,metacritic_1297,0.9392842054367064
dbpedia_31193,metacritic_15296,0.9528541564941406
dbpedia_26605,metacritic_12720,0.9723710417747498
dbpedia_13311,metacritic_18301,0.969029664993286
dbpedia_19440,metacritic_14484,0.99181467294693
dbpedia_41607,metacritic_8035,0.9600864052772522
dbpedia_14253,metacritic_737,0.9139776825904846
dbpedia_9517,metacritic_10522,0.9725673198699952
dbpedia_37094,metacritic_16805,0.9978654980659484
dbpedia_51570,metacritic_1994,0.9978094696998596
dbpedia_35496,metacritic_7302,0.9904634356498718
dbpedia_36695,metacritic_5307,0.9232414960861206
dbpedia_12410,metacritic_695,0.9821314811706544
dbpedia_33812,metacritic_9962,0.9841670393943788
dbpedia_30040,metacritic_7013,0.9817532300949096
dbpedia_41642,metacritic_635,0.9909449815750122
dbpedia_18629,metacritic_9260,0.9919060468673706
dbpedia_6961,metacritic_13873,0.9990235567092896
dbpedia_21913,metacritic_17418,0.9928458333015442
dbpedia_49082,metacritic_17400,0.9609604477882384
dbpedia_23237,metacritic_12798,0.9882678389549256
dbpedia_8371,metacritic_13547,0.936616063117981
dbpedia_21546,metacritic_17088,0.995392084121704
dbpedia_58308,metacritic_9954,0.9976155757904052
dbpedia_40893,metacritic_16858,0.9511498212814332
dbpedia_14043,metacritic_8814,0.9180903434753418
dbpedia_31133,metacritic_813,0.935607612133026
dbpedia_13907,metacritic_10529,0.946675181388855
dbpedia_8644,metacritic_16876,0.9205129742622375
dbpedia_23375,metacritic_8015,0.9901159405708312
dbpedia_62516,metacritic_5549,0.9683564901351928
dbpedia_44695,metacritic_15615,0.99955552816391
dbpedia_3368,metacritic_3304,0.999714195728302
dbpedia_33133,metacritic_2377,0.9453136920928956
dbpedia_45607,metacritic_18119,0.9889017343521118
dbpedia_59124,metacritic_15327,0.9691002368927002
dbpedia_26364,metacritic_4413,0.9740328788757324
dbpedia_15280,metacritic_17057,0.9667831063270568
dbpedia_13779,metacritic_14410,0.98165363073349
dbpedia_32606,metacritic_15733,0.9997758269309998
dbpedia_47644,metacritic_8803,0.9930089712142944
dbpedia_60588,metacritic_8764,0.9518401026725768
dbpedia_61266,metacritic_11006,0.9998220801353456
dbpedia_57769,metacritic_11261,0.9952154159545898
dbpedia_7139,metacritic_15125,0.9314925074577332
dbpedia_52073,metacritic_12707,0.9998339414596558
dbpedia_11869,metacritic_4717,0.9195799827575684
dbpedia_40600,metacritic_18766,0.9994714856147766
dbpedia_448,metacritic_8413,0.9150773286819458
dbpedia_31375,metacritic_4769,0.9740041494369508
dbpedia_54090,metacritic_2333,0.9710209369659424
dbpedia_36644,metacritic_17337,0.9314925074577332
dbpedia_1846,metacritic_586,0.9654220342636108
dbpedia_39464,metacritic_47,0.9278053045272828
dbpedia_14000,metacritic_1760,0.944334864616394
dbpedia_36462,metacritic_16542,0.9793761968612672
dbpedia_16039,metacritic_6593,0.9401272535324096
dbpedia_22291,metacritic_12670,0.9954462051391602
dbpedia_18835,metacritic_9569,0.9934484362602234
dbpedia_13105,metacritic_374,0.92637038230896
dbpedia_42371,metacritic_1114,0.9137938022613524
dbpedia_3026,metacritic_757,0.9321689605712892
dbpedia_53564,metacritic_13804,0.9470556378364564
dbpedia_7495,metacritic_14740,0.936616063117981
dbpedia_1778,metacritic_4186,0.99139004945755
dbpedia_20794,metacritic_20058,0.9330351948738098
dbpedia_35579,metacritic_1760,0.9720460772514344
dbpedia_37931,metacritic_5561,0.94855135679245
dbpedia_24219,metacritic_5068,0.933872401714325
dbpedia_8466,metacritic_864,0.9981060028076172
dbpedia_44308,metacritic_14338,0.9480230808258056
dbpedia_39204,metacritic_4935,0.9999940395355223
dbpedia_25011,metacritic_5846,0.9305548071861268
dbpedia_25448,metacritic_4669,0.9929470419883728
dbpedia_36046,metacritic_5190,0.9890620112419128
dbpedia_48838,metacritic_7175,0.957810878753662
dbpedia_53127,metacritic_11875,0.9963345527648926
dbpedia_60391,metacritic_17082,0.92548805475235
dbpedia_36847,metacritic_19341,0.9975863695144652
dbpedia_333,metacritic_3986,0.999767243862152
dbpedia_8796,metacritic_7523,0.9856934547424316
dbpedia_22841,metacritic_13857,0.9905394315719604
dbpedia_34107,metacritic_11373,0.9794353246688844
dbpedia_46042,metacritic_15086,0.931971549987793
dbpedia_48522,metacritic_1409,0.951794683933258
dbpedia_21458,metacritic_10621,0.9609604477882384
dbpedia_59443,metacritic_5020,0.9759544730186462
dbpedia_55241,metacritic_14965,0.9526827931404114
dbpedia_43279,metacritic_2304,0.92548805475235
dbpedia_63788,metacritic_11919,0.9793276190757751
dbpedia_53458,metacritic_4507,0.9863526821136476
dbpedia_11651,metacritic_18767,0.9499592781066896
dbpedia_431,metacritic_2422,0.9666052460670472
dbpedia_15793,metacritic_12632,0.999051034450531
dbpedia_1143,metacritic_9129,0.9839649200439452
dbpedia_18535,metacritic_7038,0.9470381140708924
dbpedia_54098,metacritic_15983,0.9902278184890748
dbpedia_7416,metacritic_1103,0.9538642168045044
dbpedia_20289,metacritic_919,0.9710209369659424
dbpedia_29671,metacritic_8803,0.9998455047607422
dbpedia_12160,metacritic_9897,0.9769509434700012
dbpedia_26956,metacritic_3516,0.9111642241477966
dbpedia_19671,metacritic_18580,0.946163296699524
dbpedia_18425,metacritic_12672,0.9868913292884828
dbpedia_47900,metacritic_4980,0.9954462051391602
dbpedia_36339,metacritic_13839,0.936616063117981
dbpedia_44792,metacritic_8515,0.9967549443244934
dbpedia_16862,metacritic_11830,0.936616063117981
dbpedia_15526,metacritic_7622,0.9917339086532592
dbpedia_62629,metacritic_12672,0.9865476489067078
dbpedia_28736,metacritic_17678,0.9890754222869872
dbpedia_7207,metacritic_1760,0.9828938841819764
dbpedia_7813,metacritic_7234,0.978203535079956
dbpedia_5500,metacritic_3540,0.925009548664093
dbpedia_25662,metacritic_5084,0.999319553375244
dbpedia_24047,metacritic_2247,0.9623500108718872
dbpedia_19364,metacritic_4498,0.9869661331176758
dbpedia_34697,metacritic_14935,0.9531928300857544
dbpedia_31648,metacritic_16805,0.9978654980659484
dbpedia_58912,metacritic_4871,0.9476661682128906
dbpedia_51420,metacritic_421,0.9591646790504456
dbpedia_63372,metacritic_12073,0.9561963081359864
dbpedia_10321,metacritic_13964,0.9645690321922302
dbpedia_43966,metacritic_150,0.9800218939781188
dbpedia_41909,metacritic_5554,0.9071308374404908
dbpedia_3929,metacritic_7175,0.9330249428749084
dbpedia_7486,metacritic_16031,0.9349707365036012
dbpedia_18289,metacritic_2578,0.9650282263755798
dbpedia_64886,metacritic_18476,0.965331256389618
dbpedia_5852,metacritic_4788,0.9649458527565002
dbpedia_18126,metacritic_6659,0.9775027632713318
dbpedia_19098,metacritic_15724,0.9751567244529724
dbpedia_48211,metacritic_16224,0.99993634223938
dbpedia_56049,metacritic_3536,0.9999940395355223
dbpedia_31243,metacritic_14269,0.9878987669944764
dbpedia_27780,metacritic_16891,0.9998809099197388
dbpedia_8340,metacritic_6616,0.9590752124786376
dbpedia_22007,metacritic_284,0.909893274307251
dbpedia_63048,metacritic_7300,0.9981414079666138
dbpedia_28960,metacritic_6888,0.997998058795929
dbpedia_15275,metacritic_20457,0.9998998641967772
dbpedia_18645,metacritic_10692,0.9398817420005798
dbpedia_1483,metacritic_10975,0.9088422656059264
dbpedia_30462,metacritic_319,0.999908685684204
dbpedia_61788,metacritic_1793,0.9950382113456726
dbpedia_13841,metacritic_16853,0.9128310680389404
dbpedia_10212,metacritic_15644,0.9936665892601012
dbpedia_15201,metacritic_14056,0.999755322933197
dbpedia_42377,metacritic_2947,0.9518269300460817
dbpedia_29746,metacritic_9742,0.9992603659629822
dbpedia_26311,metacritic_3124,0.9418382048606871
dbpedia_12812,metacritic_12586,0.9766106605529784
dbpedia_13286,metacritic_2719,0.909221053123474
dbpedia_21546,metacritic_15992,0.995392084121704
dbpedia_5020,metacritic_7155,0.989517867565155
dbpedia_26264,metacritic_8015,0.930272936820984
dbpedia_58168,metacritic_6303,0.9844356179237366
dbpedia_40221,metacritic_10933,0.9491890072822572
dbpedia_60498,metacritic_325,0.9520145058631896
dbpedia_17042,metacritic_14056,0.999755322933197
dbpedia_33563,metacritic_18075,0.931971549987793
dbpedia_15483,metacritic_1377,0.9998278617858888
dbpedia_51929,metacritic_2827,0.9888666272163392
dbpedia_3790,metacritic_4029,0.9952127933502196
dbpedia_46597,metacritic_3136,0.9585627913475036
dbpedia_8328,metacritic_7231,0.9992227554321288
dbpedia_14398,metacritic_284,0.9696350693702698
dbpedia_51172,metacritic_1875,0.9446728229522704
dbpedia_8359,metacritic_9962,0.994135081768036
dbpedia_33667,metacritic_138,0.9330249428749084
dbpedia_36642,metacritic_19120,0.982686161994934
dbpedia_41153,metacritic_4172,0.9025639295578004
dbpedia_39312,metacritic_20442,0.988852083683014
dbpedia_21044,metacritic_12648,0.9491890072822572
dbpedia_27493,metacritic_1218,0.9729519486427308
dbpedia_7747,metacritic_690,0.9991726279258728
dbpedia_51654,metacritic_18013,0.9899662733078004
dbpedia_3326,metacritic_19228,0.979506015777588
dbpedia_62318,metacritic_14664,0.961023211479187
dbpedia_20014,metacritic_1156,0.9599574208259584
dbpedia_10599,metacritic_5372,0.9785264730453492
dbpedia_34890,metacritic_13993,0.969029664993286
dbpedia_10531,metacritic_6659,0.9735573530197144
dbpedia_370,metacritic_3046,0.9455056190490724
dbpedia_15330,metacritic_5127,0.9595777988433838
dbpedia_62085,metacritic_9339,0.9907416105270386
dbpedia_1215,metacritic_2831,0.9999059438705444
dbpedia_33088,metacritic_19838,0.9061504602432252
dbpedia_6494,metacritic_6298,0.9304133653640748
dbpedia_44104,metacritic_207,0.9645690321922302
dbpedia_10519,metacritic_17770,0.9242917895317078
dbpedia_6554,metacritic_10008,0.9491890072822572
dbpedia_7279,metacritic_1827,0.9984180927276612
dbpedia_10815,metacritic_4758,0.9771485328674316
dbpedia_57404,metacritic_13468,0.9521531462669371
dbpedia_53767,metacritic_7698,0.9970155954360962
dbpedia_14183,metacritic_17770,0.9997288584709167
dbpedia_22028,metacritic_15733,0.9994848966598512
dbpedia_50169,metacritic_12936,0.9308148622512816
dbpedia_26590,metacritic_6544,0.915972113609314
dbpedia_44274,metacritic_11917,0.999900221824646
dbpedia_60941,metacritic_18391,0.9982790946960448
dbpedia_16832,metacritic_4537,0.9790468811988832
dbpedia_29363,metacritic_6659,0.9735573530197144
dbpedia_36228,metacritic_17138,0.9591527581214904
dbpedia_50342,metacritic_16602,0.9712811708450316
dbpedia_27520,metacritic_472,0.9433171153068542
dbpedia_43311,metacritic_8136,0.9343851208686828
dbpedia_1763,metacritic_15348,0.9696605205535888
dbpedia_49786,metacritic_18632,0.9696605205535888
dbpedia_60898,metacritic_359,0.9654408097267152
dbpedia_21072,metacritic_4225,0.9997523427009584
dbpedia_26489,metacritic_2333,0.9710209369659424
dbpedia_15190,metacritic_6566,0.9998238682746888
dbpedia_1869,metacritic_7556,0.936616063117981
dbpedia_8983,metacritic_8681,0.9879074692726136
dbpedia_35579,metacritic_2132,0.9996721744537354
dbpedia_30943,metacritic_10348,0.9818108081817628
dbpedia_49423,metacritic_10621,0.9609604477882384
dbpedia_5877,metacritic_12994,0.9961400628089904
dbpedia_42259,metacritic_14056,0.999755322933197
dbpedia_17403,metacritic_16076,0.9248421788215636
dbpedia_50832,metacritic_8262,0.9437879323959352
dbpedia_42885,metacritic_13095,0.9596565961837769
dbpedia_63294,metacritic_8716,0.9776572585105896
dbpedia_42661,metacritic_1885,0.9736827611923218
dbpedia_39494,metacritic_17331,0.9139377474784852
dbpedia_9134,metacritic_16513,0.994330644607544
dbpedia_9146,metacritic_13364,0.9758871793746948
dbpedia_47812,metacritic_11387,0.909221053123474
dbpedia_58770,metacritic_19708,0.9998239874839784
dbpedia_1551,metacritic_10545,0.936616063117981
dbpedia_54624,metacritic_7200,0.9973383545875548
dbpedia_52363,metacritic_15622,0.9458044171333312
dbpedia_61724,metacritic_16711,0.9467392563819884
dbpedia_46178,metacritic_17659,0.92548805475235
dbpedia_49645,metacritic_2799,0.9991726279258728
dbpedia_4037,metacritic_3510,0.9844356179237366
dbpedia_18464,metacritic_20473,0.9710209369659424
dbpedia_30199,metacritic_12341,0.9060776233673096
dbpedia_22544,metacritic_5800,0.9779319167137146
dbpedia_1051,metacritic_2340,0.9145214557647704
dbpedia_18606,metacritic_18379,0.953726053237915
dbpedia_49320,metacritic_3175,0.9900847673416138
dbpedia_6897,metacritic_15839,0.9090127944946288
dbpedia_20225,metacritic_6565,0.9645654559135436
dbpedia_7524,metacritic_11043,0.992664098739624
dbpedia_27807,metacritic_19696,0.967752993106842
dbpedia_7101,metacritic_18957,0.965870440006256
dbpedia_26489,metacritic_2667,0.9710209369659424
dbpedia_3866,metacritic_14607,0.9636956453323364
dbpedia_24301,metacritic_5203,0.9696605205535888
dbpedia_14152,metacritic_1852,0.9991726279258728
dbpedia_20674,metacritic_16752,0.9381295442581176
dbpedia_16174,metacritic_5554,0.9071308374404908
dbpedia_4790,metacritic_4097,0.9714925289154052
dbpedia_13904,metacritic_575,0.9736844301223756
dbpedia_62394,metacritic_14695,0.9717683792114258
dbpedia_439,metacritic_3245,0.9984754920005798
dbpedia_25458,metacritic_358,0.999621033668518
dbpedia_6814,metacritic_19525,0.9834129810333252
dbpedia_37012,metacritic_10815,0.9026018381118774
dbpedia_46454,metacritic_5561,0.9522985219955444
dbpedia_30607,metacritic_4715,0.9869661331176758
dbpedia_31310,metacritic_547,0.9896092414855956
dbpedia_42876,metacritic_17482,0.9454121589660645
dbpedia_22544,metacritic_3918,0.9995049238204956
dbpedia_9798,metacritic_13097,0.9768773317337036
dbpedia_8283,metacritic_9172,0.988852083683014
dbpedia_13182,metacritic_20472,0.9118509888648988
dbpedia_50562,metacritic_6303,0.9817865490913392
dbpedia_60935,metacritic_6659,0.9735573530197144
dbpedia_2380,metacritic_15137,0.9894918203353882
dbpedia_43917,metacritic_20090,0.991532862186432
dbpedia_29548,metacritic_9120,0.9282676577568054
dbpedia_31243,metacritic_9310,0.998576283454895
dbpedia_18219,metacritic_6659,0.9775027632713318
dbpedia_7447,metacritic_10271,0.9521531462669371
dbpedia_49396,metacritic_65,0.9984827637672424
dbpedia_62953,metacritic_5715,0.9160849452018738
dbpedia_16775,metacritic_18317,0.996323585510254
dbpedia_11634,metacritic_15733,0.9997525811195374
dbpedia_13245,metacritic_11885,0.9785181283950806
dbpedia_15000,metacritic_16539,0.9404129981994628
dbpedia_13681,metacritic_7523,0.9879466891288756
dbpedia_41132,metacritic_18385,0.9761191606521606
dbpedia_17940,metacritic_1097,0.9681620597839355
dbpedia_62928,metacritic_11522,0.9846178293228148
dbpedia_16648,metacritic_3731,0.9992227554321288
dbpedia_58367,metacritic_5987,0.9845392107963562
dbpedia_51616,metacritic_12341,0.9901159405708312
dbpedia_13758,metacritic_298,0.931971549987793
dbpedia_45090,metacritic_3265,0.9731863141059875
dbpedia_39111,metacritic_8730,0.9621460437774658
dbpedia_25180,metacritic_17770,0.9117488265037536
dbpedia_12466,metacritic_13184,0.9561963081359864
dbpedia_6304,metacritic_10614,0.9194816946983336
dbpedia_8319,metacritic_15755,0.9488939642906188
dbpedia_35228,metacritic_5167,0.9330571293830872
dbpedia_51570,metacritic_2484,0.9978094696998596
dbpedia_59032,metacritic_19336,0.9157838225364684
dbpedia_33589,metacritic_17867,0.9296624064445496
dbpedia_62803,metacritic_8334,0.9049307703971864
dbpedia_4294,metacritic_7523,0.9856934547424316
dbpedia_17385,metacritic_8762,0.9959112405776978
dbpedia_35436,metacritic_511,0.9481001496315002
dbpedia_16149,metacritic_11102,0.9914602041244508
dbpedia_43941,metacritic_5625,0.9987612962722778
dbpedia_12801,metacritic_433,0.9231156706809998
dbpedia_522,metacritic_12574,0.933685302734375
dbpedia_4771,metacritic_1417,0.9378806352615356
dbpedia_30135,metacritic_16257,0.9645690321922302
dbpedia_25921,metacritic_6593,0.9497631192207336
dbpedia_58077,metacritic_1440,0.9978960752487184
dbpedia_8746,metacritic_11712,0.9804707765579224
dbpedia_5011,metacritic_5196,0.965331256389618
dbpedia_20863,metacritic_3867,0.9571367502212524
dbpedia_16241,metacritic_10315,0.9807518720626832
dbpedia_63665,metacritic_8552,0.9994719624519348
dbpedia_15392,metacritic_18173,0.931971549987793
dbpedia_38787,metacritic_5163,0.9165617823600768
dbpedia_44852,metacritic_17,0.996208429336548
dbpedia_56040,metacritic_9765,0.9786614179611206
dbpedia_21625,metacritic_4765,0.9413716793060304
dbpedia_50786,metacritic_14963,0.985396921634674
dbpedia_3771,metacritic_6681,0.9865007996559144
dbpedia_52990,metacritic_18718,0.9455706477165222
dbpedia_49225,metacritic_17524,0.9883880019187928
dbpedia_25448,metacritic_3245,0.9325141310691832
dbpedia_16235,metacritic_3928,0.997531235218048
dbpedia_49793,metacritic_3714,0.9914809465408324
dbpedia_3032,metacritic_17267,0.9899982810020448
dbpedia_40759,metacritic_17487,0.9696774482727052
dbpedia_43427,metacritic_7744,0.9855178594589232
dbpedia_33257,metacritic_15341,0.9359252452850342
dbpedia_7411,metacritic_20489,0.999775230884552
dbpedia_44329,metacritic_529,0.95939701795578
dbpedia_13178,metacritic_2132,0.96394145488739
dbpedia_57651,metacritic_4172,0.952372431755066
dbpedia_22438,metacritic_3337,0.9992227554321288
dbpedia_12265,metacritic_3799,0.967752993106842
dbpedia_34864,metacritic_18839,0.9704301953315736
dbpedia_19689,metacritic_20368,0.9711301922798156
dbpedia_9429,metacritic_8599,0.9516749978065492
dbpedia_20329,metacritic_16994,0.940938413143158
dbpedia_4037,metacritic_4708,0.9284650087356568
dbpedia_27102,metacritic_1377,0.9998278617858888
dbpedia_2033,metacritic_7234,0.978203535079956
dbpedia_1118,metacritic_1377,0.9998278617858888
dbpedia_2656,metacritic_18091,0.9625549912452698
dbpedia_13133,metacritic_10968,0.9715529680252076
dbpedia_29926,metacritic_18388,0.9312795996665956
dbpedia_13517,metacritic_3304,0.999714195728302
dbpedia_3972,metacritic_5991,0.9950336217880248
dbpedia_16950,metacritic_1808,0.9889199137687684
dbpedia_8328,metacritic_6303,0.9294057488441468
dbpedia_17571,metacritic_18595,0.9470759630203248
dbpedia_4470,metacritic_1760,0.9828938841819764
dbpedia_36795,metacritic_3304,0.999714195728302
dbpedia_33056,metacritic_1156,0.9623081684112548
dbpedia_27663,metacritic_2164,0.972055196762085
dbpedia_23060,metacritic_8135,0.9276403188705444
dbpedia_1466,metacritic_19336,0.9157838225364684
dbpedia_24374,metacritic_7621,0.9632545113563538
dbpedia_6558,metacritic_3918,0.9779319167137146
dbpedia_57372,metacritic_4350,0.9739911556243896
dbpedia_18289,metacritic_1458,0.9650282263755798
dbpedia_7982,metacritic_6190,0.9950382113456726
dbpedia_6435,metacritic_15906,0.9875727891921996
dbpedia_4495,metacritic_8589,0.9538642168045044
dbpedia_8408,metacritic_11917,0.999900221824646
dbpedia_15121,metacritic_7234,0.9057485461235046
dbpedia_22594,metacritic_1553,0.9992227554321288
dbpedia_46417,metacritic_16287,0.9205129742622375
dbpedia_2798,metacritic_3510,0.98465234041214
dbpedia_59177,metacritic_18169,0.9273648858070374
dbpedia_8431,metacritic_1377,0.9998278617858888
dbpedia_50455,metacritic_17090,0.9947082996368408
dbpedia_24219,metacritic_5040,0.933872401714325
dbpedia_16120,metacritic_5330,0.9289438128471376
dbpedia_25749,metacritic_9962,0.992664098739624
dbpedia_8017,metacritic_11330,0.9951112866401672
dbpedia_33233,metacritic_17250,0.93208909034729
dbpedia_54315,metacritic_11903,0.9610376358032228
dbpedia_59441,metacritic_1377,0.9998278617858888
dbpedia_37028,metacritic_273,0.9721489548683168
dbpedia_49789,metacritic_8717,0.9649458527565002
dbpedia_19792,metacritic_19641,0.9757250547409058
dbpedia_6853,metacritic_14484,0.99444180727005
dbpedia_45142,metacritic_1932,0.9057955741882324
dbpedia_54856,metacritic_735,0.9057955741882324
dbpedia_40974,metacritic_16379,0.92548805475235
dbpedia_64745,metacritic_4398,0.9232414960861206
dbpedia_1932,metacritic_11458,0.9997637867927552
dbpedia_32811,metacritic_20457,0.936616063117981
dbpedia_7762,metacritic_18385,0.9841670393943788
dbpedia_3264,metacritic_9419,0.999387264251709
dbpedia_14209,metacritic_2309,0.9896426796913148
dbpedia_11166,metacritic_3304,0.999714195728302
dbpedia_20467,metacritic_6312,0.992664098739624
dbpedia_23353,metacritic_19211,0.9416670203208924
dbpedia_60301,metacritic_19615,0.9999932050704956
dbpedia_51767,metacritic_20462,0.9998518228530884
dbpedia_26555,metacritic_5794,0.9128310680389404
dbpedia_2671,metacritic_14945,0.9943220615386964
dbpedia_4051,metacritic_18009,0.9567058086395264
dbpedia_14000,metacritic_4513,0.9033646583557128
dbpedia_25532,metacritic_18173,0.931971549987793
dbpedia_7882,metacritic_10307,0.9789330959320068
dbpedia_21712,metacritic_7240,0.9397876262664796
dbpedia_3096,metacritic_18643,0.936616063117981
dbpedia_31325,metacritic_14005,0.9352001547813416
dbpedia_51707,metacritic_230,0.9602657556533812
dbpedia_5554,metacritic_6888,0.980885684490204
dbpedia_28508,metacritic_10086,0.956532061100006
dbpedia_51181,metacritic_156,0.9591527581214904
dbpedia_21250,metacritic_1675,0.92807137966156
dbpedia_25869,metacritic_15308,0.936616063117981
dbpedia_53127,metacritic_10551,0.9963345527648926
dbpedia_50455,metacritic_16708,0.9947082996368408
dbpedia_15731,metacritic_3175,0.9604711532592772
dbpedia_33163,metacritic_5020,0.9888086915016174
dbpedia_26815,metacritic_3304,0.999714195728302
dbpedia_42087,metacritic_4172,0.9025639295578004
dbpedia_14722,metacritic_17504,0.9725673198699952
dbpedia_47663,metacritic_7885,0.9690479040145874
dbpedia_991,metacritic_19397,0.9246367812156676
dbpedia_8920,metacritic_19158,0.936616063117981
dbpedia_6814,metacritic_18925,0.9834129810333252
dbpedia_48477,metacritic_11630,0.9494783282279968
dbpedia_50354,metacritic_14711,0.9758477807044984
dbpedia_64669,metacritic_5611,0.9511498212814332
dbpedia_19548,metacritic_17131,0.962998867034912
dbpedia_48809,metacritic_4741,0.9250723719596864
dbpedia_6352,metacritic_7129,0.9702869653701782
dbpedia_21763,metacritic_244,0.985045611858368
dbpedia_27278,metacritic_1550,0.9992227554321288
dbpedia_16780,metacritic_10744,0.9821553826332092
dbpedia_11956,metacritic_7001,0.9767217636108398
dbpedia_12200,metacritic_4838,0.9964080452919006
dbpedia_28177,metacritic_1607,0.914359450340271
dbpedia_19292,metacritic_13220,0.9994003772735596
dbpedia_52267,metacritic_1847,0.977436900138855
dbpedia_3141,metacritic_1049,0.9751690626144408
dbpedia_25965,metacritic_781,0.9645690321922302
dbpedia_22889,metacritic_8035,0.9681620597839355
dbpedia_11119,metacritic_19838,0.9036933183670044
dbpedia_29605,metacritic_19888,0.9291875958442688
dbpedia_51282,metacritic_7211,0.9798511862754822
dbpedia_59457,metacritic_4145,0.988114297389984
dbpedia_6092,metacritic_1156,0.9399765133857728
dbpedia_22898,metacritic_3664,0.9907667636871338
dbpedia_2180,metacritic_9765,0.9786614179611206
dbpedia_24600,metacritic_17343,0.9856070280075072
dbpedia_31301,metacritic_4891,0.909221053123474
dbpedia_19706,metacritic_5172,0.9998817443847656
dbpedia_7635,metacritic_15733,0.9997525811195374
dbpedia_23543,metacritic_10301,0.95939701795578
dbpedia_34834,metacritic_12012,0.9710209369659424
dbpedia_59364,metacritic_2304,0.9497631192207336
dbpedia_48709,metacritic_17176,0.9713842272758484
dbpedia_56620,metacritic_1696,0.9753427505493164
dbpedia_28681,metacritic_9954,0.9935245513916016
dbpedia_50787,metacritic_16513,0.9942891597747804
dbpedia_13701,metacritic_7316,0.9075194597244264
dbpedia_32840,metacritic_5783,0.9877594113349916
dbpedia_4294,metacritic_1785,0.9841321706771852
dbpedia_36813,metacritic_3193,0.9696782231330872
dbpedia_44596,metacritic_8035,0.99990713596344
dbpedia_9426,metacritic_14740,0.936616063117981
dbpedia_4657,metacritic_445,0.915051281452179
dbpedia_61004,metacritic_13696,0.9832304120063782
dbpedia_38037,metacritic_6,0.9309501051902772
dbpedia_13889,metacritic_15958,0.925290822982788
dbpedia_41651,metacritic_20489,0.9997628331184388
dbpedia_47361,metacritic_9644,0.9601932168006896
dbpedia_14209,metacritic_4653,0.9878117442131042
dbpedia_19936,metacritic_1582,0.9591527581214904
dbpedia_17989,metacritic_6565,0.9623500108718872
dbpedia_59975,metacritic_6533,0.9646359086036682
dbpedia_32183,metacritic_16530,0.9997562766075134
dbpedia_51469,metacritic_5726,0.9727828502655028
dbpedia_19364,metacritic_4715,0.9470856189727784
dbpedia_37373,metacritic_8304,0.9906421303749084
dbpedia_12648,metacritic_18385,0.9841670393943788
dbpedia_34534,metacritic_213,0.9885439276695251
dbpedia_18010,metacritic_15733,0.9997758269309998
dbpedia_9009,metacritic_6565,0.9623500108718872
dbpedia_26956,metacritic_9854,0.9309934973716736
dbpedia_1511,metacritic_2214,0.9185923933982848
dbpedia_7905,metacritic_6190,0.9950382113456726
dbpedia_37759,metacritic_3304,0.999714195728302
dbpedia_510,metacritic_20102,0.9929471015930176
dbpedia_3733,metacritic_5042,0.9046563506126404
dbpedia_32530,metacritic_20457,0.9998998641967772
dbpedia_6468,metacritic_9506,0.945957601070404
dbpedia_33557,metacritic_3718,0.9374562501907348
dbpedia_31518,metacritic_6799,0.9813701510429382
dbpedia_63788,metacritic_18718,0.9793276190757751
dbpedia_18718,metacritic_2196,0.9162875413894652
dbpedia_33631,metacritic_299,0.9487187266349792
dbpedia_12240,metacritic_7072,0.9967291355133056
dbpedia_8723,metacritic_11826,0.9993683695793152
dbpedia_55881,metacritic_14922,0.9945361614227296
dbpedia_13683,metacritic_14046,0.9988322854042052
dbpedia_11122,metacritic_9968,0.9960383176803588
dbpedia_18341,metacritic_1550,0.9992227554321288
dbpedia_17023,metacritic_3799,0.967752993106842
dbpedia_18337,metacritic_8654,0.936616063117981
dbpedia_3972,metacritic_10777,0.9332404136657716
dbpedia_38114,metacritic_5215,0.931971549987793
dbpedia_46591,metacritic_7807,0.9642007350921632
dbpedia_10155,metacritic_4765,0.9988608360290528
dbpedia_3606,metacritic_6607,0.9768773317337036
dbpedia_8776,metacritic_9625,0.9887237548828124
dbpedia_5978,metacritic_511,0.9771398901939392
dbpedia_38202,metacritic_12341,0.9006901979446411
dbpedia_40240,metacritic_2132,0.9902423024177552
dbpedia_56995,metacritic_346,0.9561780095100404
dbpedia_7342,metacritic_5750,0.9902313351631165
dbpedia_9528,metacritic_11458,0.9997637867927552
dbpedia_14209,metacritic_3044,0.9896426796913148
dbpedia_48969,metacritic_897,0.9657565951347352
dbpedia_12165,metacritic_5163,0.9165617823600768
dbpedia_15447,metacritic_16262,0.9992527365684508
dbpedia_20065,metacritic_5679,0.9630110263824464
dbpedia_40049,metacritic_15822,0.9944861531257628
dbpedia_14209,metacritic_3316,0.9896426796913148
dbpedia_8637,metacritic_12150,0.9165617823600768
dbpedia_23261,metacritic_519,0.9591527581214904
dbpedia_50005,metacritic_614,0.9954954385757446
dbpedia_29961,metacritic_10389,0.9115390181541444
dbpedia_37067,metacritic_7053,0.9835861325263976
dbpedia_36271,metacritic_511,0.9392842054367064
dbpedia_26157,metacritic_8305,0.9526098370552064
dbpedia_2798,metacritic_4708,0.9294057488441468
dbpedia_40142,metacritic_14750,0.9723762273788452
dbpedia_56249,metacritic_13095,0.9495360851287842
dbpedia_61173,metacritic_6418,0.9921649694442748
dbpedia_30447,metacritic_8589,0.979747712612152
dbpedia_27663,metacritic_1914,0.972055196762085
dbpedia_9824,metacritic_19415,0.9624682068824768
dbpedia_64669,metacritic_4357,0.9511498212814332
dbpedia_27663,metacritic_2338,0.972055196762085
dbpedia_31282,metacritic_15733,0.9997758269309998
dbpedia_59030,metacritic_4029,0.9952127933502196
dbpedia_7747,metacritic_121,0.9991726279258728
dbpedia_1008,metacritic_7160,0.9897659420967102
dbpedia_17692,metacritic_5981,0.9591527581214904
dbpedia_44487,metacritic_6,0.9214516878128052
dbpedia_39319,metacritic_5573,0.99928480386734
dbpedia_13701,metacritic_7240,0.9991752505302428
dbpedia_62928,metacritic_8730,0.9846178293228148
dbpedia_20467,metacritic_4432,0.992664098739624
dbpedia_64766,metacritic_1937,0.9751254320144652
dbpedia_52432,metacritic_816,0.920134663581848
dbpedia_23901,metacritic_5903,0.937361478805542
dbpedia_28383,metacritic_1758,0.9265185594558716
dbpedia_45420,metacritic_8756,0.9882678389549256
dbpedia_12995,metacritic_3175,0.9604711532592772
dbpedia_34659,metacritic_1156,0.9434311985969543
dbpedia_23084,metacritic_6386,0.9733710289001464
dbpedia_60539,metacritic_5313,0.918803095817566
dbpedia_25348,metacritic_12762,0.95939701795578
dbpedia_25415,metacritic_17971,0.993675172328949
dbpedia_9083,metacritic_16884,0.931971549987793
dbpedia_2407,metacritic_20461,0.9964080452919006
dbpedia_18289,metacritic_2245,0.9650282263755798
dbpedia_21686,metacritic_19,0.9614969491958618
dbpedia_9235,metacritic_10661,0.92548805475235
dbpedia_13223,metacritic_17804,0.9736844301223756
dbpedia_47415,metacritic_16281,0.98165363073349
dbpedia_5423,metacritic_10614,0.9944339394569396
dbpedia_39247,metacritic_1713,0.992324948310852
dbpedia_20679,metacritic_6884,0.9673579335212708
dbpedia_56272,metacritic_12627,0.92548805475235
dbpedia_48422,metacritic_13178,0.9388817548751832
dbpedia_61714,metacritic_4107,0.9180903434753418
dbpedia_60152,metacritic_3244,0.9435163736343384
dbpedia_30199,metacritic_11557,0.9337112903594972
dbpedia_22279,metacritic_4243,0.991139829158783
dbpedia_14673,metacritic_1553,0.9992227554321288
dbpedia_5231,metacritic_4025,0.930666208267212
dbpedia_10078,metacritic_17368,0.9873614311218262
dbpedia_7292,metacritic_4020,0.9997701048851012
dbpedia_30329,metacritic_12131,0.9398123621940612
dbpedia_13546,metacritic_8136,0.9551481604576112
dbpedia_32510,metacritic_9862,0.9998052716255188
dbpedia_6721,metacritic_716,0.991503655910492
dbpedia_957,metacritic_17514,0.9762208461761476
dbpedia_33683,metacritic_15968,0.931971549987793
dbpedia_37373,metacritic_10257,0.9948838353157043
dbpedia_39042,metacritic_3413,0.9565855860710144
dbpedia_39632,metacritic_15739,0.9297683238983154
dbpedia_22990,metacritic_995,0.9759544730186462
dbpedia_38202,metacritic_11453,0.9006901979446411
dbpedia_38077,metacritic_6135,0.9696605205535888
dbpedia_51945,metacritic_15531,0.9491890072822572
dbpedia_18289,metacritic_2732,0.9650282263755798
dbpedia_38232,metacritic_15733,0.9997525811195374
dbpedia_2045,metacritic_12592,0.999778687953949
dbpedia_34193,metacritic_7177,0.967752993106842
dbpedia_1821,metacritic_15232,0.9216296076774596
dbpedia_42349,metacritic_3714,0.9965998530387878
dbpedia_60498,metacritic_107,0.9520145058631896
dbpedia_38580,metacritic_1696,0.9737828969955444
dbpedia_53941,metacritic_5749,0.9837158918380736
dbpedia_48831,metacritic_3897,0.9990235567092896
dbpedia_25066,metacritic_8654,0.9696605205535888
dbpedia_31141,metacritic_5262,0.997054934501648
dbpedia_13311,metacritic_16768,0.969029664993286
dbpedia_23724,metacritic_4479,0.9725673198699952
dbpedia_51410,metacritic_10352,0.9542807936668396
dbpedia_6631,metacritic_3466,0.954529881477356
dbpedia_14826,metacritic_9022,0.9563984274864196
dbpedia_12567,metacritic_19236,0.9856070280075072
dbpedia_20427,metacritic_2334,0.9646359086036682
dbpedia_48957,metacritic_8069,0.9314925074577332
dbpedia_57545,metacritic_20428,0.9450221061706544
dbpedia_31240,metacritic_8986,0.9645690321922302
dbpedia_10095,metacritic_9137,0.9639756679534912
dbpedia_43505,metacritic_16445,0.9489125609397888
dbpedia_31621,metacritic_13124,0.92548805475235
dbpedia_11950,metacritic_15739,0.9337691068649292
dbpedia_51665,metacritic_668,0.9000756740570068
dbpedia_5231,metacritic_3935,0.9445105195045472
dbpedia_1127,metacritic_13339,0.9537450075149536
dbpedia_47866,metacritic_5022,0.9958464503288268
dbpedia_8622,metacritic_17867,0.9296624064445496
dbpedia_7747,metacritic_178,0.9991726279258728
dbpedia_24058,metacritic_1417,0.9378806352615356
dbpedia_13701,metacritic_8015,0.930272936820984
dbpedia_14143,metacritic_6257,0.9731863141059875
dbpedia_26956,metacritic_7030,0.9309934973716736
dbpedia_11883,metacritic_16251,0.9989097118377686
dbpedia_1761,metacritic_11042,0.972055196762085
dbpedia_7747,metacritic_133,0.9991726279258728
dbpedia_47730,metacritic_5279,0.9294057488441468
dbpedia_9468,metacritic_11667,0.9943543672561646
dbpedia_33893,metacritic_5843,0.9999029636383056
dbpedia_4395,metacritic_6742,0.9628246426582336
dbpedia_61840,metacritic_9135,0.9986234903335572
dbpedia_16110,metacritic_19565,0.996323585510254
dbpedia_29262,metacritic_14922,0.903521716594696
dbpedia_11059,metacritic_11868,0.9884381890296936
dbpedia_61295,metacritic_15739,0.9297683238983154
dbpedia_42454,metacritic_5611,0.9815141558647156
dbpedia_31984,metacritic_1310,0.9232986569404602
dbpedia_8622,metacritic_17916,0.9627348184585572
dbpedia_1021,metacritic_7224,0.9600864052772522
dbpedia_5117,metacritic_4328,0.9984951019287108
dbpedia_41781,metacritic_15739,0.9297683238983154
dbpedia_58784,metacritic_12334,0.9483826756477356
dbpedia_34546,metacritic_2132,0.9902423024177552
dbpedia_62005,metacritic_5679,0.9798511862754822
dbpedia_51745,metacritic_18492,0.9937066435813904
dbpedia_36622,metacritic_17779,0.9851039052009584
dbpedia_44093,metacritic_5554,0.9593923091888428
dbpedia_3141,metacritic_284,0.9674794673919678
dbpedia_62797,metacritic_8697,0.9972755312919616
dbpedia_39082,metacritic_16696,0.9368115663528442
dbpedia_53648,metacritic_18643,0.9696605205535888
dbpedia_30705,metacritic_5620,0.999821960926056
dbpedia_266,metacritic_11917,0.9961315393447876
dbpedia_25702,metacritic_9120,0.904452919960022
dbpedia_14924,metacritic_10843,0.9737828969955444
dbpedia_53358,metacritic_4549,0.9737828969955444
dbpedia_34425,metacritic_7823,0.936616063117981
dbpedia_47644,metacritic_11598,0.9997839331626892
dbpedia_54409,metacritic_3709,0.9394352436065674
dbpedia_44952,metacritic_12387,0.9886801242828368
dbpedia_30822,metacritic_9282,0.9596565961837769
dbpedia_56658,metacritic_10723,0.9992501139640808
dbpedia_34897,metacritic_1356,0.9600864052772522
dbpedia_2086,metacritic_8334,0.9536370038986206
dbpedia_13037,metacritic_2796,0.987489640712738
dbpedia_17122,metacritic_5625,0.9468560814857484
dbpedia_17316,metacritic_1847,0.977436900138855
dbpedia_26029,metacritic_4758,0.9757000207901
dbpedia_21450,metacritic_2443,0.9811541438102722
dbpedia_35124,metacritic_18889,0.9268035292625428
dbpedia_22159,metacritic_3714,0.9914809465408324
dbpedia_14919,metacritic_11562,0.9954462051391602
dbpedia_4983,metacritic_16858,0.9511498212814332
dbpedia_10438,metacritic_758,0.988386332988739
dbpedia_23724,metacritic_4856,0.9725673198699952
dbpedia_19361,metacritic_2864,0.9416526556015016
dbpedia_4019,metacritic_73,0.9399765133857728
dbpedia_7189,metacritic_6435,0.9409571886062622
dbpedia_35217,metacritic_19158,0.936616063117981
dbpedia_24689,metacritic_1885,0.9901856184005736
dbpedia_44153,metacritic_19298,0.9986226558685304
dbpedia_11308,metacritic_13674,0.9967427849769592
dbpedia_25329,metacritic_15086,0.9609604477882384
dbpedia_47644,metacritic_8221,0.9962367415428162
dbpedia_46863,metacritic_8796,0.931971549987793
dbpedia_29480,metacritic_20489,0.9997628331184388
dbpedia_13471,metacritic_9558,0.9946272969245912
dbpedia_62738,metacritic_12150,0.9165617823600768
dbpedia_33233,metacritic_5786,0.9018965363502502
dbpedia_6898,metacritic_15674,0.9997881054878236
dbpedia_15967,metacritic_284,0.9674794673919678
dbpedia_59964,metacritic_1785,0.9841321706771852
dbpedia_56005,metacritic_1879,0.9591808319091796
dbpedia_45253,metacritic_6755,0.9972737431526184
dbpedia_10124,metacritic_11582,0.968873918056488
dbpedia_22193,metacritic_19810,0.999442994594574
dbpedia_21875,metacritic_13765,0.987217366695404
dbpedia_63720,metacritic_624,0.9737828969955444
dbpedia_42710,metacritic_17127,0.9273648858070374
dbpedia_37642,metacritic_1724,0.9955780506134032
dbpedia_49083,metacritic_3180,0.931971549987793
dbpedia_15709,metacritic_11749,0.99593323469162
dbpedia_1286,metacritic_12832,0.9623500108718872
dbpedia_15326,metacritic_12592,0.9998936653137208
dbpedia_42180,metacritic_10742,0.987070620059967
dbpedia_15879,metacritic_7163,0.9427756071090698
dbpedia_17207,metacritic_14598,0.9180790185928344
dbpedia_41223,metacritic_11681,0.9287410378456116
dbpedia_35099,metacritic_10713,0.9989774227142334
dbpedia_22984,metacritic_19202,0.967752993106842
dbpedia_63405,metacritic_9086,0.9967893958091736
dbpedia_23586,metacritic_10500,0.9623500108718872
dbpedia_34012,metacritic_3098,0.913947343826294
dbpedia_42454,metacritic_4357,0.9815141558647156
dbpedia_36417,metacritic_16891,0.9998339414596558
dbpedia_40055,metacritic_1814,0.99899023771286
dbpedia_62958,metacritic_15812,0.9981966614723206
dbpedia_31418,metacritic_2046,0.9177113175392152
dbpedia_40387,metacritic_16942,0.9533555507659912
dbpedia_59757,metacritic_14536,0.971764326095581
dbpedia_7605,metacritic_16662,0.9725673198699952
dbpedia_26489,metacritic_2654,0.9710209369659424
dbpedia_4966,metacritic_5132,0.9696605205535888
dbpedia_3499,metacritic_12762,0.9778447151184082
dbpedia_46920,metacritic_1453,0.967752993106842
dbpedia_11217,metacritic_264,0.9591906070709229
dbpedia_43914,metacritic_2716,0.9926816821098328
dbpedia_25311,metacritic_16410,0.9320694208145142
dbpedia_14919,metacritic_8697,0.9229429364204408
dbpedia_8776,metacritic_3995,0.999648928642273
dbpedia_8250,metacritic_18150,0.9304133653640748
dbpedia_40248,metacritic_8135,0.9216825366020204
dbpedia_59347,metacritic_624,0.9737828969955444
dbpedia_47450,metacritic_11838,0.9998844861984252
dbpedia_61996,metacritic_1909,0.9434151649475098
dbpedia_40849,metacritic_10941,0.9983372688293456
dbpedia_45965,metacritic_14750,0.9743189811706544
dbpedia_62205,metacritic_2988,0.9813220500946044
dbpedia_64501,metacritic_4341,0.9275274276733398
dbpedia_14713,metacritic_19737,0.9275850653648376
dbpedia_12841,metacritic_11249,0.9108880758285522
dbpedia_6461,metacritic_13250,0.9457703828811646
dbpedia_60056,metacritic_1317,0.9999616146087646
dbpedia_23724,metacritic_2726,0.9725673198699952
dbpedia_536,metacritic_14630,0.984840452671051
dbpedia_59943,metacritic_6928,0.97734534740448
dbpedia_17637,metacritic_18265,0.969029664993286
dbpedia_26524,metacritic_3526,0.9584609270095824
dbpedia_11186,metacritic_9511,0.9593669772148132
dbpedia_15198,metacritic_9522,0.9551481604576112
dbpedia_47647,metacritic_3395,0.98980450630188
dbpedia_52171,metacritic_831,0.9907586574554444
dbpedia_8978,metacritic_17250,0.968421757221222
dbpedia_40535,metacritic_7302,0.9239318370819092
dbpedia_9096,metacritic_7691,0.9997379183769226
dbpedia_4374,metacritic_6365,0.92548805475235
dbpedia_20467,metacritic_9962,0.992664098739624
dbpedia_8025,metacritic_4002,0.954529881477356
dbpedia_14910,metacritic_16773,0.998377799987793
dbpedia_63430,metacritic_15299,0.9079310297966005
dbpedia_41452,metacritic_7302,0.908048450946808
dbpedia_23044,metacritic_4937,0.9947351217269896
dbpedia_47653,metacritic_17069,0.9776887893676758
dbpedia_6625,metacritic_14410,0.9914878606796264
dbpedia_13749,metacritic_12172,0.9819316864013672
dbpedia_39912,metacritic_5846,0.9305548071861268
dbpedia_63209,metacritic_2768,0.9382926225662231
dbpedia_21755,metacritic_2474,0.9561963081359864
dbpedia_7599,metacritic_740,0.9276955127716064
dbpedia_20506,metacritic_11259,0.936616063117981
dbpedia_51313,metacritic_3413,0.9462059736251832
dbpedia_22951,metacritic_17514,0.9340391159057616
dbpedia_7123,metacritic_9954,0.9976155757904052
dbpedia_21737,metacritic_2073,0.978383243083954
dbpedia_2407,metacritic_20454,0.9964080452919006
dbpedia_10563,metacritic_10958,0.9998146891593932
dbpedia_10258,metacritic_529,0.9822342991828918
dbpedia_16981,metacritic_7084,0.9992227554321288
dbpedia_58168,metacritic_4025,0.9034931659698486
dbpedia_22544,metacritic_5926,0.9986345171928406
dbpedia_33561,metacritic_7163,0.9394241571426392
dbpedia_61259,metacritic_6247,0.9325166940689088
dbpedia_3603,metacritic_1937,0.9735519886016846
dbpedia_8853,metacritic_8654,0.967752993106842
dbpedia_34788,metacritic_19415,0.9624682068824768
dbpedia_29025,metacritic_12997,0.915972113609314
dbpedia_44494,metacritic_7591,0.9982250332832336
dbpedia_46092,metacritic_5625,0.9667060375213624
dbpedia_35958,metacritic_15628,0.9470006227493286
dbpedia_20025,metacritic_11749,0.99593323469162
dbpedia_3749,metacritic_12730,0.9882882833480836
dbpedia_30460,metacritic_20428,0.962554097175598
dbpedia_4282,metacritic_3413,0.9462059736251832
dbpedia_18819,metacritic_18351,0.966789722442627
dbpedia_48842,metacritic_2256,0.9303697347640992
dbpedia_17329,metacritic_3613,0.9630110263824464
dbpedia_51185,metacritic_20122,0.9628246426582336
dbpedia_21856,metacritic_16150,0.9782211184501648
dbpedia_49521,metacritic_393,0.9999079704284668
dbpedia_43645,metacritic_18301,0.969029664993286
dbpedia_1851,metacritic_4423,0.9642007350921632
dbpedia_8283,metacritic_8528,0.988852083683014
dbpedia_4164,metacritic_19641,0.9902452230453492
dbpedia_4892,metacritic_1677,0.9732493162155152
dbpedia_34274,metacritic_3124,0.9382926225662231
dbpedia_53795,metacritic_6,0.9214516878128052
dbpedia_22066,metacritic_13250,0.977126121520996
dbpedia_12611,metacritic_19679,0.92033189535141
dbpedia_38895,metacritic_2225,0.9537450075149536
dbpedia_9463,metacritic_3884,0.9347413182258606
dbpedia_30832,metacritic_19448,0.936616063117981
dbpedia_51079,metacritic_12247,0.9225690960884094
dbpedia_22768,metacritic_17781,0.9489125609397888
dbpedia_33592,metacritic_9862,0.999778926372528
dbpedia_11722,metacritic_8479,0.9892761707305908
dbpedia_23670,metacritic_3294,0.915940284729004
dbpedia_12212,metacritic_20383,0.927730917930603
dbpedia_31530,metacritic_4838,0.9964080452919006
dbpedia_27027,metacritic_2334,0.9778683185577391
dbpedia_43827,metacritic_6201,0.936616063117981
dbpedia_22832,metacritic_8136,0.9551481604576112
dbpedia_35470,metacritic_4146,0.969029664993286
dbpedia_1742,metacritic_14152,0.989371418952942
dbpedia_19707,metacritic_5844,0.909221053123474
dbpedia_54558,metacritic_4029,0.9982391595840454
dbpedia_34190,metacritic_1382,0.9691002368927002
dbpedia_3463,metacritic_9885,0.9392008781433104
dbpedia_12105,metacritic_16386,0.9989774227142334
dbpedia_38514,metacritic_928,0.9669663310050964
dbpedia_21140,metacritic_14946,0.9737828969955444
dbpedia_23551,metacritic_7163,0.9241583943367004
dbpedia_19654,metacritic_13676,0.9992616772651672
dbpedia_63459,metacritic_7591,0.9887881875038148
dbpedia_49555,metacritic_9951,0.9303697347640992
dbpedia_57206,metacritic_20452,0.9869059920310974
dbpedia_45042,metacritic_5598,0.9935147762298584
dbpedia_13889,metacritic_15210,0.925290822982788
dbpedia_21546,metacritic_17050,0.995392084121704
dbpedia_6952,metacritic_624,0.9737828969955444
dbpedia_7276,metacritic_1792,0.99161559343338
dbpedia_30541,metacritic_7401,0.988386332988739
dbpedia_14093,metacritic_333,0.913687229156494
dbpedia_47166,metacritic_4803,0.9232414960861206
dbpedia_32666,metacritic_1650,0.9352474212646484
dbpedia_7025,metacritic_16648,0.977436900138855
dbpedia_28846,metacritic_9340,0.9637146592140198
dbpedia_45012,metacritic_5935,0.915972113609314
dbpedia_45711,metacritic_3773,0.9223570823669434
dbpedia_23210,metacritic_15506,0.993675172328949
dbpedia_34433,metacritic_12723,0.931971549987793
dbpedia_11503,metacritic_5726,0.9818353652954102
dbpedia_50556,metacritic_5230,0.998310089111328
dbpedia_28566,metacritic_1345,0.9736844301223756
dbpedia_34162,metacritic_8091,0.9874846339225768
dbpedia_20727,metacritic_149,0.9678663611412048
dbpedia_36967,metacritic_11985,0.9255871176719666
dbpedia_45557,metacritic_13765,0.987217366695404
dbpedia_51128,metacritic_73,0.9399765133857728
dbpedia_26902,metacritic_10147,0.9493826031684875
dbpedia_29278,metacritic_11759,0.9999061822891236
dbpedia_20723,metacritic_2223,0.9623500108718872
dbpedia_62797,metacritic_3507,0.991872489452362
dbpedia_39214,metacritic_6242,0.9301798939704896
dbpedia_29064,metacritic_1675,0.98165363073349
dbpedia_15030,metacritic_1210,0.9708074331283568
dbpedia_2979,metacritic_13473,0.9270416498184204
dbpedia_10659,metacritic_17254,0.99422425031662
dbpedia_21506,metacritic_1413,0.976848602294922
dbpedia_31377,metacritic_5705,0.92548805475235
dbpedia_38025,metacritic_19696,0.967752993106842
dbpedia_18540,metacritic_18150,0.9304133653640748
dbpedia_22291,metacritic_16052,0.9954462051391602
dbpedia_5542,metacritic_11629,0.9792321920394896
dbpedia_51856,metacritic_13896,0.9997326731681824
dbpedia_58738,metacritic_5562,0.9561082720756532
dbpedia_13245,metacritic_11658,0.9785181283950806
dbpedia_39185,metacritic_6176,0.9925952553749084
dbpedia_21962,metacritic_3626,0.9969574213027954
dbpedia_20329,metacritic_647,0.9310330748558044
dbpedia_2798,metacritic_4025,0.9821297526359558
dbpedia_27237,metacritic_19046,0.9813709855079652
dbpedia_26193,metacritic_7027,0.9991907477378844
dbpedia_64280,metacritic_11088,0.931971549987793
dbpedia_4820,metacritic_15647,0.9521531462669371
dbpedia_49904,metacritic_9192,0.936616063117981
dbpedia_9541,metacritic_1952,0.9826093912124634
dbpedia_33238,metacritic_13758,0.99690043926239
dbpedia_53814,metacritic_17514,0.9074572920799256
dbpedia_21123,metacritic_3900,0.9902978539466858
dbpedia_54065,metacritic_3449,0.918803095817566
dbpedia_16523,metacritic_13589,0.9531586170196532
dbpedia_35340,metacritic_2203,0.9999001026153564
dbpedia_20136,metacritic_5749,0.965870440006256
dbpedia_8717,metacritic_13199,0.9963626265525818
dbpedia_14296,metacritic_19516,0.9489125609397888
dbpedia_22770,metacritic_4368,0.936616063117981
dbpedia_35098,metacritic_4758,0.9757000207901
dbpedia_13507,metacritic_9561,0.999300479888916
dbpedia_10327,metacritic_3884,0.9347413182258606
dbpedia_33186,metacritic_5020,0.9888086915016174
dbpedia_21304,metacritic_12592,0.9998936653137208
dbpedia_6631,metacritic_6264,0.9683713912963868
dbpedia_4037,metacritic_1590,0.9294057488441468
dbpedia_11212,metacritic_8324,0.9604711532592772
dbpedia_29064,metacritic_3260,0.9979615211486816
dbpedia_64830,metacritic_18838,0.989664614200592
dbpedia_32193,metacritic_5933,0.9991692304611206
dbpedia_28566,metacritic_575,0.9736844301223756
dbpedia_51268,metacritic_7163,0.9241583943367004
dbpedia_41469,metacritic_3973,0.9784784317016602
dbpedia_62797,metacritic_6337,0.9972755312919616
dbpedia_7075,metacritic_13090,0.9936665892601012
dbpedia_17282,metacritic_653,0.9591527581214904
dbpedia_25852,metacritic_7311,0.9852932095527648
dbpedia_58784,metacritic_13706,0.937587320804596
dbpedia_21169,metacritic_17083,0.9992890357971193
dbpedia_3264,metacritic_8341,0.9994290471076964
dbpedia_38901,metacritic_17331,0.9585364460945128
dbpedia_16648,metacritic_1553,0.9992227554321288
dbpedia_36813,metacritic_5078,0.9696782231330872
dbpedia_50115,metacritic_3943,0.9598261713981628
dbpedia_31822,metacritic_17514,0.9340391159057616
dbpedia_5586,metacritic_7876,0.9535807371139526
dbpedia_9492,metacritic_11428,0.9591527581214904
dbpedia_24018,metacritic_16800,0.992388904094696
dbpedia_64095,metacritic_2663,0.956532061100006
dbpedia_17727,metacritic_13331,0.9332375526428224
dbpedia_26724,metacritic_13676,0.9808896780014038
dbpedia_19895,metacritic_7936,0.97734534740448
dbpedia_33615,metacritic_20043,0.9999613761901855
dbpedia_26654,metacritic_19782,0.9979448914527892
dbpedia_3961,metacritic_6525,0.960218071937561
dbpedia_12930,metacritic_13250,0.9457703828811646
dbpedia_40849,metacritic_7410,0.9883978962898254
dbpedia_13039,metacritic_11144,0.9996398687362672
dbpedia_30296,metacritic_3473,0.9042402505874634
dbpedia_14259,metacritic_11578,0.9988583326339722
dbpedia_6576,metacritic_8776,0.9760258197784424
dbpedia_35581,metacritic_3719,0.995627760887146
dbpedia_30395,metacritic_10151,0.999891757965088
dbpedia_40753,metacritic_12493,0.931971549987793
dbpedia_40137,metacritic_10775,0.9323753714561462
dbpedia_13150,metacritic_4350,0.9532414674758912
dbpedia_26281,metacritic_14311,0.9009429812431335
dbpedia_32149,metacritic_3714,0.9960684776306152
dbpedia_13918,metacritic_20462,0.9998422861099244
dbpedia_5540,metacritic_10612,0.9751046895980836
dbpedia_13245,metacritic_10885,0.9785181283950806
dbpedia_17536,metacritic_17514,0.9074572920799256
dbpedia_1051,metacritic_1110,0.9145214557647704
dbpedia_56581,metacritic_4247,0.9796320796012878
dbpedia_33713,metacritic_6324,0.9723734259605408
dbpedia_7581,metacritic_6728,0.997941792011261
dbpedia_14734,metacritic_11826,0.999355971813202
dbpedia_29671,metacritic_11598,0.9914582371711732
dbpedia_11168,metacritic_12308,0.92548805475235
dbpedia_27144,metacritic_6932,0.9762946963310242
dbpedia_6558,metacritic_5926,0.941364288330078
dbpedia_40156,metacritic_15674,0.999778926372528
dbpedia_21975,metacritic_11929,0.9273325204849244
dbpedia_24538,metacritic_7714,0.9658446311950684
dbpedia_19820,metacritic_4450,0.9223974347114564
dbpedia_23008,metacritic_7786,0.9129955768585204
dbpedia_37772,metacritic_10713,0.9456580281257628
dbpedia_2201,metacritic_9596,0.9044973850250244
dbpedia_811,metacritic_14255,0.999387264251709
dbpedia_28897,metacritic_15750,0.9577555060386658
dbpedia_4533,metacritic_16664,0.931971549987793
dbpedia_64346,metacritic_13676,0.9810922741889954
dbpedia_49039,metacritic_6755,0.9972737431526184
dbpedia_64649,metacritic_16996,0.9305548071861268
dbpedia_33972,metacritic_13676,0.9849477410316468
dbpedia_27613,metacritic_4667,0.962554097175598
dbpedia_365,metacritic_12184,0.92548805475235
dbpedia_16212,metacritic_5506,0.9347330927848816
dbpedia_32341,metacritic_16664,0.9911956787109376
dbpedia_11471,metacritic_16913,0.912728190422058
dbpedia_35507,metacritic_15589,0.9852253794670104
dbpedia_26192,metacritic_19381,0.9982081651687622
dbpedia_13009,metacritic_19741,0.9454121589660645
dbpedia_14919,metacritic_6337,0.9229429364204408
dbpedia_33237,metacritic_1814,0.9168035984039308
dbpedia_6006,metacritic_16729,0.9567058086395264
dbpedia_5770,metacritic_4551,0.9851039052009584
dbpedia_61976,metacritic_2467,0.9801619052886964
dbpedia_8017,metacritic_7027,0.964905321598053
dbpedia_4723,metacritic_5201,0.9157838225364684
dbpedia_8505,metacritic_16926,0.9725673198699952
dbpedia_33246,metacritic_16073,0.9963239431381226
dbpedia_62732,metacritic_15739,0.9297683238983154
dbpedia_4657,metacritic_9709,0.994521141052246
dbpedia_37979,metacritic_10475,0.9768773317337036
dbpedia_47012,metacritic_3884,0.9347413182258606
dbpedia_4128,metacritic_2716,0.992388904094696
dbpedia_26412,metacritic_591,0.9817497730255128
dbpedia_45289,metacritic_1048,0.9208916425704956
dbpedia_56049,metacritic_2128,0.9889715313911438
dbpedia_25415,metacritic_17016,0.993675172328949
dbpedia_8756,metacritic_5307,0.9382926225662231
dbpedia_20701,metacritic_7906,0.9747280478477478
dbpedia_26193,metacritic_1856,0.9992461204528807
dbpedia_36206,metacritic_13547,0.9696605205535888
dbpedia_39204,metacritic_7302,0.9889715313911438
dbpedia_7504,metacritic_17598,0.9998051524162292
dbpedia_34150,metacritic_5679,0.9798511862754822
dbpedia_30428,metacritic_12447,0.9964481592178344
dbpedia_4013,metacritic_942,0.9864760041236876
dbpedia_7822,metacritic_18854,0.936616063117981
dbpedia_25712,metacritic_18716,0.936616063117981
dbpedia_14545,metacritic_16081,0.9995689988136292
dbpedia_437,metacritic_9763,0.9973201155662536
dbpedia_60880,metacritic_4029,0.9873589873313904
dbpedia_39082,metacritic_9174,0.9851678609848022
dbpedia_15967,metacritic_17041,0.9691140055656432
dbpedia_3264,metacritic_9623,0.9946868419647216
dbpedia_40137,metacritic_8231,0.9323753714561462
dbpedia_22410,metacritic_5561,0.9522985219955444
dbpedia_62891,metacritic_3218,0.9498285055160522
dbpedia_19252,metacritic_8035,0.9704301953315736
dbpedia_4820,metacritic_13174,0.9521531462669371
dbpedia_2376,metacritic_8615,0.9516963958740234
dbpedia_53070,metacritic_1260,0.9784784317016602
dbpedia_42922,metacritic_668,0.901344120502472
dbpedia_32276,metacritic_10156,0.9785740971565248
dbpedia_4171,metacritic_1952,0.9739027619361876
dbpedia_3107,metacritic_15608,0.987489640712738
dbpedia_48729,metacritic_18508,0.9762523174285888
dbpedia_7375,metacritic_17845,0.9952127933502196
dbpedia_28963,metacritic_14598,0.9180790185928344
dbpedia_11085,metacritic_12640,0.9963052272796632
dbpedia_487,metacritic_17514,0.9074572920799256
dbpedia_50556,metacritic_19707,0.977609157562256
dbpedia_56188,metacritic_15628,0.9605964422225952
dbpedia_43396,metacritic_443,0.92548805475235
dbpedia_3217,metacritic_3884,0.9347413182258606
dbpedia_58086,metacritic_19562,0.9985141158103944
dbpedia_43183,metacritic_9846,0.9311903715133668
dbpedia_20103,metacritic_2334,0.9600864052772522
dbpedia_61538,metacritic_2831,0.9524733424186708
dbpedia_43645,metacritic_16768,0.969029664993286
dbpedia_5743,metacritic_12340,0.9935595989227296
dbpedia_4790,metacritic_2931,0.9714925289154052
dbpedia_43228,metacritic_7577,0.965331256389618
dbpedia_10399,metacritic_16899,0.9205129742622375
dbpedia_41469,metacritic_3773,0.9784784317016602
dbpedia_8017,metacritic_1856,0.9672257900238036
dbpedia_2798,metacritic_3935,0.9866021871566772
dbpedia_43036,metacritic_13069,0.9696605205535888
dbpedia_21755,metacritic_2905,0.9561963081359864
dbpedia_49236,metacritic_17728,0.9232854843139648
dbpedia_18506,metacritic_15816,0.91574889421463
dbpedia_38848,metacritic_15586,0.9950950145721436
dbpedia_6990,metacritic_2371,0.99729186296463
dbpedia_55713,metacritic_19865,0.909221053123474
dbpedia_60352,metacritic_18524,0.940592348575592
dbpedia_7416,metacritic_4737,0.9793761968612672
dbpedia_12889,metacritic_8342,0.9986812472343444
dbpedia_4603,metacritic_9724,0.9535807371139526
dbpedia_5466,metacritic_18609,0.995771825313568
dbpedia_47211,metacritic_3797,0.9609604477882384
dbpedia_30972,metacritic_4513,0.992157220840454
dbpedia_1051,metacritic_951,0.9145214557647704
dbpedia_53576,metacritic_933,0.915178120136261
dbpedia_49863,metacritic_10348,0.991561472415924
dbpedia_51919,metacritic_12730,0.9864760041236876
dbpedia_33237,metacritic_2420,0.9354633092880248
dbpedia_39412,metacritic_8543,0.968864917755127
dbpedia_10775,metacritic_4122,0.9272578954696656
dbpedia_57973,metacritic_19843,0.9639756679534912
dbpedia_5770,metacritic_2589,0.9851039052009584
dbpedia_20489,metacritic_4891,0.9268035292625428
dbpedia_38425,metacritic_2909,0.9786842465400696
dbpedia_21955,metacritic_18209,0.9725673198699952
dbpedia_61107,metacritic_1885,0.987736165523529
dbpedia_62928,metacritic_11922,0.9621460437774658
dbpedia_4304,metacritic_15308,0.967752993106842
dbpedia_31530,metacritic_10225,0.9727963805198668
dbpedia_20917,metacritic_9951,0.9711394906044006
dbpedia_5970,metacritic_11185,0.9957446455955504
dbpedia_38958,metacritic_19685,0.9736844301223756
dbpedia_20902,metacritic_1102,0.9476748108863832
dbpedia_57492,metacritic_17133,0.9137361645698548
dbpedia_16206,metacritic_5726,0.9818353652954102
dbpedia_44576,metacritic_15205,0.9497579336166382
dbpedia_14204,metacritic_5486,0.9612261652946472
dbpedia_45646,metacritic_224,0.9476543664932252
dbpedia_46133,metacritic_7302,0.9239318370819092
dbpedia_45846,metacritic_19707,0.977609157562256
dbpedia_20701,metacritic_8225,0.9747280478477478
dbpedia_37669,metacritic_4891,0.909221053123474
dbpedia_59928,metacritic_17083,0.9686057567596436
dbpedia_32320,metacritic_3180,0.9609604477882384
dbpedia_46976,metacritic_5843,0.9999001026153564
dbpedia_38068,metacritic_6460,0.9534602165222168
dbpedia_14722,metacritic_4519,0.9725673198699952
dbpedia_50342,metacritic_16851,0.9046756029129028
dbpedia_5231,metacritic_7231,0.9992227554321288
dbpedia_48009,metacritic_10974,0.9696605205535888
dbpedia_36907,metacritic_15400,0.94879812002182
dbpedia_27092,metacritic_5843,0.9999001026153564
dbpedia_18317,metacritic_18789,0.983237326145172
dbpedia_37847,metacritic_2316,0.9177113175392152
dbpedia_45042,metacritic_9619,0.9935147762298584
dbpedia_49710,metacritic_9135,0.918975293636322
dbpedia_13311,metacritic_17435,0.969029664993286
dbpedia_669,metacritic_2337,0.9117426872253418
dbpedia_15966,metacritic_10828,0.9999897480010986
dbpedia_52569,metacritic_19516,0.9678549766540528
dbpedia_11626,metacritic_17610,0.9524682760238647
dbpedia_22544,metacritic_6308,0.9995049238204956
dbpedia_3498,metacritic_17083,0.9395962357521056
dbpedia_750,metacritic_17981,0.9583619236946106
dbpedia_3532,metacritic_13568,0.988804042339325
dbpedia_27336,metacritic_1222,0.9936763644218444
dbpedia_4256,metacritic_4478,0.9888086915016174
dbpedia_43633,metacritic_17131,0.9676326513290404
dbpedia_30088,metacritic_7310,0.9646359086036682
dbpedia_31375,metacritic_12508,0.9508047699928284
dbpedia_24232,metacritic_18150,0.9733054041862488
dbpedia_12885,metacritic_17444,0.9534602165222168
dbpedia_22279,metacritic_3478,0.9424176216125488
dbpedia_35610,metacritic_8994,0.996286392211914
dbpedia_58784,metacritic_13183,0.937587320804596
dbpedia_55824,metacritic_20467,0.9150674343109132
dbpedia_11890,metacritic_16526,0.9978824257850648
dbpedia_46600,metacritic_2421,0.9567058086395264
dbpedia_53050,metacritic_16526,0.9976627826690674
dbpedia_57769,metacritic_13943,0.9952154159545898
dbpedia_64716,metacritic_9086,0.9975345134735109
dbpedia_37248,metacritic_660,0.9280303120613098
dbpedia_46894,metacritic_14361,0.9357320666313172
dbpedia_5135,metacritic_15739,0.9297683238983154
dbpedia_7162,metacritic_1356,0.9721839427947998
dbpedia_8814,metacritic_3218,0.975575625896454
dbpedia_26412,metacritic_1178,0.9817497730255128
dbpedia_55494,metacritic_3714,0.9960684776306152
dbpedia_4037,metacritic_4025,0.9817865490913392
dbpedia_39383,metacritic_18571,0.9998089671134948
dbpedia_48910,metacritic_13108,0.971287965774536
dbpedia_56736,metacritic_20430,0.989440143108368
dbpedia_34111,metacritic_3020,0.9718866348266602
dbpedia_2798,metacritic_1590,0.9294057488441468
dbpedia_33808,metacritic_9137,0.9819316864013672
dbpedia_532,metacritic_14233,0.981027603149414
dbpedia_28915,metacritic_14727,0.9074696898460388
dbpedia_11186,metacritic_8525,0.9593669772148132
dbpedia_47644,metacritic_8816,0.999403953552246
dbpedia_37648,metacritic_5843,0.9999001026153564
dbpedia_62848,metacritic_1382,0.9812324047088624
dbpedia_16981,metacritic_3506,0.9992227554321288
dbpedia_13538,metacritic_5094,0.9640793800354004
dbpedia_10935,metacritic_1952,0.9826093912124634
dbpedia_14218,metacritic_12308,0.9489125609397888
dbpedia_21546,metacritic_14868,0.9575855135917664
dbpedia_33029,metacritic_5592,0.9646677374839784
dbpedia_38762,metacritic_1382,0.9534602165222168
dbpedia_56575,metacritic_7469,0.9076212644577026
dbpedia_1851,metacritic_5561,0.986567497253418
dbpedia_12663,metacritic_16385,0.9965153932571412
dbpedia_12264,metacritic_4029,0.9953269958496094
dbpedia_31207,metacritic_6997,0.9719005823135376
dbpedia_32946,metacritic_312,0.9962170720100404
dbpedia_46258,metacritic_9859,0.9232414960861206
dbpedia_39111,metacritic_11922,0.9846178293228148
dbpedia_35544,metacritic_3714,0.9960684776306152
dbpedia_14066,metacritic_19353,0.9733040928840636
dbpedia_38019,metacritic_18543,0.9945862293243408
dbpedia_31141,metacritic_10874,0.9031862616539
dbpedia_811,metacritic_11623,0.999387264251709
dbpedia_59469,metacritic_8878,0.9645690321922302
dbpedia_56370,metacritic_1279,0.9953346848487854
dbpedia_50194,metacritic_16913,0.912728190422058
dbpedia_1851,metacritic_6426,0.986567497253418
dbpedia_4565,metacritic_3031,0.99433171749115
dbpedia_38166,metacritic_14727,0.945807695388794
dbpedia_37067,metacritic_503,0.9978094696998596
dbpedia_29849,metacritic_17814,0.9422012567520142
dbpedia_61143,metacritic_7785,0.919551432132721
dbpedia_30931,metacritic_8609,0.9986978769302368
dbpedia_52630,metacritic_14721,0.9633670449256896
dbpedia_17214,metacritic_19353,0.9748313426971436
dbpedia_50634,metacritic_19279,0.9614193439483644
dbpedia_39214,metacritic_9570,0.9301798939704896
dbpedia_24381,metacritic_6909,0.9157838225364684
dbpedia_17160,metacritic_18311,0.9343851208686828
dbpedia_55860,metacritic_3379,0.95330810546875
dbpedia_5860,metacritic_13186,0.996793806552887
dbpedia_34522,metacritic_11964,0.9978469610214232
dbpedia_6558,metacritic_6308,0.9779319167137146
dbpedia_46476,metacritic_2791,0.9645690321922302
dbpedia_33575,metacritic_9741,0.951736569404602
dbpedia_52684,metacritic_19658,0.9934317469596864
dbpedia_13490,metacritic_10941,0.9466750621795654
dbpedia_45306,metacritic_14624,0.9506016373634338
dbpedia_4437,metacritic_1909,0.9731863141059875
dbpedia_58322,metacritic_13968,0.9401272535324096
dbpedia_12338,metacritic_10641,0.9639756679534912
dbpedia_24753,metacritic_333,0.920133411884308
dbpedia_14265,metacritic_13845,0.9577553868293762
dbpedia_53864,metacritic_20457,0.967752993106842
dbpedia_50249,metacritic_2768,0.958325445652008
dbpedia_5410,metacritic_9135,0.918975293636322
dbpedia_1594,metacritic_8727,0.9990791082382202
dbpedia_18034,metacritic_5648,0.9867357611656188
dbpedia_396,metacritic_204,0.9170233011245728
dbpedia_5951,metacritic_19449,0.9963626265525818
dbpedia_23647,metacritic_10151,0.999875545501709
dbpedia_27663,metacritic_3751,0.972055196762085
dbpedia_50942,metacritic_12150,0.9007091522216797
dbpedia_41469,metacritic_3905,0.9784784317016602
dbpedia_62390,metacritic_3787,0.9840211272239684
dbpedia_13978,metacritic_13356,0.945822775363922
dbpedia_38724,metacritic_5744,0.9432727694511414
dbpedia_11186,metacritic_8272,0.9729167819023132
dbpedia_4820,metacritic_13137,0.9521531462669371
dbpedia_4990,metacritic_9181,0.936616063117981
dbpedia_50562,metacritic_4708,0.9294057488441468
dbpedia_31730,metacritic_9232,0.9628246426582336
dbpedia_13373,metacritic_14147,0.9714772701263428
dbpedia_18033,metacritic_8135,0.931971549987793
dbpedia_11378,metacritic_1266,0.9681620597839355
dbpedia_12614,metacritic_6739,0.9364428520202636
dbpedia_14184,metacritic_16529,0.9825363159179688
dbpedia_6010,metacritic_9101,0.9410701394081116
dbpedia_45042,metacritic_9031,0.9935147762298584
dbpedia_43899,metacritic_1577,0.9827699661254884
dbpedia_18718,metacritic_865,0.9162875413894652
dbpedia_12681,metacritic_5234,0.9740067720413208
dbpedia_6620,metacritic_18315,0.915972113609314
dbpedia_41600,metacritic_16445,0.965837836265564
dbpedia_2201,metacritic_4580,0.9044973850250244
dbpedia_40157,metacritic_6920,0.9594497084617616
dbpedia_45387,metacritic_16281,0.98165363073349
dbpedia_40616,metacritic_3124,0.958325445652008
dbpedia_12626,metacritic_9311,0.936616063117981
dbpedia_22154,metacritic_10054,0.936616063117981
dbpedia_11199,metacritic_11867,0.9723762273788452
dbpedia_1223,metacritic_2831,0.944865882396698
dbpedia_37444,metacritic_4706,0.9677219986915588
dbpedia_56157,metacritic_12110,0.9960120916366576
dbpedia_38429,metacritic_19977,0.9497631192207336
dbpedia_5542,metacritic_10010,0.9792321920394896
dbpedia_39247,metacritic_3480,0.992324948310852
dbpedia_5420,metacritic_16759,0.9879093766212464
dbpedia_4037,metacritic_2252,0.9624569416046144
dbpedia_12149,metacritic_17172,0.9978824257850648
dbpedia_19603,metacritic_6909,0.9157838225364684
dbpedia_18982,metacritic_14944,0.936616063117981
dbpedia_2798,metacritic_2252,0.963150680065155
dbpedia_23667,metacritic_16308,0.9623500108718872
dbpedia_12663,metacritic_17325,0.9965153932571412
dbpedia_43032,metacritic_8445,0.9918322563171388
dbpedia_29064,metacritic_2351,0.9979615211486816
dbpedia_19583,metacritic_12902,0.9945552349090576
dbpedia_49827,metacritic_12199,0.9826797246932985
dbpedia_27513,metacritic_12110,0.9955500364303588
dbpedia_25415,metacritic_15506,0.993675172328949
dbpedia_36862,metacritic_12902,0.9945552349090576
dbpedia_35320,metacritic_9859,0.9232414960861206
dbpedia_54699,metacritic_10486,0.9869024753570556
dbpedia_7091,metacritic_11375,0.9997925162315368
dbpedia_8328,metacritic_4340,0.9294057488441468
dbpedia_51897,metacritic_12591,0.956870138645172
dbpedia_30100,metacritic_18301,0.9874683618545532
dbpedia_14157,metacritic_12150,0.9007091522216797
dbpedia_37534,metacritic_10108,0.9332187175750732
dbpedia_42187,metacritic_1611,0.936616063117981
dbpedia_44576,metacritic_14282,0.9673005938529968
dbpedia_20735,metacritic_5852,0.9374136328697203
dbpedia_24971,metacritic_18150,0.9733054041862488
dbpedia_10182,metacritic_2650,0.9332375526428224
dbpedia_29811,metacritic_12618,0.9992501139640808
dbpedia_16235,metacritic_4579,0.997531235218048
dbpedia_29394,metacritic_405,0.9307368993759156
dbpedia_33186,metacritic_4478,0.9759544730186462
dbpedia_31906,metacritic_18246,0.9750194549560548
dbpedia_27500,metacritic_10475,0.9891747236251832
dbpedia_60747,metacritic_12112,0.9009708762168884
dbpedia_19080,metacritic_6494,0.9251171350479126
dbpedia_8946,metacritic_14581,0.92548805475235
dbpedia_34078,metacritic_7379,0.9917078614234924
dbpedia_21945,metacritic_11095,0.9936624765396118
dbpedia_3596,metacritic_17019,0.9304133653640748
dbpedia_22544,metacritic_3745,0.9986345171928406
dbpedia_217,metacritic_9435,0.936616063117981
dbpedia_63525,metacritic_9859,0.9232414960861206
dbpedia_62854,metacritic_17821,0.9996023774147034
dbpedia_1051,metacritic_4261,0.9088210463523864
dbpedia_18663,metacritic_8445,0.9499361515045166
dbpedia_13226,metacritic_12150,0.9007091522216797
dbpedia_21962,metacritic_4769,0.9969574213027954
dbpedia_32452,metacritic_19448,0.967752993106842
dbpedia_6558,metacritic_3745,0.941364288330078
dbpedia_44041,metacritic_8447,0.9950382113456726
dbpedia_48952,metacritic_4706,0.9699819684028624
dbpedia_26927,metacritic_4029,0.9873589873313904
dbpedia_33237,metacritic_8637,0.9354633092880248
dbpedia_1715,metacritic_8090,0.985471248626709
dbpedia_16509,metacritic_847,0.9722573161125184
dbpedia_28921,metacritic_10486,0.9869024753570556
dbpedia_40375,metacritic_10151,0.9998189806938172
dbpedia_9035,metacritic_15822,0.9944861531257628
dbpedia_11680,metacritic_3714,0.9914809465408324
dbpedia_26111,metacritic_2772,0.9819056987762452
dbpedia_36443,metacritic_7748,0.9983092546463012
dbpedia_33302,metacritic_7125,0.909221053123474
dbpedia_13538,metacritic_14433,0.9640793800354004
dbpedia_4968,metacritic_16136,0.914367139339447
dbpedia_50562,metacritic_1590,0.9294057488441468
dbpedia_41843,metacritic_12654,0.9910242557525636
dbpedia_3032,metacritic_9848,0.9108880758285522
dbpedia_27319,metacritic_11568,0.9268035292625428
dbpedia_2306,metacritic_5846,0.9305548071861268
dbpedia_40643,metacritic_16778,0.9906851649284364
dbpedia_28566,metacritic_928,0.9736844301223756
dbpedia_993,metacritic_405,0.9524121284484864
dbpedia_18718,metacritic_654,0.9162875413894652
dbpedia_18841,metacritic_376,0.942173957824707
dbpedia_36100,metacritic_3218,0.9751097559928894
dbpedia_31735,metacritic_1030,0.9991080164909364
dbpedia_3032,metacritic_13367,0.9108880758285522
dbpedia_23016,metacritic_20076,0.9918906688690186
dbpedia_1848,metacritic_828,0.904115617275238
dbpedia_30819,metacritic_19167,0.9518401026725768
dbpedia_18248,metacritic_4891,0.9268035292625428
dbpedia_26216,metacritic_12131,0.9295783638954164
dbpedia_44107,metacritic_3218,0.9751097559928894
dbpedia_28177,metacritic_16003,0.9865955114364624
dbpedia_38657,metacritic_4321,0.9567058086395264
dbpedia_2610,metacritic_10555,0.9197720289230348
dbpedia_26045,metacritic_15327,0.9632545113563538
dbpedia_40950,metacritic_13250,0.9457703828811646
dbpedia_12165,metacritic_1994,0.9180314540863036
dbpedia_12663,metacritic_16756,0.9965153932571412
dbpedia_12905,metacritic_15674,0.992385983467102
dbpedia_20067,metacritic_1452,0.957064151763916
dbpedia_63823,metacritic_14873,0.9932330250740052
dbpedia_46163,metacritic_13322,0.9328736662864684
dbpedia_6103,metacritic_12447,0.914060652256012
dbpedia_15470,metacritic_8609,0.923018991947174
dbpedia_10267,metacritic_766,0.92548805475235
dbpedia_49240,metacritic_10447,0.9645690321922302
dbpedia_5447,metacritic_2542,0.9609604477882384
dbpedia_43752,metacritic_19353,0.966269850730896
dbpedia_33296,metacritic_10154,0.9737828969955444
dbpedia_55886,metacritic_16885,0.9117990732192992
dbpedia_44213,metacritic_359,0.9826797246932985
dbpedia_14205,metacritic_8472,0.9572108387947084
dbpedia_35470,metacritic_4766,0.969029664993286
dbpedia_50988,metacritic_18207,0.995392084121704
dbpedia_23394,metacritic_18416,0.9450712203979492
dbpedia_11834,metacritic_5654,0.9128310680389404
dbpedia_33332,metacritic_11557,0.9917407035827636
dbpedia_50252,metacritic_18525,0.9034914970397948
dbpedia_14846,metacritic_13411,0.967752993106842
dbpedia_48494,metacritic_19353,0.9765199422836304
dbpedia_28931,metacritic_19353,0.9765199422836304
dbpedia_40152,metacritic_18049,0.9804707765579224
dbpedia_6214,metacritic_18854,0.936616063117981
dbpedia_60990,metacritic_12186,0.9999136924743652
dbpedia_16020,metacritic_11096,0.9911710619926452
dbpedia_44829,metacritic_450,0.9911803603172302
dbpedia_33237,metacritic_7804,0.9354633092880248
dbpedia_3264,metacritic_9933,0.9994290471076964
dbpedia_1010,metacritic_16081,0.9995689988136292
dbpedia_1223,metacritic_5668,0.944865882396698
dbpedia_39169,metacritic_19353,0.970307230949402
dbpedia_16981,metacritic_4221,0.9992227554321288
dbpedia_29671,metacritic_8816,0.9767717719078064
dbpedia_59866,metacritic_8135,0.9580506086349488
dbpedia_58841,metacritic_847,0.9705080986022948
dbpedia_15683,metacritic_7349,0.9807912111282348
dbpedia_52668,metacritic_12605,0.9633100628852844
dbpedia_17608,metacritic_17770,0.9791204929351808
dbpedia_15920,metacritic_12902,0.9912564754486084
dbpedia_23495,metacritic_14456,0.9963626265525818
dbpedia_33281,metacritic_13234,0.9609604477882384
dbpedia_33739,metacritic_13834,0.9401272535324096
dbpedia_39687,metacritic_1952,0.9976643323898317
dbpedia_35440,metacritic_16857,0.9498369097709656
dbpedia_6219,metacritic_1130,0.935373067855835
dbpedia_8328,metacritic_4025,0.9294057488441468
dbpedia_13151,metacritic_8197,0.9205129742622375
dbpedia_63716,metacritic_15327,0.931971549987793
dbpedia_18665,metacritic_2581,0.9567058086395264
dbpedia_11186,metacritic_9926,0.9593669772148132
dbpedia_25926,metacritic_376,0.920133411884308
dbpedia_27222,metacritic_791,0.9398208856582642
dbpedia_52605,metacritic_3750,0.9998915195465088
dbpedia_51905,metacritic_2755,0.9998270869255066
dbpedia_55855,metacritic_10486,0.9869024753570556
dbpedia_3264,metacritic_10159,0.9946868419647216
dbpedia_62258,metacritic_7374,0.9376583099365234
dbpedia_12419,metacritic_4886,0.9936116337776184
dbpedia_31474,metacritic_6132,0.9911386370658876
dbpedia_52267,metacritic_2716,0.9969724416732788
dbpedia_8814,metacritic_4729,0.9751097559928894
dbpedia_20092,metacritic_9643,0.9683544039726256
dbpedia_3520,metacritic_11737,0.9600864052772522
dbpedia_30100,metacritic_16768,0.9874683618545532
dbpedia_3462,metacritic_7640,0.9751346111297609
dbpedia_24610,metacritic_855,0.977200210094452
dbpedia_9965,metacritic_19448,0.936616063117981
dbpedia_2376,metacritic_6769,0.9516963958740234
dbpedia_18948,metacritic_529,0.9778447151184082
dbpedia_11186,metacritic_8838,0.9729167819023132
dbpedia_25386,metacritic_9552,0.957665741443634
dbpedia_54453,metacritic_5981,0.9829246401786804
dbpedia_62205,metacritic_3421,0.9910475611686708
dbpedia_2229,metacritic_14944,0.965331256389618
dbpedia_43909,metacritic_4513,0.992157220840454
dbpedia_37612,metacritic_16368,0.9314925074577332
dbpedia_59779,metacritic_6257,0.9434151649475098
dbpedia_47673,metacritic_17275,0.998537302017212
dbpedia_60331,metacritic_2796,0.95546692609787
dbpedia_10085,metacritic_14624,0.9506016373634338
dbpedia_10872,metacritic_5031,0.9853229522705078
dbpedia_207,metacritic_11345,0.967752993106842
dbpedia_3955,metacritic_357,0.9872631430625916
dbpedia_20942,metacritic_20271,0.9218788743019104
dbpedia_17648,metacritic_6644,0.9759544730186462
dbpedia_50988,metacritic_14868,0.9980338215827942
dbpedia_29328,metacritic_3304,0.9912545680999756
dbpedia_37241,metacritic_565,0.945439875125885
dbpedia_17377,metacritic_4890,0.996208667755127
dbpedia_47320,metacritic_5238,0.9895337224006652
dbpedia_35296,metacritic_737,0.9402109384536744
dbpedia_29567,metacritic_8154,0.9457231760025024
dbpedia_58916,metacritic_1966,0.9273648858070374
dbpedia_31643,metacritic_15078,0.9580506086349488
dbpedia_751,metacritic_16648,0.977436900138855
dbpedia_28724,metacritic_4075,0.9314925074577332
dbpedia_2998,metacritic_19977,0.9497631192207336
dbpedia_12165,metacritic_2484,0.9180314540863036
dbpedia_10662,metacritic_11297,0.9544881582260132
dbpedia_20728,metacritic_2024,0.9216296076774596
dbpedia_18784,metacritic_18159,0.9945552349090576
dbpedia_22780,metacritic_286,0.9280303120613098
dbpedia_3332,metacritic_19322,0.94583660364151
dbpedia_25260,metacritic_6685,0.9673826098442078
dbpedia_21546,metacritic_19117,0.9575855135917664
dbpedia_16224,metacritic_2143,0.931971549987793
dbpedia_11319,metacritic_8215,0.9066823720932008
dbpedia_58215,metacritic_6505,0.9449670910835266
dbpedia_148,metacritic_12275,0.9866213798522948
dbpedia_50166,metacritic_12902,0.945000171661377
dbpedia_3689,metacritic_8547,0.9632777571678162
dbpedia_57769,metacritic_11682,0.9952154159545898
dbpedia_26001,metacritic_12878,0.9619706273078918
dbpedia_64338,metacritic_16526,0.9976627826690674
dbpedia_18014,metacritic_17348,0.9131810665130616
dbpedia_28431,metacritic_975,0.9979209303855896
dbpedia_30410,metacritic_7917,0.9996023774147034
dbpedia_17637,metacritic_15990,0.9884157180786132
dbpedia_37085,metacritic_19448,0.967752993106842
dbpedia_20469,metacritic_18508,0.9623500108718872
dbpedia_64262,metacritic_11443,0.9399765133857728
dbpedia_19552,metacritic_16383,0.9654408097267152
dbpedia_43645,metacritic_17435,0.969029664993286
dbpedia_8912,metacritic_12846,0.997531235218048
dbpedia_6087,metacritic_405,0.9488990306854248
dbpedia_37608,metacritic_1294,0.954956829547882
dbpedia_25150,metacritic_18246,0.9802966117858888
dbpedia_37570,metacritic_1158,0.971764326095581
dbpedia_8202,metacritic_5843,0.9999001026153564
dbpedia_63772,metacritic_11759,0.931971549987793
dbpedia_1203,metacritic_17019,0.9733054041862488
dbpedia_38105,metacritic_2312,0.995131492614746
dbpedia_45770,metacritic_3861,0.9399292469024658
dbpedia_4988,metacritic_3585,0.9644739031791688
dbpedia_2193,metacritic_14410,0.9914878606796264
dbpedia_30127,metacritic_6346,0.9645869135856628
dbpedia_33979,metacritic_18298,0.9398123621940612
dbpedia_33728,metacritic_2277,0.982608437538147
dbpedia_33237,metacritic_3351,0.9354633092880248
dbpedia_55658,metacritic_7368,0.999578058719635
dbpedia_5231,metacritic_4340,0.9294057488441468
dbpedia_62891,metacritic_4729,0.9751097559928894
dbpedia_1928,metacritic_15359,0.9427388310432434
dbpedia_35579,metacritic_7095,0.9610530138015748
dbpedia_47324,metacritic_19830,0.9619934558868408
dbpedia_25069,metacritic_5843,0.9999001026153564
dbpedia_11824,metacritic_18311,0.9343851208686828
dbpedia_17316,metacritic_2716,0.9969724416732788
dbpedia_36100,metacritic_4729,0.9751097559928894
dbpedia_32032,metacritic_303,0.9537480473518372
dbpedia_11186,metacritic_7087,0.9593669772148132
dbpedia_18718,metacritic_3559,0.9106934070587158
dbpedia_14189,metacritic_386,0.9957782030105592
dbpedia_5961,metacritic_12902,0.945000171661377
dbpedia_29697,metacritic_4390,0.92548805475235
dbpedia_56542,metacritic_16297,0.936616063117981
dbpedia_44107,metacritic_4729,0.9751097559928894
dbpedia_61538,metacritic_5668,0.9524733424186708
dbpedia_2376,metacritic_9365,0.9516963958740234
dbpedia_21450,metacritic_5546,0.9811541438102722
dbpedia_15334,metacritic_15644,0.9126973748207092
dbpedia_54029,metacritic_15674,0.9967455863952636
dbpedia_46246,metacritic_6484,0.9843265414237976
dbpedia_8118,metacritic_1130,0.935373067855835
dbpedia_60498,metacritic_4693,0.9518401026725768
dbpedia_38084,metacritic_17275,0.9983854293823242
dbpedia_43114,metacritic_1992,0.9018139839172364
dbpedia_18173,metacritic_18957,0.9811044931411744
dbpedia_14433,metacritic_14350,0.9188947677612304
dbpedia_12841,metacritic_11073,0.9108880758285522
dbpedia_30088,metacritic_3776,0.9646359086036682
dbpedia_46456,metacritic_1297,0.9392842054367064
dbpedia_25439,metacritic_5839,0.9654408097267152
dbpedia_52620,metacritic_18766,0.9428094029426576
dbpedia_4037,metacritic_3935,0.9817865490913392
dbpedia_26403,metacritic_2133,0.9952744245529176
dbpedia_20942,metacritic_15619,0.9548290967941284
dbpedia_18784,metacritic_12902,0.9945552349090576
dbpedia_43450,metacritic_10010,0.9792321920394896
dbpedia_33771,metacritic_6347,0.9914878606796264
dbpedia_17945,metacritic_6355,0.9907586574554444
dbpedia_6558,metacritic_6384,0.9934321045875548
dbpedia_25780,metacritic_2461,0.9180761575698853
dbpedia_24387,metacritic_3927,0.917894721031189
dbpedia_29894,metacritic_7314,0.997651994228363
dbpedia_41460,metacritic_9617,0.9374627470970154
dbpedia_55335,metacritic_10295,0.9526827931404114
dbpedia_19067,metacritic_1966,0.9273648858070374
dbpedia_5929,metacritic_17897,0.9969724416732788
dbpedia_5388,metacritic_19830,0.955452024936676
dbpedia_136,metacritic_1966,0.9314925074577332
dbpedia_39998,metacritic_9050,0.983237326145172
dbpedia_46242,metacritic_5011,0.9919387698173524
dbpedia_1442,metacritic_7127,0.996793806552887
dbpedia_43450,metacritic_11629,0.9792321920394896
dbpedia_29357,metacritic_17399,0.967752993106842
dbpedia_33163,metacritic_4478,0.9888086915016174
dbpedia_44262,metacritic_8445,0.995068907737732
dbpedia_32230,metacritic_4567,0.9960383176803588
dbpedia_40642,metacritic_5826,0.9882882833480836
dbpedia_42117,metacritic_5554,0.9593923091888428
dbpedia_46031,metacritic_1517,0.9897906184196472
dbpedia_53417,metacritic_3750,0.999868869781494
dbpedia_5196,metacritic_14632,0.9645654559135436
dbpedia_26184,metacritic_1675,0.9914878606796264
dbpedia_31379,metacritic_1260,0.9784784317016602
dbpedia_59443,metacritic_4478,0.9888086915016174
dbpedia_47644,metacritic_10977,0.9997839331626892
dbpedia_303,metacritic_10380,0.9273325204849244
dbpedia_45483,metacritic_98,0.9279312491416932
dbpedia_15418,metacritic_8277,0.936616063117981
dbpedia_20289,metacritic_4662,0.9984951019287108
dbpedia_3605,metacritic_1821,0.909221053123474
dbpedia_9267,metacritic_15873,0.936616063117981
dbpedia_25348,metacritic_8785,0.95939701795578
dbpedia_12170,metacritic_7229,0.97867751121521
dbpedia_23812,metacritic_1867,0.9920316934585572
dbpedia_17945,metacritic_831,0.9907586574554444
dbpedia_28029,metacritic_11737,0.968202829360962
dbpedia_1324,metacritic_5484,0.931971549987793
dbpedia_43795,metacritic_14727,0.9565431475639344
dbpedia_33877,metacritic_12618,0.9614422917366028
dbpedia_42963,metacritic_11653,0.9491890072822572
dbpedia_14270,metacritic_1966,0.9273648858070374
dbpedia_23495,metacritic_13199,0.9963626265525818
dbpedia_29128,metacritic_1966,0.9273648858070374
dbpedia_57561,metacritic_7036,0.950035274028778
dbpedia_2376,metacritic_6125,0.9516963958740234
dbpedia_34692,metacritic_2795,0.92548805475235
dbpedia_56483,metacritic_2831,0.944865882396698
dbpedia_14253,metacritic_7088,0.950310468673706
dbpedia_48647,metacritic_405,0.9770168662071228
dbpedia_1446,metacritic_19507,0.9972344040870668
dbpedia_42423,metacritic_489,0.993530809879303
dbpedia_33033,metacritic_6409,0.9710209369659424
dbpedia_33484,metacritic_1324,0.9296280145645142
dbpedia_6966,metacritic_1048,0.9560323357582092
dbpedia_3363,metacritic_567,0.9637270569801332
dbpedia_58034,metacritic_13557,0.9983092546463012
dbpedia_40642,metacritic_6409,0.9882882833480836
dbpedia_25780,metacritic_1621,0.9967485666275024
dbpedia_22803,metacritic_20428,0.9444919228553772
dbpedia_47426,metacritic_15506,0.9927034378051758
dbpedia_50786,metacritic_10440,0.9392505288124084
dbpedia_38694,metacritic_2143,0.9632545113563538
dbpedia_4037,metacritic_7231,0.9294057488441468
dbpedia_2857,metacritic_4886,0.9919387698173524
dbpedia_54718,metacritic_149,0.9678663611412048
dbpedia_44231,metacritic_17897,0.903480052947998
dbpedia_25565,metacritic_15400,0.9466643929481506
dbpedia_31783,metacritic_13686,0.9939822554588318
dbpedia_43189,metacritic_17283,0.9117990732192992
dbpedia_62431,metacritic_8547,0.965837836265564
dbpedia_42036,metacritic_8445,0.975095808506012
dbpedia_15013,metacritic_18361,0.9526827931404114
dbpedia_2257,metacritic_19008,0.931971549987793
dbpedia_12419,metacritic_3918,0.9936116337776184
dbpedia_22929,metacritic_19656,0.9511265754699708
dbpedia_60448,metacritic_8732,0.9436956644058228
dbpedia_30710,metacritic_15198,0.972456395626068
dbpedia_9735,metacritic_6617,0.9987645149230956
dbpedia_20921,metacritic_3981,0.954736590385437
dbpedia_18784,metacritic_11132,0.9945552349090576
dbpedia_58168,metacritic_4340,0.98465234041214
dbpedia_20370,metacritic_1130,0.9145657420158386
dbpedia_1066,metacritic_7622,0.978759467601776
dbpedia_5825,metacritic_18941,0.9452143311500548
dbpedia_23090,metacritic_1821,0.9623500108718872
dbpedia_51699,metacritic_4430,0.9928996562957764
dbpedia_23319,metacritic_19197,0.9996869564056396
dbpedia_62205,metacritic_7663,0.9245591163635254
dbpedia_10773,metacritic_847,0.9722573161125184
dbpedia_35844,metacritic_1782,0.9177113175392152
dbpedia_4877,metacritic_4702,0.9106934070587158
dbpedia_62205,metacritic_3815,0.995462954044342
dbpedia_52264,metacritic_19539,0.92548805475235
dbpedia_13272,metacritic_14381,0.9314925074577332
dbpedia_25055,metacritic_1952,0.9891349077224731
dbpedia_3499,metacritic_8785,0.9778447151184082
dbpedia_25888,metacritic_9695,0.9823458790779114
dbpedia_13164,metacritic_6249,0.9150594472885132
dbpedia_6109,metacritic_1363,0.9481823444366456
dbpedia_6467,metacritic_4034,0.9683902859687804
dbpedia_2361,metacritic_14159,0.9998358488082886
dbpedia_12905,metacritic_17678,0.992385983467102
dbpedia_63143,metacritic_7036,0.9210578203201294
dbpedia_13148,metacritic_5826,0.9864760041236876
dbpedia_62205,metacritic_5142,0.9910475611686708
dbpedia_9491,metacritic_14233,0.9504256844520568
dbpedia_52722,metacritic_7836,0.9157838225364684
dbpedia_8950,metacritic_5475,0.9996504783630372
dbpedia_26852,metacritic_11568,0.9717615246772766
dbpedia_30862,metacritic_9409,0.9429409503936768
dbpedia_36967,metacritic_7781,0.9255871176719666
dbpedia_8912,metacritic_6617,0.9447069764137268
dbpedia_12419,metacritic_3266,0.9936116337776184
dbpedia_8564,metacritic_14026,0.9157838225364684
dbpedia_63151,metacritic_5554,0.9593923091888428
dbpedia_29842,metacritic_3926,0.9692245125770568
dbpedia_47084,metacritic_12567,0.971206545829773
dbpedia_42608,metacritic_8878,0.9737828969955444
dbpedia_27007,metacritic_1306,0.9363955855369568
dbpedia_29939,metacritic_1517,0.9897906184196472
dbpedia_562,metacritic_7985,0.9991726279258728
dbpedia_53458,metacritic_1994,0.9165617823600768
dbpedia_13986,metacritic_20452,0.9409642815589904
dbpedia_4540,metacritic_16414,0.9999136924743652
dbpedia_42056,metacritic_19994,0.9598712921142578
dbpedia_46242,metacritic_4886,0.9372952580451964
dbpedia_24774,metacritic_8629,0.9088210463523864
dbpedia_1962,metacritic_4354,0.9152527451515198
dbpedia_43899,metacritic_2148,0.9077908992767334
dbpedia_1162,metacritic_5486,0.9612261652946472
dbpedia_26403,metacritic_18266,0.971764326095581
dbpedia_11186,metacritic_8712,0.9729167819023132
dbpedia_15606,metacritic_3218,0.9751097559928894
dbpedia_12305,metacritic_886,0.956532061100006
dbpedia_42395,metacritic_5554,0.9593923091888428
dbpedia_29344,metacritic_17674,0.9861663579940796
dbpedia_12149,metacritic_17680,0.9978824257850648
dbpedia_2701,metacritic_925,0.9645690321922302
dbpedia_5590,metacritic_17069,0.9046756029129028
dbpedia_55124,metacritic_9552,0.9994961023330688
dbpedia_8613,metacritic_6644,0.9910458922386168
dbpedia_9735,metacritic_8812,0.9987645149230956
dbpedia_15683,metacritic_10301,0.95939701795578
dbpedia_55417,metacritic_5475,0.9996504783630372
dbpedia_9516,metacritic_4847,0.9689835906028748
dbpedia_45042,metacritic_2534,0.98568195104599
dbpedia_31906,metacritic_19537,0.9750194549560548
dbpedia_23495,metacritic_12146,0.9963626265525818
dbpedia_53910,metacritic_18049,0.9804707765579224
dbpedia_27098,metacritic_410,0.915178120136261
dbpedia_41365,metacritic_8396,0.9314925074577332
dbpedia_37304,metacritic_7011,0.9729519486427308
dbpedia_2293,metacritic_8732,0.9615791440010072
dbpedia_16212,metacritic_1821,0.9623500108718872
dbpedia_29660,metacritic_925,0.9753427505493164
dbpedia_23010,metacritic_11917,0.9983232617378236
dbpedia_53116,metacritic_1299,0.92548805475235
dbpedia_46456,metacritic_511,0.9392842054367064
dbpedia_25888,metacritic_8727,0.9823458790779114
dbpedia_10780,metacritic_20072,0.9963874816894532
dbpedia_30552,metacritic_1324,0.934374213218689
dbpedia_9203,metacritic_18512,0.936616063117981
dbpedia_12841,metacritic_9467,0.9108880758285522
dbpedia_31803,metacritic_17188,0.9959133267402648
dbpedia_26628,metacritic_1992,0.9018139839172364
dbpedia_25045,metacritic_10769,0.958728849887848
dbpedia_54111,metacritic_17821,0.9996023774147034
dbpedia_41982,metacritic_20472,0.9999110698699952
dbpedia_47324,metacritic_19604,0.9971056580543518
dbpedia_5975,metacritic_13966,0.92548805475235
dbpedia_31839,metacritic_661,0.9950238466262816
dbpedia_12820,metacritic_3750,0.999868869781494
dbpedia_11956,metacritic_1992,0.9018139839172364
dbpedia_15221,metacritic_5974,0.9997125267982484
dbpedia_26465,metacritic_8547,0.9632777571678162
dbpedia_29719,metacritic_16463,0.9645690321922302
dbpedia_50881,metacritic_12618,0.9610376358032228
dbpedia_46991,metacritic_2130,0.999405026435852
dbpedia_26323,metacritic_6923,0.9613310098648072
dbpedia_46402,metacritic_5248,0.9025802612304688
dbpedia_5536,metacritic_13217,0.9809169173240662
dbpedia_28830,metacritic_15873,0.967752993106842
dbpedia_14146,metacritic_13557,0.9984682202339172
dbpedia_8912,metacritic_8812,0.9447069764137268
dbpedia_33051,metacritic_19685,0.9736844301223756
dbpedia_4159,metacritic_11985,0.9008648991584778
dbpedia_25203,metacritic_11917,0.9983232617378236
dbpedia_29239,metacritic_14616,0.980968177318573
dbpedia_46911,metacritic_17,0.9371885657310486
dbpedia_5978,metacritic_20,0.9244654774665833
dbpedia_61668,metacritic_17041,0.9207779765129088
dbpedia_53329,metacritic_5486,0.9612261652946472
dbpedia_29439,metacritic_14873,0.996809422969818
dbpedia_45042,metacritic_3397,0.98568195104599
dbpedia_47825,metacritic_6586,0.9682374596595764
dbpedia_844,metacritic_286,0.9722573161125184
dbpedia_28982,metacritic_244,0.985045611858368
dbpedia_23940,metacritic_20362,0.9751570224761964
dbpedia_19323,metacritic_1782,0.9128310680389404
dbpedia_61533,metacritic_20102,0.994362473487854
dbpedia_34959,metacritic_14946,0.9737828969955444
dbpedia_3494,metacritic_4886,0.9919387698173524
dbpedia_13538,metacritic_2275,0.9640793800354004
dbpedia_45630,metacritic_20,0.9392842054367064
dbpedia_22413,metacritic_3574,0.9831386804580688
dbpedia_7573,metacritic_6953,0.920236587524414
dbpedia_30100,metacritic_17435,0.9874683618545532
dbpedia_29671,metacritic_10977,0.9914582371711732
dbpedia_562,metacritic_12842,0.9834886193275452
dbpedia_36967,metacritic_8713,0.9255871176719666
dbpedia_6467,metacritic_7955,0.9978681802749634
dbpedia_1085,metacritic_4122,0.9021264910697936
dbpedia_20329,metacritic_7053,0.9310330748558044
dbpedia_2798,metacritic_7231,0.9294057488441468
dbpedia_63990,metacritic_13755,0.9128310680389404
dbpedia_52435,metacritic_7764,0.967752993106842
dbpedia_56483,metacritic_5668,0.944865882396698
dbpedia_21549,metacritic_11771,0.922648549079895
dbpedia_33022,metacritic_14862,0.9066823720932008
dbpedia_30088,metacritic_4515,0.9646359086036682
dbpedia_27431,metacritic_1751,0.9280112385749816
dbpedia_40427,metacritic_14740,0.936616063117981
dbpedia_45630,metacritic_1417,0.9392842054367064
dbpedia_11002,metacritic_1517,0.9576859474182128
dbpedia_599,metacritic_14557,0.9814260005950928
dbpedia_64301,metacritic_16648,0.977436900138855
dbpedia_7573,metacritic_9151,0.920236587524414
dbpedia_10778,metacritic_17848,0.9902978539466858
dbpedia_16142,metacritic_12618,0.9610376358032228
dbpedia_45042,metacritic_3596,0.98568195104599
dbpedia_117,metacritic_10938,0.9841379523277284
dbpedia_57754,metacritic_8,0.9927162528038024
dbpedia_22713,metacritic_18091,0.9029850959777832
dbpedia_41642,metacritic_567,0.9611687660217284
dbpedia_11186,metacritic_9809,0.9593669772148132
dbpedia_29266,metacritic_17897,0.9969724416732788
dbpedia_54029,metacritic_17678,0.9967455863952636
dbpedia_51311,metacritic_3961,0.9273648858070374
dbpedia_1780,metacritic_3750,0.996592342853546
dbpedia_52953,metacritic_7519,0.9985443353652954
dbpedia_26375,metacritic_5111,0.999930500984192
dbpedia_44697,metacritic_16067,0.9628246426582336
dbpedia_8328,metacritic_3935,0.9294057488441468
dbpedia_33625,metacritic_7127,0.9511265754699708
dbpedia_28756,metacritic_6721,0.9765266180038452
dbpedia_21506,metacritic_567,0.9611687660217284
dbpedia_63598,metacritic_2101,0.9950734972953796
dbpedia_59394,metacritic_1502,0.9495360851287842
dbpedia_7494,metacritic_2779,0.939655065536499
dbpedia_30407,metacritic_7368,0.9998291730880736
dbpedia_63063,metacritic_14557,0.9864528775215148
dbpedia_14,metacritic_5775,0.9394352436065674
dbpedia_13064,metacritic_14777,0.9953125715255736
dbpedia_27580,metacritic_13501,0.9735519886016846
dbpedia_10958,metacritic_13438,0.9535729289054872
dbpedia_35436,metacritic_20,0.9244654774665833
dbpedia_46416,metacritic_7519,0.9985443353652954
dbpedia_6342,metacritic_15212,0.9991726279258728
dbpedia_46246,metacritic_3916,0.9843265414237976
dbpedia_21919,metacritic_1884,0.9034914970397948
dbpedia_2917,metacritic_873,0.931971549987793
dbpedia_37474,metacritic_16628,0.9632545113563538
dbpedia_53458,metacritic_2484,0.9165617823600768
dbpedia_45042,metacritic_6604,0.98568195104599
dbpedia_19320,metacritic_9022,0.991139829158783
dbpedia_7342,metacritic_324,0.922322392463684
dbpedia_37067,metacritic_325,0.9978094696998596
dbpedia_3707,metacritic_9003,0.9998968839645386
dbpedia_28151,metacritic_11922,0.9621460437774658
dbpedia_7945,metacritic_17897,0.9969724416732788
dbpedia_57105,metacritic_9513,0.971287965774536
dbpedia_41695,metacritic_8944,0.990349054336548
dbpedia_29239,metacritic_12878,0.980968177318573
dbpedia_42447,metacritic_10961,0.9617335200309752
dbpedia_40764,metacritic_2255,0.9652616381645204
dbpedia_5590,metacritic_16851,0.9046756029129028
dbpedia_26538,metacritic_15581,0.987217366695404
dbpedia_46782,metacritic_2148,0.9662705063819884
dbpedia_26184,metacritic_2351,0.9991737008094788
dbpedia_40573,metacritic_20140,0.9561963081359864
dbpedia_2658,metacritic_10614,0.97085839509964
dbpedia_36938,metacritic_12618,0.9610376358032228
dbpedia_16527,metacritic_6808,0.910518229007721
dbpedia_2857,metacritic_2407,0.9877861738204956
dbpedia_50526,metacritic_20428,0.9444919228553772
dbpedia_9144,metacritic_2667,0.9660263061523438
dbpedia_9120,metacritic_19507,0.9965380430221558
dbpedia_4223,metacritic_3574,0.9789677262306212
dbpedia_31310,metacritic_671,0.9331406950950624
dbpedia_29939,metacritic_1150,0.9897906184196472
dbpedia_23782,metacritic_6400,0.9947351813316344
dbpedia_60038,metacritic_4390,0.92548805475235
dbpedia_38585,metacritic_19539,0.9497631192207336
dbpedia_1416,metacritic_7622,0.9730818867683412
dbpedia_8624,metacritic_3961,0.9273648858070374
dbpedia_15606,metacritic_4729,0.9751097559928894
dbpedia_22165,metacritic_5667,0.939655065536499
dbpedia_23133,metacritic_1782,0.9128310680389404
dbpedia_10820,metacritic_19434,0.9452143311500548
dbpedia_55271,metacritic_10435,0.972661793231964
dbpedia_50988,metacritic_19117,0.9980338215827942
dbpedia_10942,metacritic_5817,0.9992227554321288
dbpedia_8402,metacritic_3750,0.9957350492477416
dbpedia_26184,metacritic_3260,0.9991737008094788
dbpedia_22875,metacritic_14592,0.9630110263824464
dbpedia_10729,metacritic_2684,0.9994146823883056
dbpedia_45630,metacritic_20410,0.9392842054367064
dbpedia_39318,metacritic_3750,0.9957350492477416
dbpedia_22165,metacritic_5514,0.939655065536499
dbpedia_781,metacritic_3873,0.9561082720756532
dbpedia_25890,metacritic_12127,0.9735519886016846
dbpedia_15197,metacritic_147,0.9995911717414856
dbpedia_46031,metacritic_1150,0.9897906184196472
dbpedia_56494,metacritic_10238,0.9409642815589904
dbpedia_5445,metacritic_7869,0.9793761968612672
dbpedia_12149,metacritic_17787,0.9950382113456726
dbpedia_50562,metacritic_4340,0.9817865490913392
dbpedia_37067,metacritic_107,0.9978094696998596
dbpedia_53007,metacritic_15586,0.9925393462181092
dbpedia_26214,metacritic_13217,0.9797022938728333
dbpedia_14095,metacritic_13217,0.9797022938728333
dbpedia_11002,metacritic_1150,0.9576859474182128
dbpedia_39878,metacritic_19596,0.9542911052703856
dbpedia_50562,metacritic_7231,0.9294057488441468
dbpedia_47666,metacritic_9197,0.970331370830536
dbpedia_2940,metacritic_9003,0.9998968839645386
dbpedia_14602,metacritic_8812,0.9961773157119752
dbpedia_5445,metacritic_8944,0.9793761968612672
dbpedia_62261,metacritic_11759,0.9364428520202636
dbpedia_20728,metacritic_1835,0.9216296076774596
dbpedia_4011,metacritic_5620,0.931971549987793
dbpedia_64790,metacritic_20072,0.9983545541763306
dbpedia_62491,metacritic_3536,0.9696069955825806
dbpedia_18005,metacritic_12618,0.9610376358032228
dbpedia_15476,metacritic_15581,0.9948847889900208
dbpedia_46032,metacritic_12477,0.9534602165222168
dbpedia_40573,metacritic_20192,0.9561963081359864
dbpedia_2407,metacritic_304,0.9983092546463012
dbpedia_61786,metacritic_17274,0.9891291856765748
dbpedia_30410,metacritic_12070,0.9996023774147034
dbpedia_24308,metacritic_19507,0.9965380430221558
dbpedia_13333,metacritic_13529,0.931971549987793
dbpedia_44995,metacritic_16150,0.9609604477882384
dbpedia_52065,metacritic_15754,0.9924408197402954
dbpedia_53954,metacritic_1594,0.936616063117981
dbpedia_10820,metacritic_18941,0.9452143311500548
dbpedia_16527,metacritic_4902,0.910518229007721
dbpedia_24185,metacritic_3961,0.9314925074577332
dbpedia_41695,metacritic_7869,0.990349054336548
dbpedia_36355,metacritic_15127,0.9554592967033386
dbpedia_1389,metacritic_19298,0.9970554113388062
dbpedia_33473,metacritic_14557,0.9814260005950928
dbpedia_27080,metacritic_20,0.9071637988090516
dbpedia_15975,metacritic_3952,0.9374136328697203
dbpedia_5383,metacritic_2030,0.9754596948623656
dbpedia_63885,metacritic_14880,0.9684259295463562
dbpedia_20728,metacritic_602,0.9216296076774596
dbpedia_48841,metacritic_10,0.9854996800422668
dbpedia_35129,metacritic_3873,0.9834442138671876
dbpedia_12366,metacritic_8430,0.918915629386902
dbpedia_28804,metacritic_19857,0.9534602165222168
dbpedia_11186,metacritic_9121,0.9729167819023132
dbpedia_31217,metacritic_6525,0.9301798939704896
dbpedia_42590,metacritic_14865,0.9521531462669371
dbpedia_12419,metacritic_2407,0.9903124570846558
dbpedia_1267,metacritic_14779,0.9623500108718872
dbpedia_29939,metacritic_1958,0.9897906184196472
dbpedia_53833,metacritic_14234,0.9217223525047302
dbpedia_43868,metacritic_2223,0.9653934836387634
dbpedia_4752,metacritic_1010,0.9970433115959167
dbpedia_15697,metacritic_13644,0.9128310680389404
dbpedia_40984,metacritic_15581,0.9952741861343384
dbpedia_4666,metacritic_18524,0.9550432562828064
dbpedia_2191,metacritic_17175,0.9918158650398254
dbpedia_5269,metacritic_17069,0.9046756029129028
dbpedia_55572,metacritic_12023,0.999922513961792
dbpedia_22787,metacritic_19322,0.94583660364151
dbpedia_51557,metacritic_18443,0.9638379216194152
dbpedia_54895,metacritic_20188,0.910279393196106
dbpedia_39167,metacritic_10696,0.9230270385742188
dbpedia_3336,metacritic_10696,0.972055196762085
dbpedia_5269,metacritic_16851,0.9046756029129028
dbpedia_31140,metacritic_7194,0.935285985469818
dbpedia_43229,metacritic_16001,0.9653739333152772
dbpedia_17034,metacritic_11410,0.9640865921974182
dbpedia_21312,metacritic_9860,0.9013182520866394
dbpedia_57205,metacritic_3961,0.9273648858070374
dbpedia_32518,metacritic_4507,0.9969743490219116
dbpedia_24249,metacritic_873,0.9609604477882384
dbpedia_58034,metacritic_7568,0.9983092546463012
dbpedia_2561,metacritic_17544,0.9582573771476746
dbpedia_11663,metacritic_13217,0.9797022938728333
dbpedia_18920,metacritic_17544,0.9582573771476746
dbpedia_29842,metacritic_4400,0.9558671712875366
dbpedia_45503,metacritic_17649,0.918803095817566
dbpedia_22713,metacritic_17176,0.9029850959777832
dbpedia_45002,metacritic_17011,0.9534602165222168
dbpedia_60076,metacritic_17649,0.9258849024772644
dbpedia_7622,metacritic_16418,0.9931007623672484
dbpedia_44374,metacritic_2148,0.9077908992767334
dbpedia_3412,metacritic_3042,0.909221053123474
dbpedia_20350,metacritic_17127,0.960218071937561
dbpedia_64361,metacritic_4869,0.9916864037513732
dbpedia_12419,metacritic_10979,0.9936116337776184
dbpedia_9622,metacritic_17229,0.99830424785614
dbpedia_50361,metacritic_16418,0.934167742729187
dbpedia_36576,metacritic_15361,0.959621787071228
dbpedia_8723,metacritic_12214,0.9286271929740906
dbpedia_47803,metacritic_4627,0.959494173526764
dbpedia_12431,metacritic_4567,0.9518401026725768
dbpedia_11002,metacritic_1958,0.9576859474182128
dbpedia_32976,metacritic_168,0.977436900138855
dbpedia_54155,metacritic_3926,0.9841540455818176
dbpedia_49288,metacritic_11072,0.9869315028190612
dbpedia_2925,metacritic_15021,0.9848803281784058
dbpedia_11176,metacritic_5150,0.9521531462669371
dbpedia_23495,metacritic_19449,0.9963626265525818
dbpedia_20203,metacritic_7368,0.9991406202316284
dbpedia_5590,metacritic_16752,0.9046756029129028
dbpedia_46491,metacritic_18512,0.967752993106842
dbpedia_25517,metacritic_12004,0.985371232032776
dbpedia_1829,metacritic_7917,0.9259761571884156
dbpedia_40822,metacritic_3926,0.9802291393280028
dbpedia_2857,metacritic_10979,0.9919387698173524
dbpedia_51857,metacritic_3873,0.9834442138671876
dbpedia_22591,metacritic_3961,0.9273648858070374
dbpedia_19802,metacritic_2290,0.9627373814582824
dbpedia_55463,metacritic_5150,0.9521531462669371
dbpedia_42455,metacritic_20322,0.9334843754768372
dbpedia_36882,metacritic_6525,0.9301798939704896
dbpedia_10820,metacritic_19818,0.9452143311500548
dbpedia_24554,metacritic_18512,0.967752993106842
dbpedia_49533,metacritic_5611,0.9177113175392152
dbpedia_46031,metacritic_1958,0.9897906184196472
dbpedia_4752,metacritic_803,0.9970433115959167
dbpedia_4752,metacritic_792,0.9970433115959167
dbpedia_41825,metacritic_873,0.9609604477882384
dbpedia_28151,metacritic_11522,0.9846178293228148
dbpedia_35020,metacritic_15822,0.9964281916618348
dbpedia_44905,metacritic_3935,0.9322189688682556
dbpedia_23526,metacritic_17422,0.9324122667312622
dbpedia_64653,metacritic_18391,0.9711820483207704
dbpedia_31803,metacritic_17398,0.9959133267402648
dbpedia_46794,metacritic_11522,0.9621460437774658
dbpedia_9098,metacritic_6866,0.9713314771652222
dbpedia_46782,metacritic_2811,0.9662705063819884
dbpedia_5269,metacritic_16752,0.9046756029129028
dbpedia_14602,metacritic_6617,0.9961773157119752
dbpedia_14956,metacritic_5645,0.9997513890266418
dbpedia_29104,metacritic_3321,0.9572967886924744
dbpedia_12200,metacritic_10225,0.9926130771636964
dbpedia_51843,metacritic_8264,0.961125373840332
dbpedia_34298,metacritic_3372,0.9632545113563538
dbpedia_42455,metacritic_20242,0.9334843754768372
dbpedia_26082,metacritic_2334,0.977557897567749
dbpedia_3257,metacritic_16067,0.9977074861526488
dbpedia_55191,metacritic_15290,0.900863528251648
dbpedia_44616,metacritic_1356,0.9600864052772522
dbpedia_20728,metacritic_4835,0.916359841823578
dbpedia_8773,metacritic_7683,0.9115984439849854
dbpedia_9799,metacritic_13790,0.9998942613601683
dbpedia_12909,metacritic_13677,0.9737828969955444
dbpedia_27511,metacritic_3516,0.9873420596122742
dbpedia_21876,metacritic_5078,0.9448144435882568
dbpedia_2244,metacritic_13676,0.9286287426948548
dbpedia_1389,metacritic_19341,0.9970554113388062
dbpedia_3054,metacritic_2334,0.9844456315040588
dbpedia_14392,metacritic_5593,0.9086465835571288
dbpedia_14734,metacritic_12214,0.9273325204849244
dbpedia_60097,metacritic_15764,0.9986039996147156
dbpedia_28736,metacritic_17175,0.996500849723816
dbpedia_31349,metacritic_12161,0.9721839427947998
dbpedia_5590,metacritic_16602,0.9046756029129028
dbpedia_30410,metacritic_10828,0.9996023774147034
dbpedia_20092,metacritic_9428,0.9568713903427124
dbpedia_20565,metacritic_13790,0.9523053169250488
dbpedia_12419,metacritic_3245,0.9903124570846558
dbpedia_14146,metacritic_7568,0.9984682202339172
dbpedia_64456,metacritic_5888,0.9653007388114928
dbpedia_18507,metacritic_18600,0.9454121589660645
dbpedia_57217,metacritic_17897,0.9969724416732788
dbpedia_53122,metacritic_16140,0.9992873072624208
dbpedia_1389,metacritic_19789,0.9970554113388062
dbpedia_49222,metacritic_307,0.9516780376434326
dbpedia_39220,metacritic_13676,0.943633794784546
dbpedia_3733,metacritic_1612,0.9873644709587096
dbpedia_7123,metacritic_2663,0.9258849024772644
dbpedia_58760,metacritic_16088,0.9504269361495972
dbpedia_11871,metacritic_20072,0.9963874816894532
dbpedia_7573,metacritic_5053,0.920236587524414
dbpedia_12549,metacritic_13676,0.9214967489242554
dbpedia_47320,metacritic_5037,0.9895337224006652
dbpedia_60661,metacritic_8264,0.9638299345970154
dbpedia_32682,metacritic_2350,0.9178647398948668
dbpedia_58612,metacritic_12261,0.9381404519081116
dbpedia_10144,metacritic_10201,0.95330810546875
dbpedia_34616,metacritic_17814,0.915972113609314
dbpedia_45694,metacritic_17897,0.9969724416732788
dbpedia_50536,metacritic_1993,0.9240968227386476
dbpedia_28172,metacritic_13790,0.9955841898918152
dbpedia_62132,metacritic_13770,0.940197765827179
dbpedia_50867,metacritic_6872,0.997589349746704
dbpedia_9143,metacritic_14102,0.9969724416732788
dbpedia_35772,metacritic_13790,0.9964951872825624
dbpedia_17377,metacritic_15589,0.9466046690940856
dbpedia_48806,metacritic_2581,0.978203535079956
dbpedia_12496,metacritic_7368,0.9996519088745116
dbpedia_12684,metacritic_16081,0.9660263061523438
dbpedia_38105,metacritic_1872,0.9343640208244324
dbpedia_12431,metacritic_1724,0.9518401026725768
dbpedia_19802,metacritic_2289,0.9737569093704224
dbpedia_29512,metacritic_4591,0.9642007350921632
dbpedia_50786,metacritic_4998,0.9527155756950378
dbpedia_27162,metacritic_3952,0.9745053052902222
dbpedia_2082,metacritic_14557,0.9094609022140504
dbpedia_54155,metacritic_4400,0.9771233797073364
dbpedia_5112,metacritic_13676,0.9032101035118104
dbpedia_13039,metacritic_7985,0.9996398687362672
dbpedia_5269,metacritic_16602,0.9046756029129028
dbpedia_27632,metacritic_2148,0.9330249428749084
dbpedia_63144,metacritic_5592,0.9646677374839784
dbpedia_27080,metacritic_4329,0.9205144047737122
dbpedia_40822,metacritic_4400,0.9715076088905334
dbpedia_44774,metacritic_6872,0.99781596660614
dbpedia_56113,metacritic_8435,0.993377149105072
dbpedia_9149,metacritic_259,0.9181863069534302
dbpedia_7198,metacritic_6851,0.9984036087989808
dbpedia_10157,metacritic_7368,0.9996519088745116
dbpedia_34286,metacritic_7759,0.900863528251648
dbpedia_58787,metacritic_13821,0.9310016632080078
dbpedia_45912,metacritic_7996,0.918803095817566
dbpedia_28151,metacritic_8730,0.9846178293228148
dbpedia_174,metacritic_18443,0.9973306655883788
dbpedia_29079,metacritic_13708,0.9960383176803588
dbpedia_8558,metacritic_14557,0.9326274394989014
dbpedia_61005,metacritic_7759,0.900863528251648
dbpedia_51739,metacritic_18840,0.9600864052772522
dbpedia_46794,metacritic_8730,0.9621460437774658
dbpedia_60964,metacritic_18138,0.9081639647483826
dbpedia_22367,metacritic_1526,0.9785805940628052
dbpedia_53333,metacritic_14102,0.9504854083061218
dbpedia_57517,metacritic_11283,0.9133327603340148
dbpedia_9147,metacritic_69,0.9352510571479796
dbpedia_51803,metacritic_11219,0.9609604477882384
dbpedia_2244,metacritic_13790,0.919986605644226
dbpedia_49601,metacritic_4061,0.9308140873908995
dbpedia_18003,metacritic_7524,0.931971549987793
dbpedia_44271,metacritic_19890,0.9699483513832092
dbpedia_32976,metacritic_147,0.977436900138855
dbpedia_45177,metacritic_11701,0.9776631593704224
dbpedia_13513,metacritic_7126,0.9156053066253662
dbpedia_51570,metacritic_4507,0.996915340423584
dbpedia_14466,metacritic_20072,0.9983545541763306
dbpedia_36994,metacritic_1583,0.971764326095581
dbpedia_7167,metacritic_10849,0.953877329826355
dbpedia_14433,metacritic_1239,0.9361859560012816
dbpedia_61129,metacritic_16081,0.9774167537689208
dbpedia_59104,metacritic_7759,0.900863528251648
dbpedia_29512,metacritic_7431,0.9832304120063782
dbpedia_2851,metacritic_2232,0.9025802612304688
dbpedia_21525,metacritic_12161,0.9721839427947998
dbpedia_50287,metacritic_14557,0.9094609022140504
dbpedia_47090,metacritic_5150,0.9521531462669371
dbpedia_42590,metacritic_11634,0.9521531462669371
dbpedia_53025,metacritic_7759,0.900863528251648
dbpedia_12431,metacritic_2585,0.9518401026725768
dbpedia_20431,metacritic_11298,0.9609604477882384
dbpedia_13039,metacritic_12842,0.9989375472068788
dbpedia_20831,metacritic_6371,0.952322483062744
dbpedia_5479,metacritic_9470,0.965167760848999
dbpedia_17009,metacritic_4506,0.9420680403709412
dbpedia_2440,metacritic_17539,0.92548805475235
dbpedia_57542,metacritic_5322,0.918803095817566
dbpedia_3257,metacritic_16475,0.9977074861526488
dbpedia_9127,metacritic_5872,0.9607234597206116
dbpedia_25306,metacritic_7759,0.900863528251648
dbpedia_39220,metacritic_13790,0.9058356881141664
dbpedia_17216,metacritic_11283,0.9133327603340148
dbpedia_57517,metacritic_12172,0.9273325204849244
dbpedia_27080,metacritic_4568,0.9205144047737122
dbpedia_1821,metacritic_12132,0.916359841823578
dbpedia_15329,metacritic_5642,0.9526827931404114
dbpedia_9149,metacritic_10,0.99204421043396
dbpedia_49063,metacritic_7759,0.900863528251648
dbpedia_20843,metacritic_4986,0.9088743925094604
dbpedia_12851,metacritic_1483,0.999213933944702
dbpedia_57517,metacritic_16048,0.9133327603340148
dbpedia_3257,metacritic_15948,0.9977074861526488
dbpedia_17216,metacritic_12172,0.9273325204849244
dbpedia_20843,metacritic_15610,0.963256537914276
dbpedia_1479,metacritic_20373,0.9125947952270508
dbpedia_28866,metacritic_15658,0.995131492614746
dbpedia_63171,metacritic_13677,0.9737828969955444
dbpedia_60761,metacritic_6143,0.936616063117981
dbpedia_37049,metacritic_18327,0.9460655450820924
dbpedia_54854,metacritic_7759,0.900863528251648
dbpedia_1780,metacritic_2927,0.992202877998352
dbpedia_27289,metacritic_20072,0.9981836676597596
dbpedia_60575,metacritic_10008,0.9996249675750732
dbpedia_8884,metacritic_16081,0.9774167537689208
dbpedia_37180,metacritic_17592,0.9478010535240172
dbpedia_44215,metacritic_6287,0.909221053123474
dbpedia_31379,metacritic_2831,0.9616350531578064
dbpedia_29590,metacritic_7759,0.900863528251648
dbpedia_53070,metacritic_2831,0.9616350531578064
dbpedia_14719,metacritic_16778,0.9026134610176086
dbpedia_27080,metacritic_4102,0.9205144047737122
dbpedia_24805,metacritic_18873,0.9685191512107848
dbpedia_42134,metacritic_9745,0.9735519886016846
dbpedia_50020,metacritic_8596,0.981536328792572
dbpedia_33139,metacritic_5620,0.9534602165222168
dbpedia_3141,metacritic_11460,0.9870907068252563
dbpedia_55463,metacritic_5620,0.9837446212768556
dbpedia_17216,metacritic_16048,0.9133327603340148
dbpedia_8402,metacritic_2927,0.9957350492477416
dbpedia_40253,metacritic_12955,0.9416322112083436
dbpedia_37383,metacritic_2232,0.900863528251648
dbpedia_21506,metacritic_11339,0.9879738092422484
dbpedia_55657,metacritic_5642,0.9497631192207336
dbpedia_21608,metacritic_20225,0.9162157773971558
dbpedia_39318,metacritic_2927,0.9957350492477416
dbpedia_40643,metacritic_16054,0.9032558798789978
dbpedia_31694,metacritic_15658,0.995131492614746
dbpedia_20076,metacritic_4342,0.9493612051010132
dbpedia_15038,metacritic_1339,0.9697994589805604
dbpedia_28750,metacritic_14168,0.999933123588562
dbpedia_63144,metacritic_12605,0.9279146194458008
dbpedia_30064,metacritic_12955,0.9416322112083436
dbpedia_21885,metacritic_15209,0.953469693660736
dbpedia_7070,metacritic_12955,0.9416322112083436
dbpedia_30806,metacritic_15658,0.995131492614746
dbpedia_31942,metacritic_4732,0.9191979765892028
dbpedia_21305,metacritic_10808,0.9975257515907288
dbpedia_2061,metacritic_5022,0.920236587524414
dbpedia_62132,metacritic_9209,0.905096471309662
dbpedia_43020,metacritic_14117,0.9682746529579164
dbpedia_45502,metacritic_3946,0.9623500108718872
dbpedia_34346,metacritic_10808,0.9975257515907288
dbpedia_20670,metacritic_1287,0.9828625321388244
dbpedia_13556,metacritic_12955,0.9416322112083436
dbpedia_420,metacritic_7728,0.920236587524414
dbpedia_14719,metacritic_16054,0.9032558798789978
dbpedia_2978,metacritic_9150,0.9627019166946412
dbpedia_2244,metacritic_19001,0.9162157773971558
dbpedia_28974,metacritic_15658,0.9565431475639344
dbpedia_49809,metacritic_9573,0.959241271018982
dbpedia_7301,metacritic_2350,0.9546363353729248
dbpedia_36253,metacritic_12955,0.9416322112083436
dbpedia_43703,metacritic_13858,0.9609604477882384
dbpedia_42590,metacritic_13486,0.9521531462669371
dbpedia_64553,metacritic_6570,0.9885604977607728
dbpedia_11538,metacritic_12955,0.9416322112083436
dbpedia_48346,metacritic_3935,0.9623721241950988
dbpedia_10034,metacritic_5055,0.99690043926239
dbpedia_40487,metacritic_12955,0.9416322112083436
dbpedia_39104,metacritic_2927,0.9957350492477416
dbpedia_22741,metacritic_12955,0.9416322112083436
dbpedia_30955,metacritic_12955,0.9831976294517516
dbpedia_3292,metacritic_3801,0.95330810546875
dbpedia_51683,metacritic_15658,0.9565431475639344
dbpedia_37579,metacritic_12955,0.9416322112083436
dbpedia_61560,metacritic_16067,0.9025802612304688
dbpedia_8168,metacritic_12955,0.9416322112083436
dbpedia_5365,metacritic_15658,0.9565431475639344
dbpedia_29372,metacritic_12955,0.9416322112083436
dbpedia_9369,metacritic_12955,0.9831976294517516
dbpedia_1664,metacritic_12955,0.9416322112083436
dbpedia_59614,metacritic_10781,0.935202956199646
dbpedia_17360,metacritic_9150,0.9653007388114928
dbpedia_33201,metacritic_5033,0.920236587524414
dbpedia_61560,metacritic_15948,0.9025802612304688
dbpedia_420,metacritic_10201,0.920236587524414
dbpedia_64507,metacritic_10997,0.9933432340621948
dbpedia_17818,metacritic_11483,0.9975086450576782
dbpedia_420,metacritic_7425,0.920236587524414
dbpedia_60466,metacritic_15658,0.9565431475639344
dbpedia_14258,metacritic_8596,0.9117235541343688
dbpedia_61560,metacritic_16475,0.9025802612304688
dbpedia_420,metacritic_3801,0.920236587524414
dbpedia_59143,metacritic_18954,0.9837384223937988
dbpedia_33999,metacritic_14512,0.9645690321922302
dbpedia_61643,metacritic_19828,0.9704301953315736
dbpedia_36633,metacritic_19828,0.9704301953315736
