id1,id2,score
dbpedia_42156,sales_3693,1.0
dbpedia_30444,sales_3859,1.0
dbpedia_12114,sales_6289,1.0
dbpedia_11895,sales_5013,1.0
dbpedia_38996,sales_4097,1.0
dbpedia_43202,sales_1563,1.0
dbpedia_45893,sales_3776,1.0
dbpedia_37905,sales_1920,1.0
dbpedia_52495,sales_5848,1.0
dbpedia_24650,sales_843,1.0
dbpedia_20104,sales_4707,1.0
dbpedia_15445,sales_5266,1.0
dbpedia_47321,sales_7108,1.0
dbpedia_53809,sales_6372,1.0
dbpedia_29577,sales_2576,1.0
dbpedia_6376,sales_360,1.0
dbpedia_9977,sales_1809,1.0
dbpedia_51923,sales_426,1.0
dbpedia_24331,sales_3375,1.0
dbpedia_33316,sales_1407,1.0
dbpedia_7356,sales_586,1.0
dbpedia_965,sales_2422,1.0
dbpedia_45915,sales_3384,1.0
dbpedia_6153,sales_2420,1.0
dbpedia_64173,sales_5267,1.0
dbpedia_36163,sales_1559,1.0
dbpedia_39983,sales_7201,1.0
dbpedia_18879,sales_4747,1.0
dbpedia_19210,sales_5167,1.0
dbpedia_24403,sales_868,1.0
dbpedia_6602,sales_916,1.0
dbpedia_18844,sales_5395,1.0
dbpedia_19225,sales_2009,1.0
dbpedia_9980,sales_2213,1.0
dbpedia_14478,sales_5062,1.0
dbpedia_10595,sales_2836,1.0
dbpedia_62058,sales_6616,1.0
dbpedia_8146,sales_4527,1.0
dbpedia_18057,sales_1597,1.0
dbpedia_23972,sales_3017,1.0
dbpedia_35758,sales_4009,1.0
dbpedia_900,sales_2131,1.0
dbpedia_27463,sales_4954,1.0
dbpedia_37264,sales_274,1.0
dbpedia_57371,sales_1634,1.0
dbpedia_25129,sales_5782,1.0
dbpedia_22654,sales_453,1.0
dbpedia_49463,sales_940,1.0
dbpedia_19536,sales_2464,1.0
dbpedia_22839,sales_832,1.0
dbpedia_45797,sales_651,1.0
dbpedia_57112,sales_6492,1.0
dbpedia_1284,sales_1165,1.0
dbpedia_9460,sales_6280,1.0
dbpedia_6907,sales_380,1.0
dbpedia_6711,sales_973,1.0
dbpedia_9991,sales_7794,1.0
dbpedia_11644,sales_4538,1.0
dbpedia_56722,sales_486,1.0
dbpedia_24320,sales_5606,1.0
dbpedia_4300,sales_2552,1.0
dbpedia_49242,sales_5283,1.0
dbpedia_26673,sales_402,1.0
dbpedia_49748,sales_878,1.0
dbpedia_42978,sales_1972,1.0
dbpedia_3260,sales_1157,1.0
dbpedia_61901,sales_4275,1.0
dbpedia_9230,sales_1836,1.0
dbpedia_54886,sales_184,1.0
dbpedia_35916,sales_7057,1.0
dbpedia_61663,sales_417,1.0
dbpedia_14040,sales_5282,1.0
dbpedia_86,sales_5826,1.0
dbpedia_17952,sales_2143,1.0
dbpedia_31075,sales_829,1.0
dbpedia_12353,sales_5611,1.0
dbpedia_20063,sales_1414,1.0
dbpedia_25384,sales_1754,1.0
dbpedia_13409,sales_316,1.0
dbpedia_26982,sales_4429,1.0
dbpedia_2749,sales_6059,1.0
dbpedia_60620,sales_5239,1.0
dbpedia_33786,sales_2590,1.0
dbpedia_20963,sales_4040,1.0
dbpedia_59496,sales_3642,1.0
dbpedia_62897,sales_5166,1.0
dbpedia_29597,sales_4572,1.0
dbpedia_13262,sales_2230,1.0
dbpedia_22958,sales_6932,1.0
dbpedia_24138,sales_205,1.0
dbpedia_2783,sales_4440,1.0
dbpedia_4402,sales_1540,1.0
dbpedia_32288,sales_890,1.0
dbpedia_57141,sales_192,1.0
dbpedia_8364,sales_2665,1.0
dbpedia_9550,sales_5024,1.0
dbpedia_12932,sales_581,1.0
dbpedia_56132,sales_867,1.0
dbpedia_11796,sales_1914,1.0
dbpedia_11460,sales_2654,1.0
dbpedia_21278,sales_5906,1.0
dbpedia_47092,sales_1443,1.0
dbpedia_57559,sales_6151,1.0
dbpedia_61719,sales_5534,1.0
dbpedia_64955,sales_7185,1.0
dbpedia_20365,sales_604,1.0
dbpedia_29308,sales_1930,1.0
dbpedia_47577,sales_6563,1.0
dbpedia_34109,sales_6777,1.0
dbpedia_8439,sales_3317,1.0
dbpedia_27701,sales_4221,1.0
dbpedia_60290,sales_1999,1.0
dbpedia_14137,sales_2044,1.0
dbpedia_19828,sales_4347,1.0
dbpedia_33314,sales_3484,1.0
dbpedia_44118,sales_6142,1.0
dbpedia_6938,sales_4889,1.0
dbpedia_52328,sales_5657,1.0
dbpedia_43920,sales_1579,1.0
dbpedia_57578,sales_494,1.0
dbpedia_20550,sales_7849,1.0
dbpedia_9966,sales_1170,1.0
dbpedia_34648,sales_1922,1.0
dbpedia_8759,sales_7392,1.0
dbpedia_55286,sales_4020,1.0
dbpedia_38749,sales_5344,1.0
dbpedia_26546,sales_6486,1.0
dbpedia_6258,sales_6080,1.0
dbpedia_18399,sales_5279,1.0
dbpedia_42241,sales_5612,1.0
dbpedia_19877,sales_517,1.0
dbpedia_3425,sales_1366,1.0
dbpedia_21,sales_6690,1.0
dbpedia_9250,sales_3181,1.0
dbpedia_23927,sales_1241,1.0
dbpedia_51826,sales_3427,1.0
dbpedia_13314,sales_5018,1.0
dbpedia_33732,sales_4770,1.0
dbpedia_24975,sales_307,1.0
dbpedia_19782,sales_6495,1.0
dbpedia_3981,sales_6535,1.0
dbpedia_35595,sales_782,1.0
dbpedia_6523,sales_6247,1.0
dbpedia_9721,sales_6942,1.0
dbpedia_4553,sales_648,1.0
dbpedia_18581,sales_3451,1.0
dbpedia_29392,sales_371,1.0
dbpedia_3673,sales_1310,1.0
dbpedia_4664,sales_505,1.0
dbpedia_45146,sales_3019,1.0
dbpedia_11989,sales_6427,1.0
dbpedia_7888,sales_3658,1.0
dbpedia_20018,sales_579,1.0
dbpedia_44305,sales_6000,1.0
dbpedia_5835,sales_3395,1.0
dbpedia_41091,sales_2987,1.0
dbpedia_56464,sales_1560,1.0
dbpedia_31934,sales_3868,1.0
dbpedia_21854,sales_802,1.0
dbpedia_37828,sales_4065,1.0
dbpedia_34143,sales_2180,1.0
dbpedia_1234,sales_3496,1.0
dbpedia_33168,sales_1377,1.0
dbpedia_31280,sales_4364,1.0
dbpedia_29698,sales_2784,1.0
dbpedia_1876,sales_6699,1.0
dbpedia_54861,sales_4610,1.0
dbpedia_23062,sales_4768,1.0
dbpedia_27953,sales_960,1.0
dbpedia_44191,sales_4352,1.0
dbpedia_47630,sales_7626,1.0
dbpedia_15110,sales_6645,1.0
dbpedia_42013,sales_3653,1.0
dbpedia_15805,sales_3422,1.0
dbpedia_19748,sales_931,1.0
dbpedia_24121,sales_5287,1.0
dbpedia_3827,sales_1063,1.0
dbpedia_34665,sales_4416,1.0
dbpedia_51613,sales_2396,1.0
dbpedia_44782,sales_2312,1.0
dbpedia_30866,sales_5918,1.0
dbpedia_59042,sales_11,1.0
dbpedia_12166,sales_3273,1.0
dbpedia_4571,sales_3237,1.0
dbpedia_48190,sales_6281,1.0
dbpedia_64219,sales_239,1.0
dbpedia_43408,sales_1417,1.0
dbpedia_27897,sales_4962,1.0
dbpedia_24455,sales_463,1.0
dbpedia_16050,sales_1584,1.0
dbpedia_9275,sales_1592,1.0
dbpedia_3676,sales_1838,1.0
dbpedia_19884,sales_4587,1.0
dbpedia_6062,sales_6174,1.0
dbpedia_57458,sales_4029,1.0
dbpedia_27086,sales_2274,1.0
dbpedia_13996,sales_6612,1.0
dbpedia_61092,sales_2599,1.0
dbpedia_27418,sales_951,1.0
dbpedia_18452,sales_2473,1.0
dbpedia_49391,sales_5522,1.0
dbpedia_5940,sales_7581,1.0
dbpedia_26856,sales_7674,1.0
dbpedia_57825,sales_446,1.0
dbpedia_9816,sales_5439,1.0
dbpedia_19541,sales_3326,1.0
dbpedia_25488,sales_813,1.0
dbpedia_15001,sales_4192,1.0
dbpedia_5685,sales_4092,1.0
dbpedia_2433,sales_3777,1.0
dbpedia_49075,sales_592,1.0
dbpedia_49559,sales_5222,1.0
dbpedia_48857,sales_3201,1.0
dbpedia_7587,sales_6653,1.0
dbpedia_10244,sales_5083,1.0
dbpedia_13636,sales_3482,1.0
dbpedia_52393,sales_2235,1.0
dbpedia_2303,sales_6104,1.0
dbpedia_48474,sales_3794,1.0
dbpedia_59180,sales_3081,1.0
dbpedia_24176,sales_709,1.0
dbpedia_13755,sales_6283,1.0
dbpedia_64685,sales_2129,1.0
dbpedia_52857,sales_1992,1.0
dbpedia_3529,sales_194,1.0
dbpedia_255,sales_2161,1.0
dbpedia_54185,sales_3169,1.0
dbpedia_38090,sales_1227,1.0
dbpedia_561,sales_6311,1.0
dbpedia_7100,sales_1551,1.0
dbpedia_63971,sales_1342,1.0
dbpedia_49206,sales_6649,1.0
dbpedia_6088,sales_3052,1.0
dbpedia_50865,sales_368,1.0
dbpedia_3060,sales_2928,1.0
dbpedia_34728,sales_3096,1.0
dbpedia_3089,sales_858,1.0
dbpedia_33108,sales_3296,1.0
dbpedia_40053,sales_4710,1.0
dbpedia_4577,sales_3910,1.0
dbpedia_51990,sales_356,1.0
dbpedia_10518,sales_3042,1.0
dbpedia_42389,sales_529,1.0
dbpedia_48187,sales_3302,1.0
dbpedia_30580,sales_1363,1.0
dbpedia_29162,sales_5298,1.0
dbpedia_4127,sales_24,1.0
dbpedia_40182,sales_6286,1.0
dbpedia_1804,sales_4432,1.0
dbpedia_18156,sales_1745,1.0
dbpedia_18625,sales_3265,1.0
dbpedia_52683,sales_7745,1.0
dbpedia_3907,sales_9,1.0
dbpedia_55091,sales_4984,1.0
dbpedia_6197,sales_5502,1.0
dbpedia_63275,sales_401,1.0
dbpedia_5715,sales_2522,1.0
dbpedia_19504,sales_1062,1.0
dbpedia_35945,sales_5295,1.0
dbpedia_17613,sales_1908,1.0
dbpedia_377,sales_4877,1.0
dbpedia_42042,sales_212,1.0
dbpedia_17722,sales_6827,1.0
dbpedia_37298,sales_7390,1.0
dbpedia_18877,sales_322,1.0
dbpedia_4485,sales_2496,1.0
dbpedia_51434,sales_5928,1.0
dbpedia_5828,sales_5812,1.0
dbpedia_40851,sales_2223,1.0
dbpedia_15347,sales_771,1.0
dbpedia_1559,sales_255,1.0
dbpedia_37409,sales_5001,1.0
dbpedia_24527,sales_3219,0.9972340425531914
dbpedia_24096,sales_7632,1.0
dbpedia_12836,sales_3410,1.0
dbpedia_26462,sales_4602,1.0
dbpedia_872,sales_4111,1.0
dbpedia_10296,sales_1900,1.0
dbpedia_3518,sales_2251,1.0
dbpedia_6590,sales_5137,1.0
dbpedia_10275,sales_4595,1.0
dbpedia_32335,sales_3077,1.0
dbpedia_24252,sales_2359,1.0
dbpedia_27712,sales_1189,1.0
dbpedia_15750,sales_3771,1.0
dbpedia_23086,sales_2423,1.0
dbpedia_61484,sales_2580,1.0
dbpedia_36978,sales_1892,1.0
dbpedia_23459,sales_5982,1.0
dbpedia_3692,sales_7763,1.0
dbpedia_28230,sales_5541,1.0
dbpedia_10650,sales_5754,1.0
dbpedia_60660,sales_901,1.0
dbpedia_31132,sales_2214,1.0
dbpedia_57567,sales_3837,1.0
dbpedia_62846,sales_1050,1.0
dbpedia_23780,sales_752,1.0
dbpedia_74,sales_7414,1.0
dbpedia_17353,sales_6391,1.0
dbpedia_56706,sales_2440,1.0
dbpedia_20133,sales_1155,1.0
dbpedia_25955,sales_7665,1.0
dbpedia_62940,sales_759,1.0
dbpedia_60274,sales_7343,1.0
dbpedia_33644,sales_6336,1.0
dbpedia_3432,sales_842,1.0
dbpedia_36582,sales_3209,1.0
dbpedia_9070,sales_1594,1.0
dbpedia_41817,sales_961,1.0
dbpedia_34006,sales_6324,1.0
dbpedia_18363,sales_2102,1.0
dbpedia_41935,sales_1483,1.0
dbpedia_3079,sales_2659,1.0
dbpedia_46088,sales_6124,1.0
dbpedia_40967,sales_747,1.0
dbpedia_23244,sales_1160,1.0
dbpedia_38345,sales_7593,1.0
dbpedia_15350,sales_5337,1.0
dbpedia_51577,sales_1008,1.0
dbpedia_59314,sales_7553,1.0
dbpedia_10212,sales_2951,1.0
dbpedia_26892,sales_3507,1.0
dbpedia_27448,sales_6196,1.0
dbpedia_517,sales_1798,1.0
dbpedia_5945,sales_2374,1.0
dbpedia_62353,sales_3515,1.0
dbpedia_4014,sales_811,1.0
dbpedia_40433,sales_6648,1.0
dbpedia_16149,sales_1677,1.0
dbpedia_20379,sales_7533,1.0
dbpedia_14894,sales_3352,1.0
dbpedia_35854,sales_4008,1.0
dbpedia_21952,sales_445,1.0
dbpedia_40557,sales_6099,1.0
dbpedia_5347,sales_4349,1.0
dbpedia_10113,sales_681,1.0
dbpedia_404,sales_1851,1.0
dbpedia_39341,sales_6260,1.0
dbpedia_12434,sales_6274,1.0
dbpedia_54663,sales_6916,1.0
dbpedia_19846,sales_653,1.0
dbpedia_34741,sales_4194,1.0
dbpedia_42097,sales_1013,1.0
dbpedia_16923,sales_6007,1.0
dbpedia_38214,sales_6855,1.0
dbpedia_16752,sales_803,1.0
dbpedia_57443,sales_2145,1.0
dbpedia_6632,sales_4578,1.0
dbpedia_22957,sales_794,1.0
dbpedia_43093,sales_7374,1.0
dbpedia_50100,sales_1880,1.0
dbpedia_51364,sales_1032,1.0
dbpedia_32246,sales_781,1.0
dbpedia_1535,sales_5537,1.0
dbpedia_12784,sales_4245,1.0
dbpedia_11575,sales_3116,1.0
dbpedia_20201,sales_5164,1.0
dbpedia_54265,sales_5393,1.0
dbpedia_28370,sales_624,1.0
dbpedia_42417,sales_1058,1.0
dbpedia_55165,sales_4485,1.0
dbpedia_42432,sales_337,1.0
dbpedia_37917,sales_47,1.0
dbpedia_52453,sales_3151,1.0
dbpedia_3059,sales_882,1.0
dbpedia_50263,sales_3747,1.0
dbpedia_17040,sales_1240,1.0
dbpedia_30710,sales_608,1.0
dbpedia_30404,sales_4403,1.0
dbpedia_16940,sales_6472,1.0
dbpedia_13063,sales_1924,1.0
dbpedia_44055,sales_1139,1.0
dbpedia_8614,sales_2184,1.0
dbpedia_17511,sales_3884,1.0
dbpedia_58155,sales_3336,1.0
dbpedia_26180,sales_2554,1.0
dbpedia_29895,sales_3963,1.0
dbpedia_25124,sales_1348,1.0
dbpedia_6514,sales_1541,1.0
dbpedia_62860,sales_1491,1.0
dbpedia_56562,sales_3773,1.0
dbpedia_34270,sales_2710,1.0
dbpedia_32495,sales_2436,1.0
dbpedia_36476,sales_306,1.0
dbpedia_37171,sales_3029,1.0
dbpedia_5877,sales_2778,1.0
dbpedia_21018,sales_6406,1.0
dbpedia_13204,sales_1620,1.0
dbpedia_31106,sales_7142,1.0
dbpedia_32964,sales_344,1.0
dbpedia_30345,sales_920,1.0
dbpedia_11226,sales_4498,1.0
dbpedia_53563,sales_4531,1.0
dbpedia_51751,sales_7043,1.0
dbpedia_9050,sales_223,1.0
dbpedia_29557,sales_1958,1.0
dbpedia_31384,sales_3132,1.0
dbpedia_53946,sales_1413,1.0
dbpedia_4432,sales_3536,1.0
dbpedia_51689,sales_3217,1.0
dbpedia_15997,sales_918,1.0
dbpedia_54025,sales_763,1.0
dbpedia_51544,sales_1636,1.0
dbpedia_41,sales_1896,1.0
dbpedia_20188,sales_1669,1.0
dbpedia_32235,sales_665,1.0
dbpedia_20938,sales_1210,1.0
dbpedia_13233,sales_2444,1.0
dbpedia_60488,sales_2742,1.0
dbpedia_30245,sales_4424,1.0
dbpedia_16690,sales_6483,1.0
dbpedia_13329,sales_1009,1.0
dbpedia_22334,sales_6213,1.0
dbpedia_28759,sales_3888,1.0
dbpedia_1701,sales_2759,1.0
dbpedia_10179,sales_814,1.0
dbpedia_23520,sales_1826,1.0
dbpedia_49474,sales_4502,1.0
dbpedia_35726,sales_5448,1.0
dbpedia_39944,sales_1043,1.0
dbpedia_21319,sales_359,1.0
dbpedia_53015,sales_4936,1.0
dbpedia_16236,sales_2565,1.0
dbpedia_49171,sales_2287,1.0
dbpedia_15017,sales_799,1.0
dbpedia_25397,sales_1472,1.0
dbpedia_29953,sales_6091,1.0
dbpedia_42150,sales_376,1.0
dbpedia_45130,sales_1987,1.0
dbpedia_62644,sales_1424,1.0
dbpedia_55688,sales_1102,1.0
dbpedia_51004,sales_1401,1.0
dbpedia_42388,sales_1593,1.0
dbpedia_10733,sales_4592,1.0
dbpedia_11592,sales_4629,1.0
dbpedia_59894,sales_4626,1.0
dbpedia_59339,sales_2020,1.0
dbpedia_4440,sales_1602,1.0
dbpedia_4780,sales_349,1.0
dbpedia_9340,sales_3140,1.0
dbpedia_56438,sales_3851,1.0
dbpedia_48711,sales_2879,1.0
dbpedia_29517,sales_994,1.0
dbpedia_47979,sales_287,1.0
dbpedia_24342,sales_269,1.0
dbpedia_28149,sales_4125,1.0
dbpedia_29556,sales_4679,1.0
dbpedia_52479,sales_48,1.0
dbpedia_2790,sales_2664,1.0
dbpedia_6592,sales_2495,1.0
dbpedia_59289,sales_6866,1.0
dbpedia_33673,sales_3367,1.0
dbpedia_60879,sales_1814,1.0
dbpedia_7673,sales_6839,1.0
dbpedia_2910,sales_2952,1.0
dbpedia_40382,sales_2729,1.0
dbpedia_25001,sales_1613,1.0
dbpedia_37534,sales_3020,1.0
dbpedia_19713,sales_6182,1.0
dbpedia_3974,sales_2443,1.0
dbpedia_59490,sales_1216,1.0
dbpedia_54352,sales_1042,1.0
dbpedia_22298,sales_6328,1.0
dbpedia_9136,sales_1111,1.0
dbpedia_30787,sales_1456,1.0
dbpedia_31931,sales_4978,1.0
dbpedia_9527,sales_3782,1.0
dbpedia_37767,sales_2982,1.0
dbpedia_2606,sales_2573,1.0
dbpedia_30688,sales_6888,1.0
dbpedia_58762,sales_2027,1.0
dbpedia_20468,sales_4569,1.0
dbpedia_42203,sales_7234,1.0
dbpedia_8975,sales_1314,1.0
dbpedia_3493,sales_1703,1.0
dbpedia_25057,sales_4913,1.0
dbpedia_16660,sales_4829,1.0
dbpedia_46604,sales_17,1.0
dbpedia_34446,sales_3996,1.0
dbpedia_13064,sales_2529,1.0
dbpedia_12395,sales_2282,1.0
dbpedia_58131,sales_1651,1.0
dbpedia_55098,sales_6817,1.0
dbpedia_35240,sales_5305,1.0
dbpedia_56705,sales_6799,1.0
dbpedia_3537,sales_7667,1.0
dbpedia_42238,sales_7575,1.0
dbpedia_23930,sales_410,1.0
dbpedia_42934,sales_5549,1.0
dbpedia_8255,sales_4091,1.0
dbpedia_60702,sales_3079,1.0
dbpedia_36031,sales_3905,1.0
dbpedia_52225,sales_854,1.0
dbpedia_18140,sales_2513,1.0
dbpedia_44327,sales_7408,1.0
dbpedia_10177,sales_5914,1.0
dbpedia_51531,sales_2832,1.0
dbpedia_25088,sales_2205,1.0
dbpedia_11402,sales_4488,1.0
dbpedia_20250,sales_2614,1.0
dbpedia_59183,sales_3565,1.0
dbpedia_32421,sales_3620,1.0
dbpedia_15008,sales_6368,1.0
dbpedia_44423,sales_2335,1.0
dbpedia_20196,sales_4750,1.0
dbpedia_45228,sales_1187,1.0
dbpedia_31672,sales_2699,1.0
dbpedia_12617,sales_3533,1.0
dbpedia_64064,sales_3971,1.0
dbpedia_42162,sales_1697,1.0
dbpedia_3631,sales_3570,1.0
dbpedia_36683,sales_6629,1.0
dbpedia_31174,sales_4366,1.0
dbpedia_54069,sales_1587,1.0
dbpedia_54285,sales_5322,1.0
dbpedia_59882,sales_1288,1.0
dbpedia_40699,sales_6841,1.0
dbpedia_61926,sales_6297,1.0
dbpedia_9655,sales_3300,1.0
dbpedia_10366,sales_214,1.0
dbpedia_21608,sales_193,1.0
dbpedia_5654,sales_2286,1.0
dbpedia_49403,sales_2930,1.0
dbpedia_58983,sales_3130,1.0
dbpedia_5845,sales_2033,1.0
dbpedia_2463,sales_3259,1.0
dbpedia_218,sales_5004,1.0
dbpedia_5186,sales_3193,1.0
dbpedia_58358,sales_955,1.0
dbpedia_15696,sales_6807,1.0
dbpedia_30800,sales_566,1.0
dbpedia_53216,sales_3725,1.0
dbpedia_60293,sales_3901,1.0
dbpedia_38521,sales_6238,1.0
dbpedia_38072,sales_879,1.0
dbpedia_62801,sales_7229,1.0
dbpedia_18717,sales_1181,1.0
dbpedia_28103,sales_2434,1.0
dbpedia_20276,sales_348,1.0
dbpedia_13224,sales_5244,1.0
dbpedia_29336,sales_6094,1.0
dbpedia_10140,sales_6168,1.0
dbpedia_41240,sales_538,1.0
dbpedia_2243,sales_5778,1.0
dbpedia_63204,sales_4609,1.0
dbpedia_10586,sales_347,1.0
dbpedia_20602,sales_3786,1.0
dbpedia_26042,sales_2970,1.0
dbpedia_27773,sales_4353,1.0
dbpedia_2956,sales_1183,1.0
dbpedia_45718,sales_716,1.0
dbpedia_26851,sales_4904,1.0
dbpedia_8834,sales_3498,1.0
dbpedia_17044,sales_3129,1.0
dbpedia_22933,sales_2518,1.0
dbpedia_14434,sales_530,1.0
dbpedia_52650,sales_160,1.0
dbpedia_64279,sales_1245,1.0
dbpedia_34762,sales_79,1.0
dbpedia_26348,sales_5347,1.0
dbpedia_17557,sales_1112,1.0
dbpedia_7516,sales_1073,1.0
dbpedia_8200,sales_1888,1.0
dbpedia_52787,sales_805,1.0
dbpedia_17762,sales_1603,1.0
dbpedia_1056,sales_1846,1.0
dbpedia_26302,sales_5397,1.0
dbpedia_7847,sales_219,1.0
dbpedia_15430,sales_2770,1.0
dbpedia_25606,sales_1701,1.0
dbpedia_50634,sales_4114,1.0
dbpedia_52888,sales_5411,1.0
dbpedia_23966,sales_6695,1.0
dbpedia_16126,sales_2547,1.0
dbpedia_19443,sales_2622,1.0
dbpedia_21231,sales_7485,1.0
dbpedia_59143,sales_5151,1.0
dbpedia_5954,sales_3431,1.0
dbpedia_48803,sales_2867,1.0
dbpedia_50572,sales_4238,1.0
dbpedia_6378,sales_1679,1.0
dbpedia_21746,sales_914,1.0
dbpedia_45947,sales_2706,1.0
dbpedia_42868,sales_2388,1.0
dbpedia_51984,sales_5625,1.0
dbpedia_15383,sales_1529,1.0
dbpedia_13321,sales_3426,1.0
dbpedia_63356,sales_1700,1.0
dbpedia_55721,sales_3679,1.0
dbpedia_17815,sales_558,1.0
dbpedia_43515,sales_5348,1.0
dbpedia_33636,sales_1714,1.0
dbpedia_16399,sales_5442,1.0
dbpedia_15813,sales_4704,1.0
dbpedia_62039,sales_6227,1.0
dbpedia_54132,sales_4719,1.0
dbpedia_22502,sales_903,1.0
dbpedia_49851,sales_1268,1.0
dbpedia_50028,sales_238,1.0
dbpedia_26725,sales_2094,1.0
dbpedia_40031,sales_45,1.0
dbpedia_3590,sales_2075,1.0
dbpedia_25887,sales_6084,1.0
dbpedia_54086,sales_4471,1.0
dbpedia_12523,sales_5500,1.0
dbpedia_15858,sales_2996,1.0
dbpedia_57495,sales_4873,1.0
dbpedia_11303,sales_2204,1.0
dbpedia_27238,sales_5465,1.0
dbpedia_61538,sales_483,1.0
dbpedia_54088,sales_761,1.0
dbpedia_29252,sales_1680,1.0
dbpedia_25775,sales_1969,1.0
dbpedia_1231,sales_4495,1.0
dbpedia_58056,sales_874,1.0
dbpedia_29841,sales_2737,1.0
dbpedia_8999,sales_4108,1.0
dbpedia_17158,sales_5455,1.0
dbpedia_40043,sales_5067,1.0
dbpedia_29589,sales_6242,1.0
dbpedia_5898,sales_5850,1.0
dbpedia_41725,sales_379,1.0
dbpedia_38004,sales_2955,1.0
dbpedia_19381,sales_4852,1.0
dbpedia_30873,sales_5473,1.0
dbpedia_29408,sales_2612,1.0
dbpedia_27348,sales_2506,1.0
dbpedia_10557,sales_1243,1.0
dbpedia_40436,sales_7743,1.0
dbpedia_7581,sales_97,1.0
dbpedia_16108,sales_1237,1.0
dbpedia_31895,sales_5961,1.0
dbpedia_12462,sales_291,1.0
dbpedia_10888,sales_3834,1.0
dbpedia_64833,sales_5871,1.0
dbpedia_7412,sales_362,0.9972340425531914
dbpedia_13292,sales_3592,0.9972340425531914
dbpedia_21281,sales_4833,1.0
dbpedia_19946,sales_4041,1.0
dbpedia_9541,sales_155,1.0
dbpedia_531,sales_355,1.0
dbpedia_17565,sales_4278,1.0
dbpedia_5873,sales_6914,1.0
dbpedia_5968,sales_6582,1.0
dbpedia_26164,sales_5545,1.0
dbpedia_44393,sales_932,1.0
dbpedia_54142,sales_5050,1.0
dbpedia_60775,sales_7020,1.0
dbpedia_47775,sales_5431,1.0
dbpedia_54112,sales_1462,1.0
dbpedia_19498,sales_5307,1.0
dbpedia_43665,sales_626,1.0
dbpedia_22856,sales_5498,1.0
dbpedia_10403,sales_6731,1.0
dbpedia_732,sales_5904,1.0
dbpedia_41668,sales_251,1.0
dbpedia_34393,sales_87,1.0
dbpedia_3146,sales_828,1.0
dbpedia_16258,sales_6054,1.0
dbpedia_17407,sales_944,1.0
dbpedia_31093,sales_1630,1.0
dbpedia_55079,sales_500,1.0
dbpedia_18280,sales_39,1.0
dbpedia_38953,sales_271,1.0
dbpedia_23257,sales_3371,1.0
dbpedia_40856,sales_2790,1.0
dbpedia_4993,sales_884,1.0
dbpedia_45456,sales_7695,1.0
dbpedia_4041,sales_7706,1.0
dbpedia_3418,sales_7405,1.0
dbpedia_12037,sales_5527,1.0
dbpedia_34715,sales_2093,1.0
dbpedia_49026,sales_3988,1.0
dbpedia_5745,sales_2604,1.0
dbpedia_6534,sales_5352,1.0
dbpedia_10946,sales_5326,1.0
dbpedia_2147,sales_2797,1.0
dbpedia_57475,sales_1868,1.0
dbpedia_19076,sales_5567,1.0
dbpedia_61258,sales_420,1.0
dbpedia_17472,sales_2621,1.0
dbpedia_2072,sales_6228,1.0
dbpedia_57362,sales_5461,1.0
dbpedia_23672,sales_2079,1.0
dbpedia_6034,sales_3306,1.0
dbpedia_39397,sales_672,1.0
dbpedia_45941,sales_6780,1.0
dbpedia_26979,sales_4778,1.0
dbpedia_25238,sales_534,1.0
dbpedia_49480,sales_1094,1.0
dbpedia_15564,sales_2231,1.0
dbpedia_21610,sales_4345,1.0
dbpedia_28619,sales_5026,1.0
dbpedia_14947,sales_1791,1.0
dbpedia_62778,sales_31,1.0
dbpedia_3048,sales_5727,1.0
dbpedia_20132,sales_6628,1.0
dbpedia_25715,sales_6202,1.0
dbpedia_38676,sales_7829,1.0
dbpedia_48489,sales_6949,1.0
dbpedia_40234,sales_373,1.0
dbpedia_19285,sales_6301,1.0
dbpedia_39505,sales_4585,1.0
dbpedia_58559,sales_4190,1.0
dbpedia_29295,sales_1725,1.0
dbpedia_21574,sales_3660,1.0
dbpedia_17172,sales_965,1.0
dbpedia_22433,sales_2600,1.0
dbpedia_42332,sales_4119,1.0
dbpedia_12871,sales_2360,1.0
dbpedia_7148,sales_2010,1.0
dbpedia_47253,sales_1403,1.0
dbpedia_7150,sales_4570,1.0
dbpedia_57167,sales_4807,1.0
dbpedia_1347,sales_4915,1.0
dbpedia_34276,sales_2848,1.0
dbpedia_48112,sales_4886,1.0
dbpedia_29346,sales_2512,1.0
dbpedia_2220,sales_3738,1.0
dbpedia_24607,sales_3397,1.0
dbpedia_24289,sales_4891,1.0
dbpedia_22846,sales_4562,1.0
dbpedia_40337,sales_3947,1.0
dbpedia_20950,sales_1376,1.0
dbpedia_27371,sales_2035,1.0
dbpedia_23730,sales_6139,1.0
dbpedia_26265,sales_4421,1.0
dbpedia_5058,sales_7196,1.0
dbpedia_6077,sales_2294,1.0
dbpedia_29238,sales_1217,1.0
dbpedia_22649,sales_3186,1.0
dbpedia_15563,sales_4991,1.0
dbpedia_38579,sales_522,1.0
dbpedia_5679,sales_4152,1.0
dbpedia_27059,sales_3472,1.0
dbpedia_59121,sales_5211,1.0
dbpedia_47136,sales_353,1.0
dbpedia_26059,sales_2006,1.0
dbpedia_44200,sales_6885,1.0
dbpedia_32961,sales_3534,1.0
dbpedia_9542,sales_7004,1.0
dbpedia_1660,sales_3524,1.0
dbpedia_15050,sales_4379,1.0
dbpedia_28685,sales_1071,1.0
dbpedia_10458,sales_3167,1.0
dbpedia_51979,sales_3991,1.0
dbpedia_46701,sales_5190,1.0
dbpedia_2453,sales_737,1.0
dbpedia_13921,sales_662,1.0
dbpedia_52396,sales_21,1.0
dbpedia_55292,sales_599,1.0
dbpedia_18325,sales_5565,1.0
dbpedia_39173,sales_4603,1.0
dbpedia_39732,sales_6425,1.0
dbpedia_5,sales_2555,1.0
dbpedia_14604,sales_881,1.0
dbpedia_37486,sales_4297,1.0
dbpedia_7448,sales_4457,1.0
dbpedia_46279,sales_6290,1.0
dbpedia_1903,sales_2810,1.0
dbpedia_40520,sales_165,1.0
dbpedia_757,sales_51,1.0
dbpedia_724,sales_4468,1.0
dbpedia_51444,sales_3035,1.0
dbpedia_6422,sales_4283,1.0
dbpedia_1060,sales_810,1.0
dbpedia_60899,sales_27,1.0
dbpedia_44029,sales_3849,1.0
dbpedia_17164,sales_2347,1.0
dbpedia_14803,sales_6413,1.0
dbpedia_8744,sales_1622,1.0
dbpedia_9553,sales_6317,1.0
dbpedia_9131,sales_5851,1.0
dbpedia_31666,sales_121,1.0
dbpedia_905,sales_1832,1.0
dbpedia_27460,sales_5835,1.0
dbpedia_44881,sales_6798,1.0
dbpedia_13304,sales_6015,1.0
dbpedia_22016,sales_4183,1.0
dbpedia_48519,sales_897,1.0
dbpedia_677,sales_6375,1.0
dbpedia_37489,sales_441,1.0
dbpedia_26044,sales_2348,1.0
dbpedia_61967,sales_3463,1.0
dbpedia_47519,sales_5185,1.0
dbpedia_47913,sales_3439,1.0
dbpedia_38172,sales_4612,1.0
dbpedia_25981,sales_684,1.0
dbpedia_63522,sales_503,1.0
dbpedia_37466,sales_452,1.0
dbpedia_6024,sales_5888,1.0
dbpedia_60214,sales_4230,1.0
dbpedia_56868,sales_1038,1.0
dbpedia_60141,sales_6520,1.0
dbpedia_39032,sales_4496,1.0
dbpedia_63284,sales_5752,1.0
dbpedia_79,sales_3293,1.0
dbpedia_12730,sales_3688,1.0
dbpedia_3024,sales_2761,1.0
dbpedia_10526,sales_2811,1.0
dbpedia_25053,sales_6071,1.0
dbpedia_21106,sales_1156,1.0
dbpedia_17171,sales_2826,1.0
dbpedia_9004,sales_1325,1.0
dbpedia_28984,sales_6449,1.0
dbpedia_14753,sales_5376,1.0
dbpedia_28474,sales_4804,1.0
dbpedia_63644,sales_7038,1.0
dbpedia_22604,sales_1150,1.0
dbpedia_51423,sales_3031,1.0
dbpedia_35349,sales_3394,1.0
dbpedia_51010,sales_612,1.0
dbpedia_24591,sales_3864,1.0
dbpedia_43130,sales_5520,1.0
dbpedia_9919,sales_5715,1.0
dbpedia_7640,sales_7735,1.0
dbpedia_9342,sales_3883,1.0
dbpedia_52356,sales_1591,1.0
dbpedia_9917,sales_2173,1.0
dbpedia_34869,sales_4012,1.0
dbpedia_59100,sales_1093,1.0
dbpedia_39350,sales_3016,1.0
dbpedia_17358,sales_1396,1.0
dbpedia_54762,sales_3916,1.0
dbpedia_40881,sales_1898,1.0
dbpedia_40453,sales_7393,1.0
dbpedia_8460,sales_2896,1.0
dbpedia_40157,sales_93,1.0
dbpedia_2493,sales_6774,1.0
dbpedia_5002,sales_6278,1.0
dbpedia_15369,sales_2833,1.0
dbpedia_32969,sales_3453,1.0
dbpedia_13691,sales_4128,1.0
dbpedia_1125,sales_3158,1.0
dbpedia_20159,sales_6450,1.0
dbpedia_52164,sales_7595,1.0
dbpedia_48200,sales_3272,1.0
dbpedia_13479,sales_6972,1.0
dbpedia_3373,sales_2448,1.0
dbpedia_38151,sales_1858,1.0
dbpedia_33729,sales_2463,1.0
dbpedia_55315,sales_1235,1.0
dbpedia_53797,sales_3892,1.0
dbpedia_48521,sales_7534,1.0
dbpedia_60606,sales_2736,1.0
dbpedia_9139,sales_4298,1.0
dbpedia_48251,sales_7436,1.0
dbpedia_55185,sales_2304,1.0
dbpedia_47523,sales_5293,1.0
dbpedia_58552,sales_3413,1.0
dbpedia_41008,sales_103,1.0
dbpedia_6929,sales_3128,1.0
dbpedia_1135,sales_6911,1.0
dbpedia_56908,sales_137,1.0
dbpedia_1471,sales_616,1.0
dbpedia_22803,sales_695,1.0
dbpedia_30762,sales_472,1.0
dbpedia_51172,sales_1893,1.0
dbpedia_11236,sales_644,1.0
dbpedia_42697,sales_3823,1.0
dbpedia_42520,sales_3645,1.0
dbpedia_23399,sales_4459,1.0
dbpedia_11879,sales_218,1.0
dbpedia_51077,sales_1500,1.0
dbpedia_8691,sales_3465,1.0
dbpedia_25943,sales_5944,1.0
dbpedia_40500,sales_1259,1.0
dbpedia_51486,sales_7637,1.0
dbpedia_17582,sales_2066,1.0
dbpedia_42715,sales_3090,1.0
dbpedia_39218,sales_1605,1.0
dbpedia_18166,sales_436,1.0
dbpedia_63258,sales_4301,1.0
dbpedia_3445,sales_804,1.0
dbpedia_1787,sales_2884,1.0
dbpedia_48541,sales_1727,1.0
dbpedia_20121,sales_1631,1.0
dbpedia_62350,sales_4110,1.0
dbpedia_19538,sales_7842,1.0
dbpedia_13111,sales_3403,1.0
dbpedia_354,sales_2548,1.0
dbpedia_25835,sales_5917,1.0
dbpedia_12619,sales_5497,1.0
dbpedia_25703,sales_5374,1.0
dbpedia_20635,sales_3436,1.0
dbpedia_22057,sales_5039,1.0
dbpedia_47111,sales_1362,1.0
dbpedia_51114,sales_2227,1.0
dbpedia_34939,sales_808,1.0
dbpedia_22929,sales_1561,1.0
dbpedia_58590,sales_3783,1.0
dbpedia_14639,sales_1249,1.0
dbpedia_6029,sales_1623,1.0
dbpedia_23230,sales_5128,1.0
dbpedia_28597,sales_3877,1.0
dbpedia_7756,sales_3587,1.0
dbpedia_56996,sales_5810,1.0
dbpedia_51671,sales_1406,1.0
dbpedia_20613,sales_7469,1.0
dbpedia_50238,sales_836,1.0
dbpedia_55590,sales_7547,1.0
dbpedia_43789,sales_2746,1.0
dbpedia_10091,sales_5153,1.0
dbpedia_24294,sales_5123,1.0
dbpedia_45478,sales_6551,1.0
dbpedia_49374,sales_4890,1.0
dbpedia_43112,sales_1569,1.0
dbpedia_51885,sales_3274,1.0
dbpedia_35107,sales_179,1.0
dbpedia_43545,sales_6019,1.0
dbpedia_57410,sales_740,1.0
dbpedia_20533,sales_4310,1.0
dbpedia_31956,sales_431,1.0
dbpedia_57790,sales_1689,1.0
dbpedia_5136,sales_491,1.0
dbpedia_11441,sales_1626,1.0
dbpedia_31939,sales_6017,1.0
dbpedia_13159,sales_3340,1.0
dbpedia_54439,sales_4754,1.0
dbpedia_1916,sales_2333,1.0
dbpedia_9513,sales_2629,1.0
dbpedia_53693,sales_2856,1.0
dbpedia_30328,sales_2086,1.0
dbpedia_19820,sales_84,1.0
dbpedia_39616,sales_595,1.0
dbpedia_1482,sales_4386,1.0
dbpedia_37356,sales_7435,1.0
dbpedia_52097,sales_394,1.0
dbpedia_29335,sales_20,1.0
dbpedia_40415,sales_3580,1.0
dbpedia_22785,sales_1299,1.0
dbpedia_18496,sales_733,1.0
dbpedia_63491,sales_5516,1.0
dbpedia_64344,sales_2504,1.0
dbpedia_5741,sales_649,1.0
dbpedia_43790,sales_1439,1.0
dbpedia_2715,sales_2969,1.0
dbpedia_19142,sales_4776,1.0
dbpedia_35348,sales_2447,1.0
dbpedia_51762,sales_3641,1.0
dbpedia_38663,sales_7041,1.0
dbpedia_20956,sales_4823,1.0
dbpedia_2375,sales_2774,1.0
dbpedia_57894,sales_4463,1.0
dbpedia_4885,sales_4023,1.0
dbpedia_47829,sales_3202,1.0
dbpedia_21473,sales_5642,1.0
dbpedia_54050,sales_4274,1.0
dbpedia_16596,sales_6973,1.0
dbpedia_10427,sales_4315,1.0
dbpedia_63156,sales_3742,1.0
dbpedia_17097,sales_1361,1.0
dbpedia_21447,sales_2858,1.0
dbpedia_48543,sales_5859,1.0
dbpedia_7562,sales_5798,1.0
dbpedia_14263,sales_7447,1.0
dbpedia_13929,sales_3316,1.0
dbpedia_18028,sales_3061,1.0
dbpedia_17169,sales_1383,1.0
dbpedia_21289,sales_543,1.0
dbpedia_6587,sales_3669,1.0
dbpedia_54391,sales_5695,1.0
dbpedia_23712,sales_6116,1.0
dbpedia_8269,sales_5948,1.0
dbpedia_39775,sales_6102,1.0
dbpedia_32270,sales_4894,1.0
dbpedia_28811,sales_2791,1.0
dbpedia_5680,sales_4801,1.0
dbpedia_22345,sales_1833,1.0
dbpedia_11234,sales_7412,1.0
dbpedia_19215,sales_739,1.0
dbpedia_13465,sales_3960,1.0
dbpedia_16737,sales_3392,1.0
dbpedia_13355,sales_2040,1.0
dbpedia_64761,sales_7427,1.0
dbpedia_60681,sales_5988,1.0
dbpedia_35222,sales_2176,1.0
dbpedia_208,sales_7109,1.0
dbpedia_57079,sales_6549,1.0
dbpedia_53763,sales_4422,1.0
dbpedia_45934,sales_5867,1.0
dbpedia_2816,sales_2076,1.0
dbpedia_53680,sales_531,1.0
dbpedia_14347,sales_5107,1.0
dbpedia_45297,sales_2800,1.0
dbpedia_149,sales_6218,1.0
dbpedia_5775,sales_3827,1.0
dbpedia_61027,sales_3944,1.0
dbpedia_26408,sales_3920,1.0
dbpedia_7920,sales_2993,1.0
dbpedia_15505,sales_682,1.0
dbpedia_15289,sales_2843,1.0
dbpedia_60649,sales_600,1.0
dbpedia_17295,sales_2637,1.0
dbpedia_34339,sales_5142,1.0
dbpedia_27279,sales_2592,1.0
dbpedia_51747,sales_6889,1.0
dbpedia_1944,sales_2437,1.0
dbpedia_49562,sales_4869,1.0
dbpedia_18023,sales_4445,1.0
dbpedia_25321,sales_3485,1.0
dbpedia_51831,sales_5386,1.0
dbpedia_14697,sales_3974,1.0
dbpedia_52440,sales_105,1.0
dbpedia_15336,sales_6319,1.0
dbpedia_13831,sales_976,1.0
dbpedia_14990,sales_5517,1.0
dbpedia_26560,sales_6698,1.0
dbpedia_54856,sales_3480,1.0
dbpedia_29353,sales_3109,1.0
dbpedia_13833,sales_6652,1.0
dbpedia_49891,sales_1879,0.9972340425531914
dbpedia_29537,sales_3782,1.0
dbpedia_46025,sales_2259,1.0
dbpedia_8067,sales_1054,1.0
dbpedia_63061,sales_1379,1.0
dbpedia_64130,sales_7316,1.0
dbpedia_32600,sales_6969,1.0
dbpedia_40227,sales_4379,1.0
dbpedia_15986,sales_5931,0.9324880566813143
dbpedia_24826,sales_4008,1.0
dbpedia_21385,sales_6185,1.0
dbpedia_1714,sales_4222,0.9512424244377577
dbpedia_13770,sales_142,1.0
dbpedia_31474,sales_1100,1.0
dbpedia_2794,sales_2976,1.0
dbpedia_47885,sales_4817,1.0
dbpedia_27028,sales_3009,1.0
dbpedia_42386,sales_7140,1.0
dbpedia_29156,sales_6565,1.0
dbpedia_5593,sales_2016,1.0
dbpedia_21176,sales_6854,1.0
dbpedia_10801,sales_5977,1.0
dbpedia_22210,sales_1301,1.0
dbpedia_40807,sales_1415,1.0
dbpedia_20490,sales_2851,1.0
dbpedia_2587,sales_1174,1.0
dbpedia_52556,sales_6419,1.0
dbpedia_20374,sales_6977,1.0
dbpedia_5653,sales_4727,1.0
dbpedia_30433,sales_1610,1.0
dbpedia_22429,sales_1372,1.0
dbpedia_9732,sales_1907,0.9972340425531914
dbpedia_36384,sales_7397,1.0
dbpedia_11452,sales_5442,1.0
dbpedia_50297,sales_4967,1.0
dbpedia_37919,sales_2380,1.0
dbpedia_12595,sales_2596,1.0
dbpedia_2640,sales_2926,1.0
dbpedia_13631,sales_4706,1.0
dbpedia_52846,sales_6450,1.0
dbpedia_12445,sales_7329,1.0
dbpedia_7028,sales_4151,1.0
dbpedia_42053,sales_3022,1.0
dbpedia_1574,sales_290,1.0
dbpedia_8998,sales_1787,1.0
dbpedia_53410,sales_2622,1.0
dbpedia_10256,sales_4656,1.0
dbpedia_45142,sales_1988,1.0
dbpedia_33752,sales_7370,1.0
dbpedia_16413,sales_7192,1.0
dbpedia_51130,sales_192,1.0
dbpedia_45213,sales_4142,1.0
dbpedia_17972,sales_2466,1.0
dbpedia_30706,sales_6922,1.0
dbpedia_46574,sales_3682,1.0
dbpedia_6512,sales_6397,1.0
dbpedia_1743,sales_6323,1.0
dbpedia_4493,sales_6781,1.0
dbpedia_24005,sales_3723,1.0
dbpedia_45628,sales_5649,1.0
dbpedia_35029,sales_5512,1.0
dbpedia_31269,sales_5812,1.0
dbpedia_20249,sales_4014,1.0
dbpedia_11670,sales_4130,1.0
dbpedia_44606,sales_4736,1.0
dbpedia_60088,sales_1780,1.0
dbpedia_1107,sales_117,1.0
dbpedia_18429,sales_2305,1.0
dbpedia_27506,sales_6520,1.0
dbpedia_2381,sales_1130,1.0
dbpedia_57095,sales_5308,1.0
dbpedia_12575,sales_7201,1.0
dbpedia_37747,sales_4308,1.0
dbpedia_25825,sales_5120,1.0
dbpedia_57077,sales_5787,1.0
dbpedia_34451,sales_6690,1.0
dbpedia_60398,sales_1354,1.0
dbpedia_18666,sales_6891,1.0
dbpedia_21075,sales_6359,1.0
dbpedia_4776,sales_3509,1.0
dbpedia_41899,sales_2652,0.9738138151718598
dbpedia_8356,sales_6849,1.0
dbpedia_8597,sales_2250,1.0
dbpedia_29161,sales_2876,1.0
dbpedia_4079,sales_5870,1.0
dbpedia_17118,sales_5176,1.0
dbpedia_8544,sales_2835,1.0
dbpedia_22873,sales_5450,0.9637145174320313
dbpedia_7001,sales_3443,1.0
dbpedia_2127,sales_6942,1.0
dbpedia_53224,sales_4941,1.0
dbpedia_57416,sales_5383,1.0
dbpedia_14385,sales_4544,1.0
dbpedia_5153,sales_7794,1.0
dbpedia_32637,sales_4304,1.0
dbpedia_25757,sales_7080,1.0
dbpedia_20044,sales_5319,1.0
dbpedia_63196,sales_6866,1.0
dbpedia_21562,sales_1756,1.0
dbpedia_12830,sales_1185,0.9900068027210884
dbpedia_5020,sales_1574,1.0
dbpedia_40357,sales_1207,1.0
dbpedia_25671,sales_1065,1.0
dbpedia_59712,sales_1052,1.0
dbpedia_6415,sales_166,1.0
dbpedia_26503,sales_6397,1.0
dbpedia_51413,sales_2567,1.0
dbpedia_24655,sales_1056,1.0
dbpedia_28458,sales_6525,1.0
dbpedia_30379,sales_900,1.0
dbpedia_21787,sales_1767,1.0
dbpedia_17260,sales_5009,1.0
dbpedia_17841,sales_3400,1.0
dbpedia_56185,sales_1327,1.0
dbpedia_8003,sales_6088,0.99
dbpedia_17393,sales_6434,1.0
dbpedia_11266,sales_5843,1.0
dbpedia_12411,sales_5614,0.930640546618232
dbpedia_3210,sales_1867,1.0
dbpedia_28139,sales_2933,1.0
dbpedia_41013,sales_2307,0.993953488372093
dbpedia_23934,sales_1652,1.0
dbpedia_9440,sales_3638,1.0
dbpedia_19283,sales_3541,1.0
dbpedia_34106,sales_2861,1.0
dbpedia_34215,sales_4867,1.0
dbpedia_57968,sales_1182,0.9900068027210884
dbpedia_47621,sales_6218,1.0
dbpedia_7590,sales_5465,1.0
dbpedia_18944,sales_1389,0.99
dbpedia_14988,sales_3447,0.993953488372093
dbpedia_8868,sales_4757,0.9666226050184383
dbpedia_6817,sales_1667,1.0
dbpedia_16684,sales_482,1.0
dbpedia_29211,sales_3439,0.993953488372093
dbpedia_64875,sales_6874,1.0
dbpedia_19485,sales_833,1.0
dbpedia_26138,sales_3684,0.9002695035460994
dbpedia_12059,sales_1345,1.0
dbpedia_15816,sales_6429,1.0
dbpedia_15186,sales_4379,1.0
dbpedia_63983,sales_6213,1.0
dbpedia_56323,sales_5218,1.0
dbpedia_37546,sales_6218,1.0
dbpedia_52619,sales_3778,1.0
dbpedia_18444,sales_2861,1.0
dbpedia_24131,sales_6683,1.0
dbpedia_16365,sales_7064,1.0
dbpedia_54711,sales_1164,1.0
dbpedia_27335,sales_5322,1.0
dbpedia_8388,sales_4032,1.0
dbpedia_23004,sales_1977,0.9817287994743351
dbpedia_20021,sales_3160,0.9538541975919513
dbpedia_30714,sales_2087,1.0
dbpedia_8329,sales_1854,1.0
dbpedia_21147,sales_4794,1.0
dbpedia_54778,sales_4734,0.9943401360544217
dbpedia_1076,sales_3737,1.0
dbpedia_26383,sales_7734,0.9030354609929079
dbpedia_56905,sales_7687,0.9638566475716298
dbpedia_10724,sales_6818,0.972900709219858
dbpedia_951,sales_5624,1.0
dbpedia_45226,sales_5460,1.0
dbpedia_13697,sales_7674,1.0
dbpedia_13348,sales_2669,1.0
dbpedia_51717,sales_5050,1.0
dbpedia_9031,sales_5751,1.0
dbpedia_20322,sales_791,0.9823528018389258
dbpedia_18292,sales_6203,0.9618253975716299
dbpedia_17646,sales_6246,0.9638566475716298
dbpedia_20110,sales_6317,1.0
dbpedia_31571,sales_6450,1.0
dbpedia_16133,sales_4679,1.0
dbpedia_4190,sales_4455,1.0
dbpedia_12487,sales_1546,1.0
dbpedia_43870,sales_747,1.0
dbpedia_48464,sales_6317,1.0
dbpedia_31336,sales_275,0.9559944543215977
dbpedia_5849,sales_1910,1.0
dbpedia_16431,sales_5129,1.0
dbpedia_59147,sales_4549,1.0
dbpedia_26526,sales_6524,1.0
dbpedia_19632,sales_2640,1.0
dbpedia_44489,sales_3601,0.9760266591038003
dbpedia_61363,sales_2718,1.0
dbpedia_39513,sales_6520,1.0
dbpedia_18139,sales_432,0.9802893726397716
dbpedia_39006,sales_1551,1.0
dbpedia_5862,sales_5136,1.0
dbpedia_49549,sales_2366,1.0
dbpedia_18031,sales_4560,1.0
dbpedia_62701,sales_5541,1.0
dbpedia_23220,sales_321,1.0
dbpedia_36455,sales_2456,1.0
dbpedia_64991,sales_1737,1.0
dbpedia_62004,sales_3223,0.9886930851886209
dbpedia_10156,sales_6585,1.0
dbpedia_36186,sales_67,0.9781544735714486
dbpedia_13531,sales_950,0.9872536583540572
dbpedia_3696,sales_6289,1.0
dbpedia_63854,sales_825,0.9900068027210884
dbpedia_4083,sales_3296,1.0
dbpedia_47175,sales_4203,0.9860266591038003
dbpedia_22139,sales_991,0.9942179440683431
dbpedia_57225,sales_3717,1.0
dbpedia_35857,sales_88,1.0
dbpedia_21101,sales_872,1.0
dbpedia_22893,sales_3068,1.0
dbpedia_52634,sales_3017,1.0
dbpedia_60117,sales_3389,1.0
dbpedia_27944,sales_5594,0.9972340425531914
dbpedia_44468,sales_4941,1.0
dbpedia_35615,sales_7495,0.99
dbpedia_2565,sales_3488,1.0
dbpedia_54591,sales_1432,1.0
dbpedia_25440,sales_6182,1.0
dbpedia_64360,sales_723,1.0
dbpedia_3625,sales_4214,0.9872536583540572
dbpedia_496,sales_6205,1.0
dbpedia_5285,sales_2173,1.0
dbpedia_53752,sales_6386,0.993953488372093
dbpedia_9626,sales_3174,1.0
dbpedia_59993,sales_1614,1.0
dbpedia_43294,sales_1641,0.9800068027210884
dbpedia_33151,sales_2202,0.9786353065539112
dbpedia_49773,sales_4849,1.0
dbpedia_24645,sales_1628,0.9399479426936908
dbpedia_26000,sales_4566,0.9348976809804259
dbpedia_36473,sales_5501,0.9842179440683431
dbpedia_23381,sales_3326,1.0
dbpedia_28762,sales_5817,0.99
dbpedia_31288,sales_1484,1.0
dbpedia_55477,sales_5350,0.972900709219858
dbpedia_64071,sales_3534,0.993953488372093
dbpedia_36931,sales_2885,1.0
dbpedia_33267,sales_3149,1.0
dbpedia_56255,sales_1155,1.0
dbpedia_52774,sales_1253,0.9097688602064684
dbpedia_20897,sales_688,1.0
dbpedia_54100,sales_6572,1.0
dbpedia_19104,sales_1099,0.9772340425531914
dbpedia_25414,sales_2102,1.0
dbpedia_39508,sales_6044,1.0
dbpedia_42626,sales_1471,1.0
dbpedia_49618,sales_366,1.0
dbpedia_12044,sales_996,0.9786353065539112
dbpedia_32778,sales_4332,1.0
dbpedia_54955,sales_3348,1.0
dbpedia_11297,sales_3062,0.9900068027210884
dbpedia_32033,sales_4944,1.0
dbpedia_28195,sales_4315,1.0
dbpedia_19275,sales_3365,1.0
dbpedia_62970,sales_3528,1.0
dbpedia_61511,sales_5690,0.9337145174320313
dbpedia_57420,sales_5850,1.0
dbpedia_14801,sales_1015,1.0
dbpedia_36285,sales_6546,1.0
dbpedia_56586,sales_3210,0.9872536583540572
dbpedia_53048,sales_7798,1.0
dbpedia_13103,sales_2043,1.0
dbpedia_60328,sales_1015,1.0
dbpedia_45246,sales_5056,0.972900709219858
dbpedia_27487,sales_616,1.0
dbpedia_902,sales_1057,0.9872536583540572
dbpedia_18583,sales_4310,1.0
dbpedia_8089,sales_4032,1.0
dbpedia_44654,sales_5183,1.0
dbpedia_48015,sales_7301,1.0
dbpedia_6432,sales_1858,0.993953488372093
dbpedia_5886,sales_497,0.9800068027210884
dbpedia_39238,sales_2537,1.0
dbpedia_9789,sales_3636,1.0
dbpedia_20173,sales_6795,0.99
dbpedia_14769,sales_5035,1.0
dbpedia_17006,sales_6823,1.0
dbpedia_47403,sales_2641,0.9860043541729588
dbpedia_2010,sales_4429,1.0
dbpedia_3666,sales_2422,1.0
dbpedia_19414,sales_522,1.0
dbpedia_219,sales_589,0.9618253975716299
dbpedia_4633,sales_421,1.0
dbpedia_3683,sales_732,0.9860043541729588
dbpedia_25982,sales_6849,1.0
dbpedia_11553,sales_7794,1.0
dbpedia_12055,sales_3962,0.9860266591038003
dbpedia_35934,sales_4459,1.0
dbpedia_1055,sales_6720,1.0
dbpedia_40452,sales_3239,1.0
dbpedia_7877,sales_4889,1.0
dbpedia_13645,sales_5176,1.0
dbpedia_13051,sales_977,0.9125348176532769
dbpedia_378,sales_6714,1.0
dbpedia_29081,sales_4669,0.9738138151718598
dbpedia_30973,sales_443,1.0
dbpedia_40303,sales_6397,1.0
dbpedia_14244,sales_6427,1.0
dbpedia_30307,sales_136,0.9900068027210884
dbpedia_10931,sales_832,1.0
dbpedia_23017,sales_6797,1.0
dbpedia_5241,sales_6938,1.0
dbpedia_47113,sales_3430,0.9406620949686498
dbpedia_16889,sales_2101,0.9406620949686498
dbpedia_6844,sales_5424,1.0
dbpedia_36156,sales_1603,1.0
dbpedia_29718,sales_2996,1.0
dbpedia_22163,sales_7617,0.9517099567099568
dbpedia_57706,sales_2631,0.9872536583540572
dbpedia_29968,sales_202,1.0
dbpedia_60727,sales_4138,1.0
dbpedia_11034,sales_812,1.0
dbpedia_23532,sales_6336,1.0
dbpedia_2682,sales_5293,0.993953488372093
dbpedia_53958,sales_534,1.0
dbpedia_21679,sales_6725,0.99
dbpedia_3453,sales_6596,1.0
dbpedia_2029,sales_6943,0.9138175578443533
dbpedia_19560,sales_5456,1.0
dbpedia_5956,sales_6142,1.0
dbpedia_53816,sales_5258,1.0
dbpedia_45737,sales_751,1.0
dbpedia_40464,sales_7343,1.0
dbpedia_8049,sales_1706,1.0
dbpedia_7201,sales_558,1.0
dbpedia_485,sales_2179,0.9091012664088524
dbpedia_55983,sales_7259,0.9206990341392012
dbpedia_1273,sales_3771,1.0
dbpedia_58839,sales_2396,1.0
dbpedia_63846,sales_2860,1.0
dbpedia_16314,sales_1215,1.0
dbpedia_384,sales_2674,1.0
dbpedia_12175,sales_5577,0.9577398373983741
dbpedia_39058,sales_6849,1.0
dbpedia_8840,sales_3925,1.0
dbpedia_35402,sales_690,1.0
dbpedia_7901,sales_7038,1.0
dbpedia_26782,sales_7416,0.9886930851886209
dbpedia_14252,sales_2630,1.0
dbpedia_50668,sales_4190,1.0
dbpedia_8871,sales_5742,0.9886734693877551
dbpedia_33194,sales_1584,1.0
dbpedia_1239,sales_3547,1.0
dbpedia_29074,sales_1329,1.0
dbpedia_36672,sales_2254,0.9399479426936908
dbpedia_37002,sales_2580,1.0
dbpedia_49111,sales_439,0.9618253975716299
dbpedia_26748,sales_5605,0.9593508476379908
dbpedia_23155,sales_2730,1.0
dbpedia_28299,sales_5050,1.0
dbpedia_49413,sales_4816,1.0
dbpedia_63731,sales_5598,0.9772340425531914
dbpedia_3049,sales_3072,0.922234631155124
dbpedia_10954,sales_526,0.9911875309252846
dbpedia_11949,sales_7612,1.0
dbpedia_52121,sales_201,1.0
dbpedia_13997,sales_555,0.9800068027210884
dbpedia_49495,sales_2275,0.989890988372093
dbpedia_4146,sales_3174,1.0
dbpedia_51879,sales_1100,1.0
dbpedia_56366,sales_564,0.9956573709029066
dbpedia_40656,sales_611,1.0
dbpedia_21232,sales_7087,0.9311370044498003
dbpedia_37880,sales_4557,1.0
dbpedia_46938,sales_2061,0.9917021276595744
dbpedia_30743,sales_1241,1.0
dbpedia_64678,sales_3349,0.9569335274818431
dbpedia_16636,sales_5050,1.0
dbpedia_11612,sales_1245,1.0
dbpedia_31523,sales_2143,1.0
dbpedia_2743,sales_3734,0.9917021276595744
dbpedia_17271,sales_1161,1.0
dbpedia_34981,sales_6624,0.9764501384181327
dbpedia_17779,sales_5810,1.0
dbpedia_27649,sales_865,1.0
dbpedia_52564,sales_7029,0.9816606577395268
dbpedia_42936,sales_5341,1.0
dbpedia_61540,sales_6182,1.0
dbpedia_39662,sales_3145,1.0
dbpedia_13430,sales_2235,1.0
dbpedia_33512,sales_4153,1.0
dbpedia_61572,sales_7690,1.0
dbpedia_26115,sales_3322,0.972900709219858
dbpedia_32276,sales_6498,1.0
dbpedia_42701,sales_2381,1.0
dbpedia_60291,sales_5386,1.0
dbpedia_35398,sales_2208,1.0
dbpedia_39571,sales_5963,1.0
dbpedia_27588,sales_6144,0.9851187592857343
dbpedia_56677,sales_1665,0.9280683966582433
dbpedia_30962,sales_1424,1.0
dbpedia_25389,sales_3875,1.0
dbpedia_11975,sales_3128,1.0
dbpedia_21144,sales_6022,0.99
dbpedia_57932,sales_2046,1.0
dbpedia_58276,sales_1512,0.9860266591038003
dbpedia_2803,sales_2891,0.9911875309252846
dbpedia_32633,sales_1316,0.9538541975919513
dbpedia_32231,sales_377,1.0
dbpedia_53245,sales_6228,1.0
dbpedia_2561,sales_1787,1.0
dbpedia_44857,sales_6827,1.0
dbpedia_3867,sales_2352,0.9618253975716299
dbpedia_1420,sales_269,1.0
dbpedia_29344,sales_4692,1.0
dbpedia_30226,sales_5803,1.0
dbpedia_33624,sales_275,0.9475993925932026
dbpedia_15081,sales_1732,1.0
dbpedia_40885,sales_4921,0.9816606577395268
dbpedia_19817,sales_568,1.0
dbpedia_55536,sales_2561,0.9618253975716299
dbpedia_39887,sales_2314,1.0
dbpedia_61896,sales_118,1.0
dbpedia_42659,sales_1472,1.0
dbpedia_10280,sales_373,1.0
dbpedia_7364,sales_1280,1.0
dbpedia_30729,sales_1325,1.0
dbpedia_2570,sales_5178,1.0
dbpedia_21607,sales_4983,1.0
dbpedia_27590,sales_6041,1.0
dbpedia_10956,sales_4639,0.9360927131672283
dbpedia_46848,sales_109,1.0
dbpedia_41530,sales_4500,0.9986734693877551
dbpedia_5248,sales_579,1.0
dbpedia_7668,sales_3453,1.0
dbpedia_24865,sales_3328,0.9586734693877551
dbpedia_53167,sales_1551,1.0
dbpedia_64703,sales_55,0.9872340425531914
dbpedia_45895,sales_3207,0.9764501384181327
dbpedia_1361,sales_6069,0.9760266591038003
dbpedia_33392,sales_6086,0.9959375
dbpedia_53366,sales_3282,0.9790400684586732
dbpedia_39106,sales_1808,1.0
dbpedia_863,sales_4261,1.0
dbpedia_38785,sales_3380,0.9635993835559953
dbpedia_60296,sales_4085,1.0
dbpedia_54161,sales_2750,0.9959375
dbpedia_6792,sales_1165,1.0
dbpedia_18655,sales_3100,0.9429146626145172
dbpedia_17608,sales_5215,0.9433922580032943
dbpedia_22644,sales_592,1.0
dbpedia_14414,sales_3009,1.0
dbpedia_5717,sales_7007,0.9324880566813143
dbpedia_28134,sales_4640,1.0
dbpedia_50526,sales_695,1.0
dbpedia_5555,sales_5644,0.9598617719347575
dbpedia_44854,sales_2616,0.9390400684586732
dbpedia_50963,sales_5587,0.9468534259870128
dbpedia_31127,sales_856,1.0
dbpedia_10348,sales_164,1.0
dbpedia_21588,sales_1683,1.0
dbpedia_13776,sales_5454,1.0
dbpedia_25233,sales_2278,1.0
dbpedia_32783,sales_5632,0.9886930851886209
dbpedia_45153,sales_6011,1.0
dbpedia_59719,sales_1905,1.0
dbpedia_56501,sales_5509,1.0
dbpedia_35968,sales_15,1.0
dbpedia_4756,sales_1603,1.0
dbpedia_60739,sales_601,0.983607278138528
dbpedia_4031,sales_6797,1.0
dbpedia_24494,sales_5422,1.0
dbpedia_31750,sales_2946,1.0
dbpedia_36613,sales_1996,0.950757392542457
dbpedia_30781,sales_1032,1.0
dbpedia_17835,sales_1245,1.0
dbpedia_53063,sales_1230,1.0
dbpedia_3358,sales_1242,1.0
dbpedia_21049,sales_6053,0.9618253975716299
dbpedia_20516,sales_2214,1.0
dbpedia_48917,sales_5424,1.0
dbpedia_8731,sales_950,0.9023064416215145
dbpedia_41218,sales_2580,1.0
dbpedia_5054,sales_2522,1.0
dbpedia_33122,sales_1431,0.9872340425531916
dbpedia_33689,sales_3006,1.0
dbpedia_17153,sales_812,1.0
dbpedia_50010,sales_5036,0.9618253975716299
dbpedia_22232,sales_386,0.9795920165106211
dbpedia_12202,sales_3214,0.9860266591038003
dbpedia_42795,sales_4468,1.0
dbpedia_34859,sales_2259,1.0
dbpedia_8556,sales_3204,0.9917021276595744
dbpedia_3016,sales_1396,1.0
dbpedia_11180,sales_503,1.0
dbpedia_33483,sales_6934,1.0
dbpedia_15372,sales_30,0.9356146093603575
dbpedia_51869,sales_1191,0.9206990341392012
dbpedia_7220,sales_5106,0.9431555078887972
dbpedia_21009,sales_3206,1.0
dbpedia_19342,sales_5672,1.0
dbpedia_47785,sales_487,0.9842179440683431
dbpedia_31614,sales_5543,1.0
dbpedia_41589,sales_1752,1.0
dbpedia_51107,sales_14,1.0
dbpedia_51651,sales_5664,1.0
dbpedia_34431,sales_391,1.0
dbpedia_13255,sales_6088,0.99
dbpedia_46599,sales_350,0.983953488372093
dbpedia_38949,sales_4083,0.9760266591038003
dbpedia_12989,sales_1521,1.0
dbpedia_16066,sales_4209,1.0
dbpedia_60318,sales_2996,1.0
dbpedia_53320,sales_2708,0.9272082342744121
dbpedia_27570,sales_1130,0.993953488372093
dbpedia_21420,sales_2542,1.0
dbpedia_31661,sales_5336,1.0
dbpedia_19027,sales_2102,1.0
dbpedia_17462,sales_7310,0.989890988372093
dbpedia_4433,sales_5843,0.993953488372093
dbpedia_9220,sales_1837,0.9872340425531916
dbpedia_15972,sales_980,1.0
dbpedia_48014,sales_5356,0.9952027925531916
dbpedia_30032,sales_845,1.0
dbpedia_41598,sales_3840,0.98
dbpedia_63321,sales_1621,1.0
dbpedia_39990,sales_227,1.0
dbpedia_4728,sales_7714,0.99
dbpedia_1257,sales_7038,1.0
dbpedia_13052,sales_3387,1.0
dbpedia_23157,sales_2676,1.0
dbpedia_61300,sales_5921,1.0
dbpedia_5293,sales_1132,0.9618253975716299
dbpedia_14993,sales_5572,1.0
dbpedia_54668,sales_5114,0.9860266591038003
dbpedia_33699,sales_3220,1.0
dbpedia_59231,sales_2331,1.0
dbpedia_15795,sales_6289,1.0
dbpedia_10278,sales_3848,1.0
dbpedia_11392,sales_5061,0.9622047270780097
dbpedia_13567,sales_1496,1.0
dbpedia_51474,sales_7138,0.99
dbpedia_35018,sales_5932,1.0
dbpedia_8061,sales_7325,0.9618253975716299
dbpedia_30918,sales_28,1.0
dbpedia_60172,sales_2495,1.0
dbpedia_52641,sales_6953,0.9116752214999524
dbpedia_8369,sales_75,0.9872340425531916
dbpedia_47311,sales_272,1.0
dbpedia_14893,sales_1396,1.0
dbpedia_22586,sales_4876,0.99
dbpedia_3686,sales_778,1.0
dbpedia_51503,sales_2209,0.9959375
dbpedia_52404,sales_6780,1.0
dbpedia_34436,sales_1932,0.974536231884058
dbpedia_8197,sales_2131,1.0
dbpedia_60568,sales_7831,0.9618253975716299
dbpedia_59157,sales_4106,0.9354215734784759
dbpedia_36401,sales_1005,1.0
dbpedia_17856,sales_1396,1.0
dbpedia_64946,sales_678,1.0
dbpedia_16904,sales_1592,1.0
dbpedia_7883,sales_5842,0.9618253975716299
dbpedia_56569,sales_4467,0.9206990341392012
dbpedia_28227,sales_5494,1.0
dbpedia_14741,sales_982,1.0
dbpedia_36014,sales_5179,0.9856666666666666
dbpedia_26663,sales_1139,1.0
dbpedia_1307,sales_1297,1.0
dbpedia_24433,sales_5781,0.9917021276595744
dbpedia_40717,sales_4457,1.0
dbpedia_61510,sales_4739,1.0
dbpedia_28714,sales_6569,1.0
dbpedia_6706,sales_4820,0.9816606577395268
dbpedia_51536,sales_6656,1.0
dbpedia_17366,sales_991,0.9588068532223251
dbpedia_47121,sales_6018,0.984468085106383
dbpedia_38436,sales_1481,1.0
dbpedia_21834,sales_3569,0.9972340425531914
dbpedia_52353,sales_732,0.907103649068323
dbpedia_47947,sales_5831,0.9911875309252843
dbpedia_37839,sales_1455,1.0
dbpedia_39143,sales_1396,1.0
dbpedia_23295,sales_7029,0.9816606577395268
dbpedia_12214,sales_5746,1.0
dbpedia_63625,sales_2248,0.9402893726397715
dbpedia_2024,sales_2496,1.0
dbpedia_736,sales_3097,0.9986734693877551
dbpedia_29822,sales_5900,0.99
dbpedia_62899,sales_3180,1.0
dbpedia_12399,sales_1551,1.0
dbpedia_7253,sales_178,0.9532607016569918
dbpedia_42367,sales_6513,0.9680550766897378
dbpedia_58313,sales_1072,1.0
dbpedia_51427,sales_2641,0.907103649068323
dbpedia_15283,sales_355,1.0
dbpedia_14944,sales_889,0.9493012575302261
dbpedia_20077,sales_5695,0.993953488372093
dbpedia_7909,sales_2151,0.99
dbpedia_45207,sales_3928,0.9986734693877551
dbpedia_53492,sales_176,0.983953488372093
dbpedia_17394,sales_1336,0.9356247157608343
dbpedia_11931,sales_5258,0.993953488372093
dbpedia_19419,sales_2496,1.0
dbpedia_2156,sales_1456,1.0
dbpedia_40757,sales_6847,0.9986734693877551
dbpedia_15385,sales_4135,1.0
dbpedia_35815,sales_2674,1.0
dbpedia_45939,sales_1449,1.0
dbpedia_1517,sales_763,1.0
dbpedia_18842,sales_5729,1.0
dbpedia_52737,sales_4796,0.9620569901451427
dbpedia_15032,sales_1076,1.0
dbpedia_18437,sales_202,1.0
dbpedia_7104,sales_609,0.9246276233840328
dbpedia_12091,sales_168,1.0
dbpedia_4769,sales_2781,0.9279982980241165
dbpedia_14307,sales_439,0.9618253975716299
dbpedia_7551,sales_6284,0.9951543674698794
dbpedia_25435,sales_3979,1.0
dbpedia_12674,sales_6155,1.0
dbpedia_10461,sales_955,1.0
dbpedia_32921,sales_5114,0.9799801474758932
dbpedia_63963,sales_6228,1.0
dbpedia_13520,sales_7250,0.9282554615926708
dbpedia_31390,sales_885,0.9860266591038003
dbpedia_59975,sales_2193,1.0
dbpedia_15775,sales_5589,0.9272082342744121
dbpedia_1524,sales_1594,1.0
dbpedia_2648,sales_4809,0.9791562809252845
dbpedia_45841,sales_4921,0.9816606577395268
dbpedia_9866,sales_5780,1.0
dbpedia_23070,sales_822,0.9854485803240682
dbpedia_24716,sales_1094,1.0
dbpedia_7737,sales_2946,1.0
dbpedia_1317,sales_6604,0.9972340425531914
dbpedia_7931,sales_7403,1.0
dbpedia_13763,sales_5237,0.9302751916215145
dbpedia_17767,sales_4995,1.0
dbpedia_13116,sales_5649,1.0
dbpedia_57910,sales_5764,0.9544361246382256
dbpedia_44487,sales_11,1.0
dbpedia_57982,sales_6173,0.9959375
dbpedia_47624,sales_4250,1.0
dbpedia_7284,sales_2387,1.0
dbpedia_16453,sales_7129,0.9911875309252846
dbpedia_23754,sales_3859,1.0
dbpedia_3551,sales_5681,1.0
dbpedia_63169,sales_7301,1.0
dbpedia_20211,sales_6709,0.99
dbpedia_39790,sales_3955,0.9585673758865247
dbpedia_3310,sales_3859,1.0
dbpedia_34813,sales_7658,0.9915760281385282
dbpedia_50880,sales_288,1.0
dbpedia_62121,sales_4712,0.9559075119409465
dbpedia_5621,sales_4209,1.0
dbpedia_30728,sales_1306,1.0
dbpedia_34569,sales_2082,0.9986734693877551
dbpedia_38487,sales_2976,0.993953488372093
dbpedia_37430,sales_7495,0.99
dbpedia_27630,sales_6071,0.993953488372093
dbpedia_49875,sales_7546,1.0
dbpedia_56858,sales_1946,1.0
dbpedia_25172,sales_5415,0.9951543674698794
dbpedia_14178,sales_1235,1.0
dbpedia_45193,sales_5377,0.9669707786476244
dbpedia_32724,sales_672,1.0
dbpedia_9962,sales_3659,0.9860266591038003
dbpedia_33988,sales_1563,1.0
dbpedia_19437,sales_536,1.0
dbpedia_613,sales_3774,0.9144137164519703
dbpedia_36131,sales_7762,0.9872340425531916
dbpedia_58751,sales_4432,1.0
dbpedia_64232,sales_720,0.9972340425531914
dbpedia_27085,sales_5060,1.0
dbpedia_16470,sales_7374,1.0
dbpedia_4985,sales_4471,1.0
dbpedia_12443,sales_5183,1.0
dbpedia_14091,sales_3878,0.9856666666666666
dbpedia_44597,sales_239,1.0
dbpedia_21804,sales_1818,1.0
dbpedia_7849,sales_3174,1.0
dbpedia_45588,sales_857,1.0
dbpedia_42189,sales_7374,1.0
dbpedia_41696,sales_2496,1.0
dbpedia_34145,sales_1658,1.0
dbpedia_47813,sales_4228,1.0
dbpedia_29192,sales_4291,0.9854485803240682
dbpedia_18915,sales_6574,1.0
dbpedia_19916,sales_779,1.0
dbpedia_32973,sales_5183,1.0
dbpedia_54042,sales_5025,0.9856666666666666
dbpedia_30034,sales_2497,1.0
dbpedia_22642,sales_4114,1.0
dbpedia_24394,sales_3670,1.0
dbpedia_49428,sales_412,0.984468085106383
dbpedia_38576,sales_2630,1.0
dbpedia_11589,sales_4468,1.0
dbpedia_30529,sales_3593,1.0
dbpedia_39098,sales_1685,1.0
dbpedia_12812,sales_2799,0.9976576576576577
dbpedia_17470,sales_6963,0.9643025736693417
dbpedia_43517,sales_514,1.0
dbpedia_42948,sales_6938,1.0
dbpedia_973,sales_3497,0.9860266591038003
dbpedia_23779,sales_2822,1.0
dbpedia_25469,sales_2496,1.0
dbpedia_28008,sales_4960,1.0
dbpedia_46973,sales_2397,0.9389244946876296
dbpedia_41171,sales_3581,1.0
dbpedia_10185,sales_5859,1.0
dbpedia_43019,sales_6094,1.0
dbpedia_9946,sales_3726,0.9917021276595744
dbpedia_3526,sales_2517,1.0
dbpedia_17886,sales_458,1.0
dbpedia_55140,sales_2526,1.0
dbpedia_17696,sales_5901,1.0
dbpedia_45345,sales_4039,1.0
dbpedia_60250,sales_2822,1.0
dbpedia_5500,sales_507,1.0
dbpedia_29033,sales_3003,0.99
dbpedia_45870,sales_3190,1.0
dbpedia_2785,sales_3147,0.9449069767441861
dbpedia_22409,sales_3859,1.0
dbpedia_14655,sales_204,1.0
dbpedia_35287,sales_1280,0.9712143524283935
dbpedia_37135,sales_2870,1.0
dbpedia_19714,sales_6852,1.0
dbpedia_963,sales_2210,1.0
dbpedia_10576,sales_1676,0.9956666666666666
dbpedia_32206,sales_3798,1.0
dbpedia_53988,sales_2227,1.0
dbpedia_61824,sales_7656,0.9986734693877551
dbpedia_43400,sales_680,1.0
dbpedia_30112,sales_2151,0.983953488372093
dbpedia_5484,sales_7063,0.9272082342744121
dbpedia_43150,sales_4017,1.0
dbpedia_11262,sales_6710,1.0
dbpedia_26967,sales_5558,0.9952027925531916
dbpedia_5709,sales_1719,0.9859075119409465
dbpedia_25343,sales_1592,1.0
dbpedia_9788,sales_1154,1.0
dbpedia_3540,sales_6427,1.0
dbpedia_34552,sales_3051,1.0
dbpedia_61025,sales_136,0.9800068027210884
dbpedia_56299,sales_2227,1.0
dbpedia_32812,sales_123,0.9976576576576577
dbpedia_2298,sales_4586,0.9860266591038003
dbpedia_53618,sales_5260,1.0
dbpedia_45225,sales_1325,1.0
dbpedia_57866,sales_4472,1.0
dbpedia_1053,sales_2131,1.0
dbpedia_39278,sales_631,0.9872340425531916
dbpedia_58500,sales_5681,1.0
dbpedia_49643,sales_1165,1.0
dbpedia_6807,sales_6036,1.0
dbpedia_22709,sales_1358,1.0
dbpedia_26813,sales_2072,0.9622863442794576
dbpedia_50924,sales_5089,0.9184550917607447
dbpedia_21612,sales_2495,1.0
dbpedia_20232,sales_2908,0.9399692403360084
dbpedia_32071,sales_495,0.9700068027210885
dbpedia_27928,sales_3478,1.0
dbpedia_57580,sales_2251,1.0
dbpedia_33337,sales_1679,1.0
dbpedia_38193,sales_2298,0.9917021276595744
dbpedia_5381,sales_738,1.0
dbpedia_59950,sales_4890,1.0
dbpedia_58038,sales_2598,0.99
dbpedia_39927,sales_3258,1.0
dbpedia_42456,sales_7133,1.0
dbpedia_62492,sales_2712,0.9493012575302261
dbpedia_6739,sales_4956,0.9501803118565623
dbpedia_60794,sales_7539,1.0
dbpedia_44779,sales_6077,1.0
dbpedia_36508,sales_6902,0.9951543674698794
dbpedia_6147,sales_822,0.9368610003130396
dbpedia_3949,sales_7415,0.9335220729854308
dbpedia_36378,sales_542,1.0
dbpedia_13457,sales_5520,1.0
dbpedia_17729,sales_5988,1.0
dbpedia_27941,sales_2093,1.0
dbpedia_48054,sales_339,0.9872340425531916
dbpedia_42524,sales_1354,1.0
dbpedia_27922,sales_406,1.0
dbpedia_6349,sales_187,1.0
dbpedia_54713,sales_2611,1.0
dbpedia_46053,sales_1493,0.99
dbpedia_8413,sales_7038,1.0
dbpedia_3487,sales_3353,0.983953488372093
dbpedia_5502,sales_6568,1.0
dbpedia_37265,sales_2991,0.970281994401049
dbpedia_5323,sales_7465,0.9419088827425245
dbpedia_58973,sales_4890,1.0
dbpedia_21569,sales_1458,0.9278932905473967
dbpedia_40951,sales_7319,0.9945921266233766
dbpedia_6921,sales_7794,1.0
dbpedia_58092,sales_3243,0.983953488372093
dbpedia_9329,sales_147,0.9503350470809632
dbpedia_6981,sales_5988,1.0
dbpedia_40554,sales_500,1.0
dbpedia_11636,sales_905,1.0
dbpedia_24875,sales_337,1.0
dbpedia_56017,sales_3404,1.0
dbpedia_12255,sales_2332,0.9945921266233766
dbpedia_26643,sales_1473,1.0
dbpedia_7555,sales_434,1.0
dbpedia_36123,sales_443,1.0
dbpedia_22487,sales_465,1.0
dbpedia_22525,sales_1024,1.0
dbpedia_33750,sales_153,1.0
dbpedia_8302,sales_988,1.0
dbpedia_51136,sales_4610,1.0
dbpedia_40870,sales_2299,1.0
dbpedia_41366,sales_4790,0.9872340425531916
dbpedia_43548,sales_491,1.0
dbpedia_50217,sales_650,0.9972340425531915
dbpedia_34449,sales_2485,1.0
dbpedia_32432,sales_1976,1.0
dbpedia_25588,sales_7161,0.9175124516441007
dbpedia_61402,sales_1585,0.9976576576576577
dbpedia_33293,sales_4209,1.0
dbpedia_48943,sales_6036,0.9986734693877551
dbpedia_47089,sales_3145,1.0
dbpedia_28525,sales_6150,0.9986734693877551
dbpedia_21454,sales_1091,1.0
dbpedia_56397,sales_4658,1.0
dbpedia_54508,sales_778,1.0
dbpedia_54644,sales_2093,1.0
dbpedia_43349,sales_522,1.0
dbpedia_50476,sales_5932,1.0
dbpedia_2871,sales_4456,1.0
dbpedia_35845,sales_1104,0.9886734693877551
dbpedia_20435,sales_5377,0.9569707786476244
dbpedia_2862,sales_2822,1.0
dbpedia_44863,sales_4153,1.0
dbpedia_22128,sales_6652,1.0
dbpedia_42264,sales_4859,1.0
dbpedia_796,sales_1421,1.0
dbpedia_18266,sales_2200,0.9946818181818182
dbpedia_15938,sales_2340,0.9825608766233767
dbpedia_27749,sales_4972,0.9800068027210884
dbpedia_7537,sales_7696,1.0
dbpedia_36293,sales_3527,1.0
dbpedia_49331,sales_2116,0.9105736434108528
dbpedia_8109,sales_5132,0.9659486610677156
dbpedia_15622,sales_6849,1.0
dbpedia_43384,sales_1348,1.0
dbpedia_25047,sales_6036,1.0
dbpedia_23440,sales_2976,0.993953488372093
dbpedia_9016,sales_5313,1.0
dbpedia_56061,sales_5244,1.0
dbpedia_49384,sales_4434,0.9860266591038003
dbpedia_39830,sales_4887,1.0
dbpedia_32139,sales_3275,1.0
dbpedia_47908,sales_5176,1.0
dbpedia_10621,sales_2131,1.0
dbpedia_94,sales_991,0.9588068532223251
dbpedia_60977,sales_3152,0.9078342807780327
dbpedia_16005,sales_3928,0.9986734693877551
dbpedia_45460,sales_209,0.9362242115926708
dbpedia_1813,sales_119,1.0
dbpedia_5916,sales_3685,0.983953488372093
dbpedia_13793,sales_2354,0.9795322992320922
dbpedia_49132,sales_4720,0.9972340425531915
dbpedia_46338,sales_6758,0.9053774114199493
dbpedia_36820,sales_1608,1.0
dbpedia_32951,sales_4127,0.973576371091879
dbpedia_61563,sales_1118,0.9715541060856748
dbpedia_55021,sales_6858,1.0
dbpedia_42130,sales_3356,0.9303639586455891
dbpedia_1665,sales_490,1.0
dbpedia_4861,sales_178,0.9432607016569918
dbpedia_45013,sales_2316,1.0
dbpedia_18832,sales_2227,1.0
dbpedia_38457,sales_918,1.0
dbpedia_3097,sales_1280,1.0
dbpedia_12375,sales_4692,0.9856666666666666
dbpedia_5467,sales_3928,1.0
dbpedia_34940,sales_6541,0.9986734693877551
dbpedia_27349,sales_6906,1.0
dbpedia_27237,sales_576,1.0
dbpedia_1880,sales_1242,1.0
dbpedia_5692,sales_7828,0.9860266591038003
dbpedia_55364,sales_3716,0.9482936244265148
dbpedia_61630,sales_3381,0.9338436420524632
dbpedia_6337,sales_1114,1.0
dbpedia_39203,sales_829,1.0
dbpedia_59481,sales_562,0.9886734693877551
dbpedia_56595,sales_6027,0.970281994401049
dbpedia_3652,sales_4650,0.973576371091879
dbpedia_17054,sales_2174,1.0
dbpedia_6932,sales_128,1.0
dbpedia_60354,sales_6087,0.989890988372093
dbpedia_63028,sales_5025,0.9426666666666668
dbpedia_18269,sales_3846,0.983953488372093
dbpedia_51144,sales_6289,1.0
dbpedia_44404,sales_4432,1.0
dbpedia_11164,sales_5269,0.99
dbpedia_29781,sales_6146,0.970281994401049
dbpedia_3613,sales_3023,0.9942179440683431
dbpedia_47662,sales_2578,0.9212820476319624
dbpedia_45362,sales_1768,0.9859075119409465
dbpedia_6449,sales_5158,0.9613019773358001
dbpedia_16460,sales_2131,1.0
dbpedia_46261,sales_3647,0.99
dbpedia_32596,sales_5454,1.0
dbpedia_32996,sales_3619,1.0
dbpedia_1815,sales_959,0.9990151515151515
dbpedia_25922,sales_6357,0.99
dbpedia_8713,sales_5745,1.0
dbpedia_47330,sales_3982,0.9956573709029066
dbpedia_52056,sales_1035,1.0
dbpedia_61180,sales_2091,1.0
dbpedia_41362,sales_2102,1.0
dbpedia_34445,sales_5705,0.9408556587238361
dbpedia_45160,sales_6083,0.970281994401049
dbpedia_4236,sales_2101,0.9015579327401074
dbpedia_33161,sales_7736,1.0
dbpedia_48692,sales_3836,0.9986734693877551
dbpedia_23526,sales_240,0.9338318979365532
dbpedia_62469,sales_1837,0.9385673758865248
dbpedia_41118,sales_5564,0.9493012575302261
dbpedia_34326,sales_4895,1.0
dbpedia_58642,sales_4254,0.9825608766233767
dbpedia_11007,sales_7211,0.9872340425531916
dbpedia_27346,sales_6129,0.994396551724138
dbpedia_4171,sales_155,1.0
dbpedia_3061,sales_2903,0.9986734693877551
dbpedia_20922,sales_3767,1.0
dbpedia_10722,sales_998,0.9629653259486427
dbpedia_61069,sales_6963,0.9482560620414346
dbpedia_52575,sales_5859,1.0
dbpedia_18732,sales_461,0.9976576576576577
dbpedia_58397,sales_1722,0.9951543674698794
dbpedia_11959,sales_1640,0.9544361246382256
dbpedia_49296,sales_3761,0.9701416006489216
dbpedia_62939,sales_7454,1.0
dbpedia_26120,sales_971,0.9945921266233766
dbpedia_8571,sales_337,1.0
dbpedia_53640,sales_1817,0.9859075119409465
dbpedia_50074,sales_6276,0.929841233501547
dbpedia_3196,sales_3578,1.0
dbpedia_58143,sales_2946,1.0
dbpedia_33667,sales_2002,1.0
dbpedia_50632,sales_1976,1.0
dbpedia_49995,sales_5583,0.9527351977828169
dbpedia_123,sales_914,1.0
dbpedia_53406,sales_6468,0.9544361246382256
dbpedia_23982,sales_2109,1.0
dbpedia_68,sales_5410,1.0
dbpedia_29696,sales_6727,0.9085318378713647
dbpedia_7545,sales_606,0.9629007092198582
dbpedia_8679,sales_703,0.9854485803240682
dbpedia_42493,sales_3430,0.9015579327401074
dbpedia_26404,sales_5327,1.0
dbpedia_11492,sales_3622,1.0
dbpedia_47485,sales_3097,0.9986734693877551
dbpedia_21204,sales_406,1.0
dbpedia_3484,sales_5892,1.0
dbpedia_55138,sales_5284,0.9708479760301506
dbpedia_14339,sales_3212,0.966580446131941
dbpedia_7947,sales_6639,0.9951543674698794
dbpedia_53343,sales_5186,0.994396551724138
dbpedia_59065,sales_5434,0.9752660109439962
dbpedia_50325,sales_247,0.9232695187271069
dbpedia_5802,sales_2253,0.9859075119409465
dbpedia_6730,sales_3894,0.9816606577395268
dbpedia_12812,sales_3967,0.9976576576576577
dbpedia_40544,sales_3056,0.9945921266233766
dbpedia_58481,sales_3130,1.0
dbpedia_38434,sales_4276,1.0
dbpedia_27391,sales_1991,0.9473285592598693
dbpedia_51350,sales_2908,0.9239227287081013
dbpedia_18218,sales_1746,1.0
dbpedia_49338,sales_924,0.9972340425531915
dbpedia_49601,sales_104,0.9976576576576577
dbpedia_2333,sales_1676,0.9956666666666666
dbpedia_11403,sales_3629,1.0
dbpedia_40482,sales_1692,0.9072702376670402
dbpedia_20607,sales_6425,1.0
dbpedia_33438,sales_3063,0.9375187962125673
dbpedia_64470,sales_2158,0.9859075119409465
dbpedia_15112,sales_6491,0.9803707448601281
dbpedia_10084,sales_1619,0.99
dbpedia_23874,sales_1430,0.9972340425531915
dbpedia_30238,sales_578,0.98
dbpedia_711,sales_3444,0.9149328683008404
dbpedia_18091,sales_5933,0.9972340425531914
dbpedia_1433,sales_2478,0.910537013728955
dbpedia_23953,sales_5717,1.0
dbpedia_7203,sales_6553,0.9857796575486611
dbpedia_29702,sales_6636,1.0
dbpedia_40892,sales_7212,1.0
dbpedia_9987,sales_7739,1.0
dbpedia_260,sales_5060,0.9986734693877551
dbpedia_23400,sales_3145,1.0
dbpedia_981,sales_1165,1.0
dbpedia_27607,sales_7064,1.0
dbpedia_6336,sales_3257,0.9755080526103894
dbpedia_7554,sales_6036,0.9986734693877551
dbpedia_21012,sales_340,1.0
dbpedia_16743,sales_440,1.0
dbpedia_15479,sales_2413,0.9209733552544709
dbpedia_36174,sales_7391,0.9856556160316674
dbpedia_10483,sales_925,0.9560991847826088
dbpedia_41544,sales_930,1.0
dbpedia_803,sales_351,1.0
dbpedia_44234,sales_4532,0.983953488372093
dbpedia_5711,sales_6204,1.0
dbpedia_19811,sales_6710,0.993953488372093
dbpedia_45912,sales_2075,1.0
dbpedia_1238,sales_78,0.9859075119409465
dbpedia_37619,sales_7143,1.0
dbpedia_14900,sales_7696,1.0
dbpedia_40042,sales_707,0.9610914617297596
dbpedia_11443,sales_1640,0.9460410629098306
dbpedia_58591,sales_6036,1.0
dbpedia_40480,sales_7619,1.0
dbpedia_24146,sales_3453,1.0
dbpedia_23897,sales_4141,0.9303639586455891
dbpedia_27873,sales_4897,1.0
dbpedia_5766,sales_5249,0.9018918454876318
dbpedia_50189,sales_3663,0.993953488372093
dbpedia_11513,sales_6144,0.9607121327254307
dbpedia_10494,sales_883,0.9825608766233767
dbpedia_51222,sales_758,0.99
dbpedia_10005,sales_6604,0.9972340425531914
dbpedia_58965,sales_4983,1.0
dbpedia_1557,sales_7713,1.0
dbpedia_27654,sales_3097,1.0
dbpedia_27839,sales_5568,1.0
dbpedia_48186,sales_1299,1.0
dbpedia_58601,sales_4490,0.9857796575486611
dbpedia_6076,sales_1391,1.0
dbpedia_15349,sales_7387,0.9986734693877551
dbpedia_26925,sales_2903,1.0
dbpedia_28701,sales_501,0.9384570306276052
dbpedia_58457,sales_7508,1.0
dbpedia_42040,sales_178,0.9432607016569918
dbpedia_28754,sales_6082,0.9124198161782279
dbpedia_26948,sales_3131,1.0
dbpedia_3101,sales_2022,0.9106002382248414
dbpedia_26637,sales_3009,1.0
dbpedia_805,sales_2131,1.0
dbpedia_5073,sales_3914,0.9743242332322211
dbpedia_57954,sales_6346,0.9113378887702633
dbpedia_31071,sales_7696,1.0
dbpedia_49688,sales_6532,1.0
dbpedia_41939,sales_7215,1.0
dbpedia_20625,sales_2355,0.9509424377370937
dbpedia_50107,sales_6298,1.0
dbpedia_32797,sales_1532,0.9959075119409465
dbpedia_51914,sales_5739,0.983953488372093
dbpedia_18646,sales_646,1.0
dbpedia_40299,sales_2914,0.966580446131941
dbpedia_16251,sales_1675,1.0
dbpedia_31719,sales_1679,1.0
dbpedia_16166,sales_5661,1.0
dbpedia_10110,sales_232,1.0
dbpedia_17693,sales_6681,1.0
dbpedia_62927,sales_4529,0.9625208642586179
dbpedia_24184,sales_3479,1.0
dbpedia_42840,sales_6093,1.0
dbpedia_53284,sales_531,1.0
dbpedia_56887,sales_2091,1.0
dbpedia_38683,sales_6667,1.0
dbpedia_7441,sales_7398,1.0
dbpedia_8607,sales_2677,0.9197737018524346
dbpedia_24094,sales_3844,0.9945921266233766
dbpedia_2663,sales_178,0.9432607016569918
dbpedia_23371,sales_4640,1.0
dbpedia_869,sales_809,0.9976576576576577
dbpedia_42146,sales_3793,1.0
dbpedia_8288,sales_3928,1.0
dbpedia_32551,sales_7403,1.0
dbpedia_7940,sales_690,0.937
dbpedia_9437,sales_6720,1.0
dbpedia_13257,sales_153,1.0
dbpedia_3817,sales_1830,0.9264988141927651
dbpedia_40609,sales_1062,1.0
dbpedia_63685,sales_5634,1.0
dbpedia_17852,sales_7736,1.0
dbpedia_35276,sales_3222,0.9872340425531916
dbpedia_32107,sales_5845,0.9945921266233766
dbpedia_62013,sales_6578,1.0
dbpedia_3028,sales_447,0.993953488372093
dbpedia_52827,sales_51,1.0
dbpedia_32986,sales_3646,0.9972340425531914
dbpedia_13897,sales_7793,1.0
dbpedia_8590,sales_562,1.0
dbpedia_20863,sales_279,1.0
dbpedia_5197,sales_1254,1.0
dbpedia_56164,sales_1078,0.993953488372093
dbpedia_7174,sales_2961,0.9544361246382256
dbpedia_3706,sales_5325,0.9149374637399297
dbpedia_10106,sales_4890,1.0
dbpedia_39750,sales_1109,1.0
dbpedia_9578,sales_6637,0.9282196000284779
dbpedia_60684,sales_7320,0.9527229463436521
dbpedia_41548,sales_1337,0.9986734693877551
dbpedia_13951,sales_3862,0.9858162029334333
dbpedia_6901,sales_5824,0.9768039041703638
dbpedia_6583,sales_7483,1.0
dbpedia_61894,sales_2743,1.0
dbpedia_6406,sales_4162,1.0
dbpedia_24099,sales_4628,1.0
dbpedia_45531,sales_5203,0.99
dbpedia_61313,sales_4165,1.0
dbpedia_2924,sales_1390,0.9492155903977652
dbpedia_58299,sales_3579,1.0
dbpedia_43281,sales_2105,0.9479137794652744
dbpedia_11317,sales_2093,1.0
dbpedia_16438,sales_6027,0.970281994401049
dbpedia_37178,sales_2427,0.9911875309252846
dbpedia_33603,sales_5953,0.98
dbpedia_48286,sales_2283,0.9202304853098399
dbpedia_54905,sales_6858,0.993953488372093
dbpedia_39556,sales_995,0.9340173872358573
dbpedia_18778,sales_1921,0.9383192804322394
dbpedia_44275,sales_111,1.0
dbpedia_51867,sales_2158,0.9959075119409465
dbpedia_30168,sales_5124,1.0
dbpedia_60757,sales_2639,0.9976576576576577
dbpedia_21885,sales_1446,0.9829075580957302
dbpedia_39638,sales_3853,0.935809612539098
dbpedia_31191,sales_1307,0.9222870142398589
dbpedia_27725,sales_6036,1.0
dbpedia_29877,sales_2121,1.0
dbpedia_38152,sales_7560,1.0
dbpedia_17603,sales_6798,0.9049079094473684
dbpedia_38051,sales_1175,0.9945921266233766
dbpedia_7236,sales_5935,1.0
dbpedia_27212,sales_331,0.99
dbpedia_11019,sales_6482,1.0
dbpedia_39246,sales_3592,0.9911875309252843
dbpedia_54684,sales_2938,0.973576371091879
dbpedia_36874,sales_6065,0.99
dbpedia_32336,sales_119,1.0
dbpedia_148,sales_4759,1.0
dbpedia_29674,sales_905,1.0
dbpedia_2105,sales_1469,0.9945921266233766
dbpedia_60757,sales_2468,0.9976576576576577
dbpedia_13942,sales_3622,0.993953488372093
dbpedia_39399,sales_5202,0.9357635794550636
dbpedia_54396,sales_4310,1.0
dbpedia_37445,sales_6083,0.970281994401049
dbpedia_25424,sales_4960,1.0
dbpedia_34733,sales_1733,0.9976576576576577
dbpedia_61004,sales_3883,0.9976576576576577
dbpedia_62831,sales_934,0.98
dbpedia_51778,sales_4933,0.9872340425531916
dbpedia_41228,sales_3474,1.0
dbpedia_43082,sales_5569,0.970281994401049
dbpedia_864,sales_1292,0.9393863050200008
dbpedia_4351,sales_4975,0.99
dbpedia_58822,sales_2485,1.0
dbpedia_38058,sales_5644,0.9455284386014243
dbpedia_12246,sales_7401,0.9026114539731407
dbpedia_62867,sales_6210,0.9986734693877551
dbpedia_36584,sales_6084,1.0
dbpedia_28748,sales_6084,1.0
dbpedia_6945,sales_1963,0.9976576576576577
dbpedia_53278,sales_2031,0.9338318979365532
dbpedia_16874,sales_4772,0.983953488372093
dbpedia_33859,sales_1768,0.9959075119409465
dbpedia_64921,sales_6990,0.9765143649954697
dbpedia_56123,sales_6614,1.0
dbpedia_829,sales_2649,0.9016818362271662
dbpedia_41910,sales_6036,1.0
dbpedia_38150,sales_7156,1.0
dbpedia_19257,sales_6084,1.0
dbpedia_29689,sales_4923,0.9856666666666666
dbpedia_59337,sales_6190,0.9113378887702633
dbpedia_849,sales_4322,0.99
dbpedia_1142,sales_1976,1.0
dbpedia_32508,sales_3305,0.9656441248917027
dbpedia_3252,sales_2688,0.9279982980241165
dbpedia_11308,sales_7567,0.9972340425531914
dbpedia_4292,sales_1095,0.9399479426936908
dbpedia_60337,sales_5832,0.9856666666666666
dbpedia_41737,sales_3501,0.9155847631223821
dbpedia_1146,sales_3578,1.0
dbpedia_46703,sales_2131,1.0
dbpedia_12054,sales_6036,1.0
dbpedia_61467,sales_7473,1.0
dbpedia_15870,sales_6905,0.9795993442773294
dbpedia_33917,sales_119,1.0
dbpedia_22909,sales_5745,0.9929075580957302
dbpedia_25314,sales_4326,1.0
dbpedia_54178,sales_1333,0.9856666666666666
dbpedia_56495,sales_3348,1.0
dbpedia_56601,sales_3002,0.9848917002108492
dbpedia_27313,sales_6084,1.0
dbpedia_32795,sales_4092,1.0
dbpedia_11908,sales_616,1.0
dbpedia_39449,sales_1127,0.99
dbpedia_6048,sales_955,1.0
dbpedia_26627,sales_7530,1.0
dbpedia_12725,sales_2530,0.9825608766233767
dbpedia_37587,sales_7362,1.0
dbpedia_32892,sales_6381,0.9945921266233766
dbpedia_23503,sales_3861,0.9661380193201939
dbpedia_30771,sales_6416,1.0
dbpedia_44278,sales_4139,1.0
dbpedia_8141,sales_5783,0.9825608766233767
dbpedia_8828,sales_3928,1.0
dbpedia_34544,sales_3275,1.0
dbpedia_5700,sales_1220,1.0
dbpedia_63723,sales_86,1.0
dbpedia_34490,sales_5343,0.947478237347714
dbpedia_22316,sales_1015,1.0
dbpedia_1309,sales_3876,0.9945921266233766
dbpedia_40447,sales_580,0.9972340425531914
dbpedia_15519,sales_7784,0.9195490796966752
dbpedia_50213,sales_5483,0.9046573504674902
dbpedia_9487,sales_1326,0.9401932006967312
dbpedia_49208,sales_3086,0.9384083036776261
dbpedia_59418,sales_6036,1.0
dbpedia_15094,sales_7240,1.0
dbpedia_11902,sales_2441,1.0
dbpedia_22841,sales_1262,1.0
dbpedia_10652,sales_40,0.9859075119409465
dbpedia_14980,sales_2233,0.99
dbpedia_8208,sales_46,0.9859075119409465
dbpedia_12921,sales_117,1.0
dbpedia_62675,sales_991,0.9588068532223251
dbpedia_2508,sales_6861,0.994396551724138
dbpedia_55429,sales_4149,0.9188261257145329
dbpedia_13448,sales_3478,0.993953488372093
dbpedia_64633,sales_5249,0.9503550710099501
dbpedia_56487,sales_4415,0.9463457178972131
dbpedia_21533,sales_4100,1.0
dbpedia_23320,sales_7078,1.0
dbpedia_23791,sales_7227,0.99
dbpedia_15764,sales_5513,1.0
dbpedia_37585,sales_2216,0.9986734693877551
dbpedia_31961,sales_7318,1.0
dbpedia_13753,sales_6375,1.0
dbpedia_34351,sales_6077,1.0
dbpedia_20208,sales_7358,1.0
dbpedia_30146,sales_4516,1.0
dbpedia_48044,sales_883,0.9825608766233767
dbpedia_12200,sales_2859,0.9976576576576577
dbpedia_40612,sales_6521,1.0
dbpedia_60953,sales_535,0.9716211511309119
dbpedia_18374,sales_4777,0.99
dbpedia_55607,sales_4590,0.9669718614718615
dbpedia_43259,sales_7675,1.0
dbpedia_24792,sales_7749,1.0
dbpedia_39643,sales_7333,1.0
dbpedia_4126,sales_6092,0.9194725479773277
dbpedia_19387,sales_5327,0.993953488372093
dbpedia_24753,sales_1140,1.0
dbpedia_55466,sales_7798,0.9976576576576577
dbpedia_41044,sales_5254,1.0
dbpedia_13182,sales_1978,1.0
dbpedia_43193,sales_2158,0.9972340425531914
dbpedia_14444,sales_4010,1.0
dbpedia_21603,sales_4722,0.975181309363484
dbpedia_7310,sales_4712,0.9415741786076132
dbpedia_26723,sales_7589,0.9683417152178996
dbpedia_56492,sales_1256,0.9099813148465201
dbpedia_14449,sales_3606,0.9073020996432437
dbpedia_7644,sales_1280,0.9612143524283936
dbpedia_32197,sales_7512,1.0
dbpedia_18827,sales_6336,1.0
dbpedia_63294,sales_1374,1.0
dbpedia_31362,sales_5005,1.0
dbpedia_2713,sales_6904,1.0
dbpedia_23337,sales_657,0.9346744206191553
dbpedia_16148,sales_1493,0.983953488372093
dbpedia_55488,sales_7651,1.0
dbpedia_27699,sales_5457,0.9340173872358573
dbpedia_24490,sales_7770,1.0
dbpedia_45483,sales_2939,0.9133125260270241
dbpedia_35926,sales_2997,0.9320123845638797
dbpedia_12677,sales_3697,1.0
dbpedia_36400,sales_3226,0.947478237347714
dbpedia_51435,sales_6591,0.9661380193201939
dbpedia_3125,sales_299,0.929841233501547
dbpedia_16699,sales_3564,0.996355140186916
dbpedia_34368,sales_2903,0.9986734693877551
dbpedia_46081,sales_717,1.0
dbpedia_7834,sales_1595,0.9056479815131867
dbpedia_15248,sales_3487,0.9088946726133171
dbpedia_49818,sales_5779,1.0
dbpedia_56614,sales_2404,1.0
dbpedia_38495,sales_4658,1.0
dbpedia_18575,sales_7818,0.9860266591038003
dbpedia_11088,sales_3981,0.9224260111699895
dbpedia_45084,sales_5126,1.0
dbpedia_19297,sales_3190,1.0
dbpedia_53576,sales_234,0.9300944927640407
dbpedia_17576,sales_1751,0.9726607881501712
dbpedia_7072,sales_5169,0.9649432981733422
dbpedia_2846,sales_1468,1.0
dbpedia_386,sales_2128,0.99
dbpedia_56875,sales_2353,0.9209128730504461
dbpedia_10038,sales_2210,0.9986734693877551
dbpedia_20541,sales_4471,1.0
dbpedia_58672,sales_6918,0.9959375
dbpedia_42950,sales_361,0.9227468099367054
dbpedia_28710,sales_998,0.9429653259486428
dbpedia_22523,sales_6036,1.0
dbpedia_21268,sales_2406,0.973953488372093
dbpedia_58884,sales_3235,0.9304219301673295
dbpedia_32245,sales_1915,0.9153413897734193
dbpedia_64763,sales_3258,1.0
dbpedia_16154,sales_157,0.9337393127012794
dbpedia_15370,sales_7330,0.9726269577598481
dbpedia_12029,sales_3007,1.0
dbpedia_3984,sales_1454,0.983953488372093
dbpedia_44444,sales_3935,0.9259661376005183
dbpedia_47544,sales_6742,1.0
dbpedia_55244,sales_1522,0.9222548523288662
dbpedia_14987,sales_7117,1.0
dbpedia_12253,sales_5807,0.973576371091879
dbpedia_39035,sales_7365,1.0
dbpedia_51494,sales_6259,1.0
dbpedia_22078,sales_5211,1.0
dbpedia_18817,sales_5702,0.9345303533675627
dbpedia_32537,sales_571,0.9153413897734193
dbpedia_5169,sales_1381,1.0
dbpedia_522,sales_2490,1.0
dbpedia_37205,sales_3087,1.0
dbpedia_28145,sales_1709,0.9198863116324643
dbpedia_19051,sales_3583,0.9197737018524346
dbpedia_55528,sales_4198,0.929841233501547
dbpedia_57560,sales_5495,1.0
dbpedia_50284,sales_7842,1.0
dbpedia_5863,sales_6770,0.994468085106383
dbpedia_42842,sales_1985,0.9236788304972547
dbpedia_45999,sales_7274,0.9328604502108492
dbpedia_4104,sales_1348,1.0
dbpedia_908,sales_3175,0.921255314314192
dbpedia_34733,sales_1308,0.9976576576576577
dbpedia_17456,sales_2829,0.9986734693877551
dbpedia_56198,sales_1827,1.0
dbpedia_17970,sales_7069,1.0
dbpedia_31248,sales_1054,1.0
dbpedia_29293,sales_7796,1.0
dbpedia_63190,sales_365,0.9416312747502892
dbpedia_41164,sales_2184,0.9848917002108492
dbpedia_3095,sales_6441,0.9221989899850941
dbpedia_1924,sales_6541,0.9886734693877551
dbpedia_29160,sales_3097,0.9986734693877551
dbpedia_16671,sales_40,0.9972340425531914
dbpedia_2395,sales_1853,1.0
dbpedia_1261,sales_2644,0.9959375
dbpedia_60970,sales_2838,0.99
dbpedia_11494,sales_6279,1.0
dbpedia_62390,sales_1842,0.9492155903977652
dbpedia_13932,sales_6084,1.0
dbpedia_44034,sales_5069,0.9845800865800867
dbpedia_41875,sales_5007,0.994468085106383
dbpedia_42578,sales_529,1.0
dbpedia_60847,sales_3807,0.9202304853098399
dbpedia_324,sales_3199,1.0
dbpedia_9779,sales_1233,0.9820218068535825
dbpedia_18136,sales_5301,0.9192477693085509
dbpedia_16042,sales_2591,0.9329952259265358
dbpedia_45026,sales_4039,1.0
dbpedia_5015,sales_2004,0.9021410192973776
dbpedia_21356,sales_1420,0.9189370597681752
dbpedia_52207,sales_2950,0.9856666666666666
dbpedia_10330,sales_153,1.0
dbpedia_4438,sales_6036,0.9926505681818182
dbpedia_36271,sales_22,0.9976576576576577
dbpedia_28991,sales_6053,0.9618253975716299
dbpedia_35700,sales_2308,0.9782512387059168
dbpedia_63450,sales_1337,0.9986734693877551
dbpedia_46565,sales_7068,0.9322471127986078
dbpedia_12160,sales_3331,1.0
dbpedia_5824,sales_2339,0.932957805362534
dbpedia_36271,sales_1526,0.9976576576576577
dbpedia_34424,sales_4260,0.9734474556690624
dbpedia_22187,sales_2430,0.9129646080836226
dbpedia_54546,sales_4737,1.0
dbpedia_56073,sales_2485,1.0
dbpedia_11789,sales_113,0.9444654908358376
dbpedia_23080,sales_2048,1.0
dbpedia_22821,sales_1047,0.9231594590478663
dbpedia_57132,sales_3024,0.9420531634907101
dbpedia_34733,sales_1399,0.9976576576576577
dbpedia_3732,sales_895,0.9343972321970976
dbpedia_29125,sales_5804,1.0
dbpedia_59280,sales_1114,1.0
dbpedia_37003,sales_5733,0.9165550871338197
dbpedia_55710,sales_1163,0.9304219301673295
dbpedia_53330,sales_4228,0.993953488372093
dbpedia_24058,sales_6631,1.0
dbpedia_12711,sales_6077,1.0
dbpedia_36587,sales_921,0.994468085106383
dbpedia_28105,sales_7672,0.955866035168501
dbpedia_41833,sales_1585,0.9676576576576577
dbpedia_12505,sales_5953,0.973953488372093
dbpedia_6785,sales_6991,0.983953488372093
dbpedia_31768,sales_49,1.0
dbpedia_18563,sales_565,0.994468085106383
dbpedia_14114,sales_3258,1.0
dbpedia_62096,sales_4627,0.9621652108786356
dbpedia_10328,sales_2880,0.9825608766233767
dbpedia_15657,sales_3928,0.9986734693877551
dbpedia_25303,sales_797,1.0
dbpedia_39134,sales_6117,1.0
dbpedia_7226,sales_7475,1.0
dbpedia_428,sales_288,0.9901416006489216
dbpedia_5487,sales_2082,0.9986734693877551
dbpedia_48356,sales_431,0.9050943913685523
dbpedia_8117,sales_2114,0.9309564526807682
dbpedia_19376,sales_2820,0.9945921266233766
dbpedia_53922,sales_7820,1.0
dbpedia_11469,sales_301,1.0
dbpedia_55092,sales_3530,0.9876576576576577
dbpedia_48239,sales_1930,0.9769247080936719
dbpedia_43077,sales_7560,1.0
dbpedia_27047,sales_6862,0.9168340673034807
dbpedia_19066,sales_87,1.0
dbpedia_24620,sales_5591,0.9504251517519465
dbpedia_38696,sales_548,0.9976576576576577
dbpedia_56678,sales_3059,1.0
dbpedia_43368,sales_3928,0.9986734693877551
dbpedia_46842,sales_7824,0.9684215734784759
dbpedia_53793,sales_6458,1.0
dbpedia_14756,sales_2260,1.0
dbpedia_35938,sales_6696,0.9621652108786356
dbpedia_8723,sales_1234,0.9829075580957302
dbpedia_11203,sales_5937,0.9492403100775193
dbpedia_55981,sales_7230,0.994396551724138
dbpedia_34222,sales_3460,1.0
dbpedia_24570,sales_2566,0.9212306190276186
dbpedia_5474,sales_708,1.0
dbpedia_5485,sales_1850,0.9273202852936098
dbpedia_5816,sales_1741,0.9197737018524346
dbpedia_36271,sales_37,0.9976576576576577
dbpedia_58665,sales_408,0.9338318979365532
dbpedia_9959,sales_5619,0.9618253975716299
dbpedia_52933,sales_6036,0.9986734693877551
dbpedia_50006,sales_4242,0.9030197085066402
dbpedia_43781,sales_1944,0.996355140186916
dbpedia_37939,sales_1628,0.9287267031250295
dbpedia_29642,sales_6084,1.0
dbpedia_9982,sales_2160,1.0
dbpedia_34589,sales_7304,0.9976576576576577
dbpedia_1644,sales_668,0.929841233501547
dbpedia_30891,sales_288,1.0
dbpedia_1509,sales_126,1.0
dbpedia_41991,sales_1104,0.9986734693877551
dbpedia_40768,sales_2414,1.0
dbpedia_16230,sales_300,0.9399957699663222
dbpedia_46654,sales_1492,0.99
dbpedia_59684,sales_217,1.0
dbpedia_54832,sales_3945,1.0
dbpedia_35834,sales_5645,0.9029734745800809
dbpedia_26507,sales_7027,1.0
dbpedia_13100,sales_5113,0.948020414933461
dbpedia_13343,sales_2705,0.9886734693877551
dbpedia_43868,sales_382,0.9726607881501712
dbpedia_11679,sales_2308,0.9233596619061499
dbpedia_36796,sales_4948,0.994396551724138
dbpedia_27435,sales_7308,1.0
dbpedia_11789,sales_129,0.9444654908358376
dbpedia_39132,sales_580,0.9872340425531914
dbpedia_2600,sales_1637,0.9351230580377267
dbpedia_64878,sales_2053,1.0
dbpedia_18146,sales_702,1.0
dbpedia_22025,sales_675,0.9127273584963621
dbpedia_57762,sales_5032,0.9945921266233766
dbpedia_14933,sales_7705,1.0
dbpedia_45136,sales_7606,1.0
dbpedia_40029,sales_3101,1.0
dbpedia_37542,sales_2307,0.993953488372093
dbpedia_54001,sales_5706,0.9401982208551746
dbpedia_32189,sales_5429,0.9848917002108492
dbpedia_7925,sales_2503,0.9148663614225393
dbpedia_51641,sales_980,1.0
dbpedia_12677,sales_3866,1.0
dbpedia_30937,sales_7413,1.0
dbpedia_4998,sales_6414,0.9409441540110456
dbpedia_41315,sales_7873,1.0
dbpedia_21885,sales_489,0.9829075580957302
dbpedia_8882,sales_6293,0.9666886861549099
dbpedia_41979,sales_5726,0.9945921266233766
dbpedia_35908,sales_4206,0.9945921266233766
dbpedia_4742,sales_7242,1.0
dbpedia_64646,sales_3736,1.0
dbpedia_24052,sales_6738,1.0
dbpedia_53394,sales_7458,1.0
dbpedia_20945,sales_5125,1.0
dbpedia_54102,sales_7448,0.9497671203666884
dbpedia_48060,sales_1776,0.9340173872358573
dbpedia_20879,sales_6358,1.0
dbpedia_2851,sales_156,0.9300944927640407
dbpedia_63502,sales_344,1.0
dbpedia_26167,sales_4928,1.0
dbpedia_8640,sales_570,0.9986734693877551
dbpedia_36127,sales_3970,0.929156041311523
dbpedia_26641,sales_4177,0.9945921266233766
dbpedia_27098,sales_174,0.9300944927640407
dbpedia_10565,sales_4627,0.9521652108786356
dbpedia_59464,sales_7859,0.9504084276484756
dbpedia_24044,sales_267,0.9283507205691905
dbpedia_37140,sales_2916,1.0
dbpedia_42767,sales_6259,1.0
dbpedia_4552,sales_309,0.99
dbpedia_42277,sales_5008,0.983953488372093
dbpedia_29017,sales_562,0.9986734693877551
dbpedia_53108,sales_531,1.0
dbpedia_60243,sales_7092,0.9959375
dbpedia_35038,sales_1799,1.0
dbpedia_31220,sales_4519,0.9756666666666667
dbpedia_375,sales_823,0.99
dbpedia_21732,sales_130,0.9972340425531914
dbpedia_15934,sales_3542,0.975181309363484
dbpedia_10718,sales_7418,1.0
dbpedia_7678,sales_2485,1.0
dbpedia_27367,sales_3419,0.9207542553141306
dbpedia_13891,sales_5323,1.0
dbpedia_2292,sales_2249,0.9176234951112033
dbpedia_931,sales_5569,0.970281994401049
dbpedia_7599,sales_1783,1.0
dbpedia_23772,sales_3399,1.0
dbpedia_40235,sales_1709,0.9125461755780424
dbpedia_11789,sales_2329,0.9444654908358376
dbpedia_38009,sales_4499,1.0
dbpedia_41399,sales_3215,0.9758869859035672
dbpedia_46879,sales_882,1.0
dbpedia_28924,sales_3876,0.9882860501004882
dbpedia_2000,sales_1648,0.9489628269196941
dbpedia_39519,sales_6036,1.0
dbpedia_37750,sales_7115,1.0
dbpedia_18824,sales_5031,0.9197139344136823
dbpedia_26965,sales_863,0.99
dbpedia_38724,sales_2921,1.0
dbpedia_44619,sales_7097,1.0
dbpedia_46977,sales_1395,0.9760266591038003
dbpedia_21842,sales_4289,1.0
dbpedia_59877,sales_1547,0.9465476022869076
dbpedia_44518,sales_5208,1.0
dbpedia_44149,sales_1453,0.9254368362081581
dbpedia_2754,sales_502,0.99
dbpedia_22870,sales_5373,0.9554230136984266
dbpedia_48633,sales_2441,1.0
dbpedia_35254,sales_387,0.952974236640419
dbpedia_20556,sales_7591,1.0
dbpedia_19281,sales_4240,1.0
dbpedia_22373,sales_3922,1.0
dbpedia_54270,sales_528,0.9861960478946736
dbpedia_36245,sales_5975,0.9972340425531914
dbpedia_7667,sales_7135,0.9108527075801558
dbpedia_17362,sales_197,1.0
dbpedia_56405,sales_3880,0.9139894860416159
dbpedia_55413,sales_289,0.9972340425531914
dbpedia_55234,sales_7,1.0
dbpedia_15098,sales_34,0.9443972321970976
dbpedia_44384,sales_6593,1.0
dbpedia_2008,sales_7037,0.9486991253934797
dbpedia_9263,sales_7200,0.994396551724138
dbpedia_38422,sales_7601,0.9594387696312013
dbpedia_2918,sales_148,0.99
dbpedia_32640,sales_2084,0.9016488590803432
dbpedia_41223,sales_3993,1.0
dbpedia_29977,sales_1457,0.983953488372093
dbpedia_20770,sales_5124,1.0
dbpedia_30607,sales_111,1.0
dbpedia_12594,sales_6912,0.9334623022065344
dbpedia_38608,sales_7063,0.9911875309252846
dbpedia_51325,sales_3542,0.975181309363484
dbpedia_31230,sales_3099,0.9072139397937407
dbpedia_60164,sales_7112,0.9959375
dbpedia_19745,sales_5542,0.9056772053181481
dbpedia_20807,sales_758,0.983953488372093
dbpedia_20822,sales_5408,1.0
dbpedia_4771,sales_6631,1.0
dbpedia_57240,sales_4893,1.0
dbpedia_28019,sales_1047,0.9101594590478662
dbpedia_51056,sales_2431,0.9197737018524346
dbpedia_60933,sales_1982,0.9538566475716297
dbpedia_28348,sales_1502,0.9548702889041466
dbpedia_40849,sales_5310,1.0
dbpedia_36790,sales_275,0.9649296016757541
dbpedia_47397,sales_7558,0.937478237347714
dbpedia_24225,sales_1709,0.9125461755780424
dbpedia_39437,sales_7660,1.0
dbpedia_23439,sales_2849,0.9621652108786356
dbpedia_47187,sales_2551,0.9385673758865248
dbpedia_42914,sales_2003,0.9945921266233766
dbpedia_22468,sales_1966,1.0
dbpedia_5632,sales_5036,0.9618253975716299
dbpedia_36876,sales_331,0.983953488372093
dbpedia_9228,sales_7340,0.9049665177908419
dbpedia_34255,sales_3981,0.908092677836656
dbpedia_27126,sales_6716,0.9976576576576577
dbpedia_42846,sales_2728,0.905046100424803
dbpedia_24487,sales_3746,0.9870685311161502
dbpedia_937,sales_6779,1.0
dbpedia_24926,sales_6036,0.9826505681818182
dbpedia_14531,sales_5250,0.9476665606691336
dbpedia_2752,sales_3928,1.0
dbpedia_6470,sales_4658,1.0
dbpedia_19889,sales_802,1.0
dbpedia_320,sales_2438,0.9911875309252846
dbpedia_14508,sales_773,0.99
dbpedia_14624,sales_132,0.965863686700896
dbpedia_28641,sales_3928,1.0
dbpedia_32682,sales_3093,1.0
dbpedia_54266,sales_2874,0.9185924218470934
dbpedia_53795,sales_11,1.0
dbpedia_47021,sales_2650,0.978421573478476
dbpedia_67,sales_3928,1.0
dbpedia_11752,sales_7740,1.0
dbpedia_25080,sales_6747,1.0
dbpedia_41768,sales_6641,1.0
dbpedia_3276,sales_3500,0.9856666666666666
dbpedia_29531,sales_7287,1.0
dbpedia_9204,sales_244,0.9377475368848016
dbpedia_17976,sales_443,0.9801416006489216
dbpedia_48838,sales_7728,1.0
dbpedia_21457,sales_5794,0.9359429310069016
dbpedia_17893,sales_1765,0.9264775756140448
dbpedia_7407,sales_710,0.99
dbpedia_21885,sales_313,0.9829075580957302
dbpedia_52701,sales_1505,0.9139894860416159
dbpedia_46165,sales_6036,1.0
dbpedia_16741,sales_3597,0.947478237347714
dbpedia_16359,sales_1343,0.9805467464492043
dbpedia_11726,sales_6282,0.9306307363640256
dbpedia_37165,sales_2587,0.921446965333054
dbpedia_61305,sales_5453,0.98796875
dbpedia_2308,sales_728,0.9652027925531915
dbpedia_44018,sales_4329,0.9444820385010421
dbpedia_58756,sales_3171,0.929156041311523
dbpedia_2823,sales_7428,1.0
dbpedia_41988,sales_2416,0.996355140186916
dbpedia_64553,sales_224,0.9102480958393316
dbpedia_15397,sales_5481,1.0
dbpedia_64136,sales_4232,1.0
dbpedia_1900,sales_7866,0.9207542553141306
dbpedia_45843,sales_2165,1.0
dbpedia_22808,sales_283,0.9726607881501712
dbpedia_62390,sales_208,0.9492155903977652
dbpedia_45999,sales_1916,0.9328604502108492
dbpedia_28153,sales_5486,0.994468085106383
dbpedia_38047,sales_4602,1.0
dbpedia_34423,sales_2429,0.9825608766233767
dbpedia_60700,sales_6036,0.9986734693877551
dbpedia_10549,sales_4602,1.0
dbpedia_59113,sales_6770,0.9884215734784759
dbpedia_3929,sales_3909,1.0
dbpedia_38696,sales_553,0.9976576576576577
dbpedia_8686,sales_95,1.0
dbpedia_13530,sales_141,0.9183507205691906
dbpedia_3953,sales_1468,1.0
dbpedia_8978,sales_4182,0.994891700210849
dbpedia_31519,sales_7047,1.0
dbpedia_54303,sales_4514,0.9315545207762612
dbpedia_14140,sales_5911,0.9708781964657649
dbpedia_9804,sales_2115,0.947478237347714
dbpedia_40447,sales_3455,0.9972340425531914
dbpedia_10440,sales_3752,0.9972340425531915
dbpedia_55256,sales_3175,0.9065193742468225
dbpedia_25570,sales_949,1.0
dbpedia_36165,sales_3869,0.9388047679599589
dbpedia_19140,sales_634,1.0
dbpedia_3076,sales_3543,0.9697043817739932
dbpedia_13751,sales_5564,0.99
dbpedia_49639,sales_7345,0.9175689482618781
dbpedia_24288,sales_853,0.9231594590478663
dbpedia_6713,sales_6921,0.9986734693877551
dbpedia_6988,sales_5656,0.9472479959478506
dbpedia_381,sales_2486,0.9113378887702633
dbpedia_51519,sales_488,0.9911875309252846
dbpedia_57139,sales_1293,0.9825608766233767
dbpedia_38277,sales_1675,1.0
dbpedia_7412,sales_1377,0.9729075580957302
dbpedia_33158,sales_3677,0.9049328683008404
dbpedia_8022,sales_6036,0.9826505681818182
dbpedia_33168,sales_362,0.9729075580957302
dbpedia_16915,sales_955,0.9572340425531916
dbpedia_7420,sales_3859,0.9901416006489216
dbpedia_29728,sales_7157,0.9618253975716299
dbpedia_54544,sales_615,0.99
dbpedia_1033,sales_1739,0.984891700210849
dbpedia_23731,sales_6664,0.975181309363484
dbpedia_31422,sales_7602,1.0
dbpedia_58452,sales_899,0.99
dbpedia_53186,sales_4939,0.9122430052468036
dbpedia_20718,sales_3064,0.9513222826983341
dbpedia_39536,sales_2902,0.9095206528299111
dbpedia_19958,sales_6784,1.0
dbpedia_14183,sales_2897,1.0
dbpedia_20237,sales_2744,0.947478237347714
dbpedia_10363,sales_6480,0.994468085106383
dbpedia_28311,sales_5032,0.994332561728395
dbpedia_12718,sales_7291,0.9221989899850941
dbpedia_36853,sales_3949,0.9972340425531915
dbpedia_34837,sales_6125,1.0
dbpedia_12891,sales_7638,0.9597696913055265
dbpedia_28658,sales_1709,0.9532561322879991
dbpedia_21160,sales_3548,0.9972340425531915
dbpedia_10755,sales_7770,1.0
dbpedia_43467,sales_7268,1.0
dbpedia_38948,sales_2895,0.9185924218470934
dbpedia_63002,sales_275,0.9532561322879991
dbpedia_55390,sales_7133,1.0
dbpedia_63466,sales_1494,1.0
dbpedia_24921,sales_3655,0.9329659608646281
dbpedia_51551,sales_2658,0.9890540859707133
dbpedia_47286,sales_7027,1.0
dbpedia_13689,sales_4602,1.0
dbpedia_9153,sales_736,0.9165550871338197
dbpedia_41744,sales_4627,0.9521652108786356
dbpedia_11693,sales_7640,1.0
dbpedia_61233,sales_275,0.9532561322879991
dbpedia_40447,sales_3855,0.9972340425531914
dbpedia_29964,sales_4769,0.9629075580957301
dbpedia_56925,sales_5258,0.9313208050689136
dbpedia_39015,sales_2912,1.0
dbpedia_16932,sales_4228,0.993953488372093
dbpedia_6811,sales_556,1.0
dbpedia_9560,sales_4990,1.0
dbpedia_42993,sales_3013,0.99
dbpedia_48051,sales_4412,1.0
dbpedia_27152,sales_7239,1.0
dbpedia_16702,sales_7038,1.0
dbpedia_56972,sales_3886,0.9986734693877551
dbpedia_38300,sales_4075,1.0
dbpedia_6028,sales_6887,1.0
dbpedia_55530,sales_1270,0.9156545136289878
dbpedia_24141,sales_5627,0.9160017137476298
dbpedia_52017,sales_4769,0.9829075580957302
dbpedia_6664,sales_4189,0.9229659608646281
dbpedia_1748,sales_5219,0.9926269577598481
dbpedia_30251,sales_4178,0.994468085106383
dbpedia_15021,sales_3073,0.993953488372093
dbpedia_59406,sales_78,0.9959075119409465
dbpedia_8315,sales_1021,1.0
dbpedia_5334,sales_6537,0.9588664143819223
dbpedia_39253,sales_2818,0.9830810051506166
dbpedia_15933,sales_2029,1.0
dbpedia_57297,sales_862,0.9165550871338197
dbpedia_45433,sales_7117,1.0
dbpedia_34376,sales_1453,0.9254368362081581
dbpedia_20841,sales_6026,0.99
dbpedia_14144,sales_6443,1.0
dbpedia_47789,sales_7350,0.9417287994743352
dbpedia_28623,sales_4565,0.9354895041458623
dbpedia_37188,sales_440,1.0
dbpedia_51094,sales_1074,0.9254368362081581
dbpedia_22258,sales_1059,0.9466870816001276
dbpedia_4111,sales_3928,1.0
dbpedia_27123,sales_4143,0.994891700210849
dbpedia_40079,sales_1257,0.9856666666666666
dbpedia_10296,sales_4852,0.9848917002108492
dbpedia_28624,sales_2132,0.9911875309252843
dbpedia_19381,sales_1900,0.9848917002108492
dbpedia_4277,sales_3934,1.0
dbpedia_23661,sales_2788,0.9472972679036827
dbpedia_10728,sales_5429,0.9748917002108491
dbpedia_23739,sales_998,0.9429653259486428
dbpedia_19801,sales_4761,0.947478237347714
dbpedia_23073,sales_7231,1.0
dbpedia_8495,sales_6233,0.9986734693877551
dbpedia_1077,sales_2414,1.0
dbpedia_19267,sales_2849,0.9521652108786356
dbpedia_49927,sales_7039,1.0
dbpedia_36897,sales_5986,0.984891700210849
dbpedia_35665,sales_969,0.9758162029334333
dbpedia_8446,sales_3297,0.910683855526844
dbpedia_48164,sales_1709,0.901733735982932
dbpedia_19813,sales_444,0.9647502019153109
dbpedia_34241,sales_955,1.0
dbpedia_61312,sales_1981,1.0
dbpedia_44148,sales_1878,0.9911875309252846
dbpedia_7610,sales_3928,0.9986734693877551
dbpedia_54442,sales_1412,0.9044639895306122
dbpedia_11792,sales_6692,1.0
dbpedia_21357,sales_2175,1.0
dbpedia_1766,sales_7165,0.9206990341392012
dbpedia_60678,sales_3592,0.9911875309252843
dbpedia_40981,sales_101,0.9095206528299111
dbpedia_7647,sales_3755,0.9069733755524719
dbpedia_56121,sales_2409,0.9273366790572314
dbpedia_34733,sales_511,0.9976576576576577
dbpedia_13215,sales_1991,0.9347057266762789
dbpedia_46858,sales_1763,0.9639227287081015
dbpedia_59292,sales_2459,0.9986734693877551
dbpedia_16172,sales_3285,1.0
dbpedia_57119,sales_5320,1.0
dbpedia_30140,sales_2935,1.0
dbpedia_9172,sales_226,0.9333285502226619
dbpedia_26160,sales_6600,0.9390863731343804
dbpedia_51897,sales_2074,0.9300944927640407
dbpedia_15080,sales_6864,1.0
dbpedia_47104,sales_2093,1.0
dbpedia_9822,sales_2906,0.984891700210849
dbpedia_8241,sales_691,0.99
dbpedia_57979,sales_664,0.99
dbpedia_7307,sales_1274,0.993953488372093
dbpedia_45999,sales_2092,0.9328604502108492
dbpedia_43291,sales_6430,0.9492155903977652
dbpedia_18343,sales_4466,0.9856666666666666
dbpedia_48918,sales_7122,1.0
dbpedia_34285,sales_1813,0.9911875309252846
dbpedia_37385,sales_6133,0.9911875309252846
dbpedia_35325,sales_4493,0.9181608742023036
dbpedia_13370,sales_7504,1.0
dbpedia_55092,sales_3319,0.9876576576576577
dbpedia_55019,sales_5091,0.9095103087191299
dbpedia_64022,sales_7323,0.9959375
dbpedia_38347,sales_817,1.0
dbpedia_213,sales_5945,0.9309564526807682
dbpedia_19356,sales_2897,1.0
dbpedia_16592,sales_6666,0.9373285592598692
dbpedia_2308,sales_6388,0.9652027925531915
dbpedia_20242,sales_7306,0.9701416006489216
dbpedia_16775,sales_3495,0.9268737747955297
dbpedia_19697,sales_7566,0.9959375
dbpedia_26239,sales_2549,0.9056479815131867
dbpedia_29814,sales_40,0.9959075119409465
dbpedia_43001,sales_2705,0.9986734693877551
dbpedia_23804,sales_7505,1.0
dbpedia_4055,sales_7304,0.9676576576576577
dbpedia_9587,sales_6910,0.9916041666666666
dbpedia_23288,sales_7639,0.99
dbpedia_17374,sales_1877,0.9283507205691905
dbpedia_11078,sales_6288,0.9825608766233767
dbpedia_42747,sales_250,0.9770685311161502
dbpedia_45377,sales_3799,0.9443972321970976
dbpedia_40862,sales_2729,0.9029913236448027
dbpedia_56149,sales_3518,0.9776576576576577
dbpedia_52437,sales_1453,0.9254368362081581
dbpedia_43641,sales_1507,0.9165550871338197
dbpedia_22494,sales_3188,0.9486828240387929
dbpedia_48601,sales_3150,0.99
dbpedia_25762,sales_3985,0.9801416006489216
dbpedia_59709,sales_4743,1.0
dbpedia_45098,sales_2849,0.9521652108786356
dbpedia_25643,sales_4162,1.0
dbpedia_4506,sales_6617,0.9481713938431487
dbpedia_7064,sales_4374,0.9959375
dbpedia_63449,sales_1333,0.903706672408079
dbpedia_2581,sales_1727,0.9266588733840329
dbpedia_11186,sales_2322,0.9829075580957302
dbpedia_15560,sales_3928,0.9926505681818182
dbpedia_56015,sales_3246,0.96
dbpedia_7854,sales_1395,0.9699801474758932
dbpedia_55336,sales_853,0.9101594590478662
dbpedia_21880,sales_7541,0.98
dbpedia_3240,sales_4769,0.9629075580957301
dbpedia_31834,sales_1666,0.9264775756140448
dbpedia_20242,sales_4131,0.9701416006489216
dbpedia_59864,sales_1347,0.9972340425531915
dbpedia_36535,sales_742,0.9165550871338197
dbpedia_40843,sales_4890,1.0
dbpedia_58498,sales_6259,1.0
dbpedia_35736,sales_7199,0.950565046187522
dbpedia_42546,sales_275,0.9142196449657974
dbpedia_44145,sales_1817,0.9859075119409465
dbpedia_33485,sales_2624,1.0
dbpedia_56853,sales_3462,0.9400638988637644
dbpedia_39132,sales_3455,0.9872340425531914
dbpedia_54557,sales_7115,1.0
dbpedia_13725,sales_4469,0.9986734693877551
dbpedia_28938,sales_849,0.9348726373424399
dbpedia_21029,sales_2121,1.0
dbpedia_5357,sales_6521,1.0
dbpedia_56765,sales_41,1.0
dbpedia_15802,sales_1299,1.0
dbpedia_41775,sales_4822,0.9329849890634133
dbpedia_17143,sales_3700,0.9003240171341568
dbpedia_45021,sales_6134,0.9202211299502966
dbpedia_10476,sales_3154,0.9618253975716299
dbpedia_13383,sales_6971,0.9095103087191299
dbpedia_14868,sales_4715,1.0
dbpedia_7923,sales_4049,1.0
dbpedia_46547,sales_1695,0.97
dbpedia_27458,sales_2306,0.9911875309252846
dbpedia_56401,sales_1996,0.952974236640419
dbpedia_14734,sales_1234,0.9729075580957302
dbpedia_28352,sales_1609,1.0
dbpedia_55587,sales_6716,0.9876576576576577
dbpedia_53576,sales_1427,0.9300944927640407
dbpedia_28301,sales_2158,0.9972340425531914
dbpedia_6429,sales_3928,1.0
dbpedia_5194,sales_7730,1.0
dbpedia_24100,sales_1,0.9972340425531914
dbpedia_33422,sales_6031,0.9338436420524632
dbpedia_38966,sales_213,0.9617936773979183
dbpedia_52668,sales_7571,1.0
dbpedia_14701,sales_1369,0.9427097393768706
dbpedia_28698,sales_7090,1.0
dbpedia_51694,sales_5486,0.9884215734784759
dbpedia_17996,sales_2730,0.9026400422191385
dbpedia_7257,sales_3957,0.9238103811333285
dbpedia_4166,sales_4442,0.9256666666666666
dbpedia_530,sales_1870,0.9972340425531915
dbpedia_28507,sales_5896,0.9885456149954696
dbpedia_2921,sales_2705,0.9986734693877551
dbpedia_4273,sales_2615,0.9334582541458623
dbpedia_54175,sales_352,0.9400638988637644
dbpedia_23507,sales_3845,0.9329659608646281
dbpedia_32359,sales_2465,0.9986734693877551
dbpedia_63666,sales_3097,0.9986734693877551
dbpedia_18583,sales_882,0.9848917002108492
dbpedia_5673,sales_156,0.9100944927640406
dbpedia_64813,sales_1617,0.99
dbpedia_62390,sales_970,0.9492155903977652
dbpedia_28637,sales_6845,1.0
dbpedia_43218,sales_7644,1.0
dbpedia_7270,sales_510,0.9734052060638585
dbpedia_24949,sales_7781,0.9778290767997668
dbpedia_55261,sales_1167,0.9058083636469786
dbpedia_24974,sales_1307,0.9263601952946334
dbpedia_22400,sales_2425,0.9676576576576577
dbpedia_25180,sales_1960,1.0
dbpedia_8299,sales_6468,0.9066497145007777
dbpedia_5733,sales_2290,0.9300944927640407
dbpedia_52762,sales_1513,0.994396551724138
dbpedia_4937,sales_6430,0.9392155903977651
dbpedia_12808,sales_4778,0.9161650484707013
dbpedia_47141,sales_2903,0.9986734693877551
dbpedia_19650,sales_4593,1.0
dbpedia_48298,sales_1337,0.9886734693877551
dbpedia_31784,sales_5124,1.0
dbpedia_51430,sales_7679,0.9506620949686498
dbpedia_35635,sales_443,0.9601416006489216
dbpedia_2904,sales_7748,1.0
dbpedia_21432,sales_7644,1.0
dbpedia_63030,sales_7095,0.975181309363484
dbpedia_25585,sales_5496,0.9598482867564768
dbpedia_25590,sales_3792,1.0
dbpedia_47200,sales_3064,0.9513222826983341
dbpedia_13200,sales_3076,0.9856666666666666
dbpedia_51282,sales_4677,1.0
dbpedia_935,sales_7159,1.0
dbpedia_50629,sales_6143,0.993953488372093
dbpedia_44725,sales_4862,0.911609461092614
dbpedia_5733,sales_2768,0.9300944927640407
dbpedia_9822,sales_3448,0.984891700210849
dbpedia_51897,sales_2557,0.9300944927640407
dbpedia_21577,sales_6742,1.0
dbpedia_39537,sales_3039,0.9986734693877551
dbpedia_7061,sales_4769,0.9629075580957301
dbpedia_20896,sales_4605,0.9539227287081015
dbpedia_57135,sales_4838,0.9859075119409466
dbpedia_28308,sales_3200,1.0
dbpedia_33357,sales_2899,0.996355140186916
dbpedia_43525,sales_6939,0.9755576550387596
dbpedia_1781,sales_2829,0.9986734693877551
dbpedia_46547,sales_2023,0.97
dbpedia_23284,sales_7279,1.0
dbpedia_20869,sales_5019,0.9306307363640256
dbpedia_38307,sales_3039,1.0
dbpedia_44334,sales_1338,0.9911875309252846
dbpedia_48221,sales_3039,1.0
dbpedia_22685,sales_5362,0.9080197722040846
dbpedia_32911,sales_4,1.0
dbpedia_26132,sales_964,0.9986734693877551
dbpedia_18415,sales_6076,1.0
dbpedia_16083,sales_352,0.9147122799009055
dbpedia_43288,sales_4441,0.9360252630109528
dbpedia_17344,sales_2947,0.9338436420524632
dbpedia_33233,sales_4182,0.984891700210849
dbpedia_99,sales_2958,0.9231594590478663
dbpedia_50030,sales_3276,0.9422890706498167
dbpedia_39132,sales_3855,0.9872340425531914
dbpedia_52449,sales_1903,0.9972340425531914
dbpedia_38286,sales_7323,0.9959375
dbpedia_5624,sales_5805,1.0
dbpedia_39657,sales_6394,0.98
dbpedia_19040,sales_5344,0.927324656978136
dbpedia_64798,sales_7867,0.9153887659011724
dbpedia_26946,sales_6112,1.0
dbpedia_25279,sales_7375,0.9569894982683259
dbpedia_10068,sales_2160,1.0
dbpedia_48747,sales_2001,0.9071950793881156
dbpedia_52449,sales_7652,0.9972340425531914
dbpedia_13647,sales_467,0.9264775756140448
dbpedia_13219,sales_3752,0.9911875309252846
dbpedia_31139,sales_3183,1.0
dbpedia_31284,sales_1090,0.9395679329060854
dbpedia_63792,sales_2903,1.0
dbpedia_6945,sales_3941,0.9976576576576577
dbpedia_50536,sales_5184,0.9331145648741807
dbpedia_21161,sales_3101,1.0
dbpedia_9855,sales_531,1.0
dbpedia_49890,sales_7422,1.0
dbpedia_18544,sales_1960,1.0
dbpedia_62716,sales_3840,0.9228604502108492
dbpedia_41271,sales_1645,0.9214903318497375
dbpedia_62825,sales_5634,1.0
dbpedia_25967,sales_5435,0.9264775756140448
dbpedia_38420,sales_4475,0.9706577138562575
dbpedia_36897,sales_7026,0.984891700210849
dbpedia_42430,sales_5770,0.9945921266233766
dbpedia_7148,sales_836,0.9976576576576577
dbpedia_5934,sales_7426,0.9306307363640256
dbpedia_44850,sales_6705,0.9185545207762614
dbpedia_50238,sales_2010,0.9976576576576577
dbpedia_19425,sales_3949,0.9911875309252846
dbpedia_4864,sales_3826,0.9856666666666666
dbpedia_9160,sales_5253,0.9986734693877551
dbpedia_60047,sales_1552,0.9826262842465754
dbpedia_17528,sales_275,0.901733735982932
dbpedia_52086,sales_2584,0.993953488372093
dbpedia_11117,sales_3928,0.9986734693877551
dbpedia_34234,sales_2903,1.0
dbpedia_34357,sales_6188,1.0
dbpedia_45843,sales_2117,1.0
dbpedia_1741,sales_3736,1.0
dbpedia_56014,sales_3937,0.9839527167671548
dbpedia_23087,sales_5810,0.994891700210849
dbpedia_54383,sales_1261,1.0
dbpedia_11433,sales_368,0.9976576576576577
dbpedia_50115,sales_5804,1.0
dbpedia_52630,sales_4094,0.993953488372093
dbpedia_9674,sales_870,0.980760438855677
dbpedia_24196,sales_7457,1.0
dbpedia_3100,sales_2762,0.955539659299243
dbpedia_13242,sales_7017,1.0
dbpedia_6737,sales_2930,0.97
dbpedia_41184,sales_1090,0.9225062045110238
dbpedia_45481,sales_4228,0.993953488372093
dbpedia_31207,sales_6318,0.9495986718490522
dbpedia_8816,sales_86,1.0
dbpedia_19225,sales_1237,1.0
dbpedia_2924,sales_1486,0.9392155903977651
dbpedia_16108,sales_2009,1.0
dbpedia_14988,sales_5055,0.9876576576576577
dbpedia_8839,sales_6534,0.9046573504674902
dbpedia_31543,sales_1817,0.9972340425531914
dbpedia_44293,sales_7527,0.9943401360544217
dbpedia_43227,sales_3648,0.9725608766233766
dbpedia_62005,sales_5005,1.0
dbpedia_45494,sales_119,1.0
dbpedia_39414,sales_5561,0.9006834370370523
dbpedia_36418,sales_6169,0.9452492593203463
dbpedia_52464,sales_1611,0.9972340425531914
dbpedia_9918,sales_1709,0.9073685181001778
dbpedia_1248,sales_1870,0.9911875309252846
dbpedia_5509,sales_1337,1.0
dbpedia_41065,sales_1317,0.9004649718674149
dbpedia_21354,sales_2001,1.0
dbpedia_8328,sales_4414,0.9092155903977651
dbpedia_9520,sales_3599,0.9825608766233767
dbpedia_62257,sales_1453,0.9254368362081581
dbpedia_20242,sales_5207,0.9701416006489216
dbpedia_31141,sales_5172,1.0
dbpedia_26212,sales_5763,0.9866233766233766
dbpedia_24108,sales_1999,0.9181576678613209
dbpedia_1742,sales_6591,0.956138019320194
dbpedia_47520,sales_4310,0.9294387696312013
dbpedia_35599,sales_5757,0.9192477693085509
dbpedia_40122,sales_14,1.0
dbpedia_2567,sales_917,0.9899992283950617
dbpedia_12113,sales_3276,0.9192890706498167
dbpedia_3633,sales_6939,0.9755576550387596
dbpedia_56318,sales_544,0.9748917002108491
dbpedia_32802,sales_2959,0.933926488263339
dbpedia_4467,sales_7027,1.0
dbpedia_16548,sales_5536,1.0
dbpedia_11186,sales_5856,0.9829075580957302
dbpedia_11047,sales_964,0.9986734693877551
dbpedia_3059,sales_4310,0.9748917002108491
dbpedia_20533,sales_882,0.9748917002108491
dbpedia_55904,sales_1244,0.9976576576576577
dbpedia_35933,sales_6537,0.9504713526535273
dbpedia_62427,sales_304,0.9224852152249069
dbpedia_17037,sales_4321,0.9986734693877551
dbpedia_58886,sales_7642,1.0
dbpedia_28443,sales_2158,0.9972340425531914
dbpedia_53061,sales_1699,0.9456447103535156
dbpedia_19888,sales_1168,1.0
dbpedia_34107,sales_3732,0.9025639523609519
dbpedia_30943,sales_5598,0.9592155903977652
dbpedia_40447,sales_2691,0.9972340425531914
dbpedia_49989,sales_2454,0.9057237628093425
dbpedia_59955,sales_7644,1.0
dbpedia_24550,sales_1628,0.9162089095927434
dbpedia_55904,sales_960,0.9976576576576577
dbpedia_60044,sales_5768,0.99
dbpedia_53837,sales_7199,0.9462317128541886
dbpedia_19188,sales_4775,1.0
dbpedia_30194,sales_1104,1.0
dbpedia_16541,sales_835,0.9133615795192369
dbpedia_58620,sales_7585,0.935809612539098
dbpedia_26259,sales_5292,0.9770685311161502
dbpedia_5176,sales_7720,0.9951543674698794
dbpedia_27336,sales_2160,1.0
dbpedia_45483,sales_3160,0.9352027925531915
dbpedia_61595,sales_6931,0.9251674378193318
dbpedia_2434,sales_4676,0.9652501338653869
dbpedia_43200,sales_1220,1.0
dbpedia_16110,sales_3817,0.9481713938431487
dbpedia_8581,sales_2829,1.0
dbpedia_42372,sales_3761,0.9601416006489216
dbpedia_10322,sales_2661,0.9133615795192369
dbpedia_55587,sales_6075,0.9976576576576577
dbpedia_52449,sales_2620,0.9972340425531914
dbpedia_40911,sales_4896,0.947478237347714
dbpedia_11733,sales_1292,0.9433831906851384
dbpedia_43741,sales_4784,0.9167171217109039
dbpedia_61991,sales_7549,1.0
dbpedia_39521,sales_1886,0.9858162029334333
dbpedia_26822,sales_4528,0.910537013728955
dbpedia_35547,sales_777,0.9911875309252846
dbpedia_12022,sales_6864,0.9192155903977651
dbpedia_41364,sales_6219,1.0
dbpedia_4762,sales_1104,0.9886734693877551
dbpedia_15847,sales_26,0.9196678226268596
dbpedia_1238,sales_1104,0.9315579327401075
dbpedia_39836,sales_6256,1.0
dbpedia_4575,sales_2362,0.9101439724029321
dbpedia_27847,sales_6189,0.9648702889041466
dbpedia_33340,sales_94,1.0
dbpedia_36860,sales_3240,0.9577398373983741
dbpedia_44,sales_2758,0.993953488372093
dbpedia_9408,sales_6057,0.9976576576576577
dbpedia_2130,sales_7761,0.9146174086158976
dbpedia_26432,sales_5958,0.9165323233184275
dbpedia_38383,sales_7421,0.9108919658075993
dbpedia_40887,sales_5629,0.9231594590478663
dbpedia_64176,sales_5884,0.9228878541095946
dbpedia_34980,sales_5579,1.0
dbpedia_62728,sales_4769,0.9629075580957301
dbpedia_9199,sales_485,0.9315579327401075
dbpedia_5501,sales_6887,1.0
dbpedia_22990,sales_4455,0.984891700210849
dbpedia_42533,sales_5593,0.9273364054583818
dbpedia_5361,sales_2829,1.0
dbpedia_17356,sales_7133,1.0
dbpedia_61448,sales_65,1.0
dbpedia_60396,sales_4365,0.9181981168387704
dbpedia_5705,sales_6821,0.9315545207762612
dbpedia_7075,sales_3938,0.9381770291936106
dbpedia_63643,sales_3447,0.9776576576576577
dbpedia_50760,sales_3390,0.9805467464492043
dbpedia_35468,sales_3033,0.9899992283950617
dbpedia_24054,sales_5935,1.0
dbpedia_16350,sales_5211,0.9502990059836555
dbpedia_29401,sales_4205,0.9725608766233766
dbpedia_28847,sales_7063,0.9261650484707015
dbpedia_49951,sales_3271,0.9959375
dbpedia_13204,sales_1461,0.9976576576576577
dbpedia_34320,sales_3313,0.9899992283950617
dbpedia_1499,sales_7375,0.9623319640217507
dbpedia_35534,sales_4530,1.0
dbpedia_24889,sales_23,0.9092155903977651
dbpedia_57542,sales_6865,0.9276106521261602
dbpedia_19240,sales_6954,0.9125007339701473
dbpedia_41078,sales_7133,1.0
dbpedia_216,sales_3389,0.9976576576576577
dbpedia_17327,sales_3784,1.0
dbpedia_8780,sales_420,0.9976576576576577
dbpedia_35461,sales_2015,1.0
dbpedia_9363,sales_78,0.9859075119409465
dbpedia_25565,sales_5847,0.9583950617283951
dbpedia_10539,sales_7272,0.946803904170364
dbpedia_45065,sales_78,0.9972340425531914
dbpedia_29836,sales_443,0.9601416006489216
dbpedia_58777,sales_2075,0.9829075580957302
dbpedia_2693,sales_3868,0.911472482186105
dbpedia_20474,sales_7809,0.9025007339701473
dbpedia_15454,sales_7614,1.0
dbpedia_56082,sales_5072,0.9144920143018456
dbpedia_8237,sales_5602,0.9372096206600924
dbpedia_22802,sales_462,1.0
dbpedia_1714,sales_2783,0.9492155903977652
dbpedia_26292,sales_7359,1.0
dbpedia_1337,sales_217,1.0
dbpedia_27098,sales_2320,0.9200944927640407
dbpedia_33948,sales_1132,0.9164662146617769
dbpedia_18167,sales_4146,0.9231594590478663
dbpedia_35994,sales_3792,0.993953488372093
dbpedia_32853,sales_2226,0.9725608766233766
dbpedia_52448,sales_7748,1.0
dbpedia_30661,sales_3571,0.960942986640419
dbpedia_64671,sales_5223,1.0
dbpedia_49762,sales_132,0.965863686700896
dbpedia_50450,sales_101,0.9095206528299111
dbpedia_27126,sales_6075,0.9876576576576577
dbpedia_39662,sales_3578,0.9848917002108492
dbpedia_30229,sales_6887,1.0
dbpedia_20850,sales_2392,0.9886734693877551
dbpedia_40208,sales_46,0.9859075119409465
dbpedia_2042,sales_4728,0.9683950617283951
dbpedia_35845,sales_78,0.9315579327401075
dbpedia_35051,sales_7750,0.9714650828402881
dbpedia_34912,sales_4768,0.9976576576576577
dbpedia_39653,sales_1440,0.9219532723551664
dbpedia_32620,sales_1884,0.9224910011946542
dbpedia_34054,sales_6364,0.975181309363484
dbpedia_5713,sales_4235,0.9203782040911596
dbpedia_35112,sales_616,0.9976576576576577
dbpedia_41845,sales_7852,0.9463457178972131
dbpedia_40189,sales_7505,1.0
dbpedia_55974,sales_3208,0.955539659299243
dbpedia_14377,sales_4763,0.9144927923811995
dbpedia_14751,sales_331,0.983953488372093
dbpedia_26330,sales_4534,1.0
dbpedia_11299,sales_7497,0.9121989899850941
dbpedia_53276,sales_1015,0.9876576576576577
dbpedia_54249,sales_1628,0.9088687735383215
dbpedia_58796,sales_4920,1.0
dbpedia_44652,sales_964,0.9986734693877551
dbpedia_35699,sales_2662,0.9072165193085509
dbpedia_11415,sales_144,0.9505446602132669
dbpedia_57199,sales_4289,1.0
dbpedia_1194,sales_4990,1.0
dbpedia_24944,sales_7720,0.9755576550387596
dbpedia_13699,sales_4690,0.9681304347826089
dbpedia_35879,sales_3381,0.9386692393540773
dbpedia_3831,sales_4317,0.993953488372093
dbpedia_17640,sales_1337,0.9315579327401075
dbpedia_30983,sales_7816,1.0
dbpedia_18657,sales_2902,0.9095206528299111
dbpedia_50459,sales_376,0.9976576576576577
dbpedia_25716,sales_4328,0.9428604502108492
dbpedia_27359,sales_2548,0.9976576576576577
dbpedia_51027,sales_4852,0.9848917002108492
dbpedia_3676,sales_353,0.9976576576576577
dbpedia_24889,sales_683,0.9092155903977651
dbpedia_59954,sales_1419,0.9515579327401075
dbpedia_47136,sales_1838,0.9976576576576577
dbpedia_63723,sales_113,0.921146731781334
dbpedia_28681,sales_2259,0.9829075580957302
dbpedia_6728,sales_4331,0.9308370267278974
dbpedia_28495,sales_6747,1.0
dbpedia_8909,sales_6067,0.9439206445270595
dbpedia_63100,sales_4918,1.0
dbpedia_45999,sales_3124,0.9328604502108492
dbpedia_12869,sales_1337,1.0
dbpedia_18752,sales_2465,0.9986734693877551
dbpedia_26310,sales_5536,0.993953488372093
dbpedia_54140,sales_4564,0.9221989899850941
dbpedia_39452,sales_2014,0.9695993442773294
dbpedia_3723,sales_414,0.9976576576576577
dbpedia_29875,sales_1314,0.9976576576576577
dbpedia_38947,sales_3208,0.9402985327560333
dbpedia_36678,sales_1445,1.0
dbpedia_39896,sales_72,0.9972340425531914
dbpedia_39465,sales_4769,0.9629075580957301
dbpedia_47728,sales_762,1.0
dbpedia_48923,sales_5407,0.9133615795192369
dbpedia_42792,sales_3033,0.9816041666666666
dbpedia_10952,sales_4588,0.9826826228772596
dbpedia_57582,sales_4679,0.9876576576576577
dbpedia_25075,sales_5300,0.984891700210849
dbpedia_50054,sales_7063,0.911528412721449
dbpedia_24889,sales_18,0.9092155903977651
dbpedia_39132,sales_2691,0.9872340425531914
dbpedia_41116,sales_3595,0.9072165193085509
dbpedia_27826,sales_6620,0.9242899372925102
dbpedia_58698,sales_5308,0.9876576576576577
dbpedia_27140,sales_367,0.994891700210849
dbpedia_19089,sales_249,0.9876576576576577
dbpedia_8723,sales_2713,0.9829075580957302
dbpedia_6186,sales_7297,0.9315892893772351
dbpedia_45999,sales_4073,0.9328604502108492
dbpedia_21576,sales_6024,0.9976576576576577
dbpedia_52276,sales_964,1.0
dbpedia_42872,sales_2474,0.9288047679599589
dbpedia_37851,sales_7720,0.9755576550387596
dbpedia_63947,sales_1868,0.97
dbpedia_63144,sales_4471,0.9876576576576577
dbpedia_36341,sales_7272,0.9256734693877552
dbpedia_45999,sales_5014,0.9328604502108492
dbpedia_11957,sales_4945,0.9122368492217237
dbpedia_10357,sales_988,1.0
dbpedia_12538,sales_758,0.983953488372093
dbpedia_21712,sales_4476,0.9866233766233766
dbpedia_17950,sales_3760,0.9108919658075993
dbpedia_21104,sales_3337,0.9395392470608434
dbpedia_47690,sales_1956,0.9231594590478663
dbpedia_19275,sales_1924,0.9976576576576577
dbpedia_19692,sales_6765,0.9976576576576577
dbpedia_15858,sales_1579,0.9829075580957302
dbpedia_30639,sales_5914,0.9848917002108492
dbpedia_43920,sales_2996,0.9829075580957302
dbpedia_61043,sales_4148,0.9825608766233767
dbpedia_32890,sales_7532,1.0
dbpedia_19089,sales_61,0.9976576576576577
dbpedia_14726,sales_5810,0.974891700210849
dbpedia_15675,sales_2079,0.9224910011946542
dbpedia_61173,sales_1381,1.0
dbpedia_32904,sales_5165,0.9489628269196941
dbpedia_24957,sales_747,0.9801416006489216
dbpedia_22171,sales_5248,0.9020034254129782
dbpedia_6318,sales_1015,0.9676576576576577
dbpedia_15625,sales_6967,0.9003556352616597
dbpedia_34794,sales_1493,0.983953488372093
dbpedia_7239,sales_964,1.0
dbpedia_4678,sales_281,0.9401413759862309
dbpedia_37731,sales_6151,0.9005547080997262
dbpedia_46547,sales_1142,0.97
dbpedia_19615,sales_3962,0.9128590512590072
dbpedia_8062,sales_78,0.9972340425531914
dbpedia_11165,sales_1347,0.9911875309252846
dbpedia_64499,sales_964,0.9986734693877551
dbpedia_46143,sales_3945,1.0
dbpedia_26344,sales_5265,0.9866233766233766
dbpedia_43151,sales_3853,0.9569894982683259
dbpedia_10409,sales_990,0.9047530363672034
dbpedia_4490,sales_7240,1.0
dbpedia_44588,sales_3132,0.984891700210849
dbpedia_16483,sales_3884,0.9224910011946542
dbpedia_55001,sales_3498,0.9976576576576577
dbpedia_1942,sales_7514,0.9760266591038003
dbpedia_62255,sales_6241,0.908929595249741
dbpedia_3862,sales_5404,0.9907516919110538
dbpedia_52004,sales_3710,0.9435521602211452
dbpedia_20412,sales_661,0.9172764789482731
dbpedia_34156,sales_1883,0.937478237347714
dbpedia_46547,sales_2242,0.97
dbpedia_6948,sales_4369,0.9885456149954696
dbpedia_40377,sales_217,1.0
dbpedia_19548,sales_5256,0.938395061728395
dbpedia_6231,sales_3938,0.9112555119392443
dbpedia_8342,sales_1104,1.0
dbpedia_52026,sales_2266,0.9000105386514814
dbpedia_54822,sales_4679,0.9676576576576577
dbpedia_37486,sales_2522,0.9976576576576577
dbpedia_42142,sales_4667,0.9344654908358376
dbpedia_43308,sales_576,0.97
dbpedia_5715,sales_4297,0.9976576576576577
dbpedia_40122,sales_119,0.99
dbpedia_58905,sales_5318,0.937478237347714
dbpedia_61165,sales_2705,1.0
dbpedia_1965,sales_6678,0.9976576576576577
dbpedia_25233,sales_1905,0.97
dbpedia_11625,sales_7720,0.9755576550387596
dbpedia_37314,sales_3475,1.0
dbpedia_14122,sales_6450,0.9929075580957302
dbpedia_22292,sales_5004,0.9158570369529716
dbpedia_56471,sales_1056,0.9300944927640407
dbpedia_3271,sales_6182,0.9776576576576577
dbpedia_32974,sales_6060,0.9288047679599589
dbpedia_63643,sales_5055,1.0
dbpedia_20972,sales_1370,0.9271923845923407
dbpedia_13063,sales_3365,0.9876576576576577
dbpedia_61057,sales_6521,1.0
dbpedia_13140,sales_3113,0.9231594590478663
dbpedia_37067,sales_107,0.9976576576576577
dbpedia_28478,sales_4314,0.9569894982683259
dbpedia_4659,sales_5439,0.9224910011946542
dbpedia_4382,sales_3601,0.9191180207173697
dbpedia_7638,sales_1337,0.9215579327401074
dbpedia_12424,sales_741,0.9066808468684551
dbpedia_25629,sales_5435,0.913477575614045
dbpedia_54027,sales_3383,0.9315579327401075
dbpedia_40497,sales_5220,0.9203782040911596
dbpedia_3509,sales_3324,0.9219532723551664
dbpedia_21562,sales_1020,0.9876576576576577
dbpedia_574,sales_5909,0.9024187738347159
dbpedia_483,sales_1767,0.9224910011946542
dbpedia_40406,sales_6521,1.0
dbpedia_3837,sales_4538,0.9261630181096524
dbpedia_5886,sales_1316,0.9052027925531916
dbpedia_1509,sales_129,0.9159439392281424
dbpedia_4667,sales_6658,0.9439647417791798
dbpedia_7035,sales_2548,0.9976576576576577
dbpedia_25091,sales_5011,0.923978043686849
dbpedia_2485,sales_1767,0.9976576576576577
dbpedia_55409,sales_6182,0.9976576576576577
dbpedia_31108,sales_3153,0.994468085106383
dbpedia_14178,sales_1094,0.9976576576576577
dbpedia_15289,sales_2637,0.984891700210849
dbpedia_19320,sales_3364,0.9238102586514547
dbpedia_23977,sales_2720,0.900451354050703
dbpedia_21409,sales_2075,0.9629075580957301
dbpedia_16371,sales_7304,0.9676576576576577
dbpedia_49938,sales_5564,0.9089295952497412
dbpedia_59481,sales_40,0.9315579327401075
dbpedia_55779,sales_7233,0.9559944543215977
dbpedia_36327,sales_1588,0.9014943202568914
dbpedia_13374,sales_6025,0.9569894982683259
dbpedia_62416,sales_3761,0.9601416006489216
dbpedia_733,sales_1574,0.9300944927640407
dbpedia_58251,sales_227,0.9901416006489216
dbpedia_44160,sales_1761,0.9219532723551664
dbpedia_58084,sales_7017,0.993953488372093
dbpedia_11922,sales_1767,0.9976576576576577
dbpedia_10652,sales_562,0.9315579327401075
dbpedia_7520,sales_6038,0.9410576531622366
dbpedia_3144,sales_7768,1.0
dbpedia_47148,sales_5323,0.9976576576576577
dbpedia_50173,sales_6369,0.9149335715581747
dbpedia_14955,sales_7457,1.0
dbpedia_29875,sales_644,0.9976576576576577
dbpedia_22647,sales_119,0.99
dbpedia_41991,sales_78,0.9215579327401074
dbpedia_9285,sales_2496,0.9829075580957302
dbpedia_7827,sales_7804,0.9410833148741807
dbpedia_11024,sales_4328,0.9328604502108492
dbpedia_28103,sales_4898,0.97
dbpedia_6156,sales_5818,0.9445532456241623
dbpedia_57081,sales_3741,0.9306935286279667
dbpedia_1883,sales_4108,0.9236214359772629
dbpedia_59719,sales_2278,0.97
dbpedia_13474,sales_6678,0.9976576576576577
dbpedia_8409,sales_3168,0.908395061728395
dbpedia_13474,sales_389,0.9976576576576577
dbpedia_38696,sales_442,0.9492155903977652
dbpedia_16671,sales_562,0.9215579327401074
dbpedia_15478,sales_6679,0.9682512387059168
dbpedia_32633,sales_497,0.9052027925531916
dbpedia_2772,sales_2481,0.9058538464480149
dbpedia_4849,sales_2678,0.9876576576576577
dbpedia_1167,sales_825,0.9005668789271699
dbpedia_33760,sales_7199,0.9462317128541886
dbpedia_13712,sales_522,0.9976576576576577
dbpedia_22649,sales_4041,0.9829075580957302
dbpedia_19946,sales_3186,0.9829075580957302
dbpedia_46903,sales_2392,0.9315579327401075
dbpedia_2026,sales_2484,0.9281605979157256
dbpedia_47089,sales_3578,0.9748917002108491
dbpedia_7123,sales_2259,0.9829075580957302
dbpedia_4396,sales_1653,0.9899992283950617
dbpedia_3698,sales_3870,0.9101594590478662
dbpedia_19112,sales_6834,0.9213067088858052
dbpedia_21219,sales_6292,1.0
dbpedia_32964,sales_1262,0.9929075580957302
dbpedia_5729,sales_3140,0.984891700210849
dbpedia_24716,sales_1235,0.9976576576576577
dbpedia_59027,sales_2982,0.9172764789482731
dbpedia_54591,sales_1667,0.9300944927640407
dbpedia_20860,sales_5935,1.0
dbpedia_5157,sales_2705,1.0
dbpedia_6817,sales_1432,0.9300944927640407
dbpedia_22229,sales_2417,0.9105811026418843
dbpedia_498,sales_6473,0.937478237347714
dbpedia_54037,sales_6141,0.9456447103535156
dbpedia_8590,sales_40,0.9215579327401074
dbpedia_9885,sales_32,0.9797549068118093
dbpedia_4967,sales_4175,0.9108527075801558
dbpedia_35868,sales_5741,0.9226230254794403
dbpedia_46060,sales_372,0.9334360495264533
dbpedia_46879,sales_4310,0.9548917002108491
dbpedia_19722,sales_1866,0.9224910011946542
dbpedia_50231,sales_4753,0.9269780436868489
dbpedia_54133,sales_4036,0.9751989658987589
dbpedia_26645,sales_1376,0.9672340425531916
dbpedia_21099,sales_5829,0.9269780436868489
dbpedia_9036,sales_5745,0.9929075580957302
dbpedia_55158,sales_4537,0.9829075580957302
dbpedia_17295,sales_2843,0.984891700210849
dbpedia_39443,sales_1780,0.9976576576576577
dbpedia_21746,sales_19,1.0
dbpedia_29718,sales_1579,0.9829075580957302
dbpedia_8585,sales_6150,0.9192155903977651
dbpedia_9104,sales_5536,0.993953488372093
dbpedia_2758,sales_2131,1.0
dbpedia_16521,sales_2390,0.9026400422191386
dbpedia_4389,sales_7204,0.9758869859035672
dbpedia_33167,sales_7133,0.99
dbpedia_30899,sales_3274,0.9212299673203662
dbpedia_33436,sales_6182,0.9776576576576577
dbpedia_19683,sales_3725,0.9175189938140119
dbpedia_38126,sales_6864,0.9192155903977651
dbpedia_30089,sales_7851,0.9142899372925102
dbpedia_4243,sales_5932,0.9848917002108492
dbpedia_22215,sales_3156,0.9161919962316364
dbpedia_38048,sales_459,0.9203295609431755
dbpedia_21200,sales_4610,0.994891700210849
dbpedia_3150,sales_2745,0.9219084631723468
dbpedia_10513,sales_6948,0.9260682530367231
dbpedia_9822,sales_2724,0.984891700210849
dbpedia_20942,sales_2756,0.9683950617283951
dbpedia_36287,sales_6537,0.94396474177918
dbpedia_46264,sales_7191,0.9410833148741807
dbpedia_47753,sales_616,0.9876576576576577
dbpedia_18420,sales_6872,0.9492155903977652
dbpedia_22647,sales_14,0.97
dbpedia_21881,sales_2247,0.9192412427807019
dbpedia_4730,sales_7153,1.0
dbpedia_18899,sales_282,0.9328604502108492
dbpedia_19403,sales_2617,0.9652027925531915
dbpedia_20889,sales_5029,0.9444272255521017
dbpedia_26843,sales_1164,0.9300944927640407
dbpedia_45990,sales_7532,1.0
dbpedia_33291,sales_4640,0.9221442422807113
dbpedia_12200,sales_5372,0.9092155903977651
dbpedia_15290,sales_2321,0.9642899372925102
dbpedia_28227,sales_2630,0.9929075580957302
dbpedia_49645,sales_1663,0.9976576576576577
dbpedia_1965,sales_602,0.9976576576576577
dbpedia_27922,sales_111,0.9548917002108491
dbpedia_13513,sales_5593,0.9976576576576577
dbpedia_64580,sales_955,0.9172340425531915
dbpedia_43845,sales_7716,1.0
dbpedia_39875,sales_6844,0.9272211874429278
dbpedia_62007,sales_7592,0.9704737371800087
dbpedia_35427,sales_2228,0.9660266591038003
dbpedia_1302,sales_213,0.9449965759486427
dbpedia_1431,sales_6934,0.9248857764357038
dbpedia_37383,sales_156,0.9000944927640407
dbpedia_13889,sales_2688,0.9428604502108492
dbpedia_14454,sales_3116,0.9061630181096524
dbpedia_41913,sales_1849,1.0
dbpedia_9327,sales_2011,0.9053543162562101
dbpedia_13474,sales_602,0.9976576576576577
dbpedia_15155,sales_681,0.911528412721449
dbpedia_10927,sales_2102,0.9976576576576577
dbpedia_33647,sales_3017,0.97
dbpedia_23400,sales_3578,0.9548917002108491
dbpedia_13490,sales_5310,1.0
dbpedia_51791,sales_4222,0.9404983818040349
dbpedia_60886,sales_72,0.9272820385947549
dbpedia_49645,sales_737,0.9976576576576577
dbpedia_16494,sales_6461,0.9729401080380911
dbpedia_17201,sales_4891,0.9829075580957302
dbpedia_20397,sales_1737,0.9929075580957302
dbpedia_9018,sales_1532,0.9192155903977651
dbpedia_64698,sales_311,0.9813333333333333
dbpedia_41404,sales_5262,0.9976576576576577
dbpedia_53576,sales_2217,0.9300944927640407
dbpedia_59406,sales_1104,0.9215579327401074
dbpedia_46456,sales_1526,0.9676576576576577
dbpedia_18736,sales_3019,0.9236214359772629
dbpedia_43407,sales_522,0.9676576576576577
dbpedia_2388,sales_7288,0.956187887614138
dbpedia_61004,sales_1920,0.9976576576576577
dbpedia_56540,sales_5804,1.0
dbpedia_29017,sales_40,0.9215579327401074
dbpedia_60318,sales_1579,0.9629075580957301
dbpedia_18879,sales_6575,0.97
dbpedia_21263,sales_7773,0.9648934580936719
dbpedia_37214,sales_6977,0.9876576576576577
dbpedia_3717,sales_4405,0.9715741786076133
dbpedia_271,sales_5804,1.0
dbpedia_17640,sales_2705,0.9315579327401075
dbpedia_5738,sales_6182,0.9676576576576577
dbpedia_14734,sales_2713,0.9729075580957302
dbpedia_22880,sales_3573,0.9899992283950617
dbpedia_44304,sales_6272,0.9234889164357832
dbpedia_62534,sales_2814,0.9098602490993524
dbpedia_52496,sales_5244,1.0
dbpedia_39882,sales_6250,0.9411060128895093
dbpedia_36777,sales_6038,0.9239959247671748
dbpedia_10567,sales_7090,0.9928604502108491
dbpedia_49396,sales_24,1.0
dbpedia_26725,sales_1631,0.9572340425531916
dbpedia_20121,sales_2094,0.9572340425531916
dbpedia_62766,sales_2939,0.9152027925531915
dbpedia_57542,sales_6002,0.9276106521261602
dbpedia_13304,sales_5370,0.9929075580957302
dbpedia_56852,sales_3738,0.994891700210849
dbpedia_14152,sales_1930,0.9976576576576577
dbpedia_8670,sales_6747,1.0
dbpedia_63405,sales_7457,1.0
dbpedia_20257,sales_6975,0.9095825926536797
dbpedia_45127,sales_6566,0.9276559727205209
dbpedia_30286,sales_1990,0.9247538114059853
dbpedia_22896,sales_5946,0.9231594590478663
dbpedia_16506,sales_4652,0.9101594590478662
dbpedia_31780,sales_5128,0.984891700210849
dbpedia_21251,sales_5439,0.984891700210849
dbpedia_39319,sales_7832,0.9572340425531916
dbpedia_7833,sales_2210,0.9192155903977651
dbpedia_20021,sales_2939,0.9252027925531915
dbpedia_5054,sales_4297,0.9876576576576577
dbpedia_9123,sales_1867,0.9976576576576577
dbpedia_26362,sales_2390,0.9026400422191386
dbpedia_48126,sales_1406,0.9027519563097638
dbpedia_24281,sales_1841,0.9083469540911595
dbpedia_35105,sales_913,0.9911372375036972
dbpedia_46456,sales_37,0.9676576576576577
dbpedia_14347,sales_3570,0.9829075580957302
dbpedia_8283,sales_988,0.97
dbpedia_2398,sales_166,0.9300944927640407
dbpedia_23405,sales_6853,1.0
dbpedia_51340,sales_2851,0.9929075580957302
dbpedia_57890,sales_3326,0.9355696800507848
dbpedia_8374,sales_1497,0.9219532723551664
dbpedia_62468,sales_1653,0.9816041666666666
dbpedia_33647,sales_709,0.97
dbpedia_6956,sales_1626,0.9240950428662312
dbpedia_23852,sales_5760,0.921174675815021
dbpedia_27098,sales_1629,0.9300944927640407
dbpedia_59157,sales_6234,0.9628604502108492
dbpedia_43826,sales_4521,0.9288047679599589
dbpedia_3631,sales_5107,0.9829075580957302
dbpedia_57582,sales_6375,0.9876576576576577
dbpedia_61686,sales_2721,0.9976576576576577
dbpedia_9872,sales_1245,0.922054152637486
dbpedia_23253,sales_654,0.9872340425531916
dbpedia_42097,sales_3256,0.97
dbpedia_36858,sales_7317,0.9219084631723468
dbpedia_6405,sales_5172,0.993953488372093
dbpedia_33167,sales_15,1.0
dbpedia_34465,sales_3496,0.9460457604142196
dbpedia_21204,sales_111,0.9548917002108491
dbpedia_54785,sales_6159,0.9760266591038003
dbpedia_62611,sales_2866,0.9411060128895093
dbpedia_27566,sales_2195,0.9108368393313748
dbpedia_16404,sales_354,0.9435556596441205
dbpedia_10303,sales_1359,0.9072165193085509
dbpedia_14800,sales_762,0.9652868217054262
dbpedia_9852,sales_1003,0.9599111633239825
dbpedia_1024,sales_1691,0.9101594590478662
dbpedia_31530,sales_2859,0.9292155903977651
dbpedia_46456,sales_22,0.9676576576576577
dbpedia_17201,sales_6798,0.9829075580957302
dbpedia_28631,sales_1363,0.97
dbpedia_59801,sales_324,0.97
dbpedia_32772,sales_1365,0.9776576576576577
dbpedia_14473,sales_6756,0.9127884250940781
dbpedia_743,sales_5564,0.9224910011946542
dbpedia_15018,sales_165,0.9224910011946542
dbpedia_33029,sales_4471,0.9676576576576577
dbpedia_32518,sales_5036,0.9228604502108492
dbpedia_27864,sales_2296,0.9456447103535156
dbpedia_33647,sales_3068,0.97
dbpedia_18289,sales_2453,1.0
dbpedia_46990,sales_5819,0.9231594590478663
dbpedia_39189,sales_329,0.9530161573721263
dbpedia_32154,sales_726,0.9098602490993524
dbpedia_25904,sales_896,0.9203782040911596
dbpedia_7521,sales_6860,0.97
dbpedia_23120,sales_4370,0.9976576576576577
dbpedia_10590,sales_7233,0.9475993925932026
dbpedia_46966,sales_3555,0.9072165193085509
dbpedia_1965,sales_389,0.9976576576576577
dbpedia_22647,sales_1114,1.0
dbpedia_33680,sales_6321,0.9929075580957302
dbpedia_57729,sales_6495,0.9450951765617884
dbpedia_50391,sales_955,0.9172340425531915
dbpedia_2163,sales_2210,0.9192155903977651
dbpedia_63706,sales_3668,0.9665143649954697
dbpedia_14839,sales_362,0.9729075580957302
dbpedia_40759,sales_1354,0.9976576576576577
dbpedia_54822,sales_6375,0.9676576576576577
dbpedia_24909,sales_2914,0.9044927923811996
dbpedia_31586,sales_2044,0.9929075580957302
dbpedia_64806,sales_6269,0.9315210576038027
dbpedia_32189,sales_7655,0.9228604502108492
dbpedia_62689,sales_2561,0.9047530363672034
dbpedia_16593,sales_5850,0.952805133271745
dbpedia_31530,sales_5372,0.9092155903977651
dbpedia_27983,sales_2607,0.9133852588373601
dbpedia_28243,sales_6709,0.9317596018411798
dbpedia_52758,sales_5932,0.9748917002108491
dbpedia_59082,sales_2972,0.9053543162562101
dbpedia_51285,sales_51,0.9676576576576577
dbpedia_3196,sales_3145,0.9748917002108491
dbpedia_48585,sales_4030,0.9492155903977652
dbpedia_16638,sales_3482,0.9144639895306121
dbpedia_63742,sales_5745,0.9929075580957302
dbpedia_7075,sales_2951,0.9829075580957302
dbpedia_24117,sales_6746,0.9135811819859108
dbpedia_37067,sales_6691,0.9676576576576577
dbpedia_36672,sales_1309,0.9228604502108492
dbpedia_13386,sales_5586,0.9239959247671748
dbpedia_39978,sales_5299,0.9586734693877551
dbpedia_56575,sales_1745,0.9572340425531916
dbpedia_437,sales_5768,0.983953488372093
dbpedia_28681,sales_2996,0.9829075580957302
dbpedia_57150,sales_7017,0.993953488372093
dbpedia_18963,sales_1858,0.9876576576576577
dbpedia_48477,sales_7529,0.9776665606691336
dbpedia_25042,sales_7323,0.9959375
dbpedia_12077,sales_5932,0.9548917002108491
dbpedia_18873,sales_1245,0.9848917002108492
dbpedia_50866,sales_4338,0.9144639895306121
dbpedia_1687,sales_6,0.9269639668893285
dbpedia_64864,sales_4840,0.9062059706757732
dbpedia_54396,sales_882,0.9548917002108491
dbpedia_35112,sales_6336,0.9876576576576577
dbpedia_26161,sales_6495,0.9264285098951218
dbpedia_29814,sales_562,0.9215579327401074
dbpedia_40434,sales_7288,0.9545768649954697
dbpedia_23998,sales_5575,0.9253920087918283
dbpedia_30366,sales_4778,1.0
dbpedia_3107,sales_2152,0.9829075580957302
dbpedia_3107,sales_7069,0.9829075580957302
dbpedia_26190,sales_7733,0.9866233766233766
dbpedia_58307,sales_6495,0.9450951765617884
dbpedia_37910,sales_4787,0.9213067088858052
dbpedia_49863,sales_5598,0.9292155903977651
dbpedia_33005,sales_5760,0.9300751522708512
dbpedia_36656,sales_5476,0.9228590512590074
dbpedia_43254,sales_3,0.9312973002226619
dbpedia_40288,sales_4919,0.9026400422191386
dbpedia_18899,sales_904,0.9328604502108492
dbpedia_55938,sales_6969,0.9876576576576577
dbpedia_14252,sales_5494,0.9829075580957302
dbpedia_32518,sales_6053,0.9228604502108492
dbpedia_49480,sales_1235,0.9876576576576577
dbpedia_19718,sales_836,0.9046712922191386
dbpedia_26006,sales_837,0.9231594590478663
dbpedia_12905,sales_4577,0.9848917002108492
dbpedia_55315,sales_1094,0.9876576576576577
dbpedia_31586,sales_2759,0.9929075580957302
dbpedia_11978,sales_2250,0.9976576576576577
dbpedia_39880,sales_3326,0.9225696800507848
dbpedia_4199,sales_357,0.9052492593203464
dbpedia_20600,sales_3551,0.9000066211547009
dbpedia_11105,sales_3668,0.9665143649954697
dbpedia_46267,sales_749,0.9219532723551664
dbpedia_12577,sales_2845,0.9072165193085509
dbpedia_8328,sales_4086,0.9092155903977651
dbpedia_33681,sales_1923,0.9213067088858052
dbpedia_43683,sales_8,0.9169639668893285
dbpedia_61239,sales_787,0.9901416006489216
dbpedia_40122,sales_11,1.0
dbpedia_39312,sales_14,0.97
dbpedia_8816,sales_113,0.921146731781334
dbpedia_26281,sales_2048,0.9036943871435607
dbpedia_24523,sales_4679,0.9676576576576577
dbpedia_23225,sales_7818,0.9196185903232025
dbpedia_9297,sales_4753,0.9413113770201822
dbpedia_24236,sales_1858,0.9576576576576576
dbpedia_39312,sales_119,0.97
dbpedia_18552,sales_3668,0.9665143649954697
dbpedia_32824,sales_3668,0.9665143649954697
dbpedia_6467,sales_3573,0.9816041666666666
dbpedia_32772,sales_12,0.9976576576576577
dbpedia_38609,sales_2876,0.97
dbpedia_42778,sales_6619,0.9087530928570069
dbpedia_39180,sales_1543,0.9976576576576577
dbpedia_47753,sales_6336,0.9976576576576577
dbpedia_20625,sales_2427,0.9015579327401074
dbpedia_13341,sales_6326,0.9231594590478663
dbpedia_31515,sales_5448,0.9005811026418843
dbpedia_10728,sales_7655,0.9128604502108492
dbpedia_1315,sales_6830,1.0
dbpedia_7815,sales_3090,0.9135330729499581
dbpedia_45356,sales_29,0.939218826887812
dbpedia_31586,sales_3963,0.9929075580957302
dbpedia_43147,sales_2392,0.9215579327401074
dbpedia_61976,sales_5429,0.9548917002108491
dbpedia_54192,sales_998,0.9429653259486428
dbpedia_39819,sales_1085,0.9415209102211451
dbpedia_18902,sales_1245,0.9848917002108492
dbpedia_37046,sales_4753,0.9413113770201822
dbpedia_19798,sales_4874,0.9019733369934464
dbpedia_35381,sales_2270,0.9428604502108492
dbpedia_6656,sales_4550,0.9108527075801558
dbpedia_20177,sales_5829,0.9413113770201822
dbpedia_56184,sales_492,0.9098602490993524
dbpedia_24966,sales_1858,0.9315545207762612
dbpedia_38576,sales_5494,0.9729075580957302
dbpedia_56559,sales_702,0.9976576576576577
dbpedia_1469,sales_7753,0.9327472722933285
dbpedia_34970,sales_1815,0.9289175580694521
dbpedia_44932,sales_1644,0.9163934446527945
dbpedia_22647,sales_28,0.99
dbpedia_34999,sales_159,0.9135255702568914
dbpedia_37178,sales_2355,0.9015579327401074
dbpedia_22054,sales_3009,0.9872340425531914
dbpedia_8359,sales_7794,0.9976576576576577
dbpedia_42706,sales_3064,0.9192155903977651
dbpedia_57993,sales_4370,1.0
dbpedia_1146,sales_3145,0.9548917002108491
dbpedia_2057,sales_1780,0.9976576576576577
dbpedia_1215,sales_643,0.9147530363672034
dbpedia_18681,sales_3265,0.9252965183142109
dbpedia_14678,sales_2908,0.9192155903977651
dbpedia_50000,sales_4932,0.9586734693877551
dbpedia_1287,sales_5932,0.9748917002108491
dbpedia_13501,sales_1737,0.9929075580957302
dbpedia_34419,sales_998,0.9429653259486428
dbpedia_40122,sales_28,0.99
dbpedia_40337,sales_6102,0.9829075580957302
dbpedia_15030,sales_134,0.9092155903977651
dbpedia_39775,sales_3947,0.9829075580957302
dbpedia_23474,sales_7578,0.9946575342465753
dbpedia_19203,sales_6397,0.9729075580957302
dbpedia_12332,sales_5172,0.993953488372093
dbpedia_54029,sales_4577,0.9748917002108491
dbpedia_6336,sales_4535,0.9115579327401074
dbpedia_13712,sales_4889,0.9976576576576577
dbpedia_7123,sales_2996,0.9829075580957302
dbpedia_16121,sales_4610,0.964891700210849
dbpedia_48559,sales_1245,0.9648917002108491
dbpedia_9829,sales_1838,0.9976576576576577
dbpedia_40879,sales_3581,0.930191354012135
dbpedia_8359,sales_6849,0.9976576576576577
dbpedia_19182,sales_5139,0.9264775756140448
dbpedia_33307,sales_1445,1.0
dbpedia_32183,sales_6835,0.9534043999790545
dbpedia_7747,sales_5013,0.9976576576576577
dbpedia_48969,sales_890,1.0
dbpedia_3963,sales_5183,0.9328604502108492
dbpedia_3640,sales_5829,0.9413113770201822
dbpedia_16915,sales_6521,0.9172340425531915
dbpedia_18464,sales_1365,0.9776576576576577
dbpedia_9829,sales_452,0.9976576576576577
dbpedia_28322,sales_2841,0.9012692769879371
dbpedia_40122,sales_1114,0.97
dbpedia_14678,sales_3231,0.9192155903977651
dbpedia_19016,sales_5932,0.9748917002108491
dbpedia_45715,sales_5439,0.984891700210849
dbpedia_9706,sales_7043,0.984891700210849
dbpedia_27741,sales_5587,0.9492155903977652
dbpedia_8605,sales_5211,0.9329588699292337
dbpedia_44275,sales_406,0.9548917002108491
dbpedia_27925,sales_5829,0.9148850204310348
dbpedia_8746,sales_616,0.9676576576576577
dbpedia_4476,sales_941,0.9080197722040846
dbpedia_24523,sales_6375,0.9676576576576577
dbpedia_24793,sales_1245,0.9648917002108491
dbpedia_31362,sales_4677,0.9572340425531916
dbpedia_5822,sales_3149,0.9101594590478662
dbpedia_30644,sales_1245,0.9548917002108491
dbpedia_45630,sales_6631,0.97
dbpedia_5928,sales_7566,0.9959375
dbpedia_18315,sales_3731,0.9280335905483018
dbpedia_57031,sales_762,0.993953488372093
dbpedia_40358,sales_7286,1.0
dbpedia_29907,sales_5476,0.9271923845923407
dbpedia_51745,sales_836,0.9404983818040347
dbpedia_331,sales_7370,0.9976576576576577
dbpedia_49655,sales_4857,0.9447327221327056
dbpedia_19308,sales_890,1.0
dbpedia_1948,sales_4151,0.9901416006489216
dbpedia_29345,sales_2991,0.9343757697284151
dbpedia_11430,sales_5932,0.9548917002108491
dbpedia_46522,sales_627,0.9219532723551664
dbpedia_47385,sales_5128,0.9137998344824559
dbpedia_21262,sales_921,0.9492155903977652
dbpedia_52073,sales_7071,0.966580446131941
dbpedia_1899,sales_3476,0.9428604502108492
dbpedia_8198,sales_3352,0.9271923845923407
dbpedia_33812,sales_7794,0.9876576576576577
dbpedia_29877,sales_4162,0.9976576576576577
dbpedia_47873,sales_7858,0.9326849555588699
dbpedia_1938,sales_6906,0.930191354012135
dbpedia_11204,sales_1144,0.9108527075801558
dbpedia_31877,sales_3985,0.9234889164357832
dbpedia_46612,sales_4721,0.9053281321170745
dbpedia_43899,sales_4992,1.0
dbpedia_46545,sales_6183,0.9876576576576577
dbpedia_20997,sales_1579,0.9829075580957302
dbpedia_30098,sales_3786,0.9339527371584059
dbpedia_45535,sales_139,0.939218826887812
dbpedia_51377,sales_6787,0.9456447103535156
dbpedia_2191,sales_7343,0.984891700210849
dbpedia_18464,sales_582,0.9776576576576577
dbpedia_13889,sales_2781,0.9428604502108492
dbpedia_52626,sales_3145,0.9848917002108492
dbpedia_24913,sales_2986,0.9069733755524719
dbpedia_43306,sales_5344,0.927324656978136
dbpedia_46545,sales_5921,0.9876576576576577
dbpedia_2632,sales_5587,0.9392155903977651
dbpedia_32772,sales_582,0.9776576576576577
dbpedia_30325,sales_1461,0.9107399040780321
dbpedia_48018,sales_4753,0.9148850204310348
dbpedia_9229,sales_6495,0.9283516222255365
dbpedia_43407,sales_4889,0.9676576576576577
dbpedia_7978,sales_2573,0.9133615795192369
dbpedia_26578,sales_5128,0.9361650484707015
dbpedia_54090,sales_6678,0.9976576576576577
dbpedia_559,sales_6263,0.9008318968347782
dbpedia_1365,sales_3149,0.9976576576576577
dbpedia_27716,sales_2914,0.9188261257145329
dbpedia_41697,sales_7504,0.9392155903977651
dbpedia_29646,sales_4625,0.9354717999384118
dbpedia_33223,sales_3142,0.9109562158603564
dbpedia_19440,sales_3383,0.9315579327401075
dbpedia_37312,sales_4448,0.9103958353152387
dbpedia_19836,sales_2833,0.9829075580957302
dbpedia_19356,sales_1611,0.9192155903977651
dbpedia_52464,sales_2897,0.9192155903977651
dbpedia_6231,sales_2951,0.9234889164357832
dbpedia_123,sales_19,0.97
dbpedia_33812,sales_6849,0.9876576576576577
dbpedia_46998,sales_7625,0.9234623022065344
dbpedia_7301,sales_3093,0.9976576576576577
dbpedia_6853,sales_3383,0.9315579327401075
dbpedia_38434,sales_3619,0.97
dbpedia_46281,sales_5323,1.0
dbpedia_8002,sales_7645,0.9165323233184275
dbpedia_22600,sales_1858,0.9185545207762614
dbpedia_52530,sales_3049,0.9489628269196941
dbpedia_21251,sales_4108,0.984891700210849
dbpedia_4983,sales_2848,0.9976576576576577
dbpedia_5376,sales_1103,0.9240173872358572
dbpedia_43942,sales_4740,0.9216579903114694
dbpedia_36227,sales_5153,0.9189295952497412
dbpedia_27663,sales_7728,0.9848917002108492
dbpedia_13114,sales_3009,0.9572340425531913
dbpedia_33279,sales_3149,0.9676576576576577
dbpedia_6364,sales_4483,0.9231594590478663
dbpedia_10688,sales_5043,0.9119870789203948
dbpedia_54098,sales_1329,0.9400944927640407
dbpedia_31037,sales_4827,0.9304983818040347
dbpedia_25749,sales_6849,0.9676576576576577
dbpedia_32450,sales_3064,0.9192155903977651
dbpedia_19923,sales_7647,0.9683950617283951
dbpedia_16274,sales_1123,0.984891700210849
dbpedia_25699,sales_7848,0.9360030721250484
dbpedia_6406,sales_2121,0.9976576576576577
dbpedia_14678,sales_6963,0.9192155903977651
dbpedia_51767,sales_161,0.9415209102211451
dbpedia_44072,sales_72,0.9911875309252843
dbpedia_25749,sales_7794,0.9676576576576577
dbpedia_53127,sales_2908,0.9092155903977651
dbpedia_41404,sales_6168,0.9976576576576577
dbpedia_36678,sales_2329,0.9146174086158976
dbpedia_53185,sales_7504,0.9392155903977651
dbpedia_12792,sales_7054,0.910907788018079
dbpedia_2793,sales_762,0.993953488372093
dbpedia_19308,sales_810,1.0
dbpedia_63502,sales_1262,0.9729075580957302
dbpedia_54090,sales_602,0.9976576576576577
dbpedia_5020,sales_1386,0.9200944927640407
dbpedia_45630,sales_558,0.97
dbpedia_27663,sales_892,0.9848917002108492
dbpedia_3025,sales_5153,0.9186588151850783
dbpedia_14406,sales_3581,0.9184881555405938
dbpedia_60391,sales_5466,0.9072165193085509
dbpedia_40893,sales_4298,0.9976576576576577
dbpedia_33812,sales_5176,0.9976576576576577
dbpedia_21546,sales_3329,0.9092155903977651
dbpedia_58308,sales_1579,0.9829075580957302
dbpedia_62516,sales_1793,0.9038120029544853
dbpedia_3404,sales_7077,0.9115342912379443
dbpedia_32606,sales_7504,0.9292155903977651
dbpedia_57769,sales_5038,0.9729075580957302
dbpedia_54090,sales_389,0.9976576576576577
dbpedia_10517,sales_7720,0.9552027925531915
dbpedia_6873,sales_6853,1.0
dbpedia_53127,sales_3231,0.9092155903977651
dbpedia_34694,sales_2163,0.9515529782991307
dbpedia_36967,sales_7748,0.9176106521261602
dbpedia_17176,sales_1675,0.9976576576576577
dbpedia_216,sales_1483,0.9257697413553677
dbpedia_22841,sales_344,0.9729075580957302
dbpedia_39374,sales_3503,0.9489628269196941
dbpedia_54098,sales_5034,0.9400944927640407
dbpedia_12160,sales_3138,0.9676576576576577
dbpedia_15190,sales_173,0.9178589035902247
dbpedia_28736,sales_7343,0.974891700210849
dbpedia_19364,sales_111,0.9548917002108491
dbpedia_18289,sales_3336,1.0
dbpedia_15275,sales_762,0.9652868217054262
dbpedia_30462,sales_305,0.9435521602211452
dbpedia_49396,sales_7776,0.9015579327401074
dbpedia_21546,sales_5402,0.9092155903977651
dbpedia_44028,sales_2026,0.9144639895306121
dbpedia_39312,sales_1114,0.97
dbpedia_8359,sales_5176,0.9876576576576577
dbpedia_63918,sales_1150,0.9232629285830743
dbpedia_34890,sales_4556,0.9976576576576577
dbpedia_40600,sales_7585,0.9569894982683259
dbpedia_10815,sales_3643,0.911266638650336
dbpedia_57404,sales_5380,0.9976576576576577
dbpedia_14183,sales_1611,0.9092155903977651
dbpedia_22028,sales_7504,0.9392155903977651
dbpedia_26590,sales_5867,0.9203263590779912
dbpedia_46545,sales_5178,0.9876576576576577
dbpedia_26489,sales_389,0.9976576576576577
dbpedia_6897,sales_3840,0.9128604502108492
dbpedia_43660,sales_1377,0.9131947311527948
dbpedia_52363,sales_4704,0.9093337223862222
dbpedia_40878,sales_7792,0.9021675080330642
dbpedia_25351,sales_5139,0.913477575614045
dbpedia_46178,sales_7573,0.9083469540911595
dbpedia_49645,sales_4456,0.9192155903977651
dbpedia_32996,sales_4276,0.97
dbpedia_18464,sales_12,0.9976576576576577
dbpedia_26489,sales_6678,0.9976576576576577
dbpedia_61266,sales_3694,0.9598617719347575
dbpedia_14152,sales_2210,0.9192155903977651
dbpedia_7504,sales_5,0.9269639668893285
dbpedia_32563,sales_7787,0.9726262842465754
dbpedia_21887,sales_3715,0.9572340425531913
dbpedia_30607,sales_406,0.9548917002108491
dbpedia_8283,sales_531,0.97
dbpedia_11934,sales_7073,0.9170956044740116
dbpedia_11634,sales_7504,0.9092155903977651
dbpedia_31897,sales_4354,0.9234889164357832
dbpedia_39275,sales_5453,0.9136354166666666
dbpedia_8746,sales_6336,0.9676576576576577
dbpedia_64188,sales_1186,0.9188261257145329
dbpedia_10212,sales_3938,0.9176106521261602
dbpedia_7411,sales_72,0.9911875309252843
dbpedia_16950,sales_6923,0.9648702889041466
dbpedia_27663,sales_377,0.9848917002108492
dbpedia_43885,sales_1798,0.9028676214677407
dbpedia_43966,sales_1187,0.9192155903977651
dbpedia_53767,sales_4328,0.9128604502108492
dbpedia_53070,sales_483,0.9976576576576577
dbpedia_18289,sales_843,1.0
dbpedia_50455,sales_5746,0.9400944927640407
dbpedia_25749,sales_5176,0.9676576576576577
dbpedia_57545,sales_873,0.9398426322078325
dbpedia_38077,sales_5312,0.9348726373424399
dbpedia_16780,sales_3009,0.9572340425531913
dbpedia_14209,sales_2759,0.9929075580957302
dbpedia_27870,sales_6333,0.9145274954454524
dbpedia_51578,sales_7720,0.9452027925531915
dbpedia_20467,sales_6849,0.9676576576576577
dbpedia_53127,sales_6963,0.9092155903977651
dbpedia_50455,sales_7495,0.9400944927640407
dbpedia_8920,sales_5041,0.9272211874429278
dbpedia_20170,sales_3253,1.0
dbpedia_63665,sales_2709,0.9386676620402714
dbpedia_7180,sales_2389,0.9170956044740116
dbpedia_12200,sales_6305,0.9092155903977651
dbpedia_22889,sales_5634,0.935965672650322
dbpedia_19832,sales_2949,0.9320808702181351
dbpedia_51282,sales_5005,0.9172340425531915
dbpedia_23543,sales_7763,1.0
dbpedia_19706,sales_990,0.9008519704584919
dbpedia_7635,sales_7504,0.9092155903977651
dbpedia_28681,sales_1579,0.9829075580957302
dbpedia_33575,sales_5111,0.9598617719347575
dbpedia_9426,sales_4417,0.9129758614907094
dbpedia_13889,sales_3476,0.9428604502108492
dbpedia_41651,sales_72,0.9316153719280882
dbpedia_59975,sales_2276,0.9572340425531916
dbpedia_57232,sales_3300,0.9147846873840364
dbpedia_62085,sales_7064,0.9729075580957302
dbpedia_18010,sales_7504,0.9292155903977651
dbpedia_32530,sales_762,0.9652868217054262
dbpedia_21029,sales_4162,0.9876576576576577
dbpedia_14209,sales_2044,0.9929075580957302
dbpedia_48969,sales_810,1.0
dbpedia_20065,sales_4677,0.9572340425531916
dbpedia_14209,sales_3963,0.9929075580957302
dbpedia_12582,sales_2324,0.9092155903977651
dbpedia_31282,sales_7504,0.9292155903977651
dbpedia_7747,sales_1421,0.9192155903977651
dbpedia_17692,sales_4797,0.9219532723551664
dbpedia_20467,sales_7794,0.9676576576576577
dbpedia_2407,sales_240,0.9092155903977651
dbpedia_14826,sales_3575,0.9228604502108492
dbpedia_25348,sales_6866,1.0
dbpedia_43966,sales_5786,0.9192155903977651
dbpedia_18289,sales_782,1.0
dbpedia_43966,sales_1398,0.9192155903977651
dbpedia_42069,sales_7720,0.9252027925531915
dbpedia_28417,sales_2748,0.9257126452126918
dbpedia_22990,sales_1040,0.994891700210849
dbpedia_18289,sales_716,1.0
dbpedia_51945,sales_5387,0.9471525245174164
dbpedia_38232,sales_7504,0.9092155903977651
dbpedia_25391,sales_2026,0.9187973228639456
dbpedia_13311,sales_4158,0.9976576576576577
dbpedia_30460,sales_873,0.9281357462242071
dbpedia_7747,sales_3404,0.9192155903977651
dbpedia_14143,sales_702,0.9676576576576577
dbpedia_7747,sales_490,0.9192155903977651
dbpedia_62005,sales_4677,0.9172340425531915
dbpedia_36622,sales_2555,0.9829075580957302
dbpedia_30705,sales_7528,0.966580446131941
dbpedia_26029,sales_3643,0.911266638650336
dbpedia_4983,sales_4298,0.9976576576576577
dbpedia_35217,sales_5041,0.9175383851900327
dbpedia_25621,sales_3715,0.9572340425531913
dbpedia_20723,sales_213,0.9003240171341568
dbpedia_29480,sales_72,0.9316153719280882
dbpedia_11255,sales_1109,0.9160977306528045
dbpedia_21875,sales_7575,0.9829075580957302
dbpedia_21887,sales_4918,0.9572340425531913
dbpedia_60056,sales_5475,0.9515741786076133
dbpedia_26489,sales_602,0.9976576576576577
dbpedia_3499,sales_6866,0.97
dbpedia_32756,sales_5005,0.9161650484707015
dbpedia_42474,sales_7427,0.984891700210849
dbpedia_47450,sales_6830,0.99
dbpedia_26948,sales_3793,0.97
dbpedia_17637,sales_778,0.9976576576576577
dbpedia_9096,sales_5571,0.9030282998453673
dbpedia_20467,sales_5176,0.9676576576576577
dbpedia_2407,sales_698,0.9092155903977651
dbpedia_7123,sales_1579,0.9829075580957302
dbpedia_17329,sales_1387,0.9572340425531916
dbpedia_21856,sales_5759,0.9192155903977651
dbpedia_8283,sales_4425,0.97
dbpedia_20701,sales_3777,0.984891700210849
dbpedia_25643,sales_2121,0.9876576576576577
dbpedia_31530,sales_6305,0.9092155903977651
dbpedia_12019,sales_4778,0.9015579327401074
dbpedia_35470,sales_2776,0.9976576576576577
dbpedia_27663,sales_1378,0.9848917002108492
dbpedia_21546,sales_5510,0.9092155903977651
dbpedia_13889,sales_2270,0.9428604502108492
dbpedia_24538,sales_2722,0.9550867487346304
dbpedia_45557,sales_7575,0.9829075580957302
dbpedia_31377,sales_4539,0.9083469540911595
dbpedia_5542,sales_494,0.994891700210849
dbpedia_61259,sales_3929,0.9490402371067234
dbpedia_4820,sales_7442,0.9976576576576577
dbpedia_35098,sales_3643,0.911266638650336
dbpedia_46920,sales_283,0.9132059706757732
dbpedia_36526,sales_4246,0.9572340425531913
dbpedia_7375,sales_3571,0.9228604502108492
dbpedia_29443,sales_272,0.9058238272327338
dbpedia_27951,sales_4354,0.9278222497691165
dbpedia_27144,sales_2208,0.9929075580957302
dbpedia_28897,sales_2400,0.9522900432900434
dbpedia_32341,sales_5530,0.9247530363672034
dbpedia_24728,sales_1479,0.9257852035094613
dbpedia_5770,sales_6798,0.9829075580957302
dbpedia_20701,sales_2423,0.984891700210849
dbpedia_34150,sales_4677,0.9172340425531915
dbpedia_56926,sales_4201,0.9228878541095946
dbpedia_4013,sales_5323,0.9676576576576577
dbpedia_4820,sales_1407,0.9976576576576577
dbpedia_3107,sales_5603,0.9829075580957302
dbpedia_43396,sales_7520,0.9083469540911595
dbpedia_43645,sales_4158,0.9976576576576577
dbpedia_27663,sales_2769,0.9848917002108492
dbpedia_1715,sales_7798,0.9976576576576577
dbpedia_7416,sales_914,1.0
dbpedia_39412,sales_6877,0.9286534590137502
dbpedia_5770,sales_4891,0.9829075580957302
dbpedia_25621,sales_4918,0.9572340425531913
dbpedia_42146,sales_3131,0.97
dbpedia_20701,sales_2033,0.984891700210849
dbpedia_13311,sales_2387,0.9976576576576577
dbpedia_4256,sales_6656,0.9548917002108491
dbpedia_13538,sales_6770,0.9492155903977652
dbpedia_34489,sales_7321,0.9683950617283951
dbpedia_14184,sales_4911,0.9053543162562101
dbpedia_23056,sales_6219,0.9976576576576577
dbpedia_52630,sales_5196,0.9576576576576576
dbpedia_26111,sales_292,0.9976576576576577
dbpedia_25621,sales_4246,0.9572340425531913
dbpedia_31379,sales_483,0.9976576576576577
dbpedia_27663,sales_2046,0.9848917002108492
dbpedia_18225,sales_5975,0.9036864388707513
dbpedia_4990,sales_4970,0.9180026885027351
dbpedia_18665,sales_7323,0.9297466264613002
dbpedia_5542,sales_367,0.994891700210849
dbpedia_36548,sales_2735,0.9028105253250647
dbpedia_18982,sales_1385,0.9360030721250484
dbpedia_27513,sales_5244,0.9172991363942999
dbpedia_16603,sales_3979,0.9169733755524718
dbpedia_13918,sales_161,0.9415209102211451
dbpedia_33186,sales_6656,0.9848917002108492
dbpedia_23394,sales_2016,0.9801416006489216
dbpedia_44695,sales_5091,0.9167362050713408
dbpedia_36526,sales_3627,0.9572340425531913
dbpedia_52449,sales_6555,0.9015579327401074
dbpedia_13538,sales_5486,0.9492155903977652
dbpedia_30249,sales_4984,0.9333379588858053
dbpedia_5447,sales_7167,0.9015586995313276
dbpedia_35470,sales_599,0.9976576576576577
dbpedia_34021,sales_3257,0.9015579327401074
dbpedia_40152,sales_202,0.9676576576576577
dbpedia_36526,sales_4918,0.9572340425531913
dbpedia_46616,sales_1673,0.93455446328363
dbpedia_25621,sales_3627,0.9572340425531913
dbpedia_30100,sales_4158,0.9776576576576577
dbpedia_31643,sales_7210,0.901711537424493
dbpedia_53286,sales_4674,0.9115579327401074
dbpedia_2229,sales_1385,0.9230030721250485
dbpedia_36967,sales_6938,0.9176106521261602
dbpedia_59779,sales_702,0.9976576576576577
dbpedia_15353,sales_4778,0.9015579327401074
dbpedia_25780,sales_818,0.9015579327401074
dbpedia_42813,sales_7132,0.9313904294760093
dbpedia_57769,sales_3766,0.9729075580957302
dbpedia_17637,sales_6328,0.9876576576576577
dbpedia_43645,sales_2387,0.9976576576576577
dbpedia_36967,sales_6604,0.9176106521261602
dbpedia_14189,sales_139,0.9092155903977651
dbpedia_29697,sales_7287,0.9040136207578261
dbpedia_43450,sales_367,0.994891700210849
dbpedia_43450,sales_494,0.994891700210849
dbpedia_33163,sales_6656,0.9548917002108491
dbpedia_59443,sales_6656,0.9548917002108491
dbpedia_40642,sales_5988,0.9776576576576577
dbpedia_55217,sales_3979,0.9169733755524718
dbpedia_1446,sales_7375,0.9176106521261602
dbpedia_25348,sales_6690,1.0
dbpedia_36526,sales_3715,0.9572340425531913
dbpedia_1324,sales_7630,0.9200292703683581
dbpedia_42963,sales_3780,0.9072514311877659
dbpedia_33033,sales_5859,0.9976576576576577
dbpedia_40642,sales_5859,0.9776576576576577
dbpedia_2679,sales_4940,0.9026400422191385
dbpedia_2257,sales_5635,0.9203782040911596
dbpedia_26780,sales_7425,0.934415180212861
dbpedia_12808,sales_3325,0.9015579327401074
dbpedia_3499,sales_6690,0.97
dbpedia_14146,sales_6027,0.9092155903977651
dbpedia_13148,sales_5988,0.9676576576576577
dbpedia_63990,sales_5150,0.9045962619164079
dbpedia_41982,sales_2927,0.9048900152737126
dbpedia_15683,sales_7763,1.0
dbpedia_19610,sales_7194,0.9185522222944623
dbpedia_61533,sales_3741,0.9076106521261602
dbpedia_53910,sales_202,0.9676576576576577
dbpedia_20921,sales_7866,0.9192155903977651
dbpedia_13538,sales_6480,0.9492155903977652
dbpedia_30100,sales_2387,0.9776576576576577
dbpedia_30611,sales_4674,0.9015579327401074
dbpedia_40007,sales_2078,0.9394811553517993
dbpedia_10780,sales_4931,0.9015579327401074
dbpedia_42306,sales_3627,0.9572340425531913
dbpedia_64790,sales_4931,0.9115579327401074
dbpedia_40427,sales_4417,0.921174675815021
dbpedia_59954,sales_2165,0.9015579327401074
dbpedia_19320,sales_3575,0.9092155903977651
dbpedia_53475,sales_3325,0.9015579327401074
dbpedia_26375,sales_7538,0.9465240858432348
dbpedia_6342,sales_5912,0.9192155903977651
dbpedia_29278,sales_7362,0.9327884250940781
dbpedia_59954,sales_2117,0.9015579327401074
dbpedia_42306,sales_4246,0.9572340425531913
dbpedia_43129,sales_5368,0.9825608766233767
dbpedia_55572,sales_4031,0.9866233766233766
dbpedia_9822,sales_2601,0.9028604502108492
dbpedia_60038,sales_7287,0.9040136207578261
dbpedia_22875,sales_5624,0.9572340425531916
dbpedia_61438,sales_4674,0.9015579327401074
dbpedia_53128,sales_7194,0.906878752906707
dbpedia_45843,sales_1419,0.9015579327401074
dbpedia_42306,sales_4918,0.9572340425531913
dbpedia_26979,sales_3325,0.9015579327401074
dbpedia_51578,sales_6756,0.9015579327401074
dbpedia_11176,sales_4560,0.9976576576576577
dbpedia_9661,sales_6501,0.9360030721250484
dbpedia_53489,sales_6756,0.9015579327401074
dbpedia_64456,sales_7860,0.9138149839283182
dbpedia_55463,sales_4560,0.9976576576576577
dbpedia_14466,sales_4931,0.9115579327401074
dbpedia_11871,sales_4931,0.9015579327401074
dbpedia_48806,sales_7323,0.9267466264613003
dbpedia_41040,sales_4931,0.9115579327401074
dbpedia_55463,sales_7528,0.9228604502108492
dbpedia_57999,sales_1524,0.9015579327401074
