mbrainz_26557,lastFM_66588,true
mbrainz_18536,lastFM_45104,true
mbrainz_12221,lastFM_26314,true
mbrainz_46,lastFM_62,true
mbrainz_18430,lastFM_44730,true
mbrainz_24347,lastFM_61626,true
mbrainz_19687,lastFM_49404,true
mbrainz_9474,lastFM_20146,true
mbrainz_9,lastFM_11,true
mbrainz_140,lastFM_186,true
mbrainz_22292,lastFM_56574,true
mbrainz_12272,lastFM_26425,true
mbrainz_5107,lastFM_10615,true
mbrainz_28118,lastFM_70374,true
mbrainz_952,lastFM_2200,true
mbrainz_621,lastFM_1426,true
mbrainz_15414,lastFM_33930,true
mbrainz_14634,lastFM_32042,true
mbrainz_6617,lastFM_13979,true
mbrainz_10382,lastFM_22153,true
mbrainz_22860,lastFM_57992,true
mbrainz_7673,lastFM_16381,true
mbrainz_4195,lastFM_8695,true
mbrainz_14163,lastFM_30866,true
mbrainz_19576,lastFM_48793,true
mbrainz_27790,lastFM_69607,true
mbrainz_22019,lastFM_55874,true
mbrainz_568,lastFM_1245,true
mbrainz_2016,lastFM_4446,true
mbrainz_13094,lastFM_28250,true
mbrainz_2513,lastFM_5362,true
mbrainz_25073,lastFM_63301,true
mbrainz_16648,lastFM_38533,true
mbrainz_26649,lastFM_66803,true
mbrainz_11584,lastFM_24837,true
mbrainz_25792,lastFM_64903,true
mbrainz_19919,lastFM_50106,true
mbrainz_17654,lastFM_41971,true
mbrainz_3514,lastFM_7352,true
mbrainz_2709,lastFM_5748,true
mbrainz_12240,lastFM_26362,true
mbrainz_385,lastFM_733,true
mbrainz_7789,lastFM_16614,true
mbrainz_254,lastFM_433,true
mbrainz_5162,lastFM_10749,true
mbrainz_8496,lastFM_18143,true
mbrainz_22608,lastFM_57365,true
mbrainz_11298,lastFM_24220,true
mbrainz_27773,lastFM_69577,true
mbrainz_21862,lastFM_55438,true
mbrainz_16390,lastFM_37738,true
mbrainz_33466,lastFM_82768,true
mbrainz_12416,lastFM_26747,true
mbrainz_11253,lastFM_24136,true
mbrainz_18487,lastFM_44927,true
mbrainz_12375,lastFM_26660,true
mbrainz_31247,lastFM_77812,true
mbrainz_894,lastFM_2074,true
mbrainz_5061,lastFM_10518,true
mbrainz_20312,lastFM_51194,true
mbrainz_9144,lastFM_19471,true
mbrainz_3178,lastFM_6705,true
mbrainz_33393,lastFM_82620,true
mbrainz_7986,lastFM_17042,true
mbrainz_2812,lastFM_5966,true
mbrainz_8206,lastFM_17552,true
mbrainz_10077,lastFM_21459,true
mbrainz_2024,lastFM_4458,true
mbrainz_12973,lastFM_27963,true
mbrainz_24664,lastFM_62403,true
mbrainz_22327,lastFM_56670,true
mbrainz_363,lastFM_676,true
mbrainz_9591,lastFM_20413,true
mbrainz_3967,lastFM_8237,true
mbrainz_7181,lastFM_15296,true
mbrainz_1164,lastFM_2690,true
mbrainz_19815,lastFM_49768,true
mbrainz_15658,lastFM_34846,true
mbrainz_12009,lastFM_25855,true
mbrainz_14187,lastFM_30936,true
mbrainz_23843,lastFM_60413,true
mbrainz_6384,lastFM_13470,true
mbrainz_7574,lastFM_16166,true
mbrainz_15127,lastFM_33278,true
mbrainz_571,lastFM_1255,true
mbrainz_1482,lastFM_3456,true
mbrainz_13649,lastFM_29589,true
mbrainz_15584,lastFM_34340,true
mbrainz_8254,lastFM_17651,true
mbrainz_18181,lastFM_43932,true
mbrainz_32381,lastFM_80460,true
mbrainz_33377,lastFM_82595,true
mbrainz_15580,lastFM_34327,true
mbrainz_20579,lastFM_51868,true
mbrainz_26514,lastFM_66484,true
mbrainz_15924,lastFM_35734,true
mbrainz_6154,lastFM_12964,true
mbrainz_3696,lastFM_7698,true
mbrainz_23585,lastFM_59826,true
mbrainz_1874,lastFM_4190,true
mbrainz_3798,lastFM_7890,true
mbrainz_12068,lastFM_25991,true
mbrainz_18971,lastFM_46597,true
mbrainz_5629,lastFM_11858,true
mbrainz_1356,lastFM_3158,true
mbrainz_8275,lastFM_17699,true
mbrainz_7166,lastFM_15260,true
mbrainz_12941,lastFM_27898,true
mbrainz_15077,lastFM_33150,true
mbrainz_27580,lastFM_69091,true
mbrainz_32924,lastFM_81630,true
mbrainz_25714,lastFM_64755,true
mbrainz_33650,lastFM_83170,true
mbrainz_12743,lastFM_27440,true
mbrainz_30404,lastFM_75893,true
mbrainz_15071,lastFM_33138,true
mbrainz_31563,lastFM_78528,true
mbrainz_5262,lastFM_10972,true
mbrainz_10499,lastFM_22407,true
mbrainz_5479,lastFM_11500,true
mbrainz_3793,lastFM_7879,true
mbrainz_6737,lastFM_14230,true
mbrainz_25529,lastFM_64372,true
mbrainz_15599,lastFM_34390,true
mbrainz_21122,lastFM_53400,true
mbrainz_30648,lastFM_76477,true
mbrainz_7739,lastFM_16512,true
mbrainz_3782,lastFM_7862,true
mbrainz_23088,lastFM_58564,true
mbrainz_9683,lastFM_20607,true
mbrainz_15638,lastFM_34479,true
mbrainz_28364,lastFM_70922,true
mbrainz_22456,lastFM_57012,true
mbrainz_11609,lastFM_24890,true
mbrainz_32790,lastFM_81339,true
mbrainz_5492,lastFM_11541,true
mbrainz_17692,lastFM_42138,true
mbrainz_27246,lastFM_68199,true
mbrainz_9451,lastFM_20101,true
mbrainz_1119,lastFM_2576,true
mbrainz_2805,lastFM_5956,true
mbrainz_11274,lastFM_24168,true
mbrainz_4858,lastFM_10069,true
mbrainz_18516,lastFM_45043,true
mbrainz_3979,lastFM_8259,true
mbrainz_4877,lastFM_10114,true
mbrainz_3546,lastFM_7415,true
mbrainz_14205,lastFM_30977,true
mbrainz_20594,lastFM_51898,true
mbrainz_5149,lastFM_10714,true
mbrainz_23858,lastFM_60443,true
mbrainz_12566,lastFM_27070,true
mbrainz_742,lastFM_483,true
mbrainz_26101,lastFM_65593,true
mbrainz_16773,lastFM_38926,true
mbrainz_16186,lastFM_36969,true
mbrainz_6142,lastFM_12935,true
mbrainz_10183,lastFM_21715,true
mbrainz_9746,lastFM_20745,true
mbrainz_9011,lastFM_19189,true
mbrainz_1238,lastFM_2857,true
mbrainz_17167,lastFM_40200,true
mbrainz_9319,lastFM_19824,true
mbrainz_11572,lastFM_24816,true
mbrainz_1472,lastFM_3435,true
mbrainz_19305,lastFM_47651,true
mbrainz_188,lastFM_306,true
mbrainz_3051,lastFM_6442,true
mbrainz_26210,lastFM_65837,true
mbrainz_32617,lastFM_81002,true
mbrainz_17166,lastFM_40196,true
mbrainz_18786,lastFM_46013,true
mbrainz_4548,lastFM_9374,true
mbrainz_5867,lastFM_12376,true
mbrainz_20434,lastFM_51492,true
mbrainz_24353,lastFM_61643,true
mbrainz_17504,lastFM_41493,true
mbrainz_17724,lastFM_42253,true
mbrainz_33103,lastFM_82014,true
mbrainz_6162,lastFM_12988,true
mbrainz_8150,lastFM_17433,true
mbrainz_25545,lastFM_64401,true
mbrainz_16151,lastFM_36845,true
mbrainz_10569,lastFM_22580,true
mbrainz_5256,lastFM_10958,true
mbrainz_15453,lastFM_34019,true
mbrainz_13495,lastFM_29186,true
mbrainz_9872,lastFM_21042,true
mbrainz_8061,lastFM_17205,true
mbrainz_3660,lastFM_7617,true
mbrainz_8619,lastFM_18371,true
mbrainz_11545,lastFM_24745,true
mbrainz_15528,lastFM_34188,true
mbrainz_17572,lastFM_37497,true
mbrainz_30512,lastFM_76185,true
mbrainz_27835,lastFM_69727,true
mbrainz_4914,lastFM_10197,true
mbrainz_641,lastFM_1490,true
mbrainz_28051,lastFM_70213,true
mbrainz_25,lastFM_34,true
mbrainz_4547,lastFM_9373,true
mbrainz_12170,lastFM_26213,true
mbrainz_2475,lastFM_5278,true
mbrainz_18378,lastFM_44562,true
mbrainz_1308,lastFM_3037,true
mbrainz_12443,lastFM_26807,true
mbrainz_29437,lastFM_73380,true
mbrainz_7614,lastFM_16241,true
mbrainz_983,lastFM_2284,true
mbrainz_480,lastFM_1011,true
mbrainz_13100,lastFM_28260,true
mbrainz_12642,lastFM_27234,true
mbrainz_22929,lastFM_58179,true
mbrainz_10715,lastFM_22919,true
mbrainz_7160,lastFM_15234,true
mbrainz_1798,lastFM_4052,true
mbrainz_18964,lastFM_46578,true
mbrainz_19469,lastFM_48429,true
mbrainz_29935,lastFM_74715,true
mbrainz_21151,lastFM_53481,true
mbrainz_243,lastFM_420,true
mbrainz_32905,lastFM_81591,true
mbrainz_10905,lastFM_23360,true
mbrainz_29088,lastFM_72590,true
mbrainz_16895,lastFM_39373,true
mbrainz_9349,lastFM_19869,true
mbrainz_426,lastFM_879,true
mbrainz_23035,lastFM_58434,true
mbrainz_17838,lastFM_42853,true
mbrainz_15203,lastFM_33457,true
mbrainz_18947,lastFM_46526,true
mbrainz_12217,lastFM_26304,true
mbrainz_612,lastFM_1399,true
mbrainz_221,lastFM_385,true
mbrainz_7773,lastFM_16581,true
mbrainz_16814,lastFM_39063,true
mbrainz_14823,lastFM_32511,true
mbrainz_20179,lastFM_50832,true
mbrainz_11982,lastFM_25781,true
mbrainz_7840,lastFM_16720,true
mbrainz_25400,lastFM_64052,true
mbrainz_5089,lastFM_10579,true
mbrainz_614,lastFM_1401,true
mbrainz_2083,lastFM_4560,true
mbrainz_19745,lastFM_49570,true
mbrainz_10795,lastFM_23112,true
mbrainz_12640,lastFM_27227,true
mbrainz_24765,lastFM_62631,true
mbrainz_33665,lastFM_83204,true
mbrainz_32774,lastFM_81307,true
mbrainz_17410,lastFM_40963,true
mbrainz_13309,lastFM_28743,true
mbrainz_9536,lastFM_20282,true
mbrainz_31697,lastFM_78843,true
mbrainz_10449,lastFM_22295,true
mbrainz_9705,lastFM_20671,true
mbrainz_2979,lastFM_6299,true
mbrainz_113,lastFM_148,true
mbrainz_10797,lastFM_23122,true
mbrainz_20126,lastFM_50676,true
mbrainz_2626,lastFM_5589,true
mbrainz_29885,lastFM_74605,true
mbrainz_14588,lastFM_31945,true
mbrainz_29595,lastFM_73829,true
mbrainz_10293,lastFM_21946,true
mbrainz_4180,lastFM_8668,true
mbrainz_10904,lastFM_23359,true
mbrainz_754,lastFM_1769,true
mbrainz_1586,lastFM_3724,true
mbrainz_23871,lastFM_60479,true
mbrainz_6190,lastFM_13052,true
mbrainz_32487,lastFM_80704,true
mbrainz_3787,lastFM_7870,true
mbrainz_1342,lastFM_3123,true
mbrainz_1186,lastFM_2739,true
mbrainz_2170,lastFM_4711,true
mbrainz_20116,lastFM_50648,true
mbrainz_26672,lastFM_66858,true
mbrainz_2150,lastFM_4666,true
mbrainz_421,lastFM_869,true
mbrainz_7051,lastFM_14970,true
mbrainz_22937,lastFM_58210,true
mbrainz_11730,lastFM_25183,true
mbrainz_23923,lastFM_60582,true
mbrainz_11435,lastFM_24521,true
mbrainz_28543,lastFM_71339,true
mbrainz_1523,lastFM_3551,true
mbrainz_14773,lastFM_32396,true
mbrainz_31590,lastFM_78581,true
mbrainz_33501,lastFM_82848,true
mbrainz_423,lastFM_875,true
mbrainz_3883,lastFM_8064,true
mbrainz_7021,lastFM_14895,true
mbrainz_18257,lastFM_44201,true
mbrainz_6334,lastFM_13371,true
mbrainz_211,lastFM_366,true
mbrainz_6678,lastFM_14109,true
mbrainz_154,lastFM_206,true
mbrainz_1688,lastFM_3876,true
mbrainz_31653,lastFM_78718,true
mbrainz_9242,lastFM_19657,true
mbrainz_193,lastFM_327,true
mbrainz_13820,lastFM_29977,true
mbrainz_23796,lastFM_60307,true
mbrainz_28566,lastFM_71414,true
mbrainz_16285,lastFM_37339,true
mbrainz_20856,lastFM_52562,true
mbrainz_1215,lastFM_2804,true
mbrainz_25432,lastFM_64124,true
mbrainz_2951,lastFM_6239,true
mbrainz_3773,lastFM_7844,true
mbrainz_4598,lastFM_9475,true
mbrainz_14547,lastFM_31842,true
mbrainz_29817,lastFM_51544,true
mbrainz_16689,lastFM_38654,true
mbrainz_5748,lastFM_12123,true
mbrainz_1267,lastFM_2927,true
mbrainz_23383,lastFM_59311,true
mbrainz_19066,lastFM_46876,true
mbrainz_118,lastFM_154,true
mbrainz_4197,lastFM_8700,true
mbrainz_10030,lastFM_21362,true
mbrainz_4093,lastFM_8488,true
mbrainz_4979,lastFM_10322,true
mbrainz_4792,lastFM_9917,true
mbrainz_9844,lastFM_20970,true
mbrainz_23388,lastFM_59326,true
mbrainz_3431,lastFM_7192,true
mbrainz_3688,lastFM_7677,true
mbrainz_13257,lastFM_28610,true
mbrainz_12337,lastFM_26572,true
mbrainz_2931,lastFM_6196,true
mbrainz_5498,lastFM_11561,true
mbrainz_19183,lastFM_47274,true
mbrainz_11568,lastFM_24806,true
mbrainz_2332,lastFM_5033,true
mbrainz_14351,lastFM_31362,true
mbrainz_590,lastFM_1328,true
mbrainz_24804,lastFM_62712,true
mbrainz_7337,lastFM_15663,true
mbrainz_978,lastFM_2271,true
mbrainz_12389,lastFM_26700,true
mbrainz_26628,lastFM_66759,true
mbrainz_22462,lastFM_25990,true
mbrainz_528,lastFM_1156,true
mbrainz_24437,lastFM_61842,true
mbrainz_20674,lastFM_52099,true
mbrainz_26560,lastFM_66593,true
mbrainz_4809,lastFM_9959,true
mbrainz_23545,lastFM_59735,true
mbrainz_10808,lastFM_23154,true
mbrainz_8367,lastFM_17897,true
mbrainz_9601,lastFM_20432,true
mbrainz_10968,lastFM_23497,true
mbrainz_10296,lastFM_21957,true
mbrainz_6165,lastFM_12991,true
mbrainz_11825,lastFM_25421,true
mbrainz_5151,lastFM_10716,true
mbrainz_22760,lastFM_57713,true
mbrainz_10465,lastFM_22328,true
mbrainz_22290,lastFM_56558,true
mbrainz_3056,lastFM_6458,true
mbrainz_11852,lastFM_25494,true
mbrainz_21620,lastFM_54763,true
mbrainz_30996,lastFM_77295,true
mbrainz_2912,lastFM_6152,true
mbrainz_18469,lastFM_44878,true
mbrainz_5885,lastFM_12409,true
mbrainz_2710,lastFM_5754,true
mbrainz_2919,lastFM_6166,true
mbrainz_1047,lastFM_2425,true
mbrainz_64,lastFM_84,true
mbrainz_3145,lastFM_6641,true
mbrainz_13081,lastFM_28226,true
mbrainz_8259,lastFM_17664,true
mbrainz_2849,lastFM_6044,true
mbrainz_6466,lastFM_13642,true
mbrainz_12098,lastFM_26063,true
mbrainz_4527,lastFM_9321,true
mbrainz_1487,lastFM_3473,true
mbrainz_2676,lastFM_5680,true
mbrainz_16272,lastFM_37270,true
mbrainz_15930,lastFM_35747,true
mbrainz_25765,lastFM_64846,true
mbrainz_23008,lastFM_58369,true
mbrainz_16193,lastFM_36988,true
mbrainz_18997,lastFM_46672,true
mbrainz_18790,lastFM_46027,true
mbrainz_2707,lastFM_5740,true
mbrainz_9310,lastFM_19800,true
mbrainz_5845,lastFM_12330,true
mbrainz_11647,lastFM_24976,true
mbrainz_23422,lastFM_59417,true
mbrainz_604,lastFM_1375,true
mbrainz_19986,lastFM_50291,true
mbrainz_3061,lastFM_6470,true
mbrainz_38,lastFM_52,true
mbrainz_7988,lastFM_17046,true
mbrainz_3106,lastFM_6559,true
mbrainz_23237,lastFM_58938,true
mbrainz_31157,lastFM_77629,true
mbrainz_20242,lastFM_51000,true
mbrainz_22272,lastFM_56510,true
mbrainz_8138,lastFM_17400,true
mbrainz_15622,lastFM_34440,true
mbrainz_18526,lastFM_45074,true
mbrainz_30357,lastFM_75759,true
mbrainz_18707,lastFM_45684,true
mbrainz_40,lastFM_54,true
mbrainz_10108,lastFM_21537,true
mbrainz_4489,lastFM_9247,true
mbrainz_13474,lastFM_29139,true
mbrainz_1840,lastFM_4128,true
mbrainz_19502,lastFM_48538,true
mbrainz_3129,lastFM_6600,true
mbrainz_6958,lastFM_14765,true
mbrainz_1109,lastFM_2555,true
mbrainz_29033,lastFM_72472,true
mbrainz_19369,lastFM_48068,true
mbrainz_15494,lastFM_34100,true
mbrainz_20310,lastFM_51189,true
mbrainz_29624,lastFM_73899,true
mbrainz_25717,lastFM_64767,true
mbrainz_9191,lastFM_19549,true
mbrainz_9400,lastFM_19985,true
mbrainz_21978,lastFM_55767,true
mbrainz_5299,lastFM_11060,true
mbrainz_6386,lastFM_13472,true
mbrainz_6235,lastFM_13153,true
mbrainz_8972,lastFM_19099,true
mbrainz_13074,lastFM_28214,true
mbrainz_20773,lastFM_52333,true
mbrainz_9567,lastFM_20355,true
mbrainz_16471,lastFM_38000,true
mbrainz_3825,lastFM_7945,true
mbrainz_23278,lastFM_59046,true
mbrainz_4627,lastFM_9536,true
mbrainz_21066,lastFM_53240,true
mbrainz_757,lastFM_1777,true
mbrainz_12781,lastFM_27526,true
mbrainz_21822,lastFM_55291,true
mbrainz_7812,lastFM_16667,true
mbrainz_31762,lastFM_79006,true
mbrainz_7270,lastFM_15523,true
mbrainz_7972,lastFM_17008,true
mbrainz_18301,lastFM_44336,true
mbrainz_5704,lastFM_12025,true
mbrainz_578,lastFM_1297,true
mbrainz_19656,lastFM_48946,true
mbrainz_1241,lastFM_2866,true
mbrainz_2873,lastFM_6089,true
mbrainz_558,lastFM_1216,true
mbrainz_21559,lastFM_54602,true
mbrainz_27090,lastFM_67842,true
mbrainz_99,lastFM_131,true
mbrainz_19831,lastFM_49832,true
mbrainz_5072,lastFM_10538,true
mbrainz_11979,lastFM_25774,true
mbrainz_1271,lastFM_2946,true
mbrainz_26032,lastFM_65454,true
mbrainz_10470,lastFM_22342,true
mbrainz_3469,lastFM_7267,true
mbrainz_19686,lastFM_49395,true
mbrainz_1172,lastFM_2711,true
mbrainz_24495,lastFM_61984,true
mbrainz_4616,lastFM_9511,true
mbrainz_3780,lastFM_7858,true
mbrainz_3854,lastFM_8020,true
mbrainz_1473,lastFM_3437,true
mbrainz_9912,lastFM_21133,true
mbrainz_1747,lastFM_3963,true
mbrainz_5111,lastFM_10625,true
mbrainz_25265,lastFM_63740,true
mbrainz_30429,lastFM_75956,true
mbrainz_25284,lastFM_63783,true
mbrainz_893,lastFM_2073,true
mbrainz_3408,lastFM_7150,true
mbrainz_28437,lastFM_71098,true
mbrainz_5108,lastFM_10622,true
mbrainz_31484,lastFM_78332,true
mbrainz_6173,lastFM_13011,true
mbrainz_32512,lastFM_80769,true
mbrainz_16231,lastFM_37119,true
mbrainz_23807,lastFM_60335,true
mbrainz_22373,lastFM_56785,true
mbrainz_740,lastFM_1744,true
mbrainz_5730,lastFM_12086,true
mbrainz_2744,lastFM_5832,true
mbrainz_13895,lastFM_30167,true
mbrainz_29430,lastFM_73360,true
mbrainz_16630,lastFM_38483,true
mbrainz_2165,lastFM_4703,true
mbrainz_13968,lastFM_30336,true
mbrainz_4966,lastFM_10307,true
mbrainz_244,lastFM_421,true
mbrainz_3665,lastFM_7625,true
mbrainz_14271,lastFM_31131,true
mbrainz_144,lastFM_191,true
mbrainz_5422,lastFM_11359,true
mbrainz_475,lastFM_997,true
mbrainz_2180,lastFM_4729,true
mbrainz_4401,lastFM_9093,true
mbrainz_13760,lastFM_29833,true
mbrainz_5033,lastFM_10453,true
mbrainz_7301,lastFM_15602,true
mbrainz_3545,lastFM_7411,true
mbrainz_9858,lastFM_21012,true
mbrainz_10956,lastFM_23471,true
mbrainz_1153,lastFM_2659,true
mbrainz_19150,lastFM_47174,true
mbrainz_2058,lastFM_4521,true
mbrainz_16299,lastFM_37411,true
mbrainz_11038,lastFM_23674,true
mbrainz_19163,lastFM_47212,true
mbrainz_25557,lastFM_64432,true
mbrainz_17748,lastFM_42330,true
mbrainz_2208,lastFM_4786,true
mbrainz_8177,lastFM_17495,true
mbrainz_17658,lastFM_42022,true
mbrainz_4236,lastFM_8775,true
mbrainz_22997,lastFM_58340,true
mbrainz_9830,lastFM_20926,true
mbrainz_13515,lastFM_29239,true
mbrainz_13295,lastFM_28703,true
mbrainz_4064,lastFM_8436,true
mbrainz_26955,lastFM_67548,true
mbrainz_19496,lastFM_48518,true
mbrainz_32944,lastFM_81675,true
mbrainz_2392,lastFM_5131,true
mbrainz_287,lastFM_500,true
mbrainz_14002,lastFM_30415,true
mbrainz_25303,lastFM_63816,true
mbrainz_1513,lastFM_3524,true
mbrainz_22765,lastFM_57721,true
mbrainz_10236,lastFM_21838,true
mbrainz_32988,lastFM_81776,true
mbrainz_7146,lastFM_15208,true
mbrainz_15029,lastFM_33015,true
mbrainz_2360,lastFM_5080,true
mbrainz_6855,lastFM_14501,true
mbrainz_212,lastFM_368,true
mbrainz_15687,lastFM_34941,true
mbrainz_509,lastFM_1117,true
mbrainz_21193,lastFM_53599,true
mbrainz_23836,lastFM_60405,true
mbrainz_44,lastFM_59,true
mbrainz_14125,lastFM_30768,true
mbrainz_28342,lastFM_70864,true
mbrainz_4534,lastFM_9339,true
mbrainz_14583,lastFM_31926,true
mbrainz_21338,lastFM_53979,true
mbrainz_14852,lastFM_32579,true
mbrainz_6249,lastFM_13181,true
mbrainz_14396,lastFM_31469,true
mbrainz_30762,lastFM_76748,true
mbrainz_17173,lastFM_40226,true
mbrainz_20635,lastFM_52014,true
mbrainz_12395,lastFM_26709,true
mbrainz_14487,lastFM_31690,true
mbrainz_26403,lastFM_66262,true
mbrainz_13594,lastFM_29442,true
mbrainz_11728,lastFM_25180,true
mbrainz_12928,lastFM_27848,true
mbrainz_127,lastFM_164,true
mbrainz_808,lastFM_1891,true
mbrainz_23657,lastFM_59975,true
mbrainz_8020,lastFM_17116,true
mbrainz_4046,lastFM_8404,true
mbrainz_13961,lastFM_30319,true
mbrainz_13066,lastFM_28190,true
mbrainz_20367,lastFM_51330,true
mbrainz_22234,lastFM_56425,true
mbrainz_5247,lastFM_10937,true
mbrainz_22421,lastFM_56921,true
mbrainz_17264,lastFM_40503,true
mbrainz_8053,lastFM_17195,true
mbrainz_19795,lastFM_49719,true
mbrainz_5594,lastFM_11773,true
mbrainz_13925,lastFM_30243,true
mbrainz_17035,lastFM_39830,true
mbrainz_12601,lastFM_27153,true
mbrainz_22742,lastFM_57684,true
mbrainz_22614,lastFM_57378,true
mbrainz_29530,lastFM_73644,true
mbrainz_26674,lastFM_66862,true
mbrainz_20178,lastFM_50829,true
mbrainz_8408,lastFM_17968,true
mbrainz_19,lastFM_27,true
mbrainz_822,lastFM_1909,true
mbrainz_8187,lastFM_17516,true
mbrainz_10474,lastFM_22351,true
mbrainz_4278,lastFM_8850,true
mbrainz_11986,lastFM_25796,true
mbrainz_5905,lastFM_12451,true
mbrainz_15483,lastFM_34084,true
mbrainz_15478,lastFM_34073,true
mbrainz_13106,lastFM_28273,true
mbrainz_12423,lastFM_26758,true
mbrainz_5780,lastFM_12186,true
mbrainz_4145,lastFM_8592,true
mbrainz_24715,lastFM_62525,true
mbrainz_8866,lastFM_18879,true
mbrainz_15395,lastFM_33868,true
mbrainz_25570,lastFM_64465,true
mbrainz_29757,lastFM_74237,true
mbrainz_15139,lastFM_33295,true
mbrainz_59,lastFM_79,true
mbrainz_10494,lastFM_22393,true
mbrainz_7917,lastFM_16887,true
mbrainz_17829,lastFM_42817,true
mbrainz_22988,lastFM_35721,true
mbrainz_21274,lastFM_53812,true
mbrainz_4223,lastFM_8749,true
mbrainz_16001,lastFM_35907,true
mbrainz_9538,lastFM_20286,true
mbrainz_6329,lastFM_13362,true
mbrainz_4163,lastFM_8633,true
mbrainz_5294,lastFM_11047,true
mbrainz_13837,lastFM_30023,true
mbrainz_5631,lastFM_11860,true
mbrainz_4237,lastFM_8777,true
mbrainz_32973,lastFM_81741,true
mbrainz_10238,lastFM_21845,true
mbrainz_435,lastFM_901,true
mbrainz_14073,lastFM_30614,true
mbrainz_4226,lastFM_8752,true
mbrainz_13689,lastFM_29672,true
mbrainz_20534,lastFM_51763,true
mbrainz_5358,lastFM_11224,true
mbrainz_8670,lastFM_18483,true
mbrainz_2783,lastFM_5913,true
mbrainz_27016,lastFM_67671,true
mbrainz_957,lastFM_2209,true
mbrainz_31636,lastFM_78672,true
mbrainz_16106,lastFM_36689,true
mbrainz_16736,lastFM_38814,true
mbrainz_30023,lastFM_74938,true
mbrainz_10399,lastFM_22190,true
mbrainz_15183,lastFM_33412,true
mbrainz_18982,lastFM_46620,true
mbrainz_21030,lastFM_53111,true
mbrainz_11547,lastFM_24748,true
mbrainz_4611,lastFM_9500,true
mbrainz_5411,lastFM_11330,true
mbrainz_25921,lastFM_65219,true
mbrainz_6205,lastFM_13089,true
mbrainz_108,lastFM_142,true
mbrainz_674,lastFM_1572,true
mbrainz_11164,lastFM_23958,true
mbrainz_14289,lastFM_31183,true
mbrainz_248,lastFM_426,true
mbrainz_5466,lastFM_11465,true
mbrainz_14726,lastFM_32281,true
mbrainz_30489,lastFM_76111,true
mbrainz_33692,lastFM_83263,true
mbrainz_882,lastFM_2054,true
mbrainz_12678,lastFM_27329,true
mbrainz_27291,lastFM_68309,true
mbrainz_7755,lastFM_16542,true
mbrainz_13939,lastFM_30275,true
mbrainz_18462,lastFM_44842,true
mbrainz_27696,lastFM_69388,true
mbrainz_29586,lastFM_73815,true
mbrainz_7568,lastFM_16149,true
mbrainz_4415,lastFM_9124,true
mbrainz_32251,lastFM_80143,true
mbrainz_6807,lastFM_14393,true
mbrainz_8079,lastFM_17250,true
mbrainz_33059,lastFM_81929,true
mbrainz_19871,lastFM_49954,true
mbrainz_7297,lastFM_15594,true
mbrainz_3580,lastFM_7474,true
mbrainz_18185,lastFM_43944,true
mbrainz_6898,lastFM_14609,true
mbrainz_6388,lastFM_13476,true
mbrainz_7968,lastFM_16988,true
mbrainz_19719,lastFM_49493,true
mbrainz_31367,lastFM_78080,true
mbrainz_7223,lastFM_15409,true
mbrainz_19167,lastFM_47216,true
mbrainz_7110,lastFM_15118,true
mbrainz_20775,lastFM_52337,true
mbrainz_4206,lastFM_8725,true
mbrainz_12174,lastFM_26220,true
mbrainz_14882,lastFM_32668,true
mbrainz_3052,lastFM_6447,true
mbrainz_18946,lastFM_46525,true
mbrainz_18047,lastFM_43511,true
mbrainz_7528,lastFM_16072,true
mbrainz_21062,lastFM_53230,true
mbrainz_27423,lastFM_68652,true
mbrainz_24490,lastFM_61969,true
mbrainz_21,lastFM_30,true
mbrainz_32422,lastFM_80555,true
mbrainz_26383,lastFM_66216,true
mbrainz_10679,lastFM_22843,true
mbrainz_3031,lastFM_6401,true
mbrainz_17691,lastFM_42136,true
mbrainz_4172,lastFM_8650,true
mbrainz_18079,lastFM_7247,true
mbrainz_11460,lastFM_24564,true
mbrainz_27299,lastFM_68339,true
mbrainz_1296,lastFM_2999,true
mbrainz_7969,lastFM_16989,true
mbrainz_13642,lastFM_29572,true
mbrainz_61,lastFM_81,true
mbrainz_18855,lastFM_46216,true
mbrainz_12977,lastFM_27969,true
mbrainz_3341,lastFM_7006,true
mbrainz_14331,lastFM_31286,true
mbrainz_18743,lastFM_45844,true
mbrainz_20049,lastFM_50466,true
mbrainz_26717,lastFM_66952,true
mbrainz_14016,lastFM_30462,true
mbrainz_4029,lastFM_8373,true
mbrainz_26898,lastFM_67422,true
mbrainz_9783,lastFM_20833,true
mbrainz_5737,lastFM_12100,true
mbrainz_5123,lastFM_10647,true
mbrainz_27422,lastFM_68651,true
mbrainz_17559,lastFM_41677,true
mbrainz_77,lastFM_101,true
mbrainz_21250,lastFM_53757,true
mbrainz_19241,lastFM_47502,true
mbrainz_657,lastFM_1529,true
mbrainz_2996,lastFM_6336,true
mbrainz_10112,lastFM_21544,true
mbrainz_22269,lastFM_56504,true
mbrainz_24964,lastFM_63070,true
mbrainz_21987,lastFM_55796,true
mbrainz_4279,lastFM_8853,true
mbrainz_15088,lastFM_33176,true
mbrainz_11974,lastFM_25766,true
mbrainz_14665,lastFM_32123,true
mbrainz_4411,lastFM_9112,true
mbrainz_15132,lastFM_33284,true
mbrainz_24541,lastFM_62090,true
mbrainz_3600,lastFM_7505,true
mbrainz_28403,lastFM_71019,true
mbrainz_7550,lastFM_16107,true
mbrainz_931,lastFM_2157,true
mbrainz_7379,lastFM_15771,true
mbrainz_1001,lastFM_2318,true
mbrainz_2415,lastFM_5167,true
mbrainz_9841,lastFM_20965,true
mbrainz_32830,lastFM_81448,true
mbrainz_24309,lastFM_61541,true
mbrainz_6700,lastFM_14150,true
mbrainz_8387,lastFM_17933,true
mbrainz_6787,lastFM_14340,true
mbrainz_28630,lastFM_71575,true
mbrainz_4325,lastFM_8938,true
mbrainz_15486,lastFM_34090,true
mbrainz_8395,lastFM_17947,true
mbrainz_10902,lastFM_23352,true
mbrainz_4498,lastFM_9267,true
mbrainz_25824,lastFM_64980,true
mbrainz_1449,lastFM_3367,true
mbrainz_13836,lastFM_30022,true
mbrainz_6404,lastFM_13508,true
mbrainz_21491,lastFM_54423,true
mbrainz_21284,lastFM_53844,true
mbrainz_86,lastFM_113,true
mbrainz_15966,lastFM_35826,true
mbrainz_18368,lastFM_44518,true
mbrainz_21143,lastFM_53466,true
mbrainz_28247,lastFM_70650,true
mbrainz_31892,lastFM_79324,true
mbrainz_5900,lastFM_12445,true
mbrainz_16291,lastFM_37371,true
mbrainz_16260,lastFM_37240,true
mbrainz_234,lastFM_407,true
mbrainz_1856,lastFM_4164,true
mbrainz_20,lastFM_28,true
mbrainz_18327,lastFM_44425,true
mbrainz_12659,lastFM_27288,true
mbrainz_12926,lastFM_27846,true
mbrainz_30214,lastFM_75448,true
mbrainz_10983,lastFM_23532,true
mbrainz_2306,lastFM_4990,true
mbrainz_5957,lastFM_12547,true
mbrainz_19488,lastFM_48496,true
mbrainz_2192,lastFM_4755,true
mbrainz_4850,lastFM_10055,true
mbrainz_6368,lastFM_13443,true
mbrainz_149,lastFM_200,true
mbrainz_26680,lastFM_66876,true
mbrainz_1061,lastFM_2459,true
mbrainz_19064,lastFM_46871,true
mbrainz_2439,lastFM_5211,true
mbrainz_16043,lastFM_36371,true
mbrainz_12620,lastFM_27189,true
mbrainz_20524,lastFM_51744,true
mbrainz_12997,lastFM_28024,true
mbrainz_1203,lastFM_2780,true
mbrainz_7031,lastFM_14921,true
mbrainz_15737,lastFM_35085,true
mbrainz_477,lastFM_999,true
mbrainz_6851,lastFM_14493,true
mbrainz_16851,lastFM_39210,true
mbrainz_535,lastFM_1178,true
mbrainz_6390,lastFM_13478,true
mbrainz_15683,lastFM_34934,true
mbrainz_2373,lastFM_5105,true
mbrainz_10369,lastFM_22125,true
mbrainz_135,lastFM_177,true
mbrainz_22872,lastFM_58028,true
mbrainz_12293,lastFM_26460,true
mbrainz_41,lastFM_55,true
mbrainz_10384,lastFM_22155,true
mbrainz_137,lastFM_179,true
mbrainz_4881,lastFM_10122,true
mbrainz_4477,lastFM_9234,true
mbrainz_31576,lastFM_78551,true
mbrainz_3933,lastFM_8155,true
mbrainz_3891,lastFM_8076,true
mbrainz_13149,lastFM_28361,true
mbrainz_19025,lastFM_46774,true
mbrainz_29225,lastFM_72895,true
mbrainz_11890,lastFM_25571,true
mbrainz_29214,lastFM_72861,true
mbrainz_13236,lastFM_28548,true
mbrainz_23194,lastFM_58817,true
mbrainz_1957,lastFM_4332,true
mbrainz_23393,lastFM_59340,true
mbrainz_972,lastFM_2257,true
mbrainz_5305,lastFM_11082,true
mbrainz_11156,lastFM_23945,true
mbrainz_23379,lastFM_59304,true
mbrainz_29973,lastFM_74828,true
mbrainz_33262,lastFM_82365,true
mbrainz_3764,lastFM_7833,true
mbrainz_8111,lastFM_17340,true
mbrainz_39,lastFM_53,true
mbrainz_307,lastFM_541,true
mbrainz_5002,lastFM_10376,true
mbrainz_3359,lastFM_7035,true
mbrainz_5110,lastFM_10624,true
mbrainz_18501,lastFM_44997,true
mbrainz_1617,lastFM_3767,true
mbrainz_16153,lastFM_36859,true
mbrainz_5666,lastFM_11929,true
mbrainz_16361,lastFM_37645,true
mbrainz_13200,lastFM_28474,true
mbrainz_861,lastFM_2003,true
mbrainz_28820,lastFM_72013,true
mbrainz_25171,lastFM_63525,true
mbrainz_26784,lastFM_67107,true
mbrainz_18330,lastFM_43806,true
mbrainz_11543,lastFM_24736,true
mbrainz_14267,lastFM_31123,true
mbrainz_12373,lastFM_26651,true
mbrainz_164,lastFM_236,true
mbrainz_10206,lastFM_21777,true
mbrainz_19662,lastFM_49297,true
mbrainz_20943,lastFM_52827,true
mbrainz_11325,lastFM_24279,true
mbrainz_9271,lastFM_19720,true
mbrainz_13507,lastFM_29220,true
mbrainz_4745,lastFM_9809,true
mbrainz_11891,lastFM_25573,true
mbrainz_7556,lastFM_16125,true
mbrainz_5224,lastFM_10891,true
mbrainz_1361,lastFM_3168,true
mbrainz_29232,lastFM_72903,true
mbrainz_8950,lastFM_19054,true
mbrainz_12487,lastFM_26891,true
mbrainz_26863,lastFM_67313,true
mbrainz_16199,lastFM_36998,true
mbrainz_20938,lastFM_52817,true
mbrainz_21997,lastFM_55825,true
mbrainz_20526,lastFM_51747,true
mbrainz_15704,lastFM_34990,true
mbrainz_23838,lastFM_60408,true
mbrainz_1886,lastFM_4208,true
mbrainz_1301,lastFM_3010,true
mbrainz_31996,lastFM_79572,true
mbrainz_10253,lastFM_21874,true
mbrainz_7326,lastFM_15645,true
mbrainz_12916,lastFM_27823,true
mbrainz_19714,lastFM_49483,true
mbrainz_31666,lastFM_78755,true
mbrainz_21027,lastFM_53101,true
mbrainz_18974,lastFM_46606,true
mbrainz_7432,lastFM_15894,true
mbrainz_2530,lastFM_5395,true
mbrainz_18878,lastFM_46282,true
mbrainz_3098,lastFM_6544,true
mbrainz_3549,lastFM_7420,true
mbrainz_28683,lastFM_71704,true
mbrainz_13326,lastFM_28782,true
mbrainz_19853,lastFM_49910,true
mbrainz_18999,lastFM_46690,true
mbrainz_3615,lastFM_7538,true
mbrainz_11145,lastFM_23929,true
mbrainz_3663,lastFM_7623,true
mbrainz_18370,lastFM_44526,true
mbrainz_14322,lastFM_31262,true
mbrainz_9350,lastFM_19870,true
mbrainz_10953,lastFM_23464,true
mbrainz_28690,lastFM_71725,true
mbrainz_29534,lastFM_73651,true
mbrainz_5301,lastFM_11073,true
mbrainz_8468,lastFM_18096,true
mbrainz_313,lastFM_549,true
mbrainz_4595,lastFM_9468,true
mbrainz_30391,lastFM_75857,true
mbrainz_7087,lastFM_15054,true
mbrainz_9167,lastFM_19509,true
mbrainz_22093,lastFM_56048,true
mbrainz_2227,lastFM_4820,true
mbrainz_24794,lastFM_62690,true
mbrainz_26630,lastFM_66762,true
mbrainz_1286,lastFM_2978,true
mbrainz_20851,lastFM_52552,true
mbrainz_11436,lastFM_24522,true
mbrainz_11148,lastFM_23933,true
mbrainz_2148,lastFM_4661,true
mbrainz_32460,lastFM_80640,true
mbrainz_557,lastFM_1213,true
mbrainz_4340,lastFM_8961,true
mbrainz_10230,lastFM_21829,true
mbrainz_2342,lastFM_5049,true
mbrainz_6704,lastFM_14157,true
mbrainz_27665,lastFM_69306,true
mbrainz_5229,lastFM_10906,true
mbrainz_8147,lastFM_17430,true
mbrainz_80,lastFM_106,true
mbrainz_5258,lastFM_10966,true
mbrainz_536,lastFM_1179,true
mbrainz_14789,lastFM_32434,true
mbrainz_18562,lastFM_45215,true
mbrainz_2112,lastFM_4604,true
mbrainz_14564,lastFM_31886,true
mbrainz_2347,lastFM_5056,true
mbrainz_9975,lastFM_21256,true
mbrainz_4017,lastFM_8348,true
mbrainz_15365,lastFM_33794,true
mbrainz_18711,lastFM_45699,true
mbrainz_31039,lastFM_77368,true
mbrainz_7144,lastFM_15206,true
mbrainz_20196,lastFM_50899,true
mbrainz_17763,lastFM_42390,true
mbrainz_68,lastFM_90,true
mbrainz_229,lastFM_400,true
mbrainz_13554,lastFM_29341,true
mbrainz_2458,lastFM_5249,true
mbrainz_2025,lastFM_4460,true
mbrainz_11251,lastFM_24126,true
mbrainz_19497,lastFM_48519,true
mbrainz_14511,lastFM_31745,true
mbrainz_23470,lastFM_59527,true
mbrainz_9514,lastFM_20235,true
mbrainz_11259,lastFM_24145,true
mbrainz_3349,lastFM_7024,true
mbrainz_15220,lastFM_33492,true
mbrainz_29140,lastFM_72701,true
mbrainz_20206,lastFM_50926,true
mbrainz_20690,lastFM_52142,true
mbrainz_6148,lastFM_12949,true
mbrainz_30273,lastFM_75577,true
mbrainz_1054,lastFM_2442,true
mbrainz_10116,lastFM_21552,true
mbrainz_12513,lastFM_26947,true
mbrainz_1990,lastFM_4403,true
mbrainz_26901,lastFM_67432,true
mbrainz_3723,lastFM_7752,true
mbrainz_2532,lastFM_5399,true
mbrainz_18468,lastFM_44876,true
mbrainz_3113,lastFM_6577,true
mbrainz_4543,lastFM_9367,true
mbrainz_275,lastFM_474,true
mbrainz_7732,lastFM_16500,true
mbrainz_1761,lastFM_3989,true
mbrainz_2743,lastFM_5831,true
mbrainz_14824,lastFM_31759,true
mbrainz_25567,lastFM_64460,true
mbrainz_12631,lastFM_27214,true
mbrainz_10329,lastFM_22038,true
mbrainz_23888,lastFM_60520,true
mbrainz_17784,lastFM_42439,true
mbrainz_2891,lastFM_6119,true
mbrainz_5285,lastFM_11032,true
mbrainz_28870,lastFM_72113,true
mbrainz_814,lastFM_1898,true
mbrainz_11775,lastFM_25281,true
mbrainz_4313,lastFM_8922,true
mbrainz_14661,lastFM_32111,true
mbrainz_33346,lastFM_82537,true
mbrainz_3395,lastFM_7125,true
mbrainz_12035,lastFM_25920,true
mbrainz_3907,lastFM_8113,true
mbrainz_9549,lastFM_20316,true
mbrainz_23238,lastFM_58943,true
mbrainz_3873,lastFM_8050,true
mbrainz_3974,lastFM_8252,true
mbrainz_22056,lastFM_55963,true
mbrainz_19522,lastFM_48615,true
mbrainz_29929,lastFM_74701,true
mbrainz_25205,lastFM_63601,true
mbrainz_256,lastFM_435,true
mbrainz_16858,lastFM_39237,true
mbrainz_4986,lastFM_10344,true
mbrainz_18561,lastFM_45212,true
mbrainz_3784,lastFM_7866,true
mbrainz_8419,lastFM_17996,true
mbrainz_5715,lastFM_12057,true
mbrainz_511,lastFM_1122,true
mbrainz_11479,lastFM_24600,true
mbrainz_1170,lastFM_2706,true
mbrainz_1744,lastFM_3958,true
mbrainz_9489,lastFM_20182,true
mbrainz_5933,lastFM_12501,true
mbrainz_13357,lastFM_28865,true
mbrainz_25178,lastFM_63547,true
mbrainz_129,lastFM_168,true
mbrainz_14185,lastFM_30934,true
mbrainz_23957,lastFM_60676,true
mbrainz_12097,lastFM_26062,true
mbrainz_5575,lastFM_11727,true
mbrainz_13614,lastFM_29498,true
mbrainz_17102,lastFM_40025,true
mbrainz_28868,lastFM_72107,true
mbrainz_3899,lastFM_8096,true
mbrainz_4544,lastFM_9369,true
mbrainz_9507,lastFM_20220,true
mbrainz_3309,lastFM_6947,true
mbrainz_4535,lastFM_9344,true
mbrainz_17999,lastFM_43350,true
mbrainz_9005,lastFM_19183,true
mbrainz_119,lastFM_155,true
mbrainz_550,lastFM_1200,true
mbrainz_8542,lastFM_18227,true
mbrainz_11793,lastFM_25323,true
mbrainz_32734,lastFM_81244,true
mbrainz_17012,lastFM_39768,true
mbrainz_1867,lastFM_4182,true
mbrainz_3344,lastFM_7018,true
mbrainz_32425,lastFM_80564,true
mbrainz_3693,lastFM_7694,true
mbrainz_1101,lastFM_2540,true
mbrainz_28995,lastFM_72387,true
mbrainz_3048,lastFM_6436,true
mbrainz_25236,lastFM_63669,true
mbrainz_7264,lastFM_15506,true
mbrainz_25489,lastFM_64256,true
mbrainz_2286,lastFM_4937,true
mbrainz_24892,lastFM_62908,true
mbrainz_24367,lastFM_61677,true
mbrainz_11478,lastFM_24595,true
mbrainz_28159,lastFM_70447,true
mbrainz_14925,lastFM_32784,true
mbrainz_1502,lastFM_3502,true
mbrainz_8024,lastFM_17121,true
mbrainz_11813,lastFM_25385,true
mbrainz_6637,lastFM_14034,true
mbrainz_25161,lastFM_63509,true
mbrainz_26644,lastFM_66794,true
mbrainz_1456,lastFM_3395,true
mbrainz_12797,lastFM_27551,true
mbrainz_9235,lastFM_19646,true
mbrainz_5361,lastFM_11228,true
mbrainz_29147,lastFM_72717,true
mbrainz_20198,lastFM_40425,true
mbrainz_21647,lastFM_54841,true
mbrainz_7510,lastFM_16037,true
mbrainz_21019,lastFM_53072,true
mbrainz_1378,lastFM_3203,true
mbrainz_3154,lastFM_6656,true
mbrainz_3608,lastFM_7524,true
mbrainz_3445,lastFM_7220,true
mbrainz_32923,lastFM_81626,true
mbrainz_4307,lastFM_8909,true
mbrainz_10963,lastFM_23489,true
mbrainz_5050,lastFM_10485,true
mbrainz_23819,lastFM_60373,true
mbrainz_10481,lastFM_22364,true
mbrainz_12400,lastFM_26717,true
mbrainz_20057,lastFM_50487,true
mbrainz_20139,lastFM_50718,true
mbrainz_348,lastFM_643,true
mbrainz_19378,lastFM_48094,true
mbrainz_30854,lastFM_76980,true
mbrainz_10924,lastFM_23408,true
mbrainz_9767,lastFM_20790,true
mbrainz_626,lastFM_1437,true
mbrainz_10597,lastFM_22654,true
mbrainz_26027,lastFM_65446,true
mbrainz_14733,lastFM_32295,true
mbrainz_1332,lastFM_3095,true
mbrainz_20291,lastFM_51143,true
mbrainz_11178,lastFM_23989,true
mbrainz_12939,lastFM_27894,true
mbrainz_10198,lastFM_21756,true
mbrainz_3820,lastFM_7934,true
mbrainz_5926,lastFM_12488,true
mbrainz_7066,lastFM_14998,true
mbrainz_8592,lastFM_18323,true
mbrainz_9292,lastFM_19761,true
mbrainz_2302,lastFM_4976,true
mbrainz_12528,lastFM_26978,true
mbrainz_7217,lastFM_15394,true
mbrainz_151,lastFM_202,true
mbrainz_3100,lastFM_6548,true
mbrainz_18196,lastFM_43971,true
mbrainz_3951,lastFM_8210,true
mbrainz_17238,lastFM_40429,true
mbrainz_2110,lastFM_4600,true
mbrainz_6506,lastFM_13729,true
mbrainz_23646,lastFM_49162,true
mbrainz_26800,lastFM_67163,true
mbrainz_1791,lastFM_4036,true
mbrainz_7209,lastFM_15374,true
mbrainz_6774,lastFM_14312,true
mbrainz_6751,lastFM_14259,true
mbrainz_1552,lastFM_3624,true
mbrainz_8735,lastFM_18609,true
mbrainz_7257,lastFM_15486,true
mbrainz_28187,lastFM_70510,true
mbrainz_2082,lastFM_4558,true
mbrainz_1192,lastFM_2752,true
mbrainz_23433,lastFM_59449,true
mbrainz_7404,lastFM_15817,true
mbrainz_2004,lastFM_4419,true
mbrainz_10455,lastFM_22303,true
mbrainz_424,lastFM_877,true
mbrainz_4637,lastFM_9560,true
mbrainz_25439,lastFM_64147,true
mbrainz_29002,lastFM_72401,true
mbrainz_3613,lastFM_7536,true
mbrainz_1349,lastFM_3139,true
mbrainz_1532,lastFM_3571,true
mbrainz_6584,lastFM_13921,true
mbrainz_9827,lastFM_20923,true
mbrainz_14792,lastFM_32438,true
mbrainz_31061,lastFM_77414,true
mbrainz_32017,lastFM_79640,true
mbrainz_3299,lastFM_6927,true
mbrainz_1631,lastFM_3785,true
mbrainz_10669,lastFM_22817,true
mbrainz_17791,lastFM_42454,true
mbrainz_28312,lastFM_70796,true
mbrainz_33433,lastFM_82704,true
mbrainz_11777,lastFM_25284,true
mbrainz_14097,lastFM_30690,true
mbrainz_8227,lastFM_17605,true
mbrainz_14611,lastFM_31997,true
mbrainz_16794,lastFM_38992,true
mbrainz_18545,lastFM_45133,true
mbrainz_3435,lastFM_7201,true
mbrainz_12766,lastFM_27490,true
mbrainz_21004,lastFM_53026,true
mbrainz_28340,lastFM_70857,true
mbrainz_11467,lastFM_24575,true
mbrainz_1426,lastFM_3300,true
mbrainz_31120,lastFM_77555,true
mbrainz_3287,lastFM_6908,true
mbrainz_9262,lastFM_19707,true
mbrainz_7672,lastFM_16380,true
mbrainz_9001,lastFM_19175,true
mbrainz_10969,lastFM_23498,true
mbrainz_21957,lastFM_55705,true
mbrainz_27507,lastFM_68869,true
mbrainz_5214,lastFM_10871,true
mbrainz_912,lastFM_2116,true
mbrainz_7961,lastFM_16967,true
mbrainz_20849,lastFM_52539,true
mbrainz_25035,lastFM_63214,true
mbrainz_15239,lastFM_33534,true
mbrainz_25578,lastFM_64486,true
mbrainz_13486,lastFM_29171,true
mbrainz_23943,lastFM_60639,true
mbrainz_25624,lastFM_64592,true
mbrainz_14913,lastFM_32760,true
mbrainz_19441,lastFM_48328,true
mbrainz_18594,lastFM_45304,true
mbrainz_4205,lastFM_8720,true
mbrainz_12578,lastFM_27092,true
mbrainz_2114,lastFM_4611,true
mbrainz_606,lastFM_1378,true
mbrainz_24291,lastFM_61498,true
mbrainz_7534,lastFM_16082,true
mbrainz_30379,lastFM_75824,true
mbrainz_22878,lastFM_58036,true
mbrainz_15867,lastFM_35554,true
mbrainz_1,lastFM_1,true
mbrainz_341,lastFM_629,true
mbrainz_18762,lastFM_45919,true
mbrainz_16225,lastFM_37086,true
mbrainz_16863,lastFM_39264,true
mbrainz_10244,lastFM_21856,true
mbrainz_21962,lastFM_55714,true
mbrainz_5250,lastFM_10951,true
mbrainz_2511,lastFM_5358,true
mbrainz_869,lastFM_2025,true
mbrainz_31759,lastFM_78998,true
mbrainz_9161,lastFM_19497,true
mbrainz_19169,lastFM_47225,true
mbrainz_5965,lastFM_12562,true
mbrainz_14040,lastFM_30514,true
mbrainz_12359,lastFM_26628,true
mbrainz_4812,lastFM_9966,true
mbrainz_30527,lastFM_76216,true
mbrainz_15067,lastFM_33132,true
mbrainz_27044,lastFM_67736,true
mbrainz_16776,lastFM_38937,true
mbrainz_8021,lastFM_17117,true
mbrainz_8334,lastFM_17834,true
mbrainz_9318,lastFM_19822,true
mbrainz_3286,lastFM_6905,true
mbrainz_19987,lastFM_50296,true
mbrainz_10593,lastFM_22641,true
mbrainz_19537,lastFM_48663,true
mbrainz_11140,lastFM_23918,true
mbrainz_18137,lastFM_41840,true
mbrainz_30086,lastFM_75147,true
mbrainz_32686,lastFM_81155,true
mbrainz_15577,lastFM_34317,true
mbrainz_17820,lastFM_42755,true
mbrainz_3089,lastFM_6531,true
mbrainz_31125,lastFM_77569,true
mbrainz_970,lastFM_2243,true
mbrainz_973,lastFM_2258,true
mbrainz_13341,lastFM_28822,true
mbrainz_19510,lastFM_48567,true
mbrainz_32189,lastFM_79995,true
mbrainz_22286,lastFM_56542,true
mbrainz_29182,lastFM_72792,true
mbrainz_3175,lastFM_6702,true
mbrainz_13876,lastFM_30110,true
mbrainz_7308,lastFM_15612,true
mbrainz_79,lastFM_104,true
mbrainz_23210,lastFM_58864,true
mbrainz_7462,lastFM_15952,true
mbrainz_16197,lastFM_36994,true
mbrainz_29909,lastFM_74640,true
mbrainz_719,lastFM_1683,true
mbrainz_8399,lastFM_17957,true
mbrainz_21045,lastFM_53172,true
mbrainz_17,lastFM_24,true
mbrainz_27368,lastFM_68505,true
mbrainz_12656,lastFM_27285,true
mbrainz_12120,lastFM_26120,true
mbrainz_2017,lastFM_4448,true
mbrainz_19735,lastFM_49541,true
mbrainz_6662,lastFM_14082,true
mbrainz_15680,lastFM_34918,true
mbrainz_2673,lastFM_5677,true
mbrainz_25923,lastFM_65221,true
mbrainz_14695,lastFM_32208,true
mbrainz_85,lastFM_111,true
mbrainz_18232,lastFM_44105,true
mbrainz_18701,lastFM_45671,true
mbrainz_10099,lastFM_21522,true
mbrainz_8968,lastFM_19094,true
mbrainz_17474,lastFM_41354,true
mbrainz_5464,lastFM_11459,true
mbrainz_19317,lastFM_47671,true
mbrainz_5717,lastFM_12062,true
mbrainz_15667,lastFM_34876,true
mbrainz_23118,lastFM_58638,true
mbrainz_4700,lastFM_9708,true
mbrainz_12354,lastFM_26621,true
mbrainz_26340,lastFM_66123,true
mbrainz_6312,lastFM_13320,true
mbrainz_10580,lastFM_22609,true
mbrainz_9807,lastFM_20885,true
mbrainz_14020,lastFM_30466,true
mbrainz_19335,lastFM_47697,true
mbrainz_18132,lastFM_43768,true
mbrainz_1166,lastFM_2696,true
mbrainz_14463,lastFM_31636,true
mbrainz_3311,lastFM_6949,true
mbrainz_16714,lastFM_38743,true
mbrainz_12065,lastFM_25984,true
mbrainz_21259,lastFM_53774,true
mbrainz_11581,lastFM_24832,true
mbrainz_8104,lastFM_17317,true
mbrainz_2536,lastFM_5405,true
mbrainz_4867,lastFM_10088,true
mbrainz_3945,lastFM_8196,true
mbrainz_4460,lastFM_9204,true
mbrainz_3241,lastFM_6832,true
mbrainz_26097,lastFM_65584,true
mbrainz_3539,lastFM_7396,true
mbrainz_23986,lastFM_60765,true
mbrainz_29396,lastFM_73297,true
mbrainz_13347,lastFM_28837,true
mbrainz_16566,lastFM_38263,true
mbrainz_17408,lastFM_40955,true
mbrainz_943,lastFM_2186,true
mbrainz_10239,lastFM_21846,true
mbrainz_7373,lastFM_15760,true
mbrainz_559,lastFM_1219,true
mbrainz_6367,lastFM_13439,true
mbrainz_30276,lastFM_75586,true
mbrainz_12505,lastFM_26923,true
mbrainz_24802,lastFM_62700,true
mbrainz_15091,lastFM_33183,true
mbrainz_25820,lastFM_64974,true
mbrainz_29414,lastFM_73320,true
mbrainz_15533,lastFM_34196,true
mbrainz_3914,lastFM_8123,true
mbrainz_9183,lastFM_19537,true
mbrainz_4985,lastFM_10343,true
mbrainz_6437,lastFM_13595,true
mbrainz_10744,lastFM_22977,true
mbrainz_12166,lastFM_26204,true
mbrainz_5030,lastFM_10450,true
mbrainz_20422,lastFM_51468,true
mbrainz_31205,lastFM_77732,true
mbrainz_1093,lastFM_2518,true
mbrainz_16206,lastFM_37021,true
mbrainz_896,lastFM_2076,true
mbrainz_17212,lastFM_40342,true
mbrainz_1352,lastFM_3150,true
mbrainz_3142,lastFM_6636,true
mbrainz_7764,lastFM_16567,true
mbrainz_15274,lastFM_33600,true
mbrainz_10222,lastFM_21816,true
mbrainz_14200,lastFM_30962,true
mbrainz_14797,lastFM_32456,true
mbrainz_13636,lastFM_29545,true
mbrainz_7821,lastFM_16685,true
mbrainz_3165,lastFM_6675,true
mbrainz_24026,lastFM_60846,true
mbrainz_8996,lastFM_19155,true
mbrainz_7581,lastFM_16175,true
mbrainz_2074,lastFM_4544,true
mbrainz_280,lastFM_482,true
mbrainz_3844,lastFM_7997,true
mbrainz_15644,lastFM_34499,true
mbrainz_17635,lastFM_41949,true
mbrainz_11897,lastFM_25585,true
mbrainz_2139,lastFM_4650,true
mbrainz_8278,lastFM_17709,true
mbrainz_3537,lastFM_7392,true
mbrainz_15657,lastFM_34841,true
mbrainz_4355,lastFM_8990,true
mbrainz_6046,lastFM_12721,true
mbrainz_4176,lastFM_8657,true
mbrainz_33617,lastFM_83111,true
mbrainz_7874,lastFM_16795,true
mbrainz_12751,lastFM_27459,true
mbrainz_9522,lastFM_20254,true
mbrainz_6492,lastFM_13701,true
mbrainz_7987,lastFM_17043,true
mbrainz_5184,lastFM_10816,true
mbrainz_29450,lastFM_73419,true
mbrainz_26439,lastFM_66329,true
mbrainz_6514,lastFM_13747,true
mbrainz_8346,lastFM_17855,true
mbrainz_3034,lastFM_6404,true
mbrainz_6699,lastFM_14149,true
mbrainz_13557,lastFM_29351,true
mbrainz_8811,lastFM_18783,true
mbrainz_7083,lastFM_15033,true
mbrainz_24101,lastFM_61032,true
mbrainz_12884,lastFM_27749,true
mbrainz_20506,lastFM_51692,true
mbrainz_11330,lastFM_24287,true
mbrainz_15371,lastFM_33812,true
mbrainz_10633,lastFM_22724,true
mbrainz_16332,lastFM_37542,true
mbrainz_9656,lastFM_20549,true
mbrainz_28368,lastFM_70930,true
mbrainz_3453,lastFM_7235,true
mbrainz_33585,lastFM_83037,true
mbrainz_10624,lastFM_22709,true
mbrainz_7842,lastFM_16724,true
mbrainz_8849,lastFM_18851,true
mbrainz_22354,lastFM_56734,true
mbrainz_25686,lastFM_64707,true
mbrainz_5964,lastFM_12559,true
mbrainz_2544,lastFM_5422,true
mbrainz_13381,lastFM_28921,true
mbrainz_20762,lastFM_52305,true
mbrainz_9294,lastFM_19766,true
mbrainz_18051,lastFM_43528,true
mbrainz_5542,lastFM_11669,true
mbrainz_180,lastFM_290,true
mbrainz_12711,lastFM_27391,true
mbrainz_2811,lastFM_5964,true
mbrainz_32644,lastFM_81062,true
mbrainz_18122,lastFM_43731,true
mbrainz_3119,lastFM_6586,true
mbrainz_18689,lastFM_45626,true
mbrainz_15914,lastFM_35704,true
mbrainz_1017,lastFM_2358,true
mbrainz_4771,lastFM_9869,true
mbrainz_6164,lastFM_12990,true
mbrainz_7208,lastFM_15370,true
mbrainz_4005,lastFM_8322,true
mbrainz_6668,lastFM_14090,true
mbrainz_15668,lastFM_34882,true
mbrainz_74,lastFM_98,true
mbrainz_10196,lastFM_21754,true
mbrainz_16420,lastFM_37844,true
mbrainz_16125,lastFM_36768,true
mbrainz_8310,lastFM_17780,true
mbrainz_20745,lastFM_52273,true
mbrainz_16104,lastFM_36665,true
mbrainz_23223,lastFM_58905,true
mbrainz_9427,lastFM_20049,true
mbrainz_17436,lastFM_41038,true
mbrainz_1793,lastFM_4040,true
mbrainz_7366,lastFM_15742,true
mbrainz_12553,lastFM_27032,true
mbrainz_5097,lastFM_10597,true
mbrainz_1169,lastFM_2704,true
mbrainz_30346,lastFM_75735,true
mbrainz_25927,lastFM_65227,true
mbrainz_2774,lastFM_5890,true
mbrainz_23963,lastFM_60690,true
mbrainz_2073,lastFM_4543,true
mbrainz_15128,lastFM_33279,true
mbrainz_14382,lastFM_31442,true
mbrainz_11847,lastFM_25486,true
mbrainz_4615,lastFM_9509,true
mbrainz_222,lastFM_386,true
mbrainz_13458,lastFM_29102,true
mbrainz_339,lastFM_622,true
mbrainz_11272,lastFM_24165,true
mbrainz_2400,lastFM_5144,true
mbrainz_12230,lastFM_26329,true
mbrainz_27,lastFM_37,true
mbrainz_11453,lastFM_24551,true
mbrainz_699,lastFM_1637,true
mbrainz_13647,lastFM_29584,true
mbrainz_16932,lastFM_39506,true
mbrainz_19740,lastFM_49563,true
mbrainz_2485,lastFM_5310,true
mbrainz_31752,lastFM_78984,true
mbrainz_1557,lastFM_3631,true
mbrainz_22383,lastFM_56810,true
mbrainz_22697,lastFM_57565,true
mbrainz_1305,lastFM_3030,true
mbrainz_5941,lastFM_12514,true
mbrainz_23371,lastFM_59285,true
mbrainz_7369,lastFM_15751,true
mbrainz_870,lastFM_2026,true
mbrainz_12072,lastFM_25997,true
mbrainz_11696,lastFM_25088,true
mbrainz_31688,lastFM_78815,true
mbrainz_4020,lastFM_8351,true
mbrainz_12051,lastFM_25962,true
mbrainz_16465,lastFM_37972,true
mbrainz_26536,lastFM_66530,true
mbrainz_10084,lastFM_21486,true
mbrainz_1260,lastFM_2907,true
mbrainz_13866,lastFM_30080,true
mbrainz_166,lastFM_256,true
mbrainz_15891,lastFM_35630,true
mbrainz_25906,lastFM_65189,true
mbrainz_9696,lastFM_20649,true
mbrainz_21601,lastFM_54718,true
mbrainz_26856,lastFM_67304,true
mbrainz_9773,lastFM_20811,true
mbrainz_27411,lastFM_68615,true
mbrainz_12833,lastFM_27646,true
mbrainz_106,lastFM_140,true
mbrainz_25221,lastFM_63634,true
mbrainz_9794,lastFM_20852,true
mbrainz_4679,lastFM_9651,true
mbrainz_14563,lastFM_31880,true
mbrainz_22652,lastFM_57473,true
mbrainz_9592,lastFM_20416,true
mbrainz_7052,lastFM_14971,true
mbrainz_919,lastFM_2137,true
mbrainz_27640,lastFM_69237,true
mbrainz_5095,lastFM_10595,true
mbrainz_3836,lastFM_7973,true
mbrainz_9447,lastFM_20088,true
mbrainz_11424,lastFM_24505,true
mbrainz_20668,lastFM_52085,true
mbrainz_13242,lastFM_28569,true
mbrainz_1327,lastFM_3079,true
mbrainz_26204,lastFM_65829,true
mbrainz_3766,lastFM_7836,true
mbrainz_352,lastFM_650,true
mbrainz_250,lastFM_428,true
mbrainz_2453,lastFM_5240,true
mbrainz_9771,lastFM_20803,true
mbrainz_4707,lastFM_9726,true
mbrainz_2186,lastFM_4742,true
mbrainz_10131,lastFM_21596,true
mbrainz_6578,lastFM_13911,true
mbrainz_16967,lastFM_39622,true
mbrainz_14648,lastFM_32080,true
mbrainz_11989,lastFM_25803,true
mbrainz_801,lastFM_1876,true
mbrainz_6990,lastFM_14832,true
mbrainz_1841,lastFM_4129,true
mbrainz_2542,lastFM_5419,true
mbrainz_8502,lastFM_18151,true
mbrainz_956,lastFM_2208,true
mbrainz_24404,lastFM_61772,true
mbrainz_28981,lastFM_72364,true
mbrainz_19967,lastFM_50250,true
mbrainz_17739,lastFM_42294,true
mbrainz_760,lastFM_1787,true
mbrainz_11015,lastFM_23616,true
mbrainz_12301,lastFM_26483,true
mbrainz_20680,lastFM_52117,true
mbrainz_31847,lastFM_79215,true
mbrainz_2902,lastFM_6135,true
mbrainz_260,lastFM_441,true
mbrainz_7905,lastFM_16862,true
mbrainz_1074,lastFM_2484,true
mbrainz_15213,lastFM_21587,true
mbrainz_2843,lastFM_6028,true
mbrainz_194,lastFM_328,true
mbrainz_28407,lastFM_71032,true
mbrainz_20209,lastFM_50931,true
mbrainz_14025,lastFM_30485,true
mbrainz_1263,lastFM_2922,true
mbrainz_2945,lastFM_6220,true
mbrainz_3851,lastFM_8014,true
mbrainz_2181,lastFM_4730,true
mbrainz_318,lastFM_582,true
mbrainz_581,lastFM_1306,true
mbrainz_10954,lastFM_23465,true
mbrainz_15831,lastFM_35447,true
mbrainz_8627,lastFM_18389,true
mbrainz_1845,lastFM_4133,true
mbrainz_2323,lastFM_5014,true
mbrainz_15154,lastFM_33336,true
mbrainz_26137,lastFM_65684,true
mbrainz_7049,lastFM_14962,true
mbrainz_26506,lastFM_66470,true
mbrainz_30679,lastFM_76561,true
mbrainz_6044,lastFM_12718,true
mbrainz_1907,lastFM_4245,true
mbrainz_1412,lastFM_3276,true
mbrainz_3743,lastFM_7796,true
mbrainz_24341,lastFM_61614,true
mbrainz_1081,lastFM_2494,true
mbrainz_31392,lastFM_78143,true
mbrainz_532,lastFM_1165,true
mbrainz_13252,lastFM_28594,true
mbrainz_16642,lastFM_38512,true
mbrainz_18656,lastFM_45512,true
mbrainz_354,lastFM_654,true
mbrainz_11534,lastFM_24718,true
mbrainz_20115,lastFM_50647,true
mbrainz_4173,lastFM_8651,true
mbrainz_3855,lastFM_8022,true
mbrainz_22311,lastFM_56630,true
mbrainz_1883,lastFM_4205,true
mbrainz_13896,lastFM_30168,true
mbrainz_28371,lastFM_70934,true
mbrainz_15134,lastFM_33286,true
mbrainz_6856,lastFM_14506,true
mbrainz_31064,lastFM_77418,true
mbrainz_22773,lastFM_57754,true
mbrainz_13441,lastFM_29069,true
mbrainz_7844,lastFM_16730,true
mbrainz_14934,lastFM_32803,true
mbrainz_9925,lastFM_21153,true
mbrainz_31537,lastFM_78468,true
mbrainz_33018,lastFM_81836,true
mbrainz_17808,lastFM_42483,true
mbrainz_25605,lastFM_64559,true
mbrainz_8066,lastFM_17212,true
mbrainz_9789,lastFM_20843,true
mbrainz_2984,lastFM_6305,true
mbrainz_27397,lastFM_68560,true
mbrainz_9988,lastFM_21277,true
mbrainz_1483,lastFM_3458,true
mbrainz_498,lastFM_1074,true
mbrainz_3504,lastFM_7331,true
mbrainz_6602,lastFM_13952,true
mbrainz_25918,lastFM_65213,true
mbrainz_175,lastFM_278,true
mbrainz_31283,lastFM_77880,true
mbrainz_4542,lastFM_9364,true
mbrainz_14610,lastFM_31996,true
mbrainz_24150,lastFM_61153,true
mbrainz_25404,lastFM_64060,true
mbrainz_1340,lastFM_3118,true
mbrainz_7775,lastFM_16583,true
mbrainz_21622,lastFM_54774,true
mbrainz_21619,lastFM_54762,true
mbrainz_18840,lastFM_46175,true
mbrainz_20639,lastFM_52020,true
mbrainz_1200,lastFM_2768,true
mbrainz_9069,lastFM_19324,true
mbrainz_13861,lastFM_30070,true
mbrainz_29886,lastFM_74606,true
mbrainz_8158,lastFM_17447,true
mbrainz_2664,lastFM_5666,true
mbrainz_5053,lastFM_10489,true
mbrainz_32195,lastFM_80016,true
mbrainz_7,lastFM_8,true
mbrainz_7703,lastFM_16449,true
mbrainz_15336,lastFM_33726,true
mbrainz_6620,lastFM_13985,true
mbrainz_20518,lastFM_51730,true
mbrainz_6966,lastFM_14780,true
mbrainz_29931,lastFM_74707,true
mbrainz_1762,lastFM_3990,true
mbrainz_27763,lastFM_69557,true
mbrainz_12967,lastFM_27952,true
mbrainz_7309,lastFM_15614,true
mbrainz_6549,lastFM_13837,true
mbrainz_17077,lastFM_39952,true
mbrainz_2256,lastFM_4874,true
mbrainz_11785,lastFM_25306,true
mbrainz_22205,lastFM_56354,true
mbrainz_26105,lastFM_65603,true
mbrainz_12478,lastFM_26873,true
mbrainz_1689,lastFM_3877,true
mbrainz_26920,lastFM_67469,true
mbrainz_17076,lastFM_39950,true
mbrainz_1634,lastFM_3788,true
mbrainz_28926,lastFM_72243,true
mbrainz_2516,lastFM_5371,true
mbrainz_3547,lastFM_7417,true
mbrainz_92,lastFM_122,true
mbrainz_26552,lastFM_66578,true
mbrainz_7167,lastFM_15261,true
mbrainz_12822,lastFM_27616,true
mbrainz_13101,lastFM_28266,true
mbrainz_9996,lastFM_21290,true
mbrainz_4480,lastFM_9238,true
mbrainz_16589,lastFM_38355,true
mbrainz_22267,lastFM_56499,true
mbrainz_1418,lastFM_3288,true
mbrainz_2773,lastFM_5889,true
mbrainz_26626,lastFM_66752,true
mbrainz_8646,lastFM_18421,true
mbrainz_14150,lastFM_30838,true
mbrainz_2708,lastFM_5746,true
mbrainz_20636,lastFM_52017,true
mbrainz_28953,lastFM_72299,true
mbrainz_1916,lastFM_4259,true
mbrainz_5188,lastFM_10823,true
mbrainz_25231,lastFM_63658,true
mbrainz_7076,lastFM_15015,true
mbrainz_5321,lastFM_11137,true
mbrainz_21421,lastFM_54213,true
mbrainz_18891,lastFM_46332,true
mbrainz_8669,lastFM_18482,true
mbrainz_18664,lastFM_45547,true
mbrainz_6693,lastFM_14139,true
mbrainz_2162,lastFM_4697,true
mbrainz_3992,lastFM_8289,true
mbrainz_1496,lastFM_3488,true
mbrainz_5823,lastFM_12283,true
mbrainz_10431,lastFM_22253,true
mbrainz_7643,lastFM_16298,true
mbrainz_1070,lastFM_2479,true
mbrainz_6848,lastFM_14487,true
mbrainz_11263,lastFM_24154,true
mbrainz_5239,lastFM_10922,true
mbrainz_16936,lastFM_39521,true
mbrainz_13586,lastFM_29424,true
mbrainz_7032,lastFM_14924,true
mbrainz_565,lastFM_1241,true
mbrainz_5511,lastFM_11590,true
mbrainz_7321,lastFM_15637,true
mbrainz_5315,lastFM_11122,true
mbrainz_16599,lastFM_38389,true
mbrainz_16922,lastFM_39466,true
mbrainz_13703,lastFM_29702,true
mbrainz_16723,lastFM_38767,true
mbrainz_16161,lastFM_36891,true
mbrainz_18998,lastFM_46685,true
mbrainz_4412,lastFM_9115,true
mbrainz_6539,lastFM_13815,true
mbrainz_4977,lastFM_10319,true
mbrainz_26824,lastFM_67224,true
mbrainz_2680,lastFM_5686,true
mbrainz_359,lastFM_666,true
mbrainz_3919,lastFM_8134,true
mbrainz_2836,lastFM_6011,true
mbrainz_29159,lastFM_72747,true
mbrainz_22914,lastFM_58142,true
mbrainz_2558,lastFM_5444,true
mbrainz_2620,lastFM_5577,true
mbrainz_18402,lastFM_44638,true
mbrainz_24092,lastFM_61012,true
mbrainz_4296,lastFM_8885,true
mbrainz_28695,lastFM_71738,true
mbrainz_2668,lastFM_5670,true
mbrainz_648,lastFM_1506,true
mbrainz_7953,lastFM_16956,true
mbrainz_9299,lastFM_19781,true
mbrainz_10070,lastFM_21449,true
mbrainz_15032,lastFM_33025,true
mbrainz_3841,lastFM_7987,true
mbrainz_8276,lastFM_17706,true
mbrainz_33483,lastFM_82805,true
mbrainz_17729,lastFM_42263,true
mbrainz_12956,lastFM_27930,true
mbrainz_15309,lastFM_33667,true
mbrainz_910,lastFM_2114,true
mbrainz_96,lastFM_128,true
mbrainz_22176,lastFM_56290,true
mbrainz_8566,lastFM_18269,true
mbrainz_24381,lastFM_58003,true
mbrainz_3741,lastFM_7789,true
mbrainz_11928,lastFM_25667,true
mbrainz_2474,lastFM_5276,true
mbrainz_12914,lastFM_27820,true
mbrainz_9048,lastFM_19273,true
mbrainz_20081,lastFM_50546,true
mbrainz_502,lastFM_1103,true
mbrainz_25004,lastFM_63155,true
mbrainz_18812,lastFM_46104,true
mbrainz_25359,lastFM_63954,true
mbrainz_12042,lastFM_25938,true
mbrainz_195,lastFM_329,true
mbrainz_11431,lastFM_24512,true
mbrainz_4110,lastFM_8517,true
mbrainz_18647,lastFM_45469,true
mbrainz_10365,lastFM_22118,true
mbrainz_19744,lastFM_49568,true
mbrainz_14813,lastFM_32494,true
mbrainz_18289,lastFM_39944,true
mbrainz_72,lastFM_94,true
mbrainz_13231,lastFM_28537,true
mbrainz_4838,lastFM_10022,true
mbrainz_7895,lastFM_16836,true
mbrainz_10078,lastFM_21462,true
mbrainz_7275,lastFM_15533,true
mbrainz_20511,lastFM_51706,true
mbrainz_13464,lastFM_29112,true
mbrainz_33241,lastFM_82327,true
mbrainz_3489,lastFM_7308,true
mbrainz_8737,lastFM_18612,true
mbrainz_12,lastFM_16,true
mbrainz_4758,lastFM_9835,true
mbrainz_20785,lastFM_52364,true
mbrainz_33271,lastFM_82385,true
mbrainz_21264,lastFM_53786,true
mbrainz_15506,lastFM_34125,true
mbrainz_21182,lastFM_53568,true
mbrainz_8820,lastFM_18794,true
mbrainz_30756,lastFM_76733,true
mbrainz_24711,lastFM_62517,true
mbrainz_26629,lastFM_66761,true
mbrainz_8083,lastFM_17263,true
mbrainz_24503,lastFM_61997,true
mbrainz_31794,lastFM_79108,true
mbrainz_6179,lastFM_13022,true
mbrainz_7735,lastFM_16503,true
mbrainz_2127,lastFM_4636,true
mbrainz_3694,lastFM_7695,true
mbrainz_23919,lastFM_60575,true
mbrainz_22599,lastFM_57342,true
mbrainz_16409,lastFM_20311,true
mbrainz_4035,lastFM_8383,true
mbrainz_14812,lastFM_32493,true
mbrainz_646,lastFM_1500,true
mbrainz_31707,lastFM_78863,true
mbrainz_24436,lastFM_61837,true
mbrainz_4854,lastFM_10061,true
mbrainz_14029,lastFM_30493,true
mbrainz_2056,lastFM_4517,true
mbrainz_26107,lastFM_65607,true
mbrainz_9599,lastFM_20430,true
mbrainz_94,lastFM_124,true
mbrainz_24245,lastFM_61385,true
mbrainz_255,lastFM_434,true
mbrainz_4033,lastFM_8380,true
mbrainz_1474,lastFM_3442,true
mbrainz_16389,lastFM_37733,true
mbrainz_21802,lastFM_55188,true
mbrainz_15000,lastFM_32947,true
mbrainz_18332,lastFM_44432,true
mbrainz_3105,lastFM_6557,true
mbrainz_12715,lastFM_27396,true
mbrainz_13677,lastFM_29644,true
mbrainz_28262,lastFM_70701,true
mbrainz_49,lastFM_67,true
mbrainz_29117,lastFM_72652,true
mbrainz_13804,lastFM_29942,true
mbrainz_4141,lastFM_8582,true
mbrainz_5596,lastFM_11781,true
mbrainz_24793,lastFM_62689,true
mbrainz_10482,lastFM_22366,true
mbrainz_8751,lastFM_18652,true
mbrainz_21162,lastFM_53505,true
mbrainz_3326,lastFM_6977,true
mbrainz_6056,lastFM_12742,true
mbrainz_9649,lastFM_20530,true
mbrainz_20052,lastFM_50474,true
mbrainz_5431,lastFM_11389,true
mbrainz_18544,lastFM_45129,true
mbrainz_22894,lastFM_58097,true
mbrainz_23128,lastFM_58662,true
mbrainz_2950,lastFM_6226,true
mbrainz_1082,lastFM_2495,true
mbrainz_239,lastFM_414,true
mbrainz_2116,lastFM_4615,true
mbrainz_31676,lastFM_78784,true
mbrainz_5037,lastFM_10460,true
mbrainz_16400,lastFM_37785,true
mbrainz_24830,lastFM_62776,true
mbrainz_1510,lastFM_3516,true
mbrainz_15480,lastFM_34077,true
mbrainz_1331,lastFM_3093,true
mbrainz_5054,lastFM_10490,true
mbrainz_478,lastFM_1002,true
mbrainz_25027,lastFM_63199,true
mbrainz_11469,lastFM_24580,true
mbrainz_3679,lastFM_7657,true
mbrainz_9945,lastFM_21192,true
mbrainz_17696,lastFM_42159,true
mbrainz_22781,lastFM_57765,true
mbrainz_30481,lastFM_76081,true
mbrainz_2155,lastFM_4681,true
mbrainz_10336,lastFM_22051,true
mbrainz_16310,lastFM_37463,true
mbrainz_6530,lastFM_13794,true
mbrainz_8110,lastFM_17337,true
mbrainz_447,lastFM_930,true
mbrainz_10901,lastFM_23350,true
mbrainz_32020,lastFM_79648,true
mbrainz_588,lastFM_1322,true
mbrainz_31124,lastFM_77568,true
mbrainz_9749,lastFM_20755,true
mbrainz_12219,lastFM_26310,true
mbrainz_1887,lastFM_4209,true
mbrainz_1859,lastFM_4169,true
mbrainz_28812,lastFM_71990,true
mbrainz_15566,lastFM_34286,true
mbrainz_1559,lastFM_3640,true
mbrainz_21325,lastFM_53954,true
mbrainz_21750,lastFM_55066,true
mbrainz_17547,lastFM_41632,true
mbrainz_15835,lastFM_35465,true
mbrainz_17009,lastFM_39755,true
mbrainz_25391,lastFM_64028,true
mbrainz_12092,lastFM_26050,true
mbrainz_12182,lastFM_26233,true
mbrainz_20044,lastFM_50456,true
mbrainz_19343,lastFM_47959,true
mbrainz_3318,lastFM_6963,true
mbrainz_8708,lastFM_18556,true
mbrainz_3658,lastFM_7614,true
mbrainz_13079,lastFM_28223,true
mbrainz_9583,lastFM_20388,true
mbrainz_5923,lastFM_12483,true
mbrainz_13330,lastFM_28795,true
mbrainz_22735,lastFM_57674,true
mbrainz_19375,lastFM_48083,true
mbrainz_12979,lastFM_27971,true
mbrainz_25776,lastFM_64867,true
mbrainz_15083,lastFM_33163,true
mbrainz_708,lastFM_1656,true
mbrainz_29574,lastFM_73770,true
mbrainz_7483,lastFM_15992,true
mbrainz_27627,lastFM_69212,true
mbrainz_9120,lastFM_19418,true
mbrainz_6122,lastFM_12873,true
mbrainz_3269,lastFM_6877,true
mbrainz_14691,lastFM_32191,true
mbrainz_4251,lastFM_8800,true
mbrainz_14814,lastFM_32495,true
mbrainz_17928,lastFM_43143,true
mbrainz_11888,lastFM_25564,true
mbrainz_3655,lastFM_7609,true
mbrainz_7168,lastFM_15262,true
mbrainz_21467,lastFM_54346,true
mbrainz_1633,lastFM_3787,true
mbrainz_18444,lastFM_44785,true
mbrainz_9467,lastFM_20137,true
mbrainz_32469,lastFM_80659,true
mbrainz_11815,lastFM_25395,true
mbrainz_23762,lastFM_60225,true
mbrainz_33460,lastFM_82759,true
mbrainz_32963,lastFM_81722,true
mbrainz_26855,lastFM_67301,true
mbrainz_26449,lastFM_66348,true
mbrainz_82,lastFM_108,true
mbrainz_610,lastFM_1394,true
mbrainz_19352,lastFM_48008,true
mbrainz_14922,lastFM_32779,true
mbrainz_26518,lastFM_66492,true
mbrainz_23854,lastFM_60434,true
mbrainz_1466,lastFM_3426,true
mbrainz_15463,lastFM_34037,true
mbrainz_5662,lastFM_11922,true
mbrainz_31208,lastFM_77739,true
mbrainz_83,lastFM_109,true
mbrainz_13493,lastFM_29183,true
mbrainz_16075,lastFM_36523,true
mbrainz_13383,lastFM_28926,true
mbrainz_23850,lastFM_60429,true
mbrainz_16317,lastFM_37495,true
mbrainz_10121,lastFM_21562,true
mbrainz_7048,lastFM_14961,true
mbrainz_11399,lastFM_24445,true
mbrainz_33679,lastFM_83227,true
mbrainz_2101,lastFM_4590,true
mbrainz_8612,lastFM_18358,true
mbrainz_4736,lastFM_9794,true
mbrainz_10025,lastFM_21345,true
mbrainz_32791,lastFM_81341,true
mbrainz_745,lastFM_1755,true
mbrainz_2169,lastFM_4709,true
mbrainz_2916,lastFM_6158,true
mbrainz_5187,lastFM_10822,true
mbrainz_15921,lastFM_35723,true
mbrainz_174,lastFM_277,true
mbrainz_6341,lastFM_13391,true
mbrainz_9221,lastFM_19606,true
mbrainz_30883,lastFM_77044,true
mbrainz_26570,lastFM_66626,true
mbrainz_1588,lastFM_3728,true
mbrainz_30134,lastFM_75263,true
mbrainz_13155,lastFM_28381,true
mbrainz_15843,lastFM_35481,true
mbrainz_27564,lastFM_69064,true
mbrainz_2341,lastFM_5048,true
mbrainz_489,lastFM_1041,true
mbrainz_18615,lastFM_45369,true
mbrainz_6705,lastFM_14159,true
mbrainz_15556,lastFM_34250,true
mbrainz_26807,lastFM_67187,true
mbrainz_29386,lastFM_73282,true
mbrainz_29270,lastFM_72997,true
mbrainz_14672,lastFM_32142,true
mbrainz_9927,lastFM_21160,true
mbrainz_21721,lastFM_55001,true
mbrainz_31267,lastFM_77853,true
mbrainz_31436,lastFM_78226,true
mbrainz_31868,lastFM_79276,true
mbrainz_14593,lastFM_31956,true
mbrainz_6459,lastFM_13630,true
mbrainz_5415,lastFM_11345,true
mbrainz_31774,lastFM_79052,true
mbrainz_20119,lastFM_50655,true
mbrainz_14320,lastFM_31254,true
mbrainz_13627,lastFM_29535,true
mbrainz_16682,lastFM_38629,true
mbrainz_4073,lastFM_8454,true
mbrainz_30,lastFM_40,true
mbrainz_7860,lastFM_16760,true
mbrainz_25043,lastFM_63230,true
mbrainz_27554,lastFM_69031,true
mbrainz_6150,lastFM_12957,true
mbrainz_5792,lastFM_12207,true
mbrainz_6760,lastFM_14281,true
mbrainz_14145,lastFM_30819,true
mbrainz_23401,lastFM_59360,true
mbrainz_26099,lastFM_65591,true
mbrainz_3579,lastFM_7473,true
mbrainz_2899,lastFM_6132,true
mbrainz_13595,lastFM_29443,true
mbrainz_10203,lastFM_21766,true
mbrainz_16828,lastFM_39119,true
mbrainz_10035,lastFM_21375,true
mbrainz_18054,lastFM_43542,true
mbrainz_691,lastFM_1603,true
mbrainz_22096,lastFM_56062,true
mbrainz_1562,lastFM_3645,true
mbrainz_10949,lastFM_23458,true
mbrainz_29816,lastFM_74422,true
mbrainz_15103,lastFM_33219,true
mbrainz_12106,lastFM_26094,true
mbrainz_21318,lastFM_53934,true
mbrainz_23678,lastFM_60026,true
mbrainz_3296,lastFM_6921,true
mbrainz_5219,lastFM_10885,true
mbrainz_7942,lastFM_16936,true
mbrainz_17640,lastFM_41967,true
mbrainz_66,lastFM_88,true
mbrainz_17639,lastFM_41959,true
mbrainz_21213,lastFM_53665,true
mbrainz_21198,lastFM_53612,true
mbrainz_26756,lastFM_67034,true
mbrainz_8645,lastFM_18420,true
mbrainz_31715,lastFM_78877,true
mbrainz_13945,lastFM_30289,true
mbrainz_8137,lastFM_17399,true
mbrainz_1399,lastFM_3252,true
mbrainz_28613,lastFM_71529,true
mbrainz_6153,lastFM_12961,true
mbrainz_5404,lastFM_11320,true
mbrainz_12763,lastFM_27482,true
mbrainz_29291,lastFM_73050,true
mbrainz_33831,lastFM_83591,true
mbrainz_16595,lastFM_38371,true
mbrainz_13437,lastFM_29061,true
mbrainz_8580,lastFM_18298,true
mbrainz_31492,lastFM_78346,true
mbrainz_23682,lastFM_60035,true
mbrainz_15928,lastFM_35744,true
mbrainz_16881,lastFM_39328,true
mbrainz_23640,lastFM_59943,true
mbrainz_21163,lastFM_53507,true
mbrainz_2366,lastFM_5093,true
mbrainz_19991,lastFM_50314,true
mbrainz_10889,lastFM_23319,true
mbrainz_29292,lastFM_73051,true
mbrainz_5424,lastFM_11368,true
mbrainz_4564,lastFM_9401,true
mbrainz_3014,lastFM_6375,true
mbrainz_20177,lastFM_50826,true
mbrainz_14360,lastFM_31398,true
mbrainz_16036,lastFM_36350,true
mbrainz_12297,lastFM_26470,true
mbrainz_523,lastFM_1148,true
mbrainz_9087,lastFM_19350,true
mbrainz_17143,lastFM_40124,true
mbrainz_17217,lastFM_40360,true
mbrainz_20866,lastFM_52591,true
mbrainz_7470,lastFM_15968,true
mbrainz_4804,lastFM_9944,true
mbrainz_18926,lastFM_46450,true
mbrainz_231,lastFM_402,true
mbrainz_29663,lastFM_73999,true
mbrainz_300,lastFM_521,true
mbrainz_15482,lastFM_34083,true
mbrainz_11450,lastFM_24545,true
mbrainz_3664,lastFM_7624,true
mbrainz_25151,lastFM_63484,true
mbrainz_17876,lastFM_42988,true
mbrainz_24408,lastFM_61776,true
mbrainz_3565,lastFM_7445,true
mbrainz_16194,lastFM_36990,true
mbrainz_13374,lastFM_28910,true
mbrainz_28372,lastFM_70941,true
mbrainz_16798,lastFM_39006,true
mbrainz_1165,lastFM_2692,true
mbrainz_131,lastFM_170,true
mbrainz_14758,lastFM_32359,true
mbrainz_6307,lastFM_13307,true
mbrainz_18331,lastFM_44431,true
mbrainz_24956,lastFM_63055,true
mbrainz_21487,lastFM_54408,true
mbrainz_31472,lastFM_78306,true
mbrainz_8792,lastFM_18746,true
mbrainz_6168,lastFM_13001,true
mbrainz_25550,lastFM_64418,true
mbrainz_176,lastFM_282,true
mbrainz_4581,lastFM_9440,true
mbrainz_279,lastFM_479,true
mbrainz_22925,lastFM_58171,true
mbrainz_25264,lastFM_63737,true
mbrainz_7393,lastFM_15800,true
mbrainz_7649,lastFM_16317,true
mbrainz_471,lastFM_991,true
mbrainz_29728,lastFM_74164,true
mbrainz_160,lastFM_225,true
mbrainz_7736,lastFM_16506,true
mbrainz_7247,lastFM_12904,true
mbrainz_11819,lastFM_25404,true
mbrainz_6644,lastFM_14052,true
mbrainz_12847,lastFM_27675,true
mbrainz_9890,lastFM_21088,true
mbrainz_31324,lastFM_77985,true
mbrainz_16842,lastFM_39173,true
mbrainz_15210,lastFM_33467,true
mbrainz_23937,lastFM_60625,true
mbrainz_26219,lastFM_65857,true
mbrainz_15126,lastFM_33277,true
mbrainz_20393,lastFM_51397,true
mbrainz_32927,lastFM_81635,true
mbrainz_4695,lastFM_9688,true
mbrainz_10689,lastFM_22866,true
mbrainz_25656,lastFM_64649,true
mbrainz_10819,lastFM_23177,true
mbrainz_30104,lastFM_75188,true
mbrainz_19663,lastFM_49305,true
mbrainz_6520,lastFM_13773,true
mbrainz_1725,lastFM_3935,true
mbrainz_19628,lastFM_48900,true
mbrainz_19390,lastFM_48143,true
mbrainz_28846,lastFM_72056,true
mbrainz_6546,lastFM_13834,true
mbrainz_593,lastFM_1345,true
mbrainz_20392,lastFM_51395,true
mbrainz_18220,lastFM_44053,true
mbrainz_21551,lastFM_54580,true
mbrainz_3115,lastFM_6582,true
mbrainz_4491,lastFM_9253,true
mbrainz_9063,lastFM_19312,true
mbrainz_2428,lastFM_5182,true
mbrainz_10374,lastFM_22137,true
mbrainz_21876,lastFM_53597,true
mbrainz_427,lastFM_883,true
mbrainz_16961,lastFM_39606,true
mbrainz_29373,lastFM_73246,true
mbrainz_14091,lastFM_30678,true
mbrainz_13699,lastFM_29687,true
mbrainz_3053,lastFM_6451,true
mbrainz_12215,lastFM_26302,true
mbrainz_14171,lastFM_30887,true
mbrainz_13558,lastFM_29353,true
mbrainz_3423,lastFM_7179,true
mbrainz_24743,lastFM_62592,true
mbrainz_2674,lastFM_5678,true
mbrainz_8140,lastFM_17403,true
mbrainz_8376,lastFM_17911,true
mbrainz_26100,lastFM_65592,true
mbrainz_24815,lastFM_62744,true
mbrainz_3085,lastFM_6525,true
mbrainz_25398,lastFM_64046,true
mbrainz_22422,lastFM_56925,true
mbrainz_8371,lastFM_17904,true
mbrainz_2244,lastFM_4848,true
mbrainz_2554,lastFM_5439,true
mbrainz_13253,lastFM_28598,true
mbrainz_21712,lastFM_54964,true
mbrainz_7126,lastFM_15161,true
mbrainz_28141,lastFM_70418,true
mbrainz_2199,lastFM_4764,true
mbrainz_15046,lastFM_33083,true
mbrainz_16368,lastFM_37670,true
mbrainz_8338,lastFM_17842,true
mbrainz_6621,lastFM_13990,true
mbrainz_10379,lastFM_22146,true
mbrainz_16327,lastFM_37535,true
mbrainz_26788,lastFM_67117,true
mbrainz_7738,lastFM_16509,true
mbrainz_7740,lastFM_16515,true
mbrainz_20650,lastFM_52054,true
mbrainz_12446,lastFM_26814,true
mbrainz_4392,lastFM_9076,true
mbrainz_21610,lastFM_54734,true
mbrainz_11022,lastFM_23632,true
mbrainz_17641,lastFM_41969,true
mbrainz_6589,lastFM_13928,true
mbrainz_7486,lastFM_15997,true
mbrainz_6028,lastFM_12685,true
mbrainz_24459,lastFM_61907,true
mbrainz_14218,lastFM_31015,true
mbrainz_4940,lastFM_10255,true
mbrainz_4999,lastFM_10369,true
mbrainz_1163,lastFM_2679,true
mbrainz_7068,lastFM_15001,true
mbrainz_13645,lastFM_29580,true
mbrainz_505,lastFM_1110,true
mbrainz_17113,lastFM_40044,true
mbrainz_611,lastFM_1397,true
mbrainz_19614,lastFM_48868,true
mbrainz_2389,lastFM_5124,true
mbrainz_3809,lastFM_7914,true
mbrainz_9210,lastFM_19584,true
mbrainz_13457,lastFM_29101,true
mbrainz_835,lastFM_1939,true
mbrainz_20926,lastFM_52785,true
mbrainz_26005,lastFM_65406,true
mbrainz_14057,lastFM_30568,true
mbrainz_29127,lastFM_72672,true
mbrainz_12169,lastFM_26212,true
mbrainz_8935,lastFM_19021,true
mbrainz_33542,lastFM_82952,true
mbrainz_10737,lastFM_22967,true
mbrainz_10000,lastFM_21299,true
mbrainz_22480,lastFM_57059,true
mbrainz_21036,lastFM_53144,true
mbrainz_16029,lastFM_36328,true
mbrainz_20978,lastFM_52941,true
mbrainz_2298,lastFM_4965,true
mbrainz_13323,lastFM_28772,true
mbrainz_5998,lastFM_12629,true
mbrainz_18601,lastFM_45316,true
mbrainz_1300,lastFM_3008,true
mbrainz_172,lastFM_273,true
mbrainz_26063,lastFM_65524,true
mbrainz_2807,lastFM_5959,true
mbrainz_350,lastFM_647,true
mbrainz_19553,lastFM_48704,true
mbrainz_28864,lastFM_72095,true
mbrainz_10999,lastFM_23577,true
mbrainz_23760,lastFM_60215,true
mbrainz_15623,lastFM_34448,true
mbrainz_27071,lastFM_67813,true
mbrainz_16334,lastFM_37545,true
mbrainz_30862,lastFM_77001,true
mbrainz_6573,lastFM_13897,true
mbrainz_10613,lastFM_22691,true
mbrainz_7687,lastFM_16420,true
mbrainz_30962,lastFM_77231,true
mbrainz_2,lastFM_2,true
mbrainz_2822,lastFM_5985,true
mbrainz_3774,lastFM_7845,true
mbrainz_9140,lastFM_19463,true
mbrainz_3047,lastFM_6435,true
mbrainz_16376,lastFM_37695,true
mbrainz_5801,lastFM_12227,true
mbrainz_17655,lastFM_42011,true
mbrainz_1196,lastFM_2762,true
mbrainz_21003,lastFM_53023,true
mbrainz_18962,lastFM_46575,true
mbrainz_8260,lastFM_17665,true
mbrainz_4250,lastFM_8798,true
mbrainz_21861,lastFM_55435,true
mbrainz_469,lastFM_988,true
mbrainz_25783,lastFM_64881,true
mbrainz_9273,lastFM_19723,true
mbrainz_12930,lastFM_27859,true
mbrainz_13053,lastFM_28166,true
mbrainz_4234,lastFM_8772,true
mbrainz_4592,lastFM_9458,true
mbrainz_24538,lastFM_62079,true
mbrainz_24398,lastFM_61759,true
mbrainz_7487,lastFM_15999,true
mbrainz_24831,lastFM_62780,true
mbrainz_4266,lastFM_8830,true
mbrainz_6119,lastFM_12869,true
mbrainz_27815,lastFM_69676,true
mbrainz_33344,lastFM_82535,true
mbrainz_17788,lastFM_42449,true
mbrainz_15209,lastFM_33466,true
mbrainz_3524,lastFM_7373,true
mbrainz_18372,lastFM_44539,true
mbrainz_7832,lastFM_16701,true
mbrainz_14413,lastFM_31506,true
mbrainz_13194,lastFM_28461,true
mbrainz_10773,lastFM_23054,true
mbrainz_22166,lastFM_56261,true
mbrainz_8680,lastFM_18500,true
mbrainz_26684,lastFM_66884,true
mbrainz_8350,lastFM_17860,true
mbrainz_1447,lastFM_3361,true
mbrainz_28001,lastFM_70104,true
mbrainz_29262,lastFM_72981,true
mbrainz_30997,lastFM_77296,true
mbrainz_7063,lastFM_14995,true
mbrainz_13590,lastFM_29433,true
mbrainz_2046,lastFM_4499,true
mbrainz_28750,lastFM_71867,true
mbrainz_13133,lastFM_28322,true
mbrainz_11491,lastFM_20132,true
mbrainz_20244,lastFM_51003,true
mbrainz_22710,lastFM_57614,true
mbrainz_9213,lastFM_19594,true
mbrainz_17203,lastFM_40312,true
mbrainz_16349,lastFM_37604,true
mbrainz_20050,lastFM_50471,true
mbrainz_2531,lastFM_5397,true
mbrainz_8335,lastFM_17835,true
mbrainz_839,lastFM_1946,true
mbrainz_31069,lastFM_77441,true
mbrainz_1884,lastFM_4206,true
mbrainz_8427,lastFM_18007,true
mbrainz_8230,lastFM_17609,true
mbrainz_13060,lastFM_28179,true
mbrainz_6562,lastFM_13861,true
mbrainz_28451,lastFM_71120,true
mbrainz_8417,lastFM_17992,true
mbrainz_2593,lastFM_5517,true
mbrainz_25997,lastFM_65388,true
mbrainz_14754,lastFM_32352,true
mbrainz_25434,lastFM_64133,true
mbrainz_2436,lastFM_5200,true
mbrainz_13786,lastFM_29901,true
mbrainz_298,lastFM_518,true
mbrainz_155,lastFM_208,true
mbrainz_13146,lastFM_28351,true
mbrainz_9523,lastFM_20255,true
mbrainz_6140,lastFM_12932,true
mbrainz_1994,lastFM_4408,true
mbrainz_31972,lastFM_79500,true
mbrainz_8759,lastFM_18672,true
mbrainz_25643,lastFM_64618,true
mbrainz_14737,lastFM_32300,true
mbrainz_3889,lastFM_8073,true
mbrainz_10200,lastFM_21762,true
mbrainz_12041,lastFM_25937,true
mbrainz_9133,lastFM_19452,true
mbrainz_30859,lastFM_76996,true
mbrainz_2422,lastFM_5175,true
mbrainz_14452,lastFM_31599,true
mbrainz_16469,lastFM_37990,true
mbrainz_9033,lastFM_19240,true
mbrainz_25919,lastFM_65216,true
mbrainz_1812,lastFM_4071,true
mbrainz_2961,lastFM_6260,true
mbrainz_10188,lastFM_21732,true
mbrainz_30006,lastFM_74906,true
mbrainz_3897,lastFM_8088,true
mbrainz_10066,lastFM_21441,true
mbrainz_9848,lastFM_20983,true
mbrainz_1128,lastFM_2589,true
mbrainz_19250,lastFM_47544,true
mbrainz_8920,lastFM_18981,true
mbrainz_1265,lastFM_2925,true
mbrainz_15563,lastFM_34272,true
mbrainz_17666,lastFM_42054,true
mbrainz_13229,lastFM_28531,true
mbrainz_8857,lastFM_18866,true
mbrainz_9908,lastFM_21122,true
mbrainz_14136,lastFM_30795,true
mbrainz_19396,lastFM_48165,true
mbrainz_32672,lastFM_81121,true
mbrainz_3630,lastFM_7568,true
mbrainz_2670,lastFM_5672,true
mbrainz_20447,lastFM_51524,true
mbrainz_30343,lastFM_75729,true
mbrainz_3023,lastFM_6392,true
mbrainz_16705,lastFM_38696,true
mbrainz_31273,lastFM_77865,true
mbrainz_10813,lastFM_23168,true
mbrainz_18984,lastFM_46623,true
mbrainz_134,lastFM_176,true
mbrainz_16371,lastFM_37674,true
mbrainz_2176,lastFM_4721,true
mbrainz_15886,lastFM_35611,true
mbrainz_656,lastFM_1528,true
mbrainz_23530,lastFM_59690,true
mbrainz_5739,lastFM_12102,true
mbrainz_1885,lastFM_4207,true
mbrainz_30041,lastFM_74985,true
mbrainz_16030,lastFM_36334,true
mbrainz_9730,lastFM_20714,true
mbrainz_7250,lastFM_15470,true
mbrainz_592,lastFM_1342,true
mbrainz_868,lastFM_2023,true
mbrainz_26985,lastFM_67616,true
mbrainz_3001,lastFM_6350,true
mbrainz_116,lastFM_152,true
mbrainz_3961,lastFM_8229,true
mbrainz_50,lastFM_68,true
mbrainz_18831,lastFM_46147,true
mbrainz_8813,lastFM_18786,true
mbrainz_32383,lastFM_80463,true
mbrainz_19119,lastFM_47070,true
mbrainz_1621,lastFM_3773,true
mbrainz_29937,lastFM_74720,true
mbrainz_65,lastFM_87,true
mbrainz_24797,lastFM_62694,true
mbrainz_23204,lastFM_58849,true
mbrainz_20098,lastFM_50594,true
mbrainz_30700,lastFM_76614,true
mbrainz_3068,lastFM_6487,true
mbrainz_17006,lastFM_39747,true
mbrainz_3131,lastFM_6608,true
mbrainz_4549,lastFM_9377,true
mbrainz_20260,lastFM_51031,true
mbrainz_241,lastFM_416,true
mbrainz_1181,lastFM_2728,true
mbrainz_25835,lastFM_65005,true
mbrainz_16086,lastFM_36570,true
mbrainz_4488,lastFM_9246,true
mbrainz_12895,lastFM_27779,true
mbrainz_11900,lastFM_25600,true
mbrainz_22063,lastFM_53159,true
mbrainz_9831,lastFM_20928,true
mbrainz_25817,lastFM_64969,true
mbrainz_20817,lastFM_52468,true
mbrainz_6585,lastFM_13922,true
mbrainz_6799,lastFM_14373,true
mbrainz_6547,lastFM_13835,true
mbrainz_7228,lastFM_15417,true
mbrainz_15452,lastFM_34018,true
mbrainz_4405,lastFM_9102,true
mbrainz_14184,lastFM_30933,true
mbrainz_24596,lastFM_62237,true
mbrainz_13212,lastFM_28498,true
mbrainz_16011,lastFM_36266,true
mbrainz_8380,lastFM_17919,true
mbrainz_1346,lastFM_3134,true
mbrainz_493,lastFM_1056,true
mbrainz_15045,lastFM_33082,true
mbrainz_553,lastFM_1205,true
mbrainz_16571,lastFM_38292,true
mbrainz_12873,lastFM_27735,true
mbrainz_15041,lastFM_33066,true
mbrainz_20148,lastFM_50749,true
mbrainz_7886,lastFM_16821,true
mbrainz_1314,lastFM_3054,true
mbrainz_2816,lastFM_5973,true
mbrainz_30659,lastFM_76507,true
mbrainz_209,lastFM_364,true
mbrainz_9412,lastFM_20010,true
mbrainz_20268,lastFM_51055,true
mbrainz_18954,lastFM_46545,true
mbrainz_19246,lastFM_47536,true
mbrainz_29170,lastFM_72772,true
mbrainz_15649,lastFM_34521,true
mbrainz_3557,lastFM_7430,true
mbrainz_344,lastFM_637,true
mbrainz_12303,lastFM_26487,true
mbrainz_15407,lastFM_33911,true
mbrainz_13652,lastFM_29593,true
mbrainz_10080,lastFM_21469,true
mbrainz_4168,lastFM_8639,true
mbrainz_12555,lastFM_27044,true
mbrainz_17543,lastFM_41616,true
mbrainz_4054,lastFM_8416,true
mbrainz_6256,lastFM_13196,true
mbrainz_20645,lastFM_52043,true
mbrainz_7013,lastFM_14883,true
mbrainz_8664,lastFM_18473,true
mbrainz_8359,lastFM_17881,true
mbrainz_24612,lastFM_62270,true
mbrainz_1148,lastFM_2646,true
mbrainz_3746,lastFM_7807,true
mbrainz_15790,lastFM_35300,true
mbrainz_666,lastFM_1557,true
mbrainz_3337,lastFM_6998,true
mbrainz_10714,lastFM_22918,true
mbrainz_11044,lastFM_23682,true
mbrainz_17778,lastFM_42428,true
mbrainz_27063,lastFM_67785,true
mbrainz_3646,lastFM_7596,true
mbrainz_10692,lastFM_22874,true
mbrainz_27651,lastFM_69270,true
mbrainz_30626,lastFM_76433,true
mbrainz_13952,lastFM_30301,true
mbrainz_28928,lastFM_72248,true
mbrainz_4578,lastFM_9432,true
mbrainz_18214,lastFM_44046,true
mbrainz_21704,lastFM_54946,true
mbrainz_6139,lastFM_12929,true
mbrainz_7062,lastFM_14994,true
mbrainz_8893,lastFM_18922,true
mbrainz_2607,lastFM_5548,true
mbrainz_7572,lastFM_16163,true
mbrainz_12962,lastFM_27941,true
mbrainz_20378,lastFM_51351,true
mbrainz_24149,lastFM_61152,true
mbrainz_2007,lastFM_4423,true
mbrainz_9185,lastFM_19539,true
mbrainz_19290,lastFM_47619,true
mbrainz_111,lastFM_146,true
mbrainz_26262,lastFM_65945,true
mbrainz_18917,lastFM_46426,true
mbrainz_13443,lastFM_29071,true
mbrainz_4091,lastFM_8483,true
mbrainz_21534,lastFM_54517,true
mbrainz_10279,lastFM_21923,true
mbrainz_9668,lastFM_20570,true
mbrainz_7034,lastFM_14926,true
mbrainz_33405,lastFM_82643,true
mbrainz_26294,lastFM_66025,true
mbrainz_8868,lastFM_18881,true
mbrainz_4694,lastFM_9687,true
mbrainz_7870,lastFM_16789,true
mbrainz_1499,lastFM_3495,true
mbrainz_22825,lastFM_57896,true
mbrainz_9652,lastFM_20540,true
mbrainz_2109,lastFM_4599,true
mbrainz_14186,lastFM_30935,true
mbrainz_13618,lastFM_29507,true
mbrainz_31003,lastFM_77305,true
mbrainz_19770,lastFM_49647,true
mbrainz_2753,lastFM_5854,true
mbrainz_370,lastFM_697,true
mbrainz_12309,lastFM_26501,true
mbrainz_10547,lastFM_22519,true
mbrainz_5293,lastFM_11046,true
mbrainz_24842,lastFM_62806,true
mbrainz_15890,lastFM_35629,true
mbrainz_2796,lastFM_5934,true
mbrainz_20193,lastFM_50889,true
mbrainz_20406,lastFM_51423,true
mbrainz_27181,lastFM_68053,true
mbrainz_1158,lastFM_2667,true
mbrainz_3409,lastFM_7151,true
mbrainz_2909,lastFM_6146,true
mbrainz_9791,lastFM_20848,true
mbrainz_1325,lastFM_3075,true
mbrainz_15818,lastFM_35387,true
mbrainz_2071,lastFM_4539,true
mbrainz_11929,lastFM_25668,true
mbrainz_10402,lastFM_22194,true
mbrainz_3255,lastFM_6855,true
mbrainz_16406,lastFM_37803,true
mbrainz_1775,lastFM_4011,true
mbrainz_17001,lastFM_39737,true
mbrainz_27891,lastFM_69851,true
mbrainz_2328,lastFM_5023,true
mbrainz_1353,lastFM_3151,true
mbrainz_32120,lastFM_79841,true
mbrainz_18618,lastFM_45378,true
mbrainz_23106,lastFM_58619,true
mbrainz_7894,lastFM_16835,true
mbrainz_14007,lastFM_30428,true
mbrainz_13103,lastFM_28268,true
mbrainz_24164,lastFM_61186,true
mbrainz_9532,lastFM_20277,true
mbrainz_809,lastFM_1892,true
mbrainz_17944,lastFM_43202,true
mbrainz_13986,lastFM_30378,true
mbrainz_2864,lastFM_6073,true
mbrainz_16712,lastFM_38732,true
mbrainz_697,lastFM_1628,true
mbrainz_2907,lastFM_6144,true
mbrainz_9180,lastFM_19533,true
mbrainz_21595,lastFM_54701,true
mbrainz_30533,lastFM_76226,true
mbrainz_23203,lastFM_58846,true
mbrainz_17086,lastFM_39977,true
mbrainz_18371,lastFM_44534,true
mbrainz_6083,lastFM_12800,true
mbrainz_12865,lastFM_27718,true
mbrainz_3645,lastFM_7595,true
mbrainz_13002,lastFM_28032,true
mbrainz_6342,lastFM_13392,true
mbrainz_20461,lastFM_48581,true
mbrainz_21257,lastFM_53770,true
mbrainz_2399,lastFM_5140,true
mbrainz_1851,lastFM_4150,true
mbrainz_26682,lastFM_66878,true
mbrainz_21986,lastFM_55795,true
mbrainz_11214,lastFM_24050,true
mbrainz_17871,lastFM_42979,true
mbrainz_4421,lastFM_9137,true
mbrainz_1209,lastFM_2789,true
mbrainz_15258,lastFM_33571,true
mbrainz_31518,lastFM_78415,true
mbrainz_1746,lastFM_3961,true
mbrainz_8653,lastFM_18438,true
mbrainz_17263,lastFM_40496,true
mbrainz_20400,lastFM_51410,true
mbrainz_53,lastFM_72,true
mbrainz_14776,lastFM_32403,true
mbrainz_3507,lastFM_7338,true
mbrainz_3470,lastFM_7268,true
mbrainz_16581,lastFM_38323,true
mbrainz_10598,lastFM_22657,true
mbrainz_3618,lastFM_7544,true
mbrainz_3966,lastFM_8236,true
mbrainz_30861,lastFM_77000,true
mbrainz_10145,lastFM_21626,true
mbrainz_8441,lastFM_18033,true
mbrainz_28440,lastFM_71101,true
mbrainz_16657,lastFM_38559,true
mbrainz_26617,lastFM_66723,true
mbrainz_8253,lastFM_17650,true
mbrainz_20466,lastFM_51570,true
mbrainz_27893,lastFM_69853,true
mbrainz_24019,lastFM_60835,true
mbrainz_10345,lastFM_22069,true
mbrainz_6652,lastFM_14063,true
mbrainz_1079,lastFM_2491,true
mbrainz_826,lastFM_1915,true
mbrainz_25263,lastFM_63735,true
mbrainz_13238,lastFM_28562,true
mbrainz_12913,lastFM_27819,true
mbrainz_13427,lastFM_29038,true
mbrainz_233,lastFM_404,true
mbrainz_18315,lastFM_44379,true
mbrainz_849,lastFM_1973,true
mbrainz_25874,lastFM_65112,true
mbrainz_5001,lastFM_10375,true
mbrainz_7696,lastFM_16440,true
mbrainz_142,lastFM_189,true
mbrainz_4445,lastFM_9180,true
mbrainz_26302,lastFM_66040,true
mbrainz_103,lastFM_137,true
mbrainz_1687,lastFM_3875,true
mbrainz_24674,lastFM_62428,true
mbrainz_25955,lastFM_65291,true
mbrainz_1330,lastFM_3091,true
mbrainz_16060,lastFM_36435,true
mbrainz_25375,lastFM_63999,true
mbrainz_33533,lastFM_82921,true
mbrainz_47,lastFM_65,true
mbrainz_29942,lastFM_74740,true
mbrainz_8941,lastFM_19031,true
mbrainz_22847,lastFM_57964,true
mbrainz_24283,lastFM_61480,true
mbrainz_24311,lastFM_61544,true
mbrainz_5567,lastFM_11715,true
mbrainz_28616,lastFM_71533,true
mbrainz_31858,lastFM_79252,true
mbrainz_4957,lastFM_10288,true
mbrainz_14524,lastFM_31779,true
mbrainz_18486,lastFM_44925,true
mbrainz_25862,lastFM_65079,true
mbrainz_2190,lastFM_4750,true
mbrainz_5233,lastFM_10915,true
mbrainz_6884,lastFM_14575,true
mbrainz_449,lastFM_936,true
mbrainz_16582,lastFM_38330,true
mbrainz_16097,lastFM_35987,true
mbrainz_8709,lastFM_18559,true
mbrainz_22396,lastFM_56846,true
mbrainz_8309,lastFM_17778,true
mbrainz_13366,lastFM_28889,true
mbrainz_26544,lastFM_66547,true
mbrainz_15425,lastFM_33965,true
mbrainz_19124,lastFM_47081,true
mbrainz_14245,lastFM_31076,true
mbrainz_24691,lastFM_62478,true
mbrainz_21896,lastFM_55535,true
mbrainz_31192,lastFM_77712,true
mbrainz_25334,lastFM_63878,true
mbrainz_18349,lastFM_44469,true
mbrainz_1194,lastFM_2757,true
mbrainz_10756,lastFM_23009,true
mbrainz_7916,lastFM_16886,true
mbrainz_11606,lastFM_24884,true
mbrainz_8209,lastFM_17555,true
mbrainz_29297,lastFM_73059,true
mbrainz_296,lastFM_516,true
mbrainz_16062,lastFM_36440,true
mbrainz_8617,lastFM_18365,true
mbrainz_15344,lastFM_33751,true
mbrainz_4185,lastFM_8676,true
mbrainz_13665,lastFM_29616,true
mbrainz_7998,lastFM_17072,true
mbrainz_29104,lastFM_72617,true
mbrainz_29773,lastFM_74283,true
mbrainz_14539,lastFM_31817,true
mbrainz_6869,lastFM_14530,true
mbrainz_13120,lastFM_28303,true
mbrainz_3016,lastFM_6378,true
mbrainz_32325,lastFM_80320,true
mbrainz_33188,lastFM_82221,true
mbrainz_3866,lastFM_8041,true
mbrainz_11846,lastFM_25482,true
mbrainz_17945,lastFM_43204,true
mbrainz_24950,lastFM_63042,true
mbrainz_17220,lastFM_40373,true
mbrainz_33181,lastFM_82208,true
mbrainz_10501,lastFM_22411,true
mbrainz_29254,lastFM_72958,true
mbrainz_5338,lastFM_11176,true
mbrainz_21295,lastFM_53871,true
mbrainz_3575,lastFM_7467,true
mbrainz_4779,lastFM_9890,true
mbrainz_26419,lastFM_66293,true
mbrainz_11752,lastFM_25239,true
mbrainz_78,lastFM_102,true
mbrainz_4131,lastFM_8568,true
mbrainz_5175,lastFM_10787,true
mbrainz_19319,lastFM_47673,true
mbrainz_635,lastFM_1473,true
mbrainz_31775,lastFM_29097,true
mbrainz_19923,lastFM_50123,true
mbrainz_22378,lastFM_56803,true
mbrainz_8289,lastFM_17733,true
mbrainz_26345,lastFM_66134,true
mbrainz_18055,lastFM_43547,true
mbrainz_10020,lastFM_21338,true
mbrainz_247,lastFM_425,true
mbrainz_11342,lastFM_24328,true
mbrainz_10209,lastFM_21784,true
mbrainz_15606,lastFM_34405,true
mbrainz_2636,lastFM_5615,true
mbrainz_23867,lastFM_60469,true
mbrainz_10579,lastFM_22607,true
mbrainz_17583,lastFM_41766,true
mbrainz_16423,lastFM_37856,true
mbrainz_9548,lastFM_20315,true
mbrainz_3708,lastFM_7721,true
mbrainz_22237,lastFM_56428,true
mbrainz_4316,lastFM_8926,true
mbrainz_11674,lastFM_25047,true
mbrainz_13085,lastFM_28235,true
mbrainz_1284,lastFM_2972,true
mbrainz_7973,lastFM_17009,true
mbrainz_15439,lastFM_33991,true
mbrainz_15986,lastFM_35875,true
mbrainz_5311,lastFM_11103,true
mbrainz_562,lastFM_1234,true
mbrainz_21629,lastFM_54797,true
mbrainz_387,lastFM_755,true
mbrainz_21454,lastFM_54306,true
mbrainz_999,lastFM_2315,true
mbrainz_31275,lastFM_77867,true
mbrainz_9370,lastFM_19915,true
mbrainz_27122,lastFM_67912,true
mbrainz_3517,lastFM_7356,true
mbrainz_12233,lastFM_26335,true
mbrainz_6933,lastFM_14695,true
mbrainz_9659,lastFM_20553,true
mbrainz_16208,lastFM_37035,true
mbrainz_6315,lastFM_13325,true
mbrainz_23749,lastFM_60183,true
mbrainz_1113,lastFM_2562,true
mbrainz_262,lastFM_444,true
mbrainz_7468,lastFM_15963,true
mbrainz_16103,lastFM_36663,true
mbrainz_4060,lastFM_8423,true
mbrainz_21621,lastFM_54773,true
mbrainz_27878,lastFM_69828,true
mbrainz_19571,lastFM_48777,true
mbrainz_28988,lastFM_72372,true
mbrainz_14427,lastFM_31532,true
mbrainz_54,lastFM_73,true
mbrainz_12940,lastFM_27896,true
mbrainz_6351,lastFM_13406,true
mbrainz_30221,lastFM_75459,true
mbrainz_28626,lastFM_71564,true
mbrainz_3896,lastFM_8086,true
mbrainz_1935,lastFM_4291,true
mbrainz_28635,lastFM_71615,true
mbrainz_4,lastFM_4,true
mbrainz_6319,lastFM_13334,true
mbrainz_11909,lastFM_25621,true
mbrainz_28629,lastFM_71574,true
mbrainz_2090,lastFM_4570,true
mbrainz_2515,lastFM_5365,true
mbrainz_2608,lastFM_5553,true
mbrainz_11337,lastFM_24313,true
mbrainz_16838,lastFM_39161,true
mbrainz_4139,lastFM_8578,true
mbrainz_17834,lastFM_42835,true
mbrainz_3801,lastFM_7895,true
mbrainz_24934,lastFM_63010,true
mbrainz_16187,lastFM_36976,true
mbrainz_18758,lastFM_45903,true
mbrainz_25987,lastFM_65363,true
mbrainz_33235,lastFM_82314,true
mbrainz_26303,lastFM_66042,true
mbrainz_31057,lastFM_77404,true
mbrainz_2200,lastFM_4765,true
mbrainz_2716,lastFM_5768,true
mbrainz_1514,lastFM_3525,true
mbrainz_236,lastFM_410,true
mbrainz_2019,lastFM_4452,true
mbrainz_1501,lastFM_3500,true
mbrainz_11872,lastFM_25536,true
mbrainz_3544,lastFM_7410,true
mbrainz_9055,lastFM_19292,true
mbrainz_4901,lastFM_10164,true
mbrainz_11808,lastFM_25365,true
mbrainz_10951,lastFM_23462,true
mbrainz_17677,lastFM_42085,true
mbrainz_741,lastFM_1745,true
mbrainz_32870,lastFM_81524,true
mbrainz_9680,lastFM_20598,true
mbrainz_10923,lastFM_23406,true
mbrainz_2145,lastFM_4657,true
mbrainz_6976,lastFM_14811,true
mbrainz_6283,lastFM_13258,true
mbrainz_20864,lastFM_52586,true
mbrainz_13416,lastFM_28997,true
mbrainz_8384,lastFM_17928,true
mbrainz_10156,lastFM_21659,true
mbrainz_3459,lastFM_7246,true
mbrainz_22231,lastFM_11312,true
mbrainz_17392,lastFM_14309,true
mbrainz_2870,lastFM_6084,true
mbrainz_1012,lastFM_2344,true
mbrainz_8992,lastFM_19147,true
mbrainz_11537,lastFM_24723,true
mbrainz_4892,lastFM_10140,true
mbrainz_5680,lastFM_11956,true
mbrainz_30169,lastFM_75352,true
mbrainz_8589,lastFM_18318,true
mbrainz_18191,lastFM_43953,true
mbrainz_11353,lastFM_24354,true
mbrainz_17680,lastFM_42091,true
mbrainz_21594,lastFM_54700,true
mbrainz_2717,lastFM_5778,true
mbrainz_17850,lastFM_42892,true
mbrainz_6628,lastFM_14010,true
mbrainz_11359,lastFM_24361,true
mbrainz_19423,lastFM_48287,true
mbrainz_22701,lastFM_57591,true
mbrainz_7940,lastFM_16933,true
mbrainz_1297,lastFM_3000,true
mbrainz_27062,lastFM_67783,true
mbrainz_7508,lastFM_16033,true
mbrainz_1358,lastFM_3162,true
mbrainz_9216,lastFM_19599,true
mbrainz_10839,lastFM_23216,true
mbrainz_1511,lastFM_3518,true
mbrainz_27304,lastFM_68354,true
mbrainz_8963,lastFM_19085,true
mbrainz_11483,lastFM_24609,true
mbrainz_5052,lastFM_10488,true
mbrainz_16275,lastFM_37289,true
mbrainz_2349,lastFM_5060,true
mbrainz_24235,lastFM_61356,true
mbrainz_20922,lastFM_52775,true
mbrainz_3804,lastFM_7905,true
mbrainz_15185,lastFM_33414,true
mbrainz_13623,lastFM_29516,true
mbrainz_10590,lastFM_22634,true
mbrainz_5880,lastFM_12402,true
mbrainz_542,lastFM_1189,true
mbrainz_97,lastFM_129,true
mbrainz_28449,lastFM_71116,true
mbrainz_13530,lastFM_29279,true
mbrainz_6485,lastFM_13677,true
mbrainz_1050,lastFM_2433,true
mbrainz_14703,lastFM_32225,true
mbrainz_18446,lastFM_44789,true
mbrainz_19233,lastFM_47467,true
mbrainz_10826,lastFM_23198,true
mbrainz_5434,lastFM_11395,true
mbrainz_8305,lastFM_17765,true
mbrainz_803,lastFM_1882,true
mbrainz_23041,lastFM_58446,true
mbrainz_12285,lastFM_26446,true
mbrainz_2331,lastFM_5032,true
mbrainz_62,lastFM_82,true
mbrainz_9006,lastFM_19184,true
mbrainz_3019,lastFM_6384,true
mbrainz_2075,lastFM_4546,true
mbrainz_5198,lastFM_10839,true
mbrainz_8635,lastFM_18400,true
mbrainz_1568,lastFM_3678,true
mbrainz_206,lastFM_355,true
mbrainz_27382,lastFM_68528,true
mbrainz_1866,lastFM_4180,true
mbrainz_1654,lastFM_3815,true
mbrainz_15588,lastFM_34355,true
mbrainz_7358,lastFM_15717,true
mbrainz_12946,lastFM_27905,true
mbrainz_7602,lastFM_16216,true
mbrainz_6906,lastFM_14633,true
mbrainz_8994,lastFM_19152,true
mbrainz_22416,lastFM_56909,true
mbrainz_11931,lastFM_25678,true
mbrainz_6257,lastFM_13197,true
mbrainz_7080,lastFM_15027,true
mbrainz_16258,lastFM_37235,true
mbrainz_18388,lastFM_44589,true
mbrainz_10193,lastFM_21741,true
mbrainz_18632,lastFM_45420,true
mbrainz_1844,lastFM_4132,true
mbrainz_4265,lastFM_8828,true
mbrainz_10603,lastFM_22672,true
mbrainz_150,lastFM_201,true
mbrainz_8426,lastFM_18006,true
mbrainz_15122,lastFM_33265,true
mbrainz_4109,lastFM_8515,true
mbrainz_20175,lastFM_50823,true
mbrainz_9116,lastFM_19412,true
mbrainz_21817,lastFM_55267,true
mbrainz_6740,lastFM_14234,true
mbrainz_18448,lastFM_44792,true
mbrainz_10107,lastFM_21535,true
mbrainz_4390,lastFM_9072,true
mbrainz_5067,lastFM_10528,true
mbrainz_7234,lastFM_15436,true
mbrainz_5167,lastFM_10763,true
mbrainz_982,lastFM_2283,true
mbrainz_7084,lastFM_15043,true
mbrainz_17785,lastFM_42440,true
mbrainz_23745,lastFM_60170,true
mbrainz_23681,lastFM_60033,true
mbrainz_1537,lastFM_3580,true
mbrainz_5525,lastFM_11620,true
mbrainz_3065,lastFM_6480,true
mbrainz_12740,lastFM_27434,true
mbrainz_14630,lastFM_32033,true
mbrainz_3651,lastFM_7604,true
mbrainz_1539,lastFM_3584,true
mbrainz_340,lastFM_626,true
mbrainz_15514,lastFM_34141,true
mbrainz_26770,lastFM_67073,true
mbrainz_6078,lastFM_12788,true
mbrainz_9706,lastFM_20677,true
mbrainz_2741,lastFM_5828,true
mbrainz_28153,lastFM_70440,true
mbrainz_15474,lastFM_34063,true
mbrainz_7677,lastFM_16401,true
mbrainz_27204,lastFM_68108,true
mbrainz_662,lastFM_1546,true
mbrainz_2901,lastFM_6134,true
mbrainz_69,lastFM_91,true
mbrainz_22154,lastFM_56226,true
mbrainz_132,lastFM_172,true
mbrainz_22690,lastFM_57547,true
mbrainz_18072,lastFM_43596,true
mbrainz_905,lastFM_2097,true
mbrainz_26853,lastFM_67297,true
mbrainz_25034,lastFM_63213,true
mbrainz_20309,lastFM_51185,true
mbrainz_9768,lastFM_20795,true
mbrainz_25239,lastFM_63674,true
mbrainz_1697,lastFM_3891,true
mbrainz_6907,lastFM_14634,true
mbrainz_833,lastFM_1935,true
mbrainz_33082,lastFM_81975,true
mbrainz_26547,lastFM_66553,true
mbrainz_16282,lastFM_37304,true
mbrainz_30257,lastFM_75539,true
mbrainz_17311,lastFM_40658,true
mbrainz_2662,lastFM_5663,true
mbrainz_30155,lastFM_75308,true
mbrainz_8534,lastFM_18215,true
mbrainz_16690,lastFM_38659,true
mbrainz_6880,lastFM_14564,true
mbrainz_10351,lastFM_22079,true
mbrainz_19636,lastFM_48919,true
mbrainz_6713,lastFM_14182,true
mbrainz_5205,lastFM_10849,true
mbrainz_23284,lastFM_59073,true
mbrainz_12894,lastFM_27777,true
mbrainz_22195,lastFM_56337,true
mbrainz_4641,lastFM_9569,true
mbrainz_32424,lastFM_80558,true
mbrainz_17127,lastFM_40079,true
mbrainz_242,lastFM_417,true
mbrainz_7300,lastFM_15601,true
mbrainz_15752,lastFM_35142,true
mbrainz_19825,lastFM_49808,true
mbrainz_10678,lastFM_22837,true
mbrainz_7273,lastFM_15528,true
mbrainz_20660,lastFM_52073,true
mbrainz_16109,lastFM_36701,true
mbrainz_32765,lastFM_81294,true
mbrainz_23071,lastFM_58527,true
mbrainz_20366,lastFM_51327,true
mbrainz_5960,lastFM_12552,true
mbrainz_26584,lastFM_66647,true
mbrainz_2718,lastFM_5780,true
mbrainz_16405,lastFM_37799,true
mbrainz_17798,lastFM_42470,true
mbrainz_9881,lastFM_21063,true
mbrainz_12436,lastFM_26792,true
mbrainz_17418,lastFM_40998,true
mbrainz_8326,lastFM_17810,true
mbrainz_5387,lastFM_11274,true
mbrainz_8933,lastFM_19013,true
mbrainz_87,lastFM_114,true
mbrainz_19607,lastFM_48854,true
mbrainz_27156,lastFM_67994,true
mbrainz_90,lastFM_119,true
mbrainz_28944,lastFM_72281,true
mbrainz_3610,lastFM_7530,true
mbrainz_30399,lastFM_75880,true
mbrainz_60,lastFM_80,true
mbrainz_6314,lastFM_13323,true
mbrainz_20138,lastFM_50717,true
mbrainz_875,lastFM_2038,true
mbrainz_546,lastFM_1195,true
mbrainz_30588,lastFM_76355,true
mbrainz_9193,lastFM_19551,true
mbrainz_16054,lastFM_36406,true
mbrainz_9521,lastFM_20251,true
mbrainz_25261,lastFM_63731,true
mbrainz_12720,lastFM_27405,true
mbrainz_13688,lastFM_29669,true
mbrainz_20302,lastFM_51167,true
mbrainz_5444,lastFM_11417,true
mbrainz_13717,lastFM_29738,true
mbrainz_12791,lastFM_27544,true
mbrainz_120,lastFM_156,true
mbrainz_6684,lastFM_14121,true
mbrainz_147,lastFM_198,true
mbrainz_11485,lastFM_24612,true
mbrainz_15619,lastFM_34435,true
mbrainz_6207,lastFM_13093,true
mbrainz_23213,lastFM_58877,true
mbrainz_11165,lastFM_23962,true
mbrainz_12226,lastFM_26323,true
mbrainz_19811,lastFM_49756,true
mbrainz_71,lastFM_93,true
mbrainz_21967,lastFM_55730,true
mbrainz_430,lastFM_890,true
mbrainz_407,lastFM_822,true
mbrainz_15359,lastFM_33784,true
mbrainz_4134,lastFM_8572,true
mbrainz_7979,lastFM_17025,true
mbrainz_27136,lastFM_67943,true
mbrainz_3342,lastFM_7016,true
mbrainz_28983,lastFM_72366,true
mbrainz_5879,lastFM_12401,true
mbrainz_13883,lastFM_30133,true
mbrainz_16745,lastFM_38851,true
mbrainz_10268,lastFM_21904,true
mbrainz_8365,lastFM_17891,true
mbrainz_33822,lastFM_83571,true
mbrainz_14013,lastFM_30445,true
mbrainz_28230,lastFM_70612,true
mbrainz_13316,lastFM_28757,true
mbrainz_17839,lastFM_42855,true
mbrainz_21762,lastFM_55090,true
mbrainz_2412,lastFM_5164,true
mbrainz_5290,lastFM_11039,true
mbrainz_26890,lastFM_67390,true
mbrainz_11878,lastFM_25549,true
mbrainz_30449,lastFM_76014,true
mbrainz_1293,lastFM_2994,true
mbrainz_10599,lastFM_22659,true
mbrainz_7408,lastFM_15824,true
mbrainz_23260,lastFM_59010,true
mbrainz_12899,lastFM_27790,true
mbrainz_4818,lastFM_9975,true
mbrainz_13524,lastFM_29267,true
mbrainz_2722,lastFM_5791,true
mbrainz_13502,lastFM_29209,true
mbrainz_2789,lastFM_5923,true
mbrainz_9877,lastFM_21055,true
mbrainz_21064,lastFM_53235,true
mbrainz_15263,lastFM_33581,true
mbrainz_18090,lastFM_43640,true
mbrainz_23956,lastFM_60674,true
mbrainz_1270,lastFM_2944,true
mbrainz_4599,lastFM_9476,true
mbrainz_872,lastFM_2033,true
mbrainz_10240,lastFM_21850,true
mbrainz_3291,lastFM_6915,true
mbrainz_23557,lastFM_59772,true
mbrainz_18440,lastFM_44763,true
mbrainz_23596,lastFM_59844,true
mbrainz_18518,lastFM_45052,true
mbrainz_17160,lastFM_40176,true
mbrainz_5019,lastFM_10423,true
mbrainz_13725,lastFM_29755,true
mbrainz_11264,lastFM_24155,true
mbrainz_3815,lastFM_7923,true
mbrainz_7932,lastFM_16918,true
mbrainz_33131,lastFM_82083,true
mbrainz_12333,lastFM_26566,true
mbrainz_24059,lastFM_60932,true
mbrainz_306,lastFM_538,true
mbrainz_24833,lastFM_62782,true
mbrainz_16825,lastFM_39111,true
mbrainz_8936,lastFM_19022,true
mbrainz_14597,lastFM_31968,true
mbrainz_31735,lastFM_78932,true
mbrainz_11114,lastFM_23837,true
mbrainz_891,lastFM_2071,true
mbrainz_18935,lastFM_46479,true
mbrainz_25618,lastFM_64580,true
mbrainz_20418,lastFM_51455,true
mbrainz_8886,lastFM_18905,true
mbrainz_14100,lastFM_30695,true
mbrainz_21505,lastFM_54457,true
mbrainz_22010,lastFM_55852,true
mbrainz_25443,lastFM_64159,true
mbrainz_5701,lastFM_12017,true
mbrainz_9790,lastFM_20844,true
mbrainz_5566,lastFM_11713,true
mbrainz_14727,lastFM_32282,true
mbrainz_488,lastFM_1037,true
mbrainz_573,lastFM_1264,true
mbrainz_21943,lastFM_55673,true
mbrainz_6026,lastFM_12682,true
mbrainz_15586,lastFM_34351,true
mbrainz_28858,lastFM_72083,true
mbrainz_4066,lastFM_8442,true
mbrainz_19322,lastFM_47678,true
mbrainz_9817,lastFM_20900,true
mbrainz_9452,lastFM_20104,true
mbrainz_16057,lastFM_36426,true
mbrainz_12155,lastFM_26183,true
mbrainz_20486,lastFM_51628,true
mbrainz_91,lastFM_120,true
mbrainz_8528,lastFM_18208,true
mbrainz_4506,lastFM_9281,true
mbrainz_13364,lastFM_28886,true
mbrainz_11333,lastFM_24290,true
mbrainz_22047,lastFM_55943,true
mbrainz_9716,lastFM_20690,true
mbrainz_19858,lastFM_49922,true
mbrainz_10074,lastFM_21454,true
mbrainz_1188,lastFM_2742,true
mbrainz_3879,lastFM_8057,true
mbrainz_6100,lastFM_12829,true
mbrainz_21294,lastFM_53870,true
mbrainz_16498,lastFM_38087,true
mbrainz_27764,lastFM_69561,true
mbrainz_29947,lastFM_74752,true
mbrainz_2261,lastFM_4882,true
mbrainz_11172,lastFM_23972,true
mbrainz_21132,lastFM_53437,true
mbrainz_5091,lastFM_10587,true
mbrainz_14594,lastFM_31957,true
mbrainz_29510,lastFM_73597,true
mbrainz_27555,lastFM_69035,true
mbrainz_24364,lastFM_61669,true
mbrainz_8191,lastFM_17523,true
mbrainz_29030,lastFM_72465,true
mbrainz_5391,lastFM_11283,true
mbrainz_11748,lastFM_25221,true
mbrainz_2105,lastFM_4594,true
mbrainz_16160,lastFM_36889,true
mbrainz_7299,lastFM_15597,true
mbrainz_789,lastFM_1851,true
mbrainz_9387,lastFM_19952,true
mbrainz_3509,lastFM_7341,true
mbrainz_25676,lastFM_64688,true
mbrainz_8051,lastFM_17186,true
mbrainz_30085,lastFM_75145,true
mbrainz_4211,lastFM_8730,true
mbrainz_6497,lastFM_13715,true
mbrainz_5920,lastFM_12476,true
mbrainz_12290,lastFM_26453,true
mbrainz_22973,lastFM_58292,true
mbrainz_12254,lastFM_26390,true
mbrainz_7796,lastFM_16635,true
mbrainz_25706,lastFM_40948,true
mbrainz_102,lastFM_134,true
mbrainz_1981,lastFM_4379,true
mbrainz_20164,lastFM_50790,true
mbrainz_2603,lastFM_5535,true
mbrainz_20987,lastFM_52973,true
mbrainz_6891,lastFM_14591,true
mbrainz_14036,lastFM_30509,true
mbrainz_9903,lastFM_21108,true
mbrainz_7479,lastFM_15983,true
mbrainz_9062,lastFM_19310,true
mbrainz_21119,lastFM_53393,true
mbrainz_4374,lastFM_9039,true
mbrainz_8031,lastFM_17138,true
mbrainz_7206,lastFM_15364,true
mbrainz_11345,lastFM_24333,true
mbrainz_29316,lastFM_73108,true
mbrainz_24514,lastFM_62020,true
mbrainz_10391,lastFM_22174,true
mbrainz_27902,lastFM_69888,true
mbrainz_4683,lastFM_9662,true
mbrainz_18358,lastFM_44496,true
mbrainz_31032,lastFM_77358,true
mbrainz_25816,lastFM_64968,true
mbrainz_14782,lastFM_32420,true
mbrainz_3021,lastFM_6388,true
mbrainz_7456,lastFM_15940,true
mbrainz_23527,lastFM_59686,true
mbrainz_7457,lastFM_15941,true
mbrainz_26566,lastFM_66616,true
mbrainz_5259,lastFM_10967,true
mbrainz_9118,lastFM_19415,true
mbrainz_8788,lastFM_18735,true
mbrainz_1145,lastFM_2639,true
mbrainz_18314,lastFM_44374,true
mbrainz_569,lastFM_1253,true
mbrainz_32241,lastFM_80122,true
mbrainz_11085,lastFM_23767,true
mbrainz_1240,lastFM_2863,true
mbrainz_5936,lastFM_12507,true
mbrainz_17122,lastFM_40062,true
mbrainz_18169,lastFM_43894,true
mbrainz_830,lastFM_1923,true
mbrainz_3669,lastFM_7632,true
mbrainz_28702,lastFM_71752,true
mbrainz_11648,lastFM_24979,true
mbrainz_9854,lastFM_21005,true
mbrainz_5210,lastFM_10857,true
mbrainz_2368,lastFM_5096,true
mbrainz_21256,lastFM_53769,true
mbrainz_13662,lastFM_29610,true
mbrainz_2997,lastFM_6340,true
mbrainz_11858,lastFM_25508,true
mbrainz_18060,lastFM_43560,true
mbrainz_1600,lastFM_3745,true
mbrainz_12746,lastFM_27447,true
mbrainz_4952,lastFM_10277,true
mbrainz_33564,lastFM_83004,true
mbrainz_12216,lastFM_26303,true
mbrainz_17712,lastFM_42212,true
mbrainz_17466,lastFM_41102,true
mbrainz_10428,lastFM_22244,true
mbrainz_9085,lastFM_19346,true
mbrainz_312,lastFM_548,true
mbrainz_29246,lastFM_72936,true
mbrainz_445,lastFM_924,true
mbrainz_6523,lastFM_13777,true
mbrainz_31745,lastFM_78966,true
mbrainz_6527,lastFM_13785,true
mbrainz_24480,lastFM_61949,true
mbrainz_371,lastFM_699,true
mbrainz_3614,lastFM_7537,true
mbrainz_5914,lastFM_12468,true
mbrainz_253,lastFM_432,true
mbrainz_22029,lastFM_55910,true
mbrainz_12653,lastFM_27273,true
mbrainz_22699,lastFM_57572,true
mbrainz_14153,lastFM_30843,true
mbrainz_5978,lastFM_12582,true
mbrainz_3686,lastFM_7673,true
mbrainz_11773,lastFM_25279,true
mbrainz_6614,lastFM_13975,true
mbrainz_315,lastFM_561,true
mbrainz_10119,lastFM_21556,true
mbrainz_30384,lastFM_75833,true
mbrainz_30337,lastFM_75715,true
mbrainz_22655,lastFM_57478,true
mbrainz_3779,lastFM_7857,true
mbrainz_26021,lastFM_65435,true
mbrainz_27326,lastFM_68400,true
mbrainz_4492,lastFM_9254,true
mbrainz_4310,lastFM_8915,true
mbrainz_3924,lastFM_8141,true
mbrainz_18543,lastFM_45128,true
mbrainz_3103,lastFM_6553,true
mbrainz_19567,lastFM_48749,true
mbrainz_11594,lastFM_24849,true
mbrainz_14836,lastFM_32543,true
mbrainz_16219,lastFM_37061,true
mbrainz_3725,lastFM_7754,true
