id1,id2,score,is_correct,classification
mbrainz_1,lastFM_1,1.0,False,FP
mbrainz_891,lastFM_2071,1.0,False,FP
mbrainz_13703,lastFM_29702,1.0,False,FP
mbrainz_13703,lastFM_70995,1.0,False,FP
mbrainz_1687,lastFM_3875,1.0,False,FP
mbrainz_4163,lastFM_8633,1.0,False,FP
mbrainz_6162,lastFM_12988,1.0,False,FP
mbrainz_9474,lastFM_20146,1.0,False,FP
mbrainz_14271,lastFM_31131,1.0,True,TP
mbrainz_29728,lastFM_74164,1.0,False,FP
mbrainz_47,lastFM_65,1.0,False,FP
mbrainz_54,lastFM_73,1.0,False,FP
mbrainz_193,lastFM_327,1.0,False,FP
mbrainz_296,lastFM_516,1.0,False,FP
mbrainz_340,lastFM_626,1.0,False,FP
mbrainz_536,lastFM_1179,1.0,False,FP
mbrainz_745,lastFM_1755,1.0,False,FP
mbrainz_760,lastFM_1787,1.0,False,FP
mbrainz_833,lastFM_1935,1.0,False,FP
mbrainz_1164,lastFM_2690,1.0,True,TP
mbrainz_1286,lastFM_2978,1.0,False,FP
mbrainz_1725,lastFM_3935,1.0,False,FP
mbrainz_1887,lastFM_4209,1.0,False,FP
mbrainz_1990,lastFM_4403,1.0,False,FP
mbrainz_2428,lastFM_5182,1.0,False,FP
mbrainz_2511,lastFM_5358,1.0,False,FP
mbrainz_2812,lastFM_5966,1.0,False,FP
mbrainz_2864,lastFM_6073,1.0,False,FP
mbrainz_3299,lastFM_6927,1.0,False,FP
mbrainz_4131,lastFM_8568,1.0,False,FP
mbrainz_4134,lastFM_8572,1.0,False,FP
mbrainz_4279,lastFM_8853,1.0,False,FP
mbrainz_4489,lastFM_9247,1.0,False,FP
mbrainz_4809,lastFM_9959,1.0,False,FP
mbrainz_4858,lastFM_10069,1.0,True,TP
mbrainz_4966,lastFM_10307,1.0,False,FP
mbrainz_5097,lastFM_10597,1.0,False,FP
mbrainz_5233,lastFM_10915,1.0,False,FP
mbrainz_5415,lastFM_11345,1.0,False,FP
mbrainz_5575,lastFM_11727,1.0,False,FP
mbrainz_6028,lastFM_12685,1.0,True,TP
mbrainz_6578,lastFM_13911,1.0,False,FP
mbrainz_6855,lastFM_14501,1.0,True,TP
mbrainz_7049,lastFM_14962,1.0,False,FP
mbrainz_7084,lastFM_15043,1.0,False,FP
mbrainz_7270,lastFM_15523,1.0,False,FP
mbrainz_8140,lastFM_17403,1.0,False,FP
mbrainz_8177,lastFM_17495,1.0,False,FP
mbrainz_8376,lastFM_17911,1.0,False,FP
mbrainz_8441,lastFM_18033,1.0,False,FP
mbrainz_8792,lastFM_18746,1.0,False,FP
mbrainz_8936,lastFM_19022,1.0,False,FP
mbrainz_9536,lastFM_20282,1.0,True,TP
mbrainz_9659,lastFM_20553,1.0,False,FP
mbrainz_9730,lastFM_20714,1.0,True,TP
mbrainz_9827,lastFM_20923,1.0,False,FP
mbrainz_9912,lastFM_21133,1.0,False,FP
mbrainz_10253,lastFM_21874,1.0,False,FP
mbrainz_10593,lastFM_22641,1.0,False,FP
mbrainz_10633,lastFM_22724,1.0,False,FP
mbrainz_11165,lastFM_23962,1.0,False,FP
mbrainz_11337,lastFM_24313,1.0,False,FP
mbrainz_11775,lastFM_25281,1.0,False,FP
mbrainz_12746,lastFM_27447,1.0,False,FP
mbrainz_13836,lastFM_30022,1.0,False,FP
mbrainz_14040,lastFM_30514,1.0,False,FP
mbrainz_14150,lastFM_30838,1.0,False,FP
mbrainz_14593,lastFM_31956,1.0,True,TP
mbrainz_15041,lastFM_33066,1.0,False,FP
mbrainz_15737,lastFM_35085,1.0,False,FP
mbrainz_15831,lastFM_35447,1.0,True,TP
mbrainz_16043,lastFM_36371,1.0,False,FP
mbrainz_16161,lastFM_36891,1.0,False,FP
mbrainz_16219,lastFM_37061,1.0,False,FP
mbrainz_16285,lastFM_37339,1.0,True,TP
mbrainz_16851,lastFM_39210,1.0,False,FP
mbrainz_17264,lastFM_40503,1.0,False,FP
mbrainz_17658,lastFM_42022,1.0,False,FP
mbrainz_17785,lastFM_42440,1.0,False,FP
mbrainz_18051,lastFM_43528,1.0,False,FP
mbrainz_18079,lastFM_7247,1.0,False,FP
mbrainz_18090,lastFM_43640,1.0,False,FP
mbrainz_18314,lastFM_44374,1.0,False,FP
mbrainz_18446,lastFM_44789,1.0,False,FP
mbrainz_18601,lastFM_45316,1.0,False,FP
mbrainz_18632,lastFM_45420,1.0,False,FP
mbrainz_18647,lastFM_45469,1.0,False,FP
mbrainz_18812,lastFM_46104,1.0,True,TP
mbrainz_18974,lastFM_46606,1.0,False,FP
mbrainz_19317,lastFM_47671,1.0,False,FP
mbrainz_19343,lastFM_47959,1.0,True,TP
mbrainz_19496,lastFM_48518,1.0,False,FP
mbrainz_19571,lastFM_48777,1.0,False,FP
mbrainz_19811,lastFM_49756,1.0,False,FP
mbrainz_20209,lastFM_50931,1.0,True,TP
mbrainz_20291,lastFM_51143,1.0,False,FP
mbrainz_20486,lastFM_51628,1.0,False,FP
mbrainz_20856,lastFM_52562,1.0,True,TP
mbrainz_20987,lastFM_52973,1.0,False,FP
mbrainz_21030,lastFM_53111,1.0,True,TP
mbrainz_21595,lastFM_54701,1.0,False,FP
mbrainz_21750,lastFM_55066,1.0,True,TP
mbrainz_23041,lastFM_58446,1.0,False,FP
mbrainz_23937,lastFM_60625,1.0,False,FP
mbrainz_23986,lastFM_60765,1.0,True,TP
mbrainz_24059,lastFM_60932,1.0,True,TP
mbrainz_24765,lastFM_62631,1.0,False,FP
mbrainz_26063,lastFM_65524,1.0,True,TP
mbrainz_26137,lastFM_65684,1.0,False,FP
mbrainz_26552,lastFM_66578,1.0,False,FP
mbrainz_26566,lastFM_66616,1.0,False,FP
mbrainz_26985,lastFM_67616,1.0,True,TP
mbrainz_27835,lastFM_69727,1.0,True,TP
mbrainz_28371,lastFM_70934,1.0,False,FP
mbrainz_28437,lastFM_71098,1.0,False,FP
mbrainz_28870,lastFM_72113,1.0,False,FP
mbrainz_29534,lastFM_73651,1.0,False,FP
mbrainz_30996,lastFM_77295,1.0,False,FP
mbrainz_31039,lastFM_77368,1.0,False,FP
mbrainz_31057,lastFM_77404,1.0,False,FP
mbrainz_31666,lastFM_78755,1.0,True,TP
mbrainz_31707,lastFM_78863,1.0,False,FP
mbrainz_32460,lastFM_80640,1.0,True,TP
mbrainz_33692,lastFM_83263,1.0,False,FP
mbrainz_2,lastFM_2,1.0,False,FP
mbrainz_212,lastFM_368,1.0,False,FP
mbrainz_355,lastFM_368,1.0,False,FP
mbrainz_2530,lastFM_5395,1.0,False,FP
mbrainz_16086,lastFM_36570,1.0,True,TP
mbrainz_18999,lastFM_46690,1.0,True,TP
mbrainz_21704,lastFM_54946,1.0,False,FP
mbrainz_21861,lastFM_55435,1.0,False,FP
mbrainz_27368,lastFM_68505,1.0,False,FP
mbrainz_7508,lastFM_16033,1.0,True,TP
mbrainz_5110,lastFM_10624,1.0,False,FP
mbrainz_9872,lastFM_21042,1.0,False,FP
mbrainz_13986,lastFM_30378,1.0,True,TP
mbrainz_28864,lastFM_72095,1.0,False,FP
mbrainz_29030,lastFM_72465,1.0,True,TP
mbrainz_20178,lastFM_50829,1.0,True,TP
mbrainz_1081,lastFM_2494,1.0,False,FP
mbrainz_5434,lastFM_11395,1.0,False,FP
mbrainz_28403,lastFM_71019,1.0,False,FP
mbrainz_1499,lastFM_3495,1.0,False,FP
mbrainz_2636,lastFM_5615,1.0,False,FP
mbrainz_3825,lastFM_7945,1.0,True,TP
mbrainz_4957,lastFM_10288,1.0,False,FP
mbrainz_6056,lastFM_12742,1.0,False,FP
mbrainz_6756,lastFM_62335,1.0,False,FP
mbrainz_7144,lastFM_15206,1.0,False,FP
mbrainz_7432,lastFM_15894,1.0,False,FP
mbrainz_7432,lastFM_62335,1.0,False,FP
mbrainz_8359,lastFM_17881,1.0,False,FP
mbrainz_10450,lastFM_51924,1.0,False,FP
mbrainz_10969,lastFM_23498,1.0,False,FP
mbrainz_11793,lastFM_25323,1.0,False,FP
mbrainz_14733,lastFM_32295,1.0,False,FP
mbrainz_15867,lastFM_35554,1.0,False,FP
mbrainz_16828,lastFM_39119,1.0,False,FP
mbrainz_17547,lastFM_41632,1.0,False,FP
mbrainz_17680,lastFM_42091,1.0,False,FP
mbrainz_18516,lastFM_45043,1.0,False,FP
mbrainz_19124,lastFM_47081,1.0,False,FP
mbrainz_20175,lastFM_50823,1.0,True,TP
mbrainz_22929,lastFM_58179,1.0,False,FP
mbrainz_24934,lastFM_63010,1.0,False,FP
mbrainz_25400,lastFM_64052,1.0,False,FP
mbrainz_25545,lastFM_64401,1.0,True,TP
mbrainz_26005,lastFM_65406,1.0,True,TP
mbrainz_26807,lastFM_67187,1.0,False,FP
mbrainz_28868,lastFM_72107,1.0,False,FP
mbrainz_2822,lastFM_5985,1.0,False,FP
mbrainz_27156,lastFM_67994,1.0,False,FP
mbrainz_30861,lastFM_77000,1.0,False,FP
mbrainz_4307,lastFM_8909,1.0,False,FP
mbrainz_8935,lastFM_19021,1.0,False,FP
mbrainz_16075,lastFM_36523,1.0,True,TP
mbrainz_18368,lastFM_44518,1.0,True,TP
mbrainz_25391,lastFM_64028,1.0,True,TP
mbrainz_25550,lastFM_64418,1.0,False,FP
mbrainz_33018,lastFM_81836,1.0,False,FP
mbrainz_4,lastFM_4,1.0,False,FP
mbrainz_71,lastFM_93,1.0,False,FP
mbrainz_131,lastFM_170,1.0,False,FP
mbrainz_2593,lastFM_5517,1.0,False,FP
mbrainz_4176,lastFM_8657,1.0,False,FP
mbrainz_4460,lastFM_9204,1.0,False,FP
mbrainz_4977,lastFM_10319,1.0,False,FP
mbrainz_5184,lastFM_10816,1.0,True,TP
mbrainz_5250,lastFM_10951,1.0,False,FP
mbrainz_6139,lastFM_12929,1.0,False,FP
mbrainz_6334,lastFM_13371,1.0,False,FP
mbrainz_6520,lastFM_13773,1.0,False,FP
mbrainz_6884,lastFM_5783,1.0,False,FP
mbrainz_6884,lastFM_14575,1.0,False,FP
mbrainz_6884,lastFM_76688,1.0,False,FP
mbrainz_7369,lastFM_15751,1.0,True,TP
mbrainz_8365,lastFM_17891,1.0,False,FP
mbrainz_8365,lastFM_21637,1.0,False,FP
mbrainz_8408,lastFM_17968,1.0,True,TP
mbrainz_8886,lastFM_18905,1.0,False,FP
mbrainz_9011,lastFM_19189,1.0,False,FP
mbrainz_9706,lastFM_20677,1.0,False,FP
mbrainz_10121,lastFM_21562,1.0,True,TP
mbrainz_11467,lastFM_24575,1.0,False,FP
mbrainz_11674,lastFM_25047,1.0,False,FP
mbrainz_11825,lastFM_25421,1.0,False,FP
mbrainz_12443,lastFM_26807,1.0,False,FP
mbrainz_12478,lastFM_26873,1.0,False,FP
mbrainz_13645,lastFM_29580,1.0,True,TP
mbrainz_14563,lastFM_31880,1.0,False,FP
mbrainz_15580,lastFM_34327,1.0,True,TP
mbrainz_15891,lastFM_35630,1.0,False,FP
mbrainz_16838,lastFM_39161,1.0,False,FP
mbrainz_17641,lastFM_41969,1.0,True,TP
mbrainz_17739,lastFM_42294,1.0,False,FP
mbrainz_18378,lastFM_44562,1.0,False,FP
mbrainz_22292,lastFM_56574,1.0,False,FP
mbrainz_22925,lastFM_58171,1.0,False,FP
mbrainz_23213,lastFM_58877,1.0,False,FP
mbrainz_23807,lastFM_60335,1.0,False,FP
mbrainz_25557,lastFM_64432,1.0,False,FP
mbrainz_28342,lastFM_70864,1.0,True,TP
mbrainz_28812,lastFM_14575,1.0,False,FP
mbrainz_28812,lastFM_71990,1.0,True,TP
mbrainz_28812,lastFM_76688,1.0,False,FP
mbrainz_29973,lastFM_74828,1.0,False,FP
mbrainz_30533,lastFM_76226,1.0,True,TP
mbrainz_33831,lastFM_83591,1.0,False,FP
mbrainz_2902,lastFM_6135,1.0,False,FP
mbrainz_15453,lastFM_34019,1.0,False,FP
mbrainz_33082,lastFM_81975,1.0,False,FP
mbrainz_5737,lastFM_12100,1.0,False,FP
mbrainz_6584,lastFM_13921,1.0,True,TP
mbrainz_14630,lastFM_32033,1.0,False,FP
mbrainz_16299,lastFM_37411,1.0,False,FP
mbrainz_7486,lastFM_15997,1.0,False,FP
mbrainz_23867,lastFM_60469,1.0,True,TP
mbrainz_1557,lastFM_3631,1.0,True,TP
mbrainz_17006,lastFM_39747,1.0,False,FP
mbrainz_23106,lastFM_58619,1.0,False,FP
mbrainz_32251,lastFM_80143,1.0,False,FP
mbrainz_7,lastFM_8,1.0,False,FP
mbrainz_41,lastFM_55,1.0,True,TP
mbrainz_96,lastFM_128,1.0,False,FP
mbrainz_532,lastFM_1165,1.0,False,FP
mbrainz_875,lastFM_2038,1.0,False,FP
mbrainz_1082,lastFM_2495,1.0,True,TP
mbrainz_1514,lastFM_3525,1.0,True,TP
mbrainz_3537,lastFM_7392,1.0,False,FP
mbrainz_3841,lastFM_7987,1.0,False,FP
mbrainz_4592,lastFM_9458,1.0,False,FP
mbrainz_6684,lastFM_14121,1.0,False,FP
mbrainz_7228,lastFM_15417,1.0,False,FP
mbrainz_7528,lastFM_16072,1.0,True,TP
mbrainz_7917,lastFM_16887,1.0,False,FP
mbrainz_9592,lastFM_20416,1.0,False,FP
mbrainz_10238,lastFM_21845,1.0,True,TP
mbrainz_10624,lastFM_22709,1.0,False,FP
mbrainz_10826,lastFM_23198,1.0,False,FP
mbrainz_11436,lastFM_24522,1.0,False,FP
mbrainz_11974,lastFM_25766,1.0,True,TP
mbrainz_12505,lastFM_26923,1.0,True,TP
mbrainz_12916,lastFM_27823,1.0,False,FP
mbrainz_13341,lastFM_28822,1.0,False,FP
mbrainz_14661,lastFM_32111,1.0,False,FP
mbrainz_14852,lastFM_32579,1.0,True,TP
mbrainz_15213,lastFM_21587,1.0,False,FP
mbrainz_16282,lastFM_37304,1.0,False,FP
mbrainz_18469,lastFM_44878,1.0,True,TP
mbrainz_19871,lastFM_49954,1.0,False,FP
mbrainz_21256,lastFM_53769,1.0,False,FP
mbrainz_21620,lastFM_54763,1.0,False,FP
mbrainz_21862,lastFM_55438,1.0,False,FP
mbrainz_22267,lastFM_56499,1.0,True,TP
mbrainz_23836,lastFM_60405,1.0,False,FP
mbrainz_23919,lastFM_60575,1.0,False,FP
mbrainz_25792,lastFM_64903,1.0,True,TP
mbrainz_25906,lastFM_65189,1.0,False,FP
mbrainz_27773,lastFM_69577,1.0,False,FP
mbrainz_28051,lastFM_70213,1.0,False,FP
mbrainz_29117,lastFM_72652,1.0,False,FP
mbrainz_30648,lastFM_76477,1.0,False,FP
mbrainz_33501,lastFM_82848,1.0,False,FP
mbrainz_33585,lastFM_83037,1.0,False,FP
mbrainz_3469,lastFM_7267,1.0,False,FP
mbrainz_12174,lastFM_26220,1.0,False,FP
mbrainz_111,lastFM_146,1.0,False,FP
mbrainz_674,lastFM_1572,1.0,False,FP
mbrainz_1586,lastFM_3724,1.0,False,FP
mbrainz_1845,lastFM_4133,1.0,True,TP
mbrainz_3646,lastFM_7596,1.0,True,TP
mbrainz_4641,lastFM_9569,1.0,True,TP
mbrainz_6173,lastFM_13011,1.0,False,FP
mbrainz_6713,lastFM_14182,1.0,False,FP
mbrainz_7986,lastFM_17042,1.0,True,TP
mbrainz_9063,lastFM_19312,1.0,True,TP
mbrainz_10904,lastFM_23359,1.0,False,FP
mbrainz_12423,lastFM_26758,1.0,False,FP
mbrainz_17691,lastFM_42136,1.0,False,FP
mbrainz_17838,lastFM_42853,1.0,True,TP
mbrainz_20745,lastFM_52273,1.0,False,FP
mbrainz_23008,lastFM_58369,1.0,False,FP
mbrainz_24309,lastFM_61541,1.0,False,FP
mbrainz_32672,lastFM_81121,1.0,False,FP
mbrainz_2071,lastFM_4539,1.0,True,TP
mbrainz_10590,lastFM_22634,1.0,False,FP
mbrainz_234,lastFM_407,1.0,False,FP
mbrainz_256,lastFM_435,1.0,False,FP
mbrainz_363,lastFM_676,1.0,False,FP
mbrainz_427,lastFM_883,1.0,False,FP
mbrainz_982,lastFM_2283,1.0,True,TP
mbrainz_1145,lastFM_2639,1.0,False,FP
mbrainz_1163,lastFM_2679,1.0,False,FP
mbrainz_1186,lastFM_2739,1.0,False,FP
mbrainz_1434,lastFM_51054,1.0,False,FP
mbrainz_1487,lastFM_3473,1.0,False,FP
mbrainz_1510,lastFM_3516,1.0,False,FP
mbrainz_1559,lastFM_3640,1.0,False,FP
mbrainz_1568,lastFM_3678,1.0,False,FP
mbrainz_1935,lastFM_4291,1.0,False,FP
mbrainz_2016,lastFM_4446,1.0,False,FP
mbrainz_2017,lastFM_4448,1.0,False,FP
mbrainz_2392,lastFM_5131,1.0,True,TP
mbrainz_2536,lastFM_5405,1.0,True,TP
mbrainz_2899,lastFM_6132,1.0,True,TP
mbrainz_2961,lastFM_6260,1.0,False,FP
mbrainz_3309,lastFM_6947,1.0,False,FP
mbrainz_3524,lastFM_7373,1.0,False,FP
mbrainz_3635,lastFM_2639,1.0,False,FP
mbrainz_3855,lastFM_8022,1.0,False,FP
mbrainz_4854,lastFM_10061,1.0,False,FP
mbrainz_5224,lastFM_10891,1.0,False,FP
mbrainz_6164,lastFM_12990,1.0,False,FP
mbrainz_6492,lastFM_13701,1.0,False,FP
mbrainz_6787,lastFM_14340,1.0,False,FP
mbrainz_6851,lastFM_14493,1.0,True,TP
mbrainz_7013,lastFM_14883,1.0,True,TP
mbrainz_7326,lastFM_15645,1.0,False,FP
mbrainz_7479,lastFM_15983,1.0,False,FP
mbrainz_8147,lastFM_17430,1.0,False,FP
mbrainz_8206,lastFM_17552,1.0,False,FP
mbrainz_8278,lastFM_17709,1.0,True,TP
mbrainz_8427,lastFM_18007,1.0,True,TP
mbrainz_8759,lastFM_18672,1.0,False,FP
mbrainz_8857,lastFM_18866,1.0,False,FP
mbrainz_8866,lastFM_18879,1.0,False,FP
mbrainz_9523,lastFM_20255,1.0,False,FP
mbrainz_9680,lastFM_20598,1.0,True,TP
mbrainz_9696,lastFM_20649,1.0,False,FP
mbrainz_10206,lastFM_21777,1.0,False,FP
mbrainz_10494,lastFM_22393,1.0,True,TP
mbrainz_10983,lastFM_23532,1.0,False,FP
mbrainz_11145,lastFM_23929,1.0,False,FP
mbrainz_11274,lastFM_24168,1.0,True,TP
mbrainz_11485,lastFM_24612,1.0,False,FP
mbrainz_12182,lastFM_26233,1.0,False,FP
mbrainz_12293,lastFM_26460,1.0,True,TP
mbrainz_12416,lastFM_26747,1.0,False,FP
mbrainz_12720,lastFM_27405,1.0,False,FP
mbrainz_12781,lastFM_27526,1.0,False,FP
mbrainz_12899,lastFM_27790,1.0,False,FP
mbrainz_12997,lastFM_28024,1.0,False,FP
mbrainz_13053,lastFM_28166,1.0,False,FP
mbrainz_13081,lastFM_28226,1.0,False,FP
mbrainz_14073,lastFM_30614,1.0,False,FP
mbrainz_14610,lastFM_31996,1.0,False,FP
mbrainz_14611,lastFM_31997,1.0,False,FP
mbrainz_14634,lastFM_32042,1.0,False,FP
mbrainz_15414,lastFM_33930,1.0,False,FP
mbrainz_15480,lastFM_34077,1.0,False,FP
mbrainz_15482,lastFM_34083,1.0,False,FP
mbrainz_16349,lastFM_37604,1.0,False,FP
mbrainz_16705,lastFM_38696,1.0,False,FP
mbrainz_17876,lastFM_42988,1.0,False,FP
mbrainz_18055,lastFM_43547,1.0,False,FP
mbrainz_18543,lastFM_45128,1.0,False,FP
mbrainz_18831,lastFM_46147,1.0,False,FP
mbrainz_19233,lastFM_47467,1.0,False,FP
mbrainz_19553,lastFM_48704,1.0,False,FP
mbrainz_20044,lastFM_50456,1.0,False,FP
mbrainz_20098,lastFM_50594,1.0,False,FP
mbrainz_20260,lastFM_51031,1.0,False,FP
mbrainz_21004,lastFM_53026,1.0,False,FP
mbrainz_21151,lastFM_53481,1.0,True,TP
mbrainz_21257,lastFM_53770,1.0,False,FP
mbrainz_21817,lastFM_55267,1.0,False,FP
mbrainz_22914,lastFM_58142,1.0,False,FP
mbrainz_23681,lastFM_60033,1.0,False,FP
mbrainz_24436,lastFM_61837,1.0,False,FP
mbrainz_24596,lastFM_62237,1.0,False,FP
mbrainz_24830,lastFM_62776,1.0,False,FP
mbrainz_25231,lastFM_63658,1.0,True,TP
mbrainz_25434,lastFM_64133,1.0,True,TP
mbrainz_25955,lastFM_65291,1.0,False,FP
mbrainz_26629,lastFM_66761,1.0,False,FP
mbrainz_27122,lastFM_67912,1.0,False,FP
mbrainz_27651,lastFM_69270,1.0,False,FP
mbrainz_27891,lastFM_69851,1.0,False,FP
mbrainz_28159,lastFM_70447,1.0,False,FP
mbrainz_28566,lastFM_71414,1.0,False,FP
mbrainz_28995,lastFM_72387,1.0,False,FP
mbrainz_29886,lastFM_74606,1.0,False,FP
mbrainz_30221,lastFM_75459,1.0,False,FP
mbrainz_30357,lastFM_75759,1.0,False,FP
mbrainz_30700,lastFM_76614,1.0,False,FP
mbrainz_31003,lastFM_77305,1.0,True,TP
mbrainz_31208,lastFM_77739,1.0,False,FP
mbrainz_31275,lastFM_77867,1.0,False,FP
mbrainz_31996,lastFM_79572,1.0,False,FP
mbrainz_32241,lastFM_80122,1.0,False,FP
mbrainz_32325,lastFM_80320,1.0,False,FP
mbrainz_32424,lastFM_80558,1.0,False,FP
mbrainz_32512,lastFM_80769,1.0,False,FP
mbrainz_33650,lastFM_83170,1.0,False,FP
mbrainz_79,lastFM_104,1.0,False,FP
mbrainz_300,lastFM_521,1.0,False,FP
mbrainz_1284,lastFM_2972,1.0,False,FP
mbrainz_1426,lastFM_3300,1.0,False,FP
mbrainz_1621,lastFM_3773,1.0,False,FP
mbrainz_2331,lastFM_5032,1.0,False,FP
mbrainz_3866,lastFM_8041,1.0,True,TP
mbrainz_4445,lastFM_9180,1.0,False,FP
mbrainz_6506,lastFM_13729,1.0,False,FP
mbrainz_8138,lastFM_17400,1.0,False,FP
mbrainz_8209,lastFM_17555,1.0,False,FP
mbrainz_11648,lastFM_24979,1.0,False,FP
mbrainz_13231,lastFM_28537,1.0,False,FP
mbrainz_13614,lastFM_29498,1.0,False,FP
mbrainz_17076,lastFM_39950,1.0,False,FP
mbrainz_17212,lastFM_40342,1.0,False,FP
mbrainz_20198,lastFM_40425,1.0,False,FP
mbrainz_22710,lastFM_57614,1.0,False,FP
mbrainz_24150,lastFM_61153,1.0,True,TP
mbrainz_28312,lastFM_70796,1.0,False,FP
mbrainz_31436,lastFM_78226,1.0,False,FP
mbrainz_31892,lastFM_79324,1.0,False,FP
mbrainz_33542,lastFM_82952,1.0,False,FP
mbrainz_3780,lastFM_7858,1.0,False,FP
mbrainz_635,lastFM_1473,1.0,False,FP
mbrainz_1762,lastFM_3990,1.0,False,FP
mbrainz_2186,lastFM_4742,1.0,False,FP
mbrainz_2439,lastFM_5211,1.0,False,FP
mbrainz_11148,lastFM_23933,1.0,False,FP
mbrainz_18370,lastFM_44526,1.0,True,TP
mbrainz_21318,lastFM_53934,1.0,False,FP
mbrainz_9,lastFM_11,1.0,False,FP
mbrainz_18891,lastFM_46332,1.0,True,TP
mbrainz_91,lastFM_120,1.0,False,FP
mbrainz_830,lastFM_1923,1.0,False,FP
mbrainz_1293,lastFM_2994,1.0,False,FP
mbrainz_2024,lastFM_4458,1.0,False,FP
mbrainz_2192,lastFM_4755,1.0,True,TP
mbrainz_3784,lastFM_7866,1.0,False,FP
mbrainz_4491,lastFM_9253,1.0,False,FP
mbrainz_4792,lastFM_9917,1.0,False,FP
mbrainz_5285,lastFM_11032,1.0,False,FP
mbrainz_5411,lastFM_11330,1.0,False,FP
mbrainz_5431,lastFM_11389,1.0,False,FP
mbrainz_7167,lastFM_15261,1.0,False,FP
mbrainz_7483,lastFM_15992,1.0,False,FP
mbrainz_8253,lastFM_17650,1.0,False,FP
mbrainz_8669,lastFM_18482,1.0,False,FP
mbrainz_10279,lastFM_21923,1.0,False,FP
mbrainz_10795,lastFM_23112,1.0,False,FP
mbrainz_11038,lastFM_23674,1.0,False,FP
mbrainz_13381,lastFM_28921,1.0,False,FP
mbrainz_13590,lastFM_29433,1.0,False,FP
mbrainz_13627,lastFM_29535,1.0,False,FP
mbrainz_14187,lastFM_30936,1.0,False,FP
mbrainz_14597,lastFM_31968,1.0,False,FP
mbrainz_15452,lastFM_34018,1.0,False,FP
mbrainz_18315,lastFM_44379,1.0,False,FP
mbrainz_18440,lastFM_44763,1.0,False,FP
mbrainz_18971,lastFM_46597,1.0,False,FP
mbrainz_19987,lastFM_50296,1.0,False,FP
mbrainz_21534,lastFM_54517,1.0,False,FP
mbrainz_22093,lastFM_56048,1.0,False,FP
mbrainz_22205,lastFM_56354,1.0,False,FP
mbrainz_22383,lastFM_56810,1.0,True,TP
mbrainz_23388,lastFM_59326,1.0,True,TP
mbrainz_23871,lastFM_60479,1.0,False,FP
mbrainz_23888,lastFM_60520,1.0,False,FP
mbrainz_24341,lastFM_61614,1.0,False,FP
mbrainz_24538,lastFM_62079,1.0,False,FP
mbrainz_25676,lastFM_64688,1.0,False,FP
mbrainz_26027,lastFM_65446,1.0,False,FP
mbrainz_28364,lastFM_70922,1.0,False,FP
mbrainz_29437,lastFM_73380,1.0,True,TP
mbrainz_30384,lastFM_75833,1.0,False,FP
mbrainz_30883,lastFM_77044,1.0,False,FP
mbrainz_31392,lastFM_78143,1.0,False,FP
mbrainz_31735,lastFM_78932,1.0,False,FP
mbrainz_31794,lastFM_79108,1.0,False,FP
mbrainz_33344,lastFM_82535,1.0,True,TP
mbrainz_13717,lastFM_29738,1.0,False,FP
mbrainz_22396,lastFM_56846,1.0,False,FP
mbrainz_6485,lastFM_13677,1.0,False,FP
mbrainz_65,lastFM_87,1.0,False,FP
mbrainz_87,lastFM_114,1.0,False,FP
mbrainz_120,lastFM_156,1.0,False,FP
mbrainz_174,lastFM_277,1.0,False,FP
mbrainz_175,lastFM_278,1.0,False,FP
mbrainz_241,lastFM_416,1.0,False,FP
mbrainz_253,lastFM_432,1.0,False,FP
mbrainz_306,lastFM_538,1.0,False,FP
mbrainz_385,lastFM_733,1.0,False,FP
mbrainz_385,lastFM_54346,1.0,False,FP
mbrainz_430,lastFM_890,1.0,False,FP
mbrainz_553,lastFM_1205,1.0,False,FP
mbrainz_562,lastFM_1234,1.0,False,FP
mbrainz_604,lastFM_1375,1.0,False,FP
mbrainz_835,lastFM_1939,1.0,False,FP
mbrainz_849,lastFM_1973,1.0,True,TP
mbrainz_893,lastFM_2073,1.0,False,FP
mbrainz_910,lastFM_2114,1.0,False,FP
mbrainz_970,lastFM_2243,1.0,False,FP
mbrainz_972,lastFM_2257,1.0,False,FP
mbrainz_1070,lastFM_2479,1.0,True,TP
mbrainz_1109,lastFM_2555,1.0,False,FP
mbrainz_1128,lastFM_2589,1.0,False,FP
mbrainz_1194,lastFM_2757,1.0,False,FP
mbrainz_1346,lastFM_3134,1.0,False,FP
mbrainz_1496,lastFM_3488,1.0,False,FP
mbrainz_2114,lastFM_4611,1.0,False,FP
mbrainz_2328,lastFM_5023,1.0,False,FP
mbrainz_2436,lastFM_5200,1.0,False,FP
mbrainz_2608,lastFM_5553,1.0,True,TP
mbrainz_2626,lastFM_5589,1.0,False,FP
mbrainz_3023,lastFM_6392,1.0,False,FP
mbrainz_3056,lastFM_6458,1.0,False,FP
mbrainz_3103,lastFM_6553,1.0,False,FP
mbrainz_5311,lastFM_11103,1.0,False,FP
mbrainz_5926,lastFM_12488,1.0,False,FP
mbrainz_7080,lastFM_15027,1.0,False,FP
mbrainz_7649,lastFM_16317,1.0,False,FP
mbrainz_7677,lastFM_16401,1.0,True,TP
mbrainz_7969,lastFM_16989,1.0,True,TP
mbrainz_9387,lastFM_19952,1.0,False,FP
mbrainz_9649,lastFM_20530,1.0,False,FP
mbrainz_10193,lastFM_21741,1.0,True,TP
mbrainz_12092,lastFM_26050,1.0,False,FP
mbrainz_13925,lastFM_30243,1.0,True,TP
mbrainz_14797,lastFM_32456,1.0,False,FP
mbrainz_16036,lastFM_36350,1.0,False,FP
mbrainz_16406,lastFM_37803,1.0,True,TP
mbrainz_18349,lastFM_44469,1.0,False,FP
mbrainz_24490,lastFM_61969,1.0,False,FP
mbrainz_25151,lastFM_36750,1.0,False,FP
mbrainz_25151,lastFM_63484,1.0,False,FP
mbrainz_25923,lastFM_65221,1.0,False,FP
mbrainz_26557,lastFM_66588,1.0,False,FP
mbrainz_26898,lastFM_67422,1.0,False,FP
mbrainz_28368,lastFM_70930,1.0,False,FP
mbrainz_31868,lastFM_79276,1.0,False,FP
mbrainz_5123,lastFM_10647,1.0,False,FP
mbrainz_17798,lastFM_42470,1.0,False,FP
mbrainz_19305,lastFM_47651,1.0,False,FP
mbrainz_21802,lastFM_55188,1.0,False,FP
mbrainz_26107,lastFM_65607,1.0,False,FP
mbrainz_13804,lastFM_29942,1.0,True,TP
mbrainz_13804,lastFM_36760,1.0,False,FP
mbrainz_6869,lastFM_14530,1.0,False,FP
mbrainz_8496,lastFM_18143,1.0,False,FP
mbrainz_12,lastFM_16,1.0,False,FP
mbrainz_2306,lastFM_4990,1.0,False,FP
mbrainz_4405,lastFM_9102,1.0,False,FP
mbrainz_5299,lastFM_11060,1.0,False,FP
mbrainz_8289,lastFM_17733,1.0,False,FP
mbrainz_9216,lastFM_19599,1.0,False,FP
mbrainz_9452,lastFM_20104,1.0,False,FP
mbrainz_9996,lastFM_21290,1.0,True,TP
mbrainz_15274,lastFM_33600,1.0,False,FP
mbrainz_16409,lastFM_20311,1.0,False,FP
mbrainz_20367,lastFM_51330,1.0,True,TP
mbrainz_26340,lastFM_66123,1.0,False,FP
mbrainz_6514,lastFM_13747,1.0,False,FP
mbrainz_12977,lastFM_27969,1.0,False,FP
mbrainz_3100,lastFM_6548,1.0,False,FP
mbrainz_16895,lastFM_39373,1.0,False,FP
mbrainz_206,lastFM_355,1.0,True,TP
mbrainz_3546,lastFM_7415,1.0,False,FP
mbrainz_6319,lastFM_13334,1.0,False,FP
mbrainz_17001,lastFM_39737,1.0,True,TP
mbrainz_19497,lastFM_48519,1.0,True,TP
mbrainz_26262,lastFM_65945,1.0,False,FP
mbrainz_27044,lastFM_67736,1.0,False,FP
mbrainz_59,lastFM_79,1.0,True,TP
mbrainz_60,lastFM_80,1.0,False,FP
mbrainz_466,lastFM_5472,1.0,False,FP
mbrainz_466,lastFM_38830,1.0,False,FP
mbrainz_610,lastFM_1394,1.0,False,FP
mbrainz_1331,lastFM_3093,1.0,False,FP
mbrainz_1482,lastFM_3456,1.0,False,FP
mbrainz_2931,lastFM_6196,1.0,True,TP
mbrainz_3318,lastFM_6963,1.0,False,FP
mbrainz_3545,lastFM_7411,1.0,True,TP
mbrainz_4310,lastFM_8915,1.0,False,FP
mbrainz_4316,lastFM_8926,1.0,False,FP
mbrainz_4804,lastFM_9944,1.0,False,FP
mbrainz_5880,lastFM_12402,1.0,True,TP
mbrainz_5880,lastFM_17186,1.0,False,FP
mbrainz_7568,lastFM_16149,1.0,False,FP
mbrainz_7979,lastFM_17025,1.0,False,FP
mbrainz_8051,lastFM_12402,1.0,False,FP
mbrainz_8051,lastFM_17186,1.0,False,FP
mbrainz_13155,lastFM_28381,1.0,False,FP
mbrainz_14320,lastFM_31254,1.0,False,FP
mbrainz_18536,lastFM_45104,1.0,False,FP
mbrainz_19656,lastFM_48946,1.0,True,TP
mbrainz_19719,lastFM_49493,1.0,False,FP
mbrainz_21454,lastFM_54306,1.0,False,FP
mbrainz_21467,lastFM_54346,1.0,False,FP
mbrainz_22378,lastFM_56803,1.0,False,FP
mbrainz_23749,lastFM_60183,1.0,False,FP
mbrainz_24398,lastFM_61759,1.0,False,FP
mbrainz_26570,lastFM_66626,1.0,False,FP
mbrainz_26890,lastFM_67390,1.0,False,FP
mbrainz_31752,lastFM_78984,1.0,False,FP
mbrainz_1994,lastFM_4408,1.0,False,FP
mbrainz_5739,lastFM_12102,1.0,False,FP
mbrainz_6662,lastFM_14082,1.0,False,FP
mbrainz_10035,lastFM_21375,1.0,True,TP
mbrainz_12914,lastFM_27820,1.0,False,FP
mbrainz_16030,lastFM_36334,1.0,False,FP
mbrainz_16745,lastFM_38851,1.0,False,FP
mbrainz_18388,lastFM_44589,1.0,False,FP
mbrainz_23646,lastFM_49162,1.0,False,FP
mbrainz_28629,lastFM_71574,1.0,False,FP
mbrainz_30257,lastFM_75539,1.0,False,FP
mbrainz_33564,lastFM_83004,1.0,False,FP
mbrainz_108,lastFM_142,1.0,True,TP
mbrainz_2083,lastFM_4560,1.0,False,FP
mbrainz_2170,lastFM_4711,1.0,False,FP
mbrainz_3047,lastFM_6435,1.0,False,FP
mbrainz_7373,lastFM_15760,1.0,False,FP
mbrainz_9262,lastFM_19707,1.0,False,FP
mbrainz_23943,lastFM_60639,1.0,False,FP
mbrainz_28213,lastFM_22168,1.0,False,FP
mbrainz_3061,lastFM_6470,1.0,True,TP
mbrainz_119,lastFM_155,1.0,False,FP
mbrainz_2112,lastFM_4604,1.0,True,TP
mbrainz_2148,lastFM_4661,1.0,False,FP
mbrainz_3782,lastFM_7862,1.0,True,TP
mbrainz_5214,lastFM_10871,1.0,False,FP
mbrainz_7886,lastFM_16821,1.0,False,FP
mbrainz_9830,lastFM_20926,1.0,False,FP
mbrainz_11272,lastFM_24165,1.0,True,TP
mbrainz_14322,lastFM_31262,1.0,False,FP
mbrainz_14695,lastFM_32208,1.0,False,FP
mbrainz_15088,lastFM_33176,1.0,False,FP
mbrainz_18196,lastFM_43971,1.0,False,FP
mbrainz_19537,lastFM_48663,1.0,False,FP
mbrainz_20518,lastFM_51730,1.0,False,FP
mbrainz_20524,lastFM_51744,1.0,False,FP
mbrainz_21003,lastFM_53023,1.0,False,FP
mbrainz_22652,lastFM_57473,1.0,False,FP
mbrainz_25765,lastFM_64846,1.0,False,FP
mbrainz_29147,lastFM_72717,1.0,False,FP
mbrainz_31972,lastFM_79500,1.0,False,FP
mbrainz_2227,lastFM_4820,1.0,False,FP
mbrainz_7126,lastFM_15161,1.0,False,FP
mbrainz_12631,lastFM_27214,1.0,False,FP
mbrainz_13507,lastFM_29220,1.0,False,FP
mbrainz_28141,lastFM_70418,1.0,False,FP
mbrainz_2127,lastFM_4636,1.0,True,TP
mbrainz_17077,lastFM_39952,1.0,False,FP
mbrainz_28449,lastFM_71116,1.0,False,FP
mbrainz_1196,lastFM_2762,1.0,False,FP
mbrainz_74,lastFM_98,1.0,False,FP
mbrainz_209,lastFM_364,1.0,False,FP
mbrainz_861,lastFM_2003,1.0,False,FP
mbrainz_868,lastFM_2023,1.0,False,FP
mbrainz_1074,lastFM_2484,1.0,False,FP
mbrainz_1265,lastFM_2925,1.0,False,FP
mbrainz_2332,lastFM_5033,1.0,False,FP
mbrainz_4109,lastFM_8515,1.0,False,FP
mbrainz_4615,lastFM_9509,1.0,False,FP
mbrainz_6014,lastFM_52243,1.0,False,FP
mbrainz_6014,lastFM_55146,1.0,False,FP
mbrainz_6705,lastFM_14159,1.0,False,FP
mbrainz_7309,lastFM_15614,1.0,False,FP
mbrainz_9854,lastFM_21005,1.0,False,FP
mbrainz_10924,lastFM_23408,1.0,False,FP
mbrainz_12555,lastFM_27044,1.0,False,FP
mbrainz_12946,lastFM_27905,1.0,False,FP
mbrainz_14007,lastFM_30428,1.0,False,FP
mbrainz_14925,lastFM_32784,1.0,False,FP
mbrainz_16371,lastFM_37674,1.0,True,TP
mbrainz_18289,lastFM_39944,1.0,True,TP
mbrainz_20579,lastFM_51868,1.0,False,FP
mbrainz_25643,lastFM_64618,1.0,True,TP
mbrainz_30155,lastFM_75308,1.0,False,FP
mbrainz_30276,lastFM_75586,1.0,False,FP
mbrainz_30588,lastFM_76355,1.0,True,TP
mbrainz_33617,lastFM_83111,1.0,True,TP
mbrainz_46,lastFM_62,1.0,False,FP
mbrainz_53,lastFM_72,1.0,False,FP
mbrainz_151,lastFM_202,1.0,False,FP
mbrainz_155,lastFM_208,1.0,False,FP
mbrainz_315,lastFM_561,1.0,True,TP
mbrainz_318,lastFM_582,1.0,False,FP
mbrainz_931,lastFM_2157,1.0,False,FP
mbrainz_1012,lastFM_2344,1.0,False,FP
mbrainz_1378,lastFM_3203,1.0,False,FP
mbrainz_2082,lastFM_4558,1.0,False,FP
mbrainz_2997,lastFM_6340,1.0,False,FP
mbrainz_4549,lastFM_9377,1.0,False,FP
mbrainz_4598,lastFM_9475,1.0,False,FP
mbrainz_5107,lastFM_10615,1.0,False,FP
mbrainz_6523,lastFM_13777,1.0,False,FP
mbrainz_6700,lastFM_14150,1.0,False,FP
mbrainz_7068,lastFM_15001,1.0,True,TP
mbrainz_7168,lastFM_15262,1.0,False,FP
mbrainz_8646,lastFM_18421,1.0,False,FP
mbrainz_9789,lastFM_20843,1.0,False,FP
mbrainz_10074,lastFM_21454,1.0,False,FP
mbrainz_10268,lastFM_21904,1.0,False,FP
mbrainz_10569,lastFM_22580,1.0,True,TP
mbrainz_10669,lastFM_22817,1.0,False,FP
mbrainz_11730,lastFM_25183,1.0,True,TP
mbrainz_12230,lastFM_26329,1.0,True,TP
mbrainz_12233,lastFM_26335,1.0,True,TP
mbrainz_12766,lastFM_27490,1.0,False,FP
mbrainz_14427,lastFM_31532,1.0,False,FP
mbrainz_15506,lastFM_34125,1.0,False,FP
mbrainz_15577,lastFM_34317,1.0,False,FP
mbrainz_17559,lastFM_41677,1.0,False,FP
mbrainz_17784,lastFM_42439,1.0,False,FP
mbrainz_18561,lastFM_45212,1.0,False,FP
mbrainz_19290,lastFM_47619,1.0,False,FP
mbrainz_19636,lastFM_48919,1.0,False,FP
mbrainz_21896,lastFM_55535,1.0,False,FP
mbrainz_26682,lastFM_66878,1.0,False,FP
mbrainz_27304,lastFM_68354,1.0,False,FP
mbrainz_33822,lastFM_83571,1.0,False,FP
mbrainz_5867,lastFM_12376,1.0,False,FP
mbrainz_8335,lastFM_17835,1.0,False,FP
mbrainz_44,lastFM_59,1.0,False,FP
mbrainz_145,lastFM_1754,1.0,False,FP
mbrainz_329,lastFM_604,1.0,False,FP
mbrainz_528,lastFM_1156,1.0,False,FP
mbrainz_699,lastFM_1637,1.0,False,FP
mbrainz_1260,lastFM_2907,1.0,False,FP
mbrainz_3453,lastFM_7235,1.0,False,FP
mbrainz_9412,lastFM_20010,1.0,False,FP
mbrainz_10196,lastFM_21754,1.0,False,FP
mbrainz_11044,lastFM_23682,1.0,False,FP
mbrainz_12170,lastFM_26213,1.0,False,FP
mbrainz_13357,lastFM_28865,1.0,False,FP
mbrainz_13837,lastFM_30023,1.0,False,FP
mbrainz_19431,lastFM_54080,1.0,False,FP
mbrainz_23819,lastFM_60373,1.0,False,FP
mbrainz_6644,lastFM_14052,1.0,False,FP
mbrainz_72,lastFM_94,1.0,False,FP
mbrainz_1537,lastFM_3580,1.0,False,FP
mbrainz_2145,lastFM_4657,1.0,True,TP
mbrainz_3129,lastFM_6600,1.0,False,FP
mbrainz_4611,lastFM_9500,1.0,False,FP
mbrainz_6122,lastFM_12873,1.0,False,FP
mbrainz_7063,lastFM_14995,1.0,False,FP
mbrainz_9903,lastFM_21108,1.0,False,FP
mbrainz_11748,lastFM_25221,1.0,False,FP
mbrainz_11929,lastFM_25668,1.0,False,FP
mbrainz_12847,lastFM_27675,1.0,False,FP
mbrainz_14691,lastFM_32191,1.0,True,TP
mbrainz_16689,lastFM_38654,1.0,True,TP
mbrainz_18954,lastFM_46545,1.0,True,TP
mbrainz_19025,lastFM_46774,1.0,False,FP
mbrainz_19770,lastFM_49647,1.0,False,FP
mbrainz_21943,lastFM_55673,1.0,False,FP
mbrainz_24347,lastFM_61626,1.0,False,FP
mbrainz_4168,lastFM_8639,1.0,False,FP
mbrainz_27136,lastFM_67943,1.0,False,FP
mbrainz_102,lastFM_134,1.0,False,FP
mbrainz_140,lastFM_186,1.0,False,FP
mbrainz_149,lastFM_200,1.0,False,FP
mbrainz_469,lastFM_988,1.0,False,FP
mbrainz_475,lastFM_997,1.0,False,FP
mbrainz_493,lastFM_1056,1.0,False,FP
mbrainz_573,lastFM_1264,1.0,False,FP
mbrainz_691,lastFM_1603,1.0,True,TP
mbrainz_697,lastFM_1628,1.0,False,FP
mbrainz_1093,lastFM_2518,1.0,False,FP
mbrainz_1181,lastFM_2728,1.0,False,FP
mbrainz_2323,lastFM_5014,1.0,False,FP
mbrainz_2531,lastFM_5397,1.0,False,FP
mbrainz_2722,lastFM_5791,1.0,False,FP
mbrainz_2907,lastFM_6144,1.0,False,FP
mbrainz_3269,lastFM_6877,1.0,False,FP
mbrainz_3798,lastFM_7890,1.0,False,FP
mbrainz_3896,lastFM_8086,1.0,False,FP
mbrainz_4066,lastFM_8442,1.0,False,FP
mbrainz_4881,lastFM_10122,1.0,False,FP
mbrainz_5936,lastFM_12507,1.0,False,FP
mbrainz_6119,lastFM_12869,1.0,False,FP
mbrainz_6154,lastFM_12964,1.0,False,FP
mbrainz_7250,lastFM_15470,1.0,True,TP
mbrainz_7672,lastFM_16380,1.0,False,FP
mbrainz_8893,lastFM_18922,1.0,False,FP
mbrainz_9273,lastFM_19723,1.0,False,FP
mbrainz_9583,lastFM_20388,1.0,False,FP
mbrainz_10230,lastFM_21829,1.0,False,FP
mbrainz_11909,lastFM_25621,1.0,False,FP
mbrainz_12216,lastFM_26303,1.0,False,FP
mbrainz_12221,lastFM_26314,1.0,False,FP
mbrainz_12659,lastFM_27288,1.0,False,FP
mbrainz_14097,lastFM_30690,1.0,False,FP
mbrainz_17122,lastFM_40062,1.0,False,FP
mbrainz_17829,lastFM_42817,1.0,False,FP
mbrainz_19241,lastFM_47502,1.0,False,FP
mbrainz_19714,lastFM_49483,1.0,False,FP
mbrainz_20690,lastFM_52142,1.0,False,FP
mbrainz_22655,lastFM_57478,1.0,False,FP
mbrainz_24956,lastFM_63055,1.0,True,TP
mbrainz_28926,lastFM_72243,1.0,False,FP
mbrainz_2373,lastFM_5105,1.0,False,FP
mbrainz_7916,lastFM_16886,1.0,True,TP
mbrainz_8708,lastFM_18556,1.0,False,FP
mbrainz_8708,lastFM_77264,1.0,False,FP
mbrainz_17,lastFM_24,1.0,True,TP
mbrainz_233,lastFM_404,1.0,True,TP
mbrainz_313,lastFM_549,1.0,False,FP
mbrainz_339,lastFM_622,1.0,False,FP
mbrainz_565,lastFM_1241,1.0,False,FP
mbrainz_757,lastFM_1777,1.0,True,TP
mbrainz_882,lastFM_2054,1.0,False,FP
mbrainz_1501,lastFM_3500,1.0,False,FP
mbrainz_2475,lastFM_5278,1.0,False,FP
mbrainz_2516,lastFM_5371,1.0,False,FP
mbrainz_3311,lastFM_6949,1.0,False,FP
mbrainz_4313,lastFM_8922,1.0,False,FP
mbrainz_4595,lastFM_9468,1.0,False,FP
mbrainz_4707,lastFM_9726,1.0,False,FP
mbrainz_5666,lastFM_11929,1.0,False,FP
mbrainz_6549,lastFM_13837,1.0,False,FP
mbrainz_7534,lastFM_16082,1.0,False,FP
mbrainz_9242,lastFM_19657,1.0,False,FP
mbrainz_10470,lastFM_22342,1.0,False,FP
mbrainz_11989,lastFM_25803,1.0,False,FP
mbrainz_12290,lastFM_26453,1.0,False,FP
mbrainz_13194,lastFM_28461,1.0,False,FP
mbrainz_13257,lastFM_28610,1.0,False,FP
mbrainz_13427,lastFM_29038,1.0,False,FP
mbrainz_13961,lastFM_30319,1.0,False,FP
mbrainz_14029,lastFM_30493,1.0,False,FP
mbrainz_15127,lastFM_33278,1.0,False,FP
mbrainz_15210,lastFM_33467,1.0,False,FP
mbrainz_18220,lastFM_44053,1.0,False,FP
mbrainz_19390,lastFM_48143,1.0,False,FP
mbrainz_20116,lastFM_50648,1.0,False,FP
mbrainz_20116,lastFM_54773,1.0,False,FP
mbrainz_20639,lastFM_52020,1.0,False,FP
mbrainz_21182,lastFM_53568,1.0,False,FP
mbrainz_21621,lastFM_54773,1.0,False,FP
mbrainz_21622,lastFM_54774,1.0,False,FP
mbrainz_21986,lastFM_55795,1.0,True,TP
mbrainz_25171,lastFM_63525,1.0,False,FP
mbrainz_25714,lastFM_64755,1.0,False,FP
mbrainz_27071,lastFM_67813,1.0,True,TP
mbrainz_27326,lastFM_68400,1.0,False,FP
mbrainz_28372,lastFM_70941,1.0,True,TP
mbrainz_29214,lastFM_72861,1.0,True,TP
mbrainz_29214,lastFM_79640,1.0,False,FP
mbrainz_29262,lastFM_72981,1.0,False,FP
mbrainz_31032,lastFM_77358,1.0,False,FP
mbrainz_31061,lastFM_77414,1.0,False,FP
mbrainz_32017,lastFM_72861,1.0,False,FP
mbrainz_32017,lastFM_79640,1.0,False,FP
mbrainz_32469,lastFM_80659,1.0,False,FP
mbrainz_3517,lastFM_7356,1.0,True,TP
mbrainz_4211,lastFM_8730,1.0,True,TP
mbrainz_14331,lastFM_31286,1.0,False,FP
mbrainz_15494,lastFM_34100,1.0,False,FP
mbrainz_15584,lastFM_34340,1.0,False,FP
mbrainz_113,lastFM_148,1.0,False,FP
mbrainz_814,lastFM_1898,1.0,False,FP
mbrainz_1297,lastFM_3000,1.0,False,FP
mbrainz_2664,lastFM_5666,1.0,False,FP
mbrainz_2836,lastFM_6011,1.0,False,FP
mbrainz_3034,lastFM_6404,1.0,False,FP
mbrainz_3359,lastFM_7035,1.0,False,FP
mbrainz_3651,lastFM_7604,1.0,False,FP
mbrainz_4683,lastFM_9662,1.0,False,FP
mbrainz_5067,lastFM_10528,1.0,False,FP
mbrainz_5631,lastFM_11860,1.0,False,FP
mbrainz_5998,lastFM_12629,1.0,False,FP
mbrainz_7393,lastFM_15800,1.0,False,FP
mbrainz_7550,lastFM_16107,1.0,False,FP
mbrainz_8259,lastFM_17664,1.0,False,FP
mbrainz_8592,lastFM_18323,1.0,False,FP
mbrainz_11333,lastFM_24290,1.0,False,FP
mbrainz_12217,lastFM_26304,1.0,False,FP
mbrainz_16736,lastFM_38814,1.0,False,FP
mbrainz_17143,lastFM_40124,1.0,False,FP
mbrainz_19815,lastFM_49768,1.0,True,TP
mbrainz_20422,lastFM_51468,1.0,False,FP
mbrainz_21213,lastFM_53665,1.0,False,FP
mbrainz_23210,lastFM_58864,1.0,False,FP
mbrainz_24149,lastFM_61152,1.0,False,FP
mbrainz_29170,lastFM_72772,1.0,False,FP
mbrainz_29246,lastFM_72936,1.0,False,FP
mbrainz_15032,lastFM_33025,1.0,False,FP
mbrainz_5229,lastFM_10906,1.0,False,FP
mbrainz_39,lastFM_53,1.0,False,FP
mbrainz_2544,lastFM_5422,1.0,False,FP
mbrainz_3089,lastFM_6531,1.0,False,FP
mbrainz_11819,lastFM_25404,1.0,False,FP
mbrainz_12097,lastFM_26062,1.0,False,FP
mbrainz_23128,lastFM_58662,1.0,False,FP
mbrainz_23838,lastFM_60408,1.0,False,FP
mbrainz_19,lastFM_27,1.0,False,FP
mbrainz_16054,lastFM_36406,1.0,False,FP
mbrainz_29937,lastFM_74720,1.0,False,FP
mbrainz_23762,lastFM_60225,1.0,True,TP
mbrainz_20,lastFM_28,1.0,False,FP
mbrainz_7160,lastFM_15234,1.0,False,FP
mbrainz_116,lastFM_152,1.0,True,TP
mbrainz_239,lastFM_414,1.0,False,FP
mbrainz_3579,lastFM_7473,1.0,False,FP
mbrainz_8468,lastFM_18096,1.0,False,FP
mbrainz_11647,lastFM_24976,1.0,True,TP
mbrainz_15091,lastFM_33183,1.0,False,FP
mbrainz_15220,lastFM_33492,1.0,False,FP
mbrainz_15344,lastFM_33751,1.0,False,FP
mbrainz_21762,lastFM_55090,1.0,True,TP
mbrainz_4180,lastFM_8668,1.0,True,TP
mbrainz_498,lastFM_1074,1.0,False,FP
mbrainz_6384,lastFM_13470,1.0,False,FP
mbrainz_13101,lastFM_28266,1.0,False,FP
mbrainz_14782,lastFM_32420,1.0,True,TP
mbrainz_21,lastFM_30,1.0,False,FP
mbrainz_424,lastFM_877,1.0,False,FP
mbrainz_3655,lastFM_7609,1.0,False,FP
mbrainz_16842,lastFM_39173,1.0,True,TP
mbrainz_19378,lastFM_48094,1.0,False,FP
mbrainz_4578,lastFM_9432,1.0,False,FP
mbrainz_13677,lastFM_29644,1.0,False,FP
mbrainz_14547,lastFM_31842,1.0,False,FP
mbrainz_3344,lastFM_7018,1.0,False,FP
mbrainz_25263,lastFM_63735,1.0,False,FP
mbrainz_983,lastFM_2284,1.0,False,FP
mbrainz_1119,lastFM_2576,1.0,False,FP
mbrainz_1793,lastFM_4040,1.0,False,FP
mbrainz_2025,lastFM_4460,1.0,False,FP
mbrainz_5050,lastFM_10485,1.0,False,FP
mbrainz_5050,lastFM_14312,1.0,False,FP
mbrainz_6774,lastFM_14312,1.0,False,FP
mbrainz_9292,lastFM_19761,1.0,False,FP
mbrainz_9794,lastFM_20852,1.0,True,TP
mbrainz_10579,lastFM_22607,1.0,False,FP
mbrainz_11900,lastFM_25600,1.0,False,FP
mbrainz_18444,lastFM_44785,1.0,False,FP
mbrainz_3241,lastFM_6832,1.0,True,TP
mbrainz_6704,lastFM_14157,1.0,False,FP
mbrainz_7510,lastFM_16037,1.0,False,FP
mbrainz_13443,lastFM_29071,1.0,False,FP
mbrainz_25,lastFM_34,1.0,False,FP
mbrainz_103,lastFM_137,1.0,True,TP
mbrainz_542,lastFM_1189,1.0,False,FP
mbrainz_1170,lastFM_2706,1.0,False,FP
mbrainz_1739,lastFM_11312,1.0,False,FP
mbrainz_2261,lastFM_4882,1.0,False,FP
mbrainz_2620,lastFM_5577,1.0,False,FP
mbrainz_3618,lastFM_7544,1.0,False,FP
mbrainz_4390,lastFM_9072,1.0,False,FP
mbrainz_5404,lastFM_11320,1.0,False,FP
mbrainz_6614,lastFM_13975,1.0,False,FP
mbrainz_6760,lastFM_14281,1.0,False,FP
mbrainz_8276,lastFM_17706,1.0,False,FP
mbrainz_9858,lastFM_21012,1.0,False,FP
mbrainz_9988,lastFM_21277,1.0,True,TP
mbrainz_10351,lastFM_22079,1.0,False,FP
mbrainz_13326,lastFM_28782,1.0,False,FP
mbrainz_15203,lastFM_33457,1.0,False,FP
mbrainz_16208,lastFM_37035,1.0,False,FP
mbrainz_16582,lastFM_38330,1.0,False,FP
mbrainz_18486,lastFM_44925,1.0,False,FP
mbrainz_20775,lastFM_52337,1.0,False,FP
mbrainz_22231,lastFM_11312,1.0,False,FP
mbrainz_22699,lastFM_57572,1.0,False,FP
mbrainz_22973,lastFM_58292,1.0,False,FP
mbrainz_26439,lastFM_66329,1.0,False,FP
mbrainz_26506,lastFM_66470,1.0,False,FP
mbrainz_29396,lastFM_73297,1.0,False,FP
mbrainz_1113,lastFM_2562,1.0,False,FP
mbrainz_1884,lastFM_4206,1.0,False,FP
mbrainz_1986,lastFM_28260,1.0,False,FP
mbrainz_2028,lastFM_18786,1.0,False,FP
mbrainz_2341,lastFM_5048,1.0,False,FP
mbrainz_2607,lastFM_5548,1.0,False,FP
mbrainz_2870,lastFM_6084,1.0,False,FP
mbrainz_3154,lastFM_6656,1.0,False,FP
mbrainz_3851,lastFM_8014,1.0,False,FP
mbrainz_3879,lastFM_8057,1.0,False,FP
mbrainz_4223,lastFM_8749,1.0,False,FP
mbrainz_4278,lastFM_4206,1.0,False,FP
mbrainz_4278,lastFM_8850,1.0,False,FP
mbrainz_4779,lastFM_9890,1.0,False,FP
mbrainz_5258,lastFM_10966,1.0,False,FP
mbrainz_5511,lastFM_11590,1.0,False,FP
mbrainz_6179,lastFM_13022,1.0,True,TP
mbrainz_8813,lastFM_18786,1.0,False,FP
mbrainz_9427,lastFM_20049,1.0,False,FP
mbrainz_10116,lastFM_21552,1.0,True,TP
mbrainz_10384,lastFM_22155,1.0,True,TP
mbrainz_11172,lastFM_23972,1.0,False,FP
mbrainz_11572,lastFM_24816,1.0,True,TP
mbrainz_12068,lastFM_25991,1.0,False,FP
mbrainz_12895,lastFM_27779,1.0,False,FP
mbrainz_12895,lastFM_27999,1.0,False,FP
mbrainz_13100,lastFM_28260,1.0,True,TP
mbrainz_13945,lastFM_30289,1.0,True,TP
mbrainz_14171,lastFM_30887,1.0,False,FP
mbrainz_14594,lastFM_31957,1.0,False,FP
mbrainz_15029,lastFM_4206,1.0,False,FP
mbrainz_15029,lastFM_33015,1.0,False,FP
mbrainz_15514,lastFM_34141,1.0,False,FP
mbrainz_15563,lastFM_34272,1.0,False,FP
mbrainz_15704,lastFM_34990,1.0,False,FP
mbrainz_15790,lastFM_35300,1.0,False,FP
mbrainz_15886,lastFM_35611,1.0,False,FP
mbrainz_16125,lastFM_36768,1.0,False,FP
mbrainz_18331,lastFM_44431,1.0,False,FP
mbrainz_18332,lastFM_44432,1.0,False,FP
mbrainz_18878,lastFM_46282,1.0,False,FP
mbrainz_20052,lastFM_50474,1.0,True,TP
mbrainz_20511,lastFM_51706,1.0,False,FP
mbrainz_20864,lastFM_52586,1.0,True,TP
mbrainz_23383,lastFM_59311,1.0,False,FP
mbrainz_24026,lastFM_60846,1.0,True,TP
mbrainz_29947,lastFM_74752,1.0,False,FP
mbrainz_30041,lastFM_74985,1.0,True,TP
mbrainz_30169,lastFM_75352,1.0,False,FP
mbrainz_31484,lastFM_78332,1.0,False,FP
mbrainz_33460,lastFM_473,1.0,False,FP
mbrainz_33460,lastFM_82759,1.0,True,TP
mbrainz_3820,lastFM_7934,1.0,False,FP
mbrainz_8589,lastFM_18318,1.0,True,TP
mbrainz_14163,lastFM_30866,1.0,True,TP
mbrainz_18402,lastFM_44638,1.0,False,FP
mbrainz_29386,lastFM_73282,1.0,False,FP
mbrainz_869,lastFM_2025,1.0,True,TP
mbrainz_50,lastFM_68,1.0,True,TP
mbrainz_62,lastFM_82,1.0,True,TP
mbrainz_134,lastFM_176,1.0,True,TP
mbrainz_236,lastFM_410,1.0,True,TP
mbrainz_1263,lastFM_2922,1.0,False,FP
mbrainz_2710,lastFM_5754,1.0,False,FP
mbrainz_3804,lastFM_7905,1.0,True,TP
mbrainz_4506,lastFM_9281,1.0,False,FP
mbrainz_8079,lastFM_17250,1.0,False,FP
mbrainz_9716,lastFM_20690,1.0,False,FP
mbrainz_12822,lastFM_27616,1.0,False,FP
mbrainz_15474,lastFM_34063,1.0,True,TP
mbrainz_15657,lastFM_34841,1.0,False,FP
mbrainz_15683,lastFM_34934,1.0,False,FP
mbrainz_16001,lastFM_35907,1.0,False,FP
mbrainz_22701,lastFM_57591,1.0,False,FP
mbrainz_27,lastFM_37,1.0,False,FP
mbrainz_1054,lastFM_2442,1.0,True,TP
mbrainz_7842,lastFM_16724,1.0,False,FP
mbrainz_12930,lastFM_27859,1.0,False,FP
mbrainz_15139,lastFM_33295,1.0,False,FP
mbrainz_15483,lastFM_34084,1.0,False,FP
mbrainz_19119,lastFM_47070,1.0,False,FP
mbrainz_20177,lastFM_50826,1.0,False,FP
mbrainz_25073,lastFM_63301,1.0,False,FP
mbrainz_27627,lastFM_69212,1.0,False,FP
mbrainz_839,lastFM_1946,1.0,False,FP
mbrainz_957,lastFM_2209,1.0,False,FP
mbrainz_94,lastFM_124,1.0,False,FP
mbrainz_172,lastFM_273,1.0,False,FP
mbrainz_2286,lastFM_4937,1.0,False,FP
mbrainz_2474,lastFM_5276,1.0,False,FP
mbrainz_3664,lastFM_7624,1.0,False,FP
mbrainz_7462,lastFM_15952,1.0,False,FP
mbrainz_7874,lastFM_16171,1.0,False,FP
mbrainz_7874,lastFM_16795,1.0,False,FP
mbrainz_9767,lastFM_20790,1.0,False,FP
mbrainz_14452,lastFM_31599,1.0,False,FP
mbrainz_15818,lastFM_35387,1.0,False,FP
mbrainz_7297,lastFM_15594,1.0,False,FP
mbrainz_12973,lastFM_27963,1.0,True,TP
mbrainz_7083,lastFM_15033,1.0,False,FP
mbrainz_11752,lastFM_25239,1.0,False,FP
mbrainz_407,lastFM_822,1.0,False,FP
mbrainz_511,lastFM_1122,1.0,False,FP
mbrainz_641,lastFM_1490,1.0,False,FP
mbrainz_952,lastFM_2200,1.0,False,FP
mbrainz_1047,lastFM_2425,1.0,False,FP
mbrainz_1314,lastFM_3054,1.0,False,FP
mbrainz_2224,lastFM_21522,1.0,False,FP
mbrainz_2458,lastFM_5249,1.0,False,FP
mbrainz_2807,lastFM_5959,1.0,False,FP
mbrainz_3001,lastFM_6350,1.0,False,FP
mbrainz_3065,lastFM_6480,1.0,False,FP
mbrainz_3836,lastFM_7973,1.0,False,FP
mbrainz_4627,lastFM_9536,1.0,False,FP
mbrainz_5391,lastFM_11283,1.0,False,FP
mbrainz_6329,lastFM_13362,1.0,False,FP
mbrainz_7574,lastFM_16166,1.0,False,FP
mbrainz_7736,lastFM_16506,1.0,False,FP
mbrainz_8617,lastFM_18365,1.0,False,FP
mbrainz_9167,lastFM_19509,1.0,False,FP
mbrainz_9185,lastFM_19539,1.0,False,FP
mbrainz_9791,lastFM_20848,1.0,False,FP
mbrainz_10099,lastFM_21522,1.0,False,FP
mbrainz_10240,lastFM_21850,1.0,False,FP
mbrainz_10678,lastFM_22837,1.0,True,TP
mbrainz_10889,lastFM_23319,1.0,False,FP
mbrainz_11773,lastFM_25279,1.0,False,FP
mbrainz_11852,lastFM_25494,1.0,False,FP
mbrainz_12656,lastFM_27285,1.0,False,FP
mbrainz_13002,lastFM_28032,1.0,True,TP
mbrainz_13493,lastFM_29183,1.0,False,FP
mbrainz_15835,lastFM_35465,1.0,False,FP
mbrainz_15966,lastFM_35826,1.0,False,FP
mbrainz_16199,lastFM_36998,1.0,False,FP
mbrainz_19250,lastFM_47544,1.0,True,TP
mbrainz_19375,lastFM_48083,1.0,False,FP
mbrainz_20312,lastFM_51194,1.0,False,FP
mbrainz_20635,lastFM_52014,1.0,False,FP
mbrainz_22047,lastFM_55943,1.0,False,FP
mbrainz_22781,lastFM_57765,1.0,True,TP
mbrainz_22825,lastFM_57896,1.0,False,FP
mbrainz_23223,lastFM_58905,1.0,False,FP
mbrainz_25432,lastFM_64124,1.0,False,FP
mbrainz_27246,lastFM_68199,1.0,True,TP
mbrainz_28983,lastFM_72366,1.0,False,FP
mbrainz_31064,lastFM_77418,1.0,False,FP
mbrainz_32988,lastFM_81776,1.0,False,FP
mbrainz_30,lastFM_40,1.0,False,FP
mbrainz_387,lastFM_755,1.0,False,FP
mbrainz_3663,lastFM_7623,1.0,True,TP
mbrainz_4599,lastFM_9476,1.0,False,FP
mbrainz_4914,lastFM_10197,1.0,False,FP
mbrainz_5823,lastFM_12283,1.0,False,FP
mbrainz_6807,lastFM_14393,1.0,False,FP
mbrainz_6891,lastFM_14591,1.0,False,FP
mbrainz_16376,lastFM_37695,1.0,False,FP
mbrainz_1241,lastFM_2866,1.0,False,FP
mbrainz_956,lastFM_2208,1.0,False,FP
mbrainz_14824,lastFM_31759,1.0,False,FP
mbrainz_69,lastFM_91,1.0,False,FP
mbrainz_449,lastFM_936,1.0,False,FP
mbrainz_1916,lastFM_4259,1.0,False,FP
mbrainz_2208,lastFM_4786,1.0,False,FP
mbrainz_12400,lastFM_26717,1.0,False,FP
mbrainz_16858,lastFM_39237,1.0,True,TP
mbrainz_19567,lastFM_48749,1.0,False,FP
mbrainz_20138,lastFM_50717,1.0,False,FP
mbrainz_20650,lastFM_52054,1.0,False,FP
mbrainz_21967,lastFM_55730,1.0,False,FP
mbrainz_25264,lastFM_63737,1.0,False,FP
mbrainz_30343,lastFM_75729,1.0,False,FP
mbrainz_22290,lastFM_56558,1.0,False,FP
mbrainz_626,lastFM_1437,1.0,False,FP
mbrainz_10773,lastFM_23054,1.0,False,FP
mbrainz_23796,lastFM_60307,1.0,False,FP
mbrainz_1775,lastFM_4011,1.0,False,FP
mbrainz_8670,lastFM_18483,1.0,False,FP
mbrainz_3951,lastFM_8210,1.0,False,FP
mbrainz_19064,lastFM_46871,1.0,False,FP
mbrainz_28820,lastFM_72013,1.0,False,FP
mbrainz_195,lastFM_329,1.0,False,FP
mbrainz_341,lastFM_629,1.0,False,FP
mbrainz_803,lastFM_1882,1.0,False,FP
mbrainz_1169,lastFM_2704,1.0,False,FP
mbrainz_1600,lastFM_3745,1.0,False,FP
mbrainz_2342,lastFM_5049,1.0,False,FP
mbrainz_2554,lastFM_5439,1.0,False,FP
mbrainz_2716,lastFM_5768,1.0,True,TP
mbrainz_3145,lastFM_6641,1.0,False,FP
mbrainz_3145,lastFM_10945,1.0,False,FP
mbrainz_3613,lastFM_7536,1.0,False,FP
mbrainz_4477,lastFM_9234,1.0,False,FP
mbrainz_4492,lastFM_9254,1.0,True,TP
mbrainz_4952,lastFM_10277,1.0,False,FP
mbrainz_6621,lastFM_13990,1.0,False,FP
mbrainz_6693,lastFM_14139,1.0,True,TP
mbrainz_7247,lastFM_12904,1.0,False,FP
mbrainz_7275,lastFM_15533,1.0,False,FP
mbrainz_7738,lastFM_16509,1.0,False,FP
mbrainz_9790,lastFM_20844,1.0,False,FP
mbrainz_11478,lastFM_24595,1.0,False,FP
mbrainz_15077,lastFM_33150,1.0,False,FP
mbrainz_15556,lastFM_34250,1.0,False,FP
mbrainz_15623,lastFM_34448,1.0,False,FP
mbrainz_16197,lastFM_36994,1.0,False,FP
mbrainz_17009,lastFM_39755,1.0,False,FP
mbrainz_17238,lastFM_40429,1.0,False,FP
mbrainz_18372,lastFM_44539,1.0,False,FP
mbrainz_19169,lastFM_47225,1.0,False,FP
mbrainz_23118,lastFM_58638,1.0,False,FP
mbrainz_24019,lastFM_60835,1.0,False,FP
mbrainz_25686,lastFM_64707,1.0,False,FP
mbrainz_25776,lastFM_64867,1.0,True,TP
mbrainz_27382,lastFM_68528,1.0,False,FP
mbrainz_30023,lastFM_74938,1.0,False,FP
mbrainz_30273,lastFM_75577,1.0,False,FP
mbrainz_30391,lastFM_75857,1.0,False,FP
mbrainz_118,lastFM_154,1.0,False,FP
mbrainz_4195,lastFM_8695,1.0,False,FP
mbrainz_12620,lastFM_27189,1.0,False,FP
mbrainz_15638,lastFM_34479,1.0,False,FP
mbrainz_61,lastFM_81,1.0,False,FP
mbrainz_307,lastFM_541,1.0,False,FP
mbrainz_7973,lastFM_17009,1.0,False,FP
mbrainz_8419,lastFM_17996,1.0,False,FP
mbrainz_16206,lastFM_37021,1.0,False,FP
mbrainz_8061,lastFM_17205,1.0,False,FP
mbrainz_18181,lastFM_43932,1.0,False,FP
mbrainz_20242,lastFM_51000,1.0,False,FP
mbrainz_2058,lastFM_4521,1.0,True,TP
mbrainz_3435,lastFM_7201,1.0,False,FP
mbrainz_3608,lastFM_7524,1.0,False,FP
mbrainz_3966,lastFM_8236,1.0,False,FP
mbrainz_4616,lastFM_9511,1.0,True,TP
mbrainz_5262,lastFM_10972,1.0,False,FP
mbrainz_5464,lastFM_11459,1.0,False,FP
mbrainz_5845,lastFM_12330,1.0,False,FP
mbrainz_5914,lastFM_12468,1.0,False,FP
mbrainz_5957,lastFM_12547,1.0,False,FP
mbrainz_6026,lastFM_12682,1.0,False,FP
mbrainz_6283,lastFM_13258,1.0,True,TP
mbrainz_7468,lastFM_15963,1.0,False,FP
mbrainz_8820,lastFM_18794,1.0,True,TP
mbrainz_9318,lastFM_19822,1.0,False,FP
mbrainz_10131,lastFM_21596,1.0,False,FP
mbrainz_10949,lastFM_23458,1.0,False,FP
mbrainz_11359,lastFM_24361,1.0,False,FP
mbrainz_12301,lastFM_26483,1.0,False,FP
mbrainz_13229,lastFM_28531,1.0,True,TP
mbrainz_14136,lastFM_30795,1.0,False,FP
mbrainz_16104,lastFM_36665,1.0,False,FP
mbrainz_16714,lastFM_38743,1.0,False,FP
mbrainz_16814,lastFM_39063,1.0,False,FP
mbrainz_17677,lastFM_42085,1.0,False,FP
mbrainz_18594,lastFM_45304,1.0,False,FP
mbrainz_19150,lastFM_47174,1.0,False,FP
mbrainz_20392,lastFM_51395,1.0,True,TP
mbrainz_24353,lastFM_61643,1.0,False,FP
mbrainz_24514,lastFM_62020,1.0,False,FP
mbrainz_24892,lastFM_62908,1.0,False,FP
mbrainz_27763,lastFM_69557,1.0,False,FP
mbrainz_31590,lastFM_78581,1.0,False,FP
mbrainz_33346,lastFM_82537,1.0,True,TP
mbrainz_26294,lastFM_66025,1.0,False,FP
mbrainz_7181,lastFM_15296,1.0,False,FP
mbrainz_3514,lastFM_7352,1.0,False,FP
mbrainz_19066,lastFM_46876,1.0,False,FP
mbrainz_22029,lastFM_55910,1.0,False,FP
mbrainz_22286,lastFM_56542,1.0,False,FP
mbrainz_33393,lastFM_82620,1.0,True,TP
mbrainz_3507,lastFM_7338,1.0,False,FP
mbrainz_4226,lastFM_8752,1.0,False,FP
mbrainz_6205,lastFM_13089,1.0,False,FP
mbrainz_6207,lastFM_13093,1.0,False,FP
mbrainz_6898,lastFM_14609,1.0,False,FP
mbrainz_6898,lastFM_57563,1.0,False,FP
mbrainz_7643,lastFM_16298,1.0,True,TP
mbrainz_17583,lastFM_41766,1.0,False,FP
mbrainz_20148,lastFM_50749,1.0,False,FP
mbrainz_24495,lastFM_61984,1.0,False,FP
mbrainz_25265,lastFM_63740,1.0,False,FP
mbrainz_27397,lastFM_68560,1.0,False,FP
mbrainz_38,lastFM_52,1.0,False,FP
mbrainz_20866,lastFM_52591,1.0,False,FP
mbrainz_10365,lastFM_22118,1.0,False,FP
mbrainz_648,lastFM_1506,1.0,True,TP
mbrainz_1166,lastFM_2696,1.0,True,TP
mbrainz_1267,lastFM_2927,1.0,False,FP
mbrainz_2485,lastFM_5310,1.0,False,FP
mbrainz_3741,lastFM_7789,1.0,True,TP
mbrainz_5290,lastFM_11039,1.0,False,FP
mbrainz_8260,lastFM_17665,1.0,False,FP
mbrainz_8680,lastFM_18500,1.0,False,FP
mbrainz_17655,lastFM_42011,1.0,False,FP
mbrainz_33679,lastFM_83227,1.0,False,FP
mbrainz_646,lastFM_1500,1.0,False,FP
mbrainz_5596,lastFM_11781,1.0,False,FP
mbrainz_7614,lastFM_16241,1.0,True,TP
mbrainz_147,lastFM_198,1.0,False,FP
mbrainz_255,lastFM_434,1.0,False,FP
mbrainz_280,lastFM_482,1.0,False,FP
mbrainz_1158,lastFM_2667,1.0,False,FP
mbrainz_1192,lastFM_2752,1.0,True,TP
mbrainz_1617,lastFM_3767,1.0,True,TP
mbrainz_3068,lastFM_6487,1.0,True,TP
mbrainz_4110,lastFM_8517,1.0,True,TP
mbrainz_5301,lastFM_11073,1.0,False,FP
mbrainz_6257,lastFM_13197,1.0,False,FP
mbrainz_7470,lastFM_15968,1.0,True,TP
mbrainz_7764,lastFM_16567,1.0,False,FP
mbrainz_7905,lastFM_16862,1.0,False,FP
mbrainz_8709,lastFM_18559,1.0,False,FP
mbrainz_8941,lastFM_19031,1.0,False,FP
mbrainz_10902,lastFM_23352,1.0,False,FP
mbrainz_11858,lastFM_25508,1.0,False,FP
mbrainz_12926,lastFM_27846,1.0,False,FP
mbrainz_13725,lastFM_29755,1.0,False,FP
mbrainz_14463,lastFM_31636,1.0,False,FP
mbrainz_16798,lastFM_39006,1.0,False,FP
mbrainz_17127,lastFM_40079,1.0,False,FP
mbrainz_17820,lastFM_42755,1.0,False,FP
mbrainz_18518,lastFM_45052,1.0,False,FP
mbrainz_18615,lastFM_45369,1.0,False,FP
mbrainz_19745,lastFM_49570,1.0,True,TP
mbrainz_19825,lastFM_49808,1.0,False,FP
mbrainz_20179,lastFM_50832,1.0,False,FP
mbrainz_22878,lastFM_58036,1.0,True,TP
mbrainz_23745,lastFM_60170,1.0,True,TP
mbrainz_25334,lastFM_63878,1.0,False,FP
mbrainz_26105,lastFM_65603,1.0,True,TP
mbrainz_26584,lastFM_66647,1.0,False,FP
mbrainz_28702,lastFM_71752,1.0,False,FP
mbrainz_29291,lastFM_73050,1.0,False,FP
mbrainz_611,lastFM_1397,1.0,True,TP
mbrainz_1209,lastFM_2789,1.0,False,FP
mbrainz_2542,lastFM_5419,1.0,False,FP
mbrainz_3342,lastFM_7016,1.0,True,TP
mbrainz_9294,lastFM_19766,1.0,False,FP
mbrainz_11330,lastFM_24287,1.0,True,TP
mbrainz_17999,lastFM_43350,1.0,False,FP
mbrainz_28944,lastFM_72281,1.0,True,TP
mbrainz_11424,lastFM_24505,1.0,False,FP
mbrainz_4421,lastFM_9137,1.0,False,FP
mbrainz_90,lastFM_119,1.0,False,FP
mbrainz_350,lastFM_647,1.0,False,FP
mbrainz_426,lastFM_879,1.0,False,FP
mbrainz_569,lastFM_1253,1.0,False,FP
mbrainz_894,lastFM_2074,1.0,False,FP
mbrainz_999,lastFM_2315,1.0,False,FP
mbrainz_1001,lastFM_2318,1.0,False,FP
mbrainz_1017,lastFM_2358,1.0,True,TP
mbrainz_1342,lastFM_3123,1.0,False,FP
mbrainz_1399,lastFM_3252,1.0,False,FP
mbrainz_2674,lastFM_5678,1.0,True,TP
mbrainz_3031,lastFM_6401,1.0,True,TP
mbrainz_3142,lastFM_6636,1.0,False,FP
mbrainz_3341,lastFM_7006,1.0,False,FP
mbrainz_3547,lastFM_7417,1.0,False,FP
mbrainz_3774,lastFM_7845,1.0,False,FP
mbrainz_3801,lastFM_7895,1.0,False,FP
mbrainz_3974,lastFM_8252,1.0,False,FP
mbrainz_4197,lastFM_8700,1.0,False,FP
mbrainz_4340,lastFM_8961,1.0,False,FP
mbrainz_5149,lastFM_10714,1.0,False,FP
mbrainz_5479,lastFM_11500,1.0,True,TP
mbrainz_5801,lastFM_12227,1.0,False,FP
mbrainz_5960,lastFM_12552,1.0,False,FP
mbrainz_6368,lastFM_13443,1.0,False,FP
mbrainz_8053,lastFM_17195,1.0,False,FP
mbrainz_8227,lastFM_17605,1.0,True,TP
mbrainz_8994,lastFM_19152,1.0,True,TP
mbrainz_10200,lastFM_21762,1.0,False,FP
mbrainz_10203,lastFM_21766,1.0,False,FP
mbrainz_10329,lastFM_22038,1.0,False,FP
mbrainz_11847,lastFM_25486,1.0,False,FP
mbrainz_12051,lastFM_25962,1.0,False,FP
mbrainz_12487,lastFM_26891,1.0,False,FP
mbrainz_12711,lastFM_27391,1.0,False,FP
mbrainz_13085,lastFM_28235,1.0,False,FP
mbrainz_13642,lastFM_29572,1.0,False,FP
mbrainz_14185,lastFM_30934,1.0,False,FP
mbrainz_14648,lastFM_32080,1.0,True,TP
mbrainz_14792,lastFM_32438,1.0,True,TP
mbrainz_15128,lastFM_33279,1.0,False,FP
mbrainz_15154,lastFM_33336,1.0,False,FP
mbrainz_16272,lastFM_37270,1.0,False,FP
mbrainz_16361,lastFM_37645,1.0,False,FP
mbrainz_16361,lastFM_43953,1.0,False,FP
mbrainz_18191,lastFM_37645,1.0,False,FP
mbrainz_18191,lastFM_43953,1.0,False,FP
mbrainz_18487,lastFM_44927,1.0,False,FP
mbrainz_18656,lastFM_45512,1.0,False,FP
mbrainz_18664,lastFM_45547,1.0,False,FP
mbrainz_23238,lastFM_58943,1.0,False,FP
mbrainz_23260,lastFM_59010,1.0,False,FP
mbrainz_23379,lastFM_59304,1.0,False,FP
mbrainz_24711,lastFM_62517,1.0,False,FP
mbrainz_24793,lastFM_62689,1.0,True,TP
mbrainz_25303,lastFM_63816,1.0,False,FP
mbrainz_25921,lastFM_65219,1.0,False,FP
mbrainz_26403,lastFM_66262,1.0,False,FP
mbrainz_26536,lastFM_66530,1.0,False,FP
mbrainz_27204,lastFM_68108,1.0,False,FP
mbrainz_27665,lastFM_69306,1.0,False,FP
mbrainz_28230,lastFM_70612,1.0,True,TP
mbrainz_28635,lastFM_71615,1.0,False,FP
mbrainz_29935,lastFM_74715,1.0,False,FP
mbrainz_31745,lastFM_78966,1.0,False,FP
mbrainz_11897,lastFM_25585,1.0,False,FP
mbrainz_40,lastFM_54,1.0,False,FP
mbrainz_1325,lastFM_3075,1.0,False,FP
mbrainz_3178,lastFM_6705,1.0,True,TP
mbrainz_4745,lastFM_9809,1.0,False,FP
mbrainz_8542,lastFM_18227,1.0,False,FP
mbrainz_20817,lastFM_52468,1.0,False,FP
mbrainz_7895,lastFM_16836,1.0,False,FP
mbrainz_8137,lastFM_17399,1.0,True,TP
mbrainz_8996,lastFM_19155,1.0,False,FP
mbrainz_10222,lastFM_21816,1.0,False,FP
mbrainz_15658,lastFM_34846,1.0,False,FP
mbrainz_19923,lastFM_50123,1.0,False,FP
mbrainz_21295,lastFM_53871,1.0,True,TP
mbrainz_1240,lastFM_2863,1.0,True,TP
mbrainz_4736,lastFM_9794,1.0,True,TP
mbrainz_29595,lastFM_73829,1.0,False,FP
mbrainz_348,lastFM_643,1.0,False,FP
mbrainz_943,lastFM_2186,1.0,True,TP
mbrainz_1791,lastFM_4036,1.0,False,FP
mbrainz_3696,lastFM_7698,1.0,False,FP
mbrainz_5030,lastFM_10450,1.0,False,FP
mbrainz_10449,lastFM_22295,1.0,False,FP
mbrainz_10692,lastFM_22874,1.0,False,FP
mbrainz_12272,lastFM_26425,1.0,False,FP
mbrainz_17408,lastFM_40955,1.0,False,FP
mbrainz_19991,lastFM_50314,1.0,False,FP
mbrainz_25239,lastFM_63674,1.0,False,FP
mbrainz_7703,lastFM_16449,1.0,False,FP
mbrainz_19831,lastFM_49832,1.0,False,FP
mbrainz_13939,lastFM_30275,1.0,False,FP
mbrainz_16368,lastFM_37670,1.0,False,FP
mbrainz_18358,lastFM_44496,1.0,False,FP
mbrainz_8612,lastFM_18358,1.0,False,FP
mbrainz_2951,lastFM_6239,1.0,False,FP
mbrainz_3014,lastFM_6375,1.0,False,FP
mbrainz_3431,lastFM_7192,1.0,False,FP
mbrainz_3544,lastFM_7410,1.0,False,FP
mbrainz_5162,lastFM_10749,1.0,False,FP
mbrainz_5167,lastFM_10763,1.0,False,FP
mbrainz_7234,lastFM_15436,1.0,False,FP
mbrainz_10239,lastFM_21846,1.0,False,FP
mbrainz_11450,lastFM_24545,1.0,False,FP
mbrainz_11547,lastFM_68135,1.0,False,FP
mbrainz_11547,lastFM_70624,1.0,False,FP
mbrainz_11584,lastFM_24837,1.0,False,FP
mbrainz_15071,lastFM_33138,1.0,False,FP
mbrainz_15331,lastFM_57781,1.0,False,FP
mbrainz_17012,lastFM_39768,1.0,False,FP
mbrainz_17504,lastFM_41493,1.0,False,FP
mbrainz_24842,lastFM_62806,1.0,False,FP
mbrainz_25035,lastFM_63214,1.0,False,FP
mbrainz_26097,lastFM_65584,1.0,False,FP
mbrainz_26672,lastFM_66858,1.0,False,FP
mbrainz_31206,lastFM_57781,1.0,False,FP
mbrainz_31206,lastFM_68135,1.0,False,FP
mbrainz_32870,lastFM_81524,1.0,False,FP
mbrainz_2996,lastFM_6336,1.0,False,FP
mbrainz_10025,lastFM_21345,1.0,False,FP
mbrainz_27580,lastFM_69091,1.0,True,TP
mbrainz_262,lastFM_444,1.0,False,FP
mbrainz_3445,lastFM_7220,1.0,False,FP
mbrainz_7206,lastFM_15364,1.0,False,FP
mbrainz_8310,lastFM_17780,1.0,False,FP
mbrainz_14100,lastFM_30695,1.0,False,FP
mbrainz_22405,lastFM_56850,1.0,False,FP
mbrainz_27555,lastFM_69035,1.0,False,FP
mbrainz_28630,lastFM_71575,1.0,True,TP
mbrainz_32120,lastFM_79841,1.0,False,FP
mbrainz_14773,lastFM_32396,1.0,True,TP
mbrainz_24364,lastFM_61669,1.0,False,FP
mbrainz_4234,lastFM_8772,1.0,False,FP
mbrainz_1856,lastFM_4164,1.0,False,FP
mbrainz_8737,lastFM_18612,1.0,False,FP
mbrainz_8963,lastFM_19085,1.0,False,FP
mbrainz_9087,lastFM_19350,1.0,False,FP
mbrainz_9975,lastFM_21256,1.0,False,FP
mbrainz_11979,lastFM_25774,1.0,False,FP
mbrainz_21619,lastFM_54762,1.0,False,FP
mbrainz_29817,lastFM_51544,1.0,False,FP
mbrainz_2717,lastFM_5778,1.0,False,FP
mbrainz_17696,lastFM_42159,1.0,False,FP
mbrainz_4374,lastFM_9039,1.0,False,FP
mbrainz_5188,lastFM_10823,1.0,False,FP
mbrainz_5256,lastFM_10958,1.0,False,FP
mbrainz_6341,lastFM_13391,1.0,False,FP
mbrainz_7217,lastFM_15394,1.0,True,TP
mbrainz_9683,lastFM_20607,1.0,True,TP
mbrainz_9749,lastFM_20755,1.0,False,FP
mbrainz_11986,lastFM_25796,1.0,False,FP
mbrainz_12106,lastFM_26094,1.0,False,FP
mbrainz_12155,lastFM_26183,1.0,False,FP
mbrainz_13133,lastFM_28322,1.0,False,FP
mbrainz_17160,lastFM_40176,1.0,False,FP
mbrainz_20406,lastFM_51423,1.0,False,FP
mbrainz_21264,lastFM_53786,1.0,False,FP
mbrainz_22480,lastFM_57059,1.0,False,FP
mbrainz_27893,lastFM_69853,1.0,False,FP
mbrainz_31774,lastFM_79052,1.0,False,FP
mbrainz_31847,lastFM_79215,1.0,False,FP
mbrainz_4812,lastFM_9966,1.0,True,TP
mbrainz_523,lastFM_1148,1.0,False,FP
mbrainz_1301,lastFM_3010,1.0,True,TP
mbrainz_18786,lastFM_46013,1.0,False,FP
mbrainz_23422,lastFM_59417,1.0,False,FP
mbrainz_30659,lastFM_76507,1.0,False,FP
mbrainz_10951,lastFM_23462,1.0,False,FP
mbrainz_354,lastFM_654,1.0,False,FP
mbrainz_3615,lastFM_7538,1.0,False,FP
mbrainz_6312,lastFM_13320,1.0,False,FP
mbrainz_7223,lastFM_15409,1.0,False,FP
mbrainz_9945,lastFM_21192,1.0,False,FP
mbrainz_13309,lastFM_28743,1.0,False,FP
mbrainz_16057,lastFM_36426,1.0,False,FP
mbrainz_16109,lastFM_36701,1.0,False,FP
mbrainz_16231,lastFM_37119,1.0,True,TP
mbrainz_16465,lastFM_37972,1.0,False,FP
mbrainz_21143,lastFM_53466,1.0,False,FP
mbrainz_26628,lastFM_66759,1.0,True,TP
mbrainz_28750,lastFM_31945,1.0,False,FP
mbrainz_28846,lastFM_72056,1.0,False,FP
mbrainz_33271,lastFM_82385,1.0,False,FP
mbrainz_49,lastFM_67,1.0,False,FP
mbrainz_578,lastFM_1297,1.0,False,FP
mbrainz_10481,lastFM_22364,1.0,False,FP
mbrainz_14754,lastFM_32352,1.0,False,FP
mbrainz_15930,lastFM_35747,1.0,False,FP
mbrainz_11479,lastFM_24600,1.0,False,FP
mbrainz_16712,lastFM_38732,1.0,False,FP
mbrainz_13074,lastFM_28214,1.0,False,FP
mbrainz_14588,lastFM_31945,1.0,False,FP
mbrainz_8326,lastFM_17810,1.0,True,TP
mbrainz_17839,lastFM_42855,1.0,False,FP
mbrainz_23371,lastFM_59285,1.0,False,FP
mbrainz_1502,lastFM_3502,1.0,False,FP
mbrainz_4054,lastFM_8416,1.0,False,FP
mbrainz_1483,lastFM_3458,1.0,True,TP
mbrainz_3098,lastFM_6544,1.0,False,FP
mbrainz_3098,lastFM_50816,1.0,False,FP
mbrainz_3105,lastFM_6557,1.0,False,FP
mbrainz_10599,lastFM_22659,1.0,False,FP
mbrainz_10839,lastFM_23216,1.0,False,FP
mbrainz_11325,lastFM_24279,1.0,False,FP
mbrainz_12166,lastFM_26204,1.0,False,FP
mbrainz_17436,lastFM_41038,1.0,False,FP
mbrainz_26756,lastFM_67034,1.0,False,FP
mbrainz_86,lastFM_113,1.0,False,FP
mbrainz_298,lastFM_518,1.0,False,FP
mbrainz_2805,lastFM_5956,1.0,False,FP
mbrainz_3165,lastFM_6675,1.0,False,FP
mbrainz_4205,lastFM_8720,1.0,False,FP
mbrainz_7602,lastFM_16216,1.0,True,TP
mbrainz_9210,lastFM_19584,1.0,False,FP
mbrainz_9668,lastFM_20570,1.0,False,FP
mbrainz_10145,lastFM_21626,1.0,False,FP
mbrainz_10145,lastFM_75741,1.0,False,FP
mbrainz_10402,lastFM_22194,1.0,False,FP
mbrainz_10819,lastFM_23177,1.0,False,FP
mbrainz_12865,lastFM_27718,1.0,False,FP
mbrainz_12979,lastFM_27971,1.0,False,FP
mbrainz_13066,lastFM_28190,1.0,False,FP
mbrainz_13212,lastFM_28498,1.0,False,FP
mbrainz_14013,lastFM_30445,1.0,False,FP
mbrainz_15683,lastFM_34933,1.0,False,FP
mbrainz_18462,lastFM_44842,1.0,False,FP
mbrainz_22735,lastFM_57674,1.0,False,FP
mbrainz_28953,lastFM_72299,1.0,False,FP
mbrainz_29929,lastFM_74701,1.0,False,FP
mbrainz_6148,lastFM_12949,1.0,False,FP
mbrainz_6404,lastFM_13508,1.0,False,FP
mbrainz_6562,lastFM_13861,1.0,True,TP
mbrainz_9006,lastFM_19184,1.0,False,FP
mbrainz_13120,lastFM_28303,1.0,False,FP
mbrainz_21027,lastFM_53101,1.0,False,FP
mbrainz_13636,lastFM_29545,1.0,False,FP
mbrainz_13647,lastFM_29584,1.0,False,FP
mbrainz_17871,lastFM_42979,1.0,False,FP
mbrainz_344,lastFM_637,1.0,True,TP
mbrainz_447,lastFM_930,1.0,False,FP
mbrainz_3917,lastFM_31199,1.0,False,FP
mbrainz_3924,lastFM_8141,1.0,False,FP
mbrainz_6539,lastFM_13815,1.0,False,FP
mbrainz_12373,lastFM_26651,1.0,False,FP
mbrainz_12653,lastFM_27273,1.0,True,TP
mbrainz_14091,lastFM_30678,1.0,True,TP
mbrainz_15680,lastFM_34918,1.0,False,FP
mbrainz_16690,lastFM_38659,1.0,False,FP
mbrainz_17945,lastFM_43204,1.0,True,TP
mbrainz_19986,lastFM_50291,1.0,False,FP
mbrainz_21601,lastFM_54718,1.0,False,FP
mbrainz_28750,lastFM_71867,1.0,True,TP
mbrainz_31273,lastFM_77865,1.0,False,FP
mbrainz_808,lastFM_1891,1.0,True,TP
mbrainz_17086,lastFM_39977,1.0,False,FP
mbrainz_20849,lastFM_52539,1.0,False,FP
mbrainz_21064,lastFM_53235,1.0,False,FP
mbrainz_25221,lastFM_63634,1.0,False,FP
mbrainz_3660,lastFM_7617,1.0,False,FP
mbrainz_4355,lastFM_8990,1.0,False,FP
mbrainz_6078,lastFM_12788,1.0,True,TP
mbrainz_6527,lastFM_13785,1.0,False,FP
mbrainz_17635,lastFM_41949,1.0,False,FP
mbrainz_21721,lastFM_55001,1.0,False,FP
mbrainz_23854,lastFM_60434,1.0,False,FP
mbrainz_26518,lastFM_66492,1.0,False,FP
mbrainz_4185,lastFM_8676,1.0,False,FP
mbrainz_7087,lastFM_15054,1.0,False,FP
mbrainz_9848,lastFM_20983,1.0,False,FP
mbrainz_11251,lastFM_24126,1.0,False,FP
mbrainz_19853,lastFM_49910,1.0,False,FP
mbrainz_24797,lastFM_62694,1.0,False,FP
mbrainz_32487,lastFM_80704,1.0,False,FP
mbrainz_12967,lastFM_27952,1.0,False,FP
mbrainz_1552,lastFM_3624,1.0,False,FP
mbrainz_1840,lastFM_4128,1.0,False,FP
mbrainz_3051,lastFM_6442,1.0,False,FP
mbrainz_3085,lastFM_6525,1.0,False,FP
mbrainz_3221,lastFM_34906,1.0,False,FP
mbrainz_3549,lastFM_7420,1.0,False,FP
mbrainz_3688,lastFM_7677,1.0,False,FP
mbrainz_4480,lastFM_9238,1.0,False,FP
mbrainz_5219,lastFM_10885,1.0,False,FP
mbrainz_5594,lastFM_11773,1.0,False,FP
mbrainz_6100,lastFM_12829,1.0,False,FP
mbrainz_6437,lastFM_13595,1.0,False,FP
mbrainz_7796,lastFM_16635,1.0,False,FP
mbrainz_7972,lastFM_17008,1.0,False,FP
mbrainz_8158,lastFM_17447,1.0,False,FP
mbrainz_9005,lastFM_19183,1.0,True,TP
mbrainz_9180,lastFM_19533,1.0,False,FP
mbrainz_9783,lastFM_20833,1.0,False,FP
mbrainz_10112,lastFM_21544,1.0,False,FP
mbrainz_10369,lastFM_22125,1.0,False,FP
mbrainz_11353,lastFM_24354,1.0,False,FP
mbrainz_11728,lastFM_25180,1.0,False,FP
mbrainz_13253,lastFM_28598,1.0,True,TP
mbrainz_14789,lastFM_32434,1.0,False,FP
mbrainz_15359,lastFM_33784,1.0,False,FP
mbrainz_17203,lastFM_40312,1.0,False,FP
mbrainz_17640,lastFM_41967,1.0,False,FP
mbrainz_18501,lastFM_44997,1.0,True,TP
mbrainz_19488,lastFM_48496,1.0,False,FP
mbrainz_20196,lastFM_50899,1.0,False,FP
mbrainz_20594,lastFM_51898,1.0,False,FP
mbrainz_21962,lastFM_55714,1.0,False,FP
mbrainz_29816,lastFM_74422,1.0,False,FP
mbrainz_30489,lastFM_76111,1.0,False,FP
mbrainz_12797,lastFM_27551,1.0,False,FP
mbrainz_17392,lastFM_14309,1.0,False,FP
mbrainz_247,lastFM_425,1.0,True,TP
mbrainz_581,lastFM_1306,1.0,False,FP
mbrainz_2200,lastFM_4765,1.0,True,TP
mbrainz_3296,lastFM_6921,1.0,True,TP
mbrainz_4542,lastFM_9364,1.0,False,FP
mbrainz_4581,lastFM_9440,1.0,False,FP
mbrainz_5072,lastFM_10538,1.0,False,FP
mbrainz_6249,lastFM_13181,1.0,False,FP
mbrainz_6256,lastFM_13196,1.0,False,FP
mbrainz_6907,lastFM_14634,1.0,True,TP
mbrainz_8104,lastFM_17317,1.0,False,FP
mbrainz_8992,lastFM_19147,1.0,False,FP
mbrainz_9549,lastFM_20316,1.0,False,FP
mbrainz_10066,lastFM_21441,1.0,False,FP
mbrainz_11534,lastFM_24718,1.0,False,FP
mbrainz_13242,lastFM_28569,1.0,False,FP
mbrainz_17763,lastFM_42390,1.0,False,FP
mbrainz_21647,lastFM_54841,1.0,True,TP
mbrainz_23470,lastFM_59527,1.0,False,FP
mbrainz_23957,lastFM_60676,1.0,False,FP
mbrainz_25404,lastFM_64060,1.0,True,TP
mbrainz_26100,lastFM_65592,1.0,False,FP
mbrainz_64,lastFM_84,1.0,True,TP
mbrainz_593,lastFM_1345,1.0,False,FP
mbrainz_3053,lastFM_6451,1.0,False,FP
mbrainz_7487,lastFM_15999,1.0,False,FP
mbrainz_7832,lastFM_16701,1.0,False,FP
mbrainz_9705,lastFM_20671,1.0,False,FP
mbrainz_26219,lastFM_65857,1.0,True,TP
mbrainz_3967,lastFM_8237,1.0,True,TP
mbrainz_740,lastFM_1744,1.0,False,FP
mbrainz_1447,lastFM_3361,1.0,False,FP
mbrainz_3679,lastFM_7657,1.0,False,FP
mbrainz_359,lastFM_666,1.0,True,TP
mbrainz_12072,lastFM_25997,1.0,False,FP
mbrainz_26544,lastFM_66547,1.0,False,FP
mbrainz_66,lastFM_88,1.0,False,FP
mbrainz_719,lastFM_1683,1.0,False,FP
mbrainz_1456,lastFM_3395,1.0,False,FP
mbrainz_1562,lastFM_3645,1.0,False,FP
mbrainz_1697,lastFM_3891,1.0,False,FP
mbrainz_1981,lastFM_4379,1.0,False,FP
mbrainz_2116,lastFM_4615,1.0,False,FP
mbrainz_2741,lastFM_5828,1.0,False,FP
mbrainz_2901,lastFM_6134,1.0,False,FP
mbrainz_2950,lastFM_6226,1.0,False,FP
mbrainz_5239,lastFM_10922,1.0,True,TP
mbrainz_5422,lastFM_11359,1.0,False,FP
mbrainz_6990,lastFM_14832,1.0,True,TP
mbrainz_7812,lastFM_16667,1.0,False,FP
mbrainz_8788,lastFM_18735,1.0,False,FP
mbrainz_9144,lastFM_19471,1.0,False,FP
mbrainz_9768,lastFM_20795,1.0,True,TP
mbrainz_10128,lastFM_59007,1.0,False,FP
mbrainz_11469,lastFM_24580,1.0,False,FP
mbrainz_12041,lastFM_25937,1.0,False,FP
mbrainz_12566,lastFM_27070,1.0,False,FP
mbrainz_13366,lastFM_28889,1.0,False,FP
mbrainz_14205,lastFM_30977,1.0,False,FP
mbrainz_14913,lastFM_32760,1.0,False,FP
mbrainz_16327,lastFM_37535,1.0,False,FP
mbrainz_18137,lastFM_41840,1.0,False,FP
mbrainz_18855,lastFM_46216,1.0,False,FP
mbrainz_19335,lastFM_47697,1.0,False,FP
mbrainz_22988,lastFM_35721,1.0,False,FP
mbrainz_23203,lastFM_58846,1.0,True,TP
mbrainz_26626,lastFM_66752,1.0,False,FP
mbrainz_28187,lastFM_70510,1.0,False,FP
mbrainz_28928,lastFM_72248,1.0,False,FP
mbrainz_30006,lastFM_74906,1.0,False,FP
mbrainz_30346,lastFM_75735,1.0,False,FP
mbrainz_30379,lastFM_75824,1.0,False,FP
mbrainz_32963,lastFM_81722,1.0,False,FP
mbrainz_6602,lastFM_13952,1.0,True,TP
mbrainz_2162,lastFM_4697,1.0,False,FP
mbrainz_2176,lastFM_4721,1.0,False,FP
mbrainz_2816,lastFM_5973,1.0,False,FP
mbrainz_2945,lastFM_6220,1.0,False,FP
mbrainz_3021,lastFM_6388,1.0,False,FP
mbrainz_3614,lastFM_7537,1.0,False,FP
mbrainz_8334,lastFM_17834,1.0,False,FP
mbrainz_9446,lastFM_25990,1.0,False,FP
mbrainz_11431,lastFM_24512,1.0,True,TP
mbrainz_17692,lastFM_42138,1.0,False,FP
mbrainz_22462,lastFM_25990,1.0,True,TP
mbrainz_22937,lastFM_58210,1.0,False,FP
mbrainz_68,lastFM_90,1.0,False,FP
mbrainz_18946,lastFM_46525,1.0,False,FP
mbrainz_1549,lastFM_12514,1.0,False,FP
mbrainz_5941,lastFM_12514,1.0,False,FP
mbrainz_2811,lastFM_5964,1.0,False,FP
mbrainz_3723,lastFM_7752,1.0,False,FP
mbrainz_7052,lastFM_14971,1.0,False,FP
mbrainz_7988,lastFM_17046,1.0,False,FP
mbrainz_19319,lastFM_47673,1.0,False,FP
mbrainz_19686,lastFM_49395,1.0,False,FP
mbrainz_21551,lastFM_54580,1.0,False,FP
mbrainz_32924,lastFM_14971,1.0,False,FP
mbrainz_32924,lastFM_81630,1.0,True,TP
mbrainz_6351,lastFM_13406,1.0,False,FP
mbrainz_27063,lastFM_67785,1.0,False,FP
mbrainz_1588,lastFM_3728,1.0,False,FP
mbrainz_5361,lastFM_11228,1.0,False,FP
mbrainz_12642,lastFM_27234,1.0,False,FP
mbrainz_550,lastFM_1200,1.0,False,FP
mbrainz_4017,lastFM_8348,1.0,False,FP
mbrainz_4029,lastFM_8373,1.0,False,FP
mbrainz_5054,lastFM_10490,1.0,False,FP
mbrainz_7961,lastFM_16967,1.0,True,TP
mbrainz_9599,lastFM_20430,1.0,False,FP
mbrainz_10020,lastFM_21338,1.0,False,FP
mbrainz_14036,lastFM_30509,1.0,False,FP
mbrainz_14922,lastFM_32779,1.0,False,FP
mbrainz_16389,lastFM_37733,1.0,False,FP
mbrainz_16471,lastFM_38000,1.0,False,FP
mbrainz_16151,lastFM_36845,1.0,False,FP
mbrainz_12940,lastFM_27896,1.0,False,FP
mbrainz_26853,lastFM_67297,1.0,False,FP
mbrainz_16932,lastFM_39506,1.0,False,FP
mbrainz_24804,lastFM_62712,1.0,False,FP
mbrainz_77,lastFM_101,1.0,False,FP
mbrainz_1689,lastFM_3877,1.0,False,FP
mbrainz_2160,lastFM_19863,1.0,False,FP
mbrainz_7556,lastFM_16125,1.0,False,FP
mbrainz_13437,lastFM_29061,1.0,False,FP
mbrainz_13876,lastFM_30110,1.0,False,FP
mbrainz_16469,lastFM_37990,1.0,False,FP
mbrainz_5542,lastFM_11669,1.0,False,FP
mbrainz_16776,lastFM_38937,1.0,False,FP
mbrainz_18707,lastFM_45684,1.0,False,FP
mbrainz_19183,lastFM_47274,1.0,False,FP
mbrainz_19522,lastFM_48615,1.0,False,FP
mbrainz_4172,lastFM_8650,1.0,True,TP
mbrainz_15000,lastFM_32947,1.0,False,FP
mbrainz_78,lastFM_102,1.0,True,TP
mbrainz_3645,lastFM_7595,1.0,False,FP
mbrainz_3992,lastFM_8289,1.0,False,FP
mbrainz_4892,lastFM_10140,1.0,False,FP
mbrainz_8083,lastFM_17263,1.0,False,FP
mbrainz_21284,lastFM_53844,1.0,False,FP
mbrainz_21491,lastFM_54423,1.0,True,TP
mbrainz_24715,lastFM_53844,1.0,False,FP
mbrainz_28153,lastFM_70440,1.0,True,TP
mbrainz_17639,lastFM_41959,1.0,False,FP
mbrainz_3014,lastFM_14312,1.0,False,FP
mbrainz_5050,lastFM_6375,1.0,False,FP
mbrainz_6774,lastFM_6375,1.0,False,FP
mbrainz_80,lastFM_106,1.0,False,FP
mbrainz_1165,lastFM_2692,1.0,False,FP
mbrainz_1172,lastFM_2711,1.0,True,TP
mbrainz_10808,lastFM_23154,1.0,False,FP
mbrainz_15045,lastFM_33082,1.0,False,FP
mbrainz_22697,lastFM_57565,1.0,False,FP
mbrainz_26514,lastFM_66484,1.0,False,FP
mbrainz_1654,lastFM_3815,1.0,False,FP
mbrainz_1744,lastFM_3958,1.0,True,TP
mbrainz_1885,lastFM_4207,1.0,False,FP
mbrainz_2019,lastFM_4452,1.0,False,FP
mbrainz_2155,lastFM_4681,1.0,False,FP
mbrainz_2744,lastFM_5832,1.0,False,FP
mbrainz_4758,lastFM_9835,1.0,False,FP
mbrainz_5095,lastFM_10595,1.0,False,FP
mbrainz_5108,lastFM_10622,1.0,True,TP
mbrainz_5965,lastFM_12562,1.0,False,FP
mbrainz_6652,lastFM_14063,1.0,False,FP
mbrainz_7208,lastFM_15370,1.0,False,FP
mbrainz_7940,lastFM_16933,1.0,False,FP
mbrainz_9890,lastFM_21088,1.0,False,FP
mbrainz_10000,lastFM_21299,1.0,False,FP
mbrainz_11581,lastFM_24832,1.0,False,FP
mbrainz_12065,lastFM_25984,1.0,False,FP
mbrainz_12513,lastFM_26947,1.0,False,FP
mbrainz_13457,lastFM_29101,1.0,True,TP
mbrainz_14836,lastFM_32543,1.0,False,FP
mbrainz_15528,lastFM_34188,1.0,False,FP
mbrainz_17788,lastFM_42449,1.0,False,FP
mbrainz_18997,lastFM_46672,1.0,True,TP
mbrainz_19469,lastFM_48429,1.0,False,FP
mbrainz_19967,lastFM_50250,1.0,False,FP
mbrainz_21045,lastFM_53172,1.0,False,FP
mbrainz_23237,lastFM_58938,1.0,False,FP
mbrainz_25178,lastFM_63547,1.0,False,FP
mbrainz_29931,lastFM_74707,1.0,False,FP
mbrainz_83,lastFM_109,1.0,True,TP
mbrainz_275,lastFM_474,1.0,False,FP
mbrainz_546,lastFM_1195,1.0,False,FP
mbrainz_1844,lastFM_4132,1.0,False,FP
mbrainz_1859,lastFM_4169,1.0,False,FP
mbrainz_13094,lastFM_28250,1.0,False,FP
mbrainz_14267,lastFM_31123,1.0,False,FP
mbrainz_25987,lastFM_65363,1.0,False,FP
mbrainz_10714,lastFM_22918,1.0,False,FP
mbrainz_13146,lastFM_28351,1.0,False,FP
mbrainz_22416,lastFM_56909,1.0,False,FP
mbrainz_9522,lastFM_20254,1.0,True,TP
mbrainz_18743,lastFM_45844,1.0,False,FP
mbrainz_656,lastFM_1528,1.0,False,FP
mbrainz_2690,lastFM_34141,1.0,False,FP
mbrainz_3016,lastFM_6378,1.0,False,FP
mbrainz_4033,lastFM_8380,1.0,False,FP
mbrainz_4411,lastFM_9112,1.0,False,FP
mbrainz_5001,lastFM_10375,1.0,False,FP
mbrainz_5091,lastFM_10587,1.0,False,FP
mbrainz_5167,lastFM_65213,1.0,False,FP
mbrainz_5205,lastFM_10849,1.0,True,TP
mbrainz_5905,lastFM_12451,1.0,False,FP
mbrainz_6699,lastFM_14149,1.0,False,FP
mbrainz_6699,lastFM_41817,1.0,False,FP
mbrainz_6737,lastFM_14230,1.0,False,FP
mbrainz_7860,lastFM_16760,1.0,True,TP
mbrainz_8657,lastFM_65213,1.0,False,FP
mbrainz_9844,lastFM_20970,1.0,True,TP
mbrainz_10428,lastFM_22244,1.0,True,TP
mbrainz_10963,lastFM_23489,1.0,False,FP
mbrainz_11547,lastFM_24748,1.0,False,FP
mbrainz_13199,lastFM_65213,1.0,False,FP
mbrainz_14813,lastFM_32494,1.0,False,FP
mbrainz_15890,lastFM_35629,1.0,False,FP
mbrainz_19687,lastFM_49404,1.0,False,FP
mbrainz_20050,lastFM_50471,1.0,False,FP
mbrainz_21822,lastFM_55291,1.0,False,FP
mbrainz_22421,lastFM_41817,1.0,False,FP
mbrainz_22421,lastFM_56921,1.0,True,TP
mbrainz_25918,lastFM_65213,1.0,False,FP
mbrainz_27016,lastFM_67671,1.0,False,FP
mbrainz_28981,lastFM_72364,1.0,False,FP
mbrainz_29530,lastFM_73644,1.0,False,FP
mbrainz_32734,lastFM_81244,1.0,False,FP
mbrainz_32830,lastFM_81448,1.0,False,FP
mbrainz_12939,lastFM_27894,1.0,False,FP
mbrainz_22608,lastFM_57365,1.0,False,FP
mbrainz_6530,lastFM_13794,1.0,False,FP
mbrainz_82,lastFM_108,1.0,False,FP
mbrainz_92,lastFM_122,1.0,False,FP
mbrainz_978,lastFM_2271,1.0,False,FP
mbrainz_2244,lastFM_4848,1.0,False,FP
mbrainz_2389,lastFM_5124,1.0,False,FP
mbrainz_2796,lastFM_5934,1.0,False,FP
mbrainz_2843,lastFM_6028,1.0,False,FP
mbrainz_5498,lastFM_11561,1.0,False,FP
mbrainz_6589,lastFM_13928,1.0,False,FP
mbrainz_6620,lastFM_13985,1.0,False,FP
mbrainz_7031,lastFM_14921,1.0,False,FP
mbrainz_7687,lastFM_16420,1.0,True,TP
mbrainz_7775,lastFM_16583,1.0,True,TP
mbrainz_9118,lastFM_19415,1.0,True,TP
mbrainz_9161,lastFM_19497,1.0,True,TP
mbrainz_9925,lastFM_21153,1.0,False,FP
mbrainz_10379,lastFM_22146,1.0,False,FP
mbrainz_10905,lastFM_23360,1.0,False,FP
mbrainz_11345,lastFM_24333,1.0,False,FP
mbrainz_11545,lastFM_24745,1.0,True,TP
mbrainz_11890,lastFM_25571,1.0,False,FP
mbrainz_12446,lastFM_26814,1.0,False,FP
mbrainz_14382,lastFM_31442,1.0,True,TP
mbrainz_15122,lastFM_33265,1.0,False,FP
mbrainz_17167,lastFM_40200,1.0,False,FP
mbrainz_17850,lastFM_42892,1.0,True,TP
mbrainz_19744,lastFM_49568,1.0,False,FP
mbrainz_20922,lastFM_52775,1.0,False,FP
mbrainz_20943,lastFM_52827,1.0,True,TP
mbrainz_22373,lastFM_56785,1.0,False,FP
mbrainz_24367,lastFM_61677,1.0,False,FP
mbrainz_24437,lastFM_61842,1.0,False,FP
mbrainz_25034,lastFM_63213,1.0,True,TP
mbrainz_25043,lastFM_63230,1.0,True,TP
mbrainz_25605,lastFM_64559,1.0,False,FP
mbrainz_25783,lastFM_64881,1.0,False,FP
mbrainz_27090,lastFM_67842,1.0,False,FP
mbrainz_27507,lastFM_68869,1.0,False,FP
mbrainz_27764,lastFM_69561,1.0,False,FP
mbrainz_28407,lastFM_71032,1.0,False,FP
mbrainz_29225,lastFM_72895,1.0,False,FP
mbrainz_29942,lastFM_74740,1.0,False,FP
mbrainz_31518,lastFM_78415,1.0,False,FP
mbrainz_32686,lastFM_81155,1.0,False,FP
mbrainz_32791,lastFM_81341,1.0,True,TP
mbrainz_33433,lastFM_82704,1.0,False,FP
mbrainz_3580,lastFM_7474,1.0,True,TP
mbrainz_3804,lastFM_7914,1.0,False,FP
mbrainz_3809,lastFM_7905,1.0,False,FP
mbrainz_3809,lastFM_7914,1.0,False,FP
mbrainz_13330,lastFM_28795,1.0,False,FP
mbrainz_8346,lastFM_17855,1.0,False,FP
mbrainz_18072,lastFM_43596,1.0,False,FP
mbrainz_85,lastFM_111,1.0,False,FP
mbrainz_180,lastFM_290,1.0,False,FP
mbrainz_194,lastFM_328,1.0,False,FP
mbrainz_2984,lastFM_6305,1.0,False,FP
mbrainz_3423,lastFM_7179,1.0,True,TP
mbrainz_5338,lastFM_11176,1.0,False,FP
mbrainz_6678,lastFM_14109,1.0,False,FP
mbrainz_9193,lastFM_19551,1.0,False,FP
mbrainz_9507,lastFM_20220,1.0,False,FP
mbrainz_14511,lastFM_31745,1.0,False,FP
mbrainz_16334,lastFM_37545,1.0,False,FP
mbrainz_22422,lastFM_56925,1.0,True,TP
mbrainz_33405,lastFM_82643,1.0,False,FP
mbrainz_7870,lastFM_16789,1.0,False,FP
mbrainz_16630,lastFM_38483,1.0,False,FP
mbrainz_4867,lastFM_10088,1.0,False,FP
mbrainz_29414,lastFM_73320,1.0,False,FP
mbrainz_19502,lastFM_48538,1.0,False,FP
mbrainz_23088,lastFM_58564,1.0,False,FP
mbrainz_25489,lastFM_64256,1.0,False,FP
mbrainz_592,lastFM_1342,1.0,False,FP
mbrainz_1079,lastFM_2491,1.0,True,TP
mbrainz_1532,lastFM_3571,1.0,False,FP
mbrainz_1886,lastFM_4208,1.0,False,FP
mbrainz_3326,lastFM_6977,1.0,False,FP
mbrainz_3844,lastFM_7997,1.0,False,FP
mbrainz_7257,lastFM_15486,1.0,False,FP
mbrainz_8309,lastFM_17778,1.0,False,FP
mbrainz_11259,lastFM_24145,1.0,False,FP
mbrainz_11982,lastFM_25781,1.0,False,FP
mbrainz_15309,lastFM_33667,1.0,False,FP
mbrainz_25439,lastFM_64147,1.0,False,FP
mbrainz_25927,lastFM_65227,1.0,False,FP
mbrainz_28858,lastFM_72083,1.0,True,TP
mbrainz_30626,lastFM_49465,1.0,False,FP
mbrainz_30626,lastFM_66452,1.0,False,FP
mbrainz_30626,lastFM_76433,1.0,False,FP
mbrainz_30862,lastFM_77001,1.0,False,FP
mbrainz_28440,lastFM_71101,1.0,False,FP
mbrainz_435,lastFM_901,1.0,False,FP
mbrainz_11813,lastFM_25385,1.0,True,TP
mbrainz_12436,lastFM_26792,1.0,False,FP
mbrainz_15263,lastFM_33581,1.0,False,FP
mbrainz_16571,lastFM_38292,1.0,False,FP
mbrainz_31576,lastFM_78551,1.0,False,FP
mbrainz_18122,lastFM_43731,1.0,False,FP
mbrainz_3565,lastFM_7445,1.0,False,FP
mbrainz_3686,lastFM_7673,1.0,True,TP
mbrainz_15258,lastFM_33571,1.0,False,FP
mbrainz_24541,lastFM_62090,1.0,False,FP
mbrainz_18327,lastFM_44425,1.0,False,FP
mbrainz_97,lastFM_129,1.0,False,FP
mbrainz_2783,lastFM_5913,1.0,False,FP
mbrainz_9116,lastFM_19412,1.0,False,FP
mbrainz_10296,lastFM_21957,1.0,False,FP
mbrainz_27411,lastFM_68615,1.0,False,FP
mbrainz_3694,lastFM_7695,1.0,False,FP
mbrainz_99,lastFM_131,1.0,True,TP
mbrainz_919,lastFM_2137,1.0,False,FP
mbrainz_2979,lastFM_6299,1.0,False,FP
mbrainz_3787,lastFM_7870,1.0,False,FP
mbrainz_4296,lastFM_8885,1.0,False,FP
mbrainz_4695,lastFM_9688,1.0,False,FP
mbrainz_4877,lastFM_10114,1.0,False,FP
mbrainz_5210,lastFM_10857,1.0,False,FP
mbrainz_7300,lastFM_15601,1.0,False,FP
mbrainz_8933,lastFM_19013,1.0,False,FP
mbrainz_10613,lastFM_22691,1.0,False,FP
mbrainz_13238,lastFM_28562,1.0,True,TP
mbrainz_14665,lastFM_32123,1.0,False,FP
mbrainz_16187,lastFM_36976,1.0,False,FP
mbrainz_17791,lastFM_42454,1.0,False,FP
mbrainz_17834,lastFM_42835,1.0,False,FP
mbrainz_20534,lastFM_51763,1.0,False,FP
mbrainz_25236,lastFM_63669,1.0,False,FP
mbrainz_26644,lastFM_66794,1.0,False,FP
mbrainz_31759,lastFM_78998,1.0,False,FP
mbrainz_3979,lastFM_8259,1.0,False,FP
mbrainz_4415,lastFM_9124,1.0,False,FP
mbrainz_8645,lastFM_18420,1.0,False,FP
mbrainz_24101,lastFM_61032,1.0,False,FP
mbrainz_10183,lastFM_21715,1.0,False,FP
mbrainz_588,lastFM_1322,1.0,False,FP
mbrainz_1148,lastFM_2646,1.0,False,FP
mbrainz_1867,lastFM_4182,1.0,False,FP
mbrainz_5037,lastFM_10460,1.0,False,FP
mbrainz_7755,lastFM_16542,1.0,False,FP
mbrainz_10336,lastFM_22051,1.0,False,FP
mbrainz_21066,lastFM_53240,1.0,True,TP
mbrainz_25027,lastFM_63199,1.0,False,FP
mbrainz_29182,lastFM_72792,1.0,False,FP
mbrainz_31069,lastFM_77441,1.0,False,FP
mbrainz_3119,lastFM_6586,1.0,False,FP
mbrainz_14020,lastFM_30466,1.0,False,FP
mbrainz_21487,lastFM_54408,1.0,False,FP
mbrainz_106,lastFM_140,1.0,False,FP
mbrainz_10236,lastFM_21838,1.0,False,FP
mbrainz_142,lastFM_189,1.0,False,FP
mbrainz_279,lastFM_479,1.0,False,FP
mbrainz_872,lastFM_2033,1.0,False,FP
mbrainz_1513,lastFM_3524,1.0,True,TP
mbrainz_2190,lastFM_4750,1.0,False,FP
mbrainz_4818,lastFM_9975,1.0,True,TP
mbrainz_6466,lastFM_13642,1.0,True,TP
mbrainz_10244,lastFM_21856,1.0,False,FP
mbrainz_10374,lastFM_22137,1.0,False,FP
mbrainz_14726,lastFM_32281,1.0,False,FP
mbrainz_16275,lastFM_37289,1.0,False,FP
mbrainz_16581,lastFM_38323,1.0,False,FP
mbrainz_21505,lastFM_54457,1.0,False,FP
mbrainz_2180,lastFM_4729,1.0,False,FP
mbrainz_18926,lastFM_46450,1.0,False,FP
mbrainz_789,lastFM_1851,1.0,False,FP
mbrainz_5717,lastFM_12062,1.0,False,FP
mbrainz_29624,lastFM_73899,1.0,False,FP
mbrainz_4251,lastFM_8800,1.0,False,FP
mbrainz_2453,lastFM_5240,1.0,False,FP
mbrainz_10968,lastFM_23497,1.0,False,FP
mbrainz_23433,lastFM_59449,1.0,True,TP
mbrainz_221,lastFM_385,1.0,False,FP
mbrainz_31267,lastFM_77853,1.0,True,TP
mbrainz_2150,lastFM_4666,1.0,False,FP
mbrainz_24245,lastFM_61385,1.0,False,FP
mbrainz_13383,lastFM_28926,1.0,False,FP
mbrainz_2422,lastFM_5175,1.0,False,FP
mbrainz_3708,lastFM_7721,1.0,False,FP
mbrainz_3854,lastFM_8020,1.0,True,TP
mbrainz_3907,lastFM_8113,1.0,False,FP
mbrainz_3933,lastFM_8155,1.0,True,TP
mbrainz_4139,lastFM_8578,1.0,False,FP
mbrainz_4700,lastFM_9708,1.0,True,TP
mbrainz_7034,lastFM_14926,1.0,False,FP
mbrainz_8972,lastFM_19099,1.0,False,FP
mbrainz_9191,lastFM_19549,1.0,False,FP
mbrainz_10999,lastFM_23577,1.0,True,TP
mbrainz_12578,lastFM_27092,1.0,False,FP
mbrainz_13474,lastFM_29139,1.0,False,FP
mbrainz_13558,lastFM_29353,1.0,True,TP
mbrainz_13649,lastFM_29589,1.0,False,FP
mbrainz_14396,lastFM_31469,1.0,False,FP
mbrainz_15533,lastFM_34196,1.0,False,FP
mbrainz_16310,lastFM_37463,1.0,False,FP
mbrainz_16642,lastFM_38512,1.0,True,TP
mbrainz_18544,lastFM_8515,1.0,False,FP
mbrainz_18544,lastFM_45129,1.0,False,FP
mbrainz_20674,lastFM_52099,1.0,False,FP
mbrainz_21294,lastFM_53870,1.0,False,FP
mbrainz_23401,lastFM_59360,1.0,False,FP
mbrainz_25359,lastFM_63954,1.0,False,FP
mbrainz_30854,lastFM_76980,1.0,False,FP
mbrainz_32617,lastFM_81002,1.0,False,FP
mbrainz_33483,lastFM_82805,1.0,True,TP
mbrainz_248,lastFM_426,1.0,False,FP
mbrainz_1798,lastFM_4052,1.0,False,FP
mbrainz_2709,lastFM_5748,1.0,False,FP
mbrainz_5053,lastFM_10489,1.0,False,FP
mbrainz_7572,lastFM_16163,1.0,False,FP
mbrainz_32195,lastFM_80016,1.0,True,TP
mbrainz_614,lastFM_1401,1.0,False,FP
mbrainz_14672,lastFM_32142,1.0,False,FP
mbrainz_17666,lastFM_42054,1.0,False,FP
mbrainz_31124,lastFM_77568,1.0,False,FP
mbrainz_7358,lastFM_15717,1.0,False,FP
mbrainz_8849,lastFM_18851,1.0,False,FP
mbrainz_20668,lastFM_52085,1.0,False,FP
mbrainz_22166,lastFM_56261,1.0,False,FP
mbrainz_26863,lastFM_67313,1.0,False,FP
mbrainz_28262,lastFM_70701,1.0,False,FP
mbrainz_14174,lastFM_80919,1.0,False,FP
mbrainz_23858,lastFM_60443,1.0,True,TP
mbrainz_17220,lastFM_40373,1.0,False,FP
mbrainz_15667,lastFM_34876,1.0,False,FP
mbrainz_25284,lastFM_63783,1.0,False,FP
mbrainz_30859,lastFM_76996,1.0,False,FP
mbrainz_33059,lastFM_81929,1.0,False,FP
mbrainz_4236,lastFM_8775,1.0,False,FP
mbrainz_13316,lastFM_28757,1.0,False,FP
mbrainz_21132,lastFM_53437,1.0,True,TP
mbrainz_31858,lastFM_79252,1.0,False,FP
mbrainz_801,lastFM_1876,1.0,False,FP
mbrainz_571,lastFM_1255,1.0,False,FP
mbrainz_1957,lastFM_4332,1.0,False,FP
mbrainz_3600,lastFM_7505,1.0,False,FP
mbrainz_8653,lastFM_18438,1.0,False,FP
mbrainz_12956,lastFM_27930,1.0,False,FP
mbrainz_21162,lastFM_53505,1.0,False,FP
mbrainz_25624,lastFM_64592,1.0,False,FP
mbrainz_30756,lastFM_76733,1.0,False,FP
mbrainz_127,lastFM_164,1.0,True,TP
mbrainz_31324,lastFM_77985,1.0,False,FP
mbrainz_129,lastFM_168,1.0,False,FP
mbrainz_132,lastFM_172,1.0,False,FP
mbrainz_2676,lastFM_5680,1.0,False,FP
mbrainz_154,lastFM_206,1.0,False,FP
mbrainz_1238,lastFM_2857,1.0,False,FP
mbrainz_1332,lastFM_3095,1.0,False,FP
mbrainz_2298,lastFM_4965,1.0,False,FP
mbrainz_4173,lastFM_8651,1.0,False,FP
mbrainz_5305,lastFM_11082,1.0,False,FP
mbrainz_6315,lastFM_13325,1.0,True,TP
mbrainz_6906,lastFM_14633,1.0,False,FP
mbrainz_7408,lastFM_15824,1.0,False,FP
mbrainz_8627,lastFM_18389,1.0,False,FP
mbrainz_9069,lastFM_19324,1.0,False,FP
mbrainz_13896,lastFM_30168,1.0,False,FP
mbrainz_15425,lastFM_33965,1.0,True,TP
mbrainz_16103,lastFM_36663,1.0,True,TP
mbrainz_16106,lastFM_36689,1.0,False,FP
mbrainz_17572,lastFM_37497,1.0,False,FP
mbrainz_19858,lastFM_49922,1.0,False,FP
mbrainz_22096,lastFM_56062,1.0,False,FP
mbrainz_23923,lastFM_60582,1.0,True,TP
mbrainz_26824,lastFM_67224,1.0,False,FP
mbrainz_27790,lastFM_69607,1.0,True,TP
mbrainz_29909,lastFM_74640,1.0,True,TP
mbrainz_31775,lastFM_29097,1.0,False,FP
mbrainz_7789,lastFM_16614,1.0,False,FP
mbrainz_135,lastFM_177,1.0,False,FP
mbrainz_657,lastFM_1529,1.0,False,FP
mbrainz_2075,lastFM_4546,1.0,True,TP
mbrainz_7066,lastFM_14998,1.0,False,FP
mbrainz_7894,lastFM_16835,1.0,False,FP
mbrainz_9567,lastFM_20355,1.0,False,FP
mbrainz_14218,lastFM_31015,1.0,False,FP
mbrainz_17173,lastFM_40226,1.0,False,FP
mbrainz_21052,lastFM_31015,1.0,False,FP
mbrainz_29297,lastFM_73059,1.0,False,FP
mbrainz_29316,lastFM_73108,1.0,False,FP
mbrainz_30962,lastFM_77231,1.0,False,FP
mbrainz_31205,lastFM_77732,1.0,False,FP
mbrainz_31688,lastFM_78815,1.0,False,FP
mbrainz_4401,lastFM_9093,1.0,False,FP
mbrainz_7987,lastFM_17043,1.0,False,FP
mbrainz_11253,lastFM_24136,1.0,False,FP
mbrainz_11399,lastFM_24445,1.0,False,FP
mbrainz_21629,lastFM_54797,1.0,False,FP
mbrainz_26345,lastFM_66134,1.0,False,FP
mbrainz_27062,lastFM_67783,1.0,False,FP
mbrainz_32905,lastFM_81591,1.0,True,TP
mbrainz_666,lastFM_1557,1.0,True,TP
mbrainz_12120,lastFM_26120,1.0,True,TP
mbrainz_137,lastFM_179,1.0,True,TP
mbrainz_176,lastFM_282,1.0,False,FP
mbrainz_222,lastFM_386,1.0,False,FP
mbrainz_741,lastFM_1745,1.0,False,FP
mbrainz_9548,lastFM_20315,1.0,False,FP
mbrainz_11543,lastFM_24736,1.0,False,FP
mbrainz_13586,lastFM_29424,1.0,False,FP
mbrainz_15067,lastFM_33132,1.0,False,FP
mbrainz_15622,lastFM_34440,1.0,False,FP
mbrainz_15986,lastFM_35875,1.0,False,FP
mbrainz_16599,lastFM_38389,1.0,False,FP
mbrainz_18448,lastFM_44792,1.0,False,FP
mbrainz_24612,lastFM_62270,1.0,False,FP
mbrainz_25835,lastFM_65005,1.0,False,FP
mbrainz_31492,lastFM_78346,1.0,False,FP
mbrainz_870,lastFM_2026,1.0,False,FP
mbrainz_6547,lastFM_13835,1.0,False,FP
mbrainz_502,lastFM_1103,1.0,False,FP
mbrainz_1065,lastFM_1103,1.0,False,FP
mbrainz_150,lastFM_201,1.0,False,FP
mbrainz_1866,lastFM_4180,1.0,False,FP
mbrainz_10399,lastFM_22190,1.0,False,FP
mbrainz_19246,lastFM_47536,1.0,True,TP
mbrainz_28543,lastFM_71339,1.0,False,FP
mbrainz_29104,lastFM_72617,1.0,True,TP
mbrainz_21876,lastFM_53597,1.0,False,FP
mbrainz_144,lastFM_191,1.0,False,FP
mbrainz_568,lastFM_1245,1.0,False,FP
mbrainz_10431,lastFM_22253,1.0,False,FP
mbrainz_15395,lastFM_33868,1.0,True,TP
mbrainz_20081,lastFM_50546,1.0,False,FP
mbrainz_24950,lastFM_63042,1.0,False,FP
mbrainz_31192,lastFM_77712,1.0,False,FP
mbrainz_4412,lastFM_9115,1.0,False,FP
mbrainz_5920,lastFM_12476,1.0,False,FP
mbrainz_6459,lastFM_13630,1.0,False,FP
mbrainz_6880,lastFM_14564,1.0,False,FP
mbrainz_8230,lastFM_17609,1.0,False,FP
mbrainz_8417,lastFM_17992,1.0,False,FP
mbrainz_9140,lastFM_19463,1.0,False,FP
mbrainz_10070,lastFM_21449,1.0,True,TP
mbrainz_10077,lastFM_21459,1.0,False,FP
mbrainz_20851,lastFM_52552,1.0,False,FP
mbrainz_29586,lastFM_73815,1.0,False,FP
mbrainz_1511,lastFM_3518,1.0,True,TP
mbrainz_2046,lastFM_4499,1.0,False,FP
mbrainz_5978,lastFM_12582,1.0,True,TP
mbrainz_7404,lastFM_15817,1.0,False,FP
mbrainz_9349,lastFM_19869,1.0,True,TP
mbrainz_1645,lastFM_46574,1.0,False,FP
mbrainz_1356,lastFM_3158,1.0,False,FP
mbrainz_5187,lastFM_10822,1.0,False,FP
mbrainz_23393,lastFM_59340,1.0,False,FP
mbrainz_160,lastFM_225,1.0,False,FP
mbrainz_11085,lastFM_23767,1.0,False,FP
mbrainz_29663,lastFM_73999,1.0,False,FP
mbrainz_31472,lastFM_78306,1.0,False,FP
mbrainz_164,lastFM_236,1.0,False,FP
mbrainz_489,lastFM_1041,1.0,False,FP
mbrainz_1308,lastFM_3037,1.0,True,TP
mbrainz_1466,lastFM_3426,1.0,True,TP
mbrainz_1474,lastFM_3442,1.0,False,FP
mbrainz_1634,lastFM_3788,1.0,False,FP
mbrainz_1761,lastFM_3989,1.0,False,FP
mbrainz_1841,lastFM_4129,1.0,False,FP
mbrainz_2347,lastFM_5056,1.0,False,FP
mbrainz_2912,lastFM_6152,1.0,True,TP
mbrainz_4901,lastFM_10164,1.0,False,FP
mbrainz_10080,lastFM_21469,1.0,False,FP
mbrainz_10597,lastFM_22654,1.0,False,FP
mbrainz_10603,lastFM_22672,1.0,False,FP
mbrainz_13347,lastFM_28837,1.0,False,FP
mbrainz_13861,lastFM_30070,1.0,True,TP
mbrainz_14413,lastFM_31506,1.0,False,FP
mbrainz_14758,lastFM_32359,1.0,False,FP
mbrainz_16794,lastFM_38992,1.0,True,TP
mbrainz_23204,lastFM_58849,1.0,True,TP
mbrainz_26204,lastFM_65829,1.0,False,FP
mbrainz_26674,lastFM_66862,1.0,False,FP
mbrainz_26800,lastFM_67163,1.0,False,FP
mbrainz_28001,lastFM_70104,1.0,False,FP
mbrainz_31676,lastFM_78784,1.0,False,FP
mbrainz_166,lastFM_256,1.0,False,FP
mbrainz_370,lastFM_697,1.0,False,FP
mbrainz_1349,lastFM_3139,1.0,False,FP
mbrainz_2073,lastFM_4543,1.0,False,FP
mbrainz_3408,lastFM_7150,1.0,True,TP
mbrainz_9927,lastFM_21160,1.0,False,FP
mbrainz_12640,lastFM_27227,1.0,False,FP
mbrainz_14153,lastFM_30843,1.0,False,FP
mbrainz_15606,lastFM_34405,1.0,False,FP
mbrainz_17217,lastFM_40360,1.0,True,TP
mbrainz_20115,lastFM_50647,1.0,False,FP
mbrainz_23284,lastFM_59073,1.0,False,FP
mbrainz_25824,lastFM_64980,1.0,True,TP
mbrainz_25862,lastFM_65079,1.0,True,TP
mbrainz_26901,lastFM_67432,1.0,False,FP
mbrainz_29757,lastFM_74237,1.0,False,FP
mbrainz_18169,lastFM_43894,1.0,False,FP
mbrainz_6153,lastFM_12961,1.0,False,FP
mbrainz_28118,lastFM_70374,1.0,False,FP
mbrainz_10953,lastFM_23464,1.0,False,FP
mbrainz_15599,lastFM_34390,1.0,False,FP
mbrainz_509,lastFM_1117,1.0,False,FP
mbrainz_1188,lastFM_2742,1.0,False,FP
mbrainz_3766,lastFM_7836,1.0,False,FP
mbrainz_3793,lastFM_7879,1.0,False,FP
mbrainz_4544,lastFM_9369,1.0,False,FP
mbrainz_5321,lastFM_11137,1.0,False,FP
mbrainz_5900,lastFM_12445,1.0,False,FP
mbrainz_8305,lastFM_17765,1.0,False,FP
mbrainz_9532,lastFM_20277,1.0,True,TP
mbrainz_9656,lastFM_20549,1.0,False,FP
mbrainz_10501,lastFM_22411,1.0,True,TP
mbrainz_11483,lastFM_24609,1.0,False,FP
mbrainz_13364,lastFM_28886,1.0,False,FP
mbrainz_15046,lastFM_33083,1.0,False,FP
mbrainz_16060,lastFM_36435,1.0,False,FP
mbrainz_16097,lastFM_35987,1.0,True,TP
mbrainz_18301,lastFM_44336,1.0,False,FP
mbrainz_22056,lastFM_55963,1.0,False,FP
mbrainz_22234,lastFM_56425,1.0,True,TP
mbrainz_23527,lastFM_59686,1.0,False,FP
mbrainz_25443,lastFM_64159,1.0,False,FP
mbrainz_29033,lastFM_72472,1.0,False,FP
mbrainz_13464,lastFM_29112,1.0,False,FP
mbrainz_13866,lastFM_30080,1.0,False,FP
mbrainz_3113,lastFM_6577,1.0,False,FP
mbrainz_10813,lastFM_23168,1.0,False,FP
mbrainz_12678,lastFM_27329,1.0,False,FP
mbrainz_17654,lastFM_41971,1.0,False,FP
mbrainz_24408,lastFM_61776,1.0,True,TP
mbrainz_31762,lastFM_79006,1.0,False,FP
mbrainz_15134,lastFM_33286,1.0,False,FP
mbrainz_243,lastFM_420,1.0,False,FP
mbrainz_1633,lastFM_3787,1.0,False,FP
mbrainz_2753,lastFM_5854,1.0,False,FP
mbrainz_3052,lastFM_6447,1.0,False,FP
mbrainz_4046,lastFM_8404,1.0,False,FP
mbrainz_6546,lastFM_13834,1.0,False,FP
mbrainz_8021,lastFM_17117,1.0,False,FP
mbrainz_8187,lastFM_17516,1.0,False,FP
mbrainz_8735,lastFM_18609,1.0,True,TP
mbrainz_8811,lastFM_18783,1.0,False,FP
mbrainz_9033,lastFM_19240,1.0,False,FP
mbrainz_9062,lastFM_19310,1.0,False,FP
mbrainz_10679,lastFM_22843,1.0,False,FP
mbrainz_11435,lastFM_24521,1.0,False,FP
mbrainz_13236,lastFM_28548,1.0,False,FP
mbrainz_13594,lastFM_29442,1.0,False,FP
mbrainz_15209,lastFM_33466,1.0,False,FP
mbrainz_15644,lastFM_34499,1.0,False,FP
mbrainz_16723,lastFM_38767,1.0,False,FP
mbrainz_17944,lastFM_43202,1.0,False,FP
mbrainz_20193,lastFM_50889,1.0,False,FP
mbrainz_20309,lastFM_51185,1.0,False,FP
mbrainz_21274,lastFM_53812,1.0,True,TP
mbrainz_21284,lastFM_62525,1.0,False,FP
mbrainz_24092,lastFM_61012,1.0,False,FP
mbrainz_24404,lastFM_61772,1.0,False,FP
mbrainz_24715,lastFM_62525,1.0,False,FP
mbrainz_27422,lastFM_68651,1.0,False,FP
mbrainz_29127,lastFM_72672,1.0,False,FP
mbrainz_29270,lastFM_72997,1.0,True,TP
mbrainz_30512,lastFM_76185,1.0,True,TP
mbrainz_196,lastFM_1011,1.0,False,FP
mbrainz_480,lastFM_1011,1.0,False,FP
mbrainz_5002,lastFM_10376,1.0,False,FP
mbrainz_7942,lastFM_16936,1.0,True,TP
mbrainz_14125,lastFM_30768,1.0,False,FP
mbrainz_18545,lastFM_45133,1.0,False,FP
mbrainz_20126,lastFM_50676,1.0,False,FP
mbrainz_196,lastFM_13219,1.0,False,FP
mbrainz_11815,lastFM_25395,1.0,False,FP
mbrainz_21559,lastFM_54602,1.0,False,FP
mbrainz_2603,lastFM_5535,1.0,False,FP
mbrainz_2916,lastFM_6158,1.0,False,FP
mbrainz_3286,lastFM_6905,1.0,False,FP
mbrainz_3610,lastFM_7530,1.0,False,FP
mbrainz_3873,lastFM_8050,1.0,False,FP
mbrainz_4154,lastFM_5048,1.0,False,FP
mbrainz_4325,lastFM_8938,1.0,True,TP
mbrainz_4534,lastFM_9339,1.0,False,FP
mbrainz_5151,lastFM_10716,1.0,False,FP
mbrainz_5780,lastFM_12186,1.0,False,FP
mbrainz_6044,lastFM_12718,1.0,True,TP
mbrainz_6386,lastFM_13472,1.0,False,FP
mbrainz_6585,lastFM_13922,1.0,False,FP
mbrainz_7021,lastFM_14895,1.0,False,FP
mbrainz_7264,lastFM_15506,1.0,False,FP
mbrainz_9746,lastFM_20745,1.0,False,FP
mbrainz_10382,lastFM_22153,1.0,False,FP
mbrainz_11263,lastFM_24154,1.0,False,FP
mbrainz_11264,lastFM_24155,1.0,False,FP
mbrainz_11453,lastFM_24551,1.0,True,TP
mbrainz_12042,lastFM_25938,1.0,False,FP
mbrainz_12473,lastFM_15506,1.0,False,FP
mbrainz_13106,lastFM_28273,1.0,False,FP
mbrainz_13200,lastFM_28474,1.0,False,FP
mbrainz_14360,lastFM_31398,1.0,False,FP
mbrainz_15103,lastFM_33219,1.0,False,FP
mbrainz_16961,lastFM_39606,1.0,False,FP
mbrainz_19423,lastFM_48287,1.0,False,FP
mbrainz_22997,lastFM_58340,1.0,False,FP
mbrainz_24743,lastFM_62592,1.0,False,FP
mbrainz_25398,lastFM_64046,1.0,True,TP
mbrainz_26717,lastFM_66952,1.0,False,FP
mbrainz_26955,lastFM_67548,1.0,False,FP
mbrainz_31247,lastFM_77812,1.0,False,FP
mbrainz_33466,lastFM_82768,1.0,False,FP
mbrainz_7051,lastFM_14970,1.0,False,FP
mbrainz_211,lastFM_366,1.0,False,FP
mbrainz_3459,lastFM_7246,1.0,False,FP
mbrainz_11696,lastFM_25088,1.0,False,FP
mbrainz_559,lastFM_1219,1.0,False,FP
mbrainz_5680,lastFM_11956,1.0,False,FP
mbrainz_10598,lastFM_22657,1.0,False,FP
mbrainz_4060,lastFM_8423,1.0,False,FP
mbrainz_6083,lastFM_12800,1.0,True,TP
mbrainz_17930,lastFM_43115,1.0,False,FP
mbrainz_26101,lastFM_65593,1.0,False,FP
mbrainz_26383,lastFM_66216,1.0,False,FP
mbrainz_5715,lastFM_12057,1.0,True,TP
mbrainz_20244,lastFM_51003,1.0,False,FP
mbrainz_21062,lastFM_53230,1.0,False,FP
mbrainz_27815,lastFM_69676,1.0,True,TP
mbrainz_229,lastFM_400,1.0,False,FP
mbrainz_17035,lastFM_39830,1.0,False,FP
mbrainz_231,lastFM_402,1.0,False,FP
mbrainz_22765,lastFM_57721,1.0,False,FP
mbrainz_2849,lastFM_6044,1.0,False,FP
mbrainz_3575,lastFM_7467,1.0,False,FP
mbrainz_8275,lastFM_17699,1.0,True,TP
mbrainz_9514,lastFM_20235,1.0,False,FP
mbrainz_18964,lastFM_46578,1.0,False,FP
mbrainz_22063,lastFM_53159,1.0,True,TP
mbrainz_27291,lastFM_68309,1.0,False,FP
mbrainz_29002,lastFM_72401,1.0,False,FP
mbrainz_3725,lastFM_7754,1.0,False,FP
mbrainz_6637,lastFM_14034,1.0,False,FP
mbrainz_8367,lastFM_17897,1.0,False,FP
mbrainz_1300,lastFM_3008,1.0,False,FP
mbrainz_1412,lastFM_3276,1.0,False,FP
mbrainz_3815,lastFM_7923,1.0,True,TP
mbrainz_3815,lastFM_66348,1.0,False,FP
mbrainz_3897,lastFM_8088,1.0,False,FP
mbrainz_3914,lastFM_8123,1.0,False,FP
mbrainz_4093,lastFM_8488,1.0,False,FP
mbrainz_5259,lastFM_10967,1.0,True,TP
mbrainz_5879,lastFM_12401,1.0,False,FP
mbrainz_6367,lastFM_13439,1.0,False,FP
mbrainz_9048,lastFM_19273,1.0,False,FP
mbrainz_9601,lastFM_20432,1.0,False,FP
mbrainz_10119,lastFM_21556,1.0,False,FP
mbrainz_10156,lastFM_21659,1.0,True,TP
mbrainz_12941,lastFM_27898,1.0,False,FP
mbrainz_15928,lastFM_35744,1.0,False,FP
mbrainz_16682,lastFM_38629,1.0,False,FP
mbrainz_17311,lastFM_40658,1.0,False,FP
mbrainz_19163,lastFM_47212,1.0,False,FP
mbrainz_19322,lastFM_47678,1.0,True,TP
mbrainz_20139,lastFM_50718,1.0,False,FP
mbrainz_20378,lastFM_51351,1.0,False,FP
mbrainz_22019,lastFM_55874,1.0,False,FP
mbrainz_24802,lastFM_62700,1.0,False,FP
mbrainz_26021,lastFM_65435,1.0,False,FP
mbrainz_26302,lastFM_66040,1.0,False,FP
mbrainz_26303,lastFM_66042,1.0,False,FP
mbrainz_26449,lastFM_66348,1.0,True,TP
mbrainz_28247,lastFM_70650,1.0,False,FP
mbrainz_30404,lastFM_75893,1.0,False,FP
mbrainz_31125,lastFM_77569,1.0,False,FP
mbrainz_32425,lastFM_80564,1.0,False,FP
mbrainz_33533,lastFM_82921,1.0,False,FP
mbrainz_2909,lastFM_6146,1.0,False,FP
mbrainz_3883,lastFM_8064,1.0,False,FP
mbrainz_5424,lastFM_11368,1.0,False,FP
mbrainz_5525,lastFM_11620,1.0,True,TP
mbrainz_6799,lastFM_14373,1.0,False,FP
mbrainz_9831,lastFM_20928,1.0,False,FP
mbrainz_21712,lastFM_15674,1.0,False,FP
mbrainz_21712,lastFM_54964,1.0,False,FP
mbrainz_23557,lastFM_29413,1.0,False,FP
mbrainz_23557,lastFM_59772,1.0,False,FP
mbrainz_24164,lastFM_61186,1.0,False,FP
mbrainz_24674,lastFM_62428,1.0,False,FP
mbrainz_25578,lastFM_64486,1.0,False,FP
mbrainz_25919,lastFM_65216,1.0,False,FP
mbrainz_26099,lastFM_65591,1.0,False,FP
mbrainz_28340,lastFM_70857,1.0,False,FP
mbrainz_242,lastFM_417,1.0,False,FP
mbrainz_421,lastFM_869,1.0,False,FP
mbrainz_1101,lastFM_2540,1.0,False,FP
mbrainz_3470,lastFM_7268,1.0,False,FP
mbrainz_21978,lastFM_55767,1.0,False,FP
mbrainz_8191,lastFM_17523,1.0,False,FP
mbrainz_15185,lastFM_33414,1.0,True,TP
mbrainz_28616,lastFM_71533,1.0,False,FP
mbrainz_33262,lastFM_82365,1.0,False,FP
mbrainz_244,lastFM_421,1.0,False,FP
mbrainz_2074,lastFM_4544,1.0,False,FP
mbrainz_4547,lastFM_9373,1.0,False,FP
mbrainz_9319,lastFM_19824,1.0,True,TP
mbrainz_10033,lastFM_48536,1.0,False,FP
mbrainz_19663,lastFM_49305,1.0,True,TP
mbrainz_2090,lastFM_4570,1.0,False,FP
mbrainz_13688,lastFM_29669,1.0,True,TP
mbrainz_24691,lastFM_62478,1.0,False,FP
mbrainz_13515,lastFM_29239,1.0,False,FP
mbrainz_250,lastFM_428,1.0,False,FP
mbrainz_8580,lastFM_18298,1.0,True,TP
mbrainz_5033,lastFM_10453,1.0,False,FP
mbrainz_254,lastFM_433,1.0,False,FP
mbrainz_3504,lastFM_7331,1.0,False,FP
mbrainz_4141,lastFM_8582,1.0,False,FP
mbrainz_16566,lastFM_38263,1.0,True,TP
mbrainz_16936,lastFM_39521,1.0,False,FP
mbrainz_4527,lastFM_9321,1.0,False,FP
mbrainz_11928,lastFM_25667,1.0,False,FP
mbrainz_12215,lastFM_26302,1.0,False,FP
mbrainz_12528,lastFM_26978,1.0,False,FP
mbrainz_15586,lastFM_34351,1.0,True,TP
mbrainz_27878,lastFM_69828,1.0,False,FP
mbrainz_488,lastFM_1037,1.0,False,FP
mbrainz_708,lastFM_1656,1.0,False,FP
mbrainz_7308,lastFM_15612,1.0,True,TP
mbrainz_12884,lastFM_27749,1.0,False,FP
mbrainz_13786,lastFM_29901,1.0,False,FP
mbrainz_4250,lastFM_8798,1.0,False,FP
mbrainz_5704,lastFM_12025,1.0,False,FP
mbrainz_24815,lastFM_62744,1.0,False,FP
mbrainz_260,lastFM_441,1.0,False,FP
mbrainz_2415,lastFM_5167,1.0,False,FP
mbrainz_5566,lastFM_11713,1.0,True,TP
mbrainz_8020,lastFM_17116,1.0,False,FP
mbrainz_11777,lastFM_25284,1.0,False,FP
mbrainz_13554,lastFM_29341,1.0,False,FP
mbrainz_15365,lastFM_33794,1.0,False,FP
mbrainz_21163,lastFM_53507,1.0,False,FP
mbrainz_12601,lastFM_27153,1.0,False,FP
mbrainz_6314,lastFM_13323,1.0,False,FP
mbrainz_8534,lastFM_18215,1.0,False,FP
mbrainz_6573,lastFM_13897,1.0,False,FP
mbrainz_32790,lastFM_81339,1.0,False,FP
mbrainz_33181,lastFM_82208,1.0,False,FP
mbrainz_13699,lastFM_29687,1.0,False,FP
mbrainz_2718,lastFM_5780,1.0,True,TP
mbrainz_15239,lastFM_33534,1.0,False,FP
mbrainz_21198,lastFM_53612,1.0,False,FP
mbrainz_6307,lastFM_13307,1.0,False,FP
mbrainz_6342,lastFM_13392,1.0,False,FP
mbrainz_7032,lastFM_14924,1.0,False,FP
mbrainz_8664,lastFM_18473,1.0,False,FP
mbrainz_9001,lastFM_19175,1.0,False,FP
mbrainz_9521,lastFM_20251,1.0,False,FP
mbrainz_11568,lastFM_24806,1.0,False,FP
mbrainz_12219,lastFM_26310,1.0,True,TP
mbrainz_12226,lastFM_26323,1.0,False,FP
mbrainz_14703,lastFM_32225,1.0,False,FP
mbrainz_15407,lastFM_33911,1.0,False,FP
mbrainz_15439,lastFM_33991,1.0,False,FP
mbrainz_22269,lastFM_56504,1.0,False,FP
mbrainz_6751,lastFM_14259,1.0,False,FP
mbrainz_7457,lastFM_15941,1.0,True,TP
mbrainz_12395,lastFM_26709,1.0,False,FP
mbrainz_16967,lastFM_39622,1.0,False,FP
mbrainz_11808,lastFM_25365,1.0,False,FP
mbrainz_287,lastFM_500,1.0,True,TP
mbrainz_16405,lastFM_37799,1.0,False,FP
mbrainz_4850,lastFM_10055,1.0,False,FP
mbrainz_7110,lastFM_15118,1.0,False,FP
mbrainz_2056,lastFM_4517,1.0,True,TP
mbrainz_16160,lastFM_36889,1.0,False,FP
mbrainz_13883,lastFM_30133,1.0,False,FP
mbrainz_4985,lastFM_10343,1.0,False,FP
mbrainz_2199,lastFM_4764,1.0,False,FP
mbrainz_7735,lastFM_16503,1.0,False,FP
mbrainz_20636,lastFM_52017,1.0,False,FP
mbrainz_15478,lastFM_34073,1.0,False,FP
mbrainz_15486,lastFM_34090,1.0,True,TP
mbrainz_2668,lastFM_5670,1.0,False,FP
mbrainz_5358,lastFM_11224,1.0,False,FP
mbrainz_9085,lastFM_19346,1.0,False,FP
mbrainz_17263,lastFM_40496,1.0,False,FP
mbrainz_26680,lastFM_66876,1.0,False,FP
mbrainz_32973,lastFM_81741,1.0,False,FP
mbrainz_16186,lastFM_36969,1.0,False,FP
mbrainz_33103,lastFM_82014,1.0,False,FP
mbrainz_22894,lastFM_58097,1.0,False,FP
mbrainz_312,lastFM_548,1.0,False,FP
mbrainz_16773,lastFM_38926,1.0,False,FP
mbrainz_10391,lastFM_22174,1.0,False,FP
mbrainz_21610,lastFM_54734,1.0,False,FP
mbrainz_3287,lastFM_6908,1.0,False,FP
mbrainz_24459,lastFM_61907,1.0,False,FP
mbrainz_9350,lastFM_19870,1.0,False,FP
mbrainz_12240,lastFM_26362,1.0,False,FP
mbrainz_22354,lastFM_56734,1.0,True,TP
mbrainz_33188,lastFM_82221,1.0,False,FP
mbrainz_330,lastFM_2763,1.0,False,FP
mbrainz_330,lastFM_28427,1.0,False,FP
mbrainz_1851,lastFM_4150,1.0,False,FP
mbrainz_4986,lastFM_10344,1.0,False,FP
mbrainz_21193,lastFM_53599,1.0,False,FP
mbrainz_2368,lastFM_5096,1.0,False,FP
mbrainz_352,lastFM_650,1.0,True,TP
mbrainz_20302,lastFM_51167,1.0,False,FP
mbrainz_2302,lastFM_4976,1.0,False,FP
mbrainz_5748,lastFM_12123,1.0,False,FP
mbrainz_7844,lastFM_16730,1.0,True,TP
mbrainz_12303,lastFM_26487,1.0,False,FP
mbrainz_13495,lastFM_29186,1.0,False,FP
mbrainz_19919,lastFM_50106,1.0,False,FP
mbrainz_28695,lastFM_71738,1.0,False,FP
mbrainz_30679,lastFM_76561,1.0,False,FP
mbrainz_4979,lastFM_10322,1.0,False,FP
mbrainz_23530,lastFM_59690,1.0,False,FP
mbrainz_6046,lastFM_12721,1.0,False,FP
mbrainz_471,lastFM_991,1.0,False,FP
mbrainz_18917,lastFM_46426,1.0,True,TP
mbrainz_371,lastFM_699,1.0,False,FP
mbrainz_11342,lastFM_24328,1.0,False,FP
mbrainz_13921,lastFM_45650,1.0,False,FP
mbrainz_30481,lastFM_76081,1.0,False,FP
mbrainz_31697,lastFM_78843,1.0,False,FP
mbrainz_5198,lastFM_10839,1.0,False,FP
mbrainz_2140,lastFM_15663,1.0,False,FP
mbrainz_7337,lastFM_15663,1.0,False,FP
mbrainz_7739,lastFM_16512,1.0,True,TP
mbrainz_8399,lastFM_17957,1.0,False,FP
mbrainz_8950,lastFM_19054,1.0,True,TP
mbrainz_11164,lastFM_23958,1.0,False,FP
mbrainz_11491,lastFM_20132,1.0,False,FP
mbrainz_12009,lastFM_25855,1.0,False,FP
mbrainz_14145,lastFM_30819,1.0,False,FP
mbrainz_14245,lastFM_31076,1.0,False,FP
mbrainz_18982,lastFM_46620,1.0,False,FP
mbrainz_18998,lastFM_46685,1.0,False,FP
mbrainz_19662,lastFM_49297,1.0,True,TP
mbrainz_23682,lastFM_60035,1.0,False,FP
mbrainz_28451,lastFM_71120,1.0,True,TP
mbrainz_33241,lastFM_82327,1.0,False,FP
mbrainz_17808,lastFM_42483,1.0,False,FP
mbrainz_10954,lastFM_23465,1.0,False,FP
mbrainz_7273,lastFM_15528,1.0,False,FP
mbrainz_9859,lastFM_32495,1.0,False,FP
mbrainz_14814,lastFM_32495,1.0,False,FP
mbrainz_17466,lastFM_41102,1.0,True,TP
mbrainz_2004,lastFM_4419,1.0,True,TP
mbrainz_6628,lastFM_14010,1.0,True,TP
mbrainz_10108,lastFM_21537,1.0,False,FP
mbrainz_10474,lastFM_22351,1.0,False,FP
mbrainz_17724,lastFM_42253,1.0,False,FP
mbrainz_18132,lastFM_43768,1.0,False,FP
mbrainz_4940,lastFM_10255,1.0,False,FP
mbrainz_32927,lastFM_81635,1.0,False,FP
mbrainz_606,lastFM_1378,1.0,False,FP
mbrainz_3255,lastFM_6855,1.0,False,FP
mbrainz_423,lastFM_875,1.0,False,FP
mbrainz_10345,lastFM_22069,1.0,True,TP
mbrainz_20400,lastFM_51410,1.0,False,FP
mbrainz_27181,lastFM_68053,1.0,False,FP
mbrainz_32383,lastFM_80463,1.0,True,TP
mbrainz_2708,lastFM_5746,1.0,False,FP
mbrainz_826,lastFM_1915,1.0,False,FP
mbrainz_1358,lastFM_3162,1.0,False,FP
mbrainz_13486,lastFM_29171,1.0,True,TP
mbrainz_612,lastFM_1399,1.0,False,FP
mbrainz_14289,lastFM_31183,1.0,False,FP
mbrainz_445,lastFM_924,1.0,True,TP
mbrainz_7076,lastFM_15015,1.0,False,FP
mbrainz_7209,lastFM_15374,1.0,True,TP
mbrainz_8868,lastFM_18881,1.0,False,FP
mbrainz_25997,lastFM_65388,1.0,False,FP
mbrainz_477,lastFM_999,1.0,False,FP
mbrainz_9370,lastFM_19915,1.0,False,FP
mbrainz_478,lastFM_1002,1.0,False,FP
mbrainz_1340,lastFM_3118,1.0,False,FP
mbrainz_20310,lastFM_51189,1.0,False,FP
mbrainz_12763,lastFM_27482,1.0,False,FP
mbrainz_6388,lastFM_13476,1.0,True,TP
mbrainz_14524,lastFM_31779,1.0,False,FP
mbrainz_20206,lastFM_50926,1.0,False,FP
mbrainz_13252,lastFM_28594,1.0,True,TP
mbrainz_13530,lastFM_29279,1.0,False,FP
mbrainz_15649,lastFM_34521,1.0,True,TP
mbrainz_25820,lastFM_64974,1.0,True,TP
mbrainz_16657,lastFM_38559,1.0,False,FP
mbrainz_16194,lastFM_36990,1.0,False,FP
mbrainz_10107,lastFM_21535,1.0,True,TP
mbrainz_13187,lastFM_24675,1.0,False,FP
mbrainz_13188,lastFM_25732,1.0,False,FP
mbrainz_18962,lastFM_46575,1.0,False,FP
mbrainz_8066,lastFM_17212,1.0,False,FP
mbrainz_17113,lastFM_40044,1.0,False,FP
mbrainz_18047,lastFM_43511,1.0,True,TP
mbrainz_3961,lastFM_8229,1.0,False,FP
mbrainz_505,lastFM_1110,1.0,False,FP
mbrainz_8502,lastFM_18151,1.0,False,FP
mbrainz_896,lastFM_2076,1.0,True,TP
mbrainz_19167,lastFM_47216,1.0,False,FP
mbrainz_15132,lastFM_33284,1.0,True,TP
mbrainz_1631,lastFM_3785,1.0,False,FP
mbrainz_2349,lastFM_5060,1.0,False,FP
mbrainz_2399,lastFM_5140,1.0,False,FP
mbrainz_5466,lastFM_11465,1.0,False,FP
mbrainz_9447,lastFM_20088,1.0,False,FP
mbrainz_28690,lastFM_71725,1.0,True,TP
mbrainz_32381,lastFM_80460,1.0,False,FP
mbrainz_3337,lastFM_6998,1.0,False,FP
mbrainz_535,lastFM_1178,1.0,False,FP
mbrainz_1523,lastFM_3551,1.0,False,FP
mbrainz_2873,lastFM_6089,1.0,False,FP
mbrainz_13895,lastFM_30167,1.0,False,FP
mbrainz_18232,lastFM_44105,1.0,False,FP
mbrainz_18214,lastFM_44046,1.0,False,FP
mbrainz_754,lastFM_1769,1.0,False,FP
mbrainz_2169,lastFM_4709,1.0,True,TP
mbrainz_8635,lastFM_18400,1.0,False,FP
mbrainz_557,lastFM_1213,1.0,False,FP
mbrainz_20119,lastFM_50655,1.0,False,FP
mbrainz_558,lastFM_1216,1.0,False,FP
mbrainz_7366,lastFM_15742,1.0,False,FP
mbrainz_4237,lastFM_8777,1.0,False,FP
mbrainz_10689,lastFM_22866,1.0,False,FP
mbrainz_11606,lastFM_24884,1.0,False,FP
mbrainz_19628,lastFM_48900,1.0,False,FP
mbrainz_14487,lastFM_31690,1.0,False,FP
mbrainz_17729,lastFM_42263,1.0,False,FP
mbrainz_27640,lastFM_69237,1.0,False,FP
mbrainz_590,lastFM_1328,1.0,False,FP
mbrainz_2110,lastFM_4600,1.0,False,FP
mbrainz_3764,lastFM_7833,1.0,False,FP
mbrainz_33377,lastFM_82595,1.0,True,TP
mbrainz_1539,lastFM_3584,1.0,True,TP
mbrainz_8150,lastFM_17433,1.0,False,FP
mbrainz_9841,lastFM_20965,1.0,False,FP
mbrainz_11140,lastFM_23918,1.0,False,FP
mbrainz_13652,lastFM_29593,1.0,False,FP
mbrainz_17778,lastFM_42428,1.0,False,FP
mbrainz_26855,lastFM_67301,1.0,True,TP
mbrainz_5730,lastFM_12086,1.0,False,FP
mbrainz_13323,lastFM_28772,1.0,True,TP
mbrainz_23956,lastFM_60674,1.0,True,TP
mbrainz_1874,lastFM_4190,1.0,False,FP
mbrainz_22940,lastFM_54914,1.0,False,FP
mbrainz_23640,lastFM_59943,1.0,False,FP
mbrainz_24480,lastFM_61949,1.0,True,TP
mbrainz_7062,lastFM_14994,1.0,False,FP
mbrainz_13295,lastFM_28703,1.0,False,FP
mbrainz_17102,lastFM_40025,1.0,False,FP
mbrainz_621,lastFM_1426,1.0,True,TP
mbrainz_17474,lastFM_41354,1.0,False,FP
mbrainz_1305,lastFM_3030,1.0,False,FP
mbrainz_2743,lastFM_5831,1.0,True,TP
mbrainz_3131,lastFM_6608,1.0,False,FP
mbrainz_19396,lastFM_48165,1.0,False,FP
mbrainz_21957,lastFM_55705,1.0,False,FP
mbrainz_11537,lastFM_24723,1.0,False,FP
mbrainz_23194,lastFM_58817,1.0,False,FP
mbrainz_3919,lastFM_8134,1.0,False,FP
mbrainz_11878,lastFM_25549,1.0,False,FP
mbrainz_662,lastFM_1546,1.0,True,TP
mbrainz_6168,lastFM_13001,1.0,False,FP
mbrainz_9183,lastFM_19537,1.0,False,FP
mbrainz_13618,lastFM_29507,1.0,False,FP
mbrainz_29430,lastFM_73360,1.0,False,FP
mbrainz_1061,lastFM_2459,1.0,False,FP
mbrainz_1215,lastFM_2804,1.0,False,FP
mbrainz_3630,lastFM_7568,1.0,False,FP
mbrainz_6150,lastFM_12957,1.0,False,FP
mbrainz_9235,lastFM_19646,1.0,True,TP
mbrainz_12389,lastFM_26700,1.0,False,FP
mbrainz_17410,lastFM_40963,1.0,False,FP
mbrainz_20366,lastFM_51327,1.0,False,FP
mbrainz_20418,lastFM_51455,1.0,False,FP
mbrainz_1361,lastFM_3168,1.0,False,FP
mbrainz_4035,lastFM_8383,1.0,False,FP
mbrainz_4535,lastFM_9344,1.0,False,FP
mbrainz_10715,lastFM_22919,1.0,False,FP
mbrainz_22456,lastFM_57012,1.0,False,FP
mbrainz_1897,lastFM_4856,1.0,False,FP
mbrainz_4548,lastFM_9374,1.0,False,FP
mbrainz_5019,lastFM_10423,1.0,False,FP
mbrainz_5111,lastFM_10625,1.0,False,FP
mbrainz_20645,lastFM_52043,1.0,False,FP
mbrainz_6165,lastFM_12991,1.0,False,FP
mbrainz_12743,lastFM_27440,1.0,False,FP
mbrainz_10482,lastFM_22366,1.0,False,FP
mbrainz_11846,lastFM_25482,1.0,False,FP
mbrainz_21122,lastFM_53400,1.0,True,TP
mbrainz_5061,lastFM_10518,1.0,False,FP
mbrainz_18935,lastFM_46479,1.0,False,FP
mbrainz_3693,lastFM_7694,1.0,False,FP
mbrainz_3693,lastFM_7857,1.0,False,FP
mbrainz_3779,lastFM_7694,1.0,False,FP
mbrainz_3779,lastFM_7857,1.0,True,TP
mbrainz_22327,lastFM_56670,1.0,False,FP
mbrainz_2789,lastFM_5923,1.0,False,FP
mbrainz_3557,lastFM_7430,1.0,False,FP
mbrainz_2400,lastFM_5144,1.0,False,FP
mbrainz_8350,lastFM_17860,1.0,False,FP
mbrainz_18790,lastFM_46027,1.0,False,FP
mbrainz_19576,lastFM_48793,1.0,False,FP
mbrainz_742,lastFM_483,1.0,False,FP
mbrainz_9877,lastFM_21055,1.0,False,FP
mbrainz_12375,lastFM_26660,1.0,False,FP
mbrainz_24235,lastFM_61356,1.0,False,FP
mbrainz_25570,lastFM_64465,1.0,False,FP
mbrainz_2256,lastFM_4874,1.0,False,FP
mbrainz_4543,lastFM_9367,1.0,False,FP
mbrainz_11609,lastFM_24890,1.0,True,TP
mbrainz_14057,lastFM_30568,1.0,True,TP
mbrainz_8528,lastFM_18208,1.0,False,FP
mbrainz_2165,lastFM_4703,1.0,False,FP
mbrainz_1688,lastFM_3876,1.0,False,FP
mbrainz_7673,lastFM_16381,1.0,False,FP
mbrainz_7828,lastFM_67549,1.0,False,FP
mbrainz_8387,lastFM_17933,1.0,False,FP
mbrainz_10188,lastFM_21732,1.0,False,FP
mbrainz_10756,lastFM_23009,1.0,False,FP
mbrainz_15588,lastFM_34355,1.0,True,TP
mbrainz_20926,lastFM_52785,1.0,True,TP
mbrainz_23657,lastFM_59975,1.0,False,FP
mbrainz_24311,lastFM_61544,1.0,False,FP
mbrainz_20466,lastFM_51570,1.0,False,FP
mbrainz_4265,lastFM_8828,1.0,False,FP
mbrainz_809,lastFM_1892,1.0,False,FP
mbrainz_822,lastFM_1909,1.0,False,FP
mbrainz_7932,lastFM_16918,1.0,False,FP
mbrainz_10455,lastFM_22303,1.0,False,FP
mbrainz_19369,lastFM_48068,1.0,False,FP
mbrainz_2360,lastFM_5080,1.0,False,FP
mbrainz_20268,lastFM_51055,1.0,True,TP
mbrainz_30399,lastFM_75880,1.0,True,TP
mbrainz_12873,lastFM_27735,1.0,False,FP
mbrainz_3409,lastFM_7151,1.0,False,FP
mbrainz_20434,lastFM_51492,1.0,False,FP
mbrainz_4020,lastFM_8351,1.0,False,FP
mbrainz_4694,lastFM_9687,1.0,False,FP
mbrainz_9807,lastFM_20885,1.0,False,FP
mbrainz_10901,lastFM_23350,1.0,True,TP
mbrainz_11594,lastFM_24849,1.0,False,FP
mbrainz_16193,lastFM_36988,1.0,False,FP
mbrainz_18371,lastFM_44534,1.0,False,FP
mbrainz_19740,lastFM_49563,1.0,False,FP
mbrainz_25706,lastFM_40948,1.0,False,FP
mbrainz_26784,lastFM_67107,1.0,False,FP
mbrainz_30337,lastFM_75715,1.0,True,TP
mbrainz_31120,lastFM_77555,1.0,False,FP
mbrainz_905,lastFM_2097,1.0,False,FP
mbrainz_18840,lastFM_46175,1.0,False,FP
mbrainz_912,lastFM_2116,1.0,False,FP
mbrainz_8426,lastFM_18006,1.0,False,FP
mbrainz_14583,lastFM_31926,1.0,False,FP
mbrainz_16390,lastFM_37738,1.0,False,FP
mbrainz_24381,lastFM_58003,1.0,True,TP
mbrainz_29232,lastFM_72903,1.0,False,FP
mbrainz_32644,lastFM_81062,1.0,False,FP
mbrainz_12751,lastFM_27459,1.0,False,FP
mbrainz_2670,lastFM_5672,1.0,False,FP
mbrainz_21036,lastFM_53144,1.0,False,FP
mbrainz_9400,lastFM_19985,1.0,False,FP
mbrainz_6958,lastFM_14765,1.0,False,FP
mbrainz_9773,lastFM_20811,1.0,False,FP
mbrainz_10030,lastFM_21362,1.0,False,FP
mbrainz_10084,lastFM_21486,1.0,False,FP
mbrainz_22176,lastFM_56290,1.0,False,FP
mbrainz_11214,lastFM_24050,1.0,False,FP
mbrainz_6142,lastFM_12935,1.0,False,FP
mbrainz_20049,lastFM_50466,1.0,False,FP
mbrainz_7146,lastFM_15208,1.0,False,FP
mbrainz_12337,lastFM_26572,1.0,False,FP
mbrainz_22237,lastFM_56428,1.0,False,FP
mbrainz_4206,lastFM_8725,1.0,False,FP
mbrainz_12740,lastFM_27434,1.0,False,FP
mbrainz_19614,lastFM_48868,1.0,True,TP
mbrainz_29885,lastFM_74605,1.0,False,FP
mbrainz_15668,lastFM_34882,1.0,False,FP
mbrainz_1050,lastFM_2433,1.0,False,FP
mbrainz_13502,lastFM_29209,1.0,False,FP
mbrainz_1812,lastFM_4071,1.0,False,FP
mbrainz_4637,lastFM_9560,1.0,False,FP
mbrainz_6848,lastFM_14487,1.0,False,FP
mbrainz_6856,lastFM_14506,1.0,False,FP
mbrainz_7456,lastFM_15940,1.0,False,FP
mbrainz_7840,lastFM_16720,1.0,False,FP
mbrainz_7953,lastFM_16956,1.0,False,FP
mbrainz_7953,lastFM_22519,1.0,False,FP
mbrainz_10293,lastFM_21946,1.0,True,TP
mbrainz_10547,lastFM_16956,1.0,False,FP
mbrainz_10547,lastFM_22519,1.0,False,FP
mbrainz_10923,lastFM_23406,1.0,True,TP
mbrainz_11156,lastFM_23945,1.0,False,FP
mbrainz_12035,lastFM_25920,1.0,False,FP
mbrainz_14002,lastFM_30415,1.0,True,TP
mbrainz_14200,lastFM_30962,1.0,True,TP
mbrainz_15371,lastFM_33812,1.0,False,FP
mbrainz_20447,lastFM_51524,1.0,False,FP
mbrainz_20773,lastFM_52333,1.0,False,FP
mbrainz_21119,lastFM_53393,1.0,False,FP
mbrainz_29292,lastFM_73051,1.0,False,FP
mbrainz_33634,lastFM_34607,1.0,False,FP
mbrainz_12309,lastFM_26501,1.0,False,FP
mbrainz_1473,lastFM_3437,1.0,False,FP
mbrainz_5293,lastFM_11046,1.0,False,FP
mbrainz_7696,lastFM_16440,1.0,True,TP
mbrainz_8619,lastFM_18371,1.0,False,FP
mbrainz_14812,lastFM_32493,1.0,False,FP
mbrainz_30214,lastFM_75448,1.0,False,FP
mbrainz_1472,lastFM_3435,1.0,False,FP
mbrainz_2707,lastFM_5740,1.0,True,TP
mbrainz_11888,lastFM_25564,1.0,True,TP
mbrainz_16153,lastFM_36859,1.0,False,FP
mbrainz_16400,lastFM_37785,1.0,False,FP
mbrainz_16881,lastFM_39328,1.0,False,FP
mbrainz_18562,lastFM_45215,1.0,False,FP
mbrainz_25567,lastFM_64460,1.0,False,FP
mbrainz_25717,lastFM_64767,1.0,False,FP
mbrainz_26920,lastFM_67469,1.0,False,FP
mbrainz_16225,lastFM_37086,1.0,True,TP
mbrainz_13595,lastFM_29443,1.0,True,TP
mbrainz_20057,lastFM_50487,1.0,False,FP
mbrainz_2139,lastFM_4650,1.0,False,FP
mbrainz_4564,lastFM_9401,1.0,False,FP
mbrainz_6966,lastFM_14780,1.0,False,FP
mbrainz_11114,lastFM_23837,1.0,False,FP
mbrainz_12354,lastFM_26621,1.0,False,FP
mbrainz_13760,lastFM_29833,1.0,False,FP
mbrainz_20461,lastFM_48581,1.0,True,TP
mbrainz_22690,lastFM_57547,1.0,False,FP
mbrainz_1153,lastFM_2659,1.0,False,FP
mbrainz_1353,lastFM_3151,1.0,False,FP
mbrainz_3945,lastFM_8196,1.0,False,FP
mbrainz_8380,lastFM_17919,1.0,False,FP
mbrainz_22847,lastFM_57964,1.0,False,FP
mbrainz_1418,lastFM_3288,1.0,False,FP
mbrainz_5766,lastFM_1644,1.0,False,FP
mbrainz_16260,lastFM_37240,1.0,True,TP
mbrainz_20660,lastFM_52073,1.0,True,TP
mbrainz_32294,lastFM_15191,1.0,False,FP
mbrainz_3489,lastFM_7308,1.0,True,TP
mbrainz_3891,lastFM_8076,1.0,False,FP
mbrainz_6190,lastFM_13052,1.0,False,FP
mbrainz_7968,lastFM_16988,1.0,False,FP
mbrainz_9908,lastFM_21122,1.0,False,FP
mbrainz_10744,lastFM_22977,1.0,False,FP
mbrainz_14186,lastFM_30935,1.0,False,FP
mbrainz_19352,lastFM_48008,1.0,False,FP
mbrainz_31283,lastFM_77880,1.0,False,FP
mbrainz_31636,lastFM_78672,1.0,False,FP
mbrainz_9467,lastFM_20137,1.0,False,FP
mbrainz_20785,lastFM_52364,1.0,True,TP
mbrainz_21338,lastFM_53979,1.0,False,FP
mbrainz_11785,lastFM_25306,1.0,True,TP
mbrainz_1200,lastFM_2768,1.0,False,FP
mbrainz_1352,lastFM_3150,1.0,False,FP
mbrainz_1203,lastFM_2780,1.0,False,FP
mbrainz_4073,lastFM_8454,1.0,False,FP
mbrainz_1270,lastFM_2944,1.0,True,TP
mbrainz_1271,lastFM_2946,1.0,False,FP
mbrainz_25656,lastFM_64649,1.0,True,TP
mbrainz_26419,lastFM_66293,1.0,False,FP
mbrainz_31653,lastFM_78718,1.0,False,FP
mbrainz_2007,lastFM_4423,1.0,False,FP
mbrainz_3175,lastFM_6702,1.0,False,FP
mbrainz_8566,lastFM_18269,1.0,False,FP
mbrainz_15752,lastFM_35142,1.0,False,FP
mbrainz_1296,lastFM_2999,1.0,False,FP
mbrainz_3106,lastFM_6559,1.0,False,FP
mbrainz_5492,lastFM_11541,1.0,False,FP
mbrainz_9652,lastFM_20540,1.0,True,TP
mbrainz_22010,lastFM_55852,1.0,False,FP
mbrainz_3151,lastFM_34063,1.0,False,FP
mbrainz_1330,lastFM_3091,1.0,False,FP
mbrainz_8031,lastFM_17138,1.0,True,TP
mbrainz_9799,lastFM_25306,1.0,False,FP
mbrainz_18430,lastFM_44730,1.0,False,FP
mbrainz_12833,lastFM_27646,1.0,False,FP
mbrainz_26560,lastFM_66593,1.0,False,FP
mbrainz_28988,lastFM_72372,1.0,False,FP
mbrainz_3539,lastFM_7396,1.0,False,FP
mbrainz_7166,lastFM_15260,1.0,False,FP
mbrainz_8110,lastFM_17337,1.0,True,TP
mbrainz_8111,lastFM_17340,1.0,False,FP
mbrainz_13665,lastFM_29616,1.0,False,FP
mbrainz_25817,lastFM_64969,1.0,True,TP
mbrainz_27564,lastFM_69064,1.0,False,FP
mbrainz_7732,lastFM_16500,1.0,True,TP
mbrainz_7821,lastFM_16685,1.0,False,FP
mbrainz_32020,lastFM_79648,1.0,True,TP
mbrainz_2532,lastFM_5399,1.0,True,TP
mbrainz_18060,lastFM_43560,1.0,False,FP
mbrainz_4771,lastFM_9869,1.0,False,FP
mbrainz_16922,lastFM_39466,1.0,False,FP
mbrainz_2366,lastFM_5093,1.0,False,FP
mbrainz_2662,lastFM_5663,1.0,False,FP
mbrainz_11460,lastFM_24564,1.0,False,FP
mbrainz_1747,lastFM_3963,1.0,False,FP
mbrainz_3509,lastFM_7341,1.0,False,FP
mbrainz_4838,lastFM_10022,1.0,False,FP
mbrainz_4999,lastFM_10369,1.0,False,FP
mbrainz_10737,lastFM_22967,1.0,False,FP
mbrainz_10797,lastFM_23122,1.0,False,FP
mbrainz_14564,lastFM_31886,1.0,False,FP
mbrainz_14025,lastFM_30485,1.0,False,FP
mbrainz_16258,lastFM_37235,1.0,False,FP
mbrainz_19894,lastFM_50023,1.0,False,FP
mbrainz_23585,lastFM_59826,1.0,False,FP
mbrainz_30086,lastFM_75147,1.0,False,FP
mbrainz_27696,lastFM_69388,1.0,False,FP
mbrainz_13689,lastFM_29672,1.0,False,FP
mbrainz_2101,lastFM_4590,1.0,False,FP
mbrainz_7301,lastFM_15602,1.0,False,FP
mbrainz_18947,lastFM_46526,1.0,False,FP
mbrainz_20526,lastFM_51747,1.0,False,FP
mbrainz_22760,lastFM_57713,1.0,False,FP
mbrainz_25261,lastFM_63731,1.0,False,FP
mbrainz_26547,lastFM_66553,1.0,False,FP
mbrainz_7379,lastFM_15771,1.0,False,FP
mbrainz_29450,lastFM_73419,1.0,True,TP
mbrainz_6497,lastFM_13715,1.0,True,TP
mbrainz_33235,lastFM_82314,1.0,False,FP
mbrainz_2773,lastFM_5889,1.0,False,FP
mbrainz_18169,lastFM_31301,1.0,False,FP
mbrainz_18169,lastFM_51053,1.0,False,FP
mbrainz_4541,lastFM_18340,1.0,False,FP
mbrainz_4541,lastFM_41762,1.0,False,FP
mbrainz_18185,lastFM_43944,1.0,False,FP
mbrainz_8254,lastFM_17651,1.0,False,FP
mbrainz_15463,lastFM_34037,1.0,False,FP
mbrainz_1625,lastFM_37582,1.0,False,FP
mbrainz_29984,lastFM_37582,1.0,False,FP
mbrainz_5247,lastFM_10937,1.0,False,FP
mbrainz_11931,lastFM_25678,1.0,False,FP
mbrainz_16595,lastFM_38371,1.0,False,FP
mbrainz_21250,lastFM_53757,1.0,False,FP
mbrainz_24664,lastFM_62403,1.0,False,FP
mbrainz_24794,lastFM_62690,1.0,False,FP
mbrainz_26684,lastFM_66884,1.0,False,FP
mbrainz_31563,lastFM_18369,1.0,False,FP
mbrainz_31563,lastFM_78528,1.0,False,FP
mbrainz_9299,lastFM_19781,1.0,True,TP
mbrainz_23596,lastFM_59844,1.0,False,FP
mbrainz_2774,lastFM_5890,1.0,False,FP
mbrainz_1746,lastFM_3961,1.0,False,FP
mbrainz_25004,lastFM_63155,1.0,False,FP
mbrainz_5089,lastFM_10579,1.0,False,FP
mbrainz_9271,lastFM_19720,1.0,True,TP
mbrainz_18762,lastFM_45919,1.0,False,FP
mbrainz_21325,lastFM_53954,1.0,False,FP
mbrainz_5387,lastFM_11274,1.0,False,FP
mbrainz_7581,lastFM_16175,1.0,False,FP
mbrainz_15566,lastFM_34286,1.0,True,TP
mbrainz_1883,lastFM_4205,1.0,False,FP
mbrainz_7773,lastFM_16581,1.0,False,FP
mbrainz_26210,lastFM_65837,1.0,False,FP
mbrainz_1907,lastFM_4245,1.0,False,FP
mbrainz_2891,lastFM_6119,1.0,False,FP
mbrainz_12333,lastFM_26566,1.0,False,FP
mbrainz_16029,lastFM_36328,1.0,False,FP
mbrainz_28626,lastFM_71564,1.0,False,FP
mbrainz_32189,lastFM_79995,1.0,False,FP
mbrainz_33131,lastFM_82083,1.0,False,FP
mbrainz_11015,lastFM_23616,1.0,False,FP
mbrainz_3048,lastFM_6436,1.0,False,FP
mbrainz_9552,lastFM_43490,1.0,False,FP
mbrainz_21997,lastFM_55825,1.0,False,FP
mbrainz_9881,lastFM_21063,1.0,False,FP
mbrainz_10956,lastFM_23471,1.0,False,FP
mbrainz_11298,lastFM_24220,1.0,False,FP
mbrainz_12098,lastFM_26063,1.0,False,FP
mbrainz_16291,lastFM_37371,1.0,False,FP
mbrainz_22311,lastFM_56630,1.0,False,FP
mbrainz_28683,lastFM_71704,1.0,False,FP
mbrainz_3115,lastFM_6582,1.0,True,TP
mbrainz_19441,lastFM_48328,1.0,False,FP
mbrainz_25816,lastFM_64968,1.0,False,FP
mbrainz_2105,lastFM_4594,1.0,False,FP
mbrainz_4005,lastFM_8322,1.0,False,FP
mbrainz_8968,lastFM_19094,1.0,False,FP
mbrainz_16423,lastFM_37856,1.0,False,FP
mbrainz_21019,lastFM_53072,1.0,True,TP
mbrainz_21421,lastFM_54213,1.0,False,FP
mbrainz_3773,lastFM_7844,1.0,False,FP
mbrainz_3773,lastFM_20355,1.0,False,FP
mbrainz_9567,lastFM_7844,1.0,False,FP
mbrainz_2109,lastFM_4599,1.0,False,FP
mbrainz_2919,lastFM_6166,1.0,False,FP
mbrainz_8371,lastFM_17904,1.0,False,FP
mbrainz_6390,lastFM_13478,1.0,False,FP
mbrainz_29510,lastFM_73597,1.0,False,FP
mbrainz_8024,lastFM_17121,1.0,False,FP
mbrainz_13060,lastFM_28179,1.0,True,TP
mbrainz_24283,lastFM_61480,1.0,False,FP
mbrainz_3746,lastFM_7807,1.0,False,FP
mbrainz_15924,lastFM_35734,1.0,True,TP
mbrainz_26788,lastFM_67117,1.0,False,FP
mbrainz_2181,lastFM_4730,1.0,False,FP
mbrainz_18468,lastFM_44876,1.0,False,FP
mbrainz_6933,lastFM_14695,1.0,False,FP
mbrainz_12254,lastFM_26390,1.0,False,FP
mbrainz_14838,lastFM_40659,1.0,False,FP
mbrainz_23963,lastFM_60690,1.0,False,FP
mbrainz_5311,lastFM_63601,1.0,False,FP
mbrainz_22742,lastFM_57684,1.0,False,FP
mbrainz_25205,lastFM_63601,1.0,False,FP
mbrainz_12297,lastFM_26470,1.0,False,FP
mbrainz_13374,lastFM_28910,1.0,False,FP
mbrainz_5315,lastFM_11122,1.0,False,FP
mbrainz_2412,lastFM_5164,1.0,False,FP
mbrainz_26617,lastFM_66723,1.0,False,FP
mbrainz_2513,lastFM_5362,1.0,False,FP
mbrainz_2515,lastFM_5365,1.0,False,FP
mbrainz_30449,lastFM_76014,1.0,False,FP
mbrainz_14823,lastFM_32511,1.0,False,FP
mbrainz_2558,lastFM_5444,1.0,False,FP
mbrainz_4488,lastFM_9246,1.0,False,FP
mbrainz_17880,lastFM_42994,1.0,False,FP
mbrainz_24291,lastFM_61498,1.0,True,TP
mbrainz_6740,lastFM_14234,1.0,False,FP
mbrainz_2673,lastFM_5677,1.0,True,TP
mbrainz_2680,lastFM_5686,1.0,False,FP
mbrainz_23035,lastFM_58434,1.0,True,TP
mbrainz_20680,lastFM_52117,1.0,False,FP
mbrainz_5923,lastFM_12483,1.0,True,TP
mbrainz_23071,lastFM_58527,1.0,False,FP
mbrainz_23278,lastFM_59046,1.0,True,TP
mbrainz_25375,lastFM_63999,1.0,False,FP
mbrainz_29140,lastFM_72701,1.0,True,TP
mbrainz_16863,lastFM_39264,1.0,True,TP
mbrainz_20762,lastFM_52305,1.0,False,FP
mbrainz_31715,lastFM_78877,1.0,False,FP
mbrainz_4091,lastFM_8483,1.0,False,FP
mbrainz_7998,lastFM_17072,1.0,False,FP
mbrainz_12715,lastFM_27396,1.0,False,FP
mbrainz_13441,lastFM_29069,1.0,False,FP
mbrainz_11872,lastFM_25536,1.0,False,FP
mbrainz_30134,lastFM_75263,1.0,False,FP
mbrainz_26032,lastFM_65454,1.0,False,FP
mbrainz_14539,lastFM_31817,1.0,False,FP
mbrainz_3019,lastFM_6384,1.0,True,TP
mbrainz_22272,lastFM_56510,1.0,False,FP
mbrainz_10198,lastFM_21756,1.0,False,FP
mbrainz_15183,lastFM_33412,1.0,False,FP
mbrainz_16332,lastFM_37542,1.0,False,FP
mbrainz_17748,lastFM_42330,1.0,True,TP
mbrainz_19795,lastFM_49719,1.0,False,FP
mbrainz_26856,lastFM_67304,1.0,False,FP
mbrainz_10465,lastFM_22328,1.0,True,TP
mbrainz_11891,lastFM_25573,1.0,False,FP
mbrainz_12913,lastFM_27819,1.0,False,FP
mbrainz_15336,lastFM_33726,1.0,False,FP
mbrainz_3349,lastFM_7024,1.0,False,FP
mbrainz_32944,lastFM_81675,1.0,False,FP
mbrainz_3395,lastFM_7125,1.0,False,FP
mbrainz_15619,lastFM_34435,1.0,True,TP
mbrainz_13557,lastFM_29351,1.0,False,FP
mbrainz_16420,lastFM_37844,1.0,False,FP
mbrainz_3658,lastFM_7614,1.0,False,FP
mbrainz_9451,lastFM_20101,1.0,False,FP
mbrainz_21259,lastFM_53774,1.0,True,TP
mbrainz_22614,lastFM_57378,1.0,False,FP
mbrainz_22872,lastFM_58028,1.0,True,TP
mbrainz_23850,lastFM_60429,1.0,True,TP
mbrainz_28613,lastFM_71529,1.0,False,FP
mbrainz_32765,lastFM_81294,1.0,False,FP
mbrainz_5662,lastFM_11922,1.0,True,TP
mbrainz_13458,lastFM_29102,1.0,False,FP
mbrainz_24964,lastFM_63070,1.0,True,TP
mbrainz_27423,lastFM_68652,1.0,False,FP
mbrainz_3889,lastFM_8073,1.0,False,FP
mbrainz_17543,lastFM_41616,1.0,False,FP
mbrainz_10499,lastFM_22407,1.0,False,FP
mbrainz_3899,lastFM_8096,1.0,True,TP
mbrainz_13079,lastFM_28223,1.0,False,FP
mbrainz_26770,lastFM_67073,1.0,True,TP
mbrainz_6140,lastFM_12932,1.0,False,FP
mbrainz_13952,lastFM_30301,1.0,False,FP
mbrainz_16498,lastFM_38087,1.0,True,TP
mbrainz_12169,lastFM_26212,1.0,False,FP
mbrainz_4064,lastFM_8436,1.0,False,FP
mbrainz_29159,lastFM_72747,1.0,False,FP
mbrainz_4145,lastFM_8592,1.0,False,FP
mbrainz_9817,lastFM_20900,1.0,False,FP
mbrainz_27299,lastFM_68339,1.0,False,FP
mbrainz_19735,lastFM_49541,1.0,False,FP
mbrainz_4266,lastFM_8830,1.0,False,FP
mbrainz_4392,lastFM_9076,1.0,False,FP
mbrainz_7299,lastFM_15597,1.0,False,FP
mbrainz_18618,lastFM_45378,1.0,False,FP
mbrainz_4498,lastFM_9267,1.0,False,FP
mbrainz_9489,lastFM_20182,1.0,False,FP
mbrainz_13820,lastFM_29977,1.0,False,FP
mbrainz_19510,lastFM_48567,1.0,False,FP
mbrainz_4679,lastFM_9651,1.0,False,FP
mbrainz_32923,lastFM_81626,1.0,False,FP
mbrainz_9591,lastFM_20413,1.0,False,FP
mbrainz_30527,lastFM_76216,1.0,True,TP
mbrainz_5052,lastFM_10488,1.0,False,FP
mbrainz_14184,lastFM_30933,1.0,False,FP
mbrainz_13103,lastFM_28268,1.0,False,FP
mbrainz_5175,lastFM_10787,1.0,True,TP
mbrainz_14776,lastFM_32403,1.0,False,FP
mbrainz_29254,lastFM_72958,1.0,False,FP
mbrainz_5294,lastFM_11047,1.0,False,FP
mbrainz_5444,lastFM_11417,1.0,False,FP
mbrainz_21594,lastFM_54700,1.0,False,FP
mbrainz_5629,lastFM_11858,1.0,False,FP
mbrainz_25161,lastFM_63509,1.0,False,FP
mbrainz_5701,lastFM_12017,1.0,False,FP
mbrainz_18711,lastFM_45699,1.0,False,FP
mbrainz_14016,lastFM_30462,1.0,False,FP
mbrainz_5933,lastFM_12501,1.0,False,FP
mbrainz_5964,lastFM_12559,1.0,False,FP
mbrainz_15126,lastFM_33277,1.0,False,FP
mbrainz_25618,lastFM_64580,1.0,False,FP
mbrainz_6617,lastFM_13979,1.0,False,FP
mbrainz_22599,lastFM_57342,1.0,False,FP
mbrainz_13416,lastFM_28997,1.0,False,FP
mbrainz_13416,lastFM_29202,1.0,False,FP
mbrainz_23760,lastFM_60215,1.0,False,FP
mbrainz_6976,lastFM_14811,1.0,False,FP
mbrainz_14934,lastFM_32803,1.0,False,FP
mbrainz_31367,lastFM_78080,1.0,False,FP
mbrainz_30104,lastFM_75188,1.0,True,TP
mbrainz_7740,lastFM_16515,1.0,False,FP
mbrainz_22860,lastFM_57992,1.0,False,FP
mbrainz_20393,lastFM_51397,1.0,False,FP
mbrainz_31157,lastFM_77629,1.0,False,FP
mbrainz_8395,lastFM_17947,1.0,False,FP
mbrainz_12359,lastFM_26628,1.0,True,TP
mbrainz_15914,lastFM_35704,1.0,False,FP
mbrainz_8751,lastFM_18652,1.0,False,FP
mbrainz_8920,lastFM_18981,1.0,False,FP
mbrainz_18984,lastFM_46623,1.0,True,TP
mbrainz_31537,lastFM_78468,1.0,False,FP
mbrainz_9055,lastFM_19292,1.0,False,FP
mbrainz_9120,lastFM_19418,1.0,False,FP
mbrainz_10580,lastFM_22609,1.0,False,FP
mbrainz_9221,lastFM_19606,1.0,False,FP
mbrainz_9310,lastFM_19800,1.0,False,FP
mbrainz_27554,lastFM_69031,1.0,False,FP
mbrainz_9538,lastFM_20286,1.0,False,FP
mbrainz_13623,lastFM_29516,1.0,False,FP
mbrainz_9771,lastFM_20803,1.0,False,FP
mbrainz_13968,lastFM_30336,1.0,False,FP
mbrainz_16648,lastFM_38533,1.0,False,FP
mbrainz_23678,lastFM_60026,1.0,False,FP
mbrainz_10078,lastFM_21462,1.0,False,FP
mbrainz_18689,lastFM_45626,1.0,False,FP
mbrainz_14727,lastFM_32282,1.0,False,FP
mbrainz_11022,lastFM_23632,1.0,True,TP
mbrainz_24503,lastFM_61997,1.0,False,FP
mbrainz_25529,lastFM_64372,1.0,True,TP
mbrainz_12285,lastFM_26446,1.0,False,FP
mbrainz_12791,lastFM_27544,1.0,False,FP
mbrainz_29373,lastFM_73246,1.0,False,FP
mbrainz_12894,lastFM_27777,1.0,False,FP
mbrainz_12928,lastFM_27848,1.0,False,FP
mbrainz_12962,lastFM_27941,1.0,False,FP
mbrainz_16589,lastFM_38355,1.0,False,FP
mbrainz_13662,lastFM_29610,1.0,False,FP
mbrainz_14882,lastFM_32668,1.0,False,FP
mbrainz_15083,lastFM_33163,1.0,False,FP
mbrainz_23843,lastFM_60413,1.0,False,FP
mbrainz_15843,lastFM_35481,1.0,False,FP
mbrainz_15921,lastFM_35723,1.0,False,FP
mbrainz_16317,lastFM_37495,1.0,False,FP
mbrainz_16825,lastFM_39111,1.0,False,FP
mbrainz_30997,lastFM_77296,1.0,False,FP
mbrainz_29088,lastFM_72590,1.0,True,TP
mbrainz_18257,lastFM_44201,1.0,False,FP
mbrainz_18330,lastFM_43806,1.0,False,FP
mbrainz_18526,lastFM_45074,1.0,False,FP
mbrainz_18701,lastFM_45671,1.0,False,FP
mbrainz_18758,lastFM_45903,1.0,False,FP
mbrainz_19607,lastFM_48854,1.0,False,FP
mbrainz_20978,lastFM_52941,1.0,False,FP
mbrainz_26649,lastFM_66803,1.0,False,FP
mbrainz_20938,lastFM_52817,1.0,False,FP
mbrainz_20164,lastFM_50790,1.0,True,TP
mbrainz_21987,lastFM_55796,1.0,False,FP
mbrainz_22195,lastFM_56337,1.0,False,FP
mbrainz_23545,lastFM_13375,1.0,False,FP
mbrainz_23545,lastFM_59735,1.0,False,FP
mbrainz_23545,lastFM_63354,1.0,False,FP
mbrainz_27902,lastFM_69888,1.0,False,FP
mbrainz_32422,lastFM_80555,1.0,False,FP
mbrainz_32774,lastFM_81307,1.0,False,FP
mbrainz_33665,lastFM_83204,1.0,False,FP
