id1,id2,label
http://dbpedia.org/resource/China_Mobile,http://www.forbes.com/companies/china-communications-services/,FALSE
http://dbpedia.org/resource/Israel_Discount_Bank,http://www.forbes.com/companies/bank-leumi/,FALSE
http://dbpedia.org/resource/Prudential_plc,http://www.forbes.com/companies/prudential-financial/,FALSE
http://dbpedia.org/resource/Hellenic_Aerospace_Industry,http://www.forbes.com/companies/hellenic-petroleum/,FALSE
http://dbpedia.org/resource/Motor_Oil_Hellas,http://www.forbes.com/companies/hellenic-petroleum/,FALSE
http://dbpedia.org/resource/Pidilite_Industries,http://www.forbes.com/companies/grasim-industries/,FALSE
http://dbpedia.org/resource/Imperial_Tobacco,http://www.forbes.com/companies/imperial-tobacco-group/,TRUE
http://dbpedia.org/resource/Avenir_Telecom,http://www.forbes.com/companies/vivendi/,FALSE
http://dbpedia.org/resource/Clorox,http://www.forbes.com/companies/clorox/,TRUE
http://dbpedia.org/resource/Larsen_&_Toubro,http://www.forbes.com/companies/larsen-toubro/,TRUE
http://dbpedia.org/resource/Prudential_Financial,http://www.forbes.com/companies/prudential-financial/,TRUE
http://dbpedia.org/resource/TJX_Companies,http://www.forbes.com/companies/tjx-cos/,TRUE
http://dbpedia.org/resource/Dubai_Banking_Group,http://www.forbes.com/companies/dubai-islamic-bank/,FALSE
http://dbpedia.org/resource/Neste_Oil,http://www.forbes.com/companies/neste-oil/,TRUE
http://dbpedia.org/resource/Tokyo_Star_Bank,http://www.forbes.com/companies/bank-of-yokohama/,FALSE
http://dbpedia.org/resource/Weichai_Power,http://www.forbes.com/companies/weichai-power/,TRUE
http://dbpedia.org/resource/Woolworths_(New_Zealand),http://www.forbes.com/companies/woolworths/,FALSE
http://dbpedia.org/resource/Caltex_Woolworths,http://www.forbes.com/companies/woolworths/,FALSE
http://dbpedia.org/resource/Turkcell,http://www.forbes.com/companies/turkcell/,TRUE
http://dbpedia.org/resource/Masco,http://www.forbes.com/companies/masco/,TRUE
http://dbpedia.org/resource/Rubbermaid,http://www.forbes.com/companies/clorox/,FALSE
http://dbpedia.org/resource/Ohzora_Publishing,http://www.forbes.com/companies/dai-nippon-printing/,FALSE
http://dbpedia.org/resource/Metro_Inc.,http://www.forbes.com/companies/metro-inc/,TRUE
http://dbpedia.org/resource/Harbin_Power_Equipment,http://www.forbes.com/companies/weichai-power/,FALSE
http://dbpedia.org/resource/Dai-Ichi_Kangyo_Bank,http://www.forbes.com/companies/dai-ichi-life-insurance/,FALSE
http://dbpedia.org/resource/Kingdom_Holding_Company,http://www.forbes.com/companies/kingdom-holding/,TRUE
http://dbpedia.org/resource/Compaq,http://www.forbes.com/companies/hewlett-packard/,FALSE
http://dbpedia.org/resource/Musco_Lighting,http://www.forbes.com/companies/masco/,FALSE
http://dbpedia.org/resource/Bank_Leumi,http://www.forbes.com/companies/bank-leumi/,TRUE
http://dbpedia.org/resource/Abu_Dhabi_Islamic_Bank,http://www.forbes.com/companies/dubai-islamic-bank/,FALSE
http://dbpedia.org/resource/Kasikornbank,http://www.forbes.com/companies/kasikornbank/,TRUE
http://dbpedia.org/resource/Marathon_Technologies,http://www.forbes.com/companies/marathon-petroleum/,FALSE
http://dbpedia.org/resource/Persystent_Software,http://www.forbes.com/companies/symantec/,FALSE
http://dbpedia.org/resource/Bank_of_Yokohama,http://www.forbes.com/companies/bank-of-yokohama/,TRUE
http://dbpedia.org/resource/Inter_Pipeline,http://www.forbes.com/companies/encana/,FALSE
http://dbpedia.org/resource/Hellenic_Petroleum,http://www.forbes.com/companies/hellenic-petroleum/,TRUE
http://dbpedia.org/resource/China_Life_Insurance_Company_(Taiwan),http://www.forbes.com/companies/china-life-insurance/,FALSE
http://dbpedia.org/resource/Saudi_Advanced_Industries_Company,http://www.forbes.com/companies/kingdom-holding/,FALSE
http://dbpedia.org/resource/Indus_Towers,http://www.forbes.com/companies/larsen-toubro/,FALSE
http://dbpedia.org/resource/China_Life_Insurance_Company,http://www.forbes.com/companies/china-life-insurance/,TRUE
http://dbpedia.org/resource/Gardner_Denver,http://www.forbes.com/companies/parker-hannifin/,FALSE
http://dbpedia.org/resource/Larsen_&_Toubro_Infotech,http://www.forbes.com/companies/larsen-toubro/,FALSE
http://dbpedia.org/resource/Parker_Hannifin,http://www.forbes.com/companies/parker-hannifin/,TRUE
http://dbpedia.org/resource/Target_Corporation,http://www.forbes.com/companies/tjx-cos/,FALSE
http://dbpedia.org/resource/Dai_Nippon_Printing,http://www.forbes.com/companies/dai-nippon-printing/,TRUE
http://dbpedia.org/resource/Dubai_Islamic_Bank,http://www.forbes.com/companies/dubai-islamic-bank/,TRUE
http://dbpedia.org/resource/Bouygues_Telecom,http://www.forbes.com/companies/vivendi/,FALSE
http://dbpedia.org/resource/Symantec,http://www.forbes.com/companies/symantec/,TRUE
http://dbpedia.org/resource/Sodern,http://www.forbes.com/companies/sodexo/,FALSE
http://dbpedia.org/resource/Qualcomm,http://www.forbes.com/companies/qualcomm/,TRUE
http://dbpedia.org/resource/China_Communications_Services_Corporation,http://www.forbes.com/companies/china-communications-services/,TRUE
http://dbpedia.org/resource/Hewlett-Packard,http://www.forbes.com/companies/hewlett-packard/,TRUE
http://dbpedia.org/resource/Dai-ichi_Life,http://www.forbes.com/companies/dai-ichi-life-insurance/,TRUE
http://dbpedia.org/resource/Greenply,http://www.forbes.com/companies/grasim-industries/,FALSE
http://dbpedia.org/resource/NextEra_Energy,http://www.forbes.com/companies/nextera-energy/,TRUE
http://dbpedia.org/resource/R._J._Reynolds_Tobacco_Company,http://www.forbes.com/companies/imperial-tobacco-group/,FALSE
http://dbpedia.org/resource/Marathon_Petroleum,http://www.forbes.com/companies/marathon-petroleum/,TRUE
http://dbpedia.org/resource/Mawarid_Holding,http://www.forbes.com/companies/kingdom-holding/,FALSE
http://dbpedia.org/resource/Sino-Ocean_Land,http://www.forbes.com/companies/shui-on-land/,FALSE
http://dbpedia.org/resource/D3_Publisher,http://www.forbes.com/companies/dai-nippon-printing/,FALSE
http://dbpedia.org/resource/Bangkok_Bank,http://www.forbes.com/companies/kasikornbank/,FALSE
"http://dbpedia.org/resource/Toyota_Material_Handling,_U.S.A.,_Inc.",http://www.forbes.com/companies/trw-automotive-holdings/,FALSE
http://dbpedia.org/resource/Clean_Water_Services,http://www.forbes.com/companies/clorox/,FALSE
http://dbpedia.org/resource/Shandong_Heavy_Industry,http://www.forbes.com/companies/weichai-power/,FALSE
http://dbpedia.org/resource/Duke_Energy,http://www.forbes.com/companies/nextera-energy/,FALSE
http://dbpedia.org/resource/People's_Insurance_Company_of_China,http://www.forbes.com/companies/china-life-insurance/,FALSE
http://dbpedia.org/resource/Marathon_Oil,http://www.forbes.com/companies/marathon-petroleum/,FALSE
http://dbpedia.org/resource/Japan_Post_Insurance,http://www.forbes.com/companies/dai-ichi-life-insurance/,FALSE
http://dbpedia.org/resource/Freescale_Semiconductor,http://www.forbes.com/companies/qualcomm/,FALSE
http://dbpedia.org/resource/MAB_Paints,http://www.forbes.com/companies/masco/,FALSE
http://dbpedia.org/resource/The_Corporate_Group,http://www.forbes.com/companies/imperial-tobacco-group/,FALSE
http://dbpedia.org/resource/Ace_Hardware,http://www.forbes.com/companies/hewlett-packard/,FALSE
http://dbpedia.org/resource/ASELSAN,http://www.forbes.com/companies/turkcell/,FALSE
http://dbpedia.org/resource/Parker_Engineering,http://www.forbes.com/companies/parker-hannifin/,FALSE
http://dbpedia.org/resource/Automotive_Components_Holdings,http://www.forbes.com/companies/trw-automotive-holdings/,FALSE
http://dbpedia.org/resource/Kiatnakin_Bank,http://www.forbes.com/companies/kasikornbank/,FALSE
http://dbpedia.org/resource/Caltex_Woolworths,http://www.forbes.com/companies/woolworths/,FALSE
http://dbpedia.org/resource/TRW_Automotive,http://www.forbes.com/companies/trw-automotive-holdings/,TRUE
http://dbpedia.org/resource/J._C._Penney,http://www.forbes.com/companies/tjx-cos/,FALSE
http://dbpedia.org/resource/T%C3%9CDEMSA%C5%9E,http://www.forbes.com/companies/turkcell/,FALSE
http://dbpedia.org/resource/Groupe_SEB,http://www.forbes.com/companies/sodexo/,FALSE
http://dbpedia.org/resource/StarWind_Software,http://www.forbes.com/companies/symantec/,FALSE
http://dbpedia.org/resource/Poly_Real_Estate,http://www.forbes.com/companies/shui-on-land/,FALSE
http://dbpedia.org/resource/Encana,http://www.forbes.com/companies/encana/,TRUE
http://dbpedia.org/resource/Shui_On_Land,http://www.forbes.com/companies/shui-on-land/,TRUE
http://dbpedia.org/resource/First_International_Bank_of_Israel,http://www.forbes.com/companies/bank-leumi/,FALSE
http://dbpedia.org/resource/Woolworths_(supermarket),http://www.forbes.com/companies/woolworths/,TRUE
http://dbpedia.org/resource/Grasim_Industries,http://www.forbes.com/companies/grasim-industries/,TRUE
http://dbpedia.org/resource/Vivendi,http://www.forbes.com/companies/vivendi/,TRUE
http://dbpedia.org/resource/Prime_Restaurants,http://www.forbes.com/companies/metro-inc/,FALSE
http://dbpedia.org/resource/Hokkaido_Bank,http://www.forbes.com/companies/bank-of-yokohama/,FALSE
http://dbpedia.org/resource/Woolworths_(New_Zealand),http://www.forbes.com/companies/woolworths/,FALSE
http://dbpedia.org/resource/McDonald's_Canada,http://www.forbes.com/companies/metro-inc/,FALSE
http://dbpedia.org/resource/China_Communications_Construction,http://www.forbes.com/companies/china-communications-services/,FALSE
http://dbpedia.org/resource/Woolworths_Limited,http://www.forbes.com/companies/woolworths/,TRUE
http://dbpedia.org/resource/ON_Semiconductor_Corporation,http://www.forbes.com/companies/qualcomm/,FALSE
http://dbpedia.org/resource/Gerber_Life_Insurance_Company,http://www.forbes.com/companies/prudential-financial/,FALSE
http://dbpedia.org/resource/Sodexo,http://www.forbes.com/companies/sodexo/,TRUE
http://dbpedia.org/resource/Shell_Canada,http://www.forbes.com/companies/encana/,FALSE
http://dbpedia.org/resource/GE_Energy,http://www.forbes.com/companies/nextera-energy/,FALSE
http://dbpedia.org/resource/Aurubis,http://www.forbes.com/companies/aurubis/,TRUE
http://dbpedia.org/resource/Hua_Xia_Bank,http://www.forbes.com/companies/huaxia-bank/,TRUE
http://dbpedia.org/resource/Asus,http://www.forbes.com/companies/asustek-computer/,TRUE
http://dbpedia.org/resource/Dia_(supermarket_chain),http://www.forbes.com/companies/dia/,TRUE
http://dbpedia.org/resource/Public_Power_Corporation_of_Greece,http://www.forbes.com/companies/public-power/,TRUE
http://dbpedia.org/resource/Beijing_Benz,http://www.forbes.com/companies/byd/,FALSE
http://dbpedia.org/resource/Simple_(bank),http://www.forbes.com/companies/bank-of-ny-mellon/,FALSE
http://dbpedia.org/resource/Young_Broadcasting,http://www.forbes.com/companies/charter-communications/,FALSE
http://dbpedia.org/resource/Ratnagiri_Gas_and_Power,http://www.forbes.com/companies/pgn/,FALSE
http://dbpedia.org/resource/Dubai_Banking_Group,http://www.forbes.com/companies/union-national-bank/,FALSE
http://dbpedia.org/resource/Power_Finance_Corporation,http://www.forbes.com/companies/nhpc/,FALSE
http://dbpedia.org/resource/Tata_Interactive_Systems,http://www.forbes.com/companies/tata-steel/,FALSE
http://dbpedia.org/resource/Korea_Hydro_&_Nuclear_Power,http://www.forbes.com/companies/korea-gas/,FALSE
http://dbpedia.org/resource/Local_TV,http://www.forbes.com/companies/dish-network/,FALSE
http://dbpedia.org/resource/Tokyo_Star_Bank,http://www.forbes.com/companies/north-pacific-bank/,FALSE
http://dbpedia.org/resource/CBS_Television_Distribution,http://www.forbes.com/companies/discovery-communications/,FALSE
http://dbpedia.org/resource/ASELSAN,http://www.forbes.com/companies/turkish-airlines/,FALSE
http://dbpedia.org/resource/Comcast_Interactive_Media,http://www.forbes.com/companies/comcast/,FALSE
http://dbpedia.org/resource/99_Cents_Only_Stores,http://www.forbes.com/companies/dollar-tree/,FALSE
http://dbpedia.org/resource/Elitegroup_Computer_Systems,http://www.forbes.com/companies/innolux/,FALSE
http://dbpedia.org/resource/Devitt_Insurance,http://www.forbes.com/companies/aviva/,FALSE
http://dbpedia.org/resource/China_Life_Insurance_Company_(Taiwan),http://www.forbes.com/companies/cathay-financial/,FALSE
http://dbpedia.org/resource/Moody_National_Bank,http://www.forbes.com/companies/city-national/,FALSE
http://dbpedia.org/resource/Seabridge_Gold,http://www.forbes.com/companies/barrick-gold/,FALSE
http://dbpedia.org/resource/Micron_Technology,http://www.forbes.com/companies/microchip-technology/,FALSE
http://dbpedia.org/resource/ING_Belgium,http://www.forbes.com/companies/anheuser-busch-inbev/,FALSE
http://dbpedia.org/resource/International_Energy_Mining_Industry_Limited,http://www.forbes.com/companies/china-shenhua-energy/,FALSE
http://dbpedia.org/resource/Hyundai_Development_Company,http://www.forbes.com/companies/hyundai-mobis/,FALSE
http://dbpedia.org/resource/Geniki_Bank,http://www.forbes.com/companies/bank-of-greece/,FALSE
http://dbpedia.org/resource/Nashville_Electric_Service,http://www.forbes.com/companies/aes/,FALSE
http://dbpedia.org/resource/Ganeden_Biotech,http://www.forbes.com/companies/amgen/,FALSE
http://dbpedia.org/resource/Antwerp_Diamond_Bank,http://www.forbes.com/companies/dexia/,FALSE
http://dbpedia.org/resource/Coca-Cola_Amatil,http://www.forbes.com/companies/coca-cola-hbc/,FALSE
http://dbpedia.org/resource/Panzhihua_New_Steel_and_Vanadium,http://www.forbes.com/companies/maanshan-iron-steel/,FALSE
http://dbpedia.org/resource/Westvleteren_Brewery,http://www.forbes.com/companies/anheuser-busch-inbev/,FALSE
http://dbpedia.org/resource/Aichi_Steel,http://www.forbes.com/companies/aichi-bank/,FALSE
http://dbpedia.org/resource/Ferro_Alloys_Corporation,http://www.forbes.com/companies/tata-steel/,FALSE
http://dbpedia.org/resource/Biostar,http://www.forbes.com/companies/asustek-computer/,FALSE
http://dbpedia.org/resource/Confederation_Life,http://www.forbes.com/companies/manulife-financial/,FALSE
http://dbpedia.org/resource/Stewart's_Shops,http://www.forbes.com/companies/staples/,FALSE
http://dbpedia.org/resource/Chongqing_Iron_and_Steel_Company,http://www.forbes.com/companies/hunan-valin-steel/,FALSE
http://dbpedia.org/resource/United_Bank_(Atlanta_metropolitan_area),http://www.forbes.com/companies/signature-bank/,FALSE
http://dbpedia.org/resource/Hebei_Iron_and_Steel,http://www.forbes.com/companies/shanxi-taigang-stainless/,FALSE
http://dbpedia.org/resource/Dai-ichi_Life,http://www.forbes.com/companies/daiichi-sankyo/,FALSE
http://dbpedia.org/resource/Citadel_Broadcasting,http://www.forbes.com/companies/liberty-media-1/,FALSE
http://dbpedia.org/resource/Thompson_Creek_Metals,http://www.forbes.com/companies/silver-wheaton/,FALSE
http://dbpedia.org/resource/International_Transportation_Service,http://www.forbes.com/companies/intercontinentalexchange/,FALSE
http://dbpedia.org/resource/Geniki_Bank,http://www.forbes.com/companies/national-bank-of-greece/,FALSE
http://dbpedia.org/resource/Guosen_Securities,http://www.forbes.com/companies/huatai-securities/,FALSE
http://dbpedia.org/resource/I-mate,http://www.forbes.com/companies/emirates-integrated-telecom/,FALSE
http://dbpedia.org/resource/Dubai_Islamic_Bank,http://www.forbes.com/companies/union-national-bank/,FALSE
http://dbpedia.org/resource/CBS_Outdoor,http://www.forbes.com/companies/cbs/,FALSE
http://dbpedia.org/resource/Sumitomo_Mitsui_Financial_Group,http://www.forbes.com/companies/sumitomo-realty/,FALSE
http://dbpedia.org/resource/China_State_Construction_International_Holdings,http://www.forbes.com/companies/sinohydro-group/,FALSE
http://dbpedia.org/resource/Bank_of_Florida,http://www.forbes.com/companies/bok-financial/,FALSE
http://dbpedia.org/resource/Integrys_Energy_Group,http://www.forbes.com/companies/alliant-energy/,FALSE
http://dbpedia.org/resource/Gateway_Packaging,http://www.forbes.com/companies/sealed-air/,FALSE
http://dbpedia.org/resource/Kiatnakin_Bank,http://www.forbes.com/companies/bangkok-bank/,FALSE
http://dbpedia.org/resource/Coles_Supermarkets,http://www.forbes.com/companies/metcash/,FALSE
http://dbpedia.org/resource/Ready_Financial,http://www.forbes.com/companies/e-trade-financial/,FALSE
http://dbpedia.org/resource/Centerra_Gold,http://www.forbes.com/companies/cameco/,FALSE
http://dbpedia.org/resource/Saudi_Advanced_Industries_Company,http://www.forbes.com/companies/saudi-telecom/,FALSE
http://dbpedia.org/resource/China_Railway_Construction_Corporation,http://www.forbes.com/companies/metallurgical-corp-of-china/,FALSE
http://dbpedia.org/resource/Integrated_Computer_Solutions,http://www.forbes.com/companies/ibm/,FALSE
http://dbpedia.org/resource/China_Construction_Bank,http://www.forbes.com/companies/china-railway-construction/,FALSE
http://dbpedia.org/resource/Mitsubishi_UFJ_Financial_Group,http://www.forbes.com/companies/sumitomo-mitsui-financial/,FALSE
http://dbpedia.org/resource/Companhia_Energ%C3%A9tica_de_S%C3%A3o_Paulo,http://www.forbes.com/companies/sabesp/,FALSE
http://dbpedia.org/resource/Old_Dominion_Electric_Cooperative,http://www.forbes.com/companies/duke-energy/,FALSE
http://dbpedia.org/resource/Seagate_Technology,http://www.forbes.com/companies/sandisk/,FALSE
http://dbpedia.org/resource/GE_Energy,http://www.forbes.com/companies/american-electric/,FALSE
http://dbpedia.org/resource/WellCare,http://www.forbes.com/companies/cigna/,FALSE
http://dbpedia.org/resource/Embratel,http://www.forbes.com/companies/oi/,FALSE
http://dbpedia.org/resource/Shakti_Pharmatech_Pvt._Ltd.,http://www.forbes.com/companies/sun-pharma-industries/,FALSE
http://dbpedia.org/resource/GE_Energy,http://www.forbes.com/companies/pbf-energy/,FALSE
http://dbpedia.org/resource/American_Public_Power_Association,http://www.forbes.com/companies/ameren/,FALSE
http://dbpedia.org/resource/Metropolitan_Bank_Group,http://www.forbes.com/companies/regions-financial/,FALSE
http://dbpedia.org/resource/Japan_Atomic_Power_Company,http://www.forbes.com/companies/chubu-electric-power/,FALSE
http://dbpedia.org/resource/Hutchison_Whampoa_Property,http://www.forbes.com/companies/hutchison-whampoa/,FALSE
http://dbpedia.org/resource/Bank_of_Singapore,http://www.forbes.com/companies/united-overseas-bank/,FALSE
http://dbpedia.org/resource/Dubai_International_Capital,http://www.forbes.com/companies/union-national-bank/,FALSE
http://dbpedia.org/resource/China_National_Heavy_Duty_Truck_Group,http://www.forbes.com/companies/chongqing-changan-aut/,FALSE
http://dbpedia.org/resource/Panzhihua_Iron_and_Steel,http://www.forbes.com/companies/wuhan-iron-steel/,FALSE
http://dbpedia.org/resource/REA_Group,http://www.forbes.com/companies/lend-lease-group/,FALSE
http://dbpedia.org/resource/21st_Century_Insurance,http://www.forbes.com/companies/loews/,FALSE
http://dbpedia.org/resource/BRF_S.A.,http://www.forbes.com/companies/jbs/,FALSE
http://dbpedia.org/resource/Takumi_Corporation,http://www.forbes.com/companies/sumitomo-corp/,FALSE
http://dbpedia.org/resource/China_Huadian_Corporation,http://www.forbes.com/companies/huadian-power-international/,FALSE
http://dbpedia.org/resource/China_Merchants_Bank,http://www.forbes.com/companies/china-construction-bank/,FALSE
"http://dbpedia.org/resource/City_Water,_Light_&_Power",http://www.forbes.com/companies/aes/,FALSE
http://dbpedia.org/resource/China_National_Building_Material_Company,http://www.forbes.com/companies/china-national-chemical/,FALSE
http://dbpedia.org/resource/BankBazaar,http://www.forbes.com/companies/bank-rakyat-indonesia/,FALSE
http://dbpedia.org/resource/Walt_Disney_Studios_Motion_Pictures,http://www.forbes.com/companies/walt-disney/,FALSE
http://dbpedia.org/resource/Dai_Nippon_Printing,http://www.forbes.com/companies/nippon-paper-industries/,FALSE
http://dbpedia.org/resource/China_Communications_Construction,http://www.forbes.com/companies/china-national-building/,FALSE
http://dbpedia.org/resource/UTC_Aerospace_Systems,http://www.forbes.com/companies/raytheon/,FALSE
http://dbpedia.org/resource/Shenzhen_Energy,http://www.forbes.com/companies/china-resources-power/,FALSE
http://dbpedia.org/resource/Shandong_Heavy_Industry,http://www.forbes.com/companies/china-shipbuilding-industry/,FALSE
http://dbpedia.org/resource/Bankrate,http://www.forbes.com/companies/first-republic-bank/,FALSE
http://dbpedia.org/resource/China_CITIC_Bank,http://www.forbes.com/companies/china-construction-bank/,FALSE
http://dbpedia.org/resource/China_Power_Investment_Corporation,http://www.forbes.com/companies/sdic-power-holdings/,FALSE
http://dbpedia.org/resource/Intact_Financial,http://www.forbes.com/companies/intact-financial/,TRUE
http://dbpedia.org/resource/Ping_An_Insurance,http://www.forbes.com/companies/ping-an-insurance/,TRUE
http://dbpedia.org/resource/Cincinnati_Financial,http://www.forbes.com/companies/cincinnati-financial/,TRUE
http://dbpedia.org/resource/Almarai,http://www.forbes.com/companies/almarai/,TRUE
http://dbpedia.org/resource/Aareal_Bank,http://www.forbes.com/companies/aareal-bank/,TRUE
http://dbpedia.org/resource/Weir_Group,http://www.forbes.com/companies/weir-group/,TRUE
http://dbpedia.org/resource/ICA_AB,http://www.forbes.com/companies/ica-gruppen/,TRUE
http://dbpedia.org/resource/L'Or%C3%A9al,http://www.forbes.com/companies/loreal-group/,TRUE
http://dbpedia.org/resource/Swiss_Life,http://www.forbes.com/companies/swiss-life-holding/,TRUE
http://dbpedia.org/resource/Tokyo_Electric_Power_Company,http://www.forbes.com/companies/electric-power-development/,FALSE
http://dbpedia.org/resource/Nashville_Electric_Service,http://www.forbes.com/companies/duke-energy/,FALSE
http://dbpedia.org/resource/Hyundai_Development_Company_Group,http://www.forbes.com/companies/hyundai-engineering/,FALSE
http://dbpedia.org/resource/Datong_Coal_Mining_Group,http://www.forbes.com/companies/yanzhou-coal-mining/,FALSE
http://dbpedia.org/resource/Shaanxi_Automobile_Group,http://www.forbes.com/companies/shaanxi-coal-industry/,FALSE
http://dbpedia.org/resource/China_Mobile,http://www.forbes.com/companies/china-mobile/,FALSE
http://dbpedia.org/resource/Bank_Leumi,http://www.forbes.com/companies/fibi-holdings/,FALSE
http://dbpedia.org/resource/Abu_Dhabi_National_Oil_Company,http://www.forbes.com/companies/abu-dhabi-commercial/,FALSE
http://dbpedia.org/resource/San_Diego_Gas_&_Electric,http://www.forbes.com/companies/edison-international/,FALSE
http://dbpedia.org/resource/China_National_Offshore_Oil_Corporation,http://www.forbes.com/companies/sdic-power-holdings/,FALSE
http://dbpedia.org/resource/Ready_Financial,http://www.forbes.com/companies/pnc-financial-services/,FALSE
http://dbpedia.org/resource/NEC_Soft,http://www.forbes.com/companies/sony/,FALSE
http://dbpedia.org/resource/Seagate_Technology,http://www.forbes.com/companies/western-digital/,FALSE
http://dbpedia.org/resource/Shandong_Heavy_Industry,http://www.forbes.com/companies/csr/,FALSE
http://dbpedia.org/resource/TalkTalk_Business,http://www.forbes.com/companies/bt-group/,FALSE
http://dbpedia.org/resource/Nanto_Bank,http://www.forbes.com/companies/toho-bank/,FALSE
http://dbpedia.org/resource/Saudi_Binladin_Group,http://www.forbes.com/companies/saudi-british-bank/,FALSE
http://dbpedia.org/resource/Tsugaru_Railway_Company,http://www.forbes.com/companies/west-japan-railway/,FALSE
http://dbpedia.org/resource/UbiCare,http://www.forbes.com/companies/universal-health/,FALSE
http://dbpedia.org/resource/The_Working_Parts,http://www.forbes.com/companies/autoliv/,FALSE
http://dbpedia.org/resource/COSCO_Pacific,http://www.forbes.com/companies/china-cosco-holdings/,FALSE
http://dbpedia.org/resource/Japan_Atomic_Power_Company,http://www.forbes.com/companies/tokyo-electric-power/,FALSE
http://dbpedia.org/resource/21st_Century_Insurance,http://www.forbes.com/companies/unum-group/,FALSE
http://dbpedia.org/resource/Peoples_Financial_Corporation,http://www.forbes.com/companies/peoples-united-financial/,FALSE
http://dbpedia.org/resource/Yamada_Denki,http://www.forbes.com/companies/nitto-denko/,FALSE
http://dbpedia.org/resource/United_Bank_(Atlanta_metropolitan_area),http://www.forbes.com/companies/bok-financial/,FALSE
http://dbpedia.org/resource/Automotive_Components_Holdings,http://www.forbes.com/companies/wabco-holdings/,FALSE
http://dbpedia.org/resource/McDonald's_Canada,http://www.forbes.com/companies/tim-hortons/,FALSE
http://dbpedia.org/resource/Advanced_Global_Trading,http://www.forbes.com/companies/abu-dhabi-commercial/,FALSE
http://dbpedia.org/resource/Sharp_HealthCare,http://www.forbes.com/companies/universal-health/,FALSE
http://dbpedia.org/resource/Investors_Bank,http://www.forbes.com/companies/signature-bank/,FALSE
http://dbpedia.org/resource/China_Shenhua_Energy_Company,http://www.forbes.com/companies/huadian-power-international/,FALSE
http://dbpedia.org/resource/TDC_A/S,http://www.forbes.com/companies/iss/,FALSE
http://dbpedia.org/resource/China_State_Construction_International_Holdings,http://www.forbes.com/companies/metallurgical-corp-of-china/,FALSE
http://dbpedia.org/resource/Nanjing_Automobile,http://www.forbes.com/companies/chongqing-changan-aut/,FALSE
http://dbpedia.org/resource/Datong_Coal_Mining_Group,http://www.forbes.com/companies/china-coal-energy/,FALSE
http://dbpedia.org/resource/Garanti_Bank,http://www.forbes.com/companies/isbank/,FALSE
http://dbpedia.org/resource/McMahan's_Furniture,http://www.forbes.com/companies/mohawk-industries/,FALSE
http://dbpedia.org/resource/Ericsson_Mobile_Platforms,http://www.forbes.com/companies/ericsson/,FALSE
http://dbpedia.org/resource/NextEra_Energy,http://www.forbes.com/companies/duke-energy/,FALSE
http://dbpedia.org/resource/Krung_Thai_Bank,http://www.forbes.com/companies/bank-of-ayudhya/,FALSE
http://dbpedia.org/resource/British_Insurance,http://www.forbes.com/companies/resolution/,FALSE
http://dbpedia.org/resource/Saudi_Binladin_Group,http://www.forbes.com/companies/saudi-investment-bank/,FALSE
http://dbpedia.org/resource/Grand_Union_(supermarket),http://www.forbes.com/companies/target/,FALSE
http://dbpedia.org/resource/Chongqing_Iron_and_Steel_Company,http://www.forbes.com/companies/shandong-iron-and-steel/,FALSE
http://dbpedia.org/resource/Thai_President_Foods,http://www.forbes.com/companies/charoen-pokphand-foods/,FALSE
http://dbpedia.org/resource/Abu_Dhabi_MAR,http://www.forbes.com/companies/abu-dhabi-islamic-bank/,FALSE
http://dbpedia.org/resource/Baotou_Steel,http://www.forbes.com/companies/baoshan-iron-steel/,FALSE
http://dbpedia.org/resource/Inventec,http://www.forbes.com/companies/pegatron/,FALSE
http://dbpedia.org/resource/Chongqing_International_Construction_Corporation,http://www.forbes.com/companies/china-railway-construction/,FALSE
http://dbpedia.org/resource/Piraeus_Bank,http://www.forbes.com/companies/alpha-bank/,FALSE
http://dbpedia.org/resource/Shanghai_International_Port_(Group),http://www.forbes.com/companies/shanghai-construction/,FALSE
http://dbpedia.org/resource/Fast_Telecommunications,http://www.forbes.com/companies/zain/,FALSE
http://dbpedia.org/resource/CITIC_Pacific,http://www.forbes.com/companies/first-pacific/,FALSE
http://dbpedia.org/resource/CPEX_Real_Estate,http://www.forbes.com/companies/hcp/,FALSE
http://dbpedia.org/resource/China_Minmetals,http://www.forbes.com/companies/china-national-materials/,FALSE
http://dbpedia.org/resource/El_Paso_Electric,http://www.forbes.com/companies/xcel-energy/,FALSE
http://dbpedia.org/resource/Community_Health_Systems,http://www.forbes.com/companies/unitedhealth-group/,FALSE
http://dbpedia.org/resource/Investors_Bank,http://www.forbes.com/companies/interactive-brokers-group/,FALSE
http://dbpedia.org/resource/Bankrate,http://www.forbes.com/companies/bank-of-america/,FALSE
http://dbpedia.org/resource/Huaneng_Power_International,http://www.forbes.com/companies/datang-international-power/,FALSE
http://dbpedia.org/resource/Saudi_International_Petrochemical_Company,http://www.forbes.com/companies/saudi-telecom/,FALSE
http://dbpedia.org/resource/China_Communications_Services_Corporation,http://www.forbes.com/companies/china-telecom/,FALSE
http://dbpedia.org/resource/Discovery_Digital_Networks,http://www.forbes.com/companies/scripps-networks-interactive/,FALSE
http://dbpedia.org/resource/Ameresco,http://www.forbes.com/companies/duke-energy/,FALSE
http://dbpedia.org/resource/Sharp_HealthCare,http://www.forbes.com/companies/unitedhealth-group/,FALSE
http://dbpedia.org/resource/Econocom,http://www.forbes.com/companies/belgacom/,FALSE
http://dbpedia.org/resource/Melco_International_Development,http://www.forbes.com/companies/melco-crown-entertainment/,FALSE
http://dbpedia.org/resource/Northeast_Bank,http://www.forbes.com/companies/northern-trust/,FALSE
http://dbpedia.org/resource/China_Minmetals,http://www.forbes.com/companies/metallurgical-corp-of-china/,FALSE
http://dbpedia.org/resource/River_Trade_Terminal,http://www.forbes.com/companies/shanghai-international-port/,FALSE
http://dbpedia.org/resource/Toyo_Tire_&_Rubber_Company,http://www.forbes.com/companies/sumitomo-rubber/,FALSE
http://dbpedia.org/resource/Kelly_Services,http://www.forbes.com/companies/quanta-services/,FALSE
http://dbpedia.org/resource/Thomas_Properties_Group,http://www.forbes.com/companies/starwood-property-trust/,FALSE
http://dbpedia.org/resource/Northeast_Bank,http://www.forbes.com/companies/mt-bank/,FALSE
http://dbpedia.org/resource/Expert_(company),http://www.forbes.com/companies/syngenta/,FALSE
http://dbpedia.org/resource/China_National_Materials_Group_Corporation,http://www.forbes.com/companies/china-national-building/,FALSE
http://dbpedia.org/resource/Graub%C3%BCndner_Kantonalbank,http://www.forbes.com/companies/st-galler-kantonalbank/,FALSE
http://dbpedia.org/resource/US_Cable,http://www.forbes.com/companies/cc-media-holdings/,FALSE
http://dbpedia.org/resource/KOI_Auto_Parts,http://www.forbes.com/companies/advance-auto-parts/,FALSE
http://dbpedia.org/resource/Indraprastha_Gas,http://www.forbes.com/companies/gail-india/,FALSE
http://dbpedia.org/resource/Nordstrom,http://www.forbes.com/companies/kohls/,FALSE
http://dbpedia.org/resource/Accuro_Healthcare_Solutions,http://www.forbes.com/companies/cerner/,FALSE
http://dbpedia.org/resource/Northgas,http://www.forbes.com/companies/gazprom/,FALSE
http://dbpedia.org/resource/Huawei,http://www.forbes.com/companies/hikvision/,FALSE
http://dbpedia.org/resource/HMS_Holdings,http://www.forbes.com/companies/hca-holdings/,FALSE
http://dbpedia.org/resource/Sumitomo_Chemical,http://www.forbes.com/companies/sumitomo-electric/,FALSE
http://dbpedia.org/resource/Transcapitalbank,http://www.forbes.com/companies/vtb-bank/,FALSE
http://dbpedia.org/resource/Echizen_Railway,http://www.forbes.com/companies/east-japan-railway/,FALSE
http://dbpedia.org/resource/Discovery_Digital_Networks,http://www.forbes.com/companies/directv/,FALSE
http://dbpedia.org/resource/Clean_Water_Services,http://www.forbes.com/companies/republic-services/,FALSE
http://dbpedia.org/resource/NEC_Corporation_of_America,http://www.forbes.com/companies/nec/,FALSE
http://dbpedia.org/resource/SPB_TV,http://www.forbes.com/companies/swisscom/,FALSE
http://dbpedia.org/resource/Asus,http://www.forbes.com/companies/pegatron/,FALSE
http://dbpedia.org/resource/Cabot_Oil_&_Gas,http://www.forbes.com/companies/anadarko-petroleum/,FALSE
http://dbpedia.org/resource/Belden_(electronics_company),http://www.forbes.com/companies/amphenol/,FALSE
http://dbpedia.org/resource/Guangzhou_Automobile_Group_Bus,http://www.forbes.com/companies/dongfeng-motor-group/,FALSE
http://dbpedia.org/resource/Baker_Boyer_Bank,http://www.forbes.com/companies/bok-financial/,FALSE
http://dbpedia.org/resource/San_Diego_Gas_&_Electric,http://www.forbes.com/companies/oge-energy/,FALSE
http://dbpedia.org/resource/Chaintech,http://www.forbes.com/companies/compal-electronics/,FALSE
http://dbpedia.org/resource/Electronics_for_Imaging,http://www.forbes.com/companies/ingram-micro/,FALSE
http://dbpedia.org/resource/American_Airlines_Group,http://www.forbes.com/companies/delta-air-lines/,FALSE
http://dbpedia.org/resource/BioPharm_(US_company),http://www.forbes.com/companies/celgene/,FALSE
http://dbpedia.org/resource/Bank_of_Yokohama,http://www.forbes.com/companies/77-bank/,FALSE
http://dbpedia.org/resource/Rosauers_Supermarkets,http://www.forbes.com/companies/safeway/,FALSE
http://dbpedia.org/resource/K's_Holdings_Corporation,http://www.forbes.com/companies/uny-group-holdings/,FALSE
http://dbpedia.org/resource/Monster_Beverage,http://www.forbes.com/companies/coca-cola-enterprises/,FALSE
http://dbpedia.org/resource/INiS,http://www.forbes.com/companies/japan-exchange-group/,FALSE
http://dbpedia.org/resource/ASELSAN,http://www.forbes.com/companies/turk-telekom/,FALSE
http://dbpedia.org/resource/Ricacorp_Properties,http://www.forbes.com/companies/guangzhou-rf/,FALSE
http://dbpedia.org/resource/21st_Century_Newspapers,http://www.forbes.com/companies/gannett/,FALSE
http://dbpedia.org/resource/Swiss_Life,http://www.forbes.com/companies/zurich-insurance-group/,FALSE
http://dbpedia.org/resource/Empire_Resorts,http://www.forbes.com/companies/mgm-resorts/,FALSE
http://dbpedia.org/resource/Dish_Network,http://www.forbes.com/companies/directv/,FALSE
http://dbpedia.org/resource/Buhler_Group,http://www.forbes.com/companies/abb/,FALSE
http://dbpedia.org/resource/Telef%C3%B3nica,http://www.forbes.com/companies/portugal-telecom/,FALSE
http://dbpedia.org/resource/News_Corp_Australia,http://www.forbes.com/companies/nine-entertainment/,FALSE
http://dbpedia.org/resource/China_Railway_Engineering_Corporation,http://www.forbes.com/companies/china-national-chemical/,FALSE
http://dbpedia.org/resource/Tokyo_Electric_Power_Company,http://www.forbes.com/companies/tokyo-gas/,FALSE
http://dbpedia.org/resource/Island_Pacific_Energy,http://www.forbes.com/companies/pbf-energy/,FALSE
http://dbpedia.org/resource/UK_Financial_Investments,http://www.forbes.com/companies/icap/,FALSE
http://dbpedia.org/resource/Accuro_Healthcare_Solutions,http://www.forbes.com/companies/unitedhealth-group/,FALSE
http://dbpedia.org/resource/Vital_Pharmaceuticals,http://www.forbes.com/companies/vertex-pharmaceuticals/,FALSE
http://dbpedia.org/resource/Shanghai_Film_Group_Corporation,http://www.forbes.com/companies/shanghai-electric-group/,FALSE
http://dbpedia.org/resource/Invepar,http://www.forbes.com/companies/bmf-bovespa/,FALSE
http://dbpedia.org/resource/Virident_Systems,http://www.forbes.com/companies/nvidia/,FALSE
http://dbpedia.org/resource/Maanshan_Iron_and_Steel_Company,http://www.forbes.com/companies/wuhan-iron-steel/,FALSE
http://dbpedia.org/resource/Lloyds_Bank_of_Canada,http://www.forbes.com/companies/bank-of-nova-scotia/,FALSE
http://dbpedia.org/resource/Energy_Brands,http://www.forbes.com/companies/xcel-energy/,FALSE
http://dbpedia.org/resource/Electronics_for_Imaging,http://www.forbes.com/companies/arrow-electronics/,FALSE
http://dbpedia.org/resource/Eletrobras_CGTEE,http://www.forbes.com/companies/cemig/,FALSE
http://dbpedia.org/resource/Think_Mutual_Bank,http://www.forbes.com/companies/signature-bank/,FALSE
http://dbpedia.org/resource/Dongfang_Electric,http://www.forbes.com/companies/guangdong-electric/,FALSE
"http://dbpedia.org/resource/Bell_&_Hudson_Insurance_Agency,_Inc.",http://www.forbes.com/companies/marsh-mclennan/,FALSE
http://dbpedia.org/resource/ST-Ericsson,http://www.forbes.com/companies/ericsson/,FALSE
http://dbpedia.org/resource/RCI_Banque,http://www.forbes.com/companies/cic-group/,FALSE
http://dbpedia.org/resource/Maanshan_Iron_and_Steel_Company,http://www.forbes.com/companies/inner-mongolia-baotou-steel/,FALSE
http://dbpedia.org/resource/Japan_Aviation_Electronics,http://www.forbes.com/companies/keyence/,FALSE
http://dbpedia.org/resource/Fukui_Railway,http://www.forbes.com/companies/east-japan-railway/,FALSE
http://dbpedia.org/resource/Chez_Hotels,http://www.forbes.com/companies/host-hotels-resorts/,FALSE
http://dbpedia.org/resource/Hyundai_Mobis,http://www.forbes.com/companies/kia-motors/,FALSE
http://dbpedia.org/resource/Alpha_Bank,http://www.forbes.com/companies/bank-of-greece/,FALSE
http://dbpedia.org/resource/Sharp_HealthCare,http://www.forbes.com/companies/cardinal-health/,FALSE
http://dbpedia.org/resource/Oceanvolt,http://www.forbes.com/companies/fortum/,FALSE
http://dbpedia.org/resource/Universal_Cable_Productions,http://www.forbes.com/companies/viacom/,FALSE
http://dbpedia.org/resource/Abu_Dhabi_Islamic_Bank,http://www.forbes.com/companies/union-national-bank/,FALSE
http://dbpedia.org/resource/Hello_Health,http://www.forbes.com/companies/universal-health/,FALSE
http://dbpedia.org/resource/Al_Shoula_Group,http://www.forbes.com/companies/savola-group/,FALSE
http://dbpedia.org/resource/Samsung_Telecommunications,http://www.forbes.com/companies/lg-display/,FALSE
http://dbpedia.org/resource/KazMunayGas_Exploration_Production_(AO),http://www.forbes.com/companies/kazmunaigas-exploration/,TRUE
http://dbpedia.org/resource/Waste_Management_Inc,http://www.forbes.com/companies/waste-management/,TRUE
http://dbpedia.org/resource/J._C._Penney,http://www.forbes.com/companies/jc-penney/,TRUE
http://dbpedia.org/resource/China_State_Construction_Engineering,http://www.forbes.com/companies/china-state-construction/,TRUE
http://dbpedia.org/resource/Guangdong_Investment,http://www.forbes.com/companies/guangdong-investment/,TRUE
http://dbpedia.org/resource/The_Mosaic_Company,http://www.forbes.com/companies/mosaic/,TRUE
http://dbpedia.org/resource/Bank_of_Beijing,http://www.forbes.com/companies/bank-of-communications/,FALSE
http://dbpedia.org/resource/Abu_Dhabi_Commercial_Bank,http://www.forbes.com/companies/ahli-united-bank/,FALSE
http://dbpedia.org/resource/China_Minmetals,http://www.forbes.com/companies/china-hongqiao-group/,FALSE
http://dbpedia.org/resource/Centerra_Gold,http://www.forbes.com/companies/barrick-gold/,FALSE
http://dbpedia.org/resource/Dai_Nippon_Printing,http://www.forbes.com/companies/toppan-printing/,FALSE
http://dbpedia.org/resource/GD_Power_Development_Company,http://www.forbes.com/companies/guangdong-electric/,FALSE
http://dbpedia.org/resource/Altor_Networks,http://www.forbes.com/companies/altera/,FALSE
http://dbpedia.org/resource/State_Grid_Corporation_of_China,http://www.forbes.com/companies/guangdong-electric/,FALSE
http://dbpedia.org/resource/First_International_Computer,http://www.forbes.com/companies/innolux/,FALSE
http://dbpedia.org/resource/China_Construction_Design_International,http://www.forbes.com/companies/china-national-building/,FALSE
http://dbpedia.org/resource/Tokyo_Electric_Power_Company,http://www.forbes.com/companies/kansai-electric-power/,FALSE
http://dbpedia.org/resource/State_Grid_Corporation_of_China,http://www.forbes.com/companies/gd-power-development/,FALSE
http://dbpedia.org/resource/Samsung_Telecommunications,http://www.forbes.com/companies/samsung-ct/,FALSE
http://dbpedia.org/resource/Citizen_Holdings,http://www.forbes.com/companies/td-holdings/,FALSE
http://dbpedia.org/resource/CK_Life_Sciences,http://www.forbes.com/companies/new-china-life-insurance/,FALSE
http://dbpedia.org/resource/United_World_Telecom,http://www.forbes.com/companies/windstream/,FALSE
http://dbpedia.org/resource/Dot_Foods,http://www.forbes.com/companies/safeway/,FALSE
http://dbpedia.org/resource/China_General_Nuclear_Power_Group,http://www.forbes.com/companies/china-longyuan-power/,FALSE
http://dbpedia.org/resource/Kelly_Services,http://www.forbes.com/companies/ibm/,FALSE
http://dbpedia.org/resource/Industrial_and_Commercial_Bank_of_China,http://www.forbes.com/companies/bank-of-communications/,FALSE
"http://dbpedia.org/resource/Electron_Technologies,_Inc.",http://www.forbes.com/companies/ametek/,FALSE
http://dbpedia.org/resource/GlaxoSmithKline_Pharmaceuticals_Ltd,http://www.forbes.com/companies/glaxosmithkline/,FALSE
http://dbpedia.org/resource/The_Savola_Group,http://www.forbes.com/companies/kingdom-holding/,FALSE
http://dbpedia.org/resource/Jackson_National_Life,http://www.forbes.com/companies/lincoln-national/,FALSE
http://dbpedia.org/resource/Dai-Ichi_Kangyo_Bank,http://www.forbes.com/companies/iyo-bank/,FALSE
http://dbpedia.org/resource/Shaanxi_Automobile_Group,http://www.forbes.com/companies/saic-motor/,FALSE
http://dbpedia.org/resource/Sany,http://www.forbes.com/companies/sinomach-automobile/,FALSE
http://dbpedia.org/resource/Rede_Energia,http://www.forbes.com/companies/eletrobras/,FALSE
http://dbpedia.org/resource/Japan_Post_Bank,http://www.forbes.com/companies/iyo-bank/,FALSE
http://dbpedia.org/resource/San_Diego_Gas_&_Electric,http://www.forbes.com/companies/ameren/,FALSE
http://dbpedia.org/resource/China_State_Construction_Engineering,http://www.forbes.com/companies/china-railway-group/,FALSE
http://dbpedia.org/resource/Transpacific_Industries_Group,http://www.forbes.com/companies/amp/,FALSE
http://dbpedia.org/resource/ON_Semiconductor_Corporation,http://www.forbes.com/companies/linear-technology/,FALSE
http://dbpedia.org/resource/Albayrak_Holding,http://www.forbes.com/companies/sabanci-holding/,FALSE
http://dbpedia.org/resource/Fujitsu_Ten,http://www.forbes.com/companies/fujitsu/,FALSE
http://dbpedia.org/resource/Western_Auto,http://www.forbes.com/companies/western-digital/,FALSE
http://dbpedia.org/resource/US_Cable,http://www.forbes.com/companies/cbs/,FALSE
http://dbpedia.org/resource/Japan_Post_Bank,http://www.forbes.com/companies/77-bank/,FALSE
http://dbpedia.org/resource/Thai_President_Foods,http://www.forbes.com/companies/thai-beverage/,FALSE
http://dbpedia.org/resource/American_Automotive_Equipment,http://www.forbes.com/companies/agco/,FALSE
http://dbpedia.org/resource/Toyo_Tire_&_Rubber_Company,http://www.forbes.com/companies/toyota-industries/,FALSE
http://dbpedia.org/resource/Okinawa_Electric_Power_Company,http://www.forbes.com/companies/tohoku-electric-power/,FALSE
http://dbpedia.org/resource/China_State_Shipbuilding_Corporation,http://www.forbes.com/companies/china-shipbuilding-industry/,FALSE
http://dbpedia.org/resource/Eletrobras,http://www.forbes.com/companies/sabesp/,FALSE
http://dbpedia.org/resource/Maanshan_Iron_and_Steel_Company,http://www.forbes.com/companies/angang-steel/,FALSE
http://dbpedia.org/resource/China_Southern_Power_Grid_Company,http://www.forbes.com/companies/zhejiang-zheneng-electric-power/,FALSE
http://dbpedia.org/resource/%C3%87al%C4%B1k_Holding,http://www.forbes.com/companies/sabanci-holding/,FALSE
http://dbpedia.org/resource/HomeInsurance.com,http://www.forbes.com/companies/allstate/,FALSE
http://dbpedia.org/resource/99_Cents_Only_Stores,http://www.forbes.com/companies/target/,FALSE
http://dbpedia.org/resource/Hong_Kong_Property_Services_(Agency),http://www.forbes.com/companies/cheung-kong-holdings/,FALSE
http://dbpedia.org/resource/Mediterranean_Shipping_Company,http://www.forbes.com/companies/transocean/,FALSE
http://dbpedia.org/resource/Shenzhen_Energy,http://www.forbes.com/companies/guangdong-electric/,FALSE
http://dbpedia.org/resource/Panzhihua_Iron_and_Steel,http://www.forbes.com/companies/shanxi-taigang-stainless/,FALSE
http://dbpedia.org/resource/Axis_Communications,http://www.forbes.com/companies/ericsson/,FALSE
http://dbpedia.org/resource/Duke_Energy,http://www.forbes.com/companies/southern-co/,FALSE
http://dbpedia.org/resource/Sumitomo_Mitsui_Banking_Corporation,http://www.forbes.com/companies/sumitomo-mitsui-trust/,FALSE
http://dbpedia.org/resource/Japan_Post_Insurance,http://www.forbes.com/companies/japan-exchange-group/,FALSE
http://dbpedia.org/resource/Nanjing_Iron_and_Steel,http://www.forbes.com/companies/gansu-jiu-steel-group-hongxing-iron-steel/,FALSE
http://dbpedia.org/resource/Bank_of_Taizhou,http://www.forbes.com/companies/bank-of-ningbo/,FALSE
http://dbpedia.org/resource/Shaanxi_Yanchang_Petroleum,http://www.forbes.com/companies/sinopec-china-petroleum/,FALSE
http://dbpedia.org/resource/Krung_Thai_Bank,http://www.forbes.com/companies/thanachart-capital/,FALSE
http://dbpedia.org/resource/Supercoop,http://www.forbes.com/companies/royal-ahold/,FALSE
http://dbpedia.org/resource/The_Wharf_(Holdings),http://www.forbes.com/companies/wheelock-co/,FALSE
http://dbpedia.org/resource/Co-operative_Banking_Group,http://www.forbes.com/companies/hsbc-holdings/,FALSE
http://dbpedia.org/resource/Hyundai_IHL,http://www.forbes.com/companies/hyundai-engineering/,FALSE
http://dbpedia.org/resource/Amal_Express,http://www.forbes.com/companies/dp-world/,FALSE
http://dbpedia.org/resource/China_Oilfield_Services,http://www.forbes.com/companies/china-national-chemical/,FALSE
http://dbpedia.org/resource/Mudan_Auto,http://www.forbes.com/companies/sinomach-automobile/,FALSE
http://dbpedia.org/resource/China_Sandi_Holdings,http://www.forbes.com/companies/sdic-power-holdings/,FALSE
http://dbpedia.org/resource/Saudi_International_Petrochemical_Company,http://www.forbes.com/companies/saudi-arabian-fertilizers/,FALSE
http://dbpedia.org/resource/Huadian_Power_International,http://www.forbes.com/companies/sdic-power-holdings/,FALSE
http://dbpedia.org/resource/Changfeng_Motor,http://www.forbes.com/companies/chongqing-changan-aut/,FALSE
http://dbpedia.org/resource/China_State_Construction_Engineering,http://www.forbes.com/companies/gs-engineering/,FALSE
http://dbpedia.org/resource/King_Street_Capital_Management,http://www.forbes.com/companies/state-street/,FALSE
http://dbpedia.org/resource/Electrabel,http://www.forbes.com/companies/belgacom/,FALSE
http://dbpedia.org/resource/Medicis_Pharmaceutical,http://www.forbes.com/companies/pfizer/,FALSE
http://dbpedia.org/resource/Pegatron,http://www.forbes.com/companies/wistron/,FALSE
http://dbpedia.org/resource/Aquaver,http://www.forbes.com/companies/oci/,FALSE
http://dbpedia.org/resource/Selective_Insurance,http://www.forbes.com/companies/erie-indemnity/,FALSE
http://dbpedia.org/resource/Clearwater_Paper,http://www.forbes.com/companies/international-paper/,FALSE
http://dbpedia.org/resource/Double_Cola,http://www.forbes.com/companies/beam/,FALSE
http://dbpedia.org/resource/Aerophile,http://www.forbes.com/companies/air-liquide/,FALSE
http://dbpedia.org/resource/Neiman_Marcus,http://www.forbes.com/companies/nordstrom/,FALSE
http://dbpedia.org/resource/TM_Advertising,http://www.forbes.com/companies/omnicom-group/,FALSE
http://dbpedia.org/resource/ATP_Oil_and_Gas,http://www.forbes.com/companies/southwestern-energy/,FALSE
http://dbpedia.org/resource/The_Emirates_Group,http://www.forbes.com/companies/emaar-properties/,FALSE
http://dbpedia.org/resource/Protalix_BioTherapeutics,http://www.forbes.com/companies/teva-pharmaceutical/,FALSE
http://dbpedia.org/resource/Wells_Enterprises,http://www.forbes.com/companies/waters/,FALSE
http://dbpedia.org/resource/BankUnited,http://www.forbes.com/companies/bank-of-america/,FALSE
http://dbpedia.org/resource/Massmart,http://www.forbes.com/companies/shoprite-holdings/,FALSE
http://dbpedia.org/resource/Takken's_Shoes,http://www.forbes.com/companies/gap/,FALSE
http://dbpedia.org/resource/Anshan_Iron_&_Steel_Group_Corporation,http://www.forbes.com/companies/inner-mongolia-baotou-steel/,FALSE
http://dbpedia.org/resource/Hong_Kong_Property_Services_(Agency),http://www.forbes.com/companies/china-railway-group/,FALSE
http://dbpedia.org/resource/Champion_(sportswear),http://www.forbes.com/companies/coach/,FALSE
http://dbpedia.org/resource/ACE_Limited,http://www.forbes.com/companies/ace/,TRUE
http://dbpedia.org/resource/Piraeus_Bank,http://www.forbes.com/companies/piraeus-bank/,TRUE
http://dbpedia.org/resource/Siam_Commercial_Bank,http://www.forbes.com/companies/siam-commercial-bank/,TRUE
http://dbpedia.org/resource/Arcelor,http://www.forbes.com/companies/arcelormittal/,TRUE
http://dbpedia.org/resource/CNOOC_Limited,http://www.forbes.com/companies/cnooc/,TRUE
http://dbpedia.org/resource/El_Paso_Electric,http://www.forbes.com/companies/ameren/,FALSE
http://dbpedia.org/resource/Hyundai_Steel,http://www.forbes.com/companies/hyundai-engineering/,FALSE
http://dbpedia.org/resource/China_Yangtze_Power,http://www.forbes.com/companies/china-longyuan-power/,FALSE
http://dbpedia.org/resource/Shanghai_Industrial_Holdings,http://www.forbes.com/companies/shanghai-electric-group/,FALSE
http://dbpedia.org/resource/Western_Mining_Company,http://www.forbes.com/companies/china-shenhua-energy/,FALSE
http://dbpedia.org/resource/China_Yangtze_Power,http://www.forbes.com/companies/gd-power-development/,FALSE
http://dbpedia.org/resource/Frontier_Energy_Group,http://www.forbes.com/companies/southwestern-energy/,FALSE
http://dbpedia.org/resource/LINE_Corporation,http://www.forbes.com/companies/smc-corp/,FALSE
http://dbpedia.org/resource/Great-West_Lifeco,http://www.forbes.com/companies/power-corp-of-canada/,FALSE
http://dbpedia.org/resource/Swiss_Mergers_and_Acquisitions,http://www.forbes.com/companies/ace/,FALSE
http://dbpedia.org/resource/Disney_Interactive,http://www.forbes.com/companies/walt-disney/,FALSE
http://dbpedia.org/resource/PetroVietnam_Insurance,http://www.forbes.com/companies/petrovietnam-gas/,FALSE
http://dbpedia.org/resource/Energy_Brands,http://www.forbes.com/companies/nextera-energy/,FALSE
http://dbpedia.org/resource/Warner-Amex_Satellite_Entertainment,http://www.forbes.com/companies/comcast/,FALSE
http://dbpedia.org/resource/Tribune_Publishing,http://www.forbes.com/companies/thomson-reuters/,FALSE
http://dbpedia.org/resource/Solar_Energy_World,http://www.forbes.com/companies/wisconsin-energy/,FALSE
http://dbpedia.org/resource/China_Railway_Construction_Corporation,http://www.forbes.com/companies/china-state-construction/,FALSE
http://dbpedia.org/resource/Bristol_Technology_Inc.,http://www.forbes.com/companies/bristol-myers-squibb/,FALSE
http://dbpedia.org/resource/Park_Electrochemical_Corp,http://www.forbes.com/companies/tech-data/,FALSE
http://dbpedia.org/resource/Touchstone_Energy,http://www.forbes.com/companies/firstenergy/,FALSE
http://dbpedia.org/resource/Young_Broadcasting,http://www.forbes.com/companies/viacom/,FALSE
http://dbpedia.org/resource/China_Merchants_Property,http://www.forbes.com/companies/china-merchants-bank/,FALSE
http://dbpedia.org/resource/Nutreco,http://www.forbes.com/companies/royal-ahold/,FALSE
http://dbpedia.org/resource/Kings_Food_Markets,http://www.forbes.com/companies/supervalu/,FALSE
http://dbpedia.org/resource/Overseas_Containers,http://www.forbes.com/companies/ball/,FALSE
http://dbpedia.org/resource/Telestream,http://www.forbes.com/companies/time-warner/,FALSE
http://dbpedia.org/resource/China_CITIC_Bank,http://www.forbes.com/companies/bank-of-chongqing/,FALSE
http://dbpedia.org/resource/Poly_Real_Estate,http://www.forbes.com/companies/soho-china/,FALSE
http://dbpedia.org/resource/B/E_Aerospace,http://www.forbes.com/companies/rockwell-collins/,FALSE
http://dbpedia.org/resource/A._A._Turki_Group,http://www.forbes.com/companies/tasnee/,FALSE
http://dbpedia.org/resource/REA_Group,http://www.forbes.com/companies/insurance-australia-group/,FALSE
http://dbpedia.org/resource/Marcus_&_Millichap,http://www.forbes.com/companies/marsh-mclennan/,FALSE
http://dbpedia.org/resource/Mutual_of_Omaha,http://www.forbes.com/companies/unum-group/,FALSE
http://dbpedia.org/resource/Rosneft,http://www.forbes.com/companies/transneft/,FALSE
http://dbpedia.org/resource/ON_Semiconductor_Corporation,http://www.forbes.com/companies/advanced-semiconductor/,FALSE
http://dbpedia.org/resource/Bank_of_Beijing,http://www.forbes.com/companies/bank-of-chongqing/,FALSE
http://dbpedia.org/resource/America_II_Electronics,http://www.forbes.com/companies/american-electric/,FALSE
http://dbpedia.org/resource/Bank_of_the_Philippine_Islands,http://www.forbes.com/companies/metropolitan-bank-trust/,FALSE
http://dbpedia.org/resource/Techtronic_Industries,http://www.forbes.com/companies/tcl-corp/,FALSE
http://dbpedia.org/resource/Mexx,http://www.forbes.com/companies/oci/,FALSE
http://dbpedia.org/resource/Dynegy,http://www.forbes.com/companies/entergy/,FALSE
http://dbpedia.org/resource/Crowdtilt,http://www.forbes.com/companies/twitter/,FALSE
http://dbpedia.org/resource/EnergyAustralia,http://www.forbes.com/companies/amp/,FALSE
http://dbpedia.org/resource/Touchstone_Energy,http://www.forbes.com/companies/southwestern-energy/,FALSE
http://dbpedia.org/resource/Netherlands_Public_Broadcasting,http://www.forbes.com/companies/kpn/,FALSE
http://dbpedia.org/resource/Hyundai_Development_Company_Group,http://www.forbes.com/companies/hyundai-mobis/,FALSE
http://dbpedia.org/resource/Healthcare_Blue_Book,http://www.forbes.com/companies/universal-health/,FALSE
http://dbpedia.org/resource/Combined_Insurance,http://www.forbes.com/companies/loews/,FALSE
http://dbpedia.org/resource/China_Merchants_Holdings_(International),http://www.forbes.com/companies/china-merchants-securities/,FALSE
http://dbpedia.org/resource/Guosen_Securities,http://www.forbes.com/companies/gf-securities/,FALSE
http://dbpedia.org/resource/CI_Financial,http://www.forbes.com/companies/e-l-financial/,FALSE
http://dbpedia.org/resource/SmartDrive_Systems,http://www.forbes.com/companies/western-digital/,FALSE
http://dbpedia.org/resource/Aloha_Petroleum,http://www.forbes.com/companies/tesoro/,FALSE
http://dbpedia.org/resource/Lindt_&_Spr%C3%BCngli,http://www.forbes.com/companies/nestle/,FALSE
http://dbpedia.org/resource/Hanwha_Life_Insurance,http://www.forbes.com/companies/samsung-life-insurance/,FALSE
http://dbpedia.org/resource/Turkish_Aerospace_Industries,http://www.forbes.com/companies/turkish-airlines/,FALSE
http://dbpedia.org/resource/CIBC_Mellon,http://www.forbes.com/companies/canadian-imperial-bank/,FALSE
http://dbpedia.org/resource/Dubai_Islamic_Bank,http://www.forbes.com/companies/abu-dhabi-islamic-bank/,FALSE
http://dbpedia.org/resource/New_Gold,http://www.forbes.com/companies/barrick-gold/,FALSE
http://dbpedia.org/resource/Banco_Santander_Totta,http://www.forbes.com/companies/banco-comercial-portugues/,FALSE
http://dbpedia.org/resource/American_Superconductor,http://www.forbes.com/companies/american-electric/,FALSE
http://dbpedia.org/resource/Changfeng_Motor,http://www.forbes.com/companies/sichuan-changhong-electric/,FALSE
http://dbpedia.org/resource/Ready_Financial,http://www.forbes.com/companies/genworth-financial/,FALSE
http://dbpedia.org/resource/China_CITIC_Bank,http://www.forbes.com/companies/bank-of-china/,FALSE
http://dbpedia.org/resource/Hong_Kong_Property_Services_(Agency),http://www.forbes.com/companies/shimao-property-holdings/,FALSE
http://dbpedia.org/resource/Bank_of_Commerce,http://www.forbes.com/companies/bpi/,FALSE
http://dbpedia.org/resource/Saudi_Binladin_Group,http://www.forbes.com/companies/tasnee/,FALSE
http://dbpedia.org/resource/Dai-Ichi_Kangyo_Bank,http://www.forbes.com/companies/nishi-nippon-city-bank/,FALSE
http://dbpedia.org/resource/China_Resources_Enterprise,http://www.forbes.com/companies/china-mobile/,FALSE
http://dbpedia.org/resource/Century_Motor_Vehicle_Company,http://www.forbes.com/companies/ford-motor/,FALSE
http://dbpedia.org/resource/American_Television_Distribution,http://www.forbes.com/companies/dish-network/,FALSE
http://dbpedia.org/resource/Shenzhen_Investment,http://www.forbes.com/companies/gf-securities/,FALSE
http://dbpedia.org/resource/Cypress_Semiconductor,http://www.forbes.com/companies/intel/,FALSE
http://dbpedia.org/resource/Companhia_Energ%C3%A9tica_de_S%C3%A3o_Paulo,http://www.forbes.com/companies/cemig/,FALSE
http://dbpedia.org/resource/Guangzhou_Pharmaceuticals,http://www.forbes.com/companies/shanghai-pharmaceuticals/,FALSE
http://dbpedia.org/resource/OceanaGold,http://www.forbes.com/companies/orica/,FALSE
http://dbpedia.org/resource/Arabian_Television_Network,http://www.forbes.com/companies/emirates-integrated-telecom/,FALSE
http://dbpedia.org/resource/Regionstog,http://www.forbes.com/companies/sydbank/,FALSE
http://dbpedia.org/resource/RCTV_International,http://www.forbes.com/companies/directv/,FALSE
http://dbpedia.org/resource/UAE_Exchange,http://www.forbes.com/companies/union-national-bank/,FALSE
http://dbpedia.org/resource/Combined_Insurance,http://www.forbes.com/companies/chubb/,FALSE
http://dbpedia.org/resource/Westinghouse_Broadcasting,http://www.forbes.com/companies/walt-disney/,FALSE
http://dbpedia.org/resource/Brocade_Communications_Systems,http://www.forbes.com/companies/cisco-systems/,FALSE
http://dbpedia.org/resource/Bank_of_Yokohama,http://www.forbes.com/companies/iyo-bank/,FALSE
http://dbpedia.org/resource/Wells_Fargo_Advisors,http://www.forbes.com/companies/wells-fargo/,FALSE
http://dbpedia.org/resource/Selective_Insurance,http://www.forbes.com/companies/allstate/,FALSE
http://dbpedia.org/resource/Shanghai_Electric,http://www.forbes.com/companies/shanghai-construction/,FALSE
http://dbpedia.org/resource/ATP_Oil_and_Gas,http://www.forbes.com/companies/national-oilwell-varco/,FALSE
http://dbpedia.org/resource/Viacom_Media_Networks,http://www.forbes.com/companies/cc-media-holdings/,FALSE
http://dbpedia.org/resource/Arkansas_Electric_Cooperative_Corporation,http://www.forbes.com/companies/cms-energy/,FALSE
http://dbpedia.org/resource/China_CITIC_Bank,http://www.forbes.com/companies/citic-securities/,FALSE
http://dbpedia.org/resource/V&S_Group,http://www.forbes.com/companies/volvo-group/,FALSE
http://dbpedia.org/resource/Cypress_Semiconductor,http://www.forbes.com/companies/xilinx/,FALSE
http://dbpedia.org/resource/MidAmerican_Energy_Company,http://www.forbes.com/companies/calpine/,FALSE
http://dbpedia.org/resource/Selective_Insurance,http://www.forbes.com/companies/symetra-financial/,FALSE
http://dbpedia.org/resource/Dongfeng_Motor_Company,http://www.forbes.com/companies/dongfeng-motor-group/,TRUE
http://dbpedia.org/resource/BMW,http://www.forbes.com/companies/bmw-group/,TRUE
http://dbpedia.org/resource/Visa_Inc.,http://www.forbes.com/companies/visa/,TRUE
http://dbpedia.org/resource/Beijing_Enterprises,http://www.forbes.com/companies/beijing-enterprises/,TRUE
http://dbpedia.org/resource/Petro-Canada,http://www.forbes.com/companies/transcanada/,FALSE
http://dbpedia.org/resource/Swiss_Space_Systems,http://www.forbes.com/companies/swisscom/,FALSE
http://dbpedia.org/resource/Zhenhua,http://www.forbes.com/companies/zhejiang-zheneng-electric-power/,FALSE
http://dbpedia.org/resource/Colruyt_(supermarket),http://www.forbes.com/companies/delhaize-group/,FALSE
http://dbpedia.org/resource/DONG_Energy,http://www.forbes.com/companies/tdc/,FALSE
http://dbpedia.org/resource/Alorica,http://www.forbes.com/companies/alcoa/,FALSE
http://dbpedia.org/resource/Nanjing_Iron_and_Steel,http://www.forbes.com/companies/inner-mongolia-baotou-steel/,FALSE
http://dbpedia.org/resource/Frito-Lay,http://www.forbes.com/companies/mondelez-international/,FALSE
http://dbpedia.org/resource/Techtronic_Industries,http://www.forbes.com/companies/flextronics-international/,FALSE
http://dbpedia.org/resource/DigiOn,http://www.forbes.com/companies/tdk/,FALSE
http://dbpedia.org/resource/Allied_Waste_Industries,http://www.forbes.com/companies/waste-management/,FALSE
http://dbpedia.org/resource/Milo's_Hamburgers,http://www.forbes.com/companies/mcdonalds/,FALSE
http://dbpedia.org/resource/Sigma_Alimentos,http://www.forbes.com/companies/grupo-bimbo/,FALSE
http://dbpedia.org/resource/Israel_Postal_Company,http://www.forbes.com/companies/israel-discount-bank/,FALSE
http://dbpedia.org/resource/Mercedes-Benz,http://www.forbes.com/companies/daimler/,FALSE
http://dbpedia.org/resource/GE_Energy,http://www.forbes.com/companies/ameren/,FALSE
http://dbpedia.org/resource/Yamaha_Corporation,http://www.forbes.com/companies/yamaha-motor/,FALSE
http://dbpedia.org/resource/U.S._HealthWorks,http://www.forbes.com/companies/unitedhealth-group/,FALSE
http://dbpedia.org/resource/Orex_Exploration,http://www.forbes.com/companies/onex/,FALSE
http://dbpedia.org/resource/OMERS,http://www.forbes.com/companies/onex/,FALSE
http://dbpedia.org/resource/ING_Belgium,http://www.forbes.com/companies/belgacom/,FALSE
http://dbpedia.org/resource/StarWind_Software,http://www.forbes.com/companies/fiserv/,FALSE
http://dbpedia.org/resource/Gree_Electric,http://www.forbes.com/companies/gd-power-development/,FALSE
http://dbpedia.org/resource/Taikang_Life,http://www.forbes.com/companies/shin-kong-financial/,FALSE
http://dbpedia.org/resource/ATP_Oil_and_Gas,http://www.forbes.com/companies/oneok/,FALSE
http://dbpedia.org/resource/Austin_Automobile_Company,http://www.forbes.com/companies/general-motors/,FALSE
http://dbpedia.org/resource/Qatar_Petroleum,http://www.forbes.com/companies/ooredoo-telecom/,FALSE
http://dbpedia.org/resource/Baystate_Health,http://www.forbes.com/companies/community-health-sys/,FALSE
http://dbpedia.org/resource/Shanghai_Petrochemical,http://www.forbes.com/companies/shanghai-construction/,FALSE
http://dbpedia.org/resource/Sumitomo_Mitsui_Banking_Corporation,http://www.forbes.com/companies/musashino-bank/,FALSE
http://dbpedia.org/resource/Israel_Discount_Bank,http://www.forbes.com/companies/mizrahi-tefahot-bank/,FALSE
http://dbpedia.org/resource/GreatPoint_Energy,http://www.forbes.com/companies/pbf-energy/,FALSE
http://dbpedia.org/resource/Guangdong_Investment,http://www.forbes.com/companies/gf-securities/,FALSE
http://dbpedia.org/resource/Cheung_Kong_Infrastructure_Holdings,http://www.forbes.com/companies/china-railway-group/,FALSE
http://dbpedia.org/resource/BMW_Brilliance,http://www.forbes.com/companies/brilliance-china-automotive-holdings/,FALSE
http://dbpedia.org/resource/Edition_S,http://www.forbes.com/companies/iss/,FALSE
http://dbpedia.org/resource/Kumho_Tires,http://www.forbes.com/companies/hankook-tire/,FALSE
http://dbpedia.org/resource/China_National_Petroleum_Corporation,http://www.forbes.com/companies/china-national-chemical/,FALSE
http://dbpedia.org/resource/Ciner_Holding,http://www.forbes.com/companies/sabanci-holding/,FALSE
http://dbpedia.org/resource/ATP_Oil_and_Gas,http://www.forbes.com/companies/phillips-66/,FALSE
http://dbpedia.org/resource/21st_Century_Insurance,http://www.forbes.com/companies/prudential-financial/,FALSE
http://dbpedia.org/resource/KMP_Holdings,http://www.forbes.com/companies/gs-holdings/,FALSE
http://dbpedia.org/resource/Anheuser-Busch,http://www.forbes.com/companies/sabmiller/,FALSE
http://dbpedia.org/resource/Nintendo,http://www.forbes.com/companies/nec/,FALSE
http://dbpedia.org/resource/Sinofert_Holdings,http://www.forbes.com/companies/fosun-international/,FALSE
http://dbpedia.org/resource/Ready_Financial,http://www.forbes.com/companies/prudential-financial/,FALSE
http://dbpedia.org/resource/Banco_de_Occidente,http://www.forbes.com/companies/banco-occidental/,FALSE
http://dbpedia.org/resource/Security_Bank,http://www.forbes.com/companies/bpi/,FALSE
http://dbpedia.org/resource/Lukoil_Baltija,http://www.forbes.com/companies/lukoil/,FALSE
http://dbpedia.org/resource/Duke_Energy,http://www.forbes.com/companies/northeast-utilities/,FALSE
http://dbpedia.org/resource/Combined_Insurance,http://www.forbes.com/companies/marsh-mclennan/,FALSE
http://dbpedia.org/resource/Abu_Dhabi_MAR,http://www.forbes.com/companies/abu-dhabi-commercial/,FALSE
http://dbpedia.org/resource/Champion_Energy,http://www.forbes.com/companies/cms-energy/,FALSE
http://dbpedia.org/resource/Rohde_&_Schwarz_Federal_Systems,http://www.forbes.com/companies/cisco-systems/,FALSE
http://dbpedia.org/resource/International_Energy_Mining_Industry_Limited,http://www.forbes.com/companies/china-coal-energy/,FALSE
http://dbpedia.org/resource/DONG_Energy,http://www.forbes.com/companies/iss/,FALSE
http://dbpedia.org/resource/Abu_Dhabi_Islamic_Bank,http://www.forbes.com/companies/mashreq-bank/,FALSE
http://dbpedia.org/resource/ASRock,http://www.forbes.com/companies/asustek-computer/,FALSE
http://dbpedia.org/resource/China_Resources_Cement,http://www.forbes.com/companies/metallurgical-corp-of-china/,FALSE
http://dbpedia.org/resource/Centaline_Property_Agency,http://www.forbes.com/companies/chinese-estates/,FALSE
http://dbpedia.org/resource/Duke_Energy,http://www.forbes.com/companies/aes/,FALSE
http://dbpedia.org/resource/Center_Rock,http://www.forbes.com/companies/blackrock/,FALSE
http://dbpedia.org/resource/China_National_Building_Material_Company,http://www.forbes.com/companies/china-gezhouba/,FALSE
http://dbpedia.org/resource/Media_Rights_Capital,http://www.forbes.com/companies/cc-media-holdings/,FALSE
http://dbpedia.org/resource/Hebei_Iron_and_Steel,http://www.forbes.com/companies/steel-authority-of-india/,FALSE
http://dbpedia.org/resource/Swisscom,http://www.forbes.com/companies/ace/,FALSE
http://dbpedia.org/resource/Prudential_Financial,http://www.forbes.com/companies/principal-financial-group/,FALSE
http://dbpedia.org/resource/China_Pacific_Insurance,http://www.forbes.com/companies/china-life-insurance/,FALSE
http://dbpedia.org/resource/Lloyds_Bank_of_Canada,http://www.forbes.com/companies/bank-of-montreal/,FALSE
http://dbpedia.org/resource/Norfolkline,http://www.forbes.com/companies/oci/,FALSE
http://dbpedia.org/resource/Lloyds_Bank_of_Canada,http://www.forbes.com/companies/td-bank-group/,FALSE
http://dbpedia.org/resource/Bank_of_China,http://www.forbes.com/companies/bank-of-communications/,FALSE
http://dbpedia.org/resource/Huadian_Power_International,http://www.forbes.com/companies/guangdong-electric/,FALSE
http://dbpedia.org/resource/Alliant_Credit_Union,http://www.forbes.com/companies/capital-one-financial/,FALSE
http://dbpedia.org/resource/Turner_Construction,http://www.forbes.com/companies/dr-horton/,FALSE
http://dbpedia.org/resource/National_Railway_Company_of_Belgium,http://www.forbes.com/companies/banque-nationale-de-belgique/,FALSE
http://dbpedia.org/resource/Kasikornbank,http://www.forbes.com/companies/siam-commercial-bank/,FALSE
http://dbpedia.org/resource/LG_Display,http://www.forbes.com/companies/lg-electronics/,FALSE
http://dbpedia.org/resource/Petrovietnam,http://www.forbes.com/companies/petrovietnam-gas/,FALSE
http://dbpedia.org/resource/US_Cable,http://www.forbes.com/companies/news-corp/,FALSE
http://dbpedia.org/resource/Bangkok_Bank,http://www.forbes.com/companies/siam-commercial-bank/,FALSE
http://dbpedia.org/resource/Baader_Bank_AG,http://www.forbes.com/companies/deutsche-bank/,FALSE
http://dbpedia.org/resource/Boeing_Canada,http://www.forbes.com/companies/boeing/,FALSE
http://dbpedia.org/resource/Hongyuan_Securities,http://www.forbes.com/companies/huatai-securities/,FALSE
http://dbpedia.org/resource/Energy_Brands,http://www.forbes.com/companies/beam/,FALSE
http://dbpedia.org/resource/TransCanada_Corporation,http://www.forbes.com/companies/canadian-pacific-railway/,FALSE
"http://dbpedia.org/resource/City_Water,_Light_&_Power",http://www.forbes.com/companies/american-water-works/,FALSE
http://dbpedia.org/resource/Clean_Water_Services,http://www.forbes.com/companies/waters/,FALSE
http://dbpedia.org/resource/Austro-Daimler,http://www.forbes.com/companies/daimler/,FALSE
http://dbpedia.org/resource/Canadian_General_Electric,http://www.forbes.com/companies/atco/,FALSE
http://dbpedia.org/resource/PNC_Financial_Services,http://www.forbes.com/companies/peoples-united-financial/,FALSE
http://dbpedia.org/resource/China_Communications_Construction,http://www.forbes.com/companies/china-national-chemical/,FALSE
http://dbpedia.org/resource/Tsim_Sha_Tsui_Properties_Limited,http://www.forbes.com/companies/shimao-property-holdings/,FALSE
http://dbpedia.org/resource/Molex,http://www.forbes.com/companies/amphenol/,FALSE
http://dbpedia.org/resource/Japan_Aviation_Electronics,http://www.forbes.com/companies/tdk/,FALSE
http://dbpedia.org/resource/Qatar_Petroleum,http://www.forbes.com/companies/qatar-islamic-bank/,FALSE
http://dbpedia.org/resource/China_CITIC_Bank,http://www.forbes.com/companies/china-citic-bank/,TRUE
http://dbpedia.org/resource/China_Resources_Land,http://www.forbes.com/companies/china-resources-land/,TRUE
http://dbpedia.org/resource/R&F_Properties,http://www.forbes.com/companies/guangzhou-rf/,TRUE
http://dbpedia.org/resource/Arcapita,http://www.forbes.com/companies/american-capital-agency/,FALSE
http://dbpedia.org/resource/Energy_Manufacturing_Co._Inc,http://www.forbes.com/companies/consol-energy/,FALSE
http://dbpedia.org/resource/Hello_Health,http://www.forbes.com/companies/community-health-sys/,FALSE
http://dbpedia.org/resource/Russel_Metals,http://www.forbes.com/companies/goldcorp/,FALSE
http://dbpedia.org/resource/Lloyds_Bank_of_Canada,http://www.forbes.com/companies/national-bank-of-canada/,FALSE
http://dbpedia.org/resource/TC_Transcontinental,http://www.forbes.com/companies/transcanada/,FALSE
http://dbpedia.org/resource/Unitil_Corporation,http://www.forbes.com/companies/united-technologies/,FALSE
http://dbpedia.org/resource/Toyota_Motor_Engineering_&_Manufacturing_North_America,http://www.forbes.com/companies/general-motors/,FALSE
http://dbpedia.org/resource/Kunlun_Energy,http://www.forbes.com/companies/clp-holdings/,FALSE
http://dbpedia.org/resource/Toyota_Motor_Manufacturing_Alabama,http://www.forbes.com/companies/toyota-motor/,FALSE
http://dbpedia.org/resource/The_Co-operative_Bank,http://www.forbes.com/companies/barclays/,FALSE
http://dbpedia.org/resource/Angang_Steel_Company,http://www.forbes.com/companies/baoshan-iron-steel/,FALSE
http://dbpedia.org/resource/America_II_Electronics,http://www.forbes.com/companies/arrow-electronics/,FALSE
http://dbpedia.org/resource/KMP_Holdings,http://www.forbes.com/companies/sk-holdings/,FALSE
http://dbpedia.org/resource/XCMG,http://www.forbes.com/companies/metallurgical-corp-of-china/,FALSE
http://dbpedia.org/resource/Northeast_Bank,http://www.forbes.com/companies/signature-bank/,FALSE
http://dbpedia.org/resource/Panzhihua_Iron_and_Steel,http://www.forbes.com/companies/angang-steel/,FALSE
http://dbpedia.org/resource/Bank_of_Yokohama,http://www.forbes.com/companies/bank-of-nagoya/,FALSE
http://dbpedia.org/resource/SL_Corporation,http://www.forbes.com/companies/ls-corp/,FALSE
http://dbpedia.org/resource/ATP_Oil_and_Gas,http://www.forbes.com/companies/pbf-energy/,FALSE
http://dbpedia.org/resource/Top_Shelf_Coffee,http://www.forbes.com/companies/starbucks/,FALSE
http://dbpedia.org/resource/Al_dahra_Agricultural_Company,http://www.forbes.com/companies/aldar-properties/,FALSE
http://dbpedia.org/resource/Aker_Drilling,http://www.forbes.com/companies/statoil/,FALSE
http://dbpedia.org/resource/Hong_Kong_Exchanges_and_Clearing,http://www.forbes.com/companies/honbridge-holdings/,FALSE
http://dbpedia.org/resource/Yellow_Pages_Singapore,http://www.forbes.com/companies/singtel/,FALSE
http://dbpedia.org/resource/Piedmont_Natural_Gas,http://www.forbes.com/companies/calpine/,FALSE
http://dbpedia.org/resource/China_Construction_Bank,http://www.forbes.com/companies/harbin-bank/,FALSE
http://dbpedia.org/resource/China_State_Construction_International_Holdings,http://www.forbes.com/companies/china-national-chemical/,FALSE
http://dbpedia.org/resource/Anshan_Iron_&_Steel_Group_Corporation,http://www.forbes.com/companies/shanxi-taigang-stainless/,FALSE
http://dbpedia.org/resource/Success_Automobile_Manufacturing_Company,http://www.forbes.com/companies/general-motors/,FALSE
http://dbpedia.org/resource/China_National_Heavy_Duty_Truck_Group,http://www.forbes.com/companies/sany-heavy-industry/,FALSE
http://dbpedia.org/resource/Zotye_Auto,http://www.forbes.com/companies/byd/,FALSE
http://dbpedia.org/resource/Bank_of_Bahrain_and_Kuwait,http://www.forbes.com/companies/qatar-islamic-bank/,FALSE
http://dbpedia.org/resource/Shenzhen_Energy,http://www.forbes.com/companies/huadian-power-international/,FALSE
http://dbpedia.org/resource/General_Motors_Egypt,http://www.forbes.com/companies/general-motors/,FALSE
http://dbpedia.org/resource/LOUD_Technologies,http://www.forbes.com/companies/cognizant-technology/,FALSE
http://dbpedia.org/resource/Fashion_To_Figure,http://www.forbes.com/companies/vf/,FALSE
http://dbpedia.org/resource/Hong_Kong_Property_Services_(Agency),http://www.forbes.com/companies/first-pacific/,FALSE
http://dbpedia.org/resource/Datang_International_Power_Generation_Company,http://www.forbes.com/companies/china-yangtze-power/,FALSE
http://dbpedia.org/resource/Sumitomo_Mitsui_Trust_Holdings,http://www.forbes.com/companies/sumitomo-metal-mining/,FALSE
http://dbpedia.org/resource/Edutech,http://www.forbes.com/companies/emirates-integrated-telecom/,FALSE
http://dbpedia.org/resource/Sekunjalo_Investments,http://www.forbes.com/companies/rmb-holdings/,FALSE
http://dbpedia.org/resource/Lloyds_Bank_of_Canada,http://www.forbes.com/companies/royal-bank-of-canada/,FALSE
http://dbpedia.org/resource/China_Communications_Construction,http://www.forbes.com/companies/china-telecom/,FALSE
http://dbpedia.org/resource/Nanto_Bank,http://www.forbes.com/companies/iyo-bank/,FALSE
http://dbpedia.org/resource/Citadel_Broadcasting,http://www.forbes.com/companies/cc-media-holdings/,FALSE
http://dbpedia.org/resource/BankUnited,http://www.forbes.com/companies/bok-financial/,FALSE
http://dbpedia.org/resource/Israel_Cleantech_Ventures,http://www.forbes.com/companies/israel-corp/,FALSE
http://dbpedia.org/resource/Microsoft,http://www.forbes.com/companies/ibm/,FALSE
http://dbpedia.org/resource/Nanto_Bank,http://www.forbes.com/companies/oita-bank/,FALSE
http://dbpedia.org/resource/Fortis_Healthcare,http://www.forbes.com/companies/fortis-canada/,FALSE
http://dbpedia.org/resource/Alinma_Bank,http://www.forbes.com/companies/saudi-investment-bank/,FALSE
http://dbpedia.org/resource/Banca_Popolare_dell'Emilia_Romagna,http://www.forbes.com/companies/banca-popolare-di-milano/,FALSE
http://dbpedia.org/resource/Mountain_National_Bank,http://www.forbes.com/companies/signature-bank/,FALSE
http://dbpedia.org/resource/Electronics_Design_Group,http://www.forbes.com/companies/arrow-electronics/,FALSE
http://dbpedia.org/resource/China_Huaneng_Group,http://www.forbes.com/companies/huadian-power-international/,FALSE
http://dbpedia.org/resource/Abu_Dhabi_National_Oil_Company,http://www.forbes.com/companies/abu-dhabi-islamic-bank/,FALSE
http://dbpedia.org/resource/Japan_Atomic_Power_Company,http://www.forbes.com/companies/tohoku-electric-power/,FALSE
http://dbpedia.org/resource/Warner-Amex_Satellite_Entertainment,http://www.forbes.com/companies/discovery-communications/,FALSE
http://dbpedia.org/resource/Japan_Post_Bank,http://www.forbes.com/companies/higo-bank/,FALSE
http://dbpedia.org/resource/Wisconsin_Energy_Corporation,http://www.forbes.com/companies/firstenergy/,FALSE
http://dbpedia.org/resource/First_Pacific,http://www.forbes.com/companies/first-pacific/,FALSE
http://dbpedia.org/resource/Guangzhou_Automobile_Industry_Group,http://www.forbes.com/companies/byd/,FALSE
http://dbpedia.org/resource/Guangzhou_Pharmaceuticals,http://www.forbes.com/companies/sinopharm-group/,FALSE
http://dbpedia.org/resource/China_Pacific_Insurance,http://www.forbes.com/companies/china-taiping-insurance/,FALSE
http://dbpedia.org/resource/Farmers_Insurance_Group,http://www.forbes.com/companies/american-financial-group/,FALSE
http://dbpedia.org/resource/Nextbio,http://www.forbes.com/companies/amgen/,FALSE
http://dbpedia.org/resource/China_State_Construction_International_Holdings,http://www.forbes.com/companies/china-international-marine/,FALSE
http://dbpedia.org/resource/Colonial_Bank,http://www.forbes.com/companies/bbt/,FALSE
http://dbpedia.org/resource/Churchill_Insurance_Company,http://www.forbes.com/companies/prudential/,FALSE
http://dbpedia.org/resource/Sun_Hung_Kai_Financial,http://www.forbes.com/companies/sun-hung-kai-properties/,FALSE
http://dbpedia.org/resource/Albatron_Technology,http://www.forbes.com/companies/pegatron/,FALSE
http://dbpedia.org/resource/Hitachi,http://www.forbes.com/companies/ihi/,FALSE
http://dbpedia.org/resource/China_National_Heavy_Duty_Truck_Group,http://www.forbes.com/companies/dongfeng-motor-group/,FALSE
http://dbpedia.org/resource/GE_Energy,http://www.forbes.com/companies/agl-resources/,FALSE
http://dbpedia.org/resource/Sumitomo_Chemical,http://www.forbes.com/companies/tosoh/,FALSE
http://dbpedia.org/resource/Strem_Chemicals,http://www.forbes.com/companies/westlake-chemical/,FALSE
http://dbpedia.org/resource/Progress_Software,http://www.forbes.com/companies/oracle/,FALSE
http://dbpedia.org/resource/Deyaar,http://www.forbes.com/companies/dp-world/,FALSE
http://dbpedia.org/resource/China_Railway_Construction_Corporation,http://www.forbes.com/companies/shanghai-construction/,FALSE
http://dbpedia.org/resource/Hyundai_Development_Company_Group,http://www.forbes.com/companies/hyundai-motor/,FALSE
http://dbpedia.org/resource/Grupo_Financiero_Banamex,http://www.forbes.com/companies/grupo-inbursa/,FALSE
http://dbpedia.org/resource/BankBazaar,http://www.forbes.com/companies/bank-mandiri/,FALSE
http://dbpedia.org/resource/Hokkaido_Bank,http://www.forbes.com/companies/hyakugo-bank/,FALSE
http://dbpedia.org/resource/Fuji_Bank,http://www.forbes.com/companies/sumitomo-mitsui-financial/,FALSE
http://dbpedia.org/resource/Bank_Permata,http://www.forbes.com/companies/bank-rakyat-indonesia/,FALSE
http://dbpedia.org/resource/Ready_Financial,http://www.forbes.com/companies/raymond-james-financial/,FALSE
http://dbpedia.org/resource/Textron_Marine_&_Land_Systems,http://www.forbes.com/companies/textron/,FALSE
http://dbpedia.org/resource/Bayer_Corporation,http://www.forbes.com/companies/pfizer/,FALSE
http://dbpedia.org/resource/Post-Newsweek_Stations,http://www.forbes.com/companies/news-corp/,FALSE
http://dbpedia.org/resource/Cheung_Kong_Infrastructure_Holdings,http://www.forbes.com/companies/guangdong-investment/,FALSE
http://dbpedia.org/resource/Crowder_Construction_Company,http://www.forbes.com/companies/dr-horton/,FALSE
http://dbpedia.org/resource/Equinox_Minerals,http://www.forbes.com/companies/first-quantum-minerals/,FALSE
http://dbpedia.org/resource/WellCare,http://www.forbes.com/companies/wellpoint/,FALSE
http://dbpedia.org/resource/Bank_Mizrahi-Tefahot,http://www.forbes.com/companies/bank-leumi/,FALSE
http://dbpedia.org/resource/Telef%C3%B3nica_Germany,http://www.forbes.com/companies/telefonica/,FALSE
http://dbpedia.org/resource/Asus,http://www.forbes.com/companies/wistron/,FALSE
http://dbpedia.org/resource/JBS_S.A.,http://www.forbes.com/companies/jbs/,TRUE
http://dbpedia.org/resource/Richemont,http://www.forbes.com/companies/richemont/,TRUE
http://dbpedia.org/resource/China_National_Materials_Group_Corporation,http://www.forbes.com/companies/china-national-materials/,TRUE
http://dbpedia.org/resource/Tractor_Supply_Company,http://www.forbes.com/companies/tractor-supply/,TRUE
http://dbpedia.org/resource/ThyssenKrupp,http://www.forbes.com/companies/thyssenkrupp-group/,TRUE
http://dbpedia.org/resource/Kintetsu_Department_Store,http://www.forbes.com/companies/kintetsu/,TRUE
http://dbpedia.org/resource/Telus_TV,http://www.forbes.com/companies/telus/,TRUE
http://dbpedia.org/resource/Financial_Street_Holding,http://www.forbes.com/companies/financial-street-holdings/,TRUE
http://dbpedia.org/resource/Santander_Group,http://www.forbes.com/companies/banco-santander/,TRUE
http://dbpedia.org/resource/Nesquik,http://www.forbes.com/companies/nestle/,FALSE
http://dbpedia.org/resource/Israeli_News_Company,http://www.forbes.com/companies/israel-corp/,FALSE
http://dbpedia.org/resource/Tl_elektronic,http://www.forbes.com/companies/cez-group/,FALSE
http://dbpedia.org/resource/Farmers_Insurance_Group,http://www.forbes.com/companies/allstate/,FALSE
http://dbpedia.org/resource/Online_Trading_Academy,http://www.forbes.com/companies/e-trade-financial/,FALSE
http://dbpedia.org/resource/Harbin_Power_Equipment,http://www.forbes.com/companies/china-cnr/,FALSE
http://dbpedia.org/resource/ST-Ericsson,http://www.forbes.com/companies/swisscom/,FALSE
http://dbpedia.org/resource/Shanghai_Petrochemical,http://www.forbes.com/companies/shanghai-pharmaceuticals/,FALSE
http://dbpedia.org/resource/West_Coast_Bancorp,http://www.forbes.com/companies/east-west-bancorp/,FALSE
http://dbpedia.org/resource/Wells_Fargo,http://www.forbes.com/companies/east-west-bancorp/,FALSE
http://dbpedia.org/resource/Ace_Hardware,http://www.forbes.com/companies/apple/,FALSE
http://dbpedia.org/resource/StarWind_Software,http://www.forbes.com/companies/linkedin/,FALSE
http://dbpedia.org/resource/Huaneng_Power_International,http://www.forbes.com/companies/huadian-power-international/,FALSE
http://dbpedia.org/resource/Grupo_Argos,http://www.forbes.com/companies/grupo-aval/,FALSE
http://dbpedia.org/resource/Nanjing_Automobile,http://www.forbes.com/companies/byd/,FALSE
http://dbpedia.org/resource/Bank_of_China,http://www.forbes.com/companies/taiwan-business-bank/,FALSE
http://dbpedia.org/resource/Vertical_Communications,http://www.forbes.com/companies/verizon-communications/,FALSE
http://dbpedia.org/resource/Chez_Hotels,http://www.forbes.com/companies/carnival/,FALSE
http://dbpedia.org/resource/Hyundai_Steel,http://www.forbes.com/companies/hyundai-wia/,FALSE
http://dbpedia.org/resource/Tatweer,http://www.forbes.com/companies/emirates-integrated-telecom/,FALSE
http://dbpedia.org/resource/Qatar_Petroleum,http://www.forbes.com/companies/industries-qatar/,FALSE
http://dbpedia.org/resource/Videocon_Telecom,http://www.forbes.com/companies/telekom-indonesia/,FALSE
http://dbpedia.org/resource/US_Cable,http://www.forbes.com/companies/comcast/,FALSE
http://dbpedia.org/resource/Dongfeng_Yueda_Kia,http://www.forbes.com/companies/byd/,FALSE
http://dbpedia.org/resource/Financial_Street_Holding,http://www.forbes.com/companies/gf-securities/,FALSE
http://dbpedia.org/resource/Indium_corporation,http://www.forbes.com/companies/intel/,FALSE
http://dbpedia.org/resource/Hyundai_Glovis,http://www.forbes.com/companies/hyundai-heavy-industries/,FALSE
http://dbpedia.org/resource/Bankmecu,http://www.forbes.com/companies/commonwealth-bank/,FALSE
http://dbpedia.org/resource/Star_Uranium,http://www.forbes.com/companies/cameco/,FALSE
http://dbpedia.org/resource/Bank_of_Commerce,http://www.forbes.com/companies/bank-of-communications/,FALSE
http://dbpedia.org/resource/The_Corporate_Group,http://www.forbes.com/companies/phoenix-group-holdings/,FALSE
http://dbpedia.org/resource/ON_Semiconductor_Corporation,http://www.forbes.com/companies/broadcom/,FALSE
http://dbpedia.org/resource/Inter_Pipeline,http://www.forbes.com/companies/transcanada/,FALSE
http://dbpedia.org/resource/EquityNet,http://www.forbes.com/companies/equity-residential/,FALSE
http://dbpedia.org/resource/Sino-Ocean_Land,http://www.forbes.com/companies/china-resources-land/,FALSE
http://dbpedia.org/resource/The_Briad_Group,http://www.forbes.com/companies/cbre-group/,FALSE
http://dbpedia.org/resource/The_Pepsi_Bottling_Group,http://www.forbes.com/companies/pepsico/,FALSE
http://dbpedia.org/resource/Zijin_Mining,http://www.forbes.com/companies/yanzhou-coal-mining/,FALSE
http://dbpedia.org/resource/China_Metallurgical_Group_Corporation,http://www.forbes.com/companies/minmetals-development/,FALSE
http://dbpedia.org/resource/Cognex_Corporation,http://www.forbes.com/companies/cognizant-technology/,FALSE
http://dbpedia.org/resource/EverBank,http://www.forbes.com/companies/us-bancorp/,FALSE
http://dbpedia.org/resource/EDF_Incorporated,http://www.forbes.com/companies/consolidated-edison/,FALSE
http://dbpedia.org/resource/TNEB,http://www.forbes.com/companies/ntpc/,FALSE
http://dbpedia.org/resource/Bridge_Communications,http://www.forbes.com/companies/cisco-systems/,FALSE
http://dbpedia.org/resource/Kuwait_Oil_Company,http://www.forbes.com/companies/kuwait-finance-house/,FALSE
http://dbpedia.org/resource/Xcel_Energy,http://www.forbes.com/companies/firstenergy/,FALSE
http://dbpedia.org/resource/Sumitomo_Mitsui_Trust_Holdings,http://www.forbes.com/companies/sumitomo-corp/,FALSE
http://dbpedia.org/resource/Mitsubishi_UFJ_Financial_Group,http://www.forbes.com/companies/mizuho-financial/,FALSE
http://dbpedia.org/resource/Toyohashi_Railroad,http://www.forbes.com/companies/odakyu-electric-railway/,FALSE
http://dbpedia.org/resource/Nanjing_Iron_and_Steel,http://www.forbes.com/companies/shanxi-taigang-stainless/,FALSE
http://dbpedia.org/resource/Metropolitan_Bank_Group,http://www.forbes.com/companies/huntington-bancshares/,FALSE
http://dbpedia.org/resource/Young_Broadcasting,http://www.forbes.com/companies/cbs/,FALSE
http://dbpedia.org/resource/Taiwan_Tobacco_and_Liquor_Corporation,http://www.forbes.com/companies/japan-tobacco/,FALSE
http://dbpedia.org/resource/Hyundai_Motor_Company,http://www.forbes.com/companies/hyundai-mobis/,FALSE
http://dbpedia.org/resource/Hellenic_Petroleum,http://www.forbes.com/companies/motor-oil/,FALSE
http://dbpedia.org/resource/China_Recycling_Energy_Corporation,http://www.forbes.com/companies/china-coal-energy/,FALSE
http://dbpedia.org/resource/K's_Holdings_Corporation,http://www.forbes.com/companies/alfresa-holdings/,FALSE
http://dbpedia.org/resource/Metropolitan_Bank_Group,http://www.forbes.com/companies/bbt/,FALSE
http://dbpedia.org/resource/Hyundai_Motor_Company,http://www.forbes.com/companies/hyundai-engineering/,FALSE
http://dbpedia.org/resource/CBS_Television_Distribution,http://www.forbes.com/companies/comcast/,FALSE
http://dbpedia.org/resource/Northwestern_Bank,http://www.forbes.com/companies/northern-trust/,FALSE
http://dbpedia.org/resource/Western_Digital,http://www.forbes.com/companies/netapp/,FALSE
http://dbpedia.org/resource/Comcast_Interactive_Media,http://www.forbes.com/companies/charter-communications/,FALSE
http://dbpedia.org/resource/Sumitomo_Mitsui_Banking_Corporation,http://www.forbes.com/companies/mitsui-co/,FALSE
http://dbpedia.org/resource/Great-West_Lifeco,http://www.forbes.com/companies/industrial-alliance-insurance/,FALSE
http://dbpedia.org/resource/Cummins-W%C3%A4rtsil%C3%A4,http://www.forbes.com/companies/cummins/,FALSE
http://dbpedia.org/resource/Ambit_Energy,http://www.forbes.com/companies/entergy/,FALSE
http://dbpedia.org/resource/Wheelock_Properties_(Singapore),http://www.forbes.com/companies/capitaland/,FALSE
http://dbpedia.org/resource/CITIC_Securities,http://www.forbes.com/companies/china-citic-bank/,FALSE
http://dbpedia.org/resource/America_II_Electronics,http://www.forbes.com/companies/ingram-micro/,FALSE
http://dbpedia.org/resource/Glorious_Property_Holdings,http://www.forbes.com/companies/country-garden-holdings/,FALSE
http://dbpedia.org/resource/Piraeus_Bank,http://www.forbes.com/companies/national-bank-of-greece/,FALSE
http://dbpedia.org/resource/Sumitomo_Chemical,http://www.forbes.com/companies/sumitomo-metal-mining/,FALSE
http://dbpedia.org/resource/Tianjin_Port_Development,http://www.forbes.com/companies/shanghai-international-port/,FALSE
http://dbpedia.org/resource/Rogers_Radio,http://www.forbes.com/companies/rogers-communications/,FALSE
http://dbpedia.org/resource/Citi_orient_securities,http://www.forbes.com/companies/citic-securities/,FALSE
"http://dbpedia.org/resource/City_Water,_Light_&_Power",http://www.forbes.com/companies/ameren/,FALSE
http://dbpedia.org/resource/Aabar_Investments,http://www.forbes.com/companies/emaar-properties/,FALSE
http://dbpedia.org/resource/Shell_Canada,http://www.forbes.com/companies/canadian-oil-sands/,FALSE
http://dbpedia.org/resource/Datang_International_Power_Generation_Company,http://www.forbes.com/companies/gd-power-development/,FALSE
http://dbpedia.org/resource/Halls_(department_store),http://www.forbes.com/companies/macys/,FALSE
http://dbpedia.org/resource/WellCare,http://www.forbes.com/companies/humana/,FALSE
http://dbpedia.org/resource/China_Life_Insurance_Company_(Taiwan),http://www.forbes.com/companies/china-taiping-insurance/,FALSE
http://dbpedia.org/resource/LINE_Corporation,http://www.forbes.com/companies/canon/,FALSE
http://dbpedia.org/resource/AbbottVision,http://www.forbes.com/companies/abbott-laboratories/,FALSE
http://dbpedia.org/resource/Hyundai_Motor_Company,http://www.forbes.com/companies/hyundai-steel/,FALSE
http://dbpedia.org/resource/Ammann_Group,http://www.forbes.com/companies/abb/,FALSE
http://dbpedia.org/resource/Nanto_Bank,http://www.forbes.com/companies/hachijuni-bank/,FALSE
http://dbpedia.org/resource/CITIC_Group,http://www.forbes.com/companies/citic-securities/,FALSE
http://dbpedia.org/resource/Combination_Steel_and_Iron_Company,http://www.forbes.com/companies/us-steel/,FALSE
http://dbpedia.org/resource/EverBank,http://www.forbes.com/companies/bank-of-america/,FALSE
http://dbpedia.org/resource/Bayer_Corporation,http://www.forbes.com/companies/bayer/,TRUE
http://dbpedia.org/resource/CITIC_Pacific,http://www.forbes.com/companies/citic-pacific/,TRUE
http://dbpedia.org/resource/Lanxess,http://www.forbes.com/companies/lanxess/,TRUE
http://dbpedia.org/resource/Walgreens,http://www.forbes.com/companies/walgreen/,TRUE
http://dbpedia.org/resource/Sistema,http://www.forbes.com/companies/sistema/,TRUE
http://dbpedia.org/resource/WABCO_Holdings_Inc.,http://www.forbes.com/companies/wabco-holdings/,TRUE
http://dbpedia.org/resource/China_State_Construction_Engineering,http://www.forbes.com/companies/china-international-marine/,FALSE
http://dbpedia.org/resource/MidAmerican_Energy_Company,http://www.forbes.com/companies/duke-energy/,FALSE
http://dbpedia.org/resource/UTC_Aerospace_Systems,http://www.forbes.com/companies/general-dynamics/,FALSE
http://dbpedia.org/resource/Hitachi_Cable_Manchester,http://www.forbes.com/companies/hitachi/,FALSE
http://dbpedia.org/resource/Xcel_Energy,http://www.forbes.com/companies/wisconsin-energy/,FALSE
http://dbpedia.org/resource/Franklin_(automobile),http://www.forbes.com/companies/franklin-resources/,FALSE
http://dbpedia.org/resource/Communications_Corporation_of_America,http://www.forbes.com/companies/cisco-systems/,FALSE
http://dbpedia.org/resource/Siliconware_Precision_Industries,http://www.forbes.com/companies/wistron/,FALSE
http://dbpedia.org/resource/Empire_Software,http://www.forbes.com/companies/intuit/,FALSE
http://dbpedia.org/resource/20th_Century_Fox_Television,http://www.forbes.com/companies/twenty-first-century-fox-inc/,FALSE
http://dbpedia.org/resource/The_Pepsi_Bottling_Group,http://www.forbes.com/companies/coca-cola/,FALSE
http://dbpedia.org/resource/African_Metals_Corporation,http://www.forbes.com/companies/barrick-gold/,FALSE
http://dbpedia.org/resource/Herstal_Group,http://www.forbes.com/companies/anheuser-busch-inbev/,FALSE
http://dbpedia.org/resource/Bavarian_Auto_Group,http://www.forbes.com/companies/bmw-group/,FALSE
http://dbpedia.org/resource/Union_Investment,http://www.forbes.com/companies/ubs/,FALSE
http://dbpedia.org/resource/Chongqing_International_Construction_Corporation,http://www.forbes.com/companies/sinohydro-group/,FALSE
http://dbpedia.org/resource/Saudi_Binladin_Group,http://www.forbes.com/companies/saudi-hollandi-bank/,FALSE
http://dbpedia.org/resource/China_Recycling_Energy_Corporation,http://www.forbes.com/companies/china-shenhua-energy/,FALSE
http://dbpedia.org/resource/Japan_Post_Network,http://www.forbes.com/companies/nippon-tel-tel/,FALSE
http://dbpedia.org/resource/Mawarid_Finance,http://www.forbes.com/companies/dubai-islamic-bank/,FALSE
http://dbpedia.org/resource/Frontier_Energy_Group,http://www.forbes.com/companies/continental-resources/,FALSE
http://dbpedia.org/resource/FSE_Engineering_Group,http://www.forbes.com/companies/st-engineering/,FALSE
http://dbpedia.org/resource/Tokyo_Gas,http://www.forbes.com/companies/osaka-gas/,FALSE
http://dbpedia.org/resource/Baotou_Steel,http://www.forbes.com/companies/hebei-iron-steel/,FALSE
http://dbpedia.org/resource/Hyundai_Development_Company_Group,http://www.forbes.com/companies/hyundai-steel/,FALSE
http://dbpedia.org/resource/Microsoft,http://www.forbes.com/companies/google/,FALSE
http://dbpedia.org/resource/Chase_Motor_Truck_Company,http://www.forbes.com/companies/jb-hunt-transport/,FALSE
http://dbpedia.org/resource/99_Cents_Only_Stores,http://www.forbes.com/companies/dollar-general/,FALSE
"http://dbpedia.org/resource/City_Water,_Light_&_Power",http://www.forbes.com/companies/duke-energy/,FALSE
http://dbpedia.org/resource/Interactive_Brokers,http://www.forbes.com/companies/e-trade-financial/,FALSE
http://dbpedia.org/resource/Techtronic_Industries,http://www.forbes.com/companies/tpk-holding/,FALSE
http://dbpedia.org/resource/Macy's,http://www.forbes.com/companies/nordstrom/,FALSE
http://dbpedia.org/resource/Advanced_Global_Trading,http://www.forbes.com/companies/dp-world/,FALSE
http://dbpedia.org/resource/Merchant_International_Group,http://www.forbes.com/companies/babcock-international-group/,FALSE
http://dbpedia.org/resource/Mitsui_Oil_Exploration,http://www.forbes.com/companies/idemitsu-kosan/,FALSE
http://dbpedia.org/resource/REX_American_Resources,http://www.forbes.com/companies/antero-resources/,FALSE
http://dbpedia.org/resource/Xinjiang_Xinxin_Mining_Industry_Company,http://www.forbes.com/companies/zijin-mining-group/,FALSE
http://dbpedia.org/resource/Indian_Telephone_Industries_Limited,http://www.forbes.com/companies/telekom-indonesia/,FALSE
http://dbpedia.org/resource/Wistron_Corporation,http://www.forbes.com/companies/inventec/,FALSE
http://dbpedia.org/resource/Nanto_Bank,http://www.forbes.com/companies/awa-bank/,FALSE
http://dbpedia.org/resource/Kiatnakin_Bank,http://www.forbes.com/companies/bank-of-ayudhya/,FALSE
http://dbpedia.org/resource/Takken's_Shoes,http://www.forbes.com/companies/foot-locker/,FALSE
http://dbpedia.org/resource/Eletroacre,http://www.forbes.com/companies/weg/,FALSE
http://dbpedia.org/resource/Assetline,http://www.forbes.com/companies/amp/,FALSE
http://dbpedia.org/resource/Oki_Electric_Industry,http://www.forbes.com/companies/kyushu-electric-power/,FALSE
http://dbpedia.org/resource/Bank_of_Bahrain_and_Kuwait,http://www.forbes.com/companies/national-bank-of-kuwait/,FALSE
http://dbpedia.org/resource/Dansk_Supermarked_A/S,http://www.forbes.com/companies/dsv/,FALSE
http://dbpedia.org/resource/DI_Corporation,http://www.forbes.com/companies/kt-corp/,FALSE
http://dbpedia.org/resource/Duke_Energy,http://www.forbes.com/companies/wisconsin-energy/,FALSE
http://dbpedia.org/resource/Nitto_Denko,http://www.forbes.com/companies/nidec/,FALSE
http://dbpedia.org/resource/Groupe_BPCE,http://www.forbes.com/companies/societe-generale/,FALSE
http://dbpedia.org/resource/Okinawa_Electric_Power_Company,http://www.forbes.com/companies/hokkaido-electric-power/,FALSE
http://dbpedia.org/resource/First_Calgary_Financial,http://www.forbes.com/companies/e-l-financial/,FALSE
http://dbpedia.org/resource/United_World_Telecom,http://www.forbes.com/companies/time-warner/,FALSE
http://dbpedia.org/resource/Aircharter,http://www.forbes.com/companies/airgas/,FALSE
http://dbpedia.org/resource/Helsingin_Energia,http://www.forbes.com/companies/fortum/,FALSE
http://dbpedia.org/resource/China_Travel_International_Investment_Hong_Kong,http://www.forbes.com/companies/china-railway-group/,FALSE
http://dbpedia.org/resource/Aloha_Petroleum,http://www.forbes.com/companies/whiting-petroleum/,FALSE
http://dbpedia.org/resource/China_National_Offshore_Oil_Corporation,http://www.forbes.com/companies/petrochina/,FALSE
http://dbpedia.org/resource/Poly_Real_Estate,http://www.forbes.com/companies/new-world-development/,FALSE
http://dbpedia.org/resource/China_Metallurgical_Group_Corporation,http://www.forbes.com/companies/china-hongqiao-group/,FALSE
http://dbpedia.org/resource/Alinma_Bank,http://www.forbes.com/companies/samba-financial-group/,FALSE
http://dbpedia.org/resource/Carrefour_Planet,http://www.forbes.com/companies/carrefour/,FALSE
http://dbpedia.org/resource/Bangkok_Bank,http://www.forbes.com/companies/thanachart-capital/,FALSE
http://dbpedia.org/resource/Okinawa_Electric_Power_Company,http://www.forbes.com/companies/chubu-electric-power/,FALSE
http://dbpedia.org/resource/Dubai_Holding,http://www.forbes.com/companies/emirates-integrated-telecom/,FALSE
http://dbpedia.org/resource/COSCO_International_Holdings,http://www.forbes.com/companies/china-cosco-holdings/,FALSE
http://dbpedia.org/resource/GM_Korea,http://www.forbes.com/companies/dsme/,FALSE
http://dbpedia.org/resource/Hutchison_Whampoa_Property,http://www.forbes.com/companies/wheelock-co/,FALSE
http://dbpedia.org/resource/Western_Mining_Company,http://www.forbes.com/companies/yanzhou-coal-mining/,FALSE
http://dbpedia.org/resource/China_Resources_Enterprise,http://www.forbes.com/companies/chinese-estates/,FALSE
http://dbpedia.org/resource/Toshiba,http://www.forbes.com/companies/tdk/,FALSE
http://dbpedia.org/resource/Duvel_Moortgat_Brewery,http://www.forbes.com/companies/anheuser-busch-inbev/,FALSE
http://dbpedia.org/resource/White_Rock_Beverages,http://www.forbes.com/companies/monster-beverage/,FALSE
http://dbpedia.org/resource/Vermilion_Energy,http://www.forbes.com/companies/talisman-energy/,FALSE
http://dbpedia.org/resource/China_Power_International_Development,http://www.forbes.com/companies/huadian-power-international/,FALSE
http://dbpedia.org/resource/Techonomy_Media,http://www.forbes.com/companies/new-media-investment-group/,FALSE
http://dbpedia.org/resource/Product_Development_Technologies,http://www.forbes.com/companies/tech-data/,FALSE
http://dbpedia.org/resource/China_Construction_Bank,http://www.forbes.com/companies/bank-of-beijing/,FALSE
http://dbpedia.org/resource/Sumitomo_Chemical,http://www.forbes.com/companies/sumitomo-corp/,FALSE
http://dbpedia.org/resource/Yamaichi_Securities,http://www.forbes.com/companies/daiwa-securities/,FALSE
http://dbpedia.org/resource/Success_Automobile_Manufacturing_Company,http://www.forbes.com/companies/ford-motor/,FALSE
http://dbpedia.org/resource/U.S._HealthWorks,http://www.forbes.com/companies/labcorp/,FALSE
http://dbpedia.org/resource/CBS_Television_Distribution,http://www.forbes.com/companies/walt-disney/,FALSE
http://dbpedia.org/resource/Hebei_Iron_and_Steel,http://www.forbes.com/companies/angang-steel/,FALSE
http://dbpedia.org/resource/Ceres_Brewery,http://www.forbes.com/companies/carlsberg/,FALSE
http://dbpedia.org/resource/Unilever_Indonesia,http://www.forbes.com/companies/unilever/,FALSE
http://dbpedia.org/resource/Athens%E2%80%93Piraeus_Electric_Railways,http://www.forbes.com/companies/public-power/,FALSE
http://dbpedia.org/resource/TTX_Company,http://www.forbes.com/companies/tjx-cos/,FALSE
http://dbpedia.org/resource/Japan_Post_Insurance,http://www.forbes.com/companies/nksj-holdings/,FALSE
http://dbpedia.org/resource/Piraeus_Bank_Beograd,http://www.forbes.com/companies/piraeus-bank/,FALSE
http://dbpedia.org/resource/Wyndham_Capital_Mortgage,http://www.forbes.com/companies/wyndham-worldwide/,FALSE
http://dbpedia.org/resource/Hyundai_EP,http://www.forbes.com/companies/hyundai-engineering/,FALSE
http://dbpedia.org/resource/Emirates_Telecommunications_Corporation,http://www.forbes.com/companies/taqa/,FALSE
http://dbpedia.org/resource/Best_Buy,http://www.forbes.com/companies/best-buy/,TRUE
http://dbpedia.org/resource/QNB_Group,http://www.forbes.com/companies/qatar-national-bank/,TRUE
http://dbpedia.org/resource/Assurant,http://www.forbes.com/companies/assurant/,TRUE
http://dbpedia.org/resource/Catamaran_Corporation,http://www.forbes.com/companies/catamaran/,TRUE
http://dbpedia.org/resource/Hengan_International,http://www.forbes.com/companies/hengan-international-group/,TRUE
http://dbpedia.org/resource/Huadian_Power_International,http://www.forbes.com/companies/huadian-power-international/,TRUE
http://dbpedia.org/resource/Mail.Ru_Group,http://www.forbes.com/companies/mailru-group-ltd-sponsored-gdr-regs/,TRUE
http://dbpedia.org/resource/GE_Energy,http://www.forbes.com/companies/alliant-energy/,FALSE
http://dbpedia.org/resource/ATP_Oil_and_Gas,http://www.forbes.com/companies/schlumberger/,FALSE
http://dbpedia.org/resource/Westinghouse_Electric_Company,http://www.forbes.com/companies/aes/,FALSE
http://dbpedia.org/resource/Etos,http://www.forbes.com/companies/oci/,FALSE
http://dbpedia.org/resource/Banco_Bilbao_Vizcaya_Argentaria,http://www.forbes.com/companies/banco-popular-espanol/,FALSE
http://dbpedia.org/resource/Bank_of_Florida,http://www.forbes.com/companies/bbt/,FALSE
http://dbpedia.org/resource/Telio,http://www.forbes.com/companies/telenor/,FALSE
http://dbpedia.org/resource/CSG_Holding,http://www.forbes.com/companies/financial-street-holdings/,FALSE
http://dbpedia.org/resource/Almarai,http://www.forbes.com/companies/saudi-arabian-fertilizers/,FALSE
http://dbpedia.org/resource/Banco_AV_Villas,http://www.forbes.com/companies/bancolombia/,FALSE
http://dbpedia.org/resource/Banco_Gallego,http://www.forbes.com/companies/banco-popular-espanol/,FALSE
http://dbpedia.org/resource/GE_Healthcare,http://www.forbes.com/companies/tenet-healthcare/,FALSE
http://dbpedia.org/resource/Emirates_National_Oil_Company,http://www.forbes.com/companies/emirates-integrated-telecom/,FALSE
http://dbpedia.org/resource/BAE_Systems_Australia,http://www.forbes.com/companies/bae-systems/,FALSE
http://dbpedia.org/resource/Western_Mining_Company,http://www.forbes.com/companies/shaanxi-coal-industry/,FALSE
http://dbpedia.org/resource/Micro_Magic_Inc.,http://www.forbes.com/companies/microchip-technology/,FALSE
http://dbpedia.org/resource/TrustCo_Bank,http://www.forbes.com/companies/suntrust-banks/,FALSE
http://dbpedia.org/resource/Shuanghuan_Auto,http://www.forbes.com/companies/chongqing-changan-aut/,FALSE
http://dbpedia.org/resource/Combined_Insurance,http://www.forbes.com/companies/metlife/,FALSE
http://dbpedia.org/resource/Clearwire,http://www.forbes.com/companies/windstream/,FALSE
http://dbpedia.org/resource/China_Dongxiang,http://www.forbes.com/companies/dongfang-electric/,FALSE
http://dbpedia.org/resource/BioPharm_(US_company),http://www.forbes.com/companies/eli-lilly-co/,FALSE
http://dbpedia.org/resource/ACE_Limited,http://www.forbes.com/companies/abb/,FALSE
http://dbpedia.org/resource/Acer_Inc.,http://www.forbes.com/companies/asustek-computer/,FALSE
http://dbpedia.org/resource/Sumitomo_Mitsui_Financial_Group,http://www.forbes.com/companies/mitsubishi-ufj-financial/,FALSE
http://dbpedia.org/resource/Laurentian_Bank_of_Canada,http://www.forbes.com/companies/bank-of-montreal/,FALSE
http://dbpedia.org/resource/Kansas_City_Power_and_Light_Company,http://www.forbes.com/companies/xcel-energy/,FALSE
http://dbpedia.org/resource/Groupe_BPCE,http://www.forbes.com/companies/cic-group/,FALSE
http://dbpedia.org/resource/Dai-Ichi_Kangyo_Bank,http://www.forbes.com/companies/san-in-godo-bank/,FALSE
http://dbpedia.org/resource/BankBazaar,http://www.forbes.com/companies/bank-of-india/,FALSE
http://dbpedia.org/resource/Xinjiang_Xinxin_Mining_Industry_Company,http://www.forbes.com/companies/jiangxi-copper/,FALSE
http://dbpedia.org/resource/Japan_Post_Bank,http://www.forbes.com/companies/nanto-bank/,FALSE
http://dbpedia.org/resource/Viacom_International_Media_Networks_The_Americas,http://www.forbes.com/companies/scripps-networks-interactive/,FALSE
http://dbpedia.org/resource/Dubai_Islamic_Bank,http://www.forbes.com/companies/qatar-islamic-bank/,FALSE
http://dbpedia.org/resource/China_Oilfield_Services,http://www.forbes.com/companies/china-gezhouba/,FALSE
http://dbpedia.org/resource/Hongyuan_Securities,http://www.forbes.com/companies/haitong-securities/,FALSE
http://dbpedia.org/resource/Meiji_Holdings,http://www.forbes.com/companies/oji-holdings/,FALSE
http://dbpedia.org/resource/Changjiang_Securities,http://www.forbes.com/companies/gf-securities/,FALSE
http://dbpedia.org/resource/Electronics_for_Imaging,http://www.forbes.com/companies/avnet/,FALSE
http://dbpedia.org/resource/KEPCO_E&C,http://www.forbes.com/companies/gs-engineering/,FALSE
http://dbpedia.org/resource/Tangsteel,http://www.forbes.com/companies/shandong-iron-and-steel/,FALSE
http://dbpedia.org/resource/Great_Plains_Energy,http://www.forbes.com/companies/southwestern-energy/,FALSE
http://dbpedia.org/resource/Aerojet_Rocketdyne,http://www.forbes.com/companies/raytheon/,FALSE
http://dbpedia.org/resource/21st_Century_Fox,http://www.forbes.com/companies/news-corp/,FALSE
http://dbpedia.org/resource/Citibank,http://www.forbes.com/companies/cit-group/,FALSE
http://dbpedia.org/resource/IXYS_Corporation,http://www.forbes.com/companies/xilinx/,FALSE
http://dbpedia.org/resource/China_National_Heavy_Duty_Truck_Group,http://www.forbes.com/companies/csr/,FALSE
http://dbpedia.org/resource/Compa%C3%B1%C3%ADa_Espa%C3%B1ola_de_Petr%C3%B3leos,http://www.forbes.com/companies/repsol-ypf/,FALSE
http://dbpedia.org/resource/Japan_Post_Bank,http://www.forbes.com/companies/awa-bank/,FALSE
http://dbpedia.org/resource/Jiangling_Motors,http://www.forbes.com/companies/chongqing-changan-aut/,FALSE
http://dbpedia.org/resource/US_Foods,http://www.forbes.com/companies/kroger/,FALSE
http://dbpedia.org/resource/Nobel_Biocare,http://www.forbes.com/companies/novartis/,FALSE
http://dbpedia.org/resource/Citibank,http://www.forbes.com/companies/citigroup/,FALSE
http://dbpedia.org/resource/Aabar_Investments,http://www.forbes.com/companies/aldar-properties/,FALSE
http://dbpedia.org/resource/Kroger,http://www.forbes.com/companies/supervalu/,FALSE
http://dbpedia.org/resource/Renesas_Electronics,http://www.forbes.com/companies/keyence/,FALSE
"http://dbpedia.org/resource/Oil_City_Iron_Works,_Inc.",http://www.forbes.com/companies/us-steel/,FALSE
http://dbpedia.org/resource/Sanlu_Group,http://www.forbes.com/companies/sunac-china-holdings/,FALSE
http://dbpedia.org/resource/BankBazaar,http://www.forbes.com/companies/union-bank-of-india/,FALSE
http://dbpedia.org/resource/New_England_Coffee,http://www.forbes.com/companies/starbucks/,FALSE
http://dbpedia.org/resource/Central_Vermont_Public_Service,http://www.forbes.com/companies/public-service-enterprise/,FALSE
http://dbpedia.org/resource/People's_United_Bank,http://www.forbes.com/companies/city-national/,FALSE
http://dbpedia.org/resource/NextEra_Energy,http://www.forbes.com/companies/xcel-energy/,FALSE
http://dbpedia.org/resource/Shenzhen_International_Holdings,http://www.forbes.com/companies/sunac-china-holdings/,FALSE
"http://dbpedia.org/resource/Great_Northern_Brewery,_Dundalk",http://www.forbes.com/companies/diageo/,FALSE
http://dbpedia.org/resource/Tiger_Electronics,http://www.forbes.com/companies/tech-data/,FALSE
http://dbpedia.org/resource/Coca-Cola_Bottling_Company_of_Cape_Cod,http://www.forbes.com/companies/coca-cola/,FALSE
http://dbpedia.org/resource/NCG_Banco,http://www.forbes.com/companies/bankia/,FALSE
http://dbpedia.org/resource/China_Communications_Services_Corporation,http://www.forbes.com/companies/netease/,FALSE
http://dbpedia.org/resource/BioPharm_(US_company),http://www.forbes.com/companies/biogen-idec/,FALSE
http://dbpedia.org/resource/DFDS,http://www.forbes.com/companies/iss/,FALSE
http://dbpedia.org/resource/CITIC_Securities,http://www.forbes.com/companies/huatai-securities/,FALSE
http://dbpedia.org/resource/ImmunoGen,http://www.forbes.com/companies/amgen/,FALSE
http://dbpedia.org/resource/GenOn_Energy,http://www.forbes.com/companies/nextera-energy/,FALSE
http://dbpedia.org/resource/Media_Temple,http://www.forbes.com/companies/new-media-investment-group/,FALSE
http://dbpedia.org/resource/Bridge_Communications,http://www.forbes.com/companies/level-3-communications/,FALSE
http://dbpedia.org/resource/Northwestern_Bank,http://www.forbes.com/companies/east-west-bancorp/,FALSE
http://dbpedia.org/resource/Banca_Popolare_dell'Emilia_Romagna,http://www.forbes.com/companies/banco-popolare/,FALSE
http://dbpedia.org/resource/Miles_Electric_Vehicles,http://www.forbes.com/companies/tesla-motors/,FALSE
http://dbpedia.org/resource/Renesas_Electronics,http://www.forbes.com/companies/murata-manufacturing/,FALSE
http://dbpedia.org/resource/Sumitomo_Mitsui_Trust_Holdings,http://www.forbes.com/companies/mitsui-co/,FALSE
http://dbpedia.org/resource/Banco_Bilbao_Vizcaya_Argentaria,http://www.forbes.com/companies/banco-santander/,FALSE
http://dbpedia.org/resource/LINE_Corporation,http://www.forbes.com/companies/sony/,FALSE
http://dbpedia.org/resource/American_Honda_Motor_Company,http://www.forbes.com/companies/honda-motor/,FALSE
http://dbpedia.org/resource/Comg%C3%A1s,http://www.forbes.com/companies/cemig/,FALSE
http://dbpedia.org/resource/China_General_Nuclear_Power_Group,http://www.forbes.com/companies/guangdong-electric/,FALSE
http://dbpedia.org/resource/Mountain_National_Bank,http://www.forbes.com/companies/northern-trust/,FALSE
http://dbpedia.org/resource/Israel_Military_Industries,http://www.forbes.com/companies/israel-corp/,FALSE
http://dbpedia.org/resource/Integrated_Computer_Solutions,http://www.forbes.com/companies/linkedin/,FALSE
http://dbpedia.org/resource/Swiss_Life,http://www.forbes.com/companies/swiss-re/,FALSE
http://dbpedia.org/resource/MidAmerican_Energy_Company,http://www.forbes.com/companies/oge-energy/,FALSE
http://dbpedia.org/resource/Bank_of_Bahrain_and_Kuwait,http://www.forbes.com/companies/bank-of-queensland/,FALSE
http://dbpedia.org/resource/Ambit_Energy,http://www.forbes.com/companies/cms-energy/,FALSE
http://dbpedia.org/resource/Nitto_Denko,http://www.forbes.com/companies/nitto-denko/,TRUE
http://dbpedia.org/resource/Verisign,http://www.forbes.com/companies/verisign/,TRUE
http://dbpedia.org/resource/Westfield_Group,http://www.forbes.com/companies/westfield-group/,TRUE
http://dbpedia.org/resource/Sika_AG,http://www.forbes.com/companies/sika/,TRUE
http://dbpedia.org/resource/PGNiG,http://www.forbes.com/companies/pgnig-group/,TRUE
http://dbpedia.org/resource/Regionstog,http://www.forbes.com/companies/iss/,FALSE
http://dbpedia.org/resource/U.S._HealthWorks,http://www.forbes.com/companies/community-health-sys/,FALSE
http://dbpedia.org/resource/Westamerica_Bank,http://www.forbes.com/companies/comerica/,FALSE
http://dbpedia.org/resource/Telkom_Indonesia,http://www.forbes.com/companies/telecom-italia/,FALSE
http://dbpedia.org/resource/Huaneng_Power_International,http://www.forbes.com/companies/zhejiang-zheneng-electric-power/,FALSE
http://dbpedia.org/resource/Sumitomo_Chemical,http://www.forbes.com/companies/sumitomo-realty/,FALSE
http://dbpedia.org/resource/Bayer_Corporation,http://www.forbes.com/companies/merck-co/,FALSE
http://dbpedia.org/resource/Dai-Ichi_Kangyo_Bank,http://www.forbes.com/companies/chugoku-bank/,FALSE
http://dbpedia.org/resource/Kansas_City_Power_and_Light_Company,http://www.forbes.com/companies/ppl/,FALSE
http://dbpedia.org/resource/Abu_Dhabi_Commercial_Bank,http://www.forbes.com/companies/national-bank-of-abu-dhabi/,FALSE
http://dbpedia.org/resource/Dai-Ichi_Kangyo_Bank,http://www.forbes.com/companies/kagoshima-bank/,FALSE
http://dbpedia.org/resource/China_State_Construction_Engineering,http://www.forbes.com/companies/china-railway-construction/,FALSE
http://dbpedia.org/resource/Banco_Santander_Totta,http://www.forbes.com/companies/banco-bpi/,FALSE
http://dbpedia.org/resource/Champion_Energy,http://www.forbes.com/companies/firstenergy/,FALSE
http://dbpedia.org/resource/Hyundai_IHL,http://www.forbes.com/companies/hyundai-mobis/,FALSE
http://dbpedia.org/resource/Times_Media_Group,http://www.forbes.com/companies/naspers/,FALSE
http://dbpedia.org/resource/Lifepoint_Hospitals,http://www.forbes.com/companies/wellpoint/,FALSE
http://dbpedia.org/resource/Aero_Synergie,http://www.forbes.com/companies/air-liquide/,FALSE
http://dbpedia.org/resource/BSkyB,http://www.forbes.com/companies/liberty-global/,FALSE
http://dbpedia.org/resource/China_Merchants_Bank,http://www.forbes.com/companies/china-merchants-securities/,FALSE
http://dbpedia.org/resource/Changjiang_Securities,http://www.forbes.com/companies/china-merchants-securities/,FALSE
http://dbpedia.org/resource/Shanghai_Industrial_Holdings,http://www.forbes.com/companies/shanghai-pharmaceuticals/,FALSE
http://dbpedia.org/resource/Suntory,http://www.forbes.com/companies/kirin-holdings/,FALSE
http://dbpedia.org/resource/Comcast_Interactive_Media,http://www.forbes.com/companies/cc-media-holdings/,FALSE
http://dbpedia.org/resource/Safilo,http://www.forbes.com/companies/luxottica-group/,FALSE
http://dbpedia.org/resource/Guangzhou_Automobile_Industry_Group,http://www.forbes.com/companies/chongqing-changan-aut/,FALSE
http://dbpedia.org/resource/Prudential_Financial,http://www.forbes.com/companies/genworth-financial/,FALSE
http://dbpedia.org/resource/Alpura_(company),http://www.forbes.com/companies/alfa/,FALSE
http://dbpedia.org/resource/Bangkok_Bank,http://www.forbes.com/companies/bank-of-ayudhya/,FALSE
http://dbpedia.org/resource/China_International_Marine_Containers,http://www.forbes.com/companies/china-cosco-holdings/,FALSE
http://dbpedia.org/resource/Sharp_HealthCare,http://www.forbes.com/companies/tenet-healthcare/,FALSE
http://dbpedia.org/resource/First_American_International_Bank,http://www.forbes.com/companies/us-bancorp/,FALSE
http://dbpedia.org/resource/Fukui_Railway,http://www.forbes.com/companies/tokyu/,FALSE
http://dbpedia.org/resource/Selective_Insurance,http://www.forbes.com/companies/unum-group/,FALSE
http://dbpedia.org/resource/Crown_Media_Holdings,http://www.forbes.com/companies/cc-media-holdings/,FALSE
http://dbpedia.org/resource/Siliconware_Precision_Industries,http://www.forbes.com/companies/inventec/,FALSE
http://dbpedia.org/resource/Wuhan_Iron_and_Steel,http://www.forbes.com/companies/shandong-iron-and-steel/,FALSE
http://dbpedia.org/resource/Tokyo_Electron,http://www.forbes.com/companies/tokyo-electric-power/,FALSE
http://dbpedia.org/resource/NextEra_Energy,http://www.forbes.com/companies/firstenergy/,FALSE
http://dbpedia.org/resource/Preferred_Hotel_Group,http://www.forbes.com/companies/marriott-international/,FALSE
http://dbpedia.org/resource/Northeast_Bank,http://www.forbes.com/companies/regions-financial/,FALSE
http://dbpedia.org/resource/Standard_Chartered,http://www.forbes.com/companies/schroders/,FALSE
http://dbpedia.org/resource/Combined_Insurance,http://www.forbes.com/companies/american-equity-investment/,FALSE
http://dbpedia.org/resource/Pan_Am_Railways,http://www.forbes.com/companies/csx/,FALSE
http://dbpedia.org/resource/Walgreens,http://www.forbes.com/companies/cardinal-health/,FALSE
http://dbpedia.org/resource/The_Savola_Group,http://www.forbes.com/companies/almarai/,FALSE
http://dbpedia.org/resource/Daiichi_Kosho_Company,http://www.forbes.com/companies/daiichi-sankyo/,FALSE
http://dbpedia.org/resource/China_Construction_Bank,http://www.forbes.com/companies/agricultural-bank-of-china/,FALSE
http://dbpedia.org/resource/Shake_Shack,http://www.forbes.com/companies/mcdonalds/,FALSE
http://dbpedia.org/resource/Suez_Environnement,http://www.forbes.com/companies/veolia-environnement/,FALSE
http://dbpedia.org/resource/Sumitomo_Mitsui_Trust_Holdings,http://www.forbes.com/companies/nomura-holdings/,FALSE
http://dbpedia.org/resource/Korea_Coal_Corporation,http://www.forbes.com/companies/sk-holdings/,FALSE
http://dbpedia.org/resource/Wereldhave,http://www.forbes.com/companies/oci/,FALSE
http://dbpedia.org/resource/Shaanxi_Automobile_Group,http://www.forbes.com/companies/dongfeng-motor-group/,FALSE
http://dbpedia.org/resource/GE_Energy,http://www.forbes.com/companies/cvr-energy/,FALSE
http://dbpedia.org/resource/Pinnacle_Petroleum,http://www.forbes.com/companies/occidental-petroleum/,FALSE
http://dbpedia.org/resource/Micro_Magic_Inc.,http://www.forbes.com/companies/micron-technology/,FALSE
http://dbpedia.org/resource/Bank_of_Hamilton,http://www.forbes.com/companies/bank-of-nova-scotia/,FALSE
http://dbpedia.org/resource/NOVEC,http://www.forbes.com/companies/oci/,FALSE
http://dbpedia.org/resource/Banco_Santander_Totta,http://www.forbes.com/companies/banco-santander/,FALSE
http://dbpedia.org/resource/Valley_National_Bank,http://www.forbes.com/companies/svb-financial-group/,FALSE
http://dbpedia.org/resource/Sumitomo_Mitsui_Banking_Corporation,http://www.forbes.com/companies/sumitomo-corp/,FALSE
http://dbpedia.org/resource/Toyohashi_Railroad,http://www.forbes.com/companies/tobu-railway/,FALSE
http://dbpedia.org/resource/Vital_Pharmaceuticals,http://www.forbes.com/companies/forest-laboratories/,FALSE
http://dbpedia.org/resource/Chongqing_International_Construction_Corporation,http://www.forbes.com/companies/metallurgical-corp-of-china/,FALSE
http://dbpedia.org/resource/Roos_Instruments,http://www.forbes.com/companies/roper-inds/,FALSE
http://dbpedia.org/resource/Toyota_Motor_Manufacturing_Texas,http://www.forbes.com/companies/honda-motor/,FALSE
http://dbpedia.org/resource/Alinma_Bank,http://www.forbes.com/companies/saudi-british-bank/,FALSE
http://dbpedia.org/resource/BankUnited,http://www.forbes.com/companies/keycorp/,FALSE
http://dbpedia.org/resource/Warner-Amex_Satellite_Entertainment,http://www.forbes.com/companies/directv/,FALSE
http://dbpedia.org/resource/Petroleum_&_Resources_Corporation,http://www.forbes.com/companies/anadarko-petroleum/,FALSE
http://dbpedia.org/resource/Petroleum_&_Resources_Corporation,http://www.forbes.com/companies/occidental-petroleum/,FALSE
http://dbpedia.org/resource/Ping_An_Insurance,http://www.forbes.com/companies/china-taiping-insurance/,FALSE
http://dbpedia.org/resource/Sumitomo_Chemical,http://www.forbes.com/companies/mitsui-chemicals/,FALSE
http://dbpedia.org/resource/Bank_of_China,http://www.forbes.com/companies/bank-of-east-asia/,FALSE
http://dbpedia.org/resource/ATP_Oil_and_Gas,http://www.forbes.com/companies/exxon-mobil/,FALSE
http://dbpedia.org/resource/Belle-Vue_Brewery,http://www.forbes.com/companies/anheuser-busch-inbev/,FALSE
http://dbpedia.org/resource/Japan_Post_Bank,http://www.forbes.com/companies/juroku-bank/,FALSE
http://dbpedia.org/resource/Banco_de_Occidente,http://www.forbes.com/companies/banco-davivienda/,FALSE
http://dbpedia.org/resource/Korea_Plant_Service_&_Engineering,http://www.forbes.com/companies/doosan/,FALSE
http://dbpedia.org/resource/CPFL_Energia,http://www.forbes.com/companies/eletrobras/,FALSE
http://dbpedia.org/resource/Whole_Foods_Co-op,http://www.forbes.com/companies/supervalu/,FALSE
http://dbpedia.org/resource/Abu_Dhabi_Islamic_Bank,http://www.forbes.com/companies/national-bank-of-abu-dhabi/,FALSE
http://dbpedia.org/resource/People's_United_Bank,http://www.forbes.com/companies/pnc-financial-services/,FALSE
http://dbpedia.org/resource/China_Minmetals,http://www.forbes.com/companies/aluminum-corp-of-china/,FALSE
http://dbpedia.org/resource/Hong_Kong_Property_Services_(Agency),http://www.forbes.com/companies/franshion-properties-china/,FALSE
http://dbpedia.org/resource/Electronics_Design_Group,http://www.forbes.com/companies/tech-data/,FALSE
http://dbpedia.org/resource/The_Wharf_(Holdings),http://www.forbes.com/companies/hutchison-whampoa/,FALSE
http://dbpedia.org/resource/Jasper_Contractors,http://www.forbes.com/companies/jacobs-engineering/,FALSE
http://dbpedia.org/resource/OnGreen,http://www.forbes.com/companies/sl-green-realty/,FALSE
http://dbpedia.org/resource/Gerber_Life_Insurance_Company,http://www.forbes.com/companies/protective-life/,FALSE
http://dbpedia.org/resource/CORE_Health_Care,http://www.forbes.com/companies/stericycle/,FALSE
http://dbpedia.org/resource/Walker_Digital,http://www.forbes.com/companies/western-digital/,FALSE
http://dbpedia.org/resource/Banco_do_Brasil,http://www.forbes.com/companies/banco-bradesco/,FALSE
http://dbpedia.org/resource/Lee_Kum_Kee,http://www.forbes.com/companies/li-fung/,FALSE
http://dbpedia.org/resource/Yamada_Denki,http://www.forbes.com/companies/yamada-denki/,TRUE
http://dbpedia.org/resource/HollyFrontier,http://www.forbes.com/companies/hollyfrontier/,TRUE
http://dbpedia.org/resource/Costco,http://www.forbes.com/companies/costco-wholesale/,TRUE
http://dbpedia.org/resource/Petrobras,http://www.forbes.com/companies/petrobras/,TRUE
http://dbpedia.org/resource/Saras_S.p.A.,http://www.forbes.com/companies/saras/,TRUE
http://dbpedia.org/resource/China_Yangtze_Power,http://www.forbes.com/companies/china-yangtze-power/,TRUE
http://dbpedia.org/resource/Jarden,http://www.forbes.com/companies/jarden/,TRUE
http://dbpedia.org/resource/Andritz_AG,http://www.forbes.com/companies/andritz/,TRUE
http://dbpedia.org/resource/Brenntag,http://www.forbes.com/companies/brenntag/,TRUE
http://dbpedia.org/resource/China_Petrochemical_Corporation,http://www.forbes.com/companies/sinopec-china-petroleum/,TRUE
http://dbpedia.org/resource/Caesars_Entertainment_Inc.,http://www.forbes.com/companies/caesars-entertainment/,TRUE
http://dbpedia.org/resource/Changhong,http://www.forbes.com/companies/sichuan-changhong-electric/,TRUE
http://dbpedia.org/resource/Bank_of_the_Philippine_Islands,http://www.forbes.com/companies/bpi/,TRUE
http://dbpedia.org/resource/Keytrade_Bank,http://www.forbes.com/companies/banque-nationale-de-belgique/,FALSE
http://dbpedia.org/resource/RailAmerica,http://www.forbes.com/companies/union-pacific/,FALSE
http://dbpedia.org/resource/MortgageLoan,http://www.forbes.com/companies/peoples-united-financial/,FALSE
http://dbpedia.org/resource/People's_Insurance_Company_of_China,http://www.forbes.com/companies/china-life-insurance-taiwan/,FALSE
http://dbpedia.org/resource/China_Investment_Corporation,http://www.forbes.com/companies/china-merchants-securities/,FALSE
http://dbpedia.org/resource/Bank_of_Singapore,http://www.forbes.com/companies/oversea-chinese-banking/,FALSE
http://dbpedia.org/resource/Banco_Gallego,http://www.forbes.com/companies/liberbank/,FALSE
http://dbpedia.org/resource/Young_Broadcasting,http://www.forbes.com/companies/discovery-communications/,FALSE
http://dbpedia.org/resource/China_Petrochemical_Corporation,http://www.forbes.com/companies/china-national-chemical/,FALSE
http://dbpedia.org/resource/Dai-Ichi_Kangyo_Bank,http://www.forbes.com/companies/senshu-ikeda-holdings/,FALSE
http://dbpedia.org/resource/UK_Financial_Investments,http://www.forbes.com/companies/aberdeen-asset-management/,FALSE
http://dbpedia.org/resource/Harris_Technology,http://www.forbes.com/companies/harris/,FALSE
http://dbpedia.org/resource/CSG_Holding,http://www.forbes.com/companies/sdic-power-holdings/,FALSE
http://dbpedia.org/resource/Jackson_Automobile_Company,http://www.forbes.com/companies/ford-motor/,FALSE
http://dbpedia.org/resource/Anshan_Iron_&_Steel_Group_Corporation,http://www.forbes.com/companies/china-steel/,FALSE
http://dbpedia.org/resource/Meisei_Electric,http://www.forbes.com/companies/fuji-electric/,FALSE
http://dbpedia.org/resource/Bank_of_Yokohama,http://www.forbes.com/companies/bank-of-kyoto/,FALSE
http://dbpedia.org/resource/Silvercorp_Metals,http://www.forbes.com/companies/silver-wheaton/,FALSE
http://dbpedia.org/resource/Molson_Bank,http://www.forbes.com/companies/canadian-imperial-bank/,FALSE
http://dbpedia.org/resource/Telef%C3%B3nica_Telecom,http://www.forbes.com/companies/telefonica/,FALSE
http://dbpedia.org/resource/Bashneft,http://www.forbes.com/companies/rosneft/,FALSE
http://dbpedia.org/resource/Datong_Coal_Industry_Company_Limited,http://www.forbes.com/companies/datang-international-power/,FALSE
http://dbpedia.org/resource/Shuanghuan_Auto,http://www.forbes.com/companies/sinomach-automobile/,FALSE
http://dbpedia.org/resource/American_Television_Distribution,http://www.forbes.com/companies/time-warner/,FALSE
http://dbpedia.org/resource/Bank_of_China,http://www.forbes.com/companies/bank-of-chongqing/,FALSE
http://dbpedia.org/resource/ONE_Gas,http://www.forbes.com/companies/airgas/,FALSE
http://dbpedia.org/resource/Bank_of_Beijing,http://www.forbes.com/companies/agricultural-bank-of-china/,FALSE
http://dbpedia.org/resource/Chuck_E._Cheese's,http://www.forbes.com/companies/mcdonalds/,FALSE
http://dbpedia.org/resource/American_Public_Power_Association,http://www.forbes.com/companies/public-service-enterprise/,FALSE
http://dbpedia.org/resource/China_Construction_Bank,http://www.forbes.com/companies/china-merchants-bank/,FALSE
http://dbpedia.org/resource/Rosauers_Supermarkets,http://www.forbes.com/companies/supervalu/,FALSE
http://dbpedia.org/resource/Geniki_Bank,http://www.forbes.com/companies/alpha-bank/,FALSE
http://dbpedia.org/resource/Gatehouse_Bank,http://www.forbes.com/companies/hsbc-holdings/,FALSE
http://dbpedia.org/resource/UOB-Kay_Hian,http://www.forbes.com/companies/united-overseas-bank/,FALSE
http://dbpedia.org/resource/Detroit_Electric,http://www.forbes.com/companies/dte-energy/,FALSE
http://dbpedia.org/resource/Yunnan_Tin,http://www.forbes.com/companies/yunnan-yuntianhua/,FALSE
http://dbpedia.org/resource/First_American_International_Bank,http://www.forbes.com/companies/first-republic-bank/,FALSE
http://dbpedia.org/resource/The_Corporate_Group,http://www.forbes.com/companies/bt-group/,FALSE
http://dbpedia.org/resource/Banco_Bilbao_Vizcaya_Argentaria,http://www.forbes.com/companies/bankinter/,FALSE
http://dbpedia.org/resource/Metropolitan_Bank_Group,http://www.forbes.com/companies/us-bancorp/,FALSE
http://dbpedia.org/resource/China_Power_Investment_Corporation,http://www.forbes.com/companies/china-state-construction/,FALSE
http://dbpedia.org/resource/Israel_Weapon_Industries,http://www.forbes.com/companies/israel-corp/,FALSE
http://dbpedia.org/resource/Prudential_Financial,http://www.forbes.com/companies/prudential/,FALSE
http://dbpedia.org/resource/Nashville_Electric_Service,http://www.forbes.com/companies/ameren/,FALSE
"http://dbpedia.org/resource/Electron_Technologies,_Inc.",http://www.forbes.com/companies/agilent-technologies/,FALSE
http://dbpedia.org/resource/National_Shipping_Company_of_Saudi_Arabia,http://www.forbes.com/companies/saudi-telecom/,FALSE
http://dbpedia.org/resource/San_Diego_Gas_&_Electric,http://www.forbes.com/companies/duke-energy/,FALSE
http://dbpedia.org/resource/China_Shenhua_Energy_Company,http://www.forbes.com/companies/huaneng-power-international/,FALSE
http://dbpedia.org/resource/Nashville_Electric_Service,http://www.forbes.com/companies/public-service-enterprise/,FALSE
http://dbpedia.org/resource/Comcast_Interactive_Media,http://www.forbes.com/companies/scripps-networks-interactive/,FALSE
http://dbpedia.org/resource/Xcel_Energy,http://www.forbes.com/companies/cms-energy/,FALSE
http://dbpedia.org/resource/The_Emirates_Group,http://www.forbes.com/companies/emirates-integrated-telecom/,FALSE
http://dbpedia.org/resource/Haima_Automobile,http://www.forbes.com/companies/sinomach-automobile/,FALSE
http://dbpedia.org/resource/Multicultural_Broadcasting,http://www.forbes.com/companies/cc-media-holdings/,FALSE
http://dbpedia.org/resource/BioPharm_(US_company),http://www.forbes.com/companies/regeneron-pharmaceuticals/,FALSE
http://dbpedia.org/resource/Dollar_General,http://www.forbes.com/companies/dollar-tree/,FALSE
http://dbpedia.org/resource/ONE_Gas,http://www.forbes.com/companies/pge/,FALSE
http://dbpedia.org/resource/AmericInn,http://www.forbes.com/companies/marriott-international/,FALSE
http://dbpedia.org/resource/Combined_Insurance,http://www.forbes.com/companies/travelers-cos/,FALSE
http://dbpedia.org/resource/Delta_Electricity,http://www.forbes.com/companies/agl-energy/,FALSE
http://dbpedia.org/resource/Shenzhen_Overseas_Chinese_Town_Holding_Company,http://www.forbes.com/companies/shenzhen-overseas/,FALSE
http://dbpedia.org/resource/Local_TV,http://www.forbes.com/companies/directv/,FALSE
http://dbpedia.org/resource/Xcel_Energy,http://www.forbes.com/companies/alliant-energy/,FALSE
http://dbpedia.org/resource/Tata_Interactive_Systems,http://www.forbes.com/companies/tata-motors/,FALSE
http://dbpedia.org/resource/NB&T_Financial_Group,http://www.forbes.com/companies/svb-financial-group/,FALSE
http://dbpedia.org/resource/Nama_Chemicals,http://www.forbes.com/companies/saudi-basic-industries/,FALSE
http://dbpedia.org/resource/TransForce,http://www.forbes.com/companies/transcanada/,FALSE
http://dbpedia.org/resource/Energy_Brands,http://www.forbes.com/companies/oge-energy/,FALSE
http://dbpedia.org/resource/China_Southern_Power_Grid_Company,http://www.forbes.com/companies/gd-power-development/,FALSE
http://dbpedia.org/resource/Jack_Daniel's,http://www.forbes.com/companies/brown-forman/,FALSE
http://dbpedia.org/resource/Zonda_Telecom,http://www.forbes.com/companies/america-movil/,FALSE
http://dbpedia.org/resource/Duke_Energy,http://www.forbes.com/companies/ameren/,FALSE
http://dbpedia.org/resource/Samsung_Telecommunications,http://www.forbes.com/companies/samsung-electronics/,FALSE
http://dbpedia.org/resource/Fuji_Bank,http://www.forbes.com/companies/fukuoka-financial-group/,FALSE
http://dbpedia.org/resource/US_Foods,http://www.forbes.com/companies/safeway/,FALSE
http://dbpedia.org/resource/Ready_Financial,http://www.forbes.com/companies/bok-financial/,FALSE
http://dbpedia.org/resource/Dnata_Singapore,http://www.forbes.com/companies/singapore-airlines/,FALSE
http://dbpedia.org/resource/Toyohashi_Railroad,http://www.forbes.com/companies/central-japan-railway/,FALSE
http://dbpedia.org/resource/San_Diego_Gas_&_Electric,http://www.forbes.com/companies/entergy/,FALSE
http://dbpedia.org/resource/Kowloon%E2%80%93Canton_Railway_Corporation,http://www.forbes.com/companies/mtr/,FALSE
http://dbpedia.org/resource/Saudi_Oger,http://www.forbes.com/companies/saudi-telecom/,FALSE
http://dbpedia.org/resource/Buick,http://www.forbes.com/companies/general-motors/,FALSE
http://dbpedia.org/resource/China_Railway_Engineering_Corporation,http://www.forbes.com/companies/china-communications-construction/,FALSE
http://dbpedia.org/resource/Oklahoma_Gas_&_Electric,http://www.forbes.com/companies/xcel-energy/,FALSE
http://dbpedia.org/resource/Equity_Insurance_Group,http://www.forbes.com/companies/rsa-insurance-group/,FALSE
http://dbpedia.org/resource/Bancolombia,http://www.forbes.com/companies/banco-davivienda/,FALSE
http://dbpedia.org/resource/Abu_Dhabi_Commercial_Bank,http://www.forbes.com/companies/abu-dhabi-islamic-bank/,FALSE
http://dbpedia.org/resource/China_Oilfield_Services,http://www.forbes.com/companies/china-oilfield-service/,TRUE
http://dbpedia.org/resource/Energias_de_Portugal,http://www.forbes.com/companies/edp-energias-de-portugal/,TRUE
http://dbpedia.org/resource/Schindler_Group,http://www.forbes.com/companies/schindler-holding/,TRUE
http://dbpedia.org/resource/Want_Want_China,http://www.forbes.com/companies/want-want-china/,TRUE
http://dbpedia.org/resource/SAP_AG,http://www.forbes.com/companies/sap/,TRUE
http://dbpedia.org/resource/Cameco,http://www.forbes.com/companies/cameco/,TRUE
http://dbpedia.org/resource/Thales_Group,http://www.forbes.com/companies/thales/,TRUE
http://dbpedia.org/resource/China_Metallurgical_Group_Corporation,http://www.forbes.com/companies/metallurgical-corp-of-china/,TRUE
http://dbpedia.org/resource/Industrial_and_Commercial_Bank_of_China,http://www.forbes.com/companies/icbc/,TRUE
http://dbpedia.org/resource/Abu_Dhabi_Islamic_Bank,http://www.forbes.com/companies/ahli-united-bank/,FALSE
http://dbpedia.org/resource/Hokuriku_Electric_Power_Company,http://www.forbes.com/companies/kyushu-electric-power/,FALSE
http://dbpedia.org/resource/Ping_An_Insurance,http://www.forbes.com/companies/china-life-insurance/,FALSE
http://dbpedia.org/resource/Magnetek,http://www.forbes.com/companies/emerson-electric/,FALSE
http://dbpedia.org/resource/China_Pacific_Insurance,http://www.forbes.com/companies/ping-an-insurance/,FALSE
http://dbpedia.org/resource/Intact_Financial,http://www.forbes.com/companies/e-l-financial/,FALSE
http://dbpedia.org/resource/Xerox_DocuShare,http://www.forbes.com/companies/xerox/,FALSE
http://dbpedia.org/resource/China_National_Building_Material_Company,http://www.forbes.com/companies/bbmg/,FALSE
http://dbpedia.org/resource/Zions_Securities,http://www.forbes.com/companies/zions-bancorp/,FALSE
http://dbpedia.org/resource/Bayer_Corporation,http://www.forbes.com/companies/bristol-myers-squibb/,FALSE
http://dbpedia.org/resource/Shaanxi_Coal_and_Chemical_Industry,http://www.forbes.com/companies/shaanxi-coal-industry/,FALSE
http://dbpedia.org/resource/Koray_Holding,http://www.forbes.com/companies/sabanci-holding/,FALSE
http://dbpedia.org/resource/Harbor_Real_Estate,http://www.forbes.com/companies/emaar-properties/,FALSE
http://dbpedia.org/resource/Hyundai_Steel,http://www.forbes.com/companies/hyundai-motor/,FALSE
http://dbpedia.org/resource/Anheuser-Busch,http://www.forbes.com/companies/molson-coors-brewing/,FALSE
http://dbpedia.org/resource/Saudi_Binladin_Group,http://www.forbes.com/companies/saudi-basic-industries/,FALSE
http://dbpedia.org/resource/Vermilion_Energy,http://www.forbes.com/companies/pacific-rubiales-energy/,FALSE
http://dbpedia.org/resource/Telef%C3%B3nica_Germany,http://www.forbes.com/companies/deutsche-telekom/,FALSE
http://dbpedia.org/resource/Zotye_Auto,http://www.forbes.com/companies/sinomach-automobile/,FALSE
http://dbpedia.org/resource/Financial_Street_Holding,http://www.forbes.com/companies/sunac-china-holdings/,FALSE
http://dbpedia.org/resource/Xinjiang_Xinxin_Mining_Industry_Company,http://www.forbes.com/companies/shaanxi-coal-industry/,FALSE
http://dbpedia.org/resource/Dubai_International_Capital,http://www.forbes.com/companies/dubai-islamic-bank/,FALSE
http://dbpedia.org/resource/Cigital,http://www.forbes.com/companies/cognizant-technology/,FALSE
http://dbpedia.org/resource/China_Railway_Engineering_Corporation,http://www.forbes.com/companies/china-railway-construction/,FALSE
http://dbpedia.org/resource/Maanshan_Iron_and_Steel_Company,http://www.forbes.com/companies/fosun-international/,FALSE
http://dbpedia.org/resource/Texas_Memory_Systems,http://www.forbes.com/companies/texas-instruments/,FALSE
http://dbpedia.org/resource/Poly_Real_Estate,http://www.forbes.com/companies/sino-ocean-land-holdings/,FALSE
http://dbpedia.org/resource/Zabeel_Investments,http://www.forbes.com/companies/aldar-properties/,FALSE
http://dbpedia.org/resource/Suntory,http://www.forbes.com/companies/suntory-beverage-food/,FALSE
http://dbpedia.org/resource/CBS_Television_Distribution,http://www.forbes.com/companies/cablevision/,FALSE
http://dbpedia.org/resource/United_World_Telecom,http://www.forbes.com/companies/att/,FALSE
http://dbpedia.org/resource/Petrobras,http://www.forbes.com/companies/eletrobras/,FALSE
http://dbpedia.org/resource/Beijing_Enterprises,http://www.forbes.com/companies/china-resources-enterprise/,FALSE
http://dbpedia.org/resource/China_Recycling_Energy_Corporation,http://www.forbes.com/companies/metallurgical-corp-of-china/,FALSE
http://dbpedia.org/resource/Mizuho_Trust_&_Banking,http://www.forbes.com/companies/sumitomo-mitsui-trust/,FALSE
http://dbpedia.org/resource/Progress_Software,http://www.forbes.com/companies/microsoft/,FALSE
http://dbpedia.org/resource/Enel,http://www.forbes.com/companies/a2a/,FALSE
http://dbpedia.org/resource/Bank_of_Hamilton,http://www.forbes.com/companies/canadian-imperial-bank/,FALSE
http://dbpedia.org/resource/Korea_Plant_Service_&_Engineering,http://www.forbes.com/companies/ls-corp/,FALSE
http://dbpedia.org/resource/Advanced_Electronics_Company_Limited,http://www.forbes.com/companies/saudi-arabian-fertilizers/,FALSE
http://dbpedia.org/resource/Touchstone_Energy,http://www.forbes.com/companies/tesoro/,FALSE
http://dbpedia.org/resource/Kunlun_Energy,http://www.forbes.com/companies/china-resources-power/,FALSE
http://dbpedia.org/resource/Nega_Network,http://www.forbes.com/companies/sk-networks/,FALSE
http://dbpedia.org/resource/MidAmerican_Energy_Company,http://www.forbes.com/companies/cms-energy/,FALSE
http://dbpedia.org/resource/Advanced_Electronics_Company_Limited,http://www.forbes.com/companies/saudi-telecom/,FALSE
http://dbpedia.org/resource/Univision_Communications,http://www.forbes.com/companies/directv/,FALSE
http://dbpedia.org/resource/Buehler_Foods,http://www.forbes.com/companies/bunge/,FALSE
http://dbpedia.org/resource/Capital_Newspapers,http://www.forbes.com/companies/gannett/,FALSE
http://dbpedia.org/resource/Dongfeng_Yulon,http://www.forbes.com/companies/dongfeng-motor-group/,FALSE
http://dbpedia.org/resource/U.S._HealthWorks,http://www.forbes.com/companies/quest-diagnostics/,FALSE
http://dbpedia.org/resource/China_Railway_Construction_Corporation,http://www.forbes.com/companies/sinohydro-group/,FALSE
http://dbpedia.org/resource/BioPharm_(US_company),http://www.forbes.com/companies/illumina/,FALSE
http://dbpedia.org/resource/GE_Energy,http://www.forbes.com/companies/wisconsin-energy/,FALSE
http://dbpedia.org/resource/K's_Holdings_Corporation,http://www.forbes.com/companies/meiji-holdings/,FALSE
http://dbpedia.org/resource/China_Resources_Land,http://www.forbes.com/companies/china-fortune-land-development/,FALSE
http://dbpedia.org/resource/Westamerica_Bank,http://www.forbes.com/companies/signature-bank/,FALSE
http://dbpedia.org/resource/China_Shipbuilding_Industry_Corporation,http://www.forbes.com/companies/china-international-marine/,FALSE
http://dbpedia.org/resource/Assurant,http://www.forbes.com/companies/allstate/,FALSE
http://dbpedia.org/resource/Alpha_Bank_Skopje,http://www.forbes.com/companies/alpha-bank/,FALSE
http://dbpedia.org/resource/Oki_Electric_Industry,http://www.forbes.com/companies/electric-power-development/,FALSE
http://dbpedia.org/resource/Deere_(automobile),http://www.forbes.com/companies/deere-co/,FALSE
http://dbpedia.org/resource/Carbon_Motors_Corporation,http://www.forbes.com/companies/tesla-motors/,FALSE
http://dbpedia.org/resource/Monster_Beverage,http://www.forbes.com/companies/constellation-brands/,FALSE
http://dbpedia.org/resource/Xcel_Energy,http://www.forbes.com/companies/ameren/,FALSE
http://dbpedia.org/resource/People's_Insurance_Company_of_China,http://www.forbes.com/companies/peoples-insurance-company/,FALSE
http://dbpedia.org/resource/Hisense,http://www.forbes.com/companies/qingdao-haier/,FALSE
http://dbpedia.org/resource/MidAmerican_Energy_Company,http://www.forbes.com/companies/wisconsin-energy/,FALSE
http://dbpedia.org/resource/GenOn_Energy,http://www.forbes.com/companies/nrg-energy/,FALSE
http://dbpedia.org/resource/Euromarch%C3%A9,http://www.forbes.com/companies/carrefour/,FALSE
http://dbpedia.org/resource/CITIC_Group,http://www.forbes.com/companies/china-citic-bank/,FALSE
http://dbpedia.org/resource/Gigabyte_Technology,http://www.forbes.com/companies/inventec/,FALSE
http://dbpedia.org/resource/Coca-Cola_Bottling_Company_of_Cape_Cod,http://www.forbes.com/companies/coca-cola-enterprises/,FALSE
http://dbpedia.org/resource/US_Cable,http://www.forbes.com/companies/scripps-networks-interactive/,FALSE
http://dbpedia.org/resource/Fidelity_&_Guaranty_Life,http://www.forbes.com/companies/unum-group/,FALSE
http://dbpedia.org/resource/China_Southern_Power_Grid_Company,http://www.forbes.com/companies/china-resources-power/,FALSE
http://dbpedia.org/resource/Tsugaru_Railway_Company,http://www.forbes.com/companies/tokyu/,FALSE
http://dbpedia.org/resource/Shandong_Energy,http://www.forbes.com/companies/zhejiang-zheneng-electric-power/,FALSE
http://dbpedia.org/resource/Bank_of_Beijing,http://www.forbes.com/companies/icbc/,FALSE
http://dbpedia.org/resource/Samsung_Telecommunications,http://www.forbes.com/companies/sk-telecom/,FALSE
http://dbpedia.org/resource/Banco_Etcheverr%C3%ADa,http://www.forbes.com/companies/banco-popular-espanol/,FALSE
http://dbpedia.org/resource/Zotye_Auto,http://www.forbes.com/companies/chongqing-changan-aut/,FALSE
http://dbpedia.org/resource/Amkor_Technology,http://www.forbes.com/companies/akamai-technologies/,FALSE
http://dbpedia.org/resource/Kerry_Properties,http://www.forbes.com/companies/chinese-estates/,FALSE
http://dbpedia.org/resource/Valley_National_Bank,http://www.forbes.com/companies/northern-trust/,FALSE
http://dbpedia.org/resource/ATP_Oil_and_Gas,http://www.forbes.com/companies/williams-cos/,FALSE
http://dbpedia.org/resource/China_State_Construction_Engineering,http://www.forbes.com/companies/china-national-chemical/,FALSE
http://dbpedia.org/resource/Panzhihua_New_Steel_and_Vanadium,http://www.forbes.com/companies/shandong-iron-and-steel/,FALSE
http://dbpedia.org/resource/Televes,http://www.forbes.com/companies/telefonica/,FALSE
http://dbpedia.org/resource/NextEra_Energy,http://www.forbes.com/companies/aes/,FALSE
http://dbpedia.org/resource/Aloha_Petroleum,http://www.forbes.com/companies/pbf-energy/,FALSE
http://dbpedia.org/resource/Daiichi_Kosho_Company,http://www.forbes.com/companies/tosoh/,FALSE
http://dbpedia.org/resource/Akbank,http://www.forbes.com/companies/akbank/,TRUE
http://dbpedia.org/resource/Shiseido,http://www.forbes.com/companies/shiseido/,TRUE
http://dbpedia.org/resource/BYD_Company,http://www.forbes.com/companies/byd/,TRUE
http://dbpedia.org/resource/The_Swatch_Group,http://www.forbes.com/companies/swatch-group/,TRUE
http://dbpedia.org/resource/News_Corp,http://www.forbes.com/companies/news-corp/,TRUE
http://dbpedia.org/resource/Gree_Electric,http://www.forbes.com/companies/gree-electric-appliances/,TRUE
http://dbpedia.org/resource/Dongfeng_Motor,http://www.forbes.com/companies/dongfeng-motor-group/,TRUE
http://dbpedia.org/resource/Orange_(telecommunications),http://www.forbes.com/companies/france-telecom/,TRUE
http://dbpedia.org/resource/Lindt_&_Spr%C3%BCngli,http://www.forbes.com/companies/lindt-sprungli/,TRUE
http://dbpedia.org/resource/Anglo_American_plc,http://www.forbes.com/companies/anglo-american/,TRUE
http://dbpedia.org/resource/Centon_Electronics,http://www.forbes.com/companies/avnet/,FALSE
http://dbpedia.org/resource/BYD_Auto,http://www.forbes.com/companies/dongfeng-motor-group/,FALSE
http://dbpedia.org/resource/Lundin_Mining,http://www.forbes.com/companies/first-quantum-minerals/,FALSE
http://dbpedia.org/resource/Delta_Electronics,http://www.forbes.com/companies/flextronics-international/,FALSE
http://dbpedia.org/resource/Noble_Energy,http://www.forbes.com/companies/devon-energy/,FALSE
http://dbpedia.org/resource/Staple_Design,http://www.forbes.com/companies/staples/,FALSE
http://dbpedia.org/resource/Toyo_Tire_&_Rubber_Company,http://www.forbes.com/companies/bridgestone/,FALSE
http://dbpedia.org/resource/Aegean_Marine_Petroleum_Network,http://www.forbes.com/companies/hellenic-petroleum/,FALSE
http://dbpedia.org/resource/Jiangling_Motors,http://www.forbes.com/companies/dongfeng-motor-group/,FALSE
http://dbpedia.org/resource/Basilea_Pharmaceutica,http://www.forbes.com/companies/actelion/,FALSE
http://dbpedia.org/resource/Techtronic_Industries,http://www.forbes.com/companies/boe-technology-group/,FALSE
http://dbpedia.org/resource/Echizen_Railway,http://www.forbes.com/companies/west-japan-railway/,FALSE
http://dbpedia.org/resource/Bankrate,http://www.forbes.com/companies/city-national/,FALSE
http://dbpedia.org/resource/NextEra_Energy,http://www.forbes.com/companies/public-service-enterprise/,FALSE
http://dbpedia.org/resource/General_Motors_South_Africa,http://www.forbes.com/companies/general-motors/,FALSE
http://dbpedia.org/resource/Elitegroup_Computer_Systems,http://www.forbes.com/companies/lenovo-group/,FALSE
http://dbpedia.org/resource/Parkway_Properties,http://www.forbes.com/companies/simon-property-group/,FALSE
http://dbpedia.org/resource/BioLegend,http://www.forbes.com/companies/amgen/,FALSE
http://dbpedia.org/resource/Bankrate,http://www.forbes.com/companies/bok-financial/,FALSE
http://dbpedia.org/resource/Bank_of_Taizhou,http://www.forbes.com/companies/bank-of-nanjing/,FALSE
http://dbpedia.org/resource/Mitsubishi_UFJ_Financial_Group,http://www.forbes.com/companies/mitsubishi-corp/,FALSE
http://dbpedia.org/resource/Mitsui_Oil_Exploration,http://www.forbes.com/companies/mitsui-chemicals/,FALSE
http://dbpedia.org/resource/ICT_Group,http://www.forbes.com/companies/interpublic-group/,FALSE
http://dbpedia.org/resource/Duke_Energy,http://www.forbes.com/companies/cms-energy/,FALSE
http://dbpedia.org/resource/Investors_Bank,http://www.forbes.com/companies/us-bancorp/,FALSE
http://dbpedia.org/resource/Bajaj_Group,http://www.forbes.com/companies/bajaj-auto/,FALSE
http://dbpedia.org/resource/McDonald's_Canada,http://www.forbes.com/companies/empire/,FALSE
http://dbpedia.org/resource/Investors_Bank,http://www.forbes.com/companies/invesco/,FALSE
http://dbpedia.org/resource/West_Coast_Bancorp,http://www.forbes.com/companies/keycorp/,FALSE
http://dbpedia.org/resource/CR_Brands,http://www.forbes.com/companies/l-brands/,FALSE
http://dbpedia.org/resource/China_State_Construction_International_Holdings,http://www.forbes.com/companies/china-merchants-securities/,FALSE
http://dbpedia.org/resource/Shaanxi_Coal_and_Chemical_Industry,http://www.forbes.com/companies/yang-quan-coal-industry/,FALSE
http://dbpedia.org/resource/Kelly_Services,http://www.forbes.com/companies/cognizant-technology/,FALSE
http://dbpedia.org/resource/Western_Digital,http://www.forbes.com/companies/sandisk/,FALSE
http://dbpedia.org/resource/Petroleum_&_Resources_Corporation,http://www.forbes.com/companies/range-resources/,FALSE
http://dbpedia.org/resource/W%C3%A4rtsil%C3%A4_Marine,http://www.forbes.com/companies/wartsila/,FALSE
http://dbpedia.org/resource/Intermountain_Healthcare,http://www.forbes.com/companies/tenet-healthcare/,FALSE
http://dbpedia.org/resource/China_State_Construction_Engineering,http://www.forbes.com/companies/china-gezhouba/,FALSE
http://dbpedia.org/resource/Profit_Investment_Management,http://www.forbes.com/companies/cme-group/,FALSE
http://dbpedia.org/resource/Shandong_Energy,http://www.forbes.com/companies/china-shenhua-energy/,FALSE
http://dbpedia.org/resource/China_Pacific_Insurance,http://www.forbes.com/companies/cathay-financial/,FALSE
http://dbpedia.org/resource/Jerry's_Foods,http://www.forbes.com/companies/jm-smucker/,FALSE
http://dbpedia.org/resource/Bank_of_China,http://www.forbes.com/companies/bank-of-beijing/,FALSE
http://dbpedia.org/resource/Uni-President_China,http://www.forbes.com/companies/uni-president/,FALSE
http://dbpedia.org/resource/Dongfeng_Motor,http://www.forbes.com/companies/byd/,FALSE
http://dbpedia.org/resource/Imperial_Tobacco,http://www.forbes.com/companies/lorillard/,FALSE
http://dbpedia.org/resource/Supercoop,http://www.forbes.com/companies/oci/,FALSE
http://dbpedia.org/resource/OfficeMax,http://www.forbes.com/companies/staples/,FALSE
http://dbpedia.org/resource/China_National_Offshore_Oil_Corporation,http://www.forbes.com/companies/sinopec-china-petroleum/,FALSE
http://dbpedia.org/resource/Union_National_Bank,http://www.forbes.com/companies/ahli-united-bank/,FALSE
http://dbpedia.org/resource/Inventec,http://www.forbes.com/companies/quanta-computer/,FALSE
http://dbpedia.org/resource/AVI_Foodsystems,http://www.forbes.com/companies/conagra-foods/,FALSE
http://dbpedia.org/resource/Xishan_Coal_and_Electricity_Power,http://www.forbes.com/companies/china-yangtze-power/,FALSE
http://dbpedia.org/resource/AppDynamics,http://www.forbes.com/companies/amdocs/,FALSE
http://dbpedia.org/resource/Steel_Dynamics,http://www.forbes.com/companies/us-steel/,FALSE
http://dbpedia.org/resource/China_Life_Insurance_Company_(Taiwan),http://www.forbes.com/companies/shin-kong-financial/,FALSE
http://dbpedia.org/resource/Mitsubishi_UFJ_NICOS,http://www.forbes.com/companies/mitsubishi-ufj-financial/,FALSE
http://dbpedia.org/resource/Palm_Breweries,http://www.forbes.com/companies/anheuser-busch-inbev/,FALSE
http://dbpedia.org/resource/China_Southern_Power_Grid_Company,http://www.forbes.com/companies/huadian-power-international/,FALSE
http://dbpedia.org/resource/Krung_Thai_Bank,http://www.forbes.com/companies/siam-commercial-bank/,FALSE
http://dbpedia.org/resource/Abu_Dhabi_National_Oil_Company,http://www.forbes.com/companies/national-bank-of-abu-dhabi/,FALSE
http://dbpedia.org/resource/Ace_Hardware,http://www.forbes.com/companies/arrow-electronics/,FALSE
http://dbpedia.org/resource/China_Railway_Corporation,http://www.forbes.com/companies/china-railway-group/,FALSE
http://dbpedia.org/resource/Kelly_Services,http://www.forbes.com/companies/manpower/,FALSE
http://dbpedia.org/resource/EVGA_Corporation,http://www.forbes.com/companies/nvidia/,FALSE
http://dbpedia.org/resource/White_Motor_Company,http://www.forbes.com/companies/ford-motor/,FALSE
http://dbpedia.org/resource/Mayfran_International,http://www.forbes.com/companies/fmc/,FALSE
http://dbpedia.org/resource/Aviation_Technology_Group,http://www.forbes.com/companies/boeing/,FALSE
http://dbpedia.org/resource/Dansk_Supermarked_A/S,http://www.forbes.com/companies/iss/,FALSE
http://dbpedia.org/resource/Yokohama_Rubber_Company,http://www.forbes.com/companies/sumitomo-rubber/,FALSE
http://dbpedia.org/resource/Lux_Capital,http://www.forbes.com/companies/american-capital-agency/,FALSE
http://dbpedia.org/resource/Disney_Television_Animation,http://www.forbes.com/companies/walt-disney/,FALSE
http://dbpedia.org/resource/Istithmar_World,http://www.forbes.com/companies/dp-world/,FALSE
http://dbpedia.org/resource/Foodworks,http://www.forbes.com/companies/wesfarmers/,FALSE
http://dbpedia.org/resource/Metro_Bank_(United_Kingdom),http://www.forbes.com/companies/standard-chartered/,FALSE
http://dbpedia.org/resource/Banco_do_Brasil,http://www.forbes.com/companies/bmf-bovespa/,FALSE
http://dbpedia.org/resource/Tokyo_Electron,http://www.forbes.com/companies/keyence/,FALSE
http://dbpedia.org/resource/Hutchison_Whampoa_Property,http://www.forbes.com/companies/soho-china/,FALSE
http://dbpedia.org/resource/African_Metals_Corporation,http://www.forbes.com/companies/goldcorp/,FALSE
http://dbpedia.org/resource/Delta_Electronics,http://www.forbes.com/companies/arrow-electronics/,FALSE
http://dbpedia.org/resource/Saks_Fifth_Avenue,http://www.forbes.com/companies/nordstrom/,FALSE
http://dbpedia.org/resource/Grand_Union_(supermarket),http://www.forbes.com/companies/whole-foods-market/,FALSE
http://dbpedia.org/resource/Churchill_Insurance_Company,http://www.forbes.com/companies/aviva/,FALSE
http://dbpedia.org/resource/Motorola_Mobility,http://www.forbes.com/companies/motorola-solutions/,FALSE
http://dbpedia.org/resource/People's_United_Bank,http://www.forbes.com/companies/bank-of-america/,FALSE
http://dbpedia.org/resource/Mitsubishi_Corporation,http://www.forbes.com/companies/mitsubishi-chemical/,FALSE
http://dbpedia.org/resource/Amdahl_Corporation,http://www.forbes.com/companies/amdocs/,FALSE
http://dbpedia.org/resource/PNC_Financial_Services,http://www.forbes.com/companies/capital-one-financial/,FALSE
http://dbpedia.org/resource/Lafarge_Tarmac,http://www.forbes.com/companies/lafarge/,FALSE
http://dbpedia.org/resource/China_Travel_International_Investment_Hong_Kong,http://www.forbes.com/companies/hong-kong-exchanges/,FALSE
http://dbpedia.org/resource/Viacom_International,http://www.forbes.com/companies/viacom/,TRUE
http://dbpedia.org/resource/Fortum,http://www.forbes.com/companies/fortum/,TRUE
http://dbpedia.org/resource/Acer_Inc.,http://www.forbes.com/companies/acer/,TRUE
http://dbpedia.org/resource/Eni,http://www.forbes.com/companies/eni/,TRUE
http://dbpedia.org/resource/Great_Wall_Motors,http://www.forbes.com/companies/great-wall-motor/,TRUE
http://dbpedia.org/resource/Agile_Property,http://www.forbes.com/companies/agile-property-holdings/,TRUE
http://dbpedia.org/resource/NSK_Ltd.,http://www.forbes.com/companies/nsk/,TRUE
http://dbpedia.org/resource/Shanghai_Electric,http://www.forbes.com/companies/shanghai-electric-group/,TRUE
http://dbpedia.org/resource/Viacom_International_Media_Networks_The_Americas,http://www.forbes.com/companies/viacom/,TRUE
http://dbpedia.org/resource/Hyundai_Motor_America,http://www.forbes.com/companies/hyundai-motor/,FALSE
http://dbpedia.org/resource/African_Metals_Corporation,http://www.forbes.com/companies/cameco/,FALSE
http://dbpedia.org/resource/Pioneer_Services,http://www.forbes.com/companies/pioneer-natural-resources/,FALSE
http://dbpedia.org/resource/Yunnan_Copper,http://www.forbes.com/companies/jiangxi-copper/,FALSE
http://dbpedia.org/resource/AES_Eletropaulo,http://www.forbes.com/companies/eletrobras/,FALSE
http://dbpedia.org/resource/Hellenic_Petroleum,http://www.forbes.com/companies/public-power/,FALSE
http://dbpedia.org/resource/Fukui_Railway,http://www.forbes.com/companies/west-japan-railway/,FALSE
http://dbpedia.org/resource/Japan_Atomic_Power_Company,http://www.forbes.com/companies/kansai-electric-power/,FALSE
http://dbpedia.org/resource/Indian_Telephone_Industries_Limited,http://www.forbes.com/companies/itc/,FALSE
http://dbpedia.org/resource/Panzhihua_New_Steel_and_Vanadium,http://www.forbes.com/companies/hebei-iron-steel/,FALSE
http://dbpedia.org/resource/Hyundai_IHL,http://www.forbes.com/companies/hyundai-steel/,FALSE
http://dbpedia.org/resource/United_Bank_(Atlanta_metropolitan_area),http://www.forbes.com/companies/city-national/,FALSE
http://dbpedia.org/resource/Al_Shoula_Group,http://www.forbes.com/companies/saudi-telecom/,FALSE
http://dbpedia.org/resource/BankUnited,http://www.forbes.com/companies/peoples-united-financial/,FALSE
http://dbpedia.org/resource/EverBank,http://www.forbes.com/companies/bbt/,FALSE
http://dbpedia.org/resource/Asurion,http://www.forbes.com/companies/assurant/,FALSE
http://dbpedia.org/resource/IBM_Internet_Security_Systems,http://www.forbes.com/companies/symantec/,FALSE
http://dbpedia.org/resource/Alfa_Group,http://www.forbes.com/companies/alfa/,FALSE
http://dbpedia.org/resource/21st_Century_Insurance,http://www.forbes.com/companies/protective-life/,FALSE
http://dbpedia.org/resource/K's_Holdings_Corporation,http://www.forbes.com/companies/jx-holdings/,FALSE
http://dbpedia.org/resource/Oregon_Iron_Works,http://www.forbes.com/companies/us-steel/,FALSE
http://dbpedia.org/resource/Hyundai_IHL,http://www.forbes.com/companies/hyundai-motor/,FALSE
http://dbpedia.org/resource/Communications_Corporation_of_America,http://www.forbes.com/companies/cc-media-holdings/,FALSE
http://dbpedia.org/resource/Think_Mutual_Bank,http://www.forbes.com/companies/us-bancorp/,FALSE
http://dbpedia.org/resource/British_Insurance,http://www.forbes.com/companies/prudential/,FALSE
http://dbpedia.org/resource/Old_Dominion_Electric_Cooperative,http://www.forbes.com/companies/dominion-resources/,FALSE
http://dbpedia.org/resource/ST-Ericsson,http://www.forbes.com/companies/te-connectivity/,FALSE
http://dbpedia.org/resource/Fidelity_&_Guaranty_Life,http://www.forbes.com/companies/fidelity-national-financial/,FALSE
http://dbpedia.org/resource/CBS_Outdoor,http://www.forbes.com/companies/news-corp/,FALSE
http://dbpedia.org/resource/Tokyo_Star_Bank,http://www.forbes.com/companies/tomony-holdings/,FALSE
http://dbpedia.org/resource/Westamerica_Bank,http://www.forbes.com/companies/east-west-bancorp/,FALSE
http://dbpedia.org/resource/Mitsubishi_Corporation,http://www.forbes.com/companies/mitsubishi-electric/,FALSE
http://dbpedia.org/resource/Mercantile_Discount_Bank,http://www.forbes.com/companies/israel-discount-bank/,FALSE
http://dbpedia.org/resource/Profit_Investment_Management,http://www.forbes.com/companies/berkshire-hathaway/,FALSE
http://dbpedia.org/resource/Prime_Restaurants,http://www.forbes.com/companies/tim-hortons/,FALSE
http://dbpedia.org/resource/ThyssenKrupp_Marine_Systems,http://www.forbes.com/companies/thyssenkrupp-group/,FALSE
http://dbpedia.org/resource/BankUnited,http://www.forbes.com/companies/east-west-bancorp/,FALSE
http://dbpedia.org/resource/Coca-Cola_Amatil,http://www.forbes.com/companies/coca-cola/,FALSE
http://dbpedia.org/resource/Kessel_Food_Markets,http://www.forbes.com/companies/whole-foods-market/,FALSE
http://dbpedia.org/resource/Crown_International,http://www.forbes.com/companies/crown-castle-international/,FALSE
http://dbpedia.org/resource/Toyohashi_Railroad,http://www.forbes.com/companies/tokyu/,FALSE
http://dbpedia.org/resource/Toyo_Tire_&_Rubber_Company,http://www.forbes.com/companies/toyota-motor/,FALSE
http://dbpedia.org/resource/China_Metal_Recycling,http://www.forbes.com/companies/minmetals-development/,FALSE
http://dbpedia.org/resource/Silver_Standard_Resources,http://www.forbes.com/companies/silver-wheaton/,FALSE
http://dbpedia.org/resource/Panzhihua_New_Steel_and_Vanadium,http://www.forbes.com/companies/shanxi-taigang-stainless/,FALSE
http://dbpedia.org/resource/Koray_Holding,http://www.forbes.com/companies/koc-holding/,FALSE
http://dbpedia.org/resource/Tauron_Group,http://www.forbes.com/companies/pgnig-group/,FALSE
http://dbpedia.org/resource/Selective_Insurance,http://www.forbes.com/companies/american-equity-investment/,FALSE
http://dbpedia.org/resource/Duke_Energy,http://www.forbes.com/companies/public-service-enterprise/,FALSE
http://dbpedia.org/resource/Hokkaido_Bank,http://www.forbes.com/companies/shikoku-bank/,FALSE
http://dbpedia.org/resource/Prudential_Financial,http://www.forbes.com/companies/assurant/,FALSE
http://dbpedia.org/resource/Qualcomm,http://www.forbes.com/companies/intel/,FALSE
http://dbpedia.org/resource/Pay_'n_Save,http://www.forbes.com/companies/target/,FALSE
http://dbpedia.org/resource/Petroleum_&_Resources_Corporation,http://www.forbes.com/companies/pbf-energy/,FALSE
http://dbpedia.org/resource/Mudan_Auto,http://www.forbes.com/companies/chongqing-changan-aut/,FALSE
http://dbpedia.org/resource/GE_Energy,http://www.forbes.com/companies/cms-energy/,FALSE
http://dbpedia.org/resource/LINE_Corporation,http://www.forbes.com/companies/kao-corp/,FALSE
http://dbpedia.org/resource/China_Merchants_Holdings_(International),http://www.forbes.com/companies/china-cosco-holdings/,FALSE
http://dbpedia.org/resource/Arab_Media_Group,http://www.forbes.com/companies/emirates-integrated-telecom/,FALSE
http://dbpedia.org/resource/Casella_Waste_Systems,http://www.forbes.com/companies/waste-management/,FALSE
http://dbpedia.org/resource/KCC_Corporation,http://www.forbes.com/companies/ls-corp/,FALSE
http://dbpedia.org/resource/Profit_Investment_Management,http://www.forbes.com/companies/goldman-sachs-group/,FALSE
http://dbpedia.org/resource/Shanghai_Electric,http://www.forbes.com/companies/sichuan-changhong-electric/,FALSE
http://dbpedia.org/resource/Star_One_(satellite_operator),http://www.forbes.com/companies/oi/,FALSE
http://dbpedia.org/resource/Coles_Supermarkets,http://www.forbes.com/companies/woolworths/,FALSE
http://dbpedia.org/resource/Ameresco,http://www.forbes.com/companies/scana/,FALSE
http://dbpedia.org/resource/Hokkaido_Bank,http://www.forbes.com/companies/hokuhoku-financial-group/,FALSE
http://dbpedia.org/resource/Bank_of_Ningbo,http://www.forbes.com/companies/bank-of-beijing/,FALSE
http://dbpedia.org/resource/EverBank,http://www.forbes.com/companies/city-national/,FALSE
http://dbpedia.org/resource/Angang_Steel_Company,http://www.forbes.com/companies/hebei-iron-steel/,FALSE
http://dbpedia.org/resource/First_Midwest_Bancorp,http://www.forbes.com/companies/east-west-bancorp/,FALSE
http://dbpedia.org/resource/Turner_Construction,http://www.forbes.com/companies/urs/,FALSE
http://dbpedia.org/resource/Zhaojin_Mining,http://www.forbes.com/companies/zijin-mining-group/,FALSE
http://dbpedia.org/resource/United_Uranium,http://www.forbes.com/companies/cameco/,FALSE
http://dbpedia.org/resource/Sharp_HealthCare,http://www.forbes.com/companies/cerner/,FALSE
http://dbpedia.org/resource/Local_TV,http://www.forbes.com/companies/time-warner-cable/,FALSE
http://dbpedia.org/resource/AH_Basic,http://www.forbes.com/companies/oci/,FALSE
http://dbpedia.org/resource/Shandong_Heavy_Industry,http://www.forbes.com/companies/zoomlion-heavy-industry/,FALSE
http://dbpedia.org/resource/Hokuriku_Electric_Power_Company,http://www.forbes.com/companies/tokyo-electric-power/,FALSE
http://dbpedia.org/resource/Intelligent_Medical_Objects,http://www.forbes.com/companies/intuitive-surgical/,FALSE
http://dbpedia.org/resource/Marfrig,http://www.forbes.com/companies/brf-brasil-foods/,FALSE
http://dbpedia.org/resource/Kelly_Services,http://www.forbes.com/companies/paychex/,FALSE
http://dbpedia.org/resource/BankBazaar,http://www.forbes.com/companies/bank-central-asia/,FALSE
http://dbpedia.org/resource/Saudi_International_Petrochemical_Company,http://www.forbes.com/companies/saudi-investment-bank/,FALSE
http://dbpedia.org/resource/D/S_Norden,http://www.forbes.com/companies/tdc/,FALSE
http://dbpedia.org/resource/Avalon_Group,http://www.forbes.com/companies/avalonbay-communities/,FALSE
http://dbpedia.org/resource/Saudi_Binladin_Group,http://www.forbes.com/companies/kingdom-holding/,FALSE
http://dbpedia.org/resource/Current_Communications_Group,http://www.forbes.com/companies/level-3-communications/,FALSE
http://dbpedia.org/resource/Bridge_Communications,http://www.forbes.com/companies/corning/,FALSE
http://dbpedia.org/resource/Pioneer_Natural_Resources,http://www.forbes.com/companies/continental-resources/,FALSE
http://dbpedia.org/resource/Beijing_Yanjing_Brewery,http://www.forbes.com/companies/jiangsu-yanghe-brewery/,FALSE
http://dbpedia.org/resource/Direct_Line,http://www.forbes.com/companies/direct-line-insurance/,TRUE
http://dbpedia.org/resource/ITC_Hotels,http://www.forbes.com/companies/itc/,TRUE
http://dbpedia.org/resource/H&M,http://www.forbes.com/companies/hm/,TRUE
http://dbpedia.org/resource/Sany,http://www.forbes.com/companies/sany-heavy-industry/,TRUE
http://dbpedia.org/resource/Polska_Grupa_Energetyczna,http://www.forbes.com/companies/pge-polska-grupa/,TRUE
http://dbpedia.org/resource/Hospital_Corporation_of_America,http://www.forbes.com/companies/hca-holdings/,TRUE
http://dbpedia.org/resource/The_J.M._Smucker_Company,http://www.forbes.com/companies/jm-smucker/,TRUE
http://dbpedia.org/resource/Tracker_Fund_of_Hong_Kong,http://www.forbes.com/companies/first-pacific/,FALSE
http://dbpedia.org/resource/Banco_Gallego,http://www.forbes.com/companies/caixabank/,FALSE
http://dbpedia.org/resource/Mawarid_Finance,http://www.forbes.com/companies/abu-dhabi-islamic-bank/,FALSE
http://dbpedia.org/resource/21st_Century_Insurance,http://www.forbes.com/companies/allstate/,FALSE
http://dbpedia.org/resource/Bank_of_Beijing,http://www.forbes.com/companies/harbin-bank/,FALSE
http://dbpedia.org/resource/USA_Truck,http://www.forbes.com/companies/jb-hunt-transport/,FALSE
http://dbpedia.org/resource/Kerry_Properties,http://www.forbes.com/companies/country-garden-holdings/,FALSE
http://dbpedia.org/resource/International_Transportation_Service,http://www.forbes.com/companies/expeditors-international/,FALSE
http://dbpedia.org/resource/US_Cable,http://www.forbes.com/companies/liberty-media-1/,FALSE
http://dbpedia.org/resource/Hyundai_Motor_Company,http://www.forbes.com/companies/kia-motors/,FALSE
http://dbpedia.org/resource/Valley_National_Bank,http://www.forbes.com/companies/east-west-bancorp/,FALSE
http://dbpedia.org/resource/China_Power_Investment_Corporation,http://www.forbes.com/companies/metallurgical-corp-of-china/,FALSE
http://dbpedia.org/resource/Fidelity_&_Guaranty_Life,http://www.forbes.com/companies/assurant/,FALSE
http://dbpedia.org/resource/CBS_Outdoor,http://www.forbes.com/companies/cc-media-holdings/,FALSE
http://dbpedia.org/resource/Anheuser-Busch,http://www.forbes.com/companies/monster-beverage/,FALSE
http://dbpedia.org/resource/Neotel,http://www.forbes.com/companies/mtn-group/,FALSE
http://dbpedia.org/resource/Cantillon_Brewery,http://www.forbes.com/companies/anheuser-busch-inbev/,FALSE
http://dbpedia.org/resource/Western_Digital,http://www.forbes.com/companies/emc/,FALSE
http://dbpedia.org/resource/China_Construction_Design_International,http://www.forbes.com/companies/china-state-construction/,FALSE
http://dbpedia.org/resource/Panzhihua_New_Steel_and_Vanadium,http://www.forbes.com/companies/inner-mongolia-baotou-steel/,FALSE
http://dbpedia.org/resource/Liberty_Mutual,http://www.forbes.com/companies/assurant/,FALSE
http://dbpedia.org/resource/Shelter_Insurance,http://www.forbes.com/companies/protective-life/,FALSE
http://dbpedia.org/resource/HTC,http://www.forbes.com/companies/inventec/,FALSE
http://dbpedia.org/resource/Anshan_Iron_&_Steel_Group_Corporation,http://www.forbes.com/companies/wuhan-iron-steel/,FALSE
http://dbpedia.org/resource/CBS_Television_Distribution,http://www.forbes.com/companies/itv/,FALSE
http://dbpedia.org/resource/Bech-Bruun,http://www.forbes.com/companies/carlsberg/,FALSE
http://dbpedia.org/resource/Healthways,http://www.forbes.com/companies/unitedhealth-group/,FALSE
http://dbpedia.org/resource/Eletrobras,http://www.forbes.com/companies/weg/,FALSE
http://dbpedia.org/resource/Alfa-Bank,http://www.forbes.com/companies/sberbank/,FALSE
http://dbpedia.org/resource/China_Minmetals,http://www.forbes.com/companies/china-shenhua-energy/,FALSE
http://dbpedia.org/resource/SureFire,http://www.forbes.com/companies/vf/,FALSE
http://dbpedia.org/resource/Daewoo_Motors,http://www.forbes.com/companies/kia-motors/,FALSE
http://dbpedia.org/resource/Saudi_International_Petrochemical_Company,http://www.forbes.com/companies/tasnee/,FALSE
http://dbpedia.org/resource/Renault_do_Brasil,http://www.forbes.com/companies/renault/,FALSE
http://dbpedia.org/resource/China_Resources_Cement,http://www.forbes.com/companies/china-national-building/,FALSE
http://dbpedia.org/resource/Liberty_Mutual,http://www.forbes.com/companies/liberty-media-1/,FALSE
http://dbpedia.org/resource/Centon_Electronics,http://www.forbes.com/companies/arrow-electronics/,FALSE
http://dbpedia.org/resource/Bank_of_Taizhou,http://www.forbes.com/companies/bank-of-communications/,FALSE
http://dbpedia.org/resource/Laurentian_Bank_of_Canada,http://www.forbes.com/companies/national-bank-of-canada/,FALSE
http://dbpedia.org/resource/Japan_Aviation_Electronics,http://www.forbes.com/companies/hitachi/,FALSE
http://dbpedia.org/resource/Tokyo_Electric_Power_Company,http://www.forbes.com/companies/mitsubishi-electric/,FALSE
http://dbpedia.org/resource/Lotte_Department_Store,http://www.forbes.com/companies/lotte-chemical/,FALSE
http://dbpedia.org/resource/Alinma_Bank,http://www.forbes.com/companies/riyad-bank/,FALSE
http://dbpedia.org/resource/West_Coast_Bancorp,http://www.forbes.com/companies/huntington-bancshares/,FALSE
http://dbpedia.org/resource/FFE_Transportation,http://www.forbes.com/companies/expeditors-international/,FALSE
http://dbpedia.org/resource/Yodobashi_Camera,http://www.forbes.com/companies/nikon/,FALSE
http://dbpedia.org/resource/Dubai_Holding,http://www.forbes.com/companies/dp-world/,FALSE
http://dbpedia.org/resource/Celesc,http://www.forbes.com/companies/oi/,FALSE
http://dbpedia.org/resource/Plus_Development,http://www.forbes.com/companies/ca/,FALSE
http://dbpedia.org/resource/Toyota_Motor_Engineering_&_Manufacturing_North_America,http://www.forbes.com/companies/tesla-motors/,FALSE
http://dbpedia.org/resource/China_Construction_Bank,http://www.forbes.com/companies/bank-of-china/,FALSE
http://dbpedia.org/resource/Amstel_Brewery,http://www.forbes.com/companies/heineken-holding/,FALSE
http://dbpedia.org/resource/Material_Sciences_Corporation,http://www.forbes.com/companies/applied-materials/,FALSE
http://dbpedia.org/resource/Mitsubishi_Electric_United_States,http://www.forbes.com/companies/emerson-electric/,FALSE
http://dbpedia.org/resource/Swiss_Life,http://www.forbes.com/companies/credit-suisse-group/,FALSE
http://dbpedia.org/resource/Energex,http://www.forbes.com/companies/origin-energy/,FALSE
http://dbpedia.org/resource/Petronas,http://www.forbes.com/companies/petronas-gas/,FALSE
http://dbpedia.org/resource/Preferred_Hotel_Group,http://www.forbes.com/companies/host-hotels-resorts/,FALSE
http://dbpedia.org/resource/Swiss_Mergers_and_Acquisitions,http://www.forbes.com/companies/abb/,FALSE
http://dbpedia.org/resource/Adirondack_Beverages,http://www.forbes.com/companies/brown-forman/,FALSE
http://dbpedia.org/resource/Colonial_Bank,http://www.forbes.com/companies/first-republic-bank/,FALSE
http://dbpedia.org/resource/EverBank,http://www.forbes.com/companies/signature-bank/,FALSE
http://dbpedia.org/resource/FFE_Transportation,http://www.forbes.com/companies/ch-robinson-worldwide/,FALSE
http://dbpedia.org/resource/Yanzhou_Coal_Mining_Company,http://www.forbes.com/companies/yang-quan-coal-industry/,FALSE
http://dbpedia.org/resource/Petrobank_Energy_and_Resources,http://www.forbes.com/companies/canadian-natural-resources/,FALSE
http://dbpedia.org/resource/Prudential_Financial,http://www.forbes.com/companies/ameriprise-financial/,FALSE
http://dbpedia.org/resource/21st_Century_Insurance,http://www.forbes.com/companies/assurant/,FALSE
http://dbpedia.org/resource/Combined_Insurance,http://www.forbes.com/companies/aflac/,FALSE
http://dbpedia.org/resource/Selective_Insurance,http://www.forbes.com/companies/assurant/,FALSE
http://dbpedia.org/resource/Bestinvest,http://www.forbes.com/companies/investec/,FALSE
http://dbpedia.org/resource/China_Shenhua_Energy_Company,http://www.forbes.com/companies/china-resources-power/,FALSE
http://dbpedia.org/resource/BOC_Hong_Kong_(Holdings),http://www.forbes.com/companies/honbridge-holdings/,FALSE
http://dbpedia.org/resource/Nextbio,http://www.forbes.com/companies/alexion-pharmaceuticals/,FALSE
http://dbpedia.org/resource/Westinghouse_Broadcasting,http://www.forbes.com/companies/time-warner/,FALSE
http://dbpedia.org/resource/Bank_of_Hamilton,http://www.forbes.com/companies/td-bank-group/,FALSE
http://dbpedia.org/resource/Stradivarius_(Inditex),http://www.forbes.com/companies/inditex/,FALSE
http://dbpedia.org/resource/Mercantile_Discount_Bank,http://www.forbes.com/companies/bank-hapoalim/,FALSE
http://dbpedia.org/resource/Kiatnakin_Bank,http://www.forbes.com/companies/siam-commercial-bank/,FALSE
http://dbpedia.org/resource/Valley_National_Bank,http://www.forbes.com/companies/us-bancorp/,FALSE
http://dbpedia.org/resource/Wuhan_Iron_and_Steel,http://www.forbes.com/companies/hunan-valin-steel/,FALSE
http://dbpedia.org/resource/SolarWinds,http://www.forbes.com/companies/windstream/,FALSE
http://dbpedia.org/resource/CORE_Health_Care,http://www.forbes.com/companies/hca-holdings/,FALSE
http://dbpedia.org/resource/Accessible_Home_Health_Care,http://www.forbes.com/companies/universal-health/,FALSE
http://dbpedia.org/resource/American_Association_of_Individual_Investors,http://www.forbes.com/companies/affiliated-managers-group/,FALSE
http://dbpedia.org/resource/RailAmerica,http://www.forbes.com/companies/csx/,FALSE
http://dbpedia.org/resource/Dai-Ichi_Kangyo_Bank,http://www.forbes.com/companies/oita-bank/,FALSE
http://dbpedia.org/resource/Guangzhou_Automobile_Industry_Group,http://www.forbes.com/companies/brilliance-china-automotive-holdings/,FALSE
http://dbpedia.org/resource/WellCare,http://www.forbes.com/companies/unitedhealth-group/,FALSE
http://dbpedia.org/resource/Mitsubishi_UFJ_Financial_Group,http://www.forbes.com/companies/yamaguchi-financial/,FALSE
http://dbpedia.org/resource/Arkansas_Electric_Cooperative_Corporation,http://www.forbes.com/companies/southern-co/,FALSE
http://dbpedia.org/resource/National_Shipping_Company_of_Saudi_Arabia,http://www.forbes.com/companies/saudi-arabian-fertilizers/,FALSE
http://dbpedia.org/resource/Univision_Communications,http://www.forbes.com/companies/verizon-communications/,FALSE
http://dbpedia.org/resource/Kingdom_Holding_Company,http://www.forbes.com/companies/saudi-british-bank/,FALSE
http://dbpedia.org/resource/Interactive_Brokers,http://www.forbes.com/companies/interactive-brokers-group/,TRUE
http://dbpedia.org/resource/Community_Health_Systems,http://www.forbes.com/companies/community-health-sys/,TRUE
"http://dbpedia.org/resource/Macy's,_Inc.",http://www.forbes.com/companies/macys/,TRUE
http://dbpedia.org/resource/CSX_Corporation,http://www.forbes.com/companies/csx/,TRUE
http://dbpedia.org/resource/Dover_Corporation,http://www.forbes.com/companies/dover/,TRUE
http://dbpedia.org/resource/Assurant,http://www.forbes.com/companies/american-equity-investment/,FALSE
http://dbpedia.org/resource/Fujitsu,http://www.forbes.com/companies/hitachi/,FALSE
http://dbpedia.org/resource/De_Koningshoeven_Brewery,http://www.forbes.com/companies/heineken-holding/,FALSE
http://dbpedia.org/resource/China_State_Construction_International_Holdings,http://www.forbes.com/companies/shanghai-construction/,FALSE
http://dbpedia.org/resource/Lafuma,http://www.forbes.com/companies/lafarge/,FALSE
http://dbpedia.org/resource/Boeing_Commercial_Airplanes,http://www.forbes.com/companies/boeing/,FALSE
http://dbpedia.org/resource/Chongqing_Iron_and_Steel_Company,http://www.forbes.com/companies/maanshan-iron-steel/,FALSE
http://dbpedia.org/resource/China_Shipbuilding_Industry_Corporation,http://www.forbes.com/companies/metallurgical-corp-of-china/,FALSE
http://dbpedia.org/resource/China_Merchants_Energy_Shipping,http://www.forbes.com/companies/china-merchants-securities/,FALSE
http://dbpedia.org/resource/Community_Health_Systems,http://www.forbes.com/companies/cerner/,FALSE
http://dbpedia.org/resource/Shanghai_Electric,http://www.forbes.com/companies/datang-international-power/,FALSE
http://dbpedia.org/resource/Current_Communications_Group,http://www.forbes.com/companies/cisco-systems/,FALSE
http://dbpedia.org/resource/Intuic,http://www.forbes.com/companies/intuit/,FALSE
http://dbpedia.org/resource/Simple_(bank),http://www.forbes.com/companies/wells-fargo/,FALSE
http://dbpedia.org/resource/Devitt_Insurance,http://www.forbes.com/companies/prudential/,FALSE
http://dbpedia.org/resource/Metropolitan_Bank_Group,http://www.forbes.com/companies/bank-of-ny-mellon/,FALSE
http://dbpedia.org/resource/Petro-Canada,http://www.forbes.com/companies/pembina-pipeline/,FALSE
http://dbpedia.org/resource/Petroleum_&_Resources_Corporation,http://www.forbes.com/companies/continental-resources/,FALSE
http://dbpedia.org/resource/American_Public_Power_Association,http://www.forbes.com/companies/ppl/,FALSE
http://dbpedia.org/resource/Prudential_Financial,http://www.forbes.com/companies/fidelity-national-financial/,FALSE
http://dbpedia.org/resource/SwissDisk,http://www.forbes.com/companies/western-digital/,FALSE
http://dbpedia.org/resource/Poptel,http://www.forbes.com/companies/vodafone/,FALSE
http://dbpedia.org/resource/Gujarat_State_Petroleum_Corporation,http://www.forbes.com/companies/bharat-petroleum/,FALSE
http://dbpedia.org/resource/Ingram_Entertainment_Holdings_Inc.,http://www.forbes.com/companies/ingram-micro/,FALSE
http://dbpedia.org/resource/Shaanxi_Automobile_Group,http://www.forbes.com/companies/brilliance-china-automotive-holdings/,FALSE
http://dbpedia.org/resource/Solvay_Indupa,http://www.forbes.com/companies/solvay/,FALSE
http://dbpedia.org/resource/Dubai_Banking_Group,http://www.forbes.com/companies/mashreq-bank/,FALSE
http://dbpedia.org/resource/TMEIC,http://www.forbes.com/companies/tdk/,FALSE
http://dbpedia.org/resource/Comcast_Spectacor,http://www.forbes.com/companies/comcast/,FALSE
http://dbpedia.org/resource/Ready_Financial,http://www.forbes.com/companies/slm/,FALSE
http://dbpedia.org/resource/Mitsui_Oil_Exploration,http://www.forbes.com/companies/inpex/,FALSE
http://dbpedia.org/resource/Cypress_Semiconductor,http://www.forbes.com/companies/microchip-technology/,FALSE
http://dbpedia.org/resource/Citi_orient_securities,http://www.forbes.com/companies/gf-securities/,FALSE
http://dbpedia.org/resource/Arkansas_Electric_Cooperative_Corporation,http://www.forbes.com/companies/aes/,FALSE
http://dbpedia.org/resource/K%C5%8Dnan_Railway_Company,http://www.forbes.com/companies/central-japan-railway/,FALSE
http://dbpedia.org/resource/CORE_Health_Care,http://www.forbes.com/companies/quest-diagnostics/,FALSE
http://dbpedia.org/resource/Central_Record_de_Comunica%C3%A7%C3%A3o,http://www.forbes.com/companies/oi/,FALSE
http://dbpedia.org/resource/Bank_Leumi,http://www.forbes.com/companies/bank-hapoalim/,FALSE
http://dbpedia.org/resource/Tangsteel,http://www.forbes.com/companies/hunan-valin-steel/,FALSE
http://dbpedia.org/resource/Shuanghuan_Auto,http://www.forbes.com/companies/great-wall-motor/,FALSE
http://dbpedia.org/resource/UK_Financial_Investments,http://www.forbes.com/companies/london-stock-exchange/,FALSE
http://dbpedia.org/resource/Companhia_Energ%C3%A9tica_de_S%C3%A3o_Paulo,http://www.forbes.com/companies/eletrobras/,FALSE
http://dbpedia.org/resource/Siam_Commercial_Bank,http://www.forbes.com/companies/krung-thai-bank/,FALSE
http://dbpedia.org/resource/Hong_Kong_Nuclear_Investment_Company_Limited,http://www.forbes.com/companies/power-assets-holdings/,FALSE
http://dbpedia.org/resource/Garanti_Bank,http://www.forbes.com/companies/akbank/,FALSE
http://dbpedia.org/resource/MortgageLoan,http://www.forbes.com/companies/new-york-community/,FALSE
http://dbpedia.org/resource/Qatargas,http://www.forbes.com/companies/industries-qatar/,FALSE
http://dbpedia.org/resource/NanoString_Technologies,http://www.forbes.com/companies/microchip-technology/,FALSE
http://dbpedia.org/resource/Taikang_Life,http://www.forbes.com/companies/china-life-insurance/,FALSE
http://dbpedia.org/resource/Tangsteel,http://www.forbes.com/companies/maanshan-iron-steel/,FALSE
http://dbpedia.org/resource/KT_Kumho_Rent_A_Car,http://www.forbes.com/companies/hankook-tire/,FALSE
http://dbpedia.org/resource/Groupe_Banque_Populaire,http://www.forbes.com/companies/bnp-paribas/,FALSE
http://dbpedia.org/resource/Petroleum_&_Resources_Corporation,http://www.forbes.com/companies/conocophillips/,FALSE
http://dbpedia.org/resource/Do%C4%9Fu%C5%9F_Holding,http://www.forbes.com/companies/sabanci-holding/,FALSE
http://dbpedia.org/resource/Basilea_Pharmaceutica,http://www.forbes.com/companies/roche-holding/,FALSE
http://dbpedia.org/resource/Bank_of_Commerce,http://www.forbes.com/companies/metropolitan-bank-trust/,FALSE
http://dbpedia.org/resource/Poly_Real_Estate,http://www.forbes.com/companies/chinese-estates/,FALSE
http://dbpedia.org/resource/West_Coast_Bancorp,http://www.forbes.com/companies/us-bancorp/,FALSE
http://dbpedia.org/resource/China_National_Heavy_Duty_Truck_Group,http://www.forbes.com/companies/great-wall-motor/,FALSE
http://dbpedia.org/resource/CBS_Television_Distribution,http://www.forbes.com/companies/cc-media-holdings/,FALSE
http://dbpedia.org/resource/Fly_Entertainment,http://www.forbes.com/companies/singapore-airlines/,FALSE
http://dbpedia.org/resource/Bank_of_Taizhou,http://www.forbes.com/companies/bank-of-china/,FALSE
http://dbpedia.org/resource/Hyundai_Motor_Company,http://www.forbes.com/companies/hyundai-heavy-industries/,FALSE
"http://dbpedia.org/resource/U.S._Concrete,_Inc",http://www.forbes.com/companies/quanta-services/,FALSE
http://dbpedia.org/resource/Hormel,http://www.forbes.com/companies/hershey/,FALSE
http://dbpedia.org/resource/Tamweel,http://www.forbes.com/companies/dp-world/,FALSE
http://dbpedia.org/resource/Eletronorte,http://www.forbes.com/companies/eletrobras/,FALSE
http://dbpedia.org/resource/WellCare,http://www.forbes.com/companies/cerner/,FALSE
http://dbpedia.org/resource/China_Shipping_Development,http://www.forbes.com/companies/china-state-construction/,FALSE
http://dbpedia.org/resource/Western_Mining_Company,http://www.forbes.com/companies/yang-quan-coal-industry/,FALSE
http://dbpedia.org/resource/Hellenic_Railways_Organisation,http://www.forbes.com/companies/hellenic-telecom/,FALSE
http://dbpedia.org/resource/Mountain_Gear_(retailer),http://www.forbes.com/companies/gap/,FALSE
http://dbpedia.org/resource/Akbank,http://www.forbes.com/companies/isbank/,FALSE
http://dbpedia.org/resource/QNB_Group,http://www.forbes.com/companies/qatar-islamic-bank/,FALSE
http://dbpedia.org/resource/Confederation_Life,http://www.forbes.com/companies/industrial-alliance-insurance/,FALSE
http://dbpedia.org/resource/Euroclear,http://www.forbes.com/companies/kbc-group/,FALSE
http://dbpedia.org/resource/Sumitomo_Mitsui_Trust_Holdings,http://www.forbes.com/companies/sumitomo-mitsui-financial/,FALSE
http://dbpedia.org/resource/Bank_of_Beijing,http://www.forbes.com/companies/china-merchants-bank/,FALSE
http://dbpedia.org/resource/John_Deere,http://www.forbes.com/companies/agco/,FALSE
http://dbpedia.org/resource/Meiji_Holdings,http://www.forbes.com/companies/medipal-holdings/,FALSE
http://dbpedia.org/resource/Sino_Group,http://www.forbes.com/companies/sinopharm-group/,FALSE
http://dbpedia.org/resource/China_Pacific_Insurance,http://www.forbes.com/companies/peoples-insurance-company/,FALSE
http://dbpedia.org/resource/Raiffeisenbank_(Russia),http://www.forbes.com/companies/sberbank/,FALSE
http://dbpedia.org/resource/Profit_Investment_Management,http://www.forbes.com/companies/e-trade-financial/,FALSE
http://dbpedia.org/resource/Jiangxi_International,http://www.forbes.com/companies/jiangxi-copper/,FALSE
http://dbpedia.org/resource/Silver_Standard_Resources,http://www.forbes.com/companies/barrick-gold/,FALSE
http://dbpedia.org/resource/Panzhihua_Iron_and_Steel,http://www.forbes.com/companies/inner-mongolia-baotou-steel/,FALSE
http://dbpedia.org/resource/LG_Uplus,http://www.forbes.com/companies/lg-electronics/,FALSE
http://dbpedia.org/resource/Do%C4%9Fu%C5%9F_Holding,http://www.forbes.com/companies/koc-holding/,FALSE
http://dbpedia.org/resource/Qatar_Investment_Authority,http://www.forbes.com/companies/qatar-islamic-bank/,FALSE
http://dbpedia.org/resource/Newegg,http://www.forbes.com/companies/best-buy/,FALSE
http://dbpedia.org/resource/China_National_Materials_Group_Corporation,http://www.forbes.com/companies/china-national-chemical/,FALSE
http://dbpedia.org/resource/Zhaojin_Mining,http://www.forbes.com/companies/yang-quan-coal-industry/,FALSE
http://dbpedia.org/resource/Westinghouse_Electric_Company,http://www.forbes.com/companies/ameren/,FALSE
http://dbpedia.org/resource/Ameriprise_Financial,http://www.forbes.com/companies/affiliated-managers-group/,FALSE
http://dbpedia.org/resource/NOMOS-BANK,http://www.forbes.com/companies/nomos-bank/,TRUE
http://dbpedia.org/resource/Schlumberger,http://www.forbes.com/companies/schlumberger/,TRUE
http://dbpedia.org/resource/John_Deere,http://www.forbes.com/companies/deere-co/,TRUE
http://dbpedia.org/resource/China_National_Building_Material_Company,http://www.forbes.com/companies/china-national-materials/,TRUE
http://dbpedia.org/resource/Banco_Bilbao_Vizcaya_Argentaria,http://www.forbes.com/companies/bbva-banco-bilbao-vizcaya/,TRUE
http://dbpedia.org/resource/Investors_Bank,http://www.forbes.com/companies/northern-trust/,FALSE
http://dbpedia.org/resource/Global_Bio-Chem,http://www.forbes.com/companies/china-agri-industries/,FALSE
http://dbpedia.org/resource/Hyundai_IHL,http://www.forbes.com/companies/hyundai-hysco/,FALSE
http://dbpedia.org/resource/Polaris_Motor,http://www.forbes.com/companies/polaris-industries/,FALSE
http://dbpedia.org/resource/BioDiscovery,http://www.forbes.com/companies/biogen-idec/,FALSE
http://dbpedia.org/resource/Optimus_Telecomunica%C3%A7%C3%B5es,http://www.forbes.com/companies/portugal-telecom/,FALSE
http://dbpedia.org/resource/Bank_of_Beijing,http://www.forbes.com/companies/bank-of-nanjing/,FALSE
http://dbpedia.org/resource/U.S._HealthWorks,http://www.forbes.com/companies/wellpoint/,FALSE
http://dbpedia.org/resource/Bankrate,http://www.forbes.com/companies/keycorp/,FALSE
http://dbpedia.org/resource/Ford_Motor_Company_Philippines,http://www.forbes.com/companies/ford-motor/,FALSE
http://dbpedia.org/resource/CITIC_Resources,http://www.forbes.com/companies/citic-securities/,FALSE
http://dbpedia.org/resource/Prudential_Financial,http://www.forbes.com/companies/american-financial-group/,FALSE
http://dbpedia.org/resource/Payroll_1,http://www.forbes.com/companies/paychex/,FALSE
http://dbpedia.org/resource/Chez_Hotels,http://www.forbes.com/companies/starwood-hotels/,FALSE
http://dbpedia.org/resource/China_National_Heavy_Duty_Truck_Group,http://www.forbes.com/companies/china-cnr/,FALSE
http://dbpedia.org/resource/First_International_Computer,http://www.forbes.com/companies/inventec/,FALSE
http://dbpedia.org/resource/Simple_(bank),http://www.forbes.com/companies/us-bancorp/,FALSE
http://dbpedia.org/resource/Oki_Electric_Industry,http://www.forbes.com/companies/hokkaido-electric-power/,FALSE
http://dbpedia.org/resource/America_II_Electronics,http://www.forbes.com/companies/ametek/,FALSE
http://dbpedia.org/resource/G%C3%A9ant_Casino,http://www.forbes.com/companies/carrefour/,FALSE
http://dbpedia.org/resource/ImmunoGen,http://www.forbes.com/companies/regeneron-pharmaceuticals/,FALSE
http://dbpedia.org/resource/Okinawa_Electric_Power_Company,http://www.forbes.com/companies/kyushu-electric-power/,FALSE
http://dbpedia.org/resource/Selective_Insurance,http://www.forbes.com/companies/metlife/,FALSE
http://dbpedia.org/resource/Invesco_PowerShares,http://www.forbes.com/companies/invesco/,FALSE
http://dbpedia.org/resource/Dongfang_Electric,http://www.forbes.com/companies/gd-power-development/,FALSE
http://dbpedia.org/resource/Shandong_Energy,http://www.forbes.com/companies/guangdong-electric/,FALSE
http://dbpedia.org/resource/Piraeus_Bank,http://www.forbes.com/companies/bank-of-greece/,FALSE
http://dbpedia.org/resource/Petroleum_&_Resources_Corporation,http://www.forbes.com/companies/pioneer-natural-resources/,FALSE
http://dbpedia.org/resource/MidAmerican_Energy_Company,http://www.forbes.com/companies/aes/,FALSE
http://dbpedia.org/resource/Chubb_Fire,http://www.forbes.com/companies/chubb/,FALSE
http://dbpedia.org/resource/The_Wharf_(Holdings),http://www.forbes.com/companies/swire-pacific/,FALSE
http://dbpedia.org/resource/Thomas_Properties_Group,http://www.forbes.com/companies/general-growth-properties/,FALSE
http://dbpedia.org/resource/Lincoln_Industries,http://www.forbes.com/companies/lincoln-national/,FALSE
http://dbpedia.org/resource/Shaanxi_Automobile_Group,http://www.forbes.com/companies/guangzhou-automobile/,FALSE
http://dbpedia.org/resource/Local_TV,http://www.forbes.com/companies/time-warner/,FALSE
http://dbpedia.org/resource/China_Petrochemical_Corporation,http://www.forbes.com/companies/petrochina/,FALSE
http://dbpedia.org/resource/IdleAir,http://www.forbes.com/companies/alaska-air-group/,FALSE
http://dbpedia.org/resource/ATP_Oil_and_Gas,http://www.forbes.com/companies/range-resources/,FALSE
http://dbpedia.org/resource/Jays_Foods,http://www.forbes.com/companies/jm-smucker/,FALSE
http://dbpedia.org/resource/Nedlloyd,http://www.forbes.com/companies/oci/,FALSE
http://dbpedia.org/resource/Macquarie_Infrastructure_Company,http://www.forbes.com/companies/macquarie-group/,FALSE
http://dbpedia.org/resource/ATP_Oil_and_Gas,http://www.forbes.com/companies/cvr-energy/,FALSE
http://dbpedia.org/resource/Clear_Channel_Communications,http://www.forbes.com/companies/discovery-communications/,FALSE
http://dbpedia.org/resource/W_Motors,http://www.forbes.com/companies/dp-world/,FALSE
http://dbpedia.org/resource/Universal_Cable_Productions,http://www.forbes.com/companies/walt-disney/,FALSE
http://dbpedia.org/resource/People's_United_Bank,http://www.forbes.com/companies/mt-bank/,FALSE
http://dbpedia.org/resource/Volvo_Aero,http://www.forbes.com/companies/volvo-group/,FALSE
http://dbpedia.org/resource/NEC,http://www.forbes.com/companies/nintendo/,FALSE
http://dbpedia.org/resource/ONEOK,http://www.forbes.com/companies/anadarko-petroleum/,FALSE
"http://dbpedia.org/resource/Macy's,_Inc.",http://www.forbes.com/companies/nordstrom/,FALSE
http://dbpedia.org/resource/Benefis_Health_System,http://www.forbes.com/companies/universal-health/,FALSE
http://dbpedia.org/resource/KOI_Auto_Parts,http://www.forbes.com/companies/lkq/,FALSE
http://dbpedia.org/resource/UniGroup,http://www.forbes.com/companies/unum-group/,FALSE
http://dbpedia.org/resource/China_State_Construction_International_Holdings,http://www.forbes.com/companies/china-gezhouba/,FALSE
http://dbpedia.org/resource/Tribune_Publishing,http://www.forbes.com/companies/gannett/,FALSE
http://dbpedia.org/resource/China_CITIC_Bank,http://www.forbes.com/companies/china-merchants-bank/,FALSE
http://dbpedia.org/resource/Brooks_Automation,http://www.forbes.com/companies/rockwell-automation/,FALSE
http://dbpedia.org/resource/National_Electric_Vehicle_Sweden,http://www.forbes.com/companies/volvo-group/,FALSE
http://dbpedia.org/resource/TeleTech,http://www.forbes.com/companies/tech-data/,FALSE
http://dbpedia.org/resource/AS220,http://www.forbes.com/companies/ca/,FALSE
http://dbpedia.org/resource/Persystent_Software,http://www.forbes.com/companies/microsoft/,FALSE
http://dbpedia.org/resource/Laurentian_Bank_of_Canada,http://www.forbes.com/companies/royal-bank-of-canada/,FALSE
http://dbpedia.org/resource/The_Co-operative_Insurance,http://www.forbes.com/companies/resolution/,FALSE
http://dbpedia.org/resource/Bank_of_Ningbo,http://www.forbes.com/companies/bank-of-china/,FALSE
http://dbpedia.org/resource/Union_National_Bank,http://www.forbes.com/companies/emirates-nbd/,FALSE
http://dbpedia.org/resource/%C5%8Cigawa_Railway,http://www.forbes.com/companies/west-japan-railway/,FALSE
http://dbpedia.org/resource/Japan_Post_Bank,http://www.forbes.com/companies/shiga-bank/,FALSE
http://dbpedia.org/resource/Imperial_Tobacco,http://www.forbes.com/companies/itc/,FALSE
http://dbpedia.org/resource/Investors_Bank,http://www.forbes.com/companies/state-street/,FALSE
http://dbpedia.org/resource/TriWest_Healthcare_Alliance,http://www.forbes.com/companies/tenet-healthcare/,FALSE
http://dbpedia.org/resource/Posco_Energy,http://www.forbes.com/companies/posco/,FALSE
http://dbpedia.org/resource/Silvercorp_Metals,http://www.forbes.com/companies/first-quantum-minerals/,FALSE
http://dbpedia.org/resource/American_States_Water,http://www.forbes.com/companies/american-water-works/,FALSE
http://dbpedia.org/resource/China_Construction_Bank,http://www.forbes.com/companies/chongqing-rural-bank/,FALSE
http://dbpedia.org/resource/Ready_Financial,http://www.forbes.com/companies/peoples-united-financial/,FALSE
http://dbpedia.org/resource/Petronas,http://www.forbes.com/companies/petronas-dagangan/,FALSE
http://dbpedia.org/resource/China_Construction_Bank,http://www.forbes.com/companies/china-citic-bank/,FALSE
"http://dbpedia.org/resource/VHA,_Inc.",http://www.forbes.com/companies/hca-holdings/,FALSE
http://dbpedia.org/resource/The_Pepsi_Bottling_Group,http://www.forbes.com/companies/beam/,FALSE
http://dbpedia.org/resource/Oki_Electric_Industry,http://www.forbes.com/companies/mitsubishi-electric/,FALSE
http://dbpedia.org/resource/Elitegroup_Computer_Systems,http://www.forbes.com/companies/quanta-computer/,FALSE
http://dbpedia.org/resource/Ping_An_Insurance,http://www.forbes.com/companies/new-china-life-insurance/,FALSE
http://dbpedia.org/resource/China_Railway_Construction_Corporation,http://www.forbes.com/companies/china-railway-group/,FALSE
http://dbpedia.org/resource/Aero_Synergie,http://www.forbes.com/companies/safran/,FALSE
http://dbpedia.org/resource/HomeInsurance.com,http://www.forbes.com/companies/travelers-cos/,FALSE
http://dbpedia.org/resource/Banca_Popolare_dell'Emilia_Romagna,http://www.forbes.com/companies/banca-popolare-dellemilia/,FALSE
http://dbpedia.org/resource/Inter_Pipeline,http://www.forbes.com/companies/pembina-pipeline/,FALSE
http://dbpedia.org/resource/Chongqing_International_Construction_Corporation,http://www.forbes.com/companies/shanghai-construction/,FALSE
http://dbpedia.org/resource/Wuhan_Iron_and_Steel,http://www.forbes.com/companies/baoshan-iron-steel/,FALSE
http://dbpedia.org/resource/Louis_Delhaize_Group,http://www.forbes.com/companies/delhaize-group/,FALSE
http://dbpedia.org/resource/Masdar,http://www.forbes.com/companies/aldar-properties/,FALSE
http://dbpedia.org/resource/International_Energy_Mining_Industry_Limited,http://www.forbes.com/companies/shaanxi-coal-industry/,FALSE
http://dbpedia.org/resource/Ameresco,http://www.forbes.com/companies/ameren/,FALSE
http://dbpedia.org/resource/Universal_Cable_Productions,http://www.forbes.com/companies/discovery-communications/,FALSE
http://dbpedia.org/resource/China_Communications_Construction,http://www.forbes.com/companies/china-gezhouba/,FALSE
http://dbpedia.org/resource/Volkswagen_Group,http://www.forbes.com/companies/volkswagen-group/,TRUE
http://dbpedia.org/resource/SAIC_Motor,http://www.forbes.com/companies/saic-motor/,TRUE
http://dbpedia.org/resource/B%C3%A2loise,http://www.forbes.com/companies/baloise-group/,TRUE
http://dbpedia.org/resource/NetApp,http://www.forbes.com/companies/netapp/,TRUE
http://dbpedia.org/resource/Sime_Darby,http://www.forbes.com/companies/sime-darby/,TRUE
http://dbpedia.org/resource/Korea_Electric_Power_Corporation,http://www.forbes.com/companies/korea-electric-power/,TRUE
http://dbpedia.org/resource/Poly_Real_Estate,http://www.forbes.com/companies/financial-street-holdings/,FALSE
http://dbpedia.org/resource/China_Resources_Enterprise,http://www.forbes.com/companies/beijing-enterprises/,FALSE
http://dbpedia.org/resource/Alinma_Bank,http://www.forbes.com/companies/saudi-telecom/,FALSE
http://dbpedia.org/resource/Investors_Bank,http://www.forbes.com/companies/e-trade-financial/,FALSE
http://dbpedia.org/resource/State_Grid_Corporation_of_China,http://www.forbes.com/companies/huadian-power-international/,FALSE
http://dbpedia.org/resource/Tianyin_Pharmaceutical,http://www.forbes.com/companies/shanghai-pharmaceuticals/,FALSE
http://dbpedia.org/resource/NB&T_Financial_Group,http://www.forbes.com/companies/bok-financial/,FALSE
http://dbpedia.org/resource/BioDiscovery,http://www.forbes.com/companies/celgene/,FALSE
http://dbpedia.org/resource/China_State_Shipbuilding_Corporation,http://www.forbes.com/companies/china-railway-construction/,FALSE
http://dbpedia.org/resource/Singapore_Post,http://www.forbes.com/companies/singtel/,FALSE
http://dbpedia.org/resource/Energias_de_Portugal,http://www.forbes.com/companies/galp-energia/,FALSE
http://dbpedia.org/resource/China_Resources_Cement,http://www.forbes.com/companies/china-state-construction/,FALSE
http://dbpedia.org/resource/Piedmont_Natural_Gas,http://www.forbes.com/companies/pge/,FALSE
http://dbpedia.org/resource/Andhra_Pragathi_Grameena_Bank,http://www.forbes.com/companies/andhra-bank/,FALSE
http://dbpedia.org/resource/Ping_An_Insurance,http://www.forbes.com/companies/ping-an-bank/,FALSE
http://dbpedia.org/resource/Hello_Health,http://www.forbes.com/companies/cardinal-health/,FALSE
http://dbpedia.org/resource/Zawya,http://www.forbes.com/companies/dp-world/,FALSE
http://dbpedia.org/resource/Bridge_Communications,http://www.forbes.com/companies/harris/,FALSE
http://dbpedia.org/resource/China_Southern_Power_Grid_Company,http://www.forbes.com/companies/guangdong-electric/,FALSE
http://dbpedia.org/resource/Selective_Insurance,http://www.forbes.com/companies/prudential-financial/,FALSE
http://dbpedia.org/resource/20th_Century_Fox_Television,http://www.forbes.com/companies/time-warner/,FALSE
http://dbpedia.org/resource/China_State_Construction_Engineering,http://www.forbes.com/companies/china-national-building/,FALSE
http://dbpedia.org/resource/Energy_Brands,http://www.forbes.com/companies/aes/,FALSE
http://dbpedia.org/resource/Macquarie_Generation,http://www.forbes.com/companies/macquarie-group/,FALSE
http://dbpedia.org/resource/Sumitomo_Chemical,http://www.forbes.com/companies/sumitomo-mitsui-trust/,FALSE
http://dbpedia.org/resource/China_Resources_Land,http://www.forbes.com/companies/sino-ocean-land-holdings/,FALSE
http://dbpedia.org/resource/Mahanagar_Gas,http://www.forbes.com/companies/gail-india/,FALSE
http://dbpedia.org/resource/Polska_Grupa_Energetyczna,http://www.forbes.com/companies/tauron-group/,FALSE
http://dbpedia.org/resource/Poly_Real_Estate,http://www.forbes.com/companies/china-vanke/,FALSE
http://dbpedia.org/resource/TradeStation,http://www.forbes.com/companies/e-trade-financial/,FALSE
http://dbpedia.org/resource/Ferro_Alloys_Corporation,http://www.forbes.com/companies/steel-authority-of-india/,FALSE
http://dbpedia.org/resource/Encana,http://www.forbes.com/companies/husky-energy/,FALSE
http://dbpedia.org/resource/American_Public_Power_Association,http://www.forbes.com/companies/calpine/,FALSE
http://dbpedia.org/resource/REA_Group,http://www.forbes.com/companies/gpt-group/,FALSE
http://dbpedia.org/resource/Toshiba,http://www.forbes.com/companies/hitachi/,FALSE
http://dbpedia.org/resource/Dubai_Islamic_Bank,http://www.forbes.com/companies/ahli-united-bank/,FALSE
http://dbpedia.org/resource/Gaz-System,http://www.forbes.com/companies/pge-polska-grupa/,FALSE
http://dbpedia.org/resource/Sharp_HealthCare,http://www.forbes.com/companies/hca-holdings/,FALSE
http://dbpedia.org/resource/SureFire,http://www.forbes.com/companies/ca/,FALSE
http://dbpedia.org/resource/Houston_Wire_&_Cable,http://www.forbes.com/companies/time-warner-cable/,FALSE
http://dbpedia.org/resource/Eletrobras_Furnas,http://www.forbes.com/companies/eletrobras/,FALSE
http://dbpedia.org/resource/Kingdom_Holding_Company,http://www.forbes.com/companies/saudi-hollandi-bank/,FALSE
http://dbpedia.org/resource/Alcove_Entertainment,http://www.forbes.com/companies/aldar-properties/,FALSE
http://dbpedia.org/resource/CBS_Television_Distribution,http://www.forbes.com/companies/charter-communications/,FALSE
http://dbpedia.org/resource/China_Construction_Design_International,http://www.forbes.com/companies/shanghai-construction/,FALSE
http://dbpedia.org/resource/Bayer_Corporation,http://www.forbes.com/companies/allergan/,FALSE
http://dbpedia.org/resource/Pennsylvania_Real_Estate_Investment_Trust,http://www.forbes.com/companies/health-care-reit/,FALSE
http://dbpedia.org/resource/ONE_Gas,http://www.forbes.com/companies/ugi/,FALSE
http://dbpedia.org/resource/Profit_Investment_Management,http://www.forbes.com/companies/intercontinentalexchange/,FALSE
http://dbpedia.org/resource/Transcapitalbank,http://www.forbes.com/companies/nomos-bank/,FALSE
http://dbpedia.org/resource/Liberty_Mutual,http://www.forbes.com/companies/lincoln-national/,FALSE
http://dbpedia.org/resource/SMC_Networks,http://www.forbes.com/companies/juniper-networks/,FALSE
http://dbpedia.org/resource/Funai,http://www.forbes.com/companies/fuji-electric/,FALSE
http://dbpedia.org/resource/Guosen_Securities,http://www.forbes.com/companies/haitong-securities/,FALSE
http://dbpedia.org/resource/Metropolitan_Bank_Group,http://www.forbes.com/companies/east-west-bancorp/,FALSE
http://dbpedia.org/resource/Nunc,http://www.forbes.com/companies/iss/,FALSE
http://dbpedia.org/resource/Panzhihua_Iron_and_Steel,http://www.forbes.com/companies/fosun-international/,FALSE
http://dbpedia.org/resource/Electrabel,http://www.forbes.com/companies/edf/,FALSE
http://dbpedia.org/resource/China_National_Petroleum_Corporation,http://www.forbes.com/companies/petrochina/,FALSE
http://dbpedia.org/resource/StarWind_Software,http://www.forbes.com/companies/intuit/,FALSE
http://dbpedia.org/resource/Dongfeng_Motor_Company,http://www.forbes.com/companies/byd/,FALSE
http://dbpedia.org/resource/Funai,http://www.forbes.com/companies/fujitsu/,FALSE
http://dbpedia.org/resource/China_State_Construction_International_Holdings,http://www.forbes.com/companies/china-railway-group/,FALSE
http://dbpedia.org/resource/Microsoft,http://www.forbes.com/companies/ca/,FALSE
http://dbpedia.org/resource/Chongqing_International_Construction_Corporation,http://www.forbes.com/companies/china-national-chemical/,FALSE
http://dbpedia.org/resource/Hokkaido_Bank,http://www.forbes.com/companies/kagoshima-bank/,FALSE
http://dbpedia.org/resource/Japan_Post_Bank,http://www.forbes.com/companies/musashino-bank/,FALSE
http://dbpedia.org/resource/Maanshan_Iron_and_Steel_Company,http://www.forbes.com/companies/shanxi-taigang-stainless/,FALSE
http://dbpedia.org/resource/Standard_Steel_Casting_Company,http://www.forbes.com/companies/reliance-steel/,FALSE
http://dbpedia.org/resource/BRF_S.A.,http://www.forbes.com/companies/bmf-bovespa/,FALSE
http://dbpedia.org/resource/American_States_Water,http://www.forbes.com/companies/aes/,FALSE
http://dbpedia.org/resource/NCG_Banco,http://www.forbes.com/companies/banco-de-sabadell/,FALSE
http://dbpedia.org/resource/United_Aircraft,http://www.forbes.com/companies/delta-air-lines/,FALSE
http://dbpedia.org/resource/Japan_Post_Bank,http://www.forbes.com/companies/joyo-bank/,FALSE
http://dbpedia.org/resource/Sansei_Technologies,http://www.forbes.com/companies/secom/,FALSE
http://dbpedia.org/resource/Whole_Foods_Co-op,http://www.forbes.com/companies/whole-foods-market/,FALSE
http://dbpedia.org/resource/Guangzhou_Shipyard_International,http://www.forbes.com/companies/china-shipbuilding-industry/,FALSE
http://dbpedia.org/resource/Ericsson_Mobile_Communications,http://www.forbes.com/companies/teliasonera/,FALSE
http://dbpedia.org/resource/Hyundai_Mobis,http://www.forbes.com/companies/hyundai-wia/,FALSE
http://dbpedia.org/resource/Sino_Group,http://www.forbes.com/companies/sinohydro-group/,FALSE
http://dbpedia.org/resource/Renesas_Electronics,http://www.forbes.com/companies/nec/,FALSE
http://dbpedia.org/resource/Westamerica_Bank,http://www.forbes.com/companies/city-national/,FALSE
http://dbpedia.org/resource/TASCAM,http://www.forbes.com/companies/tdk/,FALSE
http://dbpedia.org/resource/Banco_Gallego,http://www.forbes.com/companies/bankinter/,FALSE
http://dbpedia.org/resource/BankBazaar,http://www.forbes.com/companies/bank-of-baroda/,FALSE
http://dbpedia.org/resource/China_Shenhua_Energy_Company,http://www.forbes.com/companies/china-yangtze-power/,FALSE
http://dbpedia.org/resource/Shanghai_Petrochemical,http://www.forbes.com/companies/shanghai-material-trading/,FALSE
http://dbpedia.org/resource/Abu_Dhabi_Commercial_Bank,http://www.forbes.com/companies/dubai-islamic-bank/,FALSE
http://dbpedia.org/resource/Metropolitan_Bank_Group,http://www.forbes.com/companies/signature-bank/,FALSE
http://dbpedia.org/resource/Wuhan_Iron_and_Steel,http://www.forbes.com/companies/china-steel/,FALSE
http://dbpedia.org/resource/Alenia_Aeronautica,http://www.forbes.com/companies/finmeccanica/,FALSE
http://dbpedia.org/resource/Datang_Telecom,http://www.forbes.com/companies/china-communications-services/,FALSE
http://dbpedia.org/resource/Genzyme,http://www.forbes.com/companies/regeneron-pharmaceuticals/,FALSE
http://dbpedia.org/resource/Computacenter,http://www.forbes.com/companies/dixons-retail/,FALSE
http://dbpedia.org/resource/Microsoft,http://www.forbes.com/companies/microsoft/,TRUE
http://dbpedia.org/resource/Staples_Inc.,http://www.forbes.com/companies/staples/,TRUE
http://dbpedia.org/resource/NCR_Corporation,http://www.forbes.com/companies/ncr/,TRUE
http://dbpedia.org/resource/Kone,http://www.forbes.com/companies/kone/,TRUE
http://dbpedia.org/resource/Carbon_Energy,http://www.forbes.com/companies/agl-energy/,FALSE
http://dbpedia.org/resource/Frontier_Communications,http://www.forbes.com/companies/charter-communications/,FALSE
http://dbpedia.org/resource/Piedmont_Natural_Gas,http://www.forbes.com/companies/centerpoint-energy/,FALSE
http://dbpedia.org/resource/Haitong_Securities,http://www.forbes.com/companies/huatai-securities/,FALSE
http://dbpedia.org/resource/Day_Software,http://www.forbes.com/companies/swisscom/,FALSE
http://dbpedia.org/resource/Farmers_Insurance_Group,http://www.forbes.com/companies/principal-financial-group/,FALSE
http://dbpedia.org/resource/Kingdom_Holding_Company,http://www.forbes.com/companies/al-rajhi-bank/,FALSE
http://dbpedia.org/resource/Bridge_Communications,http://www.forbes.com/companies/charter-communications/,FALSE
http://dbpedia.org/resource/Sinosteel,http://www.forbes.com/companies/hebei-iron-steel/,FALSE
http://dbpedia.org/resource/Hokuriku_Electric_Power_Company,http://www.forbes.com/companies/electric-power-development/,FALSE
http://dbpedia.org/resource/TalkTalk_Business,http://www.forbes.com/companies/capita/,FALSE
http://dbpedia.org/resource/China_Railway_Corporation,http://www.forbes.com/companies/metallurgical-corp-of-china/,FALSE
http://dbpedia.org/resource/Santander_Group,http://www.forbes.com/companies/liberbank/,FALSE
http://dbpedia.org/resource/China_Railway_Engineering_Corporation,http://www.forbes.com/companies/china-state-construction/,FALSE
http://dbpedia.org/resource/Unite_Group,http://www.forbes.com/companies/bt-group/,FALSE
http://dbpedia.org/resource/The_Emirates_Group,http://www.forbes.com/companies/emirates-nbd/,FALSE
http://dbpedia.org/resource/CITS_Group_Corporation,http://www.forbes.com/companies/citic-securities/,FALSE
http://dbpedia.org/resource/Metropolitan_Bank_Group,http://www.forbes.com/companies/metropolitan-bank-trust/,FALSE
http://dbpedia.org/resource/American_Automotive_Equipment,http://www.forbes.com/companies/johnson-controls/,FALSE
http://dbpedia.org/resource/Bashneft,http://www.forbes.com/companies/transneft/,FALSE
http://dbpedia.org/resource/Renesas_Electronics,http://www.forbes.com/companies/tdk/,FALSE
http://dbpedia.org/resource/Banco_Etcheverr%C3%ADa,http://www.forbes.com/companies/bbva-banco-bilbao-vizcaya/,FALSE
http://dbpedia.org/resource/Profit_Investment_Management,http://www.forbes.com/companies/fannie-mae/,FALSE
http://dbpedia.org/resource/Sky_Cable_Corporation,http://www.forbes.com/companies/cablevision/,FALSE
http://dbpedia.org/resource/Bank_of_Singapore,http://www.forbes.com/companies/dbs-group/,FALSE
http://dbpedia.org/resource/Towada_Kank%C5%8D_Electric_Railway,http://www.forbes.com/companies/odakyu-electric-railway/,FALSE
http://dbpedia.org/resource/EDF_Incorporated,http://www.forbes.com/companies/edf/,FALSE
http://dbpedia.org/resource/People's_Insurance_Company_of_China,http://www.forbes.com/companies/cathay-financial/,FALSE
http://dbpedia.org/resource/Energetick%C3%BD_a_pr%C5%AFmyslov%C3%BD_holding,http://www.forbes.com/companies/cez-group/,FALSE
http://dbpedia.org/resource/Coors_Brewing_Company,http://www.forbes.com/companies/molson-coors-brewing/,FALSE
http://dbpedia.org/resource/McDonald's_Israel,http://www.forbes.com/companies/mcdonalds/,FALSE
http://dbpedia.org/resource/Bank_of_Bahrain_and_Kuwait,http://www.forbes.com/companies/kuwait-finance-house/,FALSE
http://dbpedia.org/resource/Information_Builders,http://www.forbes.com/companies/ibm/,FALSE
http://dbpedia.org/resource/Eletrosul,http://www.forbes.com/companies/weg/,FALSE
http://dbpedia.org/resource/Westinghouse_Broadcasting,http://www.forbes.com/companies/comcast/,FALSE
http://dbpedia.org/resource/Accessible_Home_Health_Care,http://www.forbes.com/companies/community-health-sys/,FALSE
http://dbpedia.org/resource/Great_Wall_Motors,http://www.forbes.com/companies/great-wall-technology/,FALSE
http://dbpedia.org/resource/Metro_Bank_(United_Kingdom),http://www.forbes.com/companies/hsbc-holdings/,FALSE
http://dbpedia.org/resource/Xcel_Energy,http://www.forbes.com/companies/exelon/,FALSE
http://dbpedia.org/resource/Monster_Beverage,http://www.forbes.com/companies/molson-coors-brewing/,FALSE
http://dbpedia.org/resource/Polska_Grupa_Energetyczna,http://www.forbes.com/companies/grupa-pzu/,FALSE
http://dbpedia.org/resource/Japan_Radio_Company,http://www.forbes.com/companies/east-japan-railway/,FALSE
http://dbpedia.org/resource/Trican_Well_Service,http://www.forbes.com/companies/transcanada/,FALSE
http://dbpedia.org/resource/Chez_Hotels,http://www.forbes.com/companies/wyndham-worldwide/,FALSE
http://dbpedia.org/resource/ON_Semiconductor_Corporation,http://www.forbes.com/companies/intel/,FALSE
http://dbpedia.org/resource/Matsui_Securities,http://www.forbes.com/companies/daiwa-securities/,FALSE
http://dbpedia.org/resource/Hyundai_EP,http://www.forbes.com/companies/hyundai-wia/,FALSE
http://dbpedia.org/resource/Eclipse_Aerospace,http://www.forbes.com/companies/b-e-aerospace/,FALSE
http://dbpedia.org/resource/China_Gerui_Advanced_Materials_Group_Ltd.,http://www.forbes.com/companies/china-national-materials/,FALSE
http://dbpedia.org/resource/Dot_Foods,http://www.forbes.com/companies/whole-foods-market/,FALSE
http://dbpedia.org/resource/Toyota_Motor_Manufacturing_Alabama,http://www.forbes.com/companies/ford-motor/,FALSE
http://dbpedia.org/resource/Adirondack_Beverages,http://www.forbes.com/companies/beam/,FALSE
http://dbpedia.org/resource/Falkland_Oil_and_Gas,http://www.forbes.com/companies/tullow-oil/,FALSE
http://dbpedia.org/resource/Toyota_Motor_Manufacturing_Texas,http://www.forbes.com/companies/tesla-motors/,FALSE
http://dbpedia.org/resource/Dubai_Media_City,http://www.forbes.com/companies/emaar-properties/,FALSE
http://dbpedia.org/resource/Interxion,http://www.forbes.com/companies/oci/,FALSE
http://dbpedia.org/resource/Carvana,http://www.forbes.com/companies/carmax/,FALSE
http://dbpedia.org/resource/Poly_Real_Estate,http://www.forbes.com/companies/sino-land/,FALSE
http://dbpedia.org/resource/Marlabs,http://www.forbes.com/companies/labcorp/,FALSE
http://dbpedia.org/resource/China_State_Construction_Engineering,http://www.forbes.com/companies/china-shipbuilding-industry/,FALSE
http://dbpedia.org/resource/Simple_(bank),http://www.forbes.com/companies/signature-bank/,FALSE
http://dbpedia.org/resource/China_National_Building_Material_Company,http://www.forbes.com/companies/china-railway-construction/,FALSE
http://dbpedia.org/resource/Calsonic_Kansei,http://www.forbes.com/companies/keyence/,FALSE
http://dbpedia.org/resource/E.Digital_Corporation,http://www.forbes.com/companies/tech-data/,FALSE
http://dbpedia.org/resource/Swiss_Life,http://www.forbes.com/companies/sun-life-financial/,FALSE
http://dbpedia.org/resource/Aloha_Petroleum,http://www.forbes.com/companies/occidental-petroleum/,FALSE
http://dbpedia.org/resource/Western_National_Bank,http://www.forbes.com/companies/first-republic-bank/,FALSE
http://dbpedia.org/resource/Currency_Exchange_International,http://www.forbes.com/companies/intercontinentalexchange/,FALSE
http://dbpedia.org/resource/GFI_Software,http://www.forbes.com/companies/fiserv/,FALSE
http://dbpedia.org/resource/Molson_Bank,http://www.forbes.com/companies/bank-of-montreal/,FALSE
http://dbpedia.org/resource/China_Life_Insurance_Company,http://www.forbes.com/companies/china-pacific-insurance/,FALSE
http://dbpedia.org/resource/Ambit_Energy,http://www.forbes.com/companies/alliant-energy/,FALSE
http://dbpedia.org/resource/Dynegy,http://www.forbes.com/companies/nrg-energy/,FALSE
http://dbpedia.org/resource/China_Guodian_Corporation,http://www.forbes.com/companies/china-gezhouba/,FALSE
http://dbpedia.org/resource/Thompson_Creek_Metals,http://www.forbes.com/companies/teck-resources/,FALSE
http://dbpedia.org/resource/Huaneng_Power_International,http://www.forbes.com/companies/china-resources-power/,FALSE
http://dbpedia.org/resource/Ameriprise_Financial,http://www.forbes.com/companies/american-equity-investment/,FALSE
http://dbpedia.org/resource/StarWind_Software,http://www.forbes.com/companies/oracle/,FALSE
http://dbpedia.org/resource/Montana_Power_Company,http://www.forbes.com/companies/ameren/,FALSE
http://dbpedia.org/resource/GVT_TV,http://www.forbes.com/companies/oi/,FALSE
http://dbpedia.org/resource/Nextbio,http://www.forbes.com/companies/celgene/,FALSE
http://dbpedia.org/resource/CBS_Radio,http://www.forbes.com/companies/cbs/,FALSE
http://dbpedia.org/resource/Mitsubishi_Corporation,http://www.forbes.com/companies/mitsui-co/,FALSE
http://dbpedia.org/resource/Freescale_Semiconductor,http://www.forbes.com/companies/xilinx/,FALSE
http://dbpedia.org/resource/Clearwire,http://www.forbes.com/companies/verizon-communications/,FALSE
http://dbpedia.org/resource/Saga_Group,http://www.forbes.com/companies/phoenix-group-holdings/,FALSE
http://dbpedia.org/resource/America_II_Electronics,http://www.forbes.com/companies/agilent-technologies/,FALSE
http://dbpedia.org/resource/Givenchy,http://www.forbes.com/companies/christian-dior/,FALSE
http://dbpedia.org/resource/Icon_Credit_Union,http://www.forbes.com/companies/capital-one-financial/,FALSE
http://dbpedia.org/resource/Quest_Diagnostics,http://www.forbes.com/companies/labcorp/,FALSE
http://dbpedia.org/resource/UTC_Aerospace_Systems,http://www.forbes.com/companies/bae-systems/,FALSE
http://dbpedia.org/resource/Dai-Ichi_Kangyo_Bank,http://www.forbes.com/companies/daishi-bank/,FALSE
http://dbpedia.org/resource/ING_Belgium,http://www.forbes.com/companies/banque-nationale-de-belgique/,FALSE
http://dbpedia.org/resource/Shenzhen_Investment,http://www.forbes.com/companies/citic-securities/,FALSE
http://dbpedia.org/resource/Medicis_Pharmaceutical,http://www.forbes.com/companies/merck-co/,FALSE
http://dbpedia.org/resource/Tokyo_Electric_Power_Company,http://www.forbes.com/companies/chubu-electric-power/,FALSE
http://dbpedia.org/resource/Wells_Fargo,http://www.forbes.com/companies/wells-fargo/,TRUE
http://dbpedia.org/resource/Macy's,http://www.forbes.com/companies/macys/,TRUE
http://dbpedia.org/resource/Teva_Active_Pharmaceutical_Ingredients_(TAPI),http://www.forbes.com/companies/teva-pharmaceutical/,TRUE
http://dbpedia.org/resource/GPT_Group,http://www.forbes.com/companies/gpt-group/,TRUE
http://dbpedia.org/resource/China_National_Offshore_Oil_Corporation,http://www.forbes.com/companies/cnooc/,TRUE
http://dbpedia.org/resource/Garanti_Bank,http://www.forbes.com/companies/garanti-bank/,TRUE
http://dbpedia.org/resource/Viacom_(original),http://www.forbes.com/companies/viacom/,TRUE
http://dbpedia.org/resource/Towers_Watson,http://www.forbes.com/companies/towers-watson/,TRUE
http://dbpedia.org/resource/Israel_Corporation,http://www.forbes.com/companies/israel-corp/,TRUE
http://dbpedia.org/resource/Integrys_Energy_Group,http://www.forbes.com/companies/cms-energy/,FALSE
http://dbpedia.org/resource/Chongqing_International_Construction_Corporation,http://www.forbes.com/companies/china-communications-construction/,FALSE
http://dbpedia.org/resource/ON_Semiconductor_Corporation,http://www.forbes.com/companies/applied-materials/,FALSE
http://dbpedia.org/resource/CHS_Inc.,http://www.forbes.com/companies/hca-holdings/,FALSE
http://dbpedia.org/resource/UniCredit_banka,http://www.forbes.com/companies/unicredit-group/,FALSE
http://dbpedia.org/resource/List_of_Yamaha_guitars,http://www.forbes.com/companies/yamaha-motor/,FALSE
http://dbpedia.org/resource/Primedia_Broadcasting,http://www.forbes.com/companies/naspers/,FALSE
http://dbpedia.org/resource/D/S_Norden,http://www.forbes.com/companies/sydbank/,FALSE
http://dbpedia.org/resource/Lancaster_Laboratories,http://www.forbes.com/companies/labcorp/,FALSE
http://dbpedia.org/resource/99_Cents_Only_Stores,http://www.forbes.com/companies/family-dollar-stores/,FALSE
http://dbpedia.org/resource/Japan_Aviation_Electronics,http://www.forbes.com/companies/sharp/,FALSE
http://dbpedia.org/resource/Delta_Electronics,http://www.forbes.com/companies/advanced-semiconductor/,FALSE
http://dbpedia.org/resource/Harbor_Real_Estate,http://www.forbes.com/companies/two-harbors-investment/,FALSE
http://dbpedia.org/resource/Davis_Motorcar_Company,http://www.forbes.com/companies/tesla-motors/,FALSE
http://dbpedia.org/resource/Vertical_Communications,http://www.forbes.com/companies/cisco-systems/,FALSE
http://dbpedia.org/resource/Korea_Plant_Service_&_Engineering,http://www.forbes.com/companies/gs-engineering/,FALSE
http://dbpedia.org/resource/Shell_Canada,http://www.forbes.com/companies/transcanada/,FALSE
http://dbpedia.org/resource/M%C3%B8llerGruppen,http://www.forbes.com/companies/moller-maersk/,FALSE
http://dbpedia.org/resource/Tokyo_Electron,http://www.forbes.com/companies/omron/,FALSE
http://dbpedia.org/resource/Antigua_Apparel,http://www.forbes.com/companies/vf/,FALSE
http://dbpedia.org/resource/Noble_Energy,http://www.forbes.com/companies/tesoro/,FALSE
http://dbpedia.org/resource/Bank_Handlowy,http://www.forbes.com/companies/pko-bank-polski/,FALSE
http://dbpedia.org/resource/Metropolitan_Bank_Group,http://www.forbes.com/companies/mt-bank/,FALSE
http://dbpedia.org/resource/Xenel,http://www.forbes.com/companies/saudi-electricity/,FALSE
http://dbpedia.org/resource/Sharp_HealthCare,http://www.forbes.com/companies/catamaran/,FALSE
http://dbpedia.org/resource/Glenmark_Pharmaceuticals,http://www.forbes.com/companies/sun-pharma-industries/,FALSE
http://dbpedia.org/resource/China_Communications_Services_Corporation,http://www.forbes.com/companies/china-gezhouba/,FALSE
http://dbpedia.org/resource/Petroleum_&_Resources_Corporation,http://www.forbes.com/companies/marathon-petroleum/,FALSE
http://dbpedia.org/resource/Point-of-Rental_Systems,http://www.forbes.com/companies/united-rentals/,FALSE
http://dbpedia.org/resource/China_Construction_Bank,http://www.forbes.com/companies/china-minsheng-banking/,FALSE
http://dbpedia.org/resource/CI_Financial,http://www.forbes.com/companies/intact-financial/,FALSE
http://dbpedia.org/resource/Empresas_P%C3%BAblicas_de_Medell%C3%ADn,http://www.forbes.com/companies/empresa-de-energia-de-bogota/,FALSE
http://dbpedia.org/resource/Ameresco,http://www.forbes.com/companies/cms-energy/,FALSE
http://dbpedia.org/resource/Chongqing_Iron_and_Steel_Company,http://www.forbes.com/companies/inner-mongolia-baotou-steel/,FALSE
http://dbpedia.org/resource/United_Shipping_&_Trading_Company,http://www.forbes.com/companies/moller-maersk/,FALSE
http://dbpedia.org/resource/Bank_Pekao,http://www.forbes.com/companies/pko-bank-polski/,FALSE
http://dbpedia.org/resource/UAL_Corporation,http://www.forbes.com/companies/packaging-corp-amer/,FALSE
http://dbpedia.org/resource/Shandong_Heavy_Industry,http://www.forbes.com/companies/baoshan-iron-steel/,FALSE
http://dbpedia.org/resource/UK_Financial_Investments,http://www.forbes.com/companies/investec/,FALSE
http://dbpedia.org/resource/Crown_Media_Holdings,http://www.forbes.com/companies/news-corp/,FALSE
http://dbpedia.org/resource/Mitsubishi_UFJ_Financial_Group,http://www.forbes.com/companies/fukuoka-financial-group/,FALSE
http://dbpedia.org/resource/Dubai_International_Capital,http://www.forbes.com/companies/abu-dhabi-commercial/,FALSE
http://dbpedia.org/resource/Pacific_Advantage_Ltd,http://www.forbes.com/companies/first-pacific/,FALSE
http://dbpedia.org/resource/Bristol_Aerospace,http://www.forbes.com/companies/bombardier/,FALSE
http://dbpedia.org/resource/Eclipse_Aviation,http://www.forbes.com/companies/b-e-aerospace/,FALSE
http://dbpedia.org/resource/GE_Energy,http://www.forbes.com/companies/ppl/,FALSE
http://dbpedia.org/resource/Hyundai_Development_Company,http://www.forbes.com/companies/hyundai-engineering/,FALSE
http://dbpedia.org/resource/Tiger_Electronics,http://www.forbes.com/companies/arrow-electronics/,FALSE
http://dbpedia.org/resource/Matsui_Securities,http://www.forbes.com/companies/mitsui-co/,FALSE
http://dbpedia.org/resource/Cypress_Semiconductor,http://www.forbes.com/companies/texas-instruments/,FALSE
http://dbpedia.org/resource/Aichi_Steel,http://www.forbes.com/companies/jfe-holdings/,FALSE
http://dbpedia.org/resource/Alenia_Aermacchi,http://www.forbes.com/companies/finmeccanica/,FALSE
http://dbpedia.org/resource/Ready_Financial,http://www.forbes.com/companies/ameriprise-financial/,FALSE
http://dbpedia.org/resource/Wistron_Corporation,http://www.forbes.com/companies/pegatron/,FALSE
http://dbpedia.org/resource/Simple_(bank),http://www.forbes.com/companies/first-republic-bank/,FALSE
http://dbpedia.org/resource/Krung_Thai_Bank,http://www.forbes.com/companies/bangkok-bank/,FALSE
http://dbpedia.org/resource/Ericsson_Mobile_Communications,http://www.forbes.com/companies/tele2/,FALSE
http://dbpedia.org/resource/Tuborg_Brewery,http://www.forbes.com/companies/carlsberg/,FALSE
http://dbpedia.org/resource/Eagle_Investment_Systems,http://www.forbes.com/companies/e-trade-financial/,FALSE
http://dbpedia.org/resource/Fujian_Motors_Group,http://www.forbes.com/companies/guangzhou-automobile/,FALSE
http://dbpedia.org/resource/Park_Electrochemical_Corp,http://www.forbes.com/companies/ametek/,FALSE
http://dbpedia.org/resource/China_Metallurgical_Group_Corporation,http://www.forbes.com/companies/china-shenhua-energy/,FALSE
http://dbpedia.org/resource/Evergrande_Real_Estate_Group,http://www.forbes.com/companies/greentown-china-holdings/,FALSE
http://dbpedia.org/resource/Western_National_Bank,http://www.forbes.com/companies/bok-financial/,FALSE
http://dbpedia.org/resource/Nanto_Bank,http://www.forbes.com/companies/bank-of-nagoya/,FALSE
http://dbpedia.org/resource/Eraring_Energy,http://www.forbes.com/companies/origin-energy/,FALSE
http://dbpedia.org/resource/Imperial_Tobacco,http://www.forbes.com/companies/british-american-tobacco/,FALSE
http://dbpedia.org/resource/Hokkaido_Bank,http://www.forbes.com/companies/hokkoku-bank/,FALSE
http://dbpedia.org/resource/CBS_Television_Distribution,http://www.forbes.com/companies/directv/,FALSE
http://dbpedia.org/resource/Sinochem_Group,http://www.forbes.com/companies/sinopec-china-petroleum/,FALSE
http://dbpedia.org/resource/Taisei_Corporation,http://www.forbes.com/companies/takeda-pharmaceutical/,FALSE
http://dbpedia.org/resource/China_Resources_Enterprise,http://www.forbes.com/companies/china-railway-group/,FALSE
http://dbpedia.org/resource/Qulliq_Energy,http://www.forbes.com/companies/husky-energy/,FALSE
http://dbpedia.org/resource/Hyundai_EP,http://www.forbes.com/companies/hyundai-heavy-industries/,FALSE
http://dbpedia.org/resource/Hyundai_Development_Company,http://www.forbes.com/companies/hyundai-wia/,FALSE
"http://dbpedia.org/resource/City_Water,_Light_&_Power",http://www.forbes.com/companies/alliant-energy/,FALSE
"http://dbpedia.org/resource/City_Water,_Light_&_Power",http://www.forbes.com/companies/ppl/,FALSE
http://dbpedia.org/resource/NexGen_Storage,http://www.forbes.com/companies/netapp/,FALSE
http://dbpedia.org/resource/Xcel_Energy,http://www.forbes.com/companies/nrg-energy/,FALSE
http://dbpedia.org/resource/Changfeng_Motor,http://www.forbes.com/companies/dongfeng-motor-group/,FALSE
http://dbpedia.org/resource/Louisiana-Pacific,http://www.forbes.com/companies/union-pacific/,FALSE
http://dbpedia.org/resource/Paramount_Equity,http://www.forbes.com/companies/equity-residential/,FALSE
http://dbpedia.org/resource/Champion_Energy,http://www.forbes.com/companies/duke-energy/,FALSE
http://dbpedia.org/resource/EverBank,http://www.forbes.com/companies/suntrust-banks/,FALSE
http://dbpedia.org/resource/Matsui_Securities,http://www.forbes.com/companies/nomura-holdings/,FALSE
http://dbpedia.org/resource/Saudi_Advanced_Industries_Company,http://www.forbes.com/companies/saudi-investment-bank/,FALSE
http://dbpedia.org/resource/Duke_Energy,http://www.forbes.com/companies/oge-energy/,FALSE
http://dbpedia.org/resource/Aloha_Petroleum,http://www.forbes.com/companies/oneok/,FALSE
http://dbpedia.org/resource/Kansas_City_Power_and_Light_Company,http://www.forbes.com/companies/alliant-energy/,FALSE
http://dbpedia.org/resource/Dubai_Banking_Group,http://www.forbes.com/companies/abu-dhabi-islamic-bank/,FALSE
http://dbpedia.org/resource/China_Construction_Bank,http://www.forbes.com/companies/china-state-construction/,FALSE
http://dbpedia.org/resource/Fenosa,http://www.forbes.com/companies/gas-natural-fenosa/,TRUE
http://dbpedia.org/resource/Hong_Kong_Exchanges_and_Clearing,http://www.forbes.com/companies/hong-kong-exchanges/,TRUE
http://dbpedia.org/resource/Illumina_(company),http://www.forbes.com/companies/illumina/,TRUE
http://dbpedia.org/resource/Tenaga_Nasional,http://www.forbes.com/companies/tenaga-nasional/,TRUE
http://dbpedia.org/resource/Minsheng_Banking_Corp,http://www.forbes.com/companies/china-minsheng-banking/,TRUE
http://dbpedia.org/resource/Sherwin-Williams,http://www.forbes.com/companies/sherwin-williams/,TRUE
http://dbpedia.org/resource/TDC_A/S,http://www.forbes.com/companies/tdc/,TRUE
http://dbpedia.org/resource/Fosun_International_Limited,http://www.forbes.com/companies/fosun-international/,TRUE
http://dbpedia.org/resource/Pou_Chen_Corporation,http://www.forbes.com/companies/pou-chen/,TRUE
http://dbpedia.org/resource/United_Overseas_Bank,http://www.forbes.com/companies/united-overseas-bank/,TRUE
http://dbpedia.org/resource/FMC_Corporation,http://www.forbes.com/companies/fmc/,TRUE
http://dbpedia.org/resource/Western_Refining,http://www.forbes.com/companies/western-refining/,TRUE
http://dbpedia.org/resource/Sumitomo_Mitsui_Financial_Group,http://www.forbes.com/companies/mitsui-co/,FALSE
http://dbpedia.org/resource/Israel_Aerospace_Industries,http://www.forbes.com/companies/israel-corp/,FALSE
http://dbpedia.org/resource/Combined_Insurance,http://www.forbes.com/companies/allstate/,FALSE
http://dbpedia.org/resource/MidAmerican_Energy_Company,http://www.forbes.com/companies/devon-energy/,FALSE
http://dbpedia.org/resource/Lite-On,http://www.forbes.com/companies/innolux/,FALSE
http://dbpedia.org/resource/Gree_Electric,http://www.forbes.com/companies/guangdong-electric/,FALSE
http://dbpedia.org/resource/China_Construction_Bank,http://www.forbes.com/companies/china-everbright-bank/,FALSE
http://dbpedia.org/resource/American_Television_Distribution,http://www.forbes.com/companies/directv/,FALSE
http://dbpedia.org/resource/SanDisk,http://www.forbes.com/companies/western-digital/,FALSE
http://dbpedia.org/resource/Mitsubishi_Corporation,http://www.forbes.com/companies/mitsubishi-estate/,FALSE
"http://dbpedia.org/resource/City_Water,_Light_&_Power",http://www.forbes.com/companies/firstenergy/,FALSE
http://dbpedia.org/resource/Vital_Pharmaceuticals,http://www.forbes.com/companies/cardinal-health/,FALSE
http://dbpedia.org/resource/Dubai_Group,http://www.forbes.com/companies/noble-group/,FALSE
http://dbpedia.org/resource/Banco_Gallego,http://www.forbes.com/companies/bankia/,FALSE
http://dbpedia.org/resource/Swisscom,http://www.forbes.com/companies/abb/,FALSE
http://dbpedia.org/resource/Westamerica_Bank,http://www.forbes.com/companies/us-bancorp/,FALSE
http://dbpedia.org/resource/Korea_Plant_Service_&_Engineering,http://www.forbes.com/companies/hyundai-engineering/,FALSE
http://dbpedia.org/resource/Bank_of_China,http://www.forbes.com/companies/industrial-bank/,FALSE
http://dbpedia.org/resource/Bank_of_Taizhou,http://www.forbes.com/companies/bank-of-beijing/,FALSE
http://dbpedia.org/resource/Australia_Pacific_Airports_Corporation,http://www.forbes.com/companies/amp/,FALSE
http://dbpedia.org/resource/Taikang_Life,http://www.forbes.com/companies/china-life-insurance-taiwan/,FALSE
http://dbpedia.org/resource/Hyundai_Glovis,http://www.forbes.com/companies/hyundai-motor/,FALSE
http://dbpedia.org/resource/ON_Semiconductor_Corporation,http://www.forbes.com/companies/nvidia/,FALSE
http://dbpedia.org/resource/Co-operative_Banking_Group,http://www.forbes.com/companies/barclays/,FALSE
http://dbpedia.org/resource/Dai-Ichi_Kangyo_Bank,http://www.forbes.com/companies/bank-of-kyoto/,FALSE
http://dbpedia.org/resource/Sabah_Gas_Industries,http://www.forbes.com/companies/petronas-gas/,FALSE
http://dbpedia.org/resource/Assurant_Employee_Benefits,http://www.forbes.com/companies/assurant/,FALSE
http://dbpedia.org/resource/Great_Plains_Energy,http://www.forbes.com/companies/devon-energy/,FALSE
http://dbpedia.org/resource/Microsoft_Japan,http://www.forbes.com/companies/nintendo/,FALSE
http://dbpedia.org/resource/Gerber_Life_Insurance_Company,http://www.forbes.com/companies/american-equity-investment/,FALSE
http://dbpedia.org/resource/Commercial_Iron_Works,http://www.forbes.com/companies/us-steel/,FALSE
http://dbpedia.org/resource/China_State_Construction_Engineering,http://www.forbes.com/companies/csr/,FALSE
http://dbpedia.org/resource/CenturyLink,http://www.forbes.com/companies/comcast/,FALSE
http://dbpedia.org/resource/China_Southern_Power_Grid_Company,http://www.forbes.com/companies/datang-international-power/,FALSE
http://dbpedia.org/resource/G4S_Secure_Solutions_d.o.o.,http://www.forbes.com/companies/g4s/,FALSE
http://dbpedia.org/resource/Meisei_Electric,http://www.forbes.com/companies/tdk/,FALSE
http://dbpedia.org/resource/TSB_Bank_(United_Kingdom),http://www.forbes.com/companies/royal-bank-of-scotland/,FALSE
http://dbpedia.org/resource/China_Shipping_Development,http://www.forbes.com/companies/china-railway-construction/,FALSE
http://dbpedia.org/resource/Graub%C3%BCndner_Kantonalbank,http://www.forbes.com/companies/luzerner-kantonalbank/,FALSE
http://dbpedia.org/resource/Nykredit,http://www.forbes.com/companies/sydbank/,FALSE
http://dbpedia.org/resource/Banca_Popolare_dell'Emilia_Romagna,http://www.forbes.com/companies/banca-popolare-di-sondrio/,FALSE
http://dbpedia.org/resource/Centaline_Property_Agency,http://www.forbes.com/companies/henderson-land/,FALSE
http://dbpedia.org/resource/National_Electric_Vehicle_Sweden,http://www.forbes.com/companies/autoliv/,FALSE
http://dbpedia.org/resource/Hongkong_Land,http://www.forbes.com/companies/henderson-land/,FALSE
http://dbpedia.org/resource/BankUnited,http://www.forbes.com/companies/wells-fargo/,FALSE
http://dbpedia.org/resource/Tata_McGraw-Hill,http://www.forbes.com/companies/mcgraw-hill-cos/,FALSE
http://dbpedia.org/resource/US_Foods,http://www.forbes.com/companies/whole-foods-market/,FALSE
http://dbpedia.org/resource/Hyundai_Development_Company_Group,http://www.forbes.com/companies/hyundai-heavy-industries/,FALSE
http://dbpedia.org/resource/Dongfang_Electric,http://www.forbes.com/companies/datang-international-power/,FALSE
http://dbpedia.org/resource/Tower_Semiconductor,http://www.forbes.com/companies/texas-instruments/,FALSE
http://dbpedia.org/resource/Sharp_HealthCare,http://www.forbes.com/companies/express-scripts/,FALSE
http://dbpedia.org/resource/Shaanxi_Automobile_Group,http://www.forbes.com/companies/chongqing-changan-aut/,FALSE
http://dbpedia.org/resource/U.S._HealthWorks,http://www.forbes.com/companies/cardinal-health/,FALSE
http://dbpedia.org/resource/Bank_of_Bahrain_and_Kuwait,http://www.forbes.com/companies/commercial-bank-of-qatar/,FALSE
http://dbpedia.org/resource/Liberman_Broadcasting,http://www.forbes.com/companies/liberty-media-1/,FALSE
http://dbpedia.org/resource/Benefis_Health_System,http://www.forbes.com/companies/community-health-sys/,FALSE
"http://dbpedia.org/resource/Zhuzhou_CSR_Times_Electric_Co.,_Ltd.",http://www.forbes.com/companies/sichuan-changhong-electric/,FALSE
http://dbpedia.org/resource/Ernst_Home_Centers,http://www.forbes.com/companies/home-depot/,FALSE
http://dbpedia.org/resource/Noble_Energy,http://www.forbes.com/companies/denbury-resources/,FALSE
http://dbpedia.org/resource/Gerber_Life_Insurance_Company,http://www.forbes.com/companies/metlife/,FALSE
http://dbpedia.org/resource/NB&T_Financial_Group,http://www.forbes.com/companies/bbt/,FALSE
http://dbpedia.org/resource/Graub%C3%BCndner_Kantonalbank,http://www.forbes.com/companies/valiant-holding/,FALSE
http://dbpedia.org/resource/Microsoft_Japan,http://www.forbes.com/companies/sony/,FALSE
http://dbpedia.org/resource/EDF_Incorporated,http://www.forbes.com/companies/edison-international/,FALSE
http://dbpedia.org/resource/Creative_Technology,http://www.forbes.com/companies/flextronics-international/,FALSE
http://dbpedia.org/resource/Medicis_Pharmaceutical,http://www.forbes.com/companies/allergan/,FALSE
http://dbpedia.org/resource/EverBank,http://www.forbes.com/companies/east-west-bancorp/,FALSE
http://dbpedia.org/resource/Kingdom_Holding_Company,http://www.forbes.com/companies/saudi-telecom/,FALSE
http://dbpedia.org/resource/Japan_Post,http://www.forbes.com/companies/japan-airlines/,FALSE
http://dbpedia.org/resource/The_Coffee_Bean_&_Tea_Leaf,http://www.forbes.com/companies/starbucks/,FALSE
http://dbpedia.org/resource/Shandong_Energy,http://www.forbes.com/companies/china-coal-energy/,FALSE
http://dbpedia.org/resource/GE_Energy,http://www.forbes.com/companies/oge-energy/,FALSE
http://dbpedia.org/resource/Qualitynet,http://www.forbes.com/companies/kuwait-projects/,FALSE
http://dbpedia.org/resource/Gazprom_EP_International_B.V.,http://www.forbes.com/companies/gazprom/,FALSE
http://dbpedia.org/resource/US_Cable,http://www.forbes.com/companies/cablevision/,FALSE
http://dbpedia.org/resource/Move_One_Inc,http://www.forbes.com/companies/dp-world/,FALSE
http://dbpedia.org/resource/Abu_Dhabi_Investment_Council,http://www.forbes.com/companies/abu-dhabi-islamic-bank/,FALSE
http://dbpedia.org/resource/Media_Rights_Capital,http://www.forbes.com/companies/new-media-investment-group/,FALSE
http://dbpedia.org/resource/Gatehouse_Bank,http://www.forbes.com/companies/barclays/,FALSE
http://dbpedia.org/resource/Neiman_Marcus,http://www.forbes.com/companies/macys/,FALSE
http://dbpedia.org/resource/Prairie_Farms_Dairy,http://www.forbes.com/companies/dean-foods/,FALSE
http://dbpedia.org/resource/Toyota_Peugeot_Citro%C3%ABn_Automobile_Czech,http://www.forbes.com/companies/peugeot/,FALSE
"http://dbpedia.org/resource/Electron_Technologies,_Inc.",http://www.forbes.com/companies/arrow-electronics/,FALSE
http://dbpedia.org/resource/Toyota_Motor_Engineering_&_Manufacturing_North_America,http://www.forbes.com/companies/honda-motor/,FALSE
http://dbpedia.org/resource/Turkcell,http://www.forbes.com/companies/turk-telekom/,FALSE
http://dbpedia.org/resource/Glorious_Property_Holdings,http://www.forbes.com/companies/greentown-china-holdings/,FALSE
http://dbpedia.org/resource/BeTV_(Belgium),http://www.forbes.com/companies/belgacom/,FALSE
http://dbpedia.org/resource/Berkshire_Hathaway,http://www.forbes.com/companies/wr-berkley/,FALSE
http://dbpedia.org/resource/Huntsman_Corporation,http://www.forbes.com/companies/huntsman/,TRUE
http://dbpedia.org/resource/Bangkok_Bank,http://www.forbes.com/companies/bangkok-bank/,TRUE
http://dbpedia.org/resource/Shanghai_International_Port_(Group),http://www.forbes.com/companies/shanghai-international-port/,TRUE
http://dbpedia.org/resource/Eletrobras,http://www.forbes.com/companies/eletrobras/,TRUE
http://dbpedia.org/resource/EMC_Corporation,http://www.forbes.com/companies/emc/,TRUE
http://dbpedia.org/resource/COSCO_(Hong_Kong)_Group,http://www.forbes.com/companies/china-cosco-holdings/,TRUE
http://dbpedia.org/resource/Gazprom_Neft,http://www.forbes.com/companies/tatneft/,FALSE
http://dbpedia.org/resource/Anshan_Iron_&_Steel_Group_Corporation,http://www.forbes.com/companies/shandong-iron-and-steel/,FALSE
http://dbpedia.org/resource/Dutch_Boy_Paint,http://www.forbes.com/companies/sherwin-williams/,FALSE
http://dbpedia.org/resource/Super-Pharm,http://www.forbes.com/companies/teva-pharmaceutical/,FALSE
http://dbpedia.org/resource/Shell_Canada,http://www.forbes.com/companies/power-corp-of-canada/,FALSE
http://dbpedia.org/resource/BYD_Electronic,http://www.forbes.com/companies/boe-technology-group/,FALSE
http://dbpedia.org/resource/TC_Transcontinental,http://www.forbes.com/companies/canadian-national-railway/,FALSE
http://dbpedia.org/resource/China_Communications_Services_Corporation,http://www.forbes.com/companies/metallurgical-corp-of-china/,FALSE
http://dbpedia.org/resource/R._J._Reynolds_Tobacco_Company,http://www.forbes.com/companies/lorillard/,FALSE
http://dbpedia.org/resource/Bank_Mizrahi-Tefahot,http://www.forbes.com/companies/israel-discount-bank/,FALSE
http://dbpedia.org/resource/HealthUnity,http://www.forbes.com/companies/unitedhealth-group/,FALSE
http://dbpedia.org/resource/Walgreens,http://www.forbes.com/companies/rite-aid/,FALSE
http://dbpedia.org/resource/Bank_of_Beijing,http://www.forbes.com/companies/china-citic-bank/,FALSE
http://dbpedia.org/resource/Keytrade_Bank,http://www.forbes.com/companies/dexia/,FALSE
http://dbpedia.org/resource/Al_Tayer_Group,http://www.forbes.com/companies/emirates-integrated-telecom/,FALSE
http://dbpedia.org/resource/San_Diego_Gas_&_Electric,http://www.forbes.com/companies/aes/,FALSE
http://dbpedia.org/resource/The_Pepsi_Bottling_Group,http://www.forbes.com/companies/dr-pepper-snapple/,FALSE
http://dbpedia.org/resource/Aichi_Steel,http://www.forbes.com/companies/kobe-steel/,FALSE
http://dbpedia.org/resource/Garanti_Bank,http://www.forbes.com/companies/vakifbank/,FALSE
http://dbpedia.org/resource/Waste_Management_Inc,http://www.forbes.com/companies/republic-services/,FALSE
http://dbpedia.org/resource/Drake's_Brewing_Company,http://www.forbes.com/companies/molson-coors-brewing/,FALSE
http://dbpedia.org/resource/Freescale_Semiconductor,http://www.forbes.com/companies/microchip-technology/,FALSE
http://dbpedia.org/resource/Microsoft_Japan,http://www.forbes.com/companies/nec/,FALSE
http://dbpedia.org/resource/Moon_Motor_Car,http://www.forbes.com/companies/ford-motor/,FALSE
http://dbpedia.org/resource/Metro_Bank_(United_Kingdom),http://www.forbes.com/companies/barclays/,FALSE
http://dbpedia.org/resource/Metro_Pacific_Investments_Corporation,http://www.forbes.com/companies/first-pacific/,FALSE
http://dbpedia.org/resource/Yamaichi_Securities,http://www.forbes.com/companies/japan-securities/,FALSE
http://dbpedia.org/resource/Combined_Insurance,http://www.forbes.com/companies/markel/,FALSE
http://dbpedia.org/resource/FMC_Corporation,http://www.forbes.com/companies/fmc-technologies/,FALSE
http://dbpedia.org/resource/China_Overseas_Land_and_Investment_Limited,http://www.forbes.com/companies/sino-ocean-land-holdings/,FALSE
http://dbpedia.org/resource/H._H._Franklin_Manufacturing_Company,http://www.forbes.com/companies/franklin-resources/,FALSE
http://dbpedia.org/resource/Citi_orient_securities,http://www.forbes.com/companies/financial-street-holdings/,FALSE
http://dbpedia.org/resource/Pinnacle_Petroleum,http://www.forbes.com/companies/anadarko-petroleum/,FALSE
http://dbpedia.org/resource/Churchill_Insurance_Company,http://www.forbes.com/companies/rsa-insurance-group/,FALSE
http://dbpedia.org/resource/TTI_Telecom,http://www.forbes.com/companies/telecom-italia/,FALSE
http://dbpedia.org/resource/Centon_Electronics,http://www.forbes.com/companies/tech-data/,FALSE
http://dbpedia.org/resource/Openreach,http://www.forbes.com/companies/vodafone/,FALSE
http://dbpedia.org/resource/China_Oilfield_Services,http://www.forbes.com/companies/china-communications-services/,FALSE
http://dbpedia.org/resource/CORE_Health_Care,http://www.forbes.com/companies/labcorp/,FALSE
http://dbpedia.org/resource/R._J._Reynolds_Tobacco_Company,http://www.forbes.com/companies/reynolds-american/,FALSE
http://dbpedia.org/resource/Svensson_(company),http://www.forbes.com/companies/skanska/,FALSE
http://dbpedia.org/resource/Raiffeisenbank_(Russia),http://www.forbes.com/companies/raiffeisen-bank-international/,FALSE
http://dbpedia.org/resource/Oki_Electric_Industry,http://www.forbes.com/companies/chugoku-electric-power/,FALSE
http://dbpedia.org/resource/NCG_Banco,http://www.forbes.com/companies/bankinter/,FALSE
http://dbpedia.org/resource/Sabah_Gas_Industries,http://www.forbes.com/companies/petronas-dagangan/,FALSE
http://dbpedia.org/resource/Biostar,http://www.forbes.com/companies/wistron/,FALSE
http://dbpedia.org/resource/Saudi_International_Petrochemical_Company,http://www.forbes.com/companies/savola-group/,FALSE
http://dbpedia.org/resource/Suntory,http://www.forbes.com/companies/asahi-group-holdings/,FALSE
http://dbpedia.org/resource/Marvell_Technology_Group,http://www.forbes.com/companies/microchip-technology/,FALSE
http://dbpedia.org/resource/Bank_of_Bahrain_and_Kuwait,http://www.forbes.com/companies/saudi-british-bank/,FALSE
http://dbpedia.org/resource/China_Shipping_Development,http://www.forbes.com/companies/china-communications-construction/,FALSE
http://dbpedia.org/resource/China_Minmetals,http://www.forbes.com/companies/shaanxi-coal-industry/,FALSE
http://dbpedia.org/resource/Aabar_Investments,http://www.forbes.com/companies/abu-dhabi-islamic-bank/,FALSE
http://dbpedia.org/resource/Community_Health_Systems,http://www.forbes.com/companies/universal-health/,FALSE
http://dbpedia.org/resource/EnergyAustralia,http://www.forbes.com/companies/origin-energy/,FALSE
http://dbpedia.org/resource/Sigma_Alimentos,http://www.forbes.com/companies/alfa/,FALSE
http://dbpedia.org/resource/Krung_Thai_Bank,http://www.forbes.com/companies/kasikornbank/,FALSE
http://dbpedia.org/resource/Civil_and_Electrical_Projects_Contracting_Company,http://www.forbes.com/companies/saudi-telecom/,FALSE
http://dbpedia.org/resource/Tata_Marcopolo,http://www.forbes.com/companies/tata-motors/,FALSE
http://dbpedia.org/resource/Etisalat_Egypt,http://www.forbes.com/companies/etisalat/,FALSE
http://dbpedia.org/resource/Kessel_Food_Markets,http://www.forbes.com/companies/safeway/,FALSE
http://dbpedia.org/resource/Oki_Electric_Industry,http://www.forbes.com/companies/chubu-electric-power/,FALSE
http://dbpedia.org/resource/Gain_Capital,http://www.forbes.com/companies/american-capital-agency/,FALSE
http://dbpedia.org/resource/Ping_An_Insurance,http://www.forbes.com/companies/china-pacific-insurance/,FALSE
http://dbpedia.org/resource/Piedmont_Natural_Gas,http://www.forbes.com/companies/national-grid/,FALSE
http://dbpedia.org/resource/TD_Canada_Trust,http://www.forbes.com/companies/td-bank-group/,FALSE
http://dbpedia.org/resource/Dubai_Islamic_Bank,http://www.forbes.com/companies/abu-dhabi-commercial/,FALSE
http://dbpedia.org/resource/Vectone_Mobile,http://www.forbes.com/companies/vodafone/,FALSE
http://dbpedia.org/resource/KCC_Corporation,http://www.forbes.com/companies/samsung-ct/,FALSE
http://dbpedia.org/resource/Kessel_Food_Markets,http://www.forbes.com/companies/supervalu/,FALSE
http://dbpedia.org/resource/Metropolitan_Bank_Group,http://www.forbes.com/companies/citigroup/,FALSE
http://dbpedia.org/resource/Citizens_Equity_First_Credit_Union,http://www.forbes.com/companies/capital-one-financial/,FALSE
http://dbpedia.org/resource/Preferred_Hotel_Group,http://www.forbes.com/companies/hilton-worldwide/,FALSE
http://dbpedia.org/resource/GOME_Electrical_Appliances,http://www.forbes.com/companies/gree-electric-appliances/,FALSE
http://dbpedia.org/resource/Panzhihua_Iron_and_Steel,http://www.forbes.com/companies/shandong-iron-and-steel/,FALSE
http://dbpedia.org/resource/Chongqing_International_Construction_Corporation,http://www.forbes.com/companies/china-gezhouba/,FALSE
http://dbpedia.org/resource/GE_Energy,http://www.forbes.com/companies/firstenergy/,FALSE
http://dbpedia.org/resource/ImmunoGen,http://www.forbes.com/companies/celgene/,FALSE
http://dbpedia.org/resource/RWE_Supply_&_Trading_CZ,http://www.forbes.com/companies/rwe-group/,FALSE
http://dbpedia.org/resource/Nidec-Shimpo_America_Corporation,http://www.forbes.com/companies/nidec/,FALSE
http://dbpedia.org/resource/United_Bank_(Atlanta_metropolitan_area),http://www.forbes.com/companies/suntrust-banks/,FALSE
http://dbpedia.org/resource/Banco_Pastor,http://www.forbes.com/companies/banco-santander/,FALSE
http://dbpedia.org/resource/Young_Broadcasting,http://www.forbes.com/companies/time-warner-cable/,FALSE
http://dbpedia.org/resource/Advanced_Electronics_Company_Limited,http://www.forbes.com/companies/arrow-electronics/,FALSE
http://dbpedia.org/resource/Equity_Insurance_Group,http://www.forbes.com/companies/equity-assurance/,FALSE
http://dbpedia.org/resource/New_Gold,http://www.forbes.com/companies/silver-wheaton/,FALSE
http://dbpedia.org/resource/Macy's,http://www.forbes.com/companies/kohls/,FALSE
http://dbpedia.org/resource/Duke_Energy,http://www.forbes.com/companies/calpine/,FALSE
http://dbpedia.org/resource/Banco_Gallego,http://www.forbes.com/companies/banco-santander/,FALSE
http://dbpedia.org/resource/Confederation_Life,http://www.forbes.com/companies/power-corp-of-canada/,FALSE
http://dbpedia.org/resource/Duke_Energy,http://www.forbes.com/companies/scana/,FALSE
http://dbpedia.org/resource/HCentive,http://www.forbes.com/companies/hca-holdings/,FALSE
http://dbpedia.org/resource/Dakota_Software,http://www.forbes.com/companies/ca/,FALSE
http://dbpedia.org/resource/CITIC_Securities,http://www.forbes.com/companies/financial-street-holdings/,FALSE
http://dbpedia.org/resource/Bancolombia,http://www.forbes.com/companies/bancolombia/,TRUE
http://dbpedia.org/resource/Guangzhou_Automobile_Industry_Group,http://www.forbes.com/companies/guangzhou-automobile/,TRUE
http://dbpedia.org/resource/Brunswick_Corporation,http://www.forbes.com/companies/brunswick/,TRUE
http://dbpedia.org/resource/Vestas,http://www.forbes.com/companies/vestas-wind-systems/,TRUE
http://dbpedia.org/resource/CEMIG,http://www.forbes.com/companies/cemig/,TRUE
http://dbpedia.org/resource/Bank_of_Beijing,http://www.forbes.com/companies/bank-of-east-asia/,FALSE
http://dbpedia.org/resource/Nuclear_Power_Corporation_of_India,http://www.forbes.com/companies/ntpc/,FALSE
http://dbpedia.org/resource/Sumitomo_Mitsui_Financial_Group,http://www.forbes.com/companies/sumitomo-mitsui-trust/,FALSE
http://dbpedia.org/resource/LG_Display,http://www.forbes.com/companies/samsung-electronics/,FALSE
http://dbpedia.org/resource/HealthUnity,http://www.forbes.com/companies/universal-health/,FALSE
http://dbpedia.org/resource/Oshima_Shipbuilding,http://www.forbes.com/companies/obayashi/,FALSE
http://dbpedia.org/resource/CORE_Health_Care,http://www.forbes.com/companies/community-health-sys/,FALSE
http://dbpedia.org/resource/Hyundai_Development_Company,http://www.forbes.com/companies/hyundai-steel/,FALSE
http://dbpedia.org/resource/Univision_Communications,http://www.forbes.com/companies/discovery-communications/,FALSE
http://dbpedia.org/resource/Mahindra_Ugine_Steel,http://www.forbes.com/companies/steel-authority-of-india/,FALSE
http://dbpedia.org/resource/Wells_Fargo,http://www.forbes.com/companies/us-bancorp/,FALSE
http://dbpedia.org/resource/K%C5%8Dnan_Railway_Company,http://www.forbes.com/companies/west-japan-railway/,FALSE
http://dbpedia.org/resource/Alliant_Credit_Union,http://www.forbes.com/companies/alliant-energy/,FALSE
http://dbpedia.org/resource/Tyan,http://www.forbes.com/companies/quanta-computer/,FALSE
http://dbpedia.org/resource/Ameresco,http://www.forbes.com/companies/alliant-energy/,FALSE
http://dbpedia.org/resource/RWE_Supply_&_Trading_CZ,http://www.forbes.com/companies/cez-group/,FALSE
http://dbpedia.org/resource/E.ON_Russia,http://www.forbes.com/companies/inter-rao/,FALSE
http://dbpedia.org/resource/Louis_Delhaize_Group,http://www.forbes.com/companies/royal-ahold/,FALSE
http://dbpedia.org/resource/Ambit_Energy,http://www.forbes.com/companies/xcel-energy/,FALSE
http://dbpedia.org/resource/Hokuriku_Electric_Power_Company,http://www.forbes.com/companies/chugoku-electric-power/,FALSE
http://dbpedia.org/resource/EC_Harris,http://www.forbes.com/companies/harris/,FALSE
http://dbpedia.org/resource/Sharp_HealthCare,http://www.forbes.com/companies/quest-diagnostics/,FALSE
http://dbpedia.org/resource/BMW_US_Manufacturing_Company,http://www.forbes.com/companies/bmw-group/,FALSE
http://dbpedia.org/resource/Hokuriku_Electric_Power_Company,http://www.forbes.com/companies/hokkaido-electric-power/,FALSE
http://dbpedia.org/resource/American_Public_Power_Association,http://www.forbes.com/companies/firstenergy/,FALSE
http://dbpedia.org/resource/China_National_Building_Material_Company,http://www.forbes.com/companies/metallurgical-corp-of-china/,FALSE
http://dbpedia.org/resource/MidAmerican_Energy_Company,http://www.forbes.com/companies/firstenergy/,FALSE
http://dbpedia.org/resource/Automotive_Components_Holdings,http://www.forbes.com/companies/johnson-controls/,FALSE
http://dbpedia.org/resource/Tsugaru_Railway_Company,http://www.forbes.com/companies/kintetsu/,FALSE
http://dbpedia.org/resource/Vertical_Communications,http://www.forbes.com/companies/level-3-communications/,FALSE
http://dbpedia.org/resource/BioPharm_(US_company),http://www.forbes.com/companies/abbvie/,FALSE
http://dbpedia.org/resource/Lloyds_Bank_of_Canada,http://www.forbes.com/companies/laurentian-bank/,FALSE
http://dbpedia.org/resource/Yanbu_National_Petrochemical_Company,http://www.forbes.com/companies/petro-rabigh/,FALSE
http://dbpedia.org/resource/D/S_Norden,http://www.forbes.com/companies/iss/,FALSE
http://dbpedia.org/resource/Saudi_International_Petrochemical_Company,http://www.forbes.com/companies/saudi-electricity/,FALSE
http://dbpedia.org/resource/Edison_International,http://www.forbes.com/companies/emerson-electric/,FALSE
http://dbpedia.org/resource/Nakheel_Properties,http://www.forbes.com/companies/aldar-properties/,FALSE
http://dbpedia.org/resource/Chaintech,http://www.forbes.com/companies/wistron/,FALSE
http://dbpedia.org/resource/K's_Holdings_Corporation,http://www.forbes.com/companies/kirin-holdings/,FALSE
http://dbpedia.org/resource/US_Foods,http://www.forbes.com/companies/sysco/,FALSE
http://dbpedia.org/resource/Continua_Health_Alliance,http://www.forbes.com/companies/community-health-sys/,FALSE
http://dbpedia.org/resource/Renault_Sport,http://www.forbes.com/companies/renault/,FALSE
http://dbpedia.org/resource/Vegas_Oil_and_Gas,http://www.forbes.com/companies/motor-oil/,FALSE
http://dbpedia.org/resource/Liberty_Mutual,http://www.forbes.com/companies/loews/,FALSE
http://dbpedia.org/resource/Okinawa_Electric_Power_Company,http://www.forbes.com/companies/electric-power-development/,FALSE
http://dbpedia.org/resource/21st_Century_Insurance,http://www.forbes.com/companies/american-natl-ins/,FALSE
http://dbpedia.org/resource/Bank_of_China,http://www.forbes.com/companies/chang-hwa-bank/,FALSE
http://dbpedia.org/resource/Kintetsu_Department_Store,http://www.forbes.com/companies/isetan-mitsukoshi-holdings/,FALSE
http://dbpedia.org/resource/Banco_de_Occidente,http://www.forbes.com/companies/bancolombia/,FALSE
http://dbpedia.org/resource/GenOn_Energy,http://www.forbes.com/companies/oge-energy/,FALSE
http://dbpedia.org/resource/ICT_Group_(Russia),http://www.forbes.com/companies/idgc-holding/,FALSE
http://dbpedia.org/resource/Sama_Dubai,http://www.forbes.com/companies/dp-world/,FALSE
http://dbpedia.org/resource/Mawarid_Holding,http://www.forbes.com/companies/mobily/,FALSE
http://dbpedia.org/resource/Gazprom_Neft,http://www.forbes.com/companies/rosneft/,FALSE
http://dbpedia.org/resource/Maersk_Drilling,http://www.forbes.com/companies/seadrill/,FALSE
http://dbpedia.org/resource/Everbright_Securities,http://www.forbes.com/companies/china-everbright-bank/,FALSE
http://dbpedia.org/resource/Citi_orient_securities,http://www.forbes.com/companies/china-citic-bank/,FALSE
http://dbpedia.org/resource/Tangsteel,http://www.forbes.com/companies/inner-mongolia-baotou-steel/,FALSE
http://dbpedia.org/resource/Herstal_Group,http://www.forbes.com/companies/delhaize-group/,FALSE
http://dbpedia.org/resource/Angang_Steel_Company,http://www.forbes.com/companies/maanshan-iron-steel/,FALSE
http://dbpedia.org/resource/Oasis_Investment_Company,http://www.forbes.com/companies/aldar-properties/,FALSE
http://dbpedia.org/resource/Chang'an_Automobile_Group,http://www.forbes.com/companies/sichuan-changhong-electric/,FALSE
http://dbpedia.org/resource/Westamerica_Bank,http://www.forbes.com/companies/first-republic-bank/,FALSE
http://dbpedia.org/resource/Industrial_and_Commercial_Bank_of_China,http://www.forbes.com/companies/bank-of-china/,FALSE
http://dbpedia.org/resource/First_Midwest_Bancorp,http://www.forbes.com/companies/zions-bancorp/,FALSE
http://dbpedia.org/resource/Universal_Cable_Productions,http://www.forbes.com/companies/time-warner-cable/,FALSE
http://dbpedia.org/resource/QNB_Group,http://www.forbes.com/companies/doha-bank/,FALSE
http://dbpedia.org/resource/Abu_Dhabi_Investment_Council,http://www.forbes.com/companies/abu-dhabi-commercial/,FALSE
http://dbpedia.org/resource/American_Public_Power_Association,http://www.forbes.com/companies/pge/,FALSE
http://dbpedia.org/resource/Queensland_Energy_Resources,http://www.forbes.com/companies/origin-energy/,FALSE
http://dbpedia.org/resource/Gateway_Packaging,http://www.forbes.com/companies/rock-tenn/,FALSE
http://dbpedia.org/resource/Toyota_Motor_Manufacturing_Alabama,http://www.forbes.com/companies/honda-motor/,FALSE
http://dbpedia.org/resource/Citadel_Broadcasting,http://www.forbes.com/companies/charter-communications/,FALSE
http://dbpedia.org/resource/National_Healthcare_Corp.,http://www.forbes.com/companies/hca-holdings/,FALSE
http://dbpedia.org/resource/Petrobank_Energy_and_Resources,http://www.forbes.com/companies/pacific-rubiales-energy/,FALSE
http://dbpedia.org/resource/Fox_Fuse,http://www.forbes.com/companies/twenty-first-century-fox-inc/,FALSE
http://dbpedia.org/resource/Ready_Financial,http://www.forbes.com/companies/first-niagara-financial/,FALSE
http://dbpedia.org/resource/Marathon_Technologies,http://www.forbes.com/companies/marathon-oil/,FALSE
http://dbpedia.org/resource/DI_Corporation,http://www.forbes.com/companies/ls-corp/,FALSE
http://dbpedia.org/resource/Discovery_Digital_Networks,http://www.forbes.com/companies/discovery-communications/,FALSE
http://dbpedia.org/resource/Russel_Metals,http://www.forbes.com/companies/silver-wheaton/,FALSE
http://dbpedia.org/resource/GenOn_Energy,http://www.forbes.com/companies/cms-energy/,FALSE
http://dbpedia.org/resource/Combined_Insurance,http://www.forbes.com/companies/erie-indemnity/,FALSE
http://dbpedia.org/resource/China_Communications_Services_Corporation,http://www.forbes.com/companies/china-state-construction/,FALSE
http://dbpedia.org/resource/Island_Pacific_Energy,http://www.forbes.com/companies/alliant-energy/,FALSE
http://dbpedia.org/resource/Western_National_Bank,http://www.forbes.com/companies/wells-fargo/,FALSE
http://dbpedia.org/resource/ONE_Gas,http://www.forbes.com/companies/centerpoint-energy/,FALSE
http://dbpedia.org/resource/Rakuto_Kasei,http://www.forbes.com/companies/rakuten/,FALSE
http://dbpedia.org/resource/Xingye_Copper,http://www.forbes.com/companies/jiangxi-copper/,FALSE
http://dbpedia.org/resource/CDS_Global,http://www.forbes.com/companies/cme-group/,FALSE
http://dbpedia.org/resource/LINE_Corporation,http://www.forbes.com/companies/ls-corp/,FALSE
http://dbpedia.org/resource/Cambridge_Semiconductor_Limited,http://www.forbes.com/companies/arm-holdings/,FALSE
http://dbpedia.org/resource/Bangkok_Bank,http://www.forbes.com/companies/krung-thai-bank/,FALSE
http://dbpedia.org/resource/Philadelphia_Media_Holdings,http://www.forbes.com/companies/cc-media-holdings/,FALSE
http://dbpedia.org/resource/China_Yangtze_Power,http://www.forbes.com/companies/zhejiang-zheneng-electric-power/,FALSE
http://dbpedia.org/resource/ChinaCoal,http://www.forbes.com/companies/china-coal-energy/,TRUE
http://dbpedia.org/resource/Atlantia_(company),http://www.forbes.com/companies/atlantia/,TRUE
http://dbpedia.org/resource/OTP_Bank,http://www.forbes.com/companies/otp-bank/,TRUE
http://dbpedia.org/resource/Krung_Thai_Bank,http://www.forbes.com/companies/krung-thai-bank/,TRUE
http://dbpedia.org/resource/The_Linde_Group,http://www.forbes.com/companies/linde/,TRUE
http://dbpedia.org/resource/China_COSCO,http://www.forbes.com/companies/china-cosco-holdings/,TRUE
http://dbpedia.org/resource/KarMel_Brewing_Company,http://www.forbes.com/companies/carlsberg/,FALSE
http://dbpedia.org/resource/CORE_Health_Care,http://www.forbes.com/companies/universal-health/,FALSE
http://dbpedia.org/resource/The_Norfolk_&_Dedham_Group,http://www.forbes.com/companies/norfolk-southern/,FALSE
http://dbpedia.org/resource/Iberdrola_Renovables,http://www.forbes.com/companies/red-electrica/,FALSE
http://dbpedia.org/resource/Delphine_Software_International,http://www.forbes.com/companies/dassault-systemes/,FALSE
http://dbpedia.org/resource/ING_Bank_%C5%9Al%C4%85ski,http://www.forbes.com/companies/pko-bank-polski/,FALSE
http://dbpedia.org/resource/Nanjing_Automobile,http://www.forbes.com/companies/saic-motor/,FALSE
http://dbpedia.org/resource/Israel_Chemicals,http://www.forbes.com/companies/israel-corp/,FALSE
http://dbpedia.org/resource/Korea_Electric_Power_Corporation,http://www.forbes.com/companies/korea-gas/,FALSE
http://dbpedia.org/resource/Izze_Beverage_Company,http://www.forbes.com/companies/monster-beverage/,FALSE
http://dbpedia.org/resource/TOT_(Thailand),http://www.forbes.com/companies/total-access-communication/,FALSE
http://dbpedia.org/resource/Woolworths_(supermarket),http://www.forbes.com/companies/wesfarmers/,FALSE
http://dbpedia.org/resource/IdleAir,http://www.forbes.com/companies/united-continental-holdings/,FALSE
http://dbpedia.org/resource/Nova_Entertainment,http://www.forbes.com/companies/nine-entertainment/,FALSE
http://dbpedia.org/resource/China_Shipping_Group,http://www.forbes.com/companies/china-cosco-holdings/,FALSE
http://dbpedia.org/resource/Prudential_Financial,http://www.forbes.com/companies/hartford-financial-services/,FALSE
http://dbpedia.org/resource/Swiss_Life,http://www.forbes.com/companies/helvetia-holding/,FALSE
http://dbpedia.org/resource/China_Shipping_Container_Lines,http://www.forbes.com/companies/china-cosco-holdings/,FALSE
http://dbpedia.org/resource/People's_Insurance_Company_of_China,http://www.forbes.com/companies/china-pacific-insurance/,FALSE
http://dbpedia.org/resource/DHB_Bank,http://www.forbes.com/companies/hal-trust/,FALSE
http://dbpedia.org/resource/Parkway_Properties,http://www.forbes.com/companies/prologis/,FALSE
http://dbpedia.org/resource/Integrys_Energy_Group,http://www.forbes.com/companies/nrg-energy/,FALSE
http://dbpedia.org/resource/Combined_Insurance,http://www.forbes.com/companies/prudential-financial/,FALSE
http://dbpedia.org/resource/Western_National_Bank,http://www.forbes.com/companies/regions-financial/,FALSE
http://dbpedia.org/resource/Ready_Financial,http://www.forbes.com/companies/principal-financial-group/,FALSE
http://dbpedia.org/resource/Tokyo_Electric_Power_Company,http://www.forbes.com/companies/kyushu-electric-power/,FALSE
http://dbpedia.org/resource/Fidelity_&_Guaranty_Life,http://www.forbes.com/companies/protective-life/,FALSE
http://dbpedia.org/resource/Community_Health_Systems,http://www.forbes.com/companies/hca-holdings/,FALSE
http://dbpedia.org/resource/Integrated_Computer_Solutions,http://www.forbes.com/companies/cognizant-technology/,FALSE
http://dbpedia.org/resource/Assurant,http://www.forbes.com/companies/protective-life/,FALSE
http://dbpedia.org/resource/Hong_Kong_Nuclear_Investment_Company_Limited,http://www.forbes.com/companies/first-pacific/,FALSE
http://dbpedia.org/resource/American_Automotive_Equipment,http://www.forbes.com/companies/advance-auto-parts/,FALSE
http://dbpedia.org/resource/Gigabyte_Technology,http://www.forbes.com/companies/pegatron/,FALSE
http://dbpedia.org/resource/Young_Broadcasting,http://www.forbes.com/companies/comcast/,FALSE
http://dbpedia.org/resource/Clean_Harbors,http://www.forbes.com/companies/two-harbors-investment/,FALSE
http://dbpedia.org/resource/Sitecore,http://www.forbes.com/companies/iss/,FALSE
http://dbpedia.org/resource/Hang_Lung_Properties,http://www.forbes.com/companies/hang-lung-group/,FALSE
http://dbpedia.org/resource/Local_TV,http://www.forbes.com/companies/cbs/,FALSE
http://dbpedia.org/resource/Empire_Resorts,http://www.forbes.com/companies/wynn-resorts/,FALSE
http://dbpedia.org/resource/St._Bernardus_Brewery,http://www.forbes.com/companies/anheuser-busch-inbev/,FALSE
http://dbpedia.org/resource/ShopRite_(United_States),http://www.forbes.com/companies/safeway/,FALSE
http://dbpedia.org/resource/GE_Energy,http://www.forbes.com/companies/aes/,FALSE
http://dbpedia.org/resource/EverBank,http://www.forbes.com/companies/bok-financial/,FALSE
http://dbpedia.org/resource/China_Southern_Power_Grid_Company,http://www.forbes.com/companies/huaneng-power-international/,FALSE
http://dbpedia.org/resource/Cincinnati_Financial,http://www.forbes.com/companies/capital-one-financial/,FALSE
http://dbpedia.org/resource/Banca_Popolare_dell'Emilia_Romagna,http://www.forbes.com/companies/credito-emiliano/,FALSE
http://dbpedia.org/resource/Anshan_Iron_&_Steel_Group_Corporation,http://www.forbes.com/companies/baoshan-iron-steel/,FALSE
http://dbpedia.org/resource/Tangsteel,http://www.forbes.com/companies/baoshan-iron-steel/,FALSE
http://dbpedia.org/resource/Santander_Group,http://www.forbes.com/companies/caixabank/,FALSE
http://dbpedia.org/resource/Nimble_Storage,http://www.forbes.com/companies/emc/,FALSE
http://dbpedia.org/resource/Datang_International_Power_Generation_Company,http://www.forbes.com/companies/huadian-power-international/,FALSE
http://dbpedia.org/resource/Simple_(bank),http://www.forbes.com/companies/bank-of-america/,FALSE
http://dbpedia.org/resource/Leister_Technologies,http://www.forbes.com/companies/te-connectivity/,FALSE
http://dbpedia.org/resource/Amphenol,http://www.forbes.com/companies/arrow-electronics/,FALSE
http://dbpedia.org/resource/China_Construction_Bank,http://www.forbes.com/companies/bank-of-communications/,FALSE
http://dbpedia.org/resource/Churchill_Insurance_Company,http://www.forbes.com/companies/phoenix-group-holdings/,FALSE
http://dbpedia.org/resource/Fox_Television_Studios,http://www.forbes.com/companies/twenty-first-century-fox-inc/,FALSE
http://dbpedia.org/resource/Superior_Air_Parts,http://www.forbes.com/companies/airgas/,FALSE
http://dbpedia.org/resource/Dubai_Islamic_Bank,http://www.forbes.com/companies/emirates-nbd/,FALSE
http://dbpedia.org/resource/NB&T_Financial_Group,http://www.forbes.com/companies/pnc-financial-services/,FALSE
http://dbpedia.org/resource/ShopRite_(United_States),http://www.forbes.com/companies/shoprite-holdings/,FALSE
http://dbpedia.org/resource/Chaintech,http://www.forbes.com/companies/quanta-computer/,FALSE
http://dbpedia.org/resource/Kerry_Properties,http://www.forbes.com/companies/wheelock-co/,FALSE
http://dbpedia.org/resource/UkrSibbank,http://www.forbes.com/companies/sberbank/,FALSE
http://dbpedia.org/resource/China_CITIC_Bank,http://www.forbes.com/companies/industrial-bank/,FALSE
http://dbpedia.org/resource/Prudential_Financial,http://www.forbes.com/companies/peoples-united-financial/,FALSE
http://dbpedia.org/resource/Bank_Permata,http://www.forbes.com/companies/bank-danamon-indonesia/,FALSE
http://dbpedia.org/resource/Continua_Health_Alliance,http://www.forbes.com/companies/universal-health/,FALSE
http://dbpedia.org/resource/Oshkosh_Corporation,http://www.forbes.com/companies/oshkosh/,FALSE
http://dbpedia.org/resource/Anheuser-Busch,http://www.forbes.com/companies/anheuser-busch-inbev/,FALSE
http://dbpedia.org/resource/StarWind_Software,http://www.forbes.com/companies/ca/,FALSE
http://dbpedia.org/resource/China_Construction_Design_International,http://www.forbes.com/companies/china-gezhouba/,FALSE
http://dbpedia.org/resource/Dai-ichi_Life,http://www.forbes.com/companies/daiwa-securities/,FALSE
http://dbpedia.org/resource/Fashion_To_Figure,http://www.forbes.com/companies/gap/,FALSE
http://dbpedia.org/resource/Steel_Dynamics,http://www.forbes.com/companies/reliance-steel/,FALSE
http://dbpedia.org/resource/Acromas_Holdings,http://www.forbes.com/companies/arm-holdings/,FALSE
http://dbpedia.org/resource/Andrea_Electronics,http://www.forbes.com/companies/arrow-electronics/,FALSE
http://dbpedia.org/resource/Empire_Software,http://www.forbes.com/companies/ca/,FALSE
http://dbpedia.org/resource/Suntory,http://www.forbes.com/companies/japan-tobacco/,FALSE
http://dbpedia.org/resource/Warner-Amex_Satellite_Entertainment,http://www.forbes.com/companies/walt-disney/,FALSE
http://dbpedia.org/resource/BioMarin_Pharmaceutical,http://www.forbes.com/companies/amgen/,FALSE
http://dbpedia.org/resource/Piedmont_Natural_Gas,http://www.forbes.com/companies/ugi/,FALSE
http://dbpedia.org/resource/Monster_Beverage,http://www.forbes.com/companies/beam/,FALSE
http://dbpedia.org/resource/Bestinvest,http://www.forbes.com/companies/icap/,FALSE
http://dbpedia.org/resource/Dodsal_Group,http://www.forbes.com/companies/dp-world/,FALSE
http://dbpedia.org/resource/Dubai_Banking_Group,http://www.forbes.com/companies/emirates-nbd/,FALSE
http://dbpedia.org/resource/Hebei_Iron_and_Steel,http://www.forbes.com/companies/baoshan-iron-steel/,FALSE
http://dbpedia.org/resource/Telus_TV,http://www.forbes.com/companies/rogers-communications/,FALSE
http://dbpedia.org/resource/Energy_Brands,http://www.forbes.com/companies/entergy/,FALSE
http://dbpedia.org/resource/China_National_Building_Material_Company,http://www.forbes.com/companies/china-communications-construction/,FALSE
http://dbpedia.org/resource/Hongyuan_Securities,http://www.forbes.com/companies/financial-street-holdings/,FALSE
http://dbpedia.org/resource/China_State_Construction_International_Holdings,http://www.forbes.com/companies/china-railway-construction/,FALSE
http://dbpedia.org/resource/Alcatel-Lucent,http://www.forbes.com/companies/alstom/,FALSE
http://dbpedia.org/resource/Universal_Avionics,http://www.forbes.com/companies/boeing/,FALSE
http://dbpedia.org/resource/Nanto_Bank,http://www.forbes.com/companies/nanto-bank/,TRUE
http://dbpedia.org/resource/Wistron_Corporation,http://www.forbes.com/companies/wistron/,TRUE
http://dbpedia.org/resource/Kirin_Brewery_Company,http://www.forbes.com/companies/kirin-holdings/,TRUE
http://dbpedia.org/resource/Iliad_(company),http://www.forbes.com/companies/iliad/,TRUE
http://dbpedia.org/resource/Meo_(mobile_phone_company),http://www.forbes.com/companies/portugal-telecom/,TRUE
http://dbpedia.org/resource/Mapfre,http://www.forbes.com/companies/mapfre/,TRUE
http://dbpedia.org/resource/Herbalife,http://www.forbes.com/companies/herbalife/,TRUE
http://dbpedia.org/resource/Th._Schneider,http://www.forbes.com/companies/schneider-electric/,FALSE
http://dbpedia.org/resource/Bouygues_Telecom,http://www.forbes.com/companies/bouygues/,FALSE
http://dbpedia.org/resource/United_Aircraft,http://www.forbes.com/companies/lockheed-martin/,FALSE
http://dbpedia.org/resource/Echizen_Railway,http://www.forbes.com/companies/odakyu-electric-railway/,FALSE
http://dbpedia.org/resource/Dairy_Farmers_of_America,http://www.forbes.com/companies/dean-foods/,FALSE
http://dbpedia.org/resource/Bank_Mizrahi-Tefahot,http://www.forbes.com/companies/fibi-holdings/,FALSE
http://dbpedia.org/resource/CBS_Outdoor,http://www.forbes.com/companies/scripps-networks-interactive/,FALSE
http://dbpedia.org/resource/Smashburger,http://www.forbes.com/companies/mcdonalds/,FALSE
http://dbpedia.org/resource/DFDS,http://www.forbes.com/companies/tdc/,FALSE
http://dbpedia.org/resource/First_International_Bank_of_Israel,http://www.forbes.com/companies/israel-discount-bank/,FALSE
http://dbpedia.org/resource/Hellenic_Post,http://www.forbes.com/companies/hellenic-petroleum/,FALSE
http://dbpedia.org/resource/Russel_Metals,http://www.forbes.com/companies/cameco/,FALSE
http://dbpedia.org/resource/Sekunjalo_Investments,http://www.forbes.com/companies/hyprop-investments/,FALSE
http://dbpedia.org/resource/Mawarid_Finance,http://www.forbes.com/companies/union-national-bank/,FALSE
http://dbpedia.org/resource/EDP_-_Energias_do_Brasil,http://www.forbes.com/companies/edp-energias-de-portugal/,FALSE
http://dbpedia.org/resource/ATP_Oil_and_Gas,http://www.forbes.com/companies/hess/,FALSE
http://dbpedia.org/resource/Dubai_Group,http://www.forbes.com/companies/china-railway-group/,FALSE
http://dbpedia.org/resource/DataCore_Software,http://www.forbes.com/companies/teradata/,FALSE
http://dbpedia.org/resource/Tamimi_Group,http://www.forbes.com/companies/tasnee/,FALSE
http://dbpedia.org/resource/Mercantile_Discount_Bank,http://www.forbes.com/companies/bank-leumi/,FALSE
http://dbpedia.org/resource/Tribune_Entertainment,http://www.forbes.com/companies/news-corp/,FALSE
http://dbpedia.org/resource/China_State_Construction_International_Holdings,http://www.forbes.com/companies/china-communications-construction/,FALSE
http://dbpedia.org/resource/British_Insurance,http://www.forbes.com/companies/aviva/,FALSE
http://dbpedia.org/resource/Edison-Opto,http://www.forbes.com/companies/au-optronics/,FALSE
http://dbpedia.org/resource/RAK_Petroleum,http://www.forbes.com/companies/taqa/,FALSE
http://dbpedia.org/resource/First_American_International_Bank,http://www.forbes.com/companies/bank-of-america/,FALSE
http://dbpedia.org/resource/Hebei_Iron_and_Steel,http://www.forbes.com/companies/shandong-iron-and-steel/,FALSE
http://dbpedia.org/resource/Hyundai_Glovis,http://www.forbes.com/companies/hyundai-mobis/,FALSE
http://dbpedia.org/resource/Great-West_Lifeco,http://www.forbes.com/companies/manulife-financial/,FALSE
http://dbpedia.org/resource/BioMarin_Pharmaceutical,http://www.forbes.com/companies/bristol-myers-squibb/,FALSE
http://dbpedia.org/resource/Developing_Minds_Software,http://www.forbes.com/companies/intuit/,FALSE
"http://dbpedia.org/resource/City_Water,_Light_&_Power",http://www.forbes.com/companies/calpine/,FALSE
http://dbpedia.org/resource/EMC_Corporation,http://www.forbes.com/companies/emerson-electric/,FALSE
http://dbpedia.org/resource/American_Automotive_Equipment,http://www.forbes.com/companies/ford-motor/,FALSE
http://dbpedia.org/resource/Israel_Discount_Bank,http://www.forbes.com/companies/fibi-holdings/,FALSE
http://dbpedia.org/resource/Hokuriku_Electric_Power_Company,http://www.forbes.com/companies/tohoku-electric-power/,FALSE
http://dbpedia.org/resource/Maanshan_Iron_and_Steel_Company,http://www.forbes.com/companies/gansu-jiu-steel-group-hongxing-iron-steel/,FALSE
http://dbpedia.org/resource/El_Paso_Electric,http://www.forbes.com/companies/aes/,FALSE
http://dbpedia.org/resource/Bank_of_Beijing,http://www.forbes.com/companies/china-construction-bank/,FALSE
http://dbpedia.org/resource/Sumitomo_Chemical,http://www.forbes.com/companies/sumitomo-rubber/,FALSE
http://dbpedia.org/resource/China_National_Heavy_Duty_Truck_Group,http://www.forbes.com/companies/guangzhou-automobile/,FALSE
http://dbpedia.org/resource/Guangdong_Investment,http://www.forbes.com/companies/guangdong-electric/,FALSE
http://dbpedia.org/resource/Agropur,http://www.forbes.com/companies/saputo/,FALSE
http://dbpedia.org/resource/Aichi_Steel,http://www.forbes.com/companies/nippon-steel-sumitomo-metal/,FALSE
http://dbpedia.org/resource/Saga_Petroleum,http://www.forbes.com/companies/statoil/,FALSE
http://dbpedia.org/resource/Petroleum_&_Resources_Corporation,http://www.forbes.com/companies/denbury-resources/,FALSE
http://dbpedia.org/resource/Alinma_Bank,http://www.forbes.com/companies/al-rajhi-bank/,FALSE
http://dbpedia.org/resource/Hongyuan_Securities,http://www.forbes.com/companies/citic-securities/,FALSE
http://dbpedia.org/resource/Nakano_Corporation,http://www.forbes.com/companies/nec/,FALSE
http://dbpedia.org/resource/Woolworths_Limited,http://www.forbes.com/companies/wesfarmers/,FALSE
http://dbpedia.org/resource/Clear_Channel_Communications,http://www.forbes.com/companies/charter-communications/,FALSE
http://dbpedia.org/resource/Mankind_Pharma,http://www.forbes.com/companies/sun-pharma-industries/,FALSE
http://dbpedia.org/resource/MidAmerican_Energy_Company,http://www.forbes.com/companies/southwestern-energy/,FALSE
http://dbpedia.org/resource/Western_National_Bank,http://www.forbes.com/companies/northern-trust/,FALSE
http://dbpedia.org/resource/Tiger_Electronics,http://www.forbes.com/companies/texas-instruments/,FALSE
http://dbpedia.org/resource/Norges_Televisjon,http://www.forbes.com/companies/telenor/,FALSE
http://dbpedia.org/resource/African_Metals_Corporation,http://www.forbes.com/companies/teck-resources/,FALSE
http://dbpedia.org/resource/China_Communications_Construction,http://www.forbes.com/companies/china-railway-group/,FALSE
http://dbpedia.org/resource/Energy_Brands,http://www.forbes.com/companies/monster-beverage/,FALSE
http://dbpedia.org/resource/Dongfeng_Motor,http://www.forbes.com/companies/chongqing-changan-aut/,FALSE
http://dbpedia.org/resource/Preferred_Hotel_Group,http://www.forbes.com/companies/starwood-hotels/,FALSE
http://dbpedia.org/resource/Kubota,http://www.forbes.com/companies/komatsu/,FALSE
http://dbpedia.org/resource/Hyundai_Glovis,http://www.forbes.com/companies/hyundai-engineering/,FALSE
http://dbpedia.org/resource/T-Mobile_US,http://www.forbes.com/companies/att/,FALSE
http://dbpedia.org/resource/Schindler_Group,http://www.forbes.com/companies/sgs/,FALSE
http://dbpedia.org/resource/Shandong_Energy,http://www.forbes.com/companies/shanghai-electric-group/,FALSE
http://dbpedia.org/resource/Bank_of_Beijing,http://www.forbes.com/companies/china-everbright-bank/,FALSE
http://dbpedia.org/resource/Pinnacle_Petroleum,http://www.forbes.com/companies/whiting-petroleum/,FALSE
http://dbpedia.org/resource/Oxford_Properties,http://www.forbes.com/companies/onex/,FALSE
"http://dbpedia.org/resource/Macy's,_Inc.",http://www.forbes.com/companies/kohls/,FALSE
http://dbpedia.org/resource/EnerNOC,http://www.forbes.com/companies/nrg-energy/,FALSE
http://dbpedia.org/resource/Openreach,http://www.forbes.com/companies/bt-group/,FALSE
http://dbpedia.org/resource/Meiji_Holdings,http://www.forbes.com/companies/sbi-holdings/,FALSE
http://dbpedia.org/resource/Qatar_Steel,http://www.forbes.com/companies/industries-qatar/,FALSE
http://dbpedia.org/resource/City_Sports,http://www.forbes.com/companies/coach/,FALSE
http://dbpedia.org/resource/Jiangling_Motors,http://www.forbes.com/companies/saic-motor/,FALSE
http://dbpedia.org/resource/Transcapitalbank,http://www.forbes.com/companies/sberbank/,FALSE
http://dbpedia.org/resource/China_Recycling_Energy_Corporation,http://www.forbes.com/companies/aluminum-corp-of-china/,FALSE
http://dbpedia.org/resource/Silvercorp_Metals,http://www.forbes.com/companies/goldcorp/,FALSE
http://dbpedia.org/resource/Bayer_Corporation,http://www.forbes.com/companies/abbott-laboratories/,FALSE
http://dbpedia.org/resource/El_Paso_Electric,http://www.forbes.com/companies/edison-international/,FALSE
http://dbpedia.org/resource/Nextbio,http://www.forbes.com/companies/illumina/,FALSE
http://dbpedia.org/resource/C_C_Land,http://www.forbes.com/companies/china-resources-land/,FALSE
http://dbpedia.org/resource/Banco_de_Bogot%C3%A1,http://www.forbes.com/companies/banco-davivienda/,FALSE
http://dbpedia.org/resource/Dai-Ichi_Kangyo_Bank,http://www.forbes.com/companies/musashino-bank/,FALSE
http://dbpedia.org/resource/Marsh_&_McLennan_Companies,http://www.forbes.com/companies/morgan-stanley/,FALSE
http://dbpedia.org/resource/Union_National_Bank,http://www.forbes.com/companies/first-gulf-bank/,FALSE
http://dbpedia.org/resource/US_Cable,http://www.forbes.com/companies/directv/,FALSE
http://dbpedia.org/resource/NRG_Engineering,http://www.forbes.com/companies/st-engineering/,FALSE
http://dbpedia.org/resource/MidAmerican_Energy_Company,http://www.forbes.com/companies/ameren/,FALSE
http://dbpedia.org/resource/Ikano_Bank,http://www.forbes.com/companies/swedbank/,FALSE
http://dbpedia.org/resource/R%C3%A9seau_de_Transport_d'%C3%89lectricit%C3%A9,http://www.forbes.com/companies/edf/,FALSE
http://dbpedia.org/resource/Kelly_Services,http://www.forbes.com/companies/computer-sciences/,FALSE
