id1,id2,label
http://www.forbes.com/companies/molson-coors-brewing/,fullcontact_635,FALSE
http://www.forbes.com/companies/glaxosmithkline/,fullcontact_684,FALSE
http://www.forbes.com/companies/viacom/,fullcontact_182,FALSE
http://www.forbes.com/companies/songbird-estates/,fullcontact_334,FALSE
http://www.forbes.com/companies/fujitsu/,fullcontact_334,FALSE
http://www.forbes.com/companies/cigna/,fullcontact_232,FALSE
http://www.forbes.com/companies/norfolk-southern/,fullcontact_551,TRUE
http://www.forbes.com/companies/broadcom/,fullcontact_447,FALSE
http://www.forbes.com/companies/swatch-group/,fullcontact_709,TRUE
http://www.forbes.com/companies/novozymes/,fullcontact_550,TRUE
http://www.forbes.com/companies/aetna/,fullcontact_58,TRUE
http://www.forbes.com/companies/mitsubishi-corp/,fullcontact_513,TRUE
http://www.forbes.com/companies/france-telecom/,fullcontact_165,FALSE
http://www.forbes.com/companies/onex/,fullcontact_560,TRUE
http://www.forbes.com/companies/zhejiang-zheneng-electric-power/,fullcontact_58,FALSE
http://www.forbes.com/companies/unitedhealth-group/,fullcontact_773,TRUE
http://www.forbes.com/companies/wolseley/,fullcontact_384,FALSE
http://www.forbes.com/companies/heidelbergcement/,fullcontact_384,FALSE
http://www.forbes.com/companies/cablevision/,fullcontact_182,TRUE
http://www.forbes.com/companies/sime-darby/,fullcontact_675,TRUE
http://www.forbes.com/companies/j-sainsbury/,fullcontact_176,FALSE
http://www.forbes.com/companies/hartford-financial-services/,fullcontact_58,FALSE
http://www.forbes.com/companies/tjx-cos/,fullcontact_1388,TRUE
http://www.forbes.com/companies/belgacom/,fullcontact_215,FALSE
http://www.forbes.com/companies/mitsui-chemicals/,fullcontact_702,FALSE
http://www.forbes.com/companies/juniper-networks/,fullcontact_447,TRUE
http://www.forbes.com/companies/cit-group/,fullcontact_215,FALSE
http://www.forbes.com/companies/norfolk-southern/,fullcontact_528,FALSE
http://www.forbes.com/companies/eurazeo/,fullcontact_304,TRUE
http://www.forbes.com/companies/banque-centrale-populaire/,fullcontact_182,FALSE
http://www.forbes.com/companies/steinhoff-international/,fullcontact_702,TRUE
http://www.forbes.com/companies/humana/,fullcontact_773,FALSE
http://www.forbes.com/companies/goldman-sachs-group/,fullcontact_520,FALSE
http://www.forbes.com/companies/evonik/,fullcontact_5,TRUE
http://www.forbes.com/companies/gree-electric-appliances/,fullcontact_1327,FALSE
http://www.forbes.com/companies/skanska/,fullcontact_679,TRUE
http://www.forbes.com/companies/samsung-fire-marine/,fullcontact_709,FALSE
http://www.forbes.com/companies/swisscom/,fullcontact_709,FALSE
http://www.forbes.com/companies/iss/,fullcontact_550,FALSE
http://www.forbes.com/companies/sabmiller/,fullcontact_635,TRUE
http://www.forbes.com/companies/skf-group/,fullcontact_679,FALSE
http://www.forbes.com/companies/novo-nordisk/,fullcontact_550,FALSE
http://www.forbes.com/companies/bunzl/,fullcontact_176,TRUE
http://www.forbes.com/companies/axa-group/,fullcontact_528,FALSE
http://www.forbes.com/companies/motorola-solutions/,fullcontact_522,TRUE
http://www.forbes.com/companies/jacobs-engineering/,fullcontact_1327,TRUE
http://www.forbes.com/companies/arab-banking/,fullcontact_447,FALSE
http://www.forbes.com/companies/halliburton/,fullcontact_368,TRUE
http://www.forbes.com/companies/unibail-rodamco/,fullcontact_304,FALSE
http://www.forbes.com/companies/bouygues/,fullcontact_165,TRUE
http://www.forbes.com/companies/falabella/,fullcontact_310,TRUE
http://www.forbes.com/companies/fujifilm-holdings/,fullcontact_334,TRUE
http://www.forbes.com/companies/morgan-stanley/,fullcontact_520,TRUE
http://www.forbes.com/companies/ingredion/,fullcontact_232,FALSE
http://www.forbes.com/companies/wipro/,fullcontact_822,TRUE
http://www.forbes.com/companies/peoples-united-financial/,fullcontact_384,FALSE
http://www.forbes.com/companies/smith-nephew/,fullcontact_684,TRUE
http://www.forbes.com/companies/abb/,fullcontact_709,FALSE
http://www.forbes.com/companies/gemdale/,fullcontact_550,FALSE
http://www.forbes.com/companies/unitedhealth-group/,fullcontact_58,FALSE
http://www.forbes.com/companies/reckitt-benckiser-group/,fullcontact_176,FALSE
http://www.forbes.com/companies/delta-lloyd/,fullcontact_82,FALSE
http://www.forbes.com/companies/esun-financial/,fullcontact_684,FALSE
http://www.forbes.com/companies/toho-holdings/,fullcontact_334,FALSE
http://www.forbes.com/companies/ericsson/,fullcontact_679,FALSE
http://www.forbes.com/companies/shoprite-holdings/,fullcontact_702,FALSE
http://www.forbes.com/companies/unum-group/,fullcontact_773,FALSE
http://www.forbes.com/companies/bidvest-group/,fullcontact_702,FALSE
http://www.forbes.com/companies/sanofi/,fullcontact_304,FALSE
http://www.forbes.com/companies/agilent-technologies/,fullcontact_82,FALSE
http://www.forbes.com/companies/cisco-systems/,fullcontact_447,FALSE
http://www.forbes.com/companies/new-york-community/,fullcontact_215,FALSE
http://www.forbes.com/companies/infosys/,fullcontact_822,FALSE
http://www.forbes.com/companies/evergrande-real-estate/,fullcontact_773,FALSE
http://www.forbes.com/companies/juniper-networks/,fullcontact_82,FALSE
http://www.forbes.com/companies/dish-network/,fullcontact_176,FALSE
http://www.forbes.com/companies/advanced-semiconductor/,fullcontact_165,FALSE
http://www.forbes.com/companies/acer/,fullcontact_52,TRUE
http://www.forbes.com/companies/bnp-paribas/,fullcontact_528,FALSE
http://www.forbes.com/companies/hcl-technologies/,fullcontact_822,FALSE
http://www.forbes.com/companies/kraft-foods-group/,fullcontact_304,FALSE
http://www.forbes.com/companies/yandex-nv/,fullcontact_635,FALSE
http://www.forbes.com/companies/cisco-systems/,fullcontact_232,FALSE
http://www.forbes.com/companies/basler-kantonalbank/,fullcontact_155,TRUE
http://www.forbes.com/companies/corning/,fullcontact_232,TRUE
http://www.forbes.com/companies/smiths-group/,fullcontact_684,FALSE
http://www.forbes.com/companies/altera/,fullcontact_82,TRUE
http://www.forbes.com/companies/citigroup/,fullcontact_215,TRUE
http://www.forbes.com/companies/edf/,fullcontact_281,TRUE
http://www.forbes.com/companies/aspen-pharmacare-holdings/,fullcontact_520,FALSE
http://www.forbes.com/companies/jgc/,fullcontact_1327,FALSE
http://www.forbes.com/companies/vivendi/,fullcontact_165,FALSE
http://www.forbes.com/companies/bank-of-ny-mellon/,fullcontact_520,FALSE
http://www.forbes.com/companies/diageo/,fullcontact_635,FALSE
http://www.forbes.com/companies/natixis/,fullcontact_528,TRUE
http://www.forbes.com/companies/fastenal/,fullcontact_822,FALSE
http://www.forbes.com/companies/cc-media-holdings/,fullcontact_182,FALSE
http://www.forbes.com/companies/holcim/,fullcontact_384,TRUE
http://www.forbes.com/companies/st-engineering/,fullcontact_1327,FALSE
http://www.forbes.com/companies/huishang-bank-corporation-limited/,fullcontact_679,FALSE
http://www.forbes.com/companies/barclays/,fullcontact_137,TRUE
http://www.forbes.com/companies/amazon/,fullcontact_83,TRUE
http://www.forbes.com/companies/staples/,fullcontact_698,TRUE
http://www.forbes.com/companies/textron/,fullcontact_739,TRUE
http://www.forbes.com/companies/ametek/,fullcontact_91,TRUE
http://www.forbes.com/companies/microsoft/,fullcontact_512,TRUE
http://www.forbes.com/companies/dr-horton/,fullcontact_270,TRUE
http://www.forbes.com/companies/allahabad-bank/,fullcontact_72,TRUE
http://www.forbes.com/companies/china-national-chemical/,fullcontact_208,FALSE
http://www.forbes.com/companies/discovery-communications/,fullcontact_656,FALSE
http://www.forbes.com/companies/commonwealth-bank/,fullcontact_162,FALSE
http://www.forbes.com/companies/hsbc-holdings/,fullcontact_137,FALSE
http://www.forbes.com/companies/pentair/,fullcontact_1486,FALSE
http://www.forbes.com/companies/calpine/,fullcontact_76,FALSE
http://www.forbes.com/companies/swisscom/,fullcontact_130,FALSE
http://www.forbes.com/companies/workday/,fullcontact_1388,FALSE
http://www.forbes.com/companies/cerner/,fullcontact_213,FALSE
http://www.forbes.com/companies/avnet/,fullcontact_873,FALSE
http://www.forbes.com/companies/danske-bank/,fullcontact_22,FALSE
http://www.forbes.com/companies/actelion/,fullcontact_353,FALSE
http://www.forbes.com/companies/delta-electronics/,fullcontact_1352,FALSE
http://www.forbes.com/companies/banco-de-sabadell/,fullcontact_646,FALSE
http://www.forbes.com/companies/automatic-data/,fullcontact_1091,FALSE
http://www.forbes.com/companies/encana/,fullcontact_115,FALSE
http://www.forbes.com/companies/kpn/,fullcontact_840,FALSE
http://www.forbes.com/companies/brown-forman/,fullcontact_915,FALSE
http://www.forbes.com/companies/jpmorgan-chase/,fullcontact_215,FALSE
http://www.forbes.com/companies/abbvie/,fullcontact_805,FALSE
http://www.forbes.com/companies/ingram-micro/,fullcontact_747,FALSE
http://www.forbes.com/companies/nitto-denko/,fullcontact_538,FALSE
http://www.forbes.com/companies/fluor/,fullcontact_1673,FALSE
http://www.forbes.com/companies/heineken-holding/,fullcontact_67,FALSE
http://www.forbes.com/companies/dassault-systemes/,fullcontact_251,FALSE
http://www.forbes.com/companies/universal-health/,fullcontact_1204,FALSE
http://www.forbes.com/companies/lg-display/,fullcontact_476,FALSE
http://www.forbes.com/companies/skf-group/,fullcontact_484,FALSE
http://www.forbes.com/companies/emc/,fullcontact_799,FALSE
http://www.forbes.com/companies/legal-general-group/,fullcontact_696,FALSE
http://www.forbes.com/companies/raytheon/,fullcontact_739,FALSE
http://www.forbes.com/companies/idb-holding/,fullcontact_255,FALSE
http://www.forbes.com/companies/marriott-international/,fullcontact_1227,FALSE
http://www.forbes.com/companies/hyundai-motor/,fullcontact_405,FALSE
http://www.forbes.com/companies/hexagon/,fullcontact_116,FALSE
http://www.forbes.com/companies/ace/,fullcontact_661,FALSE
http://www.forbes.com/companies/bbva-banco-bilbao-vizcaya/,fullcontact_184,FALSE
http://www.forbes.com/companies/harris/,fullcontact_18,FALSE
http://www.forbes.com/companies/itochu/,fullcontact_1221,FALSE
http://www.forbes.com/companies/rmb-holdings/,fullcontact_152,FALSE
http://www.forbes.com/companies/senshu-ikeda-holdings/,fullcontact_666,FALSE
http://www.forbes.com/companies/texas-instruments/,fullcontact_747,FALSE
http://www.forbes.com/companies/repsol-ypf/,fullcontact_622,FALSE
http://www.forbes.com/companies/community-health-sys/,fullcontact_987,FALSE
http://www.forbes.com/companies/signature-bank/,fullcontact_1447,FALSE
http://www.forbes.com/companies/yamaguchi-financial/,fullcontact_313,FALSE
http://www.forbes.com/companies/enbridge/,fullcontact_319,FALSE
http://www.forbes.com/companies/meiji-holdings/,fullcontact_690,FALSE
http://www.forbes.com/companies/intercontinentalexchange/,fullcontact_526,FALSE
http://www.forbes.com/companies/comcast/,fullcontact_182,FALSE
http://www.forbes.com/companies/marsh-mclennan/,fullcontact_78,FALSE
http://www.forbes.com/companies/comcast/,fullcontact_1417,FALSE
http://www.forbes.com/companies/aes/,fullcontact_274,FALSE
http://www.forbes.com/companies/directv/,fullcontact_791,FALSE
http://www.forbes.com/companies/teliasonera/,fullcontact_710,FALSE
http://www.forbes.com/companies/lloyds-banking-group/,fullcontact_654,FALSE
http://www.forbes.com/companies/directv/,fullcontact_182,FALSE
http://www.forbes.com/companies/metro-group/,fullcontact_904,FALSE
http://www.forbes.com/companies/anz/,fullcontact_84,FALSE
http://www.forbes.com/companies/kajima/,fullcontact_450,FALSE
http://www.forbes.com/companies/windstream/,fullcontact_821,FALSE
http://www.forbes.com/companies/nextera-energy/,fullcontact_231,FALSE
http://www.forbes.com/companies/mahindra-mahindra/,fullcontact_718,FALSE
http://www.forbes.com/companies/associated-british-foods/,fullcontact_770,FALSE
http://www.forbes.com/companies/sunac-china-holdings/,fullcontact_209,FALSE
http://www.forbes.com/companies/aes/,fullcontact_767,FALSE
http://www.forbes.com/companies/conagra-foods/,fullcontact_420,FALSE
http://www.forbes.com/companies/china-minsheng-banking/,fullcontact_852,FALSE
http://www.forbes.com/companies/american-international-group/,fullcontact_59,FALSE
http://www.forbes.com/companies/bank-of-queensland/,fullcontact_920,FALSE
http://www.forbes.com/companies/news-corp/,fullcontact_743,FALSE
http://www.forbes.com/companies/illumina/,fullcontact_157,FALSE
http://www.forbes.com/companies/morgan-stanley/,fullcontact_215,FALSE
http://www.forbes.com/companies/new-york-community/,fullcontact_506,FALSE
http://www.forbes.com/companies/abb/,fullcontact_1048,FALSE
http://www.forbes.com/companies/colruyt/,fullcontact_256,FALSE
http://www.forbes.com/companies/hyundai-glovis/,fullcontact_1527,FALSE
http://www.forbes.com/companies/american-capital-agency/,fullcontact_925,FALSE
http://www.forbes.com/companies/unipol-gruppo/,fullcontact_367,FALSE
http://www.forbes.com/companies/equifax/,fullcontact_308,FALSE
http://www.forbes.com/companies/time-warner-cable/,fullcontact_729,FALSE
http://www.forbes.com/companies/hess/,fullcontact_1333,FALSE
http://www.forbes.com/companies/natixis/,fullcontact_686,FALSE
http://www.forbes.com/companies/orix/,fullcontact_565,FALSE
http://www.forbes.com/companies/country-garden-holdings/,fullcontact_214,FALSE
http://www.forbes.com/companies/credit-suisse-group/,fullcontact_711,FALSE
http://www.forbes.com/companies/allstate/,fullcontact_59,FALSE
http://www.forbes.com/companies/abbott-laboratories/,fullcontact_805,FALSE
http://www.forbes.com/companies/marathon-petroleum/,fullcontact_150,FALSE
http://www.forbes.com/companies/hsbc-holdings/,fullcontact_654,FALSE
http://www.forbes.com/companies/ameriprise-financial/,fullcontact_92,FALSE
http://www.forbes.com/companies/hca-holdings/,fullcontact_1705,FALSE
http://www.forbes.com/companies/nidec/,fullcontact_538,TRUE
http://www.forbes.com/companies/equifax/,fullcontact_298,TRUE
http://www.forbes.com/companies/verbund/,fullcontact_789,TRUE
http://www.forbes.com/companies/vertex-pharmaceuticals/,fullcontact_805,TRUE
http://www.forbes.com/companies/kinnevik/,fullcontact_457,TRUE
http://www.forbes.com/companies/hdfc/,fullcontact_372,TRUE
http://www.forbes.com/companies/jindal-steel-power/,fullcontact_440,TRUE
http://www.forbes.com/companies/hershey/,fullcontact_377,TRUE
http://www.forbes.com/companies/huntsman/,fullcontact_866,TRUE
http://www.forbes.com/companies/costco-wholesale/,fullcontact_863,TRUE
http://www.forbes.com/companies/mcgraw-hill-cos/,fullcontact_1696,TRUE
http://www.forbes.com/companies/alcoa/,fullcontact_69,TRUE
http://www.forbes.com/companies/regeneron-pharmaceuticals/,fullcontact_93,FALSE
http://www.forbes.com/companies/oge-energy/,fullcontact_559,FALSE
http://www.forbes.com/companies/konica-minolta/,fullcontact_463,FALSE
http://www.forbes.com/companies/sca/,fullcontact_679,FALSE
http://www.forbes.com/companies/cic-group/,fullcontact_686,FALSE
http://www.forbes.com/companies/samsung-electronics/,fullcontact_477,FALSE
http://www.forbes.com/companies/principal-financial-group/,fullcontact_1284,FALSE
http://www.forbes.com/companies/bbt/,fullcontact_390,FALSE
http://www.forbes.com/companies/allstate/,fullcontact_113,FALSE
http://www.forbes.com/companies/tata-consultancy-services/,fullcontact_718,FALSE
http://www.forbes.com/companies/cerner/,fullcontact_987,FALSE
http://www.forbes.com/companies/bbt/,fullcontact_415,FALSE
http://www.forbes.com/companies/exelon/,fullcontact_295,FALSE
http://www.forbes.com/companies/barrick-gold/,fullcontact_357,FALSE
http://www.forbes.com/companies/mckesson/,fullcontact_671,FALSE
http://www.forbes.com/companies/hm/,fullcontact_679,FALSE
http://www.forbes.com/companies/shimao-property-holdings/,fullcontact_1150,FALSE
http://www.forbes.com/companies/alpiq-holding/,fullcontact_43,FALSE
http://www.forbes.com/companies/tdk/,fullcontact_540,FALSE
http://www.forbes.com/companies/bnp-paribas/,fullcontact_238,FALSE
http://www.forbes.com/companies/western-digital/,fullcontact_1778,FALSE
http://www.forbes.com/companies/american-water-works/,fullcontact_767,FALSE
http://www.forbes.com/companies/asahi-glass/,fullcontact_110,FALSE
http://www.forbes.com/companies/societe-generale/,fullcontact_686,FALSE
http://www.forbes.com/companies/novartis/,fullcontact_534,FALSE
http://www.forbes.com/companies/twitter/,fullcontact_1870,FALSE
http://www.forbes.com/companies/agilent-technologies/,fullcontact_1278,FALSE
http://www.forbes.com/companies/embraer/,fullcontact_1620,FALSE
http://www.forbes.com/companies/chesapeake-energy/,fullcontact_230,FALSE
http://www.forbes.com/companies/american-equity-investment/,fullcontact_506,FALSE
http://www.forbes.com/companies/csn/,fullcontact_168,FALSE
http://www.forbes.com/companies/gemalto/,fullcontact_1255,FALSE
http://www.forbes.com/companies/masco/,fullcontact_490,FALSE
http://www.forbes.com/companies/mondelez-international/,fullcontact_1521,FALSE
http://www.forbes.com/companies/aes/,fullcontact_1318,FALSE
http://www.forbes.com/companies/ericsson/,fullcontact_1112,FALSE
http://www.forbes.com/companies/halliburton/,fullcontact_230,FALSE
http://www.forbes.com/companies/wisconsin-energy/,fullcontact_486,FALSE
http://www.forbes.com/companies/new-york-community/,fullcontact_520,FALSE
http://www.forbes.com/companies/freddie-mac/,fullcontact_311,FALSE
http://www.forbes.com/companies/directv/,fullcontact_264,FALSE
http://www.forbes.com/companies/packaging-corp-amer/,fullcontact_85,FALSE
http://www.forbes.com/companies/commerzbank/,fullcontact_226,FALSE
http://www.forbes.com/companies/first-pacific/,fullcontact_214,FALSE
http://www.forbes.com/companies/flextronics-international/,fullcontact_1084,FALSE
http://www.forbes.com/companies/3m/,fullcontact_1294,FALSE
http://www.forbes.com/companies/bolsas-mercados/,fullcontact_131,FALSE
http://www.forbes.com/companies/bangkok-bank/,fullcontact_1101,FALSE
http://www.forbes.com/companies/cpfl-energia/,fullcontact_1726,FALSE
http://www.forbes.com/companies/schneider-electric/,fullcontact_333,FALSE
http://www.forbes.com/companies/new-media-investment-group/,fullcontact_927,FALSE
http://www.forbes.com/companies/dean-foods/,fullcontact_248,FALSE
http://www.forbes.com/companies/praxair/,fullcontact_1768,FALSE
http://www.forbes.com/companies/cheniere-energy/,fullcontact_76,FALSE
http://www.forbes.com/companies/bcv-group/,fullcontact_130,FALSE
http://www.forbes.com/companies/chubb/,fullcontact_78,FALSE
http://www.forbes.com/companies/yamada-denki/,fullcontact_438,FALSE
http://www.forbes.com/companies/citigroup/,fullcontact_520,FALSE
http://www.forbes.com/companies/genworth-financial/,fullcontact_1343,FALSE
http://www.forbes.com/companies/netapp/,fullcontact_1609,FALSE
http://www.forbes.com/companies/baker-hughes/,fullcontact_614,FALSE
http://www.forbes.com/companies/tokyo-electron/,fullcontact_540,FALSE
http://www.forbes.com/companies/quest-diagnostics/,fullcontact_469,FALSE
http://www.forbes.com/companies/abb/,fullcontact_711,FALSE
http://www.forbes.com/companies/fuji-electric/,fullcontact_334,FALSE
http://www.forbes.com/companies/toshiba/,fullcontact_334,FALSE
http://www.forbes.com/companies/mitsubishi-materials/,fullcontact_515,FALSE
http://www.forbes.com/companies/linkedin/,fullcontact_1291,FALSE
http://www.forbes.com/companies/teliasonera/,fullcontact_679,FALSE
http://www.forbes.com/companies/wellpoint/,fullcontact_662,FALSE
http://www.forbes.com/companies/kraft-foods-group/,fullcontact_387,FALSE
http://www.forbes.com/companies/towers-watson/,fullcontact_1082,FALSE
http://www.forbes.com/companies/markel/,fullcontact_888,FALSE
http://www.forbes.com/companies/lloyds-banking-group/,fullcontact_909,FALSE
http://www.forbes.com/companies/teck-resources/,fullcontact_1293,FALSE
http://www.forbes.com/companies/pbf-energy/,fullcontact_1819,FALSE
http://www.forbes.com/companies/onex/,fullcontact_565,FALSE
http://www.forbes.com/companies/maxim-integrated-products/,fullcontact_103,FALSE
http://www.forbes.com/companies/rsa-insurance-group/,fullcontact_1848,FALSE
http://www.forbes.com/companies/national-australia-bank/,fullcontact_100,FALSE
http://www.forbes.com/companies/pepsico/,fullcontact_222,FALSE
http://www.forbes.com/companies/sydbank/,fullcontact_22,FALSE
http://www.forbes.com/companies/magnitogorsk-iron/,fullcontact_499,FALSE
http://www.forbes.com/companies/twenty-first-century-fox-inc/,fullcontact_743,FALSE
http://www.forbes.com/companies/bunzl/,fullcontact_1848,FALSE
http://www.forbes.com/companies/biogen-idec/,fullcontact_157,FALSE
http://www.forbes.com/companies/kla-tencor/,fullcontact_103,FALSE
http://www.forbes.com/companies/comcast/,fullcontact_263,FALSE
http://www.forbes.com/companies/cameco/,fullcontact_186,TRUE
http://www.forbes.com/companies/ball/,fullcontact_129,TRUE
http://www.forbes.com/companies/crh/,fullcontact_240,TRUE
http://www.forbes.com/companies/bank-of-ireland/,fullcontact_136,TRUE
http://www.forbes.com/companies/mckesson/,fullcontact_497,TRUE
http://www.forbes.com/companies/zenith-bank/,fullcontact_1345,TRUE
http://www.forbes.com/companies/nordstrom/,fullcontact_1446,TRUE
http://www.forbes.com/companies/stryker/,fullcontact_705,TRUE
http://www.forbes.com/companies/interactive-brokers-group/,fullcontact_992,TRUE
http://www.forbes.com/companies/mediatek/,fullcontact_501,TRUE
http://www.forbes.com/companies/olympus/,fullcontact_557,TRUE
http://www.forbes.com/companies/aryzta/,fullcontact_109,TRUE
http://www.forbes.com/companies/investec/,fullcontact_253,FALSE
http://www.forbes.com/companies/johnson-matthey/,fullcontact_492,FALSE
http://www.forbes.com/companies/hoya/,fullcontact_388,FALSE
http://www.forbes.com/companies/netapp/,fullcontact_1871,FALSE
http://www.forbes.com/companies/firstenergy/,fullcontact_597,FALSE
http://www.forbes.com/companies/sumitomo-mitsui-trust/,fullcontact_688,FALSE
http://www.forbes.com/companies/cenovus-energy/,fullcontact_289,FALSE
http://www.forbes.com/companies/bank-negara-indonesia/,fullcontact_649,FALSE
http://www.forbes.com/companies/cheniere-energy/,fullcontact_1318,FALSE
http://www.forbes.com/companies/metlife/,fullcontact_606,FALSE
http://www.forbes.com/companies/johnson-controls/,fullcontact_121,FALSE
http://www.forbes.com/companies/canon/,fullcontact_454,FALSE
http://www.forbes.com/companies/kyocera/,fullcontact_538,FALSE
http://www.forbes.com/companies/regions-financial/,fullcontact_1447,FALSE
http://www.forbes.com/companies/community-health-sys/,fullcontact_662,FALSE
http://www.forbes.com/companies/oji-holdings/,fullcontact_334,FALSE
http://www.forbes.com/companies/firstenergy/,fullcontact_319,FALSE
http://www.forbes.com/companies/news-corp/,fullcontact_794,FALSE
http://www.forbes.com/companies/cbs/,fullcontact_182,FALSE
http://www.forbes.com/companies/cablevision/,fullcontact_263,FALSE
http://www.forbes.com/companies/signature-bank/,fullcontact_141,FALSE
http://www.forbes.com/companies/fortis-canada/,fullcontact_289,FALSE
http://www.forbes.com/companies/oriental-bank-of-commerce/,fullcontact_649,FALSE
http://www.forbes.com/companies/national-australia-bank/,fullcontact_162,FALSE
http://www.forbes.com/companies/new-york-community/,fullcontact_1696,FALSE
http://www.forbes.com/companies/shanghai-electric-group/,fullcontact_208,FALSE
http://www.forbes.com/companies/aflac/,fullcontact_58,FALSE
http://www.forbes.com/companies/bristol-myers-squibb/,fullcontact_805,FALSE
http://www.forbes.com/companies/lincoln-national/,fullcontact_776,FALSE
http://www.forbes.com/companies/news-corp/,fullcontact_199,FALSE
http://www.forbes.com/companies/tech-data/,fullcontact_809,FALSE
http://www.forbes.com/companies/community-health-sys/,fullcontact_1441,FALSE
http://www.forbes.com/companies/gap/,fullcontact_1446,FALSE
http://www.forbes.com/companies/agilent-technologies/,fullcontact_389,FALSE
http://www.forbes.com/companies/linkedin/,fullcontact_1326,FALSE
http://www.forbes.com/companies/cf-industries-holdings/,fullcontact_324,FALSE
http://www.forbes.com/companies/ambank-group/,fullcontact_495,FALSE
http://www.forbes.com/companies/husky-energy/,fullcontact_290,FALSE
http://www.forbes.com/companies/dsv/,fullcontact_719,FALSE
http://www.forbes.com/companies/industrial-alliance-insurance/,fullcontact_1254,FALSE
http://www.forbes.com/companies/trw-automotive-holdings/,fullcontact_481,FALSE
http://www.forbes.com/companies/discovery-communications/,fullcontact_1417,FALSE
http://www.forbes.com/companies/sabesp/,fullcontact_285,FALSE
http://www.forbes.com/companies/stericycle/,fullcontact_191,FALSE
http://www.forbes.com/companies/bridgestone/,fullcontact_65,FALSE
http://www.forbes.com/companies/covidien/,fullcontact_75,FALSE
http://www.forbes.com/companies/link-reit/,fullcontact_1150,FALSE
http://www.forbes.com/companies/telus/,fullcontact_21,FALSE
http://www.forbes.com/companies/luzerner-kantonalbank/,fullcontact_842,FALSE
http://www.forbes.com/companies/cigna/,fullcontact_773,FALSE
http://www.forbes.com/companies/investec/,fullcontact_1848,FALSE
http://www.forbes.com/companies/archer-daniels-midland/,fullcontact_1233,FALSE
http://www.forbes.com/companies/eastman-kodak/,fullcontact_476,FALSE
http://www.forbes.com/companies/cheniere-energy/,fullcontact_1881,FALSE
http://www.forbes.com/companies/novartis/,fullcontact_709,FALSE
http://www.forbes.com/companies/alfresa-holdings/,fullcontact_334,FALSE
http://www.forbes.com/companies/turk-telekom/,fullcontact_760,FALSE
http://www.forbes.com/companies/harris/,fullcontact_910,FALSE
http://www.forbes.com/companies/lear/,fullcontact_563,FALSE
http://www.forbes.com/companies/bmw-group/,fullcontact_802,FALSE
http://www.forbes.com/companies/cardinal-health/,fullcontact_164,FALSE
http://www.forbes.com/companies/walt-disney/,fullcontact_960,FALSE
http://www.forbes.com/companies/teradata/,fullcontact_407,FALSE
http://www.forbes.com/companies/american-capital-agency/,fullcontact_344,FALSE
http://www.forbes.com/companies/trw-automotive-holdings/,fullcontact_32,FALSE
http://www.forbes.com/companies/alcatel-lucent/,fullcontact_81,FALSE
http://www.forbes.com/companies/permanent-tsb-group/,fullcontact_909,FALSE
http://www.forbes.com/companies/hysan-development/,fullcontact_1150,FALSE
http://www.forbes.com/companies/sojitz/,fullcontact_313,FALSE
http://www.forbes.com/companies/discover-financial-services/,fullcontact_601,FALSE
http://www.forbes.com/companies/aes/,fullcontact_910,FALSE
http://www.forbes.com/companies/torchmark/,fullcontact_1284,FALSE
http://www.forbes.com/companies/sumitomo-mitsui-trust/,fullcontact_513,FALSE
http://www.forbes.com/companies/e-l-financial/,fullcontact_319,FALSE
http://www.forbes.com/companies/daiichi-sankyo/,fullcontact_65,FALSE
http://www.forbes.com/companies/nucor/,fullcontact_490,FALSE
http://www.forbes.com/companies/rakuten/,fullcontact_313,FALSE
http://www.forbes.com/companies/denbury-resources/,fullcontact_219,FALSE
http://www.forbes.com/companies/suntrust-banks/,fullcontact_225,FALSE
http://www.forbes.com/companies/boston-properties/,fullcontact_854,FALSE
http://www.forbes.com/companies/vornado-realty/,fullcontact_876,FALSE
http://www.forbes.com/companies/freeport-mcmoran-copper/,fullcontact_1293,FALSE
http://www.forbes.com/companies/bce/,fullcontact_731,FALSE
http://www.forbes.com/companies/cigna/,fullcontact_402,FALSE
http://www.forbes.com/companies/axa-group/,fullcontact_165,FALSE
http://www.forbes.com/companies/alcatel-lucent/,fullcontact_165,FALSE
http://www.forbes.com/companies/babcock-international-group/,fullcontact_149,FALSE
http://www.forbes.com/companies/duke-energy/,fullcontact_295,FALSE
http://www.forbes.com/companies/bg-group/,fullcontact_149,TRUE
http://www.forbes.com/companies/cr-bard/,fullcontact_236,TRUE
http://www.forbes.com/companies/delhaize-group/,fullcontact_256,TRUE
http://www.forbes.com/companies/johnson-controls/,fullcontact_443,TRUE
http://www.forbes.com/companies/goodyear/,fullcontact_358,TRUE
http://www.forbes.com/companies/mapfre/,fullcontact_488,TRUE
http://www.forbes.com/companies/fastenal/,fullcontact_312,TRUE
http://www.forbes.com/companies/blackrock/,fullcontact_156,TRUE
http://www.forbes.com/companies/fmc/,fullcontact_324,TRUE
http://www.forbes.com/companies/american-equity-investment/,fullcontact_78,FALSE
http://www.forbes.com/companies/pbf-energy/,fullcontact_1318,FALSE
http://www.forbes.com/companies/conocophillips/,fullcontact_368,FALSE
http://www.forbes.com/companies/dr-pepper-snapple/,fullcontact_580,FALSE
http://www.forbes.com/companies/skanska/,fullcontact_650,FALSE
http://www.forbes.com/companies/shiga-bank/,fullcontact_666,FALSE
http://www.forbes.com/companies/seadrill/,fullcontact_706,FALSE
http://www.forbes.com/companies/toshiba/,fullcontact_513,FALSE
http://www.forbes.com/companies/precision-castparts/,fullcontact_1030,FALSE
http://www.forbes.com/companies/news-corp/,fullcontact_28,FALSE
http://www.forbes.com/companies/applied-materials/,fullcontact_1278,FALSE
http://www.forbes.com/companies/conocophillips/,fullcontact_229,FALSE
http://www.forbes.com/companies/fujifilm-holdings/,fullcontact_333,FALSE
http://www.forbes.com/companies/hikvision/,fullcontact_379,FALSE
http://www.forbes.com/companies/volvo-group/,fullcontact_120,FALSE
http://www.forbes.com/companies/walt-disney/,fullcontact_743,FALSE
http://www.forbes.com/companies/cc-media-holdings/,fullcontact_1417,FALSE
http://www.forbes.com/companies/saudi-investment-bank/,fullcontact_583,FALSE
http://www.forbes.com/companies/community-health-sys/,fullcontact_191,FALSE
http://www.forbes.com/companies/waters/,fullcontact_463,FALSE
http://www.forbes.com/companies/veolia-environnement/,fullcontact_774,FALSE
http://www.forbes.com/companies/westlake-chemical/,fullcontact_871,FALSE
http://www.forbes.com/companies/penske-automotive/,fullcontact_32,FALSE
http://www.forbes.com/companies/hankook-tire/,fullcontact_405,FALSE
http://www.forbes.com/companies/alexion-pharmaceuticals/,fullcontact_157,FALSE
http://www.forbes.com/companies/eads/,fullcontact_40,FALSE
http://www.forbes.com/companies/saudi-electricity/,fullcontact_583,FALSE
http://www.forbes.com/companies/marriott-international/,fullcontact_380,FALSE
http://www.forbes.com/companies/dean-foods/,fullcontact_871,FALSE
http://www.forbes.com/companies/ambac-financial-group/,fullcontact_78,FALSE
http://www.forbes.com/companies/ecolab/,fullcontact_275,FALSE
http://www.forbes.com/companies/lg-chem/,fullcontact_477,FALSE
http://www.forbes.com/companies/community-health-sys/,fullcontact_1526,FALSE
http://www.forbes.com/companies/svb-financial-group/,fullcontact_226,FALSE
http://www.forbes.com/companies/global-logistic-properties/,fullcontact_677,FALSE
http://www.forbes.com/companies/pinnacle-west/,fullcontact_587,FALSE
http://www.forbes.com/companies/quanta-computer/,fullcontact_1352,FALSE
http://www.forbes.com/companies/swatch-group/,fullcontact_661,FALSE
http://www.forbes.com/companies/swisscom/,fullcontact_673,FALSE
http://www.forbes.com/companies/bristol-myers-squibb/,fullcontact_143,FALSE
http://www.forbes.com/companies/verbund/,fullcontact_1610,FALSE
http://www.forbes.com/companies/hewlett-packard/,fullcontact_867,FALSE
http://www.forbes.com/companies/juniper-networks/,fullcontact_1169,FALSE
http://www.forbes.com/companies/weg/,fullcontact_1726,FALSE
http://www.forbes.com/companies/pfizer/,fullcontact_157,FALSE
http://www.forbes.com/companies/westlake-chemical/,fullcontact_663,FALSE
http://www.forbes.com/companies/caixabank/,fullcontact_24,FALSE
http://www.forbes.com/companies/legrand/,fullcontact_333,FALSE
http://www.forbes.com/companies/british-american-tobacco/,fullcontact_97,FALSE
http://www.forbes.com/companies/advance-auto-parts/,fullcontact_121,FALSE
http://www.forbes.com/companies/saudi-british-bank/,fullcontact_133,FALSE
http://www.forbes.com/companies/natixis/,fullcontact_159,FALSE
http://www.forbes.com/companies/cc-media-holdings/,fullcontact_1372,FALSE
http://www.forbes.com/companies/phoenix-group-holdings/,fullcontact_904,FALSE
http://www.forbes.com/companies/nrg-energy/,fullcontact_295,FALSE
http://www.forbes.com/companies/kingfisher/,fullcontact_148,FALSE
http://www.forbes.com/companies/arrow-electronics/,fullcontact_721,FALSE
http://www.forbes.com/companies/church-dwight/,fullcontact_212,TRUE
http://www.forbes.com/companies/consol-energy/,fullcontact_1253,TRUE
http://www.forbes.com/companies/jc-penney/,fullcontact_437,TRUE
http://www.forbes.com/companies/gemdale/,fullcontact_347,TRUE
http://www.forbes.com/companies/atco/,fullcontact_115,TRUE
http://www.forbes.com/companies/hong-kong-exchanges/,fullcontact_1078,TRUE
http://www.forbes.com/companies/talanx/,fullcontact_25,TRUE
http://www.forbes.com/companies/richemont/,fullcontact_625,TRUE
http://www.forbes.com/companies/b-e-aerospace/,fullcontact_144,TRUE
http://www.forbes.com/companies/statoil/,fullcontact_1528,FALSE
http://www.forbes.com/companies/halliburton/,fullcontact_614,FALSE
http://www.forbes.com/companies/zodiac-aerospace/,fullcontact_40,FALSE
http://www.forbes.com/companies/acer/,fullcontact_823,FALSE
http://www.forbes.com/companies/juniper-networks/,fullcontact_535,FALSE
http://www.forbes.com/companies/hankook-tire/,fullcontact_1527,FALSE
http://www.forbes.com/companies/sime-darby/,fullcontact_350,FALSE
http://www.forbes.com/companies/firstenergy/,fullcontact_1674,FALSE
http://www.forbes.com/companies/cognizant-technology/,fullcontact_1415,FALSE
http://www.forbes.com/companies/luzerner-kantonalbank/,fullcontact_712,FALSE
http://www.forbes.com/companies/pnc-financial-services/,fullcontact_1574,FALSE
http://www.forbes.com/companies/smiths-group/,fullcontact_1233,FALSE
http://www.forbes.com/companies/obayashi/,fullcontact_454,FALSE
http://www.forbes.com/companies/belgacom/,fullcontact_1368,FALSE
http://www.forbes.com/companies/encana/,fullcontact_289,FALSE
http://www.forbes.com/companies/cognizant-technology/,fullcontact_48,FALSE
http://www.forbes.com/companies/taisei/,fullcontact_461,FALSE
http://www.forbes.com/companies/bank-of-india/,fullcontact_136,FALSE
http://www.forbes.com/companies/dte-energy/,fullcontact_774,FALSE
http://www.forbes.com/companies/firstenergy/,fullcontact_295,FALSE
http://www.forbes.com/companies/concho-resources/,fullcontact_617,FALSE
http://www.forbes.com/companies/kroger/,fullcontact_1503,FALSE
http://www.forbes.com/companies/canadian-imperial-bank/,fullcontact_487,FALSE
http://www.forbes.com/companies/lafarge/,fullcontact_470,FALSE
http://www.forbes.com/companies/taqa/,fullcontact_1729,FALSE
http://www.forbes.com/companies/manpower/,fullcontact_614,FALSE
http://www.forbes.com/companies/tesla-motors/,fullcontact_1422,FALSE
http://www.forbes.com/companies/alfa/,fullcontact_857,FALSE
http://www.forbes.com/companies/oci/,fullcontact_67,FALSE
http://www.forbes.com/companies/marks-spencer/,fullcontact_947,FALSE
http://www.forbes.com/companies/scripps-networks-interactive/,fullcontact_743,FALSE
http://www.forbes.com/companies/cme-group/,fullcontact_92,FALSE
http://www.forbes.com/companies/ugi/,fullcontact_587,FALSE
http://www.forbes.com/companies/prologis/,fullcontact_1954,FALSE
http://www.forbes.com/companies/eog-resources/,fullcontact_1881,FALSE
http://www.forbes.com/companies/world-fuel-services/,fullcontact_614,FALSE
http://www.forbes.com/companies/denbury-resources/,fullcontact_902,FALSE
http://www.forbes.com/companies/mitsubishi-heavy-industries/,fullcontact_461,FALSE
http://www.forbes.com/companies/bankinter/,fullcontact_184,FALSE
http://www.forbes.com/companies/otsuka-holding/,fullcontact_558,FALSE
http://www.forbes.com/companies/cognizant-technology/,fullcontact_407,FALSE
http://www.forbes.com/companies/honeywell-international/,fullcontact_443,FALSE
http://www.forbes.com/companies/iss/,fullcontact_719,FALSE
http://www.forbes.com/companies/pnc-financial-services/,fullcontact_134,FALSE
http://www.forbes.com/companies/abbott-laboratories/,fullcontact_157,FALSE
http://www.forbes.com/companies/micron-technology/,fullcontact_642,FALSE
http://www.forbes.com/companies/tesoro/,fullcontact_617,FALSE
http://www.forbes.com/companies/tenet-healthcare/,fullcontact_662,FALSE
http://www.forbes.com/companies/markel/,fullcontact_815,FALSE
http://www.forbes.com/companies/sino-land/,fullcontact_1150,FALSE
http://www.forbes.com/companies/alliant-energy/,fullcontact_273,FALSE
http://www.forbes.com/companies/weir-group/,fullcontact_1548,FALSE
http://www.forbes.com/companies/bank-mandiri/,fullcontact_135,FALSE
http://www.forbes.com/companies/emc/,fullcontact_1778,FALSE
http://www.forbes.com/companies/pnc-financial-services/,fullcontact_1324,FALSE
http://www.forbes.com/companies/alliant-energy/,fullcontact_231,FALSE
http://www.forbes.com/companies/verizon-communications/,fullcontact_743,FALSE
http://www.forbes.com/companies/westlake-chemical/,fullcontact_174,FALSE
http://www.forbes.com/companies/bank-muscat/,fullcontact_1479,FALSE
http://www.forbes.com/companies/bmf-bovespa/,fullcontact_286,FALSE
http://www.forbes.com/companies/tech-data/,fullcontact_181,FALSE
http://www.forbes.com/companies/protective-life/,fullcontact_506,FALSE
http://www.forbes.com/companies/nrg-energy/,fullcontact_543,FALSE
http://www.forbes.com/companies/royal-bank-of-scotland/,fullcontact_1274,FALSE
http://www.forbes.com/companies/spectra-energy/,fullcontact_1318,FALSE
http://www.forbes.com/companies/exelon/,fullcontact_1253,FALSE
http://www.forbes.com/companies/telstra/,fullcontact_730,FALSE
http://www.forbes.com/companies/legrand/,fullcontact_362,FALSE
http://www.forbes.com/companies/regeneron-pharmaceuticals/,fullcontact_53,FALSE
http://www.forbes.com/companies/cablevision/,fullcontact_744,FALSE
http://www.forbes.com/companies/new-media-investment-group/,fullcontact_960,FALSE
http://www.forbes.com/companies/medipal-holdings/,fullcontact_334,FALSE
http://www.forbes.com/companies/helmerich-payne/,fullcontact_614,FALSE
http://www.forbes.com/companies/emerson-electric/,fullcontact_275,FALSE
http://www.forbes.com/companies/new-media-investment-group/,fullcontact_1642,FALSE
http://www.forbes.com/companies/otsuka-holding/,fullcontact_434,FALSE
http://www.forbes.com/companies/schlumberger/,fullcontact_614,FALSE
http://www.forbes.com/companies/suncor-energy/,fullcontact_289,FALSE
http://www.forbes.com/companies/london-stock-exchange/,fullcontact_909,FALSE
http://www.forbes.com/companies/charter-communications/,fullcontact_182,FALSE
http://www.forbes.com/companies/inventec/,fullcontact_52,FALSE
http://www.forbes.com/companies/ihi/,fullcontact_434,FALSE
http://www.forbes.com/companies/bank-of-america/,fullcontact_225,FALSE
http://www.forbes.com/companies/lincoln-national/,fullcontact_532,FALSE
http://www.forbes.com/companies/bristol-myers-squibb/,fullcontact_469,FALSE
http://www.forbes.com/companies/gannett/,fullcontact_1642,FALSE
http://www.forbes.com/companies/city-national/,fullcontact_225,FALSE
http://www.forbes.com/companies/cisco-systems/,fullcontact_912,FALSE
http://www.forbes.com/companies/twenty-first-century-fox-inc/,fullcontact_1295,FALSE
http://www.forbes.com/companies/actavis/,fullcontact_805,FALSE
http://www.forbes.com/companies/regions-financial/,fullcontact_1574,FALSE
http://www.forbes.com/companies/telenor/,fullcontact_728,TRUE
http://www.forbes.com/companies/workday/,fullcontact_827,TRUE
http://www.forbes.com/companies/tim-hortons/,fullcontact_745,TRUE
http://www.forbes.com/companies/mechel/,fullcontact_499,TRUE
http://www.forbes.com/companies/deutsche-bank/,fullcontact_253,TRUE
http://www.forbes.com/companies/safeway/,fullcontact_636,TRUE
http://www.forbes.com/companies/schlumberger/,fullcontact_1524,FALSE
http://www.forbes.com/companies/hyundai-heavy-industries/,fullcontact_1527,FALSE
http://www.forbes.com/companies/roper-inds/,fullcontact_1059,FALSE
http://www.forbes.com/companies/time-warner/,fullcontact_1295,FALSE
http://www.forbes.com/companies/mosaic/,fullcontact_521,FALSE
http://www.forbes.com/companies/isbank/,fullcontact_1916,FALSE
http://www.forbes.com/companies/emirates-integrated-telecom/,fullcontact_303,FALSE
http://www.forbes.com/companies/greentown-china-holdings/,fullcontact_209,FALSE
http://www.forbes.com/companies/nordea-bank/,fullcontact_710,FALSE
http://www.forbes.com/companies/salzgitter/,fullcontact_640,FALSE
http://www.forbes.com/companies/oci/,fullcontact_804,FALSE
http://www.forbes.com/companies/amp/,fullcontact_1125,FALSE
http://www.forbes.com/companies/continental-resources/,fullcontact_229,FALSE
http://www.forbes.com/companies/amgen/,fullcontact_143,FALSE
http://www.forbes.com/companies/twitter/,fullcontact_309,FALSE
http://www.forbes.com/companies/sabesp/,fullcontact_1611,FALSE
http://www.forbes.com/companies/dr-horton/,fullcontact_1333,FALSE
http://www.forbes.com/companies/safeway/,fullcontact_83,FALSE
http://www.forbes.com/companies/consolidated-edison/,fullcontact_1253,FALSE
http://www.forbes.com/companies/edison-international/,fullcontact_277,FALSE
http://www.forbes.com/companies/wartsila/,fullcontact_508,FALSE
http://www.forbes.com/companies/bank-of-communications/,fullcontact_852,FALSE
http://www.forbes.com/companies/dominion-resources/,fullcontact_273,FALSE
http://www.forbes.com/companies/stericycle/,fullcontact_497,FALSE
http://www.forbes.com/companies/asml-holding/,fullcontact_695,FALSE
http://www.forbes.com/companies/tpk-holding/,fullcontact_531,FALSE
http://www.forbes.com/companies/time-warner-cable/,fullcontact_263,FALSE
http://www.forbes.com/companies/oge-energy/,fullcontact_1253,FALSE
http://www.forbes.com/companies/gazprom/,fullcontact_499,FALSE
http://www.forbes.com/companies/acciona/,fullcontact_45,FALSE
http://www.forbes.com/companies/clp-holdings/,fullcontact_1078,FALSE
http://www.forbes.com/companies/telstra/,fullcontact_1357,FALSE
http://www.forbes.com/companies/genworth-financial/,fullcontact_113,FALSE
http://www.forbes.com/companies/supervalu/,fullcontact_636,FALSE
http://www.forbes.com/companies/brunswick/,fullcontact_174,FALSE
http://www.forbes.com/companies/linkedin/,fullcontact_407,FALSE
http://www.forbes.com/companies/vopak/,fullcontact_524,FALSE
http://www.forbes.com/companies/e-l-financial/,fullcontact_1009,FALSE
http://www.forbes.com/companies/american-airlines-group/,fullcontact_1198,FALSE
http://www.forbes.com/companies/teliasonera/,fullcontact_1112,FALSE
http://www.forbes.com/companies/eastman-kodak/,fullcontact_910,FALSE
http://www.forbes.com/companies/microsoft/,fullcontact_1661,FALSE
http://www.forbes.com/companies/oracle/,fullcontact_512,FALSE
http://www.forbes.com/companies/commercial-bank-of-qatar/,fullcontact_1479,FALSE
http://www.forbes.com/companies/vivendi/,fullcontact_305,FALSE
http://www.forbes.com/companies/valero-energy/,fullcontact_207,FALSE
http://www.forbes.com/companies/metlife/,fullcontact_607,FALSE
http://www.forbes.com/companies/eli-lilly-co/,fullcontact_469,FALSE
http://www.forbes.com/companies/axis-bank/,fullcontact_187,FALSE
http://www.forbes.com/companies/best-buy/,fullcontact_148,FALSE
http://www.forbes.com/companies/bouygues/,fullcontact_68,FALSE
http://www.forbes.com/companies/xcel-energy/,fullcontact_273,FALSE
http://www.forbes.com/companies/rexel/,fullcontact_653,FALSE
http://www.forbes.com/companies/bt-group/,fullcontact_149,FALSE
http://www.forbes.com/companies/gazprom/,fullcontact_631,FALSE
http://www.forbes.com/companies/mitsubishi-ufj-lease/,fullcontact_461,FALSE
http://www.forbes.com/companies/oci/,fullcontact_1867,FALSE
http://www.forbes.com/companies/general-dynamics/,fullcontact_127,FALSE
http://www.forbes.com/companies/bbt/,fullcontact_1574,FALSE
http://www.forbes.com/companies/universal-health/,fullcontact_662,FALSE
http://www.forbes.com/companies/financial-street-holdings/,fullcontact_209,FALSE
http://www.forbes.com/companies/first-republic-bank/,fullcontact_415,FALSE
http://www.forbes.com/companies/symantec/,fullcontact_1232,FALSE
http://www.forbes.com/companies/directv/,fullcontact_1309,FALSE
http://www.forbes.com/companies/randstad-holding/,fullcontact_616,FALSE
http://www.forbes.com/companies/zodiac-aerospace/,fullcontact_251,FALSE
http://www.forbes.com/companies/firstenergy/,fullcontact_277,FALSE
http://www.forbes.com/companies/canadian-oil-sands/,fullcontact_754,FALSE
http://www.forbes.com/companies/aes/,fullcontact_76,FALSE
http://www.forbes.com/companies/symetra-financial/,fullcontact_1735,FALSE
http://www.forbes.com/companies/keyence/,fullcontact_626,FALSE
http://www.forbes.com/companies/dassault-aviation/,fullcontact_1662,FALSE
http://www.forbes.com/companies/western-digital/,fullcontact_1609,FALSE
http://www.forbes.com/companies/schindler-holding/,fullcontact_842,FALSE
http://www.forbes.com/companies/forest-laboratories/,fullcontact_157,FALSE
http://www.forbes.com/companies/eletrobras/,fullcontact_168,FALSE
http://www.forbes.com/companies/toyota-industries/,fullcontact_65,FALSE
http://www.forbes.com/companies/nikon/,fullcontact_334,FALSE
http://www.forbes.com/companies/aeroports-de-paris/,fullcontact_50,FALSE
http://www.forbes.com/companies/sime-darby/,fullcontact_838,FALSE
http://www.forbes.com/companies/hyundai-glovis/,fullcontact_405,FALSE
http://www.forbes.com/companies/wr-berkley/,fullcontact_78,FALSE
http://www.forbes.com/companies/ibm/,fullcontact_867,FALSE
http://www.forbes.com/companies/turkish-airlines/,fullcontact_759,FALSE
http://www.forbes.com/companies/amphenol/,fullcontact_721,FALSE
http://www.forbes.com/companies/mitsubishi-corp/,fullcontact_313,FALSE
http://www.forbes.com/companies/astrazeneca/,fullcontact_805,FALSE
http://www.forbes.com/companies/investor/,fullcontact_710,FALSE
http://www.forbes.com/companies/compal-electronics/,fullcontact_823,FALSE
http://www.forbes.com/companies/braskem/,fullcontact_1726,FALSE
http://www.forbes.com/companies/investor/,fullcontact_650,FALSE
http://www.forbes.com/companies/bank-of-montreal/,fullcontact_1765,FALSE
http://www.forbes.com/companies/prudential-financial/,fullcontact_601,FALSE
http://www.forbes.com/companies/bae-systems/,fullcontact_1596,FALSE
http://www.forbes.com/companies/baywa/,fullcontact_140,TRUE
http://www.forbes.com/companies/monsanto/,fullcontact_518,TRUE
http://www.forbes.com/companies/reynolds-american/,fullcontact_1238,TRUE
http://www.forbes.com/companies/metlife/,fullcontact_506,TRUE
http://www.forbes.com/companies/beiersdorf/,fullcontact_147,TRUE
http://www.forbes.com/companies/harley-davidson/,fullcontact_370,TRUE
http://www.forbes.com/companies/google/,fullcontact_359,TRUE
http://www.forbes.com/companies/bank-of-america/,fullcontact_134,TRUE
http://www.forbes.com/companies/cognizant-technology/,fullcontact_864,TRUE
http://www.forbes.com/companies/directv/,fullcontact_263,TRUE
http://www.forbes.com/companies/cincinnati-financial/,fullcontact_1808,TRUE
http://www.forbes.com/companies/baloise-group/,fullcontact_130,FALSE
http://www.forbes.com/companies/ameren/,fullcontact_587,FALSE
http://www.forbes.com/companies/tesco/,fullcontact_445,FALSE
http://www.forbes.com/companies/royal-bank-of-scotland/,fullcontact_136,FALSE
http://www.forbes.com/companies/health-care-reit/,fullcontact_733,FALSE
http://www.forbes.com/companies/xiamen-cd/,fullcontact_94,FALSE
http://www.forbes.com/companies/goldcorp/,fullcontact_1681,FALSE
http://www.forbes.com/companies/linear-technology/,fullcontact_976,FALSE
http://www.forbes.com/companies/dominion-resources/,fullcontact_597,FALSE
http://www.forbes.com/companies/community-health-sys/,fullcontact_1127,FALSE
http://www.forbes.com/companies/abu-dhabi-commercial/,fullcontact_1729,FALSE
http://www.forbes.com/companies/american-financial-group/,fullcontact_92,FALSE
http://www.forbes.com/companies/bank-of-nova-scotia/,fullcontact_136,FALSE
http://www.forbes.com/companies/time-warner-cable/,fullcontact_1261,FALSE
http://www.forbes.com/companies/hitachi/,fullcontact_747,FALSE
http://www.forbes.com/companies/taiwan-semiconductor/,fullcontact_1352,FALSE
http://www.forbes.com/companies/canadian-natural-resources/,fullcontact_289,FALSE
http://www.forbes.com/companies/ingredion/,fullcontact_1233,FALSE
http://www.forbes.com/companies/viacom/,fullcontact_1372,FALSE
http://www.forbes.com/companies/ikb-deutsche/,fullcontact_253,FALSE
http://www.forbes.com/companies/thales/,fullcontact_40,FALSE
http://www.forbes.com/companies/kering/,fullcontact_262,FALSE
http://www.forbes.com/companies/swiss-life-holding/,fullcontact_714,FALSE
http://www.forbes.com/companies/oci/,fullcontact_1255,FALSE
http://www.forbes.com/companies/wpg-holdings/,fullcontact_1084,FALSE
http://www.forbes.com/companies/goldman-sachs-group/,fullcontact_215,FALSE
http://www.forbes.com/companies/genworth-financial/,fullcontact_815,FALSE
http://www.forbes.com/companies/nielsen-holdings/,fullcontact_1341,FALSE
http://www.forbes.com/companies/tomony-holdings/,fullcontact_546,FALSE
http://www.forbes.com/companies/edison-international/,fullcontact_282,FALSE
http://www.forbes.com/companies/huntington-bancshares/,fullcontact_1447,FALSE
http://www.forbes.com/companies/bekb-bcbe/,fullcontact_765,FALSE
http://www.forbes.com/companies/natixis/,fullcontact_118,FALSE
http://www.forbes.com/companies/banco-santander/,fullcontact_184,FALSE
http://www.forbes.com/companies/belgacom/,fullcontact_314,FALSE
http://www.forbes.com/companies/merck-co/,fullcontact_923,FALSE
http://www.forbes.com/companies/bg-group/,fullcontact_1205,FALSE
http://www.forbes.com/companies/liberty-global/,fullcontact_478,FALSE
http://www.forbes.com/companies/jaccs/,fullcontact_688,FALSE
http://www.forbes.com/companies/cno-financial-group/,fullcontact_215,FALSE
http://www.forbes.com/companies/discovery-communications/,fullcontact_1295,FALSE
http://www.forbes.com/companies/abb/,fullcontact_109,FALSE
http://www.forbes.com/companies/gkn/,fullcontact_1793,FALSE
http://www.forbes.com/companies/mitsui-chemicals/,fullcontact_513,FALSE
http://www.forbes.com/companies/royal-bank-of-scotland/,fullcontact_253,FALSE
http://www.forbes.com/companies/suncor-energy/,fullcontact_115,FALSE
http://www.forbes.com/companies/standard-life/,fullcontact_1848,FALSE
http://www.forbes.com/companies/murphy-oil/,fullcontact_902,FALSE
http://www.forbes.com/companies/prudential-financial/,fullcontact_1343,FALSE
http://www.forbes.com/companies/kingdom-holding/,fullcontact_583,FALSE
http://www.forbes.com/companies/range-resources/,fullcontact_296,FALSE
http://www.forbes.com/companies/svenska-handelsbanken/,fullcontact_710,FALSE
http://www.forbes.com/companies/anheuser-busch-inbev/,fullcontact_314,FALSE
http://www.forbes.com/companies/old-mutual/,fullcontact_1848,FALSE
http://www.forbes.com/companies/jfe-holdings/,fullcontact_690,FALSE
http://www.forbes.com/companies/ackermans-van-haaren/,fullcontact_1368,FALSE
http://www.forbes.com/companies/prysmian/,fullcontact_291,FALSE
http://www.forbes.com/companies/microsoft/,fullcontact_1116,FALSE
http://www.forbes.com/companies/time-warner/,fullcontact_28,FALSE
http://www.forbes.com/companies/metro-inc/,fullcontact_1549,FALSE
http://www.forbes.com/companies/cgi-group/,fullcontact_1207,FALSE
http://www.forbes.com/companies/alliant-energy/,fullcontact_274,FALSE
http://www.forbes.com/companies/cisco-systems/,fullcontact_1321,FALSE
http://www.forbes.com/companies/jpmorgan-chase/,fullcontact_134,FALSE
http://www.forbes.com/companies/ww-grainger/,fullcontact_361,FALSE
http://www.forbes.com/companies/linkedin/,fullcontact_1236,FALSE
http://www.forbes.com/companies/davita/,fullcontact_1402,FALSE
http://www.forbes.com/companies/allied-irish-banks/,fullcontact_136,FALSE
http://www.forbes.com/companies/twenty-first-century-fox-inc/,fullcontact_794,FALSE
http://www.forbes.com/companies/alexion-pharmaceuticals/,fullcontact_805,FALSE
http://www.forbes.com/companies/mitsui-fudosan/,fullcontact_513,FALSE
http://www.forbes.com/companies/fluor/,fullcontact_324,FALSE
http://www.forbes.com/companies/keppel-corp/,fullcontact_190,FALSE
http://www.forbes.com/companies/braskem/,fullcontact_582,FALSE
http://www.forbes.com/companies/hewlett-packard/,fullcontact_1415,FALSE
http://www.forbes.com/companies/fibi-holdings/,fullcontact_1537,FALSE
http://www.forbes.com/companies/ezdan-holding-group/,fullcontact_1729,FALSE
http://www.forbes.com/companies/delta-electronics/,fullcontact_531,FALSE
http://www.forbes.com/companies/swisscom/,fullcontact_712,FALSE
http://www.forbes.com/companies/panasonic/,fullcontact_693,FALSE
http://www.forbes.com/companies/reynolds-american/,fullcontact_592,FALSE
http://www.forbes.com/companies/mitsubishi-estate/,fullcontact_513,FALSE
http://www.forbes.com/companies/bristol-myers-squibb/,fullcontact_44,FALSE
http://www.forbes.com/companies/lloyds-banking-group/,fullcontact_253,FALSE
http://www.forbes.com/companies/yamato-holdings/,fullcontact_313,FALSE
http://www.forbes.com/companies/genworth-financial/,fullcontact_1735,FALSE
http://www.forbes.com/companies/bmce-banque-marocaine/,fullcontact_920,FALSE
http://www.forbes.com/companies/gap/,fullcontact_539,FALSE
http://www.forbes.com/companies/byd/,fullcontact_180,FALSE
http://www.forbes.com/companies/ameriprise-financial/,fullcontact_1195,TRUE
http://www.forbes.com/companies/kla-tencor/,fullcontact_459,TRUE
http://www.forbes.com/companies/sodexo/,fullcontact_687,TRUE
http://www.forbes.com/companies/j-front-retailing/,fullcontact_438,TRUE
http://www.forbes.com/companies/hilton-worldwide/,fullcontact_380,TRUE
http://www.forbes.com/companies/tosoh/,fullcontact_748,TRUE
http://www.forbes.com/companies/tenaris/,fullcontact_732,TRUE
http://www.forbes.com/companies/remgro/,fullcontact_621,TRUE
http://www.forbes.com/companies/assa-abloy/,fullcontact_112,TRUE
http://www.forbes.com/companies/siemens/,fullcontact_670,TRUE
http://www.forbes.com/companies/tesla-motors/,fullcontact_738,TRUE
http://www.forbes.com/companies/belgacom/,fullcontact_605,TRUE
http://www.forbes.com/companies/partnerre/,fullcontact_575,TRUE
http://www.forbes.com/companies/unitedhealth-group/,fullcontact_402,FALSE
http://www.forbes.com/companies/cheung-kong-holdings/,fullcontact_214,FALSE
http://www.forbes.com/companies/keiyo-bank/,fullcontact_666,FALSE
http://www.forbes.com/companies/time-warner/,fullcontact_729,FALSE
http://www.forbes.com/companies/air-canada/,fullcontact_115,FALSE
http://www.forbes.com/companies/finmeccanica/,fullcontact_1434,FALSE
http://www.forbes.com/companies/actavis/,fullcontact_74,FALSE
http://www.forbes.com/companies/sonae/,fullcontact_692,FALSE
http://www.forbes.com/companies/genworth-financial/,fullcontact_487,FALSE
http://www.forbes.com/companies/secom/,fullcontact_454,FALSE
http://www.forbes.com/companies/arrow-electronics/,fullcontact_1278,FALSE
http://www.forbes.com/companies/fmc/,fullcontact_1334,FALSE
http://www.forbes.com/companies/eqt/,fullcontact_559,FALSE
http://www.forbes.com/companies/honda-motor/,fullcontact_65,FALSE
http://www.forbes.com/companies/amdocs/,fullcontact_181,FALSE
http://www.forbes.com/companies/universal-health/,fullcontact_1783,FALSE
http://www.forbes.com/companies/teck-resources/,fullcontact_357,FALSE
http://www.forbes.com/companies/beam/,fullcontact_1663,FALSE
http://www.forbes.com/companies/travelers-cos/,fullcontact_59,FALSE
http://www.forbes.com/companies/fmc-technologies/,fullcontact_324,FALSE
http://www.forbes.com/companies/potash-of-saskatchewan/,fullcontact_186,FALSE
http://www.forbes.com/companies/fast-retailing/,fullcontact_438,FALSE
http://www.forbes.com/companies/gdf-suez/,fullcontact_774,FALSE
http://www.forbes.com/companies/hilton-worldwide/,fullcontact_410,FALSE
http://www.forbes.com/companies/givaudan/,fullcontact_661,FALSE
http://www.forbes.com/companies/firstrand/,fullcontact_152,FALSE
http://www.forbes.com/companies/bank-danamon-indonesia/,fullcontact_649,FALSE
http://www.forbes.com/companies/credito-valtellinese/,fullcontact_237,FALSE
http://www.forbes.com/companies/time-warner-cable/,fullcontact_182,FALSE
http://www.forbes.com/companies/masco/,fullcontact_26,FALSE
http://www.forbes.com/companies/china-resources-power/,fullcontact_214,FALSE
http://www.forbes.com/companies/wyndham-worldwide/,fullcontact_1227,FALSE
http://www.forbes.com/companies/unum-group/,fullcontact_113,FALSE
http://www.forbes.com/companies/bank-of-nanjing/,fullcontact_852,FALSE
http://www.forbes.com/companies/intercontinentalexchange/,fullcontact_1944,FALSE
http://www.forbes.com/companies/delta-lloyd/,fullcontact_1492,FALSE
http://www.forbes.com/companies/danaher/,fullcontact_212,FALSE
http://www.forbes.com/companies/firstenergy/,fullcontact_231,FALSE
http://www.forbes.com/companies/cisco-systems/,fullcontact_181,FALSE
http://www.forbes.com/companies/northern-trust/,fullcontact_1324,FALSE
http://www.forbes.com/companies/regions-financial/,fullcontact_226,FALSE
http://www.forbes.com/companies/eiffage/,fullcontact_165,FALSE
http://www.forbes.com/companies/abb/,fullcontact_673,FALSE
http://www.forbes.com/companies/emc/,fullcontact_642,FALSE
http://www.forbes.com/companies/shire/,fullcontact_240,FALSE
http://www.forbes.com/companies/trw-automotive-holdings/,fullcontact_629,FALSE
http://www.forbes.com/companies/cameco/,fullcontact_1681,FALSE
http://www.forbes.com/companies/intel/,fullcontact_1415,FALSE
http://www.forbes.com/companies/cerner/,fullcontact_192,FALSE
http://www.forbes.com/companies/walt-disney/,fullcontact_1258,FALSE
http://www.forbes.com/companies/stmicroelectronics/,fullcontact_1691,FALSE
http://www.forbes.com/companies/dean-foods/,fullcontact_934,FALSE
http://www.forbes.com/companies/boston-scientific/,fullcontact_502,FALSE
http://www.forbes.com/companies/wells-fargo/,fullcontact_1930,FALSE
http://www.forbes.com/companies/cheniere-energy/,fullcontact_902,FALSE
http://www.forbes.com/companies/bank-central-asia/,fullcontact_649,FALSE
http://www.forbes.com/companies/banque-nationale-de-belgique/,fullcontact_314,FALSE
http://www.forbes.com/companies/new-york-community/,fullcontact_1386,FALSE
http://www.forbes.com/companies/google/,fullcontact_536,FALSE
http://www.forbes.com/companies/sears-holdings/,fullcontact_1446,FALSE
http://www.forbes.com/companies/salesforce/,fullcontact_1936,FALSE
http://www.forbes.com/companies/merck-co/,fullcontact_157,FALSE
http://www.forbes.com/companies/ambac-financial-group/,fullcontact_84,FALSE
http://www.forbes.com/companies/east-west-bancorp/,fullcontact_134,FALSE
http://www.forbes.com/companies/axis-bank/,fullcontact_72,FALSE
http://www.forbes.com/companies/commerzbank/,fullcontact_155,FALSE
http://www.forbes.com/companies/anheuser-busch-inbev/,fullcontact_605,FALSE
http://www.forbes.com/companies/porsche-automobil-holding/,fullcontact_1182,FALSE
http://www.forbes.com/companies/shizuoka-bank/,fullcontact_666,FALSE
http://www.forbes.com/companies/illumina/,fullcontact_1794,FALSE
http://www.forbes.com/companies/credicorp/,fullcontact_237,FALSE
http://www.forbes.com/companies/franklin-resources/,fullcontact_1841,FALSE
http://www.forbes.com/companies/reliance-industries/,fullcontact_1396,FALSE
http://www.forbes.com/companies/eaton/,fullcontact_4,FALSE
http://www.forbes.com/companies/bankinter/,fullcontact_406,FALSE
http://www.forbes.com/companies/ucb/,fullcontact_314,FALSE
http://www.forbes.com/companies/ingersoll-rand/,fullcontact_75,FALSE
http://www.forbes.com/companies/ca/,fullcontact_448,FALSE
http://www.forbes.com/companies/london-stock-exchange/,fullcontact_967,FALSE
http://www.forbes.com/companies/kroger/,fullcontact_445,FALSE
http://www.forbes.com/companies/aflac/,fullcontact_1284,FALSE
http://www.forbes.com/companies/cic-group/,fullcontact_362,FALSE
http://www.forbes.com/companies/gap/,fullcontact_843,FALSE
http://www.forbes.com/companies/intuitive-surgical/,fullcontact_1794,FALSE
http://www.forbes.com/companies/canon/,fullcontact_450,FALSE
http://www.forbes.com/companies/universal-health/,fullcontact_402,FALSE
http://www.forbes.com/companies/amcor/,fullcontact_85,FALSE
http://www.forbes.com/companies/electrolux-group/,fullcontact_284,TRUE
http://www.forbes.com/companies/avis-budget-group/,fullcontact_123,TRUE
http://www.forbes.com/companies/gannett/,fullcontact_1341,TRUE
http://www.forbes.com/companies/broadcom/,fullcontact_171,TRUE
http://www.forbes.com/companies/stanley-black-decker/,fullcontact_697,TRUE
http://www.forbes.com/companies/gazprom/,fullcontact_342,TRUE
http://www.forbes.com/companies/eqt/,fullcontact_297,TRUE
http://www.forbes.com/companies/general-mills/,fullcontact_349,TRUE
http://www.forbes.com/companies/erste-group-bank/,fullcontact_301,TRUE
http://www.forbes.com/companies/equity-residential/,fullcontact_299,TRUE
http://www.forbes.com/companies/compal-electronics/,fullcontact_531,FALSE
http://www.forbes.com/companies/indian-bank/,fullcontact_649,FALSE
http://www.forbes.com/companies/l-brands/,fullcontact_1416,FALSE
http://www.forbes.com/companies/bank-mandiri/,fullcontact_464,FALSE
http://www.forbes.com/companies/brookfield-asset-management/,fullcontact_321,FALSE
http://www.forbes.com/companies/deutsche-annington-immobilien/,fullcontact_77,FALSE
http://www.forbes.com/companies/coach/,fullcontact_877,FALSE
http://www.forbes.com/companies/coca-cola/,fullcontact_1862,FALSE
http://www.forbes.com/companies/abbott-laboratories/,fullcontact_53,FALSE
http://www.forbes.com/companies/edwards-lifesciences/,fullcontact_684,FALSE
http://www.forbes.com/companies/news-corp/,fullcontact_1295,FALSE
http://www.forbes.com/companies/toshiba/,fullcontact_747,FALSE
http://www.forbes.com/companies/sbi-holdings/,fullcontact_688,FALSE
http://www.forbes.com/companies/rockwood-holdings/,fullcontact_275,FALSE
http://www.forbes.com/companies/inter-rao/,fullcontact_1963,FALSE
http://www.forbes.com/companies/garanti-bank/,fullcontact_66,FALSE
http://www.forbes.com/companies/hal-trust/,fullcontact_1492,FALSE
http://www.forbes.com/companies/fortis-canada/,fullcontact_319,FALSE
http://www.forbes.com/companies/mondelez-international/,fullcontact_387,FALSE
http://www.forbes.com/companies/symetra-financial/,fullcontact_506,FALSE
http://www.forbes.com/companies/genworth-financial/,fullcontact_773,FALSE
http://www.forbes.com/companies/nisource/,fullcontact_587,FALSE
http://www.forbes.com/companies/deutsche-annington-immobilien/,fullcontact_1610,FALSE
http://www.forbes.com/companies/adobe-systems/,fullcontact_1062,FALSE
http://www.forbes.com/companies/boeing/,fullcontact_144,FALSE
http://www.forbes.com/companies/julius-baer-group/,fullcontact_709,FALSE
http://www.forbes.com/companies/lend-lease-group/,fullcontact_1454,FALSE
http://www.forbes.com/companies/viacom/,fullcontact_1417,FALSE
http://www.forbes.com/companies/olympus/,fullcontact_693,FALSE
http://www.forbes.com/companies/caixabank/,fullcontact_646,FALSE
http://www.forbes.com/companies/mitsubishi-materials/,fullcontact_1589,FALSE
http://www.forbes.com/companies/whiting-petroleum/,fullcontact_1768,FALSE
http://www.forbes.com/companies/finatis/,fullcontact_452,FALSE
http://www.forbes.com/companies/storebrand/,fullcontact_354,FALSE
http://www.forbes.com/companies/securitas/,fullcontact_710,FALSE
http://www.forbes.com/companies/seb/,fullcontact_710,FALSE
http://www.forbes.com/companies/alinma-bank/,fullcontact_79,FALSE
http://www.forbes.com/companies/abb/,fullcontact_155,FALSE
http://www.forbes.com/companies/safeway/,fullcontact_1521,FALSE
http://www.forbes.com/companies/electrolux-group/,fullcontact_71,FALSE
http://www.forbes.com/companies/regions-financial/,fullcontact_225,FALSE
http://www.forbes.com/companies/public-storage/,fullcontact_603,FALSE
http://www.forbes.com/companies/saudi-telecom/,fullcontact_79,FALSE
http://www.forbes.com/companies/news-corp/,fullcontact_1341,FALSE
http://www.forbes.com/companies/alliant-energy/,fullcontact_295,FALSE
http://www.forbes.com/companies/basler-kantonalbank/,fullcontact_130,FALSE
http://www.forbes.com/companies/tesoro/,fullcontact_902,FALSE
http://www.forbes.com/companies/oci/,fullcontact_1492,FALSE
http://www.forbes.com/companies/china-railway-group/,fullcontact_214,FALSE
http://www.forbes.com/companies/valero-energy/,fullcontact_1881,FALSE
http://www.forbes.com/companies/london-stock-exchange/,fullcontact_1848,FALSE
http://www.forbes.com/companies/saudi-hollandi-bank/,fullcontact_583,FALSE
http://www.forbes.com/companies/saudi-arabian-fertilizers/,fullcontact_1768,FALSE
http://www.forbes.com/companies/g4s/,fullcontact_658,FALSE
http://www.forbes.com/companies/viacom/,fullcontact_743,FALSE
http://www.forbes.com/companies/kajima/,fullcontact_448,FALSE
http://www.forbes.com/companies/alliant-energy/,fullcontact_767,FALSE
http://www.forbes.com/companies/suncor-energy/,fullcontact_754,FALSE
http://www.forbes.com/companies/banco-popular-espanol/,fullcontact_132,FALSE
http://www.forbes.com/companies/qatar-islamic-bank/,fullcontact_162,FALSE
http://www.forbes.com/companies/vienna-insurance-group/,fullcontact_789,FALSE
http://www.forbes.com/companies/cheniere-energy/,fullcontact_230,FALSE
http://www.forbes.com/companies/ppl/,fullcontact_274,FALSE
http://www.forbes.com/companies/crescent-point-energy/,fullcontact_717,FALSE
http://www.forbes.com/companies/takeda-pharmaceutical/,fullcontact_450,FALSE
http://www.forbes.com/companies/bank-of-ayudhya/,fullcontact_449,FALSE
http://www.forbes.com/companies/prudential/,fullcontact_1322,FALSE
http://www.forbes.com/companies/bank-rakyat-indonesia/,fullcontact_649,FALSE
http://www.forbes.com/companies/roche-holding/,fullcontact_709,FALSE
http://www.forbes.com/companies/reliance-steel/,fullcontact_781,FALSE
http://www.forbes.com/companies/ihi/,fullcontact_461,FALSE
http://www.forbes.com/companies/volkswagen-group/,fullcontact_1182,FALSE
http://www.forbes.com/companies/transcanada/,fullcontact_115,FALSE
http://www.forbes.com/companies/mitsui-co/,fullcontact_313,FALSE
http://www.forbes.com/companies/hong-kong-exchanges/,fullcontact_214,FALSE
http://www.forbes.com/companies/facebook/,fullcontact_480,FALSE
http://www.forbes.com/companies/sumitomo-realty/,fullcontact_688,FALSE
http://www.forbes.com/companies/genuine-parts/,fullcontact_32,FALSE
http://www.forbes.com/companies/cbs/,fullcontact_743,FALSE
http://www.forbes.com/companies/interactive-brokers-group/,fullcontact_1,FALSE
http://www.forbes.com/companies/invesco/,fullcontact_1544,FALSE
http://www.forbes.com/companies/masco/,fullcontact_1294,FALSE
http://www.forbes.com/companies/linear-technology/,fullcontact_1415,FALSE
http://www.forbes.com/companies/dr-horton/,fullcontact_1673,FALSE
http://www.forbes.com/companies/bg-group/,fullcontact_1569,FALSE
http://www.forbes.com/companies/dubai-islamic-bank/,fullcontact_1729,FALSE
http://www.forbes.com/companies/vf/,fullcontact_1198,FALSE
http://www.forbes.com/companies/goodyear/,fullcontact_32,FALSE
http://www.forbes.com/companies/scripps-networks-interactive/,fullcontact_182,FALSE
http://www.forbes.com/companies/general-mills/,fullcontact_1233,FALSE
http://www.forbes.com/companies/nintendo/,fullcontact_541,TRUE
http://www.forbes.com/companies/metso/,fullcontact_508,TRUE
http://www.forbes.com/companies/aon/,fullcontact_101,TRUE
http://www.forbes.com/companies/coca-cola/,fullcontact_222,TRUE
http://www.forbes.com/companies/carlsberg/,fullcontact_193,TRUE
http://www.forbes.com/companies/tractor-supply/,fullcontact_753,TRUE
http://www.forbes.com/companies/netflix/,fullcontact_536,TRUE
http://www.forbes.com/companies/nokia/,fullcontact_545,TRUE
http://www.forbes.com/companies/abertis/,fullcontact_47,TRUE
http://www.forbes.com/companies/vmware/,fullcontact_799,TRUE
http://www.forbes.com/companies/humana/,fullcontact_402,TRUE
http://www.forbes.com/companies/boston-scientific/,fullcontact_164,TRUE
http://www.forbes.com/companies/kpn/,fullcontact_466,TRUE
http://www.forbes.com/companies/wellpoint/,fullcontact_402,FALSE
http://www.forbes.com/companies/occidental-petroleum/,fullcontact_1768,FALSE
http://www.forbes.com/companies/hoya/,fullcontact_334,FALSE
http://www.forbes.com/companies/bank-of-ny-mellon/,fullcontact_415,FALSE
http://www.forbes.com/companies/swiss-life-holding/,fullcontact_712,FALSE
http://www.forbes.com/companies/safeway/,fullcontact_708,FALSE
http://www.forbes.com/companies/becton-dickinson/,fullcontact_502,FALSE
http://www.forbes.com/companies/saudi-british-bank/,fullcontact_583,FALSE
http://www.forbes.com/companies/arrow-electronics/,fullcontact_747,FALSE
http://www.forbes.com/companies/lear/,fullcontact_481,FALSE
http://www.forbes.com/companies/vakifbank/,fullcontact_1916,FALSE
http://www.forbes.com/companies/cincinnati-financial/,fullcontact_601,FALSE
http://www.forbes.com/companies/lawson/,fullcontact_438,FALSE
http://www.forbes.com/companies/allstate/,fullcontact_776,FALSE
http://www.forbes.com/companies/capital-one-financial/,fullcontact_225,FALSE
http://www.forbes.com/companies/intel/,fullcontact_1236,FALSE
http://www.forbes.com/companies/hexagon/,fullcontact_1112,FALSE
http://www.forbes.com/companies/syngenta/,fullcontact_661,FALSE
http://www.forbes.com/companies/illumina/,fullcontact_44,FALSE
http://www.forbes.com/companies/bank-of-ny-mellon/,fullcontact_888,FALSE
http://www.forbes.com/companies/bankia/,fullcontact_184,FALSE
http://www.forbes.com/companies/dow-chemical/,fullcontact_212,FALSE
http://www.forbes.com/companies/ucb/,fullcontact_691,FALSE
http://www.forbes.com/companies/grupo-televisa/,fullcontact_729,FALSE
http://www.forbes.com/companies/rockwell-collins/,fullcontact_1662,FALSE
http://www.forbes.com/companies/aes/,fullcontact_694,FALSE
http://www.forbes.com/companies/omnicom-group/,fullcontact_1260,FALSE
http://www.forbes.com/companies/oge-energy/,fullcontact_587,FALSE
http://www.forbes.com/companies/tjx-cos/,fullcontact_1288,FALSE
http://www.forbes.com/companies/goldman-sachs-group/,fullcontact_1913,FALSE
http://www.forbes.com/companies/cnp-assurances/,fullcontact_528,FALSE
http://www.forbes.com/companies/arrow-electronics/,fullcontact_873,FALSE
http://www.forbes.com/companies/dover/,fullcontact_266,FALSE
http://www.forbes.com/companies/dean-foods/,fullcontact_228,FALSE
http://www.forbes.com/companies/wpp/,fullcontact_97,FALSE
http://www.forbes.com/companies/northeast-utilities/,fullcontact_274,FALSE
http://www.forbes.com/companies/raytheon/,fullcontact_707,FALSE
http://www.forbes.com/companies/credit-suisse-group/,fullcontact_712,FALSE
http://www.forbes.com/companies/sl-green-realty/,fullcontact_1235,FALSE
http://www.forbes.com/companies/vmware/,fullcontact_561,FALSE
http://www.forbes.com/companies/china-unicom/,fullcontact_214,FALSE
http://www.forbes.com/companies/interpublic-group/,fullcontact_1260,FALSE
http://www.forbes.com/companies/arch-capital-group/,fullcontact_575,FALSE
http://www.forbes.com/companies/crescent-point-energy/,fullcontact_289,FALSE
http://www.forbes.com/companies/dte-energy/,fullcontact_277,FALSE
http://www.forbes.com/companies/halliburton/,fullcontact_682,FALSE
http://www.forbes.com/companies/abengoa/,fullcontact_406,FALSE
http://www.forbes.com/companies/hanwa/,fullcontact_490,FALSE
http://www.forbes.com/companies/bok-financial/,fullcontact_415,FALSE
http://www.forbes.com/companies/eletrobras/,fullcontact_1611,FALSE
http://www.forbes.com/companies/credit-suisse-group/,fullcontact_709,FALSE
http://www.forbes.com/companies/sumitomo-corp/,fullcontact_748,FALSE
http://www.forbes.com/companies/wells-fargo/,fullcontact_134,FALSE
http://www.forbes.com/companies/raymond-james-financial/,fullcontact_1477,FALSE
http://www.forbes.com/companies/consolidated-edison/,fullcontact_1674,FALSE
http://www.forbes.com/companies/ackermans-van-haaren/,fullcontact_605,FALSE
http://www.forbes.com/companies/taiwan-semiconductor/,fullcontact_501,FALSE
http://www.forbes.com/companies/vodafone/,fullcontact_20,FALSE
http://www.forbes.com/companies/hyundai-wia/,fullcontact_1527,FALSE
http://www.forbes.com/companies/arrow-electronics/,fullcontact_1415,FALSE
http://www.forbes.com/companies/resolution/,fullcontact_97,FALSE
http://www.forbes.com/companies/becton-dickinson/,fullcontact_164,FALSE
http://www.forbes.com/companies/abb/,fullcontact_470,FALSE
http://www.forbes.com/companies/nmdc/,fullcontact_1588,FALSE
http://www.forbes.com/companies/abu-dhabi-islamic-bank/,fullcontact_1729,FALSE
http://www.forbes.com/companies/carlsberg/,fullcontact_249,FALSE
http://www.forbes.com/companies/tosoh/,fullcontact_434,FALSE
http://www.forbes.com/companies/gea-group/,fullcontact_1350,FALSE
http://www.forbes.com/companies/host-hotels-resorts/,fullcontact_1227,FALSE
http://www.forbes.com/companies/american-natl-ins/,fullcontact_113,FALSE
http://www.forbes.com/companies/musashino-bank/,fullcontact_688,FALSE
http://www.forbes.com/companies/arrow-electronics/,fullcontact_629,FALSE
http://www.forbes.com/companies/liberbank/,fullcontact_131,FALSE
http://www.forbes.com/companies/new-media-investment-group/,fullcontact_1458,FALSE
http://www.forbes.com/companies/cincinnati-financial/,fullcontact_467,FALSE
http://www.forbes.com/companies/abb/,fullcontact_765,FALSE
http://www.forbes.com/companies/forest-laboratories/,fullcontact_143,FALSE
http://www.forbes.com/companies/banco-comercial-portugues/,fullcontact_184,FALSE
http://www.forbes.com/companies/commercial-bank-of-qatar/,fullcontact_1101,FALSE
http://www.forbes.com/companies/goldman-sachs-group/,fullcontact_1458,FALSE
http://www.forbes.com/companies/intesa-sanpaolo/,fullcontact_425,FALSE
http://www.forbes.com/companies/principal-financial-group/,fullcontact_606,FALSE
http://www.forbes.com/companies/akamai-technologies/,fullcontact_1259,FALSE
http://www.forbes.com/companies/advanced-semiconductor/,fullcontact_501,FALSE
http://www.forbes.com/companies/bidvest-group/,fullcontact_430,FALSE
http://www.forbes.com/companies/japan-tobacco/,fullcontact_65,FALSE
http://www.forbes.com/companies/schroders/,fullcontact_696,FALSE
http://www.forbes.com/companies/simon-property-group/,fullcontact_676,TRUE
http://www.forbes.com/companies/schindler-holding/,fullcontact_652,TRUE
http://www.forbes.com/companies/tenaga-nasional/,fullcontact_1711,TRUE
http://www.forbes.com/companies/dixons-retail/,fullcontact_265,TRUE
http://www.forbes.com/companies/tesco/,fullcontact_737,TRUE
http://www.forbes.com/companies/cigna/,fullcontact_213,TRUE
http://www.forbes.com/companies/geberit/,fullcontact_345,TRUE
http://www.forbes.com/companies/united-utilities/,fullcontact_774,TRUE
http://www.forbes.com/companies/saputo/,fullcontact_647,TRUE
http://www.forbes.com/companies/fluor/,fullcontact_323,TRUE
http://www.forbes.com/companies/bbt/,fullcontact_141,TRUE
http://www.forbes.com/companies/canara-bank/,fullcontact_187,TRUE
http://www.forbes.com/companies/coach/,fullcontact_38,TRUE
http://www.forbes.com/companies/pirelli-c/,fullcontact_590,TRUE
http://www.forbes.com/companies/autoliv/,fullcontact_120,TRUE
http://www.forbes.com/companies/jm-smucker/,fullcontact_1645,FALSE
http://www.forbes.com/companies/amphenol/,fullcontact_747,FALSE
http://www.forbes.com/companies/illumina/,fullcontact_93,FALSE
http://www.forbes.com/companies/bridgestone/,fullcontact_1668,FALSE
http://www.forbes.com/companies/eisai/,fullcontact_450,FALSE
http://www.forbes.com/companies/cardinal-health/,fullcontact_191,FALSE
http://www.forbes.com/companies/mitsubishi-ufj-lease/,fullcontact_513,FALSE
http://www.forbes.com/companies/allstate/,fullcontact_1735,FALSE
http://www.forbes.com/companies/brown-forman/,fullcontact_377,FALSE
http://www.forbes.com/companies/bce/,fullcontact_1180,FALSE
http://www.forbes.com/companies/tullow-oil/,fullcontact_682,FALSE
http://www.forbes.com/companies/csn/,fullcontact_1726,FALSE
http://www.forbes.com/companies/telefonica/,fullcontact_726,FALSE
http://www.forbes.com/companies/qatar-national-bank/,fullcontact_1479,FALSE
http://www.forbes.com/companies/cablevision/,fullcontact_1295,FALSE
http://www.forbes.com/companies/erste-group-bank/,fullcontact_1610,FALSE
http://www.forbes.com/companies/principal-financial-group/,fullcontact_604,FALSE
http://www.forbes.com/companies/juniper-networks/,fullcontact_1777,FALSE
http://www.forbes.com/companies/entergy/,fullcontact_1253,FALSE
http://www.forbes.com/companies/bcv-group/,fullcontact_155,FALSE
http://www.forbes.com/companies/kinder-morgan/,fullcontact_1334,FALSE
http://www.forbes.com/companies/discover-financial-services/,fullcontact_1477,FALSE
http://www.forbes.com/companies/prudential-financial/,fullcontact_1322,FALSE
http://www.forbes.com/companies/yamaguchi-financial/,fullcontact_1589,FALSE
http://www.forbes.com/companies/ibm/,fullcontact_1116,FALSE
http://www.forbes.com/companies/sharp/,fullcontact_476,FALSE
http://www.forbes.com/companies/mcdonalds/,fullcontact_1740,FALSE
http://www.forbes.com/companies/kuwait-finance-house/,fullcontact_920,FALSE
http://www.forbes.com/companies/societe-generale/,fullcontact_528,FALSE
http://www.forbes.com/companies/ace/,fullcontact_842,FALSE
http://www.forbes.com/companies/hoya/,fullcontact_626,FALSE
http://www.forbes.com/companies/alliant-energy/,fullcontact_1253,FALSE
http://www.forbes.com/companies/cno-financial-group/,fullcontact_78,FALSE
http://www.forbes.com/companies/aberdeen-asset-management/,fullcontact_253,FALSE
http://www.forbes.com/companies/societe-generale/,fullcontact_362,FALSE
http://www.forbes.com/companies/remgro/,fullcontact_702,FALSE
http://www.forbes.com/companies/atco/,fullcontact_754,FALSE
http://www.forbes.com/companies/zenith-bank/,fullcontact_1364,FALSE
http://www.forbes.com/companies/emc/,fullcontact_1802,FALSE
http://www.forbes.com/companies/halliburton/,fullcontact_1881,FALSE
http://www.forbes.com/companies/mitsubishi-electric/,fullcontact_513,FALSE
http://www.forbes.com/companies/jm-smucker/,fullcontact_442,FALSE
http://www.forbes.com/companies/omv-group/,fullcontact_1610,FALSE
http://www.forbes.com/companies/arab-bank/,fullcontact_920,FALSE
http://www.forbes.com/companies/mizuho-financial/,fullcontact_1589,FALSE
http://www.forbes.com/companies/thermo-fisher-scientific/,fullcontact_246,FALSE
http://www.forbes.com/companies/samsung-electronics/,fullcontact_476,FALSE
http://www.forbes.com/companies/vmware/,fullcontact_407,FALSE
http://www.forbes.com/companies/arrow-electronics/,fullcontact_910,FALSE
http://www.forbes.com/companies/encana/,fullcontact_239,FALSE
http://www.forbes.com/companies/nhpc/,fullcontact_381,FALSE
http://www.forbes.com/companies/akbank/,fullcontact_782,FALSE
http://www.forbes.com/companies/banco-santander/,fullcontact_710,FALSE
http://www.forbes.com/companies/starbucks/,fullcontact_1847,FALSE
http://www.forbes.com/companies/bbt/,fullcontact_1324,FALSE
http://www.forbes.com/companies/national-grid/,fullcontact_774,FALSE
http://www.forbes.com/companies/agl-energy/,fullcontact_60,FALSE
http://www.forbes.com/companies/hyprop-investments/,fullcontact_152,FALSE
http://www.forbes.com/companies/alpiq-holding/,fullcontact_711,FALSE
http://www.forbes.com/companies/city-national/,fullcontact_1324,FALSE
http://www.forbes.com/companies/bok-financial/,fullcontact_226,FALSE
http://www.forbes.com/companies/hca-holdings/,fullcontact_662,FALSE
http://www.forbes.com/companies/mitsubishi-estate/,fullcontact_515,FALSE
http://www.forbes.com/companies/chicago-bridge-iron/,fullcontact_161,FALSE
http://www.forbes.com/companies/bankinter/,fullcontact_1448,FALSE
http://www.forbes.com/companies/kingdom-holding/,fullcontact_680,FALSE
http://www.forbes.com/companies/royal-bank-of-canada/,fullcontact_487,FALSE
http://www.forbes.com/companies/scripps-networks-interactive/,fullcontact_794,FALSE
http://www.forbes.com/companies/ball/,fullcontact_85,FALSE
http://www.forbes.com/companies/3m/,fullcontact_246,FALSE
http://www.forbes.com/companies/ball/,fullcontact_779,FALSE
http://www.forbes.com/companies/nrg-energy/,fullcontact_1318,FALSE
http://www.forbes.com/companies/packaging-corp-amer/,fullcontact_779,FALSE
http://www.forbes.com/companies/doha-bank/,fullcontact_920,FALSE
http://www.forbes.com/companies/consolidated-edison/,fullcontact_908,FALSE
http://www.forbes.com/companies/nec/,fullcontact_540,FALSE
http://www.forbes.com/companies/genworth-financial/,fullcontact_78,FALSE
http://www.forbes.com/companies/oge-energy/,fullcontact_274,FALSE
http://www.forbes.com/companies/jpmorgan-chase/,fullcontact_520,FALSE
http://www.forbes.com/companies/kla-tencor/,fullcontact_720,FALSE
http://www.forbes.com/companies/actavis/,fullcontact_75,FALSE
http://www.forbes.com/companies/banco-popular-espanol/,fullcontact_1448,FALSE
http://www.forbes.com/companies/teliasonera/,fullcontact_995,FALSE
http://www.forbes.com/companies/universal-health/,fullcontact_58,FALSE
http://www.forbes.com/companies/nanto-bank/,fullcontact_688,FALSE
http://www.forbes.com/companies/turkish-airlines/,fullcontact_760,TRUE
http://www.forbes.com/companies/target/,fullcontact_1291,TRUE
http://www.forbes.com/companies/netapp/,fullcontact_535,TRUE
http://www.forbes.com/companies/abb/,fullcontact_43,TRUE
http://www.forbes.com/companies/ventas/,fullcontact_787,TRUE
http://www.forbes.com/companies/grupo-bimbo/,fullcontact_366,TRUE
http://www.forbes.com/companies/zurich-insurance-group/,fullcontact_842,TRUE
http://www.forbes.com/companies/northern-trust/,fullcontact_547,TRUE
http://www.forbes.com/companies/oracle/,fullcontact_561,TRUE
http://www.forbes.com/companies/progressive/,fullcontact_602,TRUE
http://www.forbes.com/companies/ses/,fullcontact_633,FALSE
http://www.forbes.com/companies/gamestop/,fullcontact_693,FALSE
http://www.forbes.com/companies/taiwan-semiconductor/,fullcontact_823,FALSE
http://www.forbes.com/companies/rwe-group/,fullcontact_634,FALSE
http://www.forbes.com/companies/new-york-community/,fullcontact_926,FALSE
http://www.forbes.com/companies/kddi/,fullcontact_724,FALSE
http://www.forbes.com/companies/st-galler-kantonalbank/,fullcontact_155,FALSE
http://www.forbes.com/companies/celgene/,fullcontact_44,FALSE
http://www.forbes.com/companies/ingredion/,fullcontact_228,FALSE
http://www.forbes.com/companies/cheniere-energy/,fullcontact_732,FALSE
http://www.forbes.com/companies/eiffage/,fullcontact_292,FALSE
http://www.forbes.com/companies/banco-de-sabadell/,fullcontact_24,FALSE
http://www.forbes.com/companies/l-brands/,fullcontact_1388,FALSE
http://www.forbes.com/companies/li-fung/,fullcontact_1078,FALSE
http://www.forbes.com/companies/raiffeisen-bank-international/,fullcontact_155,FALSE
http://www.forbes.com/companies/savola-group/,fullcontact_79,FALSE
http://www.forbes.com/companies/jeronimo-martins/,fullcontact_1890,FALSE
http://www.forbes.com/companies/roche-holding/,fullcontact_534,FALSE
http://www.forbes.com/companies/schroders/,fullcontact_253,FALSE
http://www.forbes.com/companies/coca-cola-hbc/,fullcontact_446,FALSE
http://www.forbes.com/companies/western-refining/,fullcontact_902,FALSE
http://www.forbes.com/companies/barrick-gold/,fullcontact_1529,FALSE
http://www.forbes.com/companies/toyota-boshoku/,fullcontact_1422,FALSE
http://www.forbes.com/companies/news-corp/,fullcontact_1261,FALSE
http://www.forbes.com/companies/carrefour/,fullcontact_196,FALSE
http://www.forbes.com/companies/bp/,fullcontact_1205,FALSE
http://www.forbes.com/companies/mosaic/,fullcontact_1294,FALSE
http://www.forbes.com/companies/public-service-enterprise/,fullcontact_767,FALSE
http://www.forbes.com/companies/banco-santander/,fullcontact_1448,FALSE
http://www.forbes.com/companies/sealed-air/,fullcontact_779,FALSE
http://www.forbes.com/companies/tenet-healthcare/,fullcontact_1462,FALSE
http://www.forbes.com/companies/sse/,fullcontact_1205,FALSE
http://www.forbes.com/companies/bank-audi/,fullcontact_84,FALSE
http://www.forbes.com/companies/occidental-petroleum/,fullcontact_1215,FALSE
http://www.forbes.com/companies/new-york-community/,fullcontact_1458,FALSE
http://www.forbes.com/companies/swatch-group/,fullcontact_673,FALSE
http://www.forbes.com/companies/pgn/,fullcontact_587,FALSE
http://www.forbes.com/companies/petrochina/,fullcontact_208,FALSE
http://www.forbes.com/companies/kingdom-holding/,fullcontact_1729,FALSE
http://www.forbes.com/companies/bekb-bcbe/,fullcontact_43,FALSE
http://www.forbes.com/companies/obayashi/,fullcontact_461,FALSE
http://www.forbes.com/companies/commerzbank/,fullcontact_253,FALSE
http://www.forbes.com/companies/aberdeen-asset-management/,fullcontact_654,FALSE
http://www.forbes.com/companies/sinopec-engineering-group/,fullcontact_1768,FALSE
http://www.forbes.com/companies/qantas-airways/,fullcontact_100,FALSE
http://www.forbes.com/companies/bank-of-chongqing/,fullcontact_852,FALSE
http://www.forbes.com/companies/allstate/,fullcontact_815,FALSE
http://www.forbes.com/companies/raytheon/,fullcontact_127,FALSE
http://www.forbes.com/companies/ca/,fullcontact_1016,FALSE
http://www.forbes.com/companies/caixabank/,fullcontact_1448,FALSE
http://www.forbes.com/companies/publicis-groupe/,fullcontact_50,FALSE
http://www.forbes.com/companies/gea-group/,fullcontact_904,FALSE
http://www.forbes.com/companies/celgene/,fullcontact_143,FALSE
http://www.forbes.com/companies/bank-of-china/,fullcontact_136,FALSE
http://www.forbes.com/companies/kinnevik/,fullcontact_710,FALSE
http://www.forbes.com/companies/caixabank/,fullcontact_131,FALSE
http://www.forbes.com/companies/nestle/,fullcontact_714,FALSE
http://www.forbes.com/companies/oge-energy/,fullcontact_295,FALSE
http://www.forbes.com/companies/akbank/,fullcontact_84,FALSE
http://www.forbes.com/companies/nike/,fullcontact_877,FALSE
http://www.forbes.com/companies/keycorp/,fullcontact_226,FALSE
http://www.forbes.com/companies/uniqa/,fullcontact_771,FALSE
http://www.forbes.com/companies/amphenol/,fullcontact_94,FALSE
http://www.forbes.com/companies/murphy-oil/,fullcontact_1334,FALSE
http://www.forbes.com/companies/cencosud/,fullcontact_1782,FALSE
http://www.forbes.com/companies/telus/,fullcontact_1585,FALSE
http://www.forbes.com/companies/dominion-resources/,fullcontact_274,FALSE
http://www.forbes.com/companies/hitachi/,fullcontact_454,FALSE
http://www.forbes.com/companies/mckesson/,fullcontact_191,FALSE
http://www.forbes.com/companies/towers-watson/,fullcontact_614,FALSE
http://www.forbes.com/companies/flextronics-international/,fullcontact_1053,FALSE
http://www.forbes.com/companies/novartis/,fullcontact_43,FALSE
http://www.forbes.com/companies/signature-bank/,fullcontact_134,FALSE
http://www.forbes.com/companies/bekb-bcbe/,fullcontact_920,FALSE
http://www.forbes.com/companies/interactive-brokers-group/,fullcontact_537,FALSE
http://www.forbes.com/companies/western-refining/,fullcontact_1768,FALSE
http://www.forbes.com/companies/deutsche-bank/,fullcontact_155,FALSE
http://www.forbes.com/companies/mitsubishi-heavy-industries/,fullcontact_513,FALSE
http://www.forbes.com/companies/murata-manufacturing/,fullcontact_707,FALSE
http://www.forbes.com/companies/chubb/,fullcontact_776,FALSE
http://www.forbes.com/companies/allianz/,fullcontact_78,FALSE
http://www.forbes.com/companies/ashland/,fullcontact_663,FALSE
http://www.forbes.com/companies/standard-chartered/,fullcontact_253,FALSE
http://www.forbes.com/companies/bp/,fullcontact_1237,FALSE
http://www.forbes.com/companies/banco-bradesco/,fullcontact_285,FALSE
http://www.forbes.com/companies/china-mobile/,fullcontact_1078,FALSE
http://www.forbes.com/companies/telenor/,fullcontact_725,FALSE
http://www.forbes.com/companies/st-jude-medical/,fullcontact_502,FALSE
http://www.forbes.com/companies/spectra-energy/,fullcontact_1768,FALSE
http://www.forbes.com/companies/talisman-energy/,fullcontact_319,FALSE
http://www.forbes.com/companies/nelnet/,fullcontact_532,TRUE
http://www.forbes.com/companies/mitsubishi-ufj-financial/,fullcontact_1589,TRUE
http://www.forbes.com/companies/air-liquide/,fullcontact_64,TRUE
http://www.forbes.com/companies/shoprite-holdings/,fullcontact_669,TRUE
http://www.forbes.com/companies/liberbank/,fullcontact_24,TRUE
http://www.forbes.com/companies/arca-continental/,fullcontact_105,TRUE
http://www.forbes.com/companies/ecolab/,fullcontact_279,TRUE
http://www.forbes.com/companies/renault/,fullcontact_17,TRUE
http://www.forbes.com/companies/oneok/,fullcontact_559,TRUE
http://www.forbes.com/companies/caixabank/,fullcontact_184,TRUE
http://www.forbes.com/companies/orica/,fullcontact_564,TRUE
http://www.forbes.com/companies/ibm/,fullcontact_407,TRUE
http://www.forbes.com/companies/china-coal-energy/,fullcontact_208,TRUE
http://www.forbes.com/companies/hexagon/,fullcontact_71,FALSE
http://www.forbes.com/companies/genworth-financial/,fullcontact_601,FALSE
http://www.forbes.com/companies/xcel-energy/,fullcontact_1253,FALSE
http://www.forbes.com/companies/statoil/,fullcontact_354,FALSE
http://www.forbes.com/companies/morgan-stanley/,fullcontact_654,FALSE
http://www.forbes.com/companies/dish-network/,fullcontact_263,FALSE
http://www.forbes.com/companies/coca-cola-hbc/,fullcontact_534,FALSE
http://www.forbes.com/companies/symetra-financial/,fullcontact_815,FALSE
http://www.forbes.com/companies/idb-holding/,fullcontact_432,FALSE
http://www.forbes.com/companies/hebei-iron-steel/,fullcontact_208,FALSE
http://www.forbes.com/companies/visa/,fullcontact_308,FALSE
http://www.forbes.com/companies/directv/,fullcontact_729,FALSE
http://www.forbes.com/companies/safran/,fullcontact_1710,FALSE
http://www.forbes.com/companies/cms-energy/,fullcontact_1253,FALSE
http://www.forbes.com/companies/alliance-data-systems/,fullcontact_1232,FALSE
http://www.forbes.com/companies/unitedhealth-group/,fullcontact_815,FALSE
http://www.forbes.com/companies/humana/,fullcontact_58,FALSE
http://www.forbes.com/companies/franklin-resources/,fullcontact_1913,FALSE
http://www.forbes.com/companies/bristol-myers-squibb/,fullcontact_53,FALSE
http://www.forbes.com/companies/anadarko-petroleum/,fullcontact_559,FALSE
http://www.forbes.com/companies/inotera-memories/,fullcontact_52,FALSE
http://www.forbes.com/companies/agilent-technologies/,fullcontact_747,FALSE
http://www.forbes.com/companies/xcel-energy/,fullcontact_295,FALSE
http://www.forbes.com/companies/verizon-communications/,fullcontact_1234,FALSE
http://www.forbes.com/companies/standard-bank-group/,fullcontact_84,FALSE
http://www.forbes.com/companies/au-optronics/,fullcontact_531,FALSE
http://www.forbes.com/companies/novatek/,fullcontact_1342,FALSE
http://www.forbes.com/companies/talisman-energy/,fullcontact_290,FALSE
http://www.forbes.com/companies/tomony-holdings/,fullcontact_688,FALSE
http://www.forbes.com/companies/munich-re/,fullcontact_77,FALSE
http://www.forbes.com/companies/bae-systems/,fullcontact_1228,FALSE
http://www.forbes.com/companies/packaging-corp-amer/,fullcontact_612,FALSE
http://www.forbes.com/companies/coca-cola-enterprises/,fullcontact_1349,FALSE
http://www.forbes.com/companies/sun-art-retail-group/,fullcontact_51,FALSE
http://www.forbes.com/companies/bendigo-adelaide-bank/,fullcontact_162,FALSE
http://www.forbes.com/companies/iss/,fullcontact_1068,FALSE
http://www.forbes.com/companies/ls-corp/,fullcontact_477,FALSE
http://www.forbes.com/companies/fastenal/,fullcontact_386,FALSE
http://www.forbes.com/companies/corning/,fullcontact_1415,FALSE
http://www.forbes.com/companies/nestle/,fullcontact_353,FALSE
http://www.forbes.com/companies/astellas-pharma/,fullcontact_65,FALSE
http://www.forbes.com/companies/national-oilwell-varco/,fullcontact_1524,FALSE
http://www.forbes.com/companies/toyota-industries/,fullcontact_751,FALSE
http://www.forbes.com/companies/severn-trent/,fullcontact_1110,FALSE
http://www.forbes.com/companies/johnson-johnson/,fullcontact_1645,FALSE
http://www.forbes.com/companies/lundbergs/,fullcontact_679,FALSE
http://www.forbes.com/companies/community-health-sys/,fullcontact_1462,FALSE
http://www.forbes.com/companies/uniqa/,fullcontact_77,FALSE
http://www.forbes.com/companies/autonation/,fullcontact_121,FALSE
http://www.forbes.com/companies/affiliated-managers-group/,fullcontact_601,FALSE
http://www.forbes.com/companies/calpine/,fullcontact_231,FALSE
http://www.forbes.com/companies/silver-wheaton/,fullcontact_1529,FALSE
http://www.forbes.com/companies/petrofac/,fullcontact_682,FALSE
http://www.forbes.com/companies/cgi-group/,fullcontact_1603,FALSE
http://www.forbes.com/companies/garmin/,fullcontact_1486,FALSE
http://www.forbes.com/companies/north-pacific-bank/,fullcontact_666,FALSE
http://www.forbes.com/companies/scana/,fullcontact_774,FALSE
http://www.forbes.com/companies/swiss-life-holding/,fullcontact_1185,FALSE
http://www.forbes.com/companies/assurant/,fullcontact_59,FALSE
http://www.forbes.com/companies/oge-energy/,fullcontact_273,FALSE
http://www.forbes.com/companies/noble-energy/,fullcontact_902,FALSE
http://www.forbes.com/companies/catamaran/,fullcontact_1783,FALSE
http://www.forbes.com/companies/target/,fullcontact_1503,FALSE
http://www.forbes.com/companies/quest-diagnostics/,fullcontact_1127,FALSE
http://www.forbes.com/companies/first-quantum-minerals/,fullcontact_357,FALSE
http://www.forbes.com/companies/unum-group/,fullcontact_601,FALSE
http://www.forbes.com/companies/sdic-power-holdings/,fullcontact_208,FALSE
http://www.forbes.com/companies/nikon/,fullcontact_538,FALSE
http://www.forbes.com/companies/johnson-controls/,fullcontact_574,FALSE
http://www.forbes.com/companies/hewlett-packard/,fullcontact_1942,FALSE
http://www.forbes.com/companies/akamai-technologies/,fullcontact_407,FALSE
http://www.forbes.com/companies/calpine/,fullcontact_908,FALSE
http://www.forbes.com/companies/motorola-solutions/,fullcontact_370,FALSE
http://www.forbes.com/companies/bridgestone/,fullcontact_751,FALSE
http://www.forbes.com/companies/fidelity-national-financial/,fullcontact_113,FALSE
http://www.forbes.com/companies/monsanto/,fullcontact_275,FALSE
http://www.forbes.com/companies/prudential/,fullcontact_124,FALSE
http://www.forbes.com/companies/kbc-group/,fullcontact_22,FALSE
http://www.forbes.com/companies/nextera-energy/,fullcontact_76,FALSE
http://www.forbes.com/companies/grupo-acs/,fullcontact_47,FALSE
http://www.forbes.com/companies/halliburton/,fullcontact_732,FALSE
http://www.forbes.com/companies/lockheed-martin/,fullcontact_548,FALSE
http://www.forbes.com/companies/canadian-national-railway/,fullcontact_289,FALSE
http://www.forbes.com/companies/metro-inc/,fullcontact_1765,FALSE
http://www.forbes.com/companies/principal-financial-group/,fullcontact_1735,FALSE
http://www.forbes.com/companies/wheelock-co/,fullcontact_1150,FALSE
http://www.forbes.com/companies/credit-agricole/,fullcontact_686,FALSE
http://www.forbes.com/companies/inventec/,fullcontact_428,TRUE
http://www.forbes.com/companies/flowserve/,fullcontact_322,TRUE
http://www.forbes.com/companies/rite-aid/,fullcontact_628,TRUE
http://www.forbes.com/companies/shire/,fullcontact_667,TRUE
http://www.forbes.com/companies/carmax/,fullcontact_194,TRUE
http://www.forbes.com/companies/ubs/,fullcontact_765,TRUE
http://www.forbes.com/companies/standard-chartered/,fullcontact_1297,TRUE
http://www.forbes.com/companies/teva-pharmaceutical/,fullcontact_1495,TRUE
http://www.forbes.com/companies/total/,fullcontact_749,TRUE
http://www.forbes.com/companies/petsmart/,fullcontact_584,TRUE
http://www.forbes.com/companies/ebay/,fullcontact_278,TRUE
http://www.forbes.com/companies/akbank/,fullcontact_66,TRUE
http://www.forbes.com/companies/starbucks/,fullcontact_699,TRUE
http://www.forbes.com/companies/infosys/,fullcontact_418,TRUE
http://www.forbes.com/companies/mead-johnson-nutrition/,fullcontact_498,TRUE
http://www.forbes.com/companies/attijariwafa-bank/,fullcontact_118,TRUE
http://www.forbes.com/companies/alleghany/,fullcontact_73,FALSE
http://www.forbes.com/companies/yahoo/,fullcontact_407,FALSE
http://www.forbes.com/companies/jaccs/,fullcontact_438,FALSE
http://www.forbes.com/companies/kla-tencor/,fullcontact_469,FALSE
http://www.forbes.com/companies/antero-resources/,fullcontact_617,FALSE
http://www.forbes.com/companies/lukoil/,fullcontact_631,FALSE
http://www.forbes.com/companies/protective-life/,fullcontact_113,FALSE
http://www.forbes.com/companies/wm-morrison-supermarkets/,fullcontact_737,FALSE
http://www.forbes.com/companies/boston-scientific/,fullcontact_671,FALSE
http://www.forbes.com/companies/yamada-denki/,fullcontact_313,FALSE
http://www.forbes.com/companies/nidec/,fullcontact_544,FALSE
http://www.forbes.com/companies/union-bank-of-india/,fullcontact_72,FALSE
http://www.forbes.com/companies/banco-do-brasil/,fullcontact_285,FALSE
http://www.forbes.com/companies/talisman-energy/,fullcontact_239,FALSE
http://www.forbes.com/companies/expeditors-international/,fullcontact_1356,FALSE
http://www.forbes.com/companies/denbury-resources/,fullcontact_1881,FALSE
http://www.forbes.com/companies/kraft-foods-group/,fullcontact_941,FALSE
http://www.forbes.com/companies/canon/,fullcontact_334,FALSE
http://www.forbes.com/companies/dixons-retail/,fullcontact_1097,FALSE
http://www.forbes.com/companies/nextera-energy/,fullcontact_273,FALSE
http://www.forbes.com/companies/alfa-laval/,fullcontact_116,FALSE
http://www.forbes.com/companies/nitto-denko/,fullcontact_544,FALSE
http://www.forbes.com/companies/helmerich-payne/,fullcontact_1524,FALSE
http://www.forbes.com/companies/sgs/,fullcontact_1691,FALSE
http://www.forbes.com/companies/emirates-integrated-telecom/,fullcontact_57,FALSE
http://www.forbes.com/companies/bank-of-montreal/,fullcontact_134,FALSE
http://www.forbes.com/companies/inotera-memories/,fullcontact_823,FALSE
http://www.forbes.com/companies/labcorp/,fullcontact_1402,FALSE
http://www.forbes.com/companies/deutsche-annington-immobilien/,fullcontact_42,FALSE
http://www.forbes.com/companies/power-corp-of-canada/,fullcontact_754,FALSE
http://www.forbes.com/companies/cc-media-holdings/,fullcontact_1201,FALSE
http://www.forbes.com/companies/caixabank/,fullcontact_132,FALSE
http://www.forbes.com/companies/american-electric/,fullcontact_76,FALSE
http://www.forbes.com/companies/fiserv/,fullcontact_1760,FALSE
http://www.forbes.com/companies/sherwin-williams/,fullcontact_386,FALSE
http://www.forbes.com/companies/alinma-bank/,fullcontact_133,FALSE
http://www.forbes.com/companies/softbank/,fullcontact_688,FALSE
http://www.forbes.com/companies/cf-industries-holdings/,fullcontact_323,FALSE
http://www.forbes.com/companies/easyjet/,fullcontact_1237,FALSE
http://www.forbes.com/companies/boe-technology-group/,fullcontact_1084,FALSE
http://www.forbes.com/companies/daikin-industries/,fullcontact_538,FALSE
http://www.forbes.com/companies/lincoln-national/,fullcontact_59,FALSE
http://www.forbes.com/companies/turkcell/,fullcontact_760,FALSE
http://www.forbes.com/companies/nec/,fullcontact_531,FALSE
http://www.forbes.com/companies/ameren/,fullcontact_76,FALSE
http://www.forbes.com/companies/amdocs/,fullcontact_48,FALSE
http://www.forbes.com/companies/nordstrom/,fullcontact_326,FALSE
http://www.forbes.com/companies/l-3-communications/,fullcontact_548,FALSE
http://www.forbes.com/companies/nelnet/,fullcontact_1330,FALSE
http://www.forbes.com/companies/ubs/,fullcontact_712,FALSE
http://www.forbes.com/companies/nordea-bank/,fullcontact_22,FALSE
http://www.forbes.com/companies/protective-life/,fullcontact_59,FALSE
http://www.forbes.com/companies/staples/,fullcontact_1503,FALSE
http://www.forbes.com/companies/hewlett-packard/,fullcontact_747,FALSE
http://www.forbes.com/companies/asahi-kasei/,fullcontact_110,FALSE
http://www.forbes.com/companies/jyske-bank/,fullcontact_249,FALSE
http://www.forbes.com/companies/conocophillips/,fullcontact_1524,FALSE
http://www.forbes.com/companies/woodside-petroleum/,fullcontact_902,FALSE
http://www.forbes.com/companies/archer-daniels-midland/,fullcontact_228,FALSE
http://www.forbes.com/companies/dbs-group/,fullcontact_84,FALSE
http://www.forbes.com/companies/valiant-holding/,fullcontact_842,FALSE
http://www.forbes.com/companies/ww-grainger/,fullcontact_910,FALSE
http://www.forbes.com/companies/sony/,fullcontact_558,FALSE
http://www.forbes.com/companies/inventec/,fullcontact_531,FALSE
http://www.forbes.com/companies/peoples-united-financial/,fullcontact_1477,FALSE
http://www.forbes.com/companies/halliburton/,fullcontact_55,FALSE
http://www.forbes.com/companies/hyundai-hysco/,fullcontact_681,FALSE
http://www.forbes.com/companies/nextera-energy/,fullcontact_832,FALSE
http://www.forbes.com/companies/microsoft/,fullcontact_102,FALSE
http://www.forbes.com/companies/new-york-community/,fullcontact_526,FALSE
http://www.forbes.com/companies/sabesp/,fullcontact_168,FALSE
http://www.forbes.com/companies/ugi/,fullcontact_774,FALSE
http://www.forbes.com/companies/schindler-holding/,fullcontact_661,FALSE
http://www.forbes.com/companies/cc-media-holdings/,fullcontact_1295,FALSE
http://www.forbes.com/companies/interactive-brokers-group/,fullcontact_601,FALSE
http://www.forbes.com/companies/china-resources-land/,fullcontact_214,FALSE
http://www.forbes.com/companies/steinhoff-international/,fullcontact_152,FALSE
http://www.forbes.com/companies/microsoft/,fullcontact_998,FALSE
http://www.forbes.com/companies/bcv-group/,fullcontact_709,FALSE
http://www.forbes.com/companies/luzerner-kantonalbank/,fullcontact_155,FALSE
http://www.forbes.com/companies/cr-bard/,fullcontact_143,FALSE
http://www.forbes.com/companies/banco-bpi/,fullcontact_184,FALSE
http://www.forbes.com/companies/intuit/,fullcontact_998,FALSE
http://www.forbes.com/companies/liberbank/,fullcontact_1448,FALSE
http://www.forbes.com/companies/valero-energy/,fullcontact_657,FALSE
http://www.forbes.com/companies/bcv-group/,fullcontact_713,FALSE
http://www.forbes.com/companies/regeneron-pharmaceuticals/,fullcontact_996,FALSE
http://www.forbes.com/companies/marriott-international/,fullcontact_711,FALSE
http://www.forbes.com/companies/sandisk/,fullcontact_1451,FALSE
http://www.forbes.com/companies/kansas-city-southern/,fullcontact_636,FALSE
http://www.forbes.com/companies/loreal-group/,fullcontact_841,FALSE
http://www.forbes.com/companies/gea-group/,fullcontact_736,FALSE
http://www.forbes.com/companies/suntrust-banks/,fullcontact_355,FALSE
http://www.forbes.com/companies/tokio-marine-holdings/,fullcontact_1350,FALSE
http://www.forbes.com/companies/rhb-capital/,fullcontact_456,FALSE
http://www.forbes.com/companies/osram-licht/,fullcontact_577,FALSE
http://www.forbes.com/companies/yanzhou-coal-mining/,fullcontact_1560,FALSE
http://www.forbes.com/companies/public-power/,fullcontact_1867,FALSE
http://www.forbes.com/companies/alfresa-holdings/,fullcontact_1321,FALSE
http://www.forbes.com/companies/enagas/,fullcontact_1804,FALSE
http://www.forbes.com/companies/grupo-bimbo/,fullcontact_1681,FALSE
http://www.forbes.com/companies/bristol-myers-squibb/,fullcontact_946,FALSE
http://www.forbes.com/companies/brilliance-china-automotive-holdings/,fullcontact_1516,FALSE
http://www.forbes.com/companies/industries-qatar/,fullcontact_638,FALSE
http://www.forbes.com/companies/arab-national-bank/,fullcontact_903,FALSE
http://www.forbes.com/companies/galaxy-entertainment/,fullcontact_1054,FALSE
http://www.forbes.com/companies/kimberly-clark/,fullcontact_1889,FALSE
http://www.forbes.com/companies/denbury-resources/,fullcontact_1670,FALSE
http://www.forbes.com/companies/china-mengniu-dairy/,fullcontact_963,FALSE
http://www.forbes.com/companies/petrofac/,fullcontact_1285,FALSE
http://www.forbes.com/companies/valeo/,fullcontact_392,FALSE
http://www.forbes.com/companies/first-niagara-financial/,fullcontact_1584,FALSE
http://www.forbes.com/companies/pkn-orlen/,fullcontact_1088,FALSE
http://www.forbes.com/companies/weatherford-international/,fullcontact_1049,FALSE
http://www.forbes.com/companies/industries-qatar/,fullcontact_1508,FALSE
http://www.forbes.com/companies/aon/,fullcontact_1247,FALSE
http://www.forbes.com/companies/union-pacific/,fullcontact_141,FALSE
http://www.forbes.com/companies/campbell-soup/,fullcontact_560,FALSE
http://www.forbes.com/companies/american-equity-investment/,fullcontact_343,FALSE
http://www.forbes.com/companies/ecopetrol/,fullcontact_1447,FALSE
http://www.forbes.com/companies/daishi-bank/,fullcontact_69,FALSE
http://www.forbes.com/companies/jc-penney/,fullcontact_392,FALSE
http://www.forbes.com/companies/compass-group/,fullcontact_1174,FALSE
http://www.forbes.com/companies/skf-group/,fullcontact_1367,FALSE
http://www.forbes.com/companies/eog-resources/,fullcontact_992,FALSE
http://www.forbes.com/companies/hachijuni-bank/,fullcontact_1694,FALSE
http://www.forbes.com/companies/wuhan-iron-steel/,fullcontact_1809,FALSE
http://www.forbes.com/companies/grupo-pao-de-acucar/,fullcontact_257,FALSE
http://www.forbes.com/companies/hutchison-whampoa/,fullcontact_1874,FALSE
http://www.forbes.com/companies/icade/,fullcontact_1210,FALSE
http://www.forbes.com/companies/bank-of-ireland/,fullcontact_1253,FALSE
http://www.forbes.com/companies/hunan-valin-steel/,fullcontact_185,FALSE
http://www.forbes.com/companies/qantas-airways/,fullcontact_1225,FALSE
http://www.forbes.com/companies/chang-hwa-bank/,fullcontact_1428,FALSE
http://www.forbes.com/companies/nippon-paper-industries/,fullcontact_1142,FALSE
http://www.forbes.com/companies/transcanada/,fullcontact_165,FALSE
http://www.forbes.com/companies/fujitsu/,fullcontact_1031,FALSE
http://www.forbes.com/companies/banque-nationale-de-belgique/,fullcontact_1842,FALSE
http://www.forbes.com/companies/banco-popolare/,fullcontact_1423,FALSE
http://www.forbes.com/companies/sanofi/,fullcontact_267,FALSE
http://www.forbes.com/companies/yamato-holdings/,fullcontact_1888,FALSE
http://www.forbes.com/companies/kroger/,fullcontact_1886,FALSE
http://www.forbes.com/companies/yamada-denki/,fullcontact_329,FALSE
http://www.forbes.com/companies/dr-horton/,fullcontact_1577,FALSE
http://www.forbes.com/companies/lkq/,fullcontact_789,FALSE
http://www.forbes.com/companies/grifols/,fullcontact_1167,FALSE
http://www.forbes.com/companies/qbe-insurance-group/,fullcontact_870,FALSE
http://www.forbes.com/companies/alliance-global-group/,fullcontact_1541,FALSE
http://www.forbes.com/companies/china-shipbuilding-industry/,fullcontact_1961,FALSE
http://www.forbes.com/companies/kohls/,fullcontact_1565,FALSE
http://www.forbes.com/companies/netdragon-websoft/,fullcontact_1833,FALSE
http://www.forbes.com/companies/devon-energy/,fullcontact_1861,FALSE
http://www.forbes.com/companies/mitsui-co/,fullcontact_175,FALSE
http://www.forbes.com/companies/aluminum-corp-of-china/,fullcontact_491,FALSE
http://www.forbes.com/companies/k-plus-s/,fullcontact_1420,FALSE
http://www.forbes.com/companies/general-mills/,fullcontact_1160,FALSE
http://www.forbes.com/companies/gkn/,fullcontact_98,FALSE
http://www.forbes.com/companies/kbc-group/,fullcontact_185,FALSE
http://www.forbes.com/companies/cr-bard/,fullcontact_1026,FALSE
http://www.forbes.com/companies/oneok/,fullcontact_1213,FALSE
http://www.forbes.com/companies/bank-central-asia/,fullcontact_325,FALSE
http://www.forbes.com/companies/paccar/,fullcontact_332,FALSE
http://www.forbes.com/companies/vedanta-resources/,fullcontact_251,FALSE
http://www.forbes.com/companies/xilinx/,fullcontact_1111,FALSE
http://www.forbes.com/companies/luzerner-kantonalbank/,fullcontact_16,FALSE
http://www.forbes.com/companies/kweichow-moutai/,fullcontact_1126,FALSE
http://www.forbes.com/companies/nike/,fullcontact_935,FALSE
http://www.forbes.com/companies/esun-financial/,fullcontact_913,FALSE
http://www.forbes.com/companies/raymond-james-financial/,fullcontact_1337,FALSE
http://www.forbes.com/companies/au-optronics/,fullcontact_1030,FALSE
http://www.forbes.com/companies/allstate/,fullcontact_1432,FALSE
http://www.forbes.com/companies/bharti-airtel/,fullcontact_1504,FALSE
http://www.forbes.com/companies/joyo-bank/,fullcontact_1811,FALSE
http://www.forbes.com/companies/waters/,fullcontact_1573,FALSE
http://www.forbes.com/companies/hcp/,fullcontact_1020,FALSE
http://www.forbes.com/companies/alexion-pharmaceuticals/,fullcontact_969,FALSE
http://www.forbes.com/companies/hyundai-hysco/,fullcontact_457,FALSE
http://www.forbes.com/companies/peugeot/,fullcontact_1178,FALSE
http://www.forbes.com/companies/tasnee/,fullcontact_270,FALSE
http://www.forbes.com/companies/porsche-automobil-holding/,fullcontact_1833,FALSE
http://www.forbes.com/companies/swiss-life-holding/,fullcontact_1663,FALSE
http://www.forbes.com/companies/nmdc/,fullcontact_233,FALSE
http://www.forbes.com/companies/empire/,fullcontact_1547,FALSE
http://www.forbes.com/companies/visa/,fullcontact_228,FALSE
http://www.forbes.com/companies/esun-financial/,fullcontact_1419,FALSE
http://www.forbes.com/companies/cathay-financial/,fullcontact_171,FALSE
http://www.forbes.com/companies/alexion-pharmaceuticals/,fullcontact_960,FALSE
http://www.forbes.com/companies/apple/,fullcontact_1295,FALSE
http://www.forbes.com/companies/oci/,fullcontact_1434,FALSE
http://www.forbes.com/companies/vestas-wind-systems/,fullcontact_812,FALSE
http://www.forbes.com/companies/chipotle-mexican-grill/,fullcontact_1814,FALSE
http://www.forbes.com/companies/abengoa/,fullcontact_1525,FALSE
http://www.forbes.com/companies/rsa-insurance-group/,fullcontact_404,FALSE
http://www.forbes.com/companies/community-health-sys/,fullcontact_1322,FALSE
http://www.forbes.com/companies/kasikornbank/,fullcontact_1437,FALSE
http://www.forbes.com/companies/lig-insurance/,fullcontact_648,FALSE
http://www.forbes.com/companies/santos/,fullcontact_1453,FALSE
http://www.forbes.com/companies/boston-properties/,fullcontact_1769,FALSE
http://www.forbes.com/companies/intercontinentalexchange/,fullcontact_1608,FALSE
http://www.forbes.com/companies/dongbu-insurance/,fullcontact_1501,FALSE
http://www.forbes.com/companies/anz/,fullcontact_1250,FALSE
http://www.forbes.com/companies/visa/,fullcontact_526,FALSE
http://www.forbes.com/companies/saudi-electricity/,fullcontact_1565,FALSE
http://www.forbes.com/companies/gas-natural-fenosa/,fullcontact_707,FALSE
http://www.forbes.com/companies/genuine-parts/,fullcontact_1048,FALSE
http://www.forbes.com/companies/coca-cola-hbc/,fullcontact_611,FALSE
http://www.forbes.com/companies/severstal/,fullcontact_608,FALSE
http://www.forbes.com/companies/huntington-bancshares/,fullcontact_306,FALSE
http://www.forbes.com/companies/bok-financial/,fullcontact_1891,FALSE
http://www.forbes.com/companies/easyjet/,fullcontact_287,FALSE
http://www.forbes.com/companies/express-scripts/,fullcontact_168,FALSE
http://www.forbes.com/companies/foot-locker/,fullcontact_1842,FALSE
http://www.forbes.com/companies/fmc-technologies/,fullcontact_1092,FALSE
http://www.forbes.com/companies/otp-bank/,fullcontact_851,FALSE
http://www.forbes.com/companies/easyjet/,fullcontact_1452,FALSE
http://www.forbes.com/companies/uniqa/,fullcontact_744,FALSE
http://www.forbes.com/companies/canadian-imperial-bank/,fullcontact_249,FALSE
http://www.forbes.com/companies/smc-corp/,fullcontact_1436,FALSE
http://www.forbes.com/companies/nvidia/,fullcontact_341,FALSE
http://www.forbes.com/companies/stryker/,fullcontact_1088,FALSE
http://www.forbes.com/companies/pegatron/,fullcontact_1867,FALSE
http://www.forbes.com/companies/ping-an-insurance/,fullcontact_1842,FALSE
http://www.forbes.com/companies/scor/,fullcontact_700,FALSE
http://www.forbes.com/companies/unipol-gruppo/,fullcontact_1536,FALSE
http://www.forbes.com/companies/joy-global/,fullcontact_1207,FALSE
http://www.forbes.com/companies/ppl/,fullcontact_943,FALSE
http://www.forbes.com/companies/compass-group/,fullcontact_272,FALSE
http://www.forbes.com/companies/ensco/,fullcontact_730,FALSE
http://www.forbes.com/companies/oshkosh/,fullcontact_1283,FALSE
http://www.forbes.com/companies/ayala/,fullcontact_1941,FALSE
http://www.forbes.com/companies/honda-motor/,fullcontact_10,FALSE
http://www.forbes.com/companies/mitsubishi-estate/,fullcontact_1412,FALSE
http://www.forbes.com/companies/twitter/,fullcontact_1666,FALSE
http://www.forbes.com/companies/schlumberger/,fullcontact_1871,FALSE
http://www.forbes.com/companies/hudson-city-bancorp/,fullcontact_822,FALSE
http://www.forbes.com/companies/sabanci-holding/,fullcontact_230,FALSE
http://www.forbes.com/companies/guangdong-investment/,fullcontact_527,FALSE
http://www.forbes.com/companies/sumitomo-realty/,fullcontact_1674,FALSE
http://www.forbes.com/companies/whole-foods-market/,fullcontact_1730,FALSE
http://www.forbes.com/companies/severn-trent/,fullcontact_1255,FALSE
http://www.forbes.com/companies/general-dynamics/,fullcontact_239,FALSE
http://www.forbes.com/companies/sharp/,fullcontact_237,FALSE
http://www.forbes.com/companies/power-grid-of-india/,fullcontact_941,FALSE
http://www.forbes.com/companies/gs-holdings/,fullcontact_1156,FALSE
http://www.forbes.com/companies/arab-banking/,fullcontact_64,FALSE
http://www.forbes.com/companies/steel-authority-of-india/,fullcontact_1350,FALSE
http://www.forbes.com/companies/antarchile/,fullcontact_1072,FALSE
http://www.forbes.com/companies/fluor/,fullcontact_24,FALSE
http://www.forbes.com/companies/kone/,fullcontact_186,FALSE
http://www.forbes.com/companies/bank-muscat/,fullcontact_891,FALSE
http://www.forbes.com/companies/parker-hannifin/,fullcontact_1422,FALSE
http://www.forbes.com/companies/monsanto/,fullcontact_1624,FALSE
http://www.forbes.com/companies/xl-group/,fullcontact_836,FALSE
http://www.forbes.com/companies/itau-unibanco-holding/,fullcontact_574,FALSE
http://www.forbes.com/companies/sabmiller/,fullcontact_1904,FALSE
http://www.forbes.com/companies/travelers-cos/,fullcontact_899,FALSE
http://www.forbes.com/companies/embraer/,fullcontact_613,FALSE
http://www.forbes.com/companies/guangdong-electric/,fullcontact_863,FALSE
http://www.forbes.com/companies/markel/,fullcontact_24,FALSE
http://www.forbes.com/companies/phoenix-group-holdings/,fullcontact_587,FALSE
http://www.forbes.com/companies/alfresa-holdings/,fullcontact_1016,FALSE
http://www.forbes.com/companies/kinder-morgan/,fullcontact_1808,FALSE
http://www.forbes.com/companies/hokkaido-electric-power/,fullcontact_1453,FALSE
http://www.forbes.com/companies/weichai-power/,fullcontact_1538,FALSE
http://www.forbes.com/companies/bank-of-nagoya/,fullcontact_1073,FALSE
http://www.forbes.com/companies/china-vanke/,fullcontact_215,FALSE
http://www.forbes.com/companies/grupo-carso/,fullcontact_758,FALSE
http://www.forbes.com/companies/yamaguchi-financial/,fullcontact_1962,FALSE
http://www.forbes.com/companies/schindler-holding/,fullcontact_87,FALSE
http://www.forbes.com/companies/chow-tai-fook-jewellery/,fullcontact_1732,FALSE
http://www.forbes.com/companies/power-corp-of-canada/,fullcontact_1347,FALSE
http://www.forbes.com/companies/kering/,fullcontact_552,FALSE
http://www.forbes.com/companies/bank-mandiri/,fullcontact_1532,FALSE
http://www.forbes.com/companies/teck-resources/,fullcontact_1648,FALSE
http://www.forbes.com/companies/unicharm/,fullcontact_85,FALSE
http://www.forbes.com/companies/thai-beverage/,fullcontact_207,FALSE
http://www.forbes.com/companies/crown-castle-international/,fullcontact_1311,FALSE
http://www.forbes.com/companies/resolution/,fullcontact_1966,FALSE
http://www.forbes.com/companies/securitas/,fullcontact_48,FALSE
http://www.forbes.com/companies/oil-natural-gas/,fullcontact_1311,FALSE
http://www.forbes.com/companies/ingersoll-rand/,fullcontact_265,FALSE
http://www.forbes.com/companies/east-japan-railway/,fullcontact_1280,FALSE
http://www.forbes.com/companies/dte-energy/,fullcontact_1228,FALSE
http://www.forbes.com/companies/kesko/,fullcontact_176,FALSE
http://www.forbes.com/companies/williams-cos/,fullcontact_1340,FALSE
http://www.forbes.com/companies/credito-valtellinese/,fullcontact_1767,FALSE
http://www.forbes.com/companies/showa-shell-sekiyu/,fullcontact_1699,FALSE
http://www.forbes.com/companies/commercial-bank-of-qatar/,fullcontact_57,FALSE
http://www.forbes.com/companies/genting/,fullcontact_476,FALSE
http://www.forbes.com/companies/kyocera/,fullcontact_467,FALSE
http://www.forbes.com/companies/cosan/,fullcontact_888,FALSE
http://www.forbes.com/companies/ncc-group/,fullcontact_278,FALSE
http://www.forbes.com/companies/otsuka-holding/,fullcontact_1681,FALSE
http://www.forbes.com/companies/sinopec-engineering-group/,fullcontact_1529,FALSE
http://www.forbes.com/companies/cenovus-energy/,fullcontact_1591,FALSE
http://www.forbes.com/companies/shimizu/,fullcontact_384,FALSE
http://www.forbes.com/companies/huatai-securities/,fullcontact_29,FALSE
http://www.forbes.com/companies/cf-industries-holdings/,fullcontact_1793,FALSE
http://www.forbes.com/companies/nxp-semiconductors/,fullcontact_561,FALSE
http://www.forbes.com/companies/aisin-seiki/,fullcontact_1292,FALSE
http://www.forbes.com/companies/express-scripts/,fullcontact_1791,FALSE
http://www.forbes.com/companies/china-unicom/,fullcontact_71,FALSE
http://www.forbes.com/companies/beiersdorf/,fullcontact_11,FALSE
http://www.forbes.com/companies/interactive-brokers-group/,fullcontact_11,FALSE
http://www.forbes.com/companies/exor/,fullcontact_303,FALSE
http://www.forbes.com/companies/hanwha-corp/,fullcontact_101,FALSE
http://www.forbes.com/companies/roper-inds/,fullcontact_1614,FALSE
http://www.forbes.com/companies/gdf-suez/,fullcontact_1192,FALSE
http://www.forbes.com/companies/nomos-bank/,fullcontact_1928,FALSE
http://www.forbes.com/companies/firstenergy/,fullcontact_1578,FALSE
http://www.forbes.com/companies/tractor-supply/,fullcontact_1894,FALSE
http://www.forbes.com/companies/intuit/,fullcontact_462,FALSE
http://www.forbes.com/companies/yamato-holdings/,fullcontact_559,FALSE
http://www.forbes.com/companies/sumitomo-mitsui-trust/,fullcontact_1672,FALSE
http://www.forbes.com/companies/nippon-yusen/,fullcontact_474,FALSE
http://www.forbes.com/companies/ogaki-kyoritsu-bank/,fullcontact_112,FALSE
http://www.forbes.com/companies/procter-gamble/,fullcontact_1318,FALSE
http://www.forbes.com/companies/jyske-bank/,fullcontact_1577,FALSE
http://www.forbes.com/companies/avnet/,fullcontact_1904,FALSE
http://www.forbes.com/companies/level-3-communications/,fullcontact_1826,FALSE
http://www.forbes.com/companies/obayashi/,fullcontact_234,FALSE
http://www.forbes.com/companies/reed-elsevier/,fullcontact_1520,FALSE
http://www.forbes.com/companies/murphy-oil/,fullcontact_1665,FALSE
http://www.forbes.com/companies/kotak-mahindra-bank/,fullcontact_1374,FALSE
http://www.forbes.com/companies/rolls-royce-holdings/,fullcontact_1614,FALSE
http://www.forbes.com/companies/advanced-semiconductor/,fullcontact_1650,FALSE
http://www.forbes.com/companies/taiwan-semiconductor/,fullcontact_873,FALSE
http://www.forbes.com/companies/seiko-epson/,fullcontact_79,FALSE
http://www.forbes.com/companies/cj-corp/,fullcontact_894,FALSE
http://www.forbes.com/companies/abb/,fullcontact_391,FALSE
http://www.forbes.com/companies/golden-agri-resources/,fullcontact_221,FALSE
http://www.forbes.com/companies/mega-financial-holding/,fullcontact_243,FALSE
http://www.forbes.com/companies/vestas-wind-systems/,fullcontact_1372,FALSE
http://www.forbes.com/companies/boeing/,fullcontact_995,FALSE
http://www.forbes.com/companies/michelin-group/,fullcontact_1063,FALSE
http://www.forbes.com/companies/canadian-tire/,fullcontact_1466,FALSE
http://www.forbes.com/companies/freddie-mac/,fullcontact_1079,FALSE
http://www.forbes.com/companies/bouygues/,fullcontact_1241,FALSE
http://www.forbes.com/companies/ahli-united-bank/,fullcontact_168,FALSE
http://www.forbes.com/companies/bce/,fullcontact_1675,FALSE
http://www.forbes.com/companies/qantas-airways/,fullcontact_877,FALSE
http://www.forbes.com/companies/sap/,fullcontact_301,FALSE
http://www.forbes.com/companies/safran/,fullcontact_1601,FALSE
http://www.forbes.com/companies/autoliv/,fullcontact_1446,FALSE
http://www.forbes.com/companies/thai-oil/,fullcontact_104,FALSE
http://www.forbes.com/companies/hca-holdings/,fullcontact_374,FALSE
http://www.forbes.com/companies/evergrande-real-estate/,fullcontact_31,FALSE
http://www.forbes.com/companies/eutelsat-communications/,fullcontact_526,FALSE
http://www.forbes.com/companies/tomony-holdings/,fullcontact_195,FALSE
http://www.forbes.com/companies/mitsubishi-ufj-lease/,fullcontact_1397,FALSE
http://www.forbes.com/companies/beiersdorf/,fullcontact_1030,FALSE
http://www.forbes.com/companies/erste-group-bank/,fullcontact_1928,FALSE
http://www.forbes.com/companies/pldt/,fullcontact_1475,FALSE
http://www.forbes.com/companies/alrosa/,fullcontact_1204,FALSE
http://www.forbes.com/companies/entergy/,fullcontact_1004,FALSE
http://www.forbes.com/companies/itau-unibanco-holding/,fullcontact_107,FALSE
http://www.forbes.com/companies/fresenius/,fullcontact_137,FALSE
http://www.forbes.com/companies/amdocs/,fullcontact_1214,FALSE
http://www.forbes.com/companies/pearson/,fullcontact_9,FALSE
http://www.forbes.com/companies/bank-negara-indonesia/,fullcontact_83,FALSE
http://www.forbes.com/companies/huadian-power-international/,fullcontact_425,FALSE
http://www.forbes.com/companies/lundbergs/,fullcontact_1742,FALSE
http://www.forbes.com/companies/shanghai-pudong-development/,fullcontact_900,FALSE
http://www.forbes.com/companies/delta-air-lines/,fullcontact_1397,FALSE
http://www.forbes.com/companies/evonik/,fullcontact_798,FALSE
http://www.forbes.com/companies/cgi-group/,fullcontact_336,FALSE
http://www.forbes.com/companies/labcorp/,fullcontact_720,FALSE
http://www.forbes.com/companies/coca-cola-enterprises/,fullcontact_179,FALSE
http://www.forbes.com/companies/agilent-technologies/,fullcontact_1516,FALSE
http://www.forbes.com/companies/integrys-energy/,fullcontact_356,FALSE
http://www.forbes.com/companies/kinder-morgan/,fullcontact_730,FALSE
http://www.forbes.com/companies/eurazeo/,fullcontact_1928,FALSE
http://www.forbes.com/companies/daito-trust-construction/,fullcontact_1164,FALSE
http://www.forbes.com/companies/onex/,fullcontact_899,FALSE
http://www.forbes.com/companies/cattolica-assicurazioni/,fullcontact_1069,FALSE
http://www.forbes.com/companies/china-resources-land/,fullcontact_1544,FALSE
http://www.forbes.com/companies/bekb-bcbe/,fullcontact_493,FALSE
http://www.forbes.com/companies/megafon/,fullcontact_1253,FALSE
http://www.forbes.com/companies/pkn-orlen/,fullcontact_1719,FALSE
http://www.forbes.com/companies/assurant/,fullcontact_1126,FALSE
http://www.forbes.com/companies/linkedin/,fullcontact_873,FALSE
http://www.forbes.com/companies/marriott-international/,fullcontact_282,FALSE
http://www.forbes.com/companies/keppel-corp/,fullcontact_481,FALSE
http://www.forbes.com/companies/bhp-billiton/,fullcontact_1861,FALSE
http://www.forbes.com/companies/fujitsu/,fullcontact_1066,FALSE
http://www.forbes.com/companies/aareal-bank/,fullcontact_585,FALSE
http://www.forbes.com/companies/wal-mart-stores/,fullcontact_811,FALSE
http://www.forbes.com/companies/outokumpu/,fullcontact_1137,FALSE
http://www.forbes.com/companies/pultegroup/,fullcontact_1059,FALSE
http://www.forbes.com/companies/rolls-royce-holdings/,fullcontact_1377,FALSE
http://www.forbes.com/companies/banco-popular-espanol/,fullcontact_499,FALSE
http://www.forbes.com/companies/new-york-community/,fullcontact_1278,FALSE
http://www.forbes.com/companies/mtr/,fullcontact_863,FALSE
http://www.forbes.com/companies/bt-group/,fullcontact_1851,FALSE
http://www.forbes.com/companies/medipal-holdings/,fullcontact_306,FALSE
http://www.forbes.com/companies/agl-energy/,fullcontact_288,FALSE
http://www.forbes.com/companies/brookfield-asset-management/,fullcontact_905,FALSE
