id1,id2,label
http://dbpedia.org/resource/Beatties_of_London,fullcontact_1623,FALSE
http://dbpedia.org/resource/St%C3%A4ubli,fullcontact_1691,FALSE
http://dbpedia.org/resource/Tata_Interactive_Systems,fullcontact_1148,FALSE
http://dbpedia.org/resource/Centerra_Gold,fullcontact_290,FALSE
http://dbpedia.org/resource/Shell_Canada,fullcontact_290,FALSE
http://dbpedia.org/resource/INETCO_Systems_Limited,fullcontact_1180,FALSE
http://dbpedia.org/resource/Tekserve,fullcontact_1698,TRUE
http://dbpedia.org/resource/Oxygen_Games,fullcontact_1237,FALSE
http://dbpedia.org/resource/TransCanada_Corporation,fullcontact_754,TRUE
http://dbpedia.org/resource/Welspun_Group,fullcontact_1868,TRUE
http://dbpedia.org/resource/Tata_Elxsi,fullcontact_1148,TRUE
http://dbpedia.org/resource/Synology_Inc.,fullcontact_1910,TRUE
http://dbpedia.org/resource/DONG_Energy,fullcontact_793,FALSE
http://dbpedia.org/resource/Groupe_SEB,fullcontact_362,TRUE
http://dbpedia.org/resource/Mediabistro,fullcontact_1960,FALSE
http://dbpedia.org/resource/The_J._Peterman_Company,fullcontact_1463,TRUE
http://dbpedia.org/resource/Compa%C3%B1%C3%ADa_Nacional_de_Chocolates_de_Per%C3%BA_S.A.,fullcontact_1782,FALSE
http://dbpedia.org/resource/Petroper%C3%BA,fullcontact_1782,FALSE
http://dbpedia.org/resource/WeeWorld,fullcontact_1023,TRUE
http://dbpedia.org/resource/EWOS,fullcontact_1061,TRUE
http://dbpedia.org/resource/TransForce,fullcontact_754,FALSE
http://dbpedia.org/resource/Really_Simple_Systems,fullcontact_1242,FALSE
http://dbpedia.org/resource/Infosys,fullcontact_418,TRUE
http://dbpedia.org/resource/J._C._Penney,fullcontact_1463,FALSE
http://dbpedia.org/resource/Viacom_Media_Networks,fullcontact_1295,FALSE
http://dbpedia.org/resource/ClickSoftware_Technologies,fullcontact_1752,TRUE
http://dbpedia.org/resource/Orange_Espa%C3%B1a,fullcontact_859,FALSE
http://dbpedia.org/resource/Noweco,fullcontact_1061,FALSE
http://dbpedia.org/resource/Leister_Technologies,fullcontact_1691,TRUE
http://dbpedia.org/resource/AaB_A/S,fullcontact_793,FALSE
http://dbpedia.org/resource/Clariant,fullcontact_218,TRUE
http://dbpedia.org/resource/Fox_Television_Studios,fullcontact_1261,FALSE
http://dbpedia.org/resource/Chicago_Options_Associates,fullcontact_352,FALSE
http://dbpedia.org/resource/The_Media_Kitchen,fullcontact_1960,TRUE
http://dbpedia.org/resource/Orenda_Engines,fullcontact_1608,FALSE
http://dbpedia.org/resource/Encana,fullcontact_290,TRUE
http://dbpedia.org/resource/Viacom_International,fullcontact_794,FALSE
http://dbpedia.org/resource/Engineering_Software_Lab,fullcontact_1752,FALSE
http://dbpedia.org/resource/Welspun_Syntex_Ltd,fullcontact_1868,FALSE
http://dbpedia.org/resource/Viacom_(original),fullcontact_794,TRUE
http://dbpedia.org/resource/LEAD_Technologies,fullcontact_976,FALSE
http://dbpedia.org/resource/Welspun_Corp_Ltd,fullcontact_1868,FALSE
http://dbpedia.org/resource/Lithium_Technologies,fullcontact_976,TRUE
http://dbpedia.org/resource/Asus,fullcontact_1910,FALSE
http://dbpedia.org/resource/Storage_Made_Easy,fullcontact_1242,TRUE
http://dbpedia.org/resource/Vestas,fullcontact_793,TRUE
http://dbpedia.org/resource/Oxygen_Studios,fullcontact_1237,FALSE
http://dbpedia.org/resource/General_Growth_Properties,fullcontact_352,TRUE
http://dbpedia.org/resource/Calidad_Pascual,fullcontact_1111,FALSE
http://dbpedia.org/resource/First_Calgary_Financial,fullcontact_1009,TRUE
http://dbpedia.org/resource/Byyd,fullcontact_1623,TRUE
http://dbpedia.org/resource/BRB_Internacional,fullcontact_859,TRUE
http://dbpedia.org/resource/Viacom_(original),fullcontact_1295,TRUE
http://dbpedia.org/resource/Norsat,fullcontact_1180,FALSE
http://dbpedia.org/resource/Chesapeake_Bay_Foundation,fullcontact_1316,TRUE
http://dbpedia.org/resource/Rentech,fullcontact_1698,FALSE
http://dbpedia.org/resource/21st_Century_Fox,fullcontact_1261,TRUE
http://dbpedia.org/resource/Magic_Software_Enterprises,fullcontact_1752,FALSE
http://dbpedia.org/resource/Welspun_Corp_Ltd,fullcontact_1868,FALSE
http://dbpedia.org/resource/Overseas_Containers,fullcontact_1242,FALSE
http://dbpedia.org/resource/Clariant_Chemicals,fullcontact_218,FALSE
http://dbpedia.org/resource/Eberhard_&_Co.,fullcontact_1929,FALSE
http://dbpedia.org/resource/TC_Transcontinental,fullcontact_754,FALSE
http://dbpedia.org/resource/J.P._Instruments,fullcontact_1463,FALSE
http://dbpedia.org/resource/Maryland_Drydock_Company,fullcontact_1316,FALSE
http://dbpedia.org/resource/Viacom_Media_Networks,fullcontact_794,FALSE
http://dbpedia.org/resource/20th_Century_Fox_Television,fullcontact_1261,FALSE
http://dbpedia.org/resource/Viacom_International,fullcontact_1295,FALSE
http://dbpedia.org/resource/Valley_First,fullcontact_1009,FALSE
http://dbpedia.org/resource/Bod%C3%B8_Energi,fullcontact_1061,FALSE
http://dbpedia.org/resource/Telik,fullcontact_1698,FALSE
http://dbpedia.org/resource/El_Corte_Ingl%C3%A9s,fullcontact_859,FALSE
http://dbpedia.org/resource/Worldweaver_Ltd,fullcontact_1023,FALSE
http://dbpedia.org/resource/LOUD_Technologies,fullcontact_976,FALSE
http://dbpedia.org/resource/Elliott_Company,fullcontact_1929,FALSE
http://dbpedia.org/resource/Colayer,fullcontact_218,FALSE
http://dbpedia.org/resource/Materialise_NV,fullcontact_1414,FALSE
http://dbpedia.org/resource/A._Eicoff_&_Company,fullcontact_1929,TRUE
http://dbpedia.org/resource/Infortrend,fullcontact_1910,FALSE
http://dbpedia.org/resource/Jagex,fullcontact_1023,FALSE
http://dbpedia.org/resource/Novacaixagalicia,fullcontact_1111,FALSE
http://dbpedia.org/resource/Thomas_Properties_Group,fullcontact_352,FALSE
http://dbpedia.org/resource/Welspun_Syntex_Ltd,fullcontact_1868,FALSE
http://dbpedia.org/resource/Oanda_Corporation,fullcontact_1608,TRUE
http://dbpedia.org/resource/Welspun_India_Ltd,fullcontact_1868,TRUE
http://dbpedia.org/resource/Schaerer_Ltd,fullcontact_1691,FALSE
http://dbpedia.org/resource/Supermercados_Peruanos,fullcontact_1782,TRUE
http://dbpedia.org/resource/Nortel,fullcontact_1180,TRUE
http://dbpedia.org/resource/O2_(United_Kingdom),fullcontact_1237,TRUE
http://dbpedia.org/resource/Infrasoft_Technologies,fullcontact_418,FALSE
http://dbpedia.org/resource/Philadelphia_Media_Network,fullcontact_1960,FALSE
http://dbpedia.org/resource/ING_Belgium,fullcontact_1414,FALSE
http://dbpedia.org/resource/Wipro,fullcontact_418,FALSE
http://dbpedia.org/resource/Beulah_London,fullcontact_1623,FALSE
http://dbpedia.org/resource/Applied_Maths,fullcontact_1414,TRUE
http://dbpedia.org/resource/CI_Financial,fullcontact_1009,FALSE
http://dbpedia.org/resource/Tata_Marcopolo,fullcontact_1148,FALSE
http://dbpedia.org/resource/Pescanova,fullcontact_1111,TRUE
http://dbpedia.org/resource/Orex_Exploration,fullcontact_1608,FALSE
http://dbpedia.org/resource/Bayshore_networks,fullcontact_1316,FALSE
http://dbpedia.org/resource/WTS_Paradigm,fullcontact_1464,TRUE
http://dbpedia.org/resource/NewBridge_Bank,fullcontact_1324,TRUE
http://dbpedia.org/resource/Ferrania,fullcontact_1554,TRUE
http://dbpedia.org/resource/Ixigo.com,fullcontact_1429,TRUE
http://dbpedia.org/resource/NB&T_Financial_Group,fullcontact_1324,TRUE
http://dbpedia.org/resource/Qinetiq,fullcontact_1646,TRUE
http://dbpedia.org/resource/Hipercor,fullcontact_1716,TRUE
http://dbpedia.org/resource/Welwyn_Tool_Group,fullcontact_1747,TRUE
http://dbpedia.org/resource/M%C3%B6venpick_Hotels_&_Resorts,fullcontact_1672,TRUE
http://dbpedia.org/resource/ZipRecruiter,fullcontact_1015,TRUE
http://dbpedia.org/resource/TJX_Companies,fullcontact_1388,TRUE
http://dbpedia.org/resource/Metaweb,fullcontact_1630,TRUE
http://dbpedia.org/resource/SAP_AG,fullcontact_884,TRUE
http://dbpedia.org/resource/Walt_Disney_Studios_Motion_Pictures,fullcontact_1258,FALSE
http://dbpedia.org/resource/Banco_Bilbao_Vizcaya_Argentaria,fullcontact_646,FALSE
http://dbpedia.org/resource/Hyundai_EP,fullcontact_1527,FALSE
http://dbpedia.org/resource/RCI_Banque,fullcontact_238,FALSE
http://dbpedia.org/resource/Cameco,fullcontact_290,FALSE
http://dbpedia.org/resource/D-Box_Technologies,fullcontact_1039,FALSE
http://dbpedia.org/resource/Zahner,fullcontact_1870,FALSE
http://dbpedia.org/resource/Inventec,fullcontact_1084,FALSE
http://dbpedia.org/resource/Kessel_Food_Markets,fullcontact_1503,FALSE
http://dbpedia.org/resource/Her_Interactive,fullcontact_970,FALSE
http://dbpedia.org/resource/Centon_Electronics,fullcontact_1278,FALSE
http://dbpedia.org/resource/Dealchecker,fullcontact_1356,FALSE
http://dbpedia.org/resource/Tenaya_Capital,fullcontact_925,FALSE
http://dbpedia.org/resource/Solifer,fullcontact_533,FALSE
http://dbpedia.org/resource/NBNK,fullcontact_1274,FALSE
http://dbpedia.org/resource/Westfield_Group,fullcontact_815,FALSE
http://dbpedia.org/resource/SCE_Studio_Liverpool,fullcontact_1423,FALSE
http://dbpedia.org/resource/High_Voltage_Software,fullcontact_910,FALSE
http://dbpedia.org/resource/Nortel,fullcontact_1699,FALSE
http://dbpedia.org/resource/Marsh_&_McLennan_Companies,fullcontact_520,FALSE
http://dbpedia.org/resource/Mahindra_EPC,fullcontact_514,FALSE
http://dbpedia.org/resource/Plinacro,fullcontact_1927,FALSE
http://dbpedia.org/resource/NEC_Soft,fullcontact_531,FALSE
http://dbpedia.org/resource/Dot_Foods,fullcontact_1521,FALSE
http://dbpedia.org/resource/Zepter_International,fullcontact_1048,FALSE
http://dbpedia.org/resource/HTC,fullcontact_52,FALSE
http://dbpedia.org/resource/CORE_Health_Care,fullcontact_1441,FALSE
http://dbpedia.org/resource/Tenaya_Capital,fullcontact_344,FALSE
http://dbpedia.org/resource/TriWest_Healthcare_Alliance,fullcontact_1462,FALSE
http://dbpedia.org/resource/Bayer_Corporation,fullcontact_469,FALSE
http://dbpedia.org/resource/Svensson_(company),fullcontact_120,FALSE
http://dbpedia.org/resource/Sharp_Mesa_Vista_Hospital,fullcontact_1462,FALSE
http://dbpedia.org/resource/ABM_United_Kingdom_Limited,fullcontact_1596,FALSE
http://dbpedia.org/resource/Mainzeal,fullcontact_1438,FALSE
http://dbpedia.org/resource/Apiko%C4%9Flu,fullcontact_1011,FALSE
http://dbpedia.org/resource/Cosmos_Holidays,fullcontact_234,FALSE
http://dbpedia.org/resource/Zeta_Interactive,fullcontact_1094,FALSE
http://dbpedia.org/resource/S&P_Capital_IQ,fullcontact_926,FALSE
http://dbpedia.org/resource/Sumitomo_Mitsui_Banking_Corporation,fullcontact_688,FALSE
http://dbpedia.org/resource/TalkTalk_Business,fullcontact_909,FALSE
http://dbpedia.org/resource/Ansaldo_STS,fullcontact_1445,FALSE
http://dbpedia.org/resource/Logic_Wireless,fullcontact_922,FALSE
http://dbpedia.org/resource/Almarai,fullcontact_583,FALSE
http://dbpedia.org/resource/Mugen_Power,fullcontact_1337,FALSE
http://dbpedia.org/resource/AS220,fullcontact_1236,FALSE
http://dbpedia.org/resource/Bank_of_Ningbo,fullcontact_135,FALSE
http://dbpedia.org/resource/Sanyo_Shokai_New_York,fullcontact_791,FALSE
http://dbpedia.org/resource/Aircharter,fullcontact_772,FALSE
http://dbpedia.org/resource/Securitas_Services_d.o.o.,fullcontact_658,FALSE
http://dbpedia.org/resource/Chance_UK,fullcontact_932,FALSE
http://dbpedia.org/resource/Bio-Rad_Laboratories,fullcontact_1071,FALSE
http://dbpedia.org/resource/Pacific_Telecom,fullcontact_597,FALSE
http://dbpedia.org/resource/Diners_Club_International,fullcontact_1226,FALSE
http://dbpedia.org/resource/Left_Hand_Brewing_Company,fullcontact_915,FALSE
http://dbpedia.org/resource/Comex_Group,fullcontact_1771,FALSE
http://dbpedia.org/resource/Disney_Television_Animation,fullcontact_846,FALSE
http://dbpedia.org/resource/Teva_Pharmaceutical_Industries,fullcontact_1495,FALSE
http://dbpedia.org/resource/Colonial_Bank,fullcontact_1574,FALSE
http://dbpedia.org/resource/EA_Black_Box,fullcontact_1622,FALSE
http://dbpedia.org/resource/Viking_Cruises,fullcontact_195,FALSE
http://dbpedia.org/resource/TeleTech,fullcontact_1790,FALSE
http://dbpedia.org/resource/Marshfield_Clinic,fullcontact_1648,FALSE
http://dbpedia.org/resource/DealDash,fullcontact_1397,FALSE
http://dbpedia.org/resource/ING_Belgium,fullcontact_691,FALSE
http://dbpedia.org/resource/Power_Brands,fullcontact_1082,FALSE
"http://dbpedia.org/resource/Lansing_Trade_Group,_LLC",fullcontact_1209,FALSE
http://dbpedia.org/resource/Platinum_Dunes,fullcontact_1598,FALSE
http://dbpedia.org/resource/Co-operative_College,fullcontact_1917,FALSE
http://dbpedia.org/resource/Pacific_Broadband_Communications,fullcontact_171,FALSE
http://dbpedia.org/resource/Bank_of_Commerce,fullcontact_135,FALSE
http://dbpedia.org/resource/Israel_Discount_Bank,fullcontact_255,FALSE
http://dbpedia.org/resource/Bayer_Corporation,fullcontact_139,FALSE
http://dbpedia.org/resource/SeaMicro,fullcontact_511,FALSE
http://dbpedia.org/resource/Toyohashi_Railroad,fullcontact_748,FALSE
http://dbpedia.org/resource/Westinghouse_Electric_Company,fullcontact_781,FALSE
http://dbpedia.org/resource/Rochester_Midland_Corporation,fullcontact_211,FALSE
http://dbpedia.org/resource/Corinex,fullcontact_560,FALSE
http://dbpedia.org/resource/Russell_Brands,fullcontact_1082,FALSE
http://dbpedia.org/resource/TrustCo_Bank,fullcontact_909,FALSE
http://dbpedia.org/resource/Metropolitan_Bank_Group,fullcontact_215,FALSE
http://dbpedia.org/resource/SL_Corporation,fullcontact_693,FALSE
http://dbpedia.org/resource/Padini,fullcontact_214,FALSE
http://dbpedia.org/resource/KB_Home,fullcontact_1,FALSE
http://dbpedia.org/resource/Wells_Fargo,fullcontact_1930,FALSE
http://dbpedia.org/resource/Verkehrsbetriebe_Z%C3%BCrichsee_und_Oberland,fullcontact_842,FALSE
http://dbpedia.org/resource/Nexenta_Systems,fullcontact_1533,FALSE
http://dbpedia.org/resource/Sporting-Sails,fullcontact_1559,FALSE
"http://dbpedia.org/resource/Quark,_Inc.",fullcontact_1311,TRUE
http://dbpedia.org/resource/Tractor_Supply_Company,fullcontact_753,TRUE
http://dbpedia.org/resource/NanoScale_Corporation,fullcontact_1845,TRUE
http://dbpedia.org/resource/Kiloo,fullcontact_1051,TRUE
http://dbpedia.org/resource/Grupo_Calvo,fullcontact_1670,TRUE
http://dbpedia.org/resource/EMC_Corporation,fullcontact_287,TRUE
http://dbpedia.org/resource/Parker_Hannifin,fullcontact_574,TRUE
http://dbpedia.org/resource/Champion_Ballroom_Academy,fullcontact_997,TRUE
http://dbpedia.org/resource/The_MobileStore,fullcontact_1591,TRUE
http://dbpedia.org/resource/Imperial_College_Press,fullcontact_1286,TRUE
http://dbpedia.org/resource/Eyevine,fullcontact_1074,TRUE
http://dbpedia.org/resource/Zenith_(watchmaker),fullcontact_1364,TRUE
http://dbpedia.org/resource/Super_Fight_League,fullcontact_959,TRUE
http://dbpedia.org/resource/HighCom_Security,fullcontact_1184,TRUE
http://dbpedia.org/resource/Automotive_Products,fullcontact_1793,FALSE
http://dbpedia.org/resource/BOC_International,fullcontact_852,FALSE
http://dbpedia.org/resource/AppDynamics,fullcontact_86,FALSE
http://dbpedia.org/resource/Crossrail_Benelux,fullcontact_1368,FALSE
http://dbpedia.org/resource/Houston's_Restaurant,fullcontact_614,FALSE
http://dbpedia.org/resource/Neptune_Orient_Lines,fullcontact_677,FALSE
http://dbpedia.org/resource/The_Leavitt_Corporation,fullcontact_473,FALSE
http://dbpedia.org/resource/Noble_Energy,fullcontact_1834,FALSE
http://dbpedia.org/resource/Herbalife,fullcontact_376,FALSE
http://dbpedia.org/resource/Integrated_Computer_Solutions,fullcontact_1005,FALSE
http://dbpedia.org/resource/Western_National_Bank,fullcontact_415,FALSE
http://dbpedia.org/resource/UNIFI_Companies,fullcontact_776,FALSE
http://dbpedia.org/resource/Hokuto_Corporation,fullcontact_748,FALSE
http://dbpedia.org/resource/Navizon,fullcontact_1870,FALSE
http://dbpedia.org/resource/Wagner_&_Co_Solar_Technology,fullcontact_1387,FALSE
http://dbpedia.org/resource/Coop_Norge,fullcontact_1864,FALSE
http://dbpedia.org/resource/Volkswagen_Group,fullcontact_158,FALSE
http://dbpedia.org/resource/DayStar_Technologies,fullcontact_1847,FALSE
http://dbpedia.org/resource/Red_Star_Yeast,fullcontact_1847,FALSE
http://dbpedia.org/resource/Cone_Health,fullcontact_1127,FALSE
http://dbpedia.org/resource/Moneycorp,fullcontact_967,FALSE
http://dbpedia.org/resource/Star_Industries,fullcontact_1075,FALSE
http://dbpedia.org/resource/Asurion,fullcontact_113,FALSE
http://dbpedia.org/resource/TSB_Bank_(United_Kingdom),fullcontact_253,FALSE
http://dbpedia.org/resource/Briggs_Automotive_Company,fullcontact_1422,FALSE
http://dbpedia.org/resource/Daleside_Brewery,fullcontact_1440,FALSE
http://dbpedia.org/resource/Vie_at_Home,fullcontact_124,FALSE
http://dbpedia.org/resource/M%C3%BCnchner_Verkehrsgesellschaft,fullcontact_158,FALSE
http://dbpedia.org/resource/Hua_Xia_Bank,fullcontact_852,FALSE
http://dbpedia.org/resource/Chaintech,fullcontact_52,FALSE
http://dbpedia.org/resource/21st_Century_Insurance,fullcontact_1343,FALSE
http://dbpedia.org/resource/Aquaver,fullcontact_1822,FALSE
http://dbpedia.org/resource/Paramount_Equity,fullcontact_1519,FALSE
http://dbpedia.org/resource/Dealchecker,fullcontact_1097,FALSE
http://dbpedia.org/resource/Korea_Nuclear_Fuel,fullcontact_405,FALSE
http://dbpedia.org/resource/Gazprom_Neft,fullcontact_342,FALSE
http://dbpedia.org/resource/Helsinki_City_Transport,fullcontact_508,FALSE
http://dbpedia.org/resource/GreenButton,fullcontact_1798,FALSE
http://dbpedia.org/resource/Hexaglobe,fullcontact_562,FALSE
http://dbpedia.org/resource/TTX_Company,fullcontact_565,FALSE
http://dbpedia.org/resource/Refah_Chain_Stores_Co.,fullcontact_1572,FALSE
http://dbpedia.org/resource/Wade_Ceramics,fullcontact_911,FALSE
http://dbpedia.org/resource/ARUP_Laboratories,fullcontact_1132,FALSE
http://dbpedia.org/resource/ETB_(company),fullcontact_280,FALSE
http://dbpedia.org/resource/Naspers,fullcontact_152,FALSE
http://dbpedia.org/resource/Monster_Beverage,fullcontact_580,FALSE
http://dbpedia.org/resource/Glorious_Property_Holdings,fullcontact_1150,FALSE
http://dbpedia.org/resource/Open_Systems_AG,fullcontact_43,FALSE
http://dbpedia.org/resource/Hookflash,fullcontact_142,FALSE
http://dbpedia.org/resource/Los_Angeles_Pop_Art,fullcontact_1814,FALSE
http://dbpedia.org/resource/Co-operative_Banking_Group,fullcontact_149,FALSE
http://dbpedia.org/resource/TTI_Telecom,fullcontact_1495,FALSE
http://dbpedia.org/resource/Convergys,fullcontact_918,FALSE
http://dbpedia.org/resource/Ingram_Entertainment_Holdings_Inc.,fullcontact_419,FALSE
http://dbpedia.org/resource/SCISYS,fullcontact_1596,FALSE
http://dbpedia.org/resource/Avere_Systems,fullcontact_1661,FALSE
http://dbpedia.org/resource/List_of_Paramount_Pictures_films,fullcontact_1523,FALSE
http://dbpedia.org/resource/Peoples_Financial_Corporation,fullcontact_1808,FALSE
http://dbpedia.org/resource/ABM_United_Kingdom_Limited,fullcontact_1194,FALSE
http://dbpedia.org/resource/Realtek,fullcontact_1352,FALSE
http://dbpedia.org/resource/Zara_(retailer),fullcontact_1351,FALSE
http://dbpedia.org/resource/Mikkeller,fullcontact_193,FALSE
http://dbpedia.org/resource/Sacmi,fullcontact_318,FALSE
http://dbpedia.org/resource/Texas_Memory_Systems,fullcontact_1796,FALSE
"http://dbpedia.org/resource/VHA,_Inc.",fullcontact_612,FALSE
http://dbpedia.org/resource/Entertainment_Studios,fullcontact_849,FALSE
http://dbpedia.org/resource/Chaintech,fullcontact_1352,FALSE
http://dbpedia.org/resource/Gruppo_Bertone,fullcontact_1515,FALSE
http://dbpedia.org/resource/Volkswagen_Group,fullcontact_1182,FALSE
http://dbpedia.org/resource/Abu_Dhabi_Commercial_Bank,fullcontact_1729,FALSE
http://dbpedia.org/resource/Silvercorp_Metals,fullcontact_674,FALSE
http://dbpedia.org/resource/Wizcom_Technologies,fullcontact_809,FALSE
http://dbpedia.org/resource/Symphony_Teleca,fullcontact_1159,FALSE
http://dbpedia.org/resource/Ergon_Energy,fullcontact_1007,FALSE
http://dbpedia.org/resource/Fastline,fullcontact_1181,FALSE
http://dbpedia.org/resource/Toyota_Motor_Manufacturing_Texas,fullcontact_1422,FALSE
http://dbpedia.org/resource/BMC_Trading,fullcontact_43,FALSE
http://dbpedia.org/resource/Crew_Gold,fullcontact_1181,FALSE
http://dbpedia.org/resource/Siliconware_Precision_Industries,fullcontact_823,FALSE
http://dbpedia.org/resource/MER_MEC,fullcontact_318,FALSE
http://dbpedia.org/resource/Crozer-Keystone_Health_System,fullcontact_987,FALSE
http://dbpedia.org/resource/Chicony_Electronics,fullcontact_1084,FALSE
http://dbpedia.org/resource/BMW,fullcontact_802,FALSE
http://dbpedia.org/resource/Disney_Television_Animation,fullcontact_1256,FALSE
http://dbpedia.org/resource/SatCon_Technology_Corporation,fullcontact_1415,FALSE
http://dbpedia.org/resource/Solar_Euromed,fullcontact_305,FALSE
http://dbpedia.org/resource/Star_Industries,fullcontact_1059,FALSE
http://dbpedia.org/resource/Swisscom,fullcontact_842,FALSE
http://dbpedia.org/resource/Orion_New_Zealand_Limited,fullcontact_1299,FALSE
http://dbpedia.org/resource/Companhia_Energ%C3%A9tica_de_S%C3%A3o_Paulo,fullcontact_1611,FALSE
http://dbpedia.org/resource/Crescent_Petroleum,fullcontact_239,FALSE
http://dbpedia.org/resource/Hang_Lung_Properties,fullcontact_1150,FALSE
http://dbpedia.org/resource/Crosslink_Capital,fullcontact_925,FALSE
http://dbpedia.org/resource/AlphaSim,fullcontact_1228,FALSE
http://dbpedia.org/resource/Bavaria_Film,fullcontact_955,FALSE
http://dbpedia.org/resource/BioGnost,fullcontact_1927,FALSE
http://dbpedia.org/resource/Qello,fullcontact_1117,FALSE
http://dbpedia.org/resource/BTA_Bank,fullcontact_66,FALSE
http://dbpedia.org/resource/Three_Rivers_Computer_Corporation,fullcontact_1022,FALSE
http://dbpedia.org/resource/Queensland_Energy_Resources,fullcontact_1007,FALSE
http://dbpedia.org/resource/INiS,fullcontact_771,FALSE
http://dbpedia.org/resource/Gas_Malaysia,fullcontact_350,FALSE
http://dbpedia.org/resource/Reliance_Industries,fullcontact_1396,FALSE
http://dbpedia.org/resource/Wells_Fargo,fullcontact_815,FALSE
http://dbpedia.org/resource/CITIC_Resources,fullcontact_214,FALSE
http://dbpedia.org/resource/Wells_Fargo_Advisors,fullcontact_812,FALSE
http://dbpedia.org/resource/Abu_Dhabi_National_Oil_Company,fullcontact_1729,FALSE
http://dbpedia.org/resource/Community_Health_Systems,fullcontact_662,FALSE
http://dbpedia.org/resource/Building_Design_Partnership,fullcontact_1132,FALSE
http://dbpedia.org/resource/Eagle_East_Aviation,fullcontact_144,FALSE
http://dbpedia.org/resource/Valley_First,fullcontact_1825,TRUE
http://dbpedia.org/resource/Kelme_(company),fullcontact_982,TRUE
http://dbpedia.org/resource/MegaMeeting.com,fullcontact_1898,TRUE
http://dbpedia.org/resource/Silver_Jeans_Co.,fullcontact_1353,TRUE
http://dbpedia.org/resource/Turkcell,fullcontact_759,TRUE
http://dbpedia.org/resource/TeamBuy,fullcontact_1754,TRUE
http://dbpedia.org/resource/Privateer_Holdings,fullcontact_1188,TRUE
http://dbpedia.org/resource/Hollywood_Pictures,fullcontact_1523,FALSE
"http://dbpedia.org/resource/Velocity,_Inc.",fullcontact_1533,FALSE
http://dbpedia.org/resource/Nakano_Corporation,fullcontact_538,FALSE
http://dbpedia.org/resource/The_Co-operative_Group,fullcontact_1087,FALSE
http://dbpedia.org/resource/IMImobile,fullcontact_1591,FALSE
http://dbpedia.org/resource/Tutorfair,fullcontact_1664,FALSE
http://dbpedia.org/resource/Trenton_Technology,fullcontact_1712,FALSE
http://dbpedia.org/resource/GM_Korea,fullcontact_596,FALSE
http://dbpedia.org/resource/Erste_Bank_Novi_Sad,fullcontact_1384,FALSE
http://dbpedia.org/resource/US_Foods,fullcontact_1233,FALSE
http://dbpedia.org/resource/Piraeus_Bank_Beograd,fullcontact_1762,FALSE
http://dbpedia.org/resource/Perrin_Paris,fullcontact_562,FALSE
http://dbpedia.org/resource/Merchant_International_Group,fullcontact_1848,FALSE
http://dbpedia.org/resource/2X_Software,fullcontact_1505,FALSE
http://dbpedia.org/resource/DataCore_Software,fullcontact_1091,FALSE
http://dbpedia.org/resource/Aloha_Petroleum,fullcontact_1881,FALSE
http://dbpedia.org/resource/BioMarin_Pharmaceutical,fullcontact_44,FALSE
http://dbpedia.org/resource/FARMA,fullcontact_805,FALSE
http://dbpedia.org/resource/Crosslink_Capital,fullcontact_344,FALSE
http://dbpedia.org/resource/Microsoft_Japan,fullcontact_693,FALSE
http://dbpedia.org/resource/Colonial_Bank,fullcontact_134,FALSE
http://dbpedia.org/resource/Telos_Systems,fullcontact_1634,FALSE
http://dbpedia.org/resource/Fenway_Sports_Group,fullcontact_1627,FALSE
http://dbpedia.org/resource/BELIMO_Holding_AG,fullcontact_43,FALSE
http://dbpedia.org/resource/O2_(Ireland),fullcontact_1237,FALSE
http://dbpedia.org/resource/TM_Advertising,fullcontact_1260,FALSE
http://dbpedia.org/resource/Altor_Networks,fullcontact_82,FALSE
http://dbpedia.org/resource/1st_Playable_Productions,fullcontact_337,FALSE
http://dbpedia.org/resource/Ontario_Co-operative_Association,fullcontact_1741,FALSE
http://dbpedia.org/resource/Endura_Watch_Factory,fullcontact_1304,FALSE
http://dbpedia.org/resource/Hutton_Companies,fullcontact_368,FALSE
http://dbpedia.org/resource/Taisei_Corporation,fullcontact_748,FALSE
http://dbpedia.org/resource/Simple_(bank),fullcontact_415,FALSE
http://dbpedia.org/resource/REWE_Group,fullcontact_634,FALSE
http://dbpedia.org/resource/Positivo_Inform%C3%A1tica,fullcontact_1726,FALSE
http://dbpedia.org/resource/The_Co-operative_Bank,fullcontact_909,FALSE
http://dbpedia.org/resource/SMC_Networks,fullcontact_1169,FALSE
http://dbpedia.org/resource/ING_Belgium,fullcontact_1368,FALSE
http://dbpedia.org/resource/Bravo_Music,fullcontact_1742,FALSE
http://dbpedia.org/resource/BankUnited,fullcontact_415,FALSE
http://dbpedia.org/resource/Siemens_PLM_Software,fullcontact_1257,FALSE
http://dbpedia.org/resource/CRMP,fullcontact_1927,FALSE
http://dbpedia.org/resource/YouView,fullcontact_1870,FALSE
http://dbpedia.org/resource/Bank_Permata,fullcontact_135,FALSE
http://dbpedia.org/resource/VJ_Movement,fullcontact_1406,FALSE
http://dbpedia.org/resource/Bank_of_Singapore,fullcontact_135,FALSE
http://dbpedia.org/resource/Zoom_Communications,fullcontact_142,FALSE
http://dbpedia.org/resource/Basilea_Pharmaceutica,fullcontact_53,FALSE
http://dbpedia.org/resource/Berkeley_Systems,fullcontact_236,FALSE
http://dbpedia.org/resource/Maxxsonics,fullcontact_1314,FALSE
http://dbpedia.org/resource/Banco_Bilbao_Vizcaya_Argentaria,fullcontact_406,FALSE
http://dbpedia.org/resource/Boost_Mobile,fullcontact_1425,FALSE
http://dbpedia.org/resource/ThyssenKrupp_Marine_Systems,fullcontact_955,FALSE
http://dbpedia.org/resource/44_Blue_Productions,fullcontact_337,FALSE
http://dbpedia.org/resource/Piedmont_Natural_Gas,fullcontact_587,FALSE
http://dbpedia.org/resource/Azrieli_Group,fullcontact_255,FALSE
http://dbpedia.org/resource/Ford_Germany,fullcontact_1170,FALSE
http://dbpedia.org/resource/Wawa_Inc.,fullcontact_816,FALSE
http://dbpedia.org/resource/Media_Temple,fullcontact_1966,FALSE
http://dbpedia.org/resource/Metropolitan_Bank_Group,fullcontact_226,FALSE
http://dbpedia.org/resource/Shell_Canada,fullcontact_1156,FALSE
http://dbpedia.org/resource/Karen_Millen,fullcontact_598,FALSE
http://dbpedia.org/resource/Swiss_Quality_Hotels_International,fullcontact_1672,FALSE
http://dbpedia.org/resource/PayXpert,fullcontact_556,FALSE
http://dbpedia.org/resource/Gaslamp_Games,fullcontact_1622,FALSE
http://dbpedia.org/resource/D-Box_Technologies,fullcontact_1506,FALSE
http://dbpedia.org/resource/Bank_of_Bahrain_and_Kuwait,fullcontact_1479,FALSE
http://dbpedia.org/resource/Artega_Automobile,fullcontact_1170,FALSE
http://dbpedia.org/resource/Swiss_Military_Watch,fullcontact_709,FALSE
http://dbpedia.org/resource/New_Generation_Software,fullcontact_1228,FALSE
http://dbpedia.org/resource/Sing_Tao_Chinese_Radio,fullcontact_1437,FALSE
http://dbpedia.org/resource/C&S_Wholesale_Grocers,fullcontact_715,FALSE
http://dbpedia.org/resource/Williams_&_Griffin,fullcontact_1917,FALSE
http://dbpedia.org/resource/Erste_Bank_Novi_Sad,fullcontact_1041,FALSE
http://dbpedia.org/resource/Ericsson_Radio_Systems,fullcontact_725,FALSE
http://dbpedia.org/resource/NTDEC,fullcontact_1352,FALSE
http://dbpedia.org/resource/Elektroprivreda_Srbije,fullcontact_1880,FALSE
http://dbpedia.org/resource/Slaight_Communications,fullcontact_1585,FALSE
http://dbpedia.org/resource/IEC_Electronics,fullcontact_910,FALSE
http://dbpedia.org/resource/Comcast_Interactive_Media,fullcontact_927,FALSE
http://dbpedia.org/resource/America_II_Electronics,fullcontact_910,FALSE
http://dbpedia.org/resource/Zopa,fullcontact_1679,FALSE
http://dbpedia.org/resource/Halfords,fullcontact_445,FALSE
http://dbpedia.org/resource/Super-Pharm,fullcontact_1495,FALSE
http://dbpedia.org/resource/Genband,fullcontact_1957,FALSE
http://dbpedia.org/resource/Western_National_Bank,fullcontact_812,FALSE
http://dbpedia.org/resource/OSF_Healthcare,fullcontact_662,FALSE
http://dbpedia.org/resource/Tower_Insurance_(New_Zealand),fullcontact_1079,FALSE
http://dbpedia.org/resource/China_Resources_Enterprise,fullcontact_208,FALSE
http://dbpedia.org/resource/Dataram,fullcontact_1871,FALSE
http://dbpedia.org/resource/Lukoil_Baltija,fullcontact_1342,FALSE
http://dbpedia.org/resource/TechniSat,fullcontact_659,FALSE
http://dbpedia.org/resource/Zabeel_Investments,fullcontact_303,FALSE
"http://dbpedia.org/resource/Quark,_Inc.",fullcontact_1311,TRUE
http://dbpedia.org/resource/Tractor_Supply_Company,fullcontact_753,TRUE
http://dbpedia.org/resource/NanoScale_Corporation,fullcontact_1845,TRUE
http://dbpedia.org/resource/Kiloo,fullcontact_1051,TRUE
http://dbpedia.org/resource/Grupo_Calvo,fullcontact_1670,TRUE
http://dbpedia.org/resource/EMC_Corporation,fullcontact_287,TRUE
http://dbpedia.org/resource/Parker_Hannifin,fullcontact_574,TRUE
http://dbpedia.org/resource/Champion_Ballroom_Academy,fullcontact_997,TRUE
http://dbpedia.org/resource/The_MobileStore,fullcontact_1591,TRUE
http://dbpedia.org/resource/Imperial_College_Press,fullcontact_1286,TRUE
http://dbpedia.org/resource/Eyevine,fullcontact_1074,TRUE
http://dbpedia.org/resource/Zenith_(watchmaker),fullcontact_1364,TRUE
http://dbpedia.org/resource/Super_Fight_League,fullcontact_959,TRUE
http://dbpedia.org/resource/HighCom_Security,fullcontact_1184,TRUE
http://dbpedia.org/resource/SAME_Deutz-Fahr,fullcontact_1239,TRUE
http://dbpedia.org/resource/Apple_Inc.,fullcontact_102,TRUE
http://dbpedia.org/resource/Copel,fullcontact_1726,TRUE
http://dbpedia.org/resource/Automotive_Products,fullcontact_1793,FALSE
http://dbpedia.org/resource/BOC_International,fullcontact_852,FALSE
http://dbpedia.org/resource/AppDynamics,fullcontact_86,FALSE
http://dbpedia.org/resource/Crossrail_Benelux,fullcontact_1368,FALSE
http://dbpedia.org/resource/Houston's_Restaurant,fullcontact_614,FALSE
http://dbpedia.org/resource/Neptune_Orient_Lines,fullcontact_677,FALSE
http://dbpedia.org/resource/The_Leavitt_Corporation,fullcontact_473,FALSE
http://dbpedia.org/resource/Noble_Energy,fullcontact_1834,FALSE
http://dbpedia.org/resource/Herbalife,fullcontact_376,FALSE
http://dbpedia.org/resource/Integrated_Computer_Solutions,fullcontact_1005,FALSE
http://dbpedia.org/resource/Western_National_Bank,fullcontact_415,FALSE
http://dbpedia.org/resource/UNIFI_Companies,fullcontact_776,FALSE
http://dbpedia.org/resource/Hokuto_Corporation,fullcontact_748,FALSE
http://dbpedia.org/resource/Navizon,fullcontact_1870,FALSE
http://dbpedia.org/resource/Wagner_&_Co_Solar_Technology,fullcontact_1387,FALSE
http://dbpedia.org/resource/Coop_Norge,fullcontact_1864,FALSE
http://dbpedia.org/resource/Volkswagen_Group,fullcontact_158,FALSE
http://dbpedia.org/resource/DayStar_Technologies,fullcontact_1847,FALSE
http://dbpedia.org/resource/Red_Star_Yeast,fullcontact_1847,FALSE
http://dbpedia.org/resource/Cone_Health,fullcontact_1127,FALSE
http://dbpedia.org/resource/Moneycorp,fullcontact_967,FALSE
http://dbpedia.org/resource/Star_Industries,fullcontact_1075,FALSE
http://dbpedia.org/resource/Asurion,fullcontact_113,FALSE
http://dbpedia.org/resource/TSB_Bank_(United_Kingdom),fullcontact_253,FALSE
http://dbpedia.org/resource/Briggs_Automotive_Company,fullcontact_1422,FALSE
http://dbpedia.org/resource/Daleside_Brewery,fullcontact_1440,FALSE
http://dbpedia.org/resource/Vie_at_Home,fullcontact_124,FALSE
http://dbpedia.org/resource/M%C3%BCnchner_Verkehrsgesellschaft,fullcontact_158,FALSE
http://dbpedia.org/resource/Hua_Xia_Bank,fullcontact_852,FALSE
http://dbpedia.org/resource/Chaintech,fullcontact_52,FALSE
http://dbpedia.org/resource/21st_Century_Insurance,fullcontact_1343,FALSE
http://dbpedia.org/resource/Aquaver,fullcontact_1822,FALSE
http://dbpedia.org/resource/Paramount_Equity,fullcontact_1519,FALSE
http://dbpedia.org/resource/Dealchecker,fullcontact_1097,FALSE
http://dbpedia.org/resource/Korea_Nuclear_Fuel,fullcontact_405,FALSE
http://dbpedia.org/resource/Gazprom_Neft,fullcontact_342,FALSE
http://dbpedia.org/resource/Helsinki_City_Transport,fullcontact_508,FALSE
http://dbpedia.org/resource/GreenButton,fullcontact_1798,FALSE
http://dbpedia.org/resource/Hexaglobe,fullcontact_562,FALSE
http://dbpedia.org/resource/TTX_Company,fullcontact_565,FALSE
http://dbpedia.org/resource/Refah_Chain_Stores_Co.,fullcontact_1572,FALSE
http://dbpedia.org/resource/Wade_Ceramics,fullcontact_911,FALSE
http://dbpedia.org/resource/ARUP_Laboratories,fullcontact_1132,FALSE
http://dbpedia.org/resource/ETB_(company),fullcontact_280,FALSE
http://dbpedia.org/resource/Naspers,fullcontact_152,FALSE
http://dbpedia.org/resource/Monster_Beverage,fullcontact_580,FALSE
http://dbpedia.org/resource/Glorious_Property_Holdings,fullcontact_1150,FALSE
http://dbpedia.org/resource/Open_Systems_AG,fullcontact_43,FALSE
http://dbpedia.org/resource/Hookflash,fullcontact_142,FALSE
http://dbpedia.org/resource/Los_Angeles_Pop_Art,fullcontact_1814,FALSE
http://dbpedia.org/resource/Co-operative_Banking_Group,fullcontact_149,FALSE
http://dbpedia.org/resource/TTI_Telecom,fullcontact_1495,FALSE
http://dbpedia.org/resource/Convergys,fullcontact_918,FALSE
http://dbpedia.org/resource/Ingram_Entertainment_Holdings_Inc.,fullcontact_419,FALSE
http://dbpedia.org/resource/SCISYS,fullcontact_1596,FALSE
http://dbpedia.org/resource/Avere_Systems,fullcontact_1661,FALSE
http://dbpedia.org/resource/List_of_Paramount_Pictures_films,fullcontact_1523,FALSE
http://dbpedia.org/resource/Peoples_Financial_Corporation,fullcontact_1808,FALSE
http://dbpedia.org/resource/ABM_United_Kingdom_Limited,fullcontact_1194,FALSE
http://dbpedia.org/resource/Realtek,fullcontact_1352,FALSE
http://dbpedia.org/resource/Zara_(retailer),fullcontact_1351,FALSE
http://dbpedia.org/resource/Mikkeller,fullcontact_193,FALSE
http://dbpedia.org/resource/Sacmi,fullcontact_318,FALSE
http://dbpedia.org/resource/Texas_Memory_Systems,fullcontact_1796,FALSE
"http://dbpedia.org/resource/VHA,_Inc.",fullcontact_612,FALSE
http://dbpedia.org/resource/Entertainment_Studios,fullcontact_849,FALSE
http://dbpedia.org/resource/Chaintech,fullcontact_1352,FALSE
http://dbpedia.org/resource/Gruppo_Bertone,fullcontact_1515,FALSE
http://dbpedia.org/resource/Volkswagen_Group,fullcontact_1182,FALSE
http://dbpedia.org/resource/Abu_Dhabi_Commercial_Bank,fullcontact_1729,FALSE
http://dbpedia.org/resource/Silvercorp_Metals,fullcontact_674,FALSE
http://dbpedia.org/resource/Wizcom_Technologies,fullcontact_809,FALSE
http://dbpedia.org/resource/Symphony_Teleca,fullcontact_1159,FALSE
http://dbpedia.org/resource/Ergon_Energy,fullcontact_1007,FALSE
http://dbpedia.org/resource/Fastline,fullcontact_1181,FALSE
http://dbpedia.org/resource/Toyota_Motor_Manufacturing_Texas,fullcontact_1422,FALSE
http://dbpedia.org/resource/BMC_Trading,fullcontact_43,FALSE
http://dbpedia.org/resource/Crew_Gold,fullcontact_1181,FALSE
http://dbpedia.org/resource/Siliconware_Precision_Industries,fullcontact_823,FALSE
http://dbpedia.org/resource/MER_MEC,fullcontact_318,FALSE
http://dbpedia.org/resource/Crozer-Keystone_Health_System,fullcontact_987,FALSE
http://dbpedia.org/resource/Chicony_Electronics,fullcontact_1084,FALSE
http://dbpedia.org/resource/BMW,fullcontact_802,FALSE
http://dbpedia.org/resource/Disney_Television_Animation,fullcontact_1256,FALSE
http://dbpedia.org/resource/SatCon_Technology_Corporation,fullcontact_1415,FALSE
http://dbpedia.org/resource/Solar_Euromed,fullcontact_305,FALSE
http://dbpedia.org/resource/Star_Industries,fullcontact_1059,FALSE
http://dbpedia.org/resource/Swisscom,fullcontact_842,FALSE
http://dbpedia.org/resource/Orion_New_Zealand_Limited,fullcontact_1299,FALSE
http://dbpedia.org/resource/Companhia_Energ%C3%A9tica_de_S%C3%A3o_Paulo,fullcontact_1611,FALSE
http://dbpedia.org/resource/Crescent_Petroleum,fullcontact_239,FALSE
http://dbpedia.org/resource/Hang_Lung_Properties,fullcontact_1150,FALSE
http://dbpedia.org/resource/Crosslink_Capital,fullcontact_925,FALSE
http://dbpedia.org/resource/AlphaSim,fullcontact_1228,FALSE
http://dbpedia.org/resource/Bavaria_Film,fullcontact_955,FALSE
http://dbpedia.org/resource/BioGnost,fullcontact_1927,FALSE
http://dbpedia.org/resource/Qello,fullcontact_1117,FALSE
http://dbpedia.org/resource/BTA_Bank,fullcontact_66,FALSE
http://dbpedia.org/resource/Three_Rivers_Computer_Corporation,fullcontact_1022,FALSE
http://dbpedia.org/resource/Queensland_Energy_Resources,fullcontact_1007,FALSE
http://dbpedia.org/resource/INiS,fullcontact_771,FALSE
http://dbpedia.org/resource/Gas_Malaysia,fullcontact_350,FALSE
http://dbpedia.org/resource/Reliance_Industries,fullcontact_1396,FALSE
http://dbpedia.org/resource/Wells_Fargo,fullcontact_815,FALSE
http://dbpedia.org/resource/CITIC_Resources,fullcontact_214,FALSE
http://dbpedia.org/resource/Wells_Fargo_Advisors,fullcontact_812,FALSE
http://dbpedia.org/resource/Abu_Dhabi_National_Oil_Company,fullcontact_1729,FALSE
http://dbpedia.org/resource/Community_Health_Systems,fullcontact_662,FALSE
http://dbpedia.org/resource/Building_Design_Partnership,fullcontact_1132,FALSE
http://dbpedia.org/resource/Eagle_East_Aviation,fullcontact_144,FALSE
http://dbpedia.org/resource/IdleAir,fullcontact_1837,FALSE
http://dbpedia.org/resource/CVR_Partners,fullcontact_1544,FALSE
http://dbpedia.org/resource/UbiCare,fullcontact_773,FALSE
http://dbpedia.org/resource/SIGG,fullcontact_661,FALSE
http://dbpedia.org/resource/Lux_Capital,fullcontact_1029,FALSE
http://dbpedia.org/resource/SYBO_Games,fullcontact_1051,FALSE
http://dbpedia.org/resource/AppDynamics,fullcontact_407,FALSE
http://dbpedia.org/resource/Top_Shelf_Coffee,fullcontact_1542,FALSE
http://dbpedia.org/resource/Paramount_Equity,fullcontact_1177,FALSE
http://dbpedia.org/resource/Motorola_Mobility,fullcontact_522,FALSE
http://dbpedia.org/resource/Mitsubishi_Electric_United_States,fullcontact_1278,FALSE
http://dbpedia.org/resource/Microsoft,fullcontact_919,FALSE
http://dbpedia.org/resource/Nokia,fullcontact_533,FALSE
http://dbpedia.org/resource/Wells_Fargo,fullcontact_812,FALSE
http://dbpedia.org/resource/Disney_Television_Animation,fullcontact_1372,FALSE
http://dbpedia.org/resource/Bossini,fullcontact_214,FALSE
http://dbpedia.org/resource/Cloudwear,fullcontact_480,FALSE
http://dbpedia.org/resource/ABC_Studios,fullcontact_849,FALSE
http://dbpedia.org/resource/Banco_Gallego,fullcontact_184,FALSE
http://dbpedia.org/resource/Free_Mobile,fullcontact_562,FALSE
http://dbpedia.org/resource/CornerWorld,fullcontact_970,FALSE
http://dbpedia.org/resource/ING_Belgium,fullcontact_766,FALSE
http://dbpedia.org/resource/Swisscom,fullcontact_1048,FALSE
http://dbpedia.org/resource/Chance_UK,fullcontact_1224,FALSE
http://dbpedia.org/resource/Jabot_Cosmetics,fullcontact_1551,FALSE
http://dbpedia.org/resource/Ohyo,fullcontact_1237,FALSE
http://dbpedia.org/resource/The_Emirates_Group,fullcontact_303,FALSE
http://dbpedia.org/resource/Hookflash,fullcontact_1797,FALSE
http://dbpedia.org/resource/LINE_Corporation,fullcontact_450,FALSE
http://dbpedia.org/resource/Fiera_Milano,fullcontact_1684,FALSE
http://dbpedia.org/resource/Mitsubishi_Electric_United_States,fullcontact_448,FALSE
http://dbpedia.org/resource/Ural_Mining_and_Metallurgical_Company,fullcontact_499,FALSE
http://dbpedia.org/resource/Coles_Supermarkets,fullcontact_505,FALSE
http://dbpedia.org/resource/Leister_Technologies,fullcontact_1767,FALSE
http://dbpedia.org/resource/Dairy_Farmers_of_America,fullcontact_934,FALSE
http://dbpedia.org/resource/TeleTech,fullcontact_181,FALSE
http://dbpedia.org/resource/Pointer_Telocation,fullcontact_432,FALSE
http://dbpedia.org/resource/Eldorado_Gold,fullcontact_357,FALSE
http://dbpedia.org/resource/Quebecor,fullcontact_1797,FALSE
http://dbpedia.org/resource/Inukshuk_Wireless,fullcontact_1585,FALSE
http://dbpedia.org/resource/CDS_Global,fullcontact_215,FALSE
http://dbpedia.org/resource/Zhenhua,fullcontact_1792,TRUE
http://dbpedia.org/resource/Waste_Management_Inc,fullcontact_1292,TRUE
http://dbpedia.org/resource/Charter_Arms,fullcontact_931,TRUE
http://dbpedia.org/resource/Ngmoco,fullcontact_1121,TRUE
http://dbpedia.org/resource/Surf_Canyon,fullcontact_1494,TRUE
http://dbpedia.org/resource/Prudential_Financial,fullcontact_607,TRUE
http://dbpedia.org/resource/Macquarie_Infrastructure_Company,fullcontact_1386,TRUE
http://dbpedia.org/resource/Buick,fullcontact_858,TRUE
http://dbpedia.org/resource/Falkland_Oil_and_Gas,fullcontact_1569,TRUE
http://dbpedia.org/resource/New_World_Interactive,fullcontact_970,TRUE
http://dbpedia.org/resource/Eni,fullcontact_293,TRUE
http://dbpedia.org/resource/Aergo_Capital,fullcontact_74,FALSE
http://dbpedia.org/resource/Vodafone_Spain,fullcontact_726,FALSE
http://dbpedia.org/resource/Naftiran_Intertrade,fullcontact_1572,FALSE
http://dbpedia.org/resource/GlobalSign,fullcontact_790,FALSE
http://dbpedia.org/resource/TEAMS_Design,fullcontact_1163,FALSE
http://dbpedia.org/resource/Nitto_Denko,fullcontact_544,FALSE
http://dbpedia.org/resource/London_Company,fullcontact_97,FALSE
http://dbpedia.org/resource/Hexaglobe,fullcontact_749,FALSE
http://dbpedia.org/resource/Antics_Technologies,fullcontact_1596,FALSE
http://dbpedia.org/resource/Janus_Films,fullcontact_1431,FALSE
http://dbpedia.org/resource/Vanguard_Health_Systems,fullcontact_773,FALSE
http://dbpedia.org/resource/Companhia_Energ%C3%A9tica_de_S%C3%A3o_Paulo,fullcontact_285,FALSE
http://dbpedia.org/resource/Ambit_Energy,fullcontact_1318,FALSE
http://dbpedia.org/resource/BeTV_(Belgium),fullcontact_314,FALSE
http://dbpedia.org/resource/B&N_Bank,fullcontact_1706,FALSE
http://dbpedia.org/resource/Hot_mobile,fullcontact_432,FALSE
http://dbpedia.org/resource/Co-operative_Banking_Group,fullcontact_1254,FALSE
http://dbpedia.org/resource/Barrick_Gold,fullcontact_1529,FALSE
http://dbpedia.org/resource/Hyundai_Mobis,fullcontact_1527,FALSE
http://dbpedia.org/resource/Pan-Europ%C3%A9enne,fullcontact_562,FALSE
http://dbpedia.org/resource/Bouygues_Telecom,fullcontact_68,FALSE
http://dbpedia.org/resource/Brocade_Communications_Systems,fullcontact_171,FALSE
http://dbpedia.org/resource/Island_Pacific_Energy,fullcontact_597,FALSE
http://dbpedia.org/resource/Talking_Rain,fullcontact_1556,FALSE
http://dbpedia.org/resource/Banco_AV_Villas,fullcontact_364,FALSE
http://dbpedia.org/resource/Trican_Well_Service,fullcontact_754,FALSE
http://dbpedia.org/resource/Prudential_plc,fullcontact_696,FALSE
http://dbpedia.org/resource/Geek_&_Sundry,fullcontact_1650,FALSE
http://dbpedia.org/resource/Ernest_Hillier_Chocolates,fullcontact_1037,FALSE
http://dbpedia.org/resource/United_Uranium,fullcontact_1681,FALSE
http://dbpedia.org/resource/Combined_Insurance,fullcontact_506,FALSE
http://dbpedia.org/resource/Opel,fullcontact_802,FALSE
http://dbpedia.org/resource/Jordans_(company),fullcontact_1453,FALSE
http://dbpedia.org/resource/Easton-Bell_Sports,fullcontact_1559,FALSE
http://dbpedia.org/resource/High_Moon_Studios,fullcontact_1398,FALSE
http://dbpedia.org/resource/StarWind_Software,fullcontact_1570,FALSE
http://dbpedia.org/resource/Boost_Mobile,fullcontact_6,FALSE
http://dbpedia.org/resource/Sumitomo_Mitsui_Banking_Corporation,fullcontact_666,FALSE
http://dbpedia.org/resource/Shavlik_Technologies,fullcontact_1570,FALSE
http://dbpedia.org/resource/Vicarious_Visions,fullcontact_1398,FALSE
http://dbpedia.org/resource/Farmers_Insurance_Group,fullcontact_78,FALSE
http://dbpedia.org/resource/Suntory,fullcontact_1221,FALSE
http://dbpedia.org/resource/CRAIC_Technologies,fullcontact_1415,FALSE
http://dbpedia.org/resource/Massachusetts_Arms_Company,fullcontact_931,FALSE
http://dbpedia.org/resource/The_Co-operative_Bank,fullcontact_445,FALSE
http://dbpedia.org/resource/Cincinnati_Financial,fullcontact_918,FALSE
http://dbpedia.org/resource/TTX_Company,fullcontact_1388,FALSE
http://dbpedia.org/resource/Ynetnews,fullcontact_432,FALSE
http://dbpedia.org/resource/Electro_Rent,fullcontact_1278,FALSE
http://dbpedia.org/resource/Adify,fullcontact_1017,FALSE
http://dbpedia.org/resource/Busboy_Productions,fullcontact_337,FALSE
http://dbpedia.org/resource/Lark_Technologies,fullcontact_976,FALSE
http://dbpedia.org/resource/Bank_of_Ningbo,fullcontact_852,FALSE
http://dbpedia.org/resource/IEC_Electronics,fullcontact_1278,FALSE
http://dbpedia.org/resource/Faction_films,fullcontact_1431,FALSE
http://dbpedia.org/resource/Keep-it_Technologies,fullcontact_1347,FALSE
http://dbpedia.org/resource/Wilson_Audio,fullcontact_1314,FALSE
http://dbpedia.org/resource/DTEK,fullcontact_273,FALSE
http://dbpedia.org/resource/E3_Media,fullcontact_935,FALSE
http://dbpedia.org/resource/Elomatic,fullcontact_508,FALSE
http://dbpedia.org/resource/Hammer_Film_Productions,fullcontact_933,FALSE
http://dbpedia.org/resource/Vodafone_Spain,fullcontact_800,FALSE
http://dbpedia.org/resource/Mio_Technology,fullcontact_1084,FALSE
http://dbpedia.org/resource/Lux_Capital,fullcontact_1458,FALSE
http://dbpedia.org/resource/PrivatBank,fullcontact_1146,FALSE
http://dbpedia.org/resource/Eesti_Energia,fullcontact_1616,FALSE
"http://dbpedia.org/resource/Lancaster_Newspapers,_Inc.",fullcontact_338,FALSE
http://dbpedia.org/resource/Sequoia_Capital,fullcontact_1544,FALSE
http://dbpedia.org/resource/Odell_Brewing_Company,fullcontact_915,FALSE
http://dbpedia.org/resource/Centerra_Gold,fullcontact_357,FALSE
http://dbpedia.org/resource/Great-West_Lifeco,fullcontact_351,FALSE
http://dbpedia.org/resource/BOC_Hong_Kong_(Holdings),fullcontact_214,FALSE
http://dbpedia.org/resource/Shiseido,fullcontact_668,FALSE
http://dbpedia.org/resource/RCTV_International,fullcontact_729,FALSE
http://dbpedia.org/resource/Musselburgh_and_Fisherrow_Co-operative_Society,fullcontact_1344,FALSE
http://dbpedia.org/resource/CNet_Technology,fullcontact_1861,FALSE
http://dbpedia.org/resource/CoActiv_Capital_Partners,fullcontact_925,FALSE
http://dbpedia.org/resource/Schaerer_Ltd,fullcontact_661,FALSE
http://dbpedia.org/resource/CJ_CGV,fullcontact_217,FALSE
http://dbpedia.org/resource/Swisscom,fullcontact_711,FALSE
http://dbpedia.org/resource/Nautel,fullcontact_1180,FALSE
http://dbpedia.org/resource/TalkTalk_Business,fullcontact_1801,FALSE
http://dbpedia.org/resource/Burelle,fullcontact_562,FALSE
http://dbpedia.org/resource/Lindex,fullcontact_383,FALSE
http://dbpedia.org/resource/STMicroelectronics,fullcontact_1570,FALSE
http://dbpedia.org/resource/Nimble_Storage,fullcontact_1609,FALSE
http://dbpedia.org/resource/Information_Builders,fullcontact_407,FALSE
"http://dbpedia.org/resource/PCM,_Inc.",fullcontact_893,FALSE
http://dbpedia.org/resource/Socialwok,fullcontact_677,FALSE
http://dbpedia.org/resource/Warners_Solicitors,fullcontact_1925,TRUE
http://dbpedia.org/resource/Rotterdamse_Elektrische_Tram,fullcontact_958,TRUE
http://dbpedia.org/resource/Fiat_Professional,fullcontact_1469,TRUE
http://dbpedia.org/resource/Odersun,fullcontact_1810,TRUE
http://dbpedia.org/resource/Entertainment_Studios,fullcontact_1072,TRUE
http://dbpedia.org/resource/Wipro,fullcontact_822,TRUE
http://dbpedia.org/resource/Acer_Inc.,fullcontact_52,TRUE
http://dbpedia.org/resource/Chetu,fullcontact_1580,TRUE
http://dbpedia.org/resource/Jeremy_Rogers_Limited,fullcontact_1788,TRUE
http://dbpedia.org/resource/Royal_District_Nursing_Service_(Victoria),fullcontact_1690,TRUE
http://dbpedia.org/resource/Global_Maritime,fullcontact_1528,TRUE
http://dbpedia.org/resource/Chubb_Security,fullcontact_658,FALSE
http://dbpedia.org/resource/Traction_(company),fullcontact_944,FALSE
http://dbpedia.org/resource/HSS_Hire,fullcontact_1228,FALSE
http://dbpedia.org/resource/EnergyAustralia,fullcontact_1007,FALSE
http://dbpedia.org/resource/Drake's_Brewing_Company,fullcontact_915,FALSE
http://dbpedia.org/resource/Devitt_Insurance,fullcontact_124,FALSE
http://dbpedia.org/resource/Gundersen_Health_System,fullcontact_773,FALSE
http://dbpedia.org/resource/Confederation_Life,fullcontact_487,FALSE
http://dbpedia.org/resource/Xkoto,fullcontact_560,FALSE
http://dbpedia.org/resource/Singapore_Post,fullcontact_677,FALSE
http://dbpedia.org/resource/Banque_Bonh%C3%B4te,fullcontact_130,FALSE
http://dbpedia.org/resource/K's_Holdings_Corporation,fullcontact_680,FALSE
http://dbpedia.org/resource/YNK_Interactive,fullcontact_411,FALSE
http://dbpedia.org/resource/GenOn_Energy,fullcontact_344,FALSE
http://dbpedia.org/resource/North_American_Coal_Corporation,fullcontact_219,FALSE
http://dbpedia.org/resource/Rigby_Group_PLC,fullcontact_1367,FALSE
http://dbpedia.org/resource/Volvo_Aero,fullcontact_803,FALSE
http://dbpedia.org/resource/Bank_of_China,fullcontact_852,FALSE
http://dbpedia.org/resource/Groupe_Banque_Populaire,fullcontact_238,FALSE
http://dbpedia.org/resource/Himax,fullcontact_501,FALSE
http://dbpedia.org/resource/R%C3%A9seau_Ferr%C3%A9_de_France,fullcontact_281,FALSE
http://dbpedia.org/resource/Waaijenberg,fullcontact_1130,FALSE
http://dbpedia.org/resource/Magnetek,fullcontact_1278,FALSE
http://dbpedia.org/resource/Metro_Pacific_Investments_Corporation,fullcontact_683,FALSE
http://dbpedia.org/resource/Trader_Joe's,fullcontact_1388,FALSE
http://dbpedia.org/resource/Cellcom_(Israel),fullcontact_1751,FALSE
http://dbpedia.org/resource/Waterloo_Maple,fullcontact_745,FALSE
http://dbpedia.org/resource/America_II_Electronics,fullcontact_1278,FALSE
http://dbpedia.org/resource/CI_Financial,fullcontact_487,FALSE
http://dbpedia.org/resource/Deyaar,fullcontact_1729,FALSE
http://dbpedia.org/resource/Ariba,fullcontact_407,FALSE
http://dbpedia.org/resource/Tom's_Snacks,fullcontact_1432,FALSE
http://dbpedia.org/resource/NewBridge_Bank,fullcontact_909,FALSE
http://dbpedia.org/resource/Nexenta_Systems,fullcontact_1609,FALSE
http://dbpedia.org/resource/News_Corp,fullcontact_1341,FALSE
http://dbpedia.org/resource/Sumitomo_Mitsui_Trust_Holdings,fullcontact_513,FALSE
http://dbpedia.org/resource/Ucamco,fullcontact_766,FALSE
http://dbpedia.org/resource/Mataano,fullcontact_1952,FALSE
http://dbpedia.org/resource/Sampo_Corporation,fullcontact_641,FALSE
http://dbpedia.org/resource/Genivar,fullcontact_1603,FALSE
http://dbpedia.org/resource/United_Bank_(Atlanta_metropolitan_area),fullcontact_1324,FALSE
http://dbpedia.org/resource/Shanghai_Industrial_Holdings,fullcontact_1792,FALSE
http://dbpedia.org/resource/GM_Korea,fullcontact_477,FALSE
http://dbpedia.org/resource/Texas_Power,fullcontact_1840,FALSE
http://dbpedia.org/resource/Stevens_Arms,fullcontact_931,FALSE
http://dbpedia.org/resource/CityStudio_Vancouver,fullcontact_731,FALSE
http://dbpedia.org/resource/MKS_Finance,fullcontact_1185,FALSE
http://dbpedia.org/resource/Hookflash,fullcontact_21,FALSE
http://dbpedia.org/resource/Centaline_Property_Agency,fullcontact_1150,FALSE
http://dbpedia.org/resource/St1,fullcontact_1090,FALSE
http://dbpedia.org/resource/U.S._HealthWorks,fullcontact_1402,FALSE
http://dbpedia.org/resource/Protalix_BioTherapeutics,fullcontact_892,FALSE
http://dbpedia.org/resource/US_Cable,fullcontact_182,FALSE
http://dbpedia.org/resource/Nykredit,fullcontact_249,FALSE
http://dbpedia.org/resource/Pacific_Sales,fullcontact_83,FALSE
http://dbpedia.org/resource/Toradex_(company),fullcontact_695,FALSE
http://dbpedia.org/resource/Hello_Health,fullcontact_773,FALSE
http://dbpedia.org/resource/Hyundai_Development_Company,fullcontact_455,FALSE
http://dbpedia.org/resource/PMC_Ltd.,fullcontact_166,FALSE
http://dbpedia.org/resource/Del_Monte_Kenya,fullcontact_1521,FALSE
http://dbpedia.org/resource/Carvana,fullcontact_194,FALSE
http://dbpedia.org/resource/Loeb's_(department_store),fullcontact_326,FALSE
http://dbpedia.org/resource/Ericsson_Mobile_Platforms,fullcontact_725,FALSE
http://dbpedia.org/resource/BioDiscovery,fullcontact_412,FALSE
http://dbpedia.org/resource/Ace_Hardware,fullcontact_386,FALSE
http://dbpedia.org/resource/Shiply,fullcontact_1181,FALSE
http://dbpedia.org/resource/PlateSpin,fullcontact_142,FALSE
http://dbpedia.org/resource/Adventist_Health_System,fullcontact_1462,FALSE
http://dbpedia.org/resource/Hookflash,fullcontact_1920,FALSE
http://dbpedia.org/resource/Telef%C3%B3nica_Germany,fullcontact_943,FALSE
http://dbpedia.org/resource/Al_Fajer_Re,fullcontact_839,FALSE
http://dbpedia.org/resource/CNet_Technology,fullcontact_1084,FALSE
http://dbpedia.org/resource/Welcome_Real-time,fullcontact_749,FALSE
http://dbpedia.org/resource/Silver_Standard_Resources,fullcontact_357,FALSE
http://dbpedia.org/resource/Eletrobras_Furnas,fullcontact_285,FALSE
http://dbpedia.org/resource/Gerber_Life_Insurance_Company,fullcontact_1284,FALSE
http://dbpedia.org/resource/Groupe_BPCE,fullcontact_686,FALSE
http://dbpedia.org/resource/Monex_Europe,fullcontact_253,FALSE
http://dbpedia.org/resource/Wayne_Corporation,fullcontact_463,FALSE
http://dbpedia.org/resource/UTC_Aerospace_Systems,fullcontact_1415,FALSE
http://dbpedia.org/resource/Walt_Disney_Parks_and_Resorts,fullcontact_1643,FALSE
http://dbpedia.org/resource/Tegile_Systems,fullcontact_1781,FALSE
http://dbpedia.org/resource/Metropolitan_Bank_Group,fullcontact_520,FALSE
http://dbpedia.org/resource/Balubaid,fullcontact_583,FALSE
http://dbpedia.org/resource/Revere_Copper_Company,fullcontact_1854,FALSE
http://dbpedia.org/resource/Dubai_Group,fullcontact_1078,FALSE
http://dbpedia.org/resource/Crest_Capital,fullcontact_1458,FALSE
http://dbpedia.org/resource/Biolase,fullcontact_1071,FALSE
http://dbpedia.org/resource/NEC,fullcontact_541,FALSE
http://dbpedia.org/resource/Indus_Towers,fullcontact_1884,TRUE
http://dbpedia.org/resource/News_Corp,fullcontact_1642,TRUE
http://dbpedia.org/resource/Citrix_Systems,fullcontact_216,TRUE
http://dbpedia.org/resource/Nexity,fullcontact_1008,TRUE
http://dbpedia.org/resource/General_Revenue_Corporation,fullcontact_1330,TRUE
http://dbpedia.org/resource/Calstar,fullcontact_422,FALSE
http://dbpedia.org/resource/Tsim_Sha_Tsui_Properties_Limited,fullcontact_1150,FALSE
http://dbpedia.org/resource/General_Motors_do_Brasil,fullcontact_1172,FALSE
http://dbpedia.org/resource/Chocolat_Frey,fullcontact_534,FALSE
http://dbpedia.org/resource/Canadian_Co-operative_Association,fullcontact_1389,FALSE
http://dbpedia.org/resource/Telef%C3%B3nica,fullcontact_726,FALSE
http://dbpedia.org/resource/TimeGate_Studios,fullcontact_1398,FALSE
http://dbpedia.org/resource/General_Motors_do_Brasil,fullcontact_356,FALSE
http://dbpedia.org/resource/RiverSoft,fullcontact_1022,FALSE
http://dbpedia.org/resource/Bank_of_the_Philippine_Islands,fullcontact_135,FALSE
http://dbpedia.org/resource/People's_United_Bank,fullcontact_226,FALSE
http://dbpedia.org/resource/Tata_Marcopolo,fullcontact_718,FALSE
http://dbpedia.org/resource/The_Co-operators,fullcontact_1254,FALSE
http://dbpedia.org/resource/Spectrum_Health,fullcontact_1520,FALSE
http://dbpedia.org/resource/West_End_Watch_Co.,fullcontact_1304,FALSE
http://dbpedia.org/resource/Electronics_for_Imaging,fullcontact_747,FALSE
http://dbpedia.org/resource/OSF_Healthcare,fullcontact_895,FALSE
http://dbpedia.org/resource/Eesti_Energia_Tehnoloogiat%C3%B6%C3%B6stus,fullcontact_1616,FALSE
http://dbpedia.org/resource/Realtek,fullcontact_501,FALSE
http://dbpedia.org/resource/Milo's_Hamburgers,fullcontact_1212,FALSE
http://dbpedia.org/resource/Capital_Newspapers,fullcontact_1176,FALSE
http://dbpedia.org/resource/Taisei_Corporation,fullcontact_450,FALSE
http://dbpedia.org/resource/Syst%C3%A8me_U,fullcontact_1360,FALSE
http://dbpedia.org/resource/American_States_Water,fullcontact_908,FALSE
http://dbpedia.org/resource/Hello_Health,fullcontact_1441,FALSE
http://dbpedia.org/resource/Nortel,fullcontact_142,FALSE
http://dbpedia.org/resource/Honda_Manufacturing_of_Alabama,fullcontact_1793,FALSE
http://dbpedia.org/resource/American_Public_Power_Association,fullcontact_597,FALSE
http://dbpedia.org/resource/D-Box_Technologies,fullcontact_1622,FALSE
http://dbpedia.org/resource/Co-operative_Banking_Group,fullcontact_1367,FALSE
http://dbpedia.org/resource/Terra_Networks,fullcontact_995,FALSE
http://dbpedia.org/resource/Western_National_Bank,fullcontact_1574,FALSE
http://dbpedia.org/resource/Perrin_Paris,fullcontact_749,FALSE
http://dbpedia.org/resource/Bank_of_China,fullcontact_136,FALSE
http://dbpedia.org/resource/Ciena,fullcontact_215,FALSE
http://dbpedia.org/resource/Aecon,fullcontact_115,FALSE
http://dbpedia.org/resource/Oxford_Scientific_Films,fullcontact_1431,FALSE
http://dbpedia.org/resource/Beverage_Partners_Worldwide,fullcontact_534,FALSE
http://dbpedia.org/resource/21st_Century_Newspapers,fullcontact_1642,FALSE
http://dbpedia.org/resource/Famous_Dave's,fullcontact_1675,FALSE
http://dbpedia.org/resource/ICA_AB,fullcontact_679,FALSE
http://dbpedia.org/resource/Argyll_Ferries,fullcontact_1639,FALSE
http://dbpedia.org/resource/StarWind_Software,fullcontact_998,FALSE
http://dbpedia.org/resource/AaB_A/S,fullcontact_1289,FALSE
http://dbpedia.org/resource/Standard_Chartered,fullcontact_696,FALSE
http://dbpedia.org/resource/Cyan_Worlds,fullcontact_970,FALSE
http://dbpedia.org/resource/Casella_Waste_Systems,fullcontact_1292,FALSE
http://dbpedia.org/resource/Beijing_Benz,fullcontact_852,FALSE
http://dbpedia.org/resource/EMB_Consultancy,fullcontact_1596,FALSE
http://dbpedia.org/resource/Groove_Games,fullcontact_1622,FALSE
http://dbpedia.org/resource/Bavarian_Auto_Group,fullcontact_158,FALSE
http://dbpedia.org/resource/Ming_An_Holdings,fullcontact_209,FALSE
http://dbpedia.org/resource/Eclipse_Aerospace,fullcontact_144,FALSE
http://dbpedia.org/resource/Diamond_Bank,fullcontact_963,FALSE
http://dbpedia.org/resource/Bunnell_Incorporated,fullcontact_176,FALSE
http://dbpedia.org/resource/United_World_Telecom,fullcontact_922,FALSE
http://dbpedia.org/resource/Telekom_Srbija,fullcontact_1880,FALSE
http://dbpedia.org/resource/Zoom_Communications,fullcontact_1879,FALSE
http://dbpedia.org/resource/Lux_Capital,fullcontact_344,FALSE
http://dbpedia.org/resource/HealthUnity,fullcontact_775,FALSE
http://dbpedia.org/resource/Golden_State_Mutual_Life_Insurance_Company,fullcontact_1343,FALSE
http://dbpedia.org/resource/Avex_Taiwan,fullcontact_52,FALSE
http://dbpedia.org/resource/Open_Systems_AG,fullcontact_1889,FALSE
http://dbpedia.org/resource/McCall_Corporation,fullcontact_496,FALSE
http://dbpedia.org/resource/Prolexic_Technologies,fullcontact_1053,FALSE
http://dbpedia.org/resource/The_Media_Kitchen,fullcontact_1966,FALSE
http://dbpedia.org/resource/Hyundai_Motor_Company,fullcontact_39,FALSE
http://dbpedia.org/resource/Taisei_Corporation,fullcontact_513,FALSE
http://dbpedia.org/resource/British_American_Railway_Services,fullcontact_97,FALSE
http://dbpedia.org/resource/ASRock,fullcontact_52,FALSE
http://dbpedia.org/resource/Radstock_Co-operative_Society,fullcontact_1087,FALSE
http://dbpedia.org/resource/Turkey_Hill_Sugarbush,fullcontact_745,FALSE
http://dbpedia.org/resource/Maxis,fullcontact_493,FALSE
http://dbpedia.org/resource/CompuBank,fullcontact_226,FALSE
http://dbpedia.org/resource/English_Software,fullcontact_1664,FALSE
http://dbpedia.org/resource/Thompson_Creek_Metals,fullcontact_1681,FALSE
http://dbpedia.org/resource/NexGen_Storage,fullcontact_535,FALSE
http://dbpedia.org/resource/Prada,fullcontact_598,FALSE
http://dbpedia.org/resource/Wisconsin_Energy_Corporation,fullcontact_902,FALSE
http://dbpedia.org/resource/5by5_Studios,fullcontact_1937,FALSE
http://dbpedia.org/resource/Buhler_Group,fullcontact_652,FALSE
http://dbpedia.org/resource/International_Media_Distribution,fullcontact_537,FALSE
http://dbpedia.org/resource/Israeli_News_Company,fullcontact_432,FALSE
http://dbpedia.org/resource/ABM_United_Kingdom_Limited,fullcontact_166,FALSE
http://dbpedia.org/resource/Marcus_&_Millichap,fullcontact_520,FALSE
http://dbpedia.org/resource/Fox_Television_Studios,fullcontact_1417,FALSE
http://dbpedia.org/resource/Dragon_Automobile_Company,fullcontact_180,FALSE
http://dbpedia.org/resource/Churchill_Insurance_Company,fullcontact_1848,FALSE
http://dbpedia.org/resource/Crelan,fullcontact_766,FALSE
http://dbpedia.org/resource/Steinkjerbuss,fullcontact_701,FALSE
http://dbpedia.org/resource/Bavaria_Film,fullcontact_1958,FALSE
http://dbpedia.org/resource/Legend_Fighting_Championship,fullcontact_959,FALSE
http://dbpedia.org/resource/RCD_Technology,fullcontact_1022,FALSE
http://dbpedia.org/resource/TransCanada_Corporation,fullcontact_115,FALSE
http://dbpedia.org/resource/TOA_Technologies,fullcontact_945,FALSE
http://dbpedia.org/resource/Fontana_North,fullcontact_1340,TRUE
http://dbpedia.org/resource/IRB_Infrastructure,fullcontact_1285,TRUE
http://dbpedia.org/resource/Tenaga_Nasional,fullcontact_1711,TRUE
http://dbpedia.org/resource/Standard_Ethics_Aei,fullcontact_1566,TRUE
http://dbpedia.org/resource/Symantec,fullcontact_713,TRUE
http://dbpedia.org/resource/Karbonn_Mobiles,fullcontact_1951,TRUE
http://dbpedia.org/resource/Somtel,fullcontact_1120,TRUE
http://dbpedia.org/resource/Grainger_Games,fullcontact_1491,TRUE
http://dbpedia.org/resource/Frontier_Communications,fullcontact_331,TRUE
http://dbpedia.org/resource/TechniSat,fullcontact_305,FALSE
http://dbpedia.org/resource/The_Briad_Group,fullcontact_1082,FALSE
http://dbpedia.org/resource/Great_Greenland_Furhouse,fullcontact_889,FALSE
http://dbpedia.org/resource/GreenBytes,fullcontact_1490,FALSE
http://dbpedia.org/resource/National_Bank_of_Bahrain,fullcontact_920,FALSE
http://dbpedia.org/resource/LatentView,fullcontact_1157,FALSE
http://dbpedia.org/resource/Banco_de_Occidente,fullcontact_365,FALSE
http://dbpedia.org/resource/SJ_AB,fullcontact_679,FALSE
http://dbpedia.org/resource/Dutch_Boy_Paint,fullcontact_663,FALSE
http://dbpedia.org/resource/Result_Group,fullcontact_149,FALSE
http://dbpedia.org/resource/Jackson_National_Life,fullcontact_506,FALSE
http://dbpedia.org/resource/American_States_Water,fullcontact_774,FALSE
http://dbpedia.org/resource/CoActiv_Capital_Partners,fullcontact_344,FALSE
http://dbpedia.org/resource/Ithmaar_Bank,fullcontact_920,FALSE
http://dbpedia.org/resource/Nykredit,fullcontact_1069,FALSE
http://dbpedia.org/resource/Antwerp_Diamond_Bank,fullcontact_346,FALSE
http://dbpedia.org/resource/Miro_Technologies,fullcontact_1393,FALSE
http://dbpedia.org/resource/Disney_Canada_Inc.,fullcontact_142,FALSE
http://dbpedia.org/resource/CipherCloud,fullcontact_1582,FALSE
http://dbpedia.org/resource/Oxygen_Education,fullcontact_1237,FALSE
http://dbpedia.org/resource/Kanata_Research_Park,fullcontact_1699,FALSE
http://dbpedia.org/resource/Unite_Group,fullcontact_1367,FALSE
http://dbpedia.org/resource/Cr%C3%A9dit_Agricole_Srbija,fullcontact_238,FALSE
http://dbpedia.org/resource/Cristy's_Pizza,fullcontact_1076,FALSE
http://dbpedia.org/resource/ON_Semiconductor_Corporation,fullcontact_747,FALSE
http://dbpedia.org/resource/Gran_Dorado,fullcontact_1822,FALSE
http://dbpedia.org/resource/Assuria_Ltd,fullcontact_658,FALSE
http://dbpedia.org/resource/Taisei_Corporation,fullcontact_538,FALSE
http://dbpedia.org/resource/Polish_Water_Ice,fullcontact_1862,FALSE
http://dbpedia.org/resource/Educaedu,fullcontact_724,FALSE
http://dbpedia.org/resource/Motorola_Mobility,fullcontact_370,FALSE
http://dbpedia.org/resource/Enzon_Pharmaceuticals,fullcontact_1094,FALSE
http://dbpedia.org/resource/Teledata_Networks,fullcontact_1751,FALSE
http://dbpedia.org/resource/First_Solution_Money_Transfer,fullcontact_1903,FALSE
http://dbpedia.org/resource/BigBalls_Films,fullcontact_1431,FALSE
http://dbpedia.org/resource/TM_Advertising,fullcontact_927,FALSE
http://dbpedia.org/resource/Zenith_(watchmaker),fullcontact_1304,FALSE
http://dbpedia.org/resource/Turquoise_Hill_Resources,fullcontact_1681,FALSE
http://dbpedia.org/resource/Fortinet,fullcontact_535,FALSE
"http://dbpedia.org/resource/3PD,_Inc.",fullcontact_1030,FALSE
http://dbpedia.org/resource/Vidant_Health,fullcontact_1776,FALSE
http://dbpedia.org/resource/Bankmecu,fullcontact_162,FALSE
http://dbpedia.org/resource/Bank_of_Jordan,fullcontact_920,FALSE
http://dbpedia.org/resource/Marine_Services_Company_Limited,fullcontact_1749,FALSE
http://dbpedia.org/resource/Psychiatric_Solutions,fullcontact_1818,FALSE
http://dbpedia.org/resource/DataCore_Software,fullcontact_1875,FALSE
http://dbpedia.org/resource/BGW_Systems,fullcontact_127,FALSE
http://dbpedia.org/resource/EverBank,fullcontact_415,FALSE
http://dbpedia.org/resource/Printed_Circuit_Corporation,fullcontact_1415,FALSE
http://dbpedia.org/resource/KWorld,fullcontact_1861,FALSE
http://dbpedia.org/resource/British_American_Railway_Services,fullcontact_1848,FALSE
http://dbpedia.org/resource/Takken's_Shoes,fullcontact_1446,FALSE
http://dbpedia.org/resource/Polare,fullcontact_605,FALSE
http://dbpedia.org/resource/Double_Cola,fullcontact_1349,FALSE
http://dbpedia.org/resource/NCG_Banco,fullcontact_1448,FALSE
http://dbpedia.org/resource/Mutual_of_Omaha,fullcontact_777,FALSE
http://dbpedia.org/resource/HighCom_Security,fullcontact_1232,FALSE
http://dbpedia.org/resource/Izuky%C5%AB_Corporation,fullcontact_690,FALSE
http://dbpedia.org/resource/Target_Corporation,fullcontact_1415,FALSE
http://dbpedia.org/resource/Coca-Cola_Bottling_Company_of_Cape_Cod,fullcontact_222,FALSE
http://dbpedia.org/resource/Currensee,fullcontact_1067,FALSE
http://dbpedia.org/resource/Virgin_Holidays_Cruises,fullcontact_870,FALSE
http://dbpedia.org/resource/Western_National_Bank,fullcontact_1324,FALSE
http://dbpedia.org/resource/Supercoop,fullcontact_1864,FALSE
http://dbpedia.org/resource/NicOx,fullcontact_528,FALSE
http://dbpedia.org/resource/Pacific_Sales,fullcontact_639,FALSE
"http://dbpedia.org/resource/Velocity,_Inc.",fullcontact_1897,FALSE
http://dbpedia.org/resource/Eraring_Energy,fullcontact_1007,FALSE
http://dbpedia.org/resource/SCE_Studio_Liverpool,fullcontact_1181,FALSE
http://dbpedia.org/resource/Disney%E2%80%93ABC_Domestic_Television,fullcontact_1256,FALSE
http://dbpedia.org/resource/Aircell,fullcontact_922,FALSE
http://dbpedia.org/resource/Nimble_Storage,fullcontact_642,FALSE
http://dbpedia.org/resource/Solvay_Indupa,fullcontact_691,FALSE
http://dbpedia.org/resource/Cosmo_(restaurant),fullcontact_234,FALSE
http://dbpedia.org/resource/PG_Marine_Group,fullcontact_1528,FALSE
http://dbpedia.org/resource/Citizen_Holdings,fullcontact_334,FALSE
http://dbpedia.org/resource/NEC_Corporation_of_America,fullcontact_531,FALSE
http://dbpedia.org/resource/SMC_Networks,fullcontact_1259,FALSE
http://dbpedia.org/resource/Noble_Energy,fullcontact_1318,FALSE
http://dbpedia.org/resource/Accuro_Healthcare_Solutions,fullcontact_1374,FALSE
http://dbpedia.org/resource/GSS_Infotech,fullcontact_1005,FALSE
http://dbpedia.org/resource/Boost_Mobile,fullcontact_1234,FALSE
http://dbpedia.org/resource/Umbro,fullcontact_1427,FALSE
http://dbpedia.org/resource/BrewDog,fullcontact_915,FALSE
http://dbpedia.org/resource/Divitas_Networks,fullcontact_1897,FALSE
http://dbpedia.org/resource/Trondos,fullcontact_1510,FALSE
http://dbpedia.org/resource/EPLDT_Ventus,fullcontact_591,FALSE
"http://dbpedia.org/resource/SilkRoad,_Inc.",fullcontact_1947,FALSE
http://dbpedia.org/resource/RM_Education,fullcontact_1596,FALSE
http://dbpedia.org/resource/Tidningarnas_Telegrambyr%C3%A5,fullcontact_710,FALSE
http://dbpedia.org/resource/Texas_Health_Presbyterian_Hospital_Denton,fullcontact_775,FALSE
http://dbpedia.org/resource/Corneliani,fullcontact_1012,TRUE
http://dbpedia.org/resource/PreEmptive_Solutions,fullcontact_1818,TRUE
http://dbpedia.org/resource/NewDealDesign,fullcontact_1939,TRUE
http://dbpedia.org/resource/Vitrox_Technologies,fullcontact_1095,TRUE
http://dbpedia.org/resource/Bank_of_Bahrain_and_Kuwait,fullcontact_920,TRUE
http://dbpedia.org/resource/Mercialys,fullcontact_1824,TRUE
http://dbpedia.org/resource/Westinghouse_Digital,fullcontact_910,TRUE
http://dbpedia.org/resource/Wridgways,fullcontact_1546,TRUE
http://dbpedia.org/resource/List_of_Paramount_Pictures_films,fullcontact_1177,FALSE
http://dbpedia.org/resource/Amstel_Brewery,fullcontact_741,FALSE
"http://dbpedia.org/resource/Viamedia,_Inc.",fullcontact_1295,FALSE
http://dbpedia.org/resource/Iran_Electronics_Industries,fullcontact_1572,FALSE
http://dbpedia.org/resource/LOUD_Technologies,fullcontact_929,FALSE
http://dbpedia.org/resource/Blumberg_Capital,fullcontact_344,FALSE
http://dbpedia.org/resource/Axis_Communications,fullcontact_116,FALSE
http://dbpedia.org/resource/Basilea_Pharmaceutica,fullcontact_766,FALSE
http://dbpedia.org/resource/Hyundai_Steel,fullcontact_1527,FALSE
http://dbpedia.org/resource/Goldens'_Foundry,fullcontact_1799,FALSE
http://dbpedia.org/resource/Carmike_Cinemas,fullcontact_1206,FALSE
http://dbpedia.org/resource/Moody's_Investors_Service,fullcontact_519,FALSE
http://dbpedia.org/resource/Meridian_Bioscience,fullcontact_412,FALSE
http://dbpedia.org/resource/Swiss_Life,fullcontact_714,FALSE
http://dbpedia.org/resource/DataCore_Software,fullcontact_1171,FALSE
http://dbpedia.org/resource/Centel,fullcontact_1236,FALSE
http://dbpedia.org/resource/Vergo_Retail,fullcontact_445,FALSE
http://dbpedia.org/resource/JenniferSoft,fullcontact_1570,FALSE
http://dbpedia.org/resource/HiFX,fullcontact_390,FALSE
http://dbpedia.org/resource/Anvil_Mining,fullcontact_357,FALSE
http://dbpedia.org/resource/Israel_Discount_Bank,fullcontact_1537,FALSE
http://dbpedia.org/resource/Crelan,fullcontact_691,FALSE
http://dbpedia.org/resource/Toyota_Motor_Manufacturing_Texas,fullcontact_1793,FALSE
http://dbpedia.org/resource/ATP_Oil_and_Gas,fullcontact_1215,FALSE
http://dbpedia.org/resource/Nadec,fullcontact_583,FALSE
http://dbpedia.org/resource/Agile_Software_Corporation,fullcontact_48,FALSE
http://dbpedia.org/resource/Ford_Germany,fullcontact_884,FALSE
http://dbpedia.org/resource/TDC_A/S,fullcontact_719,FALSE
http://dbpedia.org/resource/Fox_Mobile_Entertainment,fullcontact_28,FALSE
http://dbpedia.org/resource/Alfa_Group,fullcontact_857,FALSE
http://dbpedia.org/resource/Elite_Systems,fullcontact_1596,FALSE
http://dbpedia.org/resource/Convera_Corporation,fullcontact_984,FALSE
http://dbpedia.org/resource/Prudential_plc,fullcontact_654,FALSE
http://dbpedia.org/resource/Eaga,fullcontact_1367,FALSE
http://dbpedia.org/resource/Prudential_plc,fullcontact_34,FALSE
http://dbpedia.org/resource/ClickSoftware_Technologies,fullcontact_892,FALSE
http://dbpedia.org/resource/Fullers_Bay_of_Islands,fullcontact_1798,FALSE
http://dbpedia.org/resource/TransCanada_Corporation,fullcontact_142,FALSE
http://dbpedia.org/resource/Nutanix,fullcontact_407,FALSE
http://dbpedia.org/resource/Lili_Diamonds,fullcontact_1935,FALSE
http://dbpedia.org/resource/Curacao_Department_Stores,fullcontact_1016,FALSE
http://dbpedia.org/resource/TriWest_Healthcare_Alliance,fullcontact_733,FALSE
http://dbpedia.org/resource/EQAL,fullcontact_1117,FALSE
http://dbpedia.org/resource/Matsui_Securities,fullcontact_666,FALSE
http://dbpedia.org/resource/Vectone_Mobile,fullcontact_800,FALSE
http://dbpedia.org/resource/Champion_Energy,fullcontact_1318,FALSE
http://dbpedia.org/resource/Animation_studios_owned_by_The_Walt_Disney_Company,fullcontact_1256,FALSE
http://dbpedia.org/resource/DaimlerChrysler_Aerospace,fullcontact_158,FALSE
http://dbpedia.org/resource/Visa_Europe,fullcontact_800,FALSE
http://dbpedia.org/resource/Mitsubishi_UFJ_NICOS,fullcontact_1589,FALSE
http://dbpedia.org/resource/Cougar_Energy,fullcontact_1007,FALSE
http://dbpedia.org/resource/EPAM_Systems,fullcontact_1596,FALSE
http://dbpedia.org/resource/Aero_Designs,fullcontact_1631,FALSE
http://dbpedia.org/resource/Hyundai_Development_Company,fullcontact_405,FALSE
http://dbpedia.org/resource/Western_National_Bank,fullcontact_1447,FALSE
http://dbpedia.org/resource/Chance_UK,fullcontact_792,FALSE
http://dbpedia.org/resource/Crest_Capital,fullcontact_344,FALSE
http://dbpedia.org/resource/CHS_Inc.,fullcontact_715,FALSE
http://dbpedia.org/resource/Energiekontor,fullcontact_634,FALSE
http://dbpedia.org/resource/BYD_Electronic,fullcontact_180,FALSE
http://dbpedia.org/resource/Orange_Austria,fullcontact_1381,FALSE
http://dbpedia.org/resource/Edison_International,fullcontact_910,FALSE
http://dbpedia.org/resource/Integrated_Computer_Solutions,fullcontact_1415,FALSE
http://dbpedia.org/resource/FareCompare,fullcontact_1001,FALSE
http://dbpedia.org/resource/Accessible_Home_Health_Care,fullcontact_775,FALSE
http://dbpedia.org/resource/Monsoon_Accessorize,fullcontact_598,FALSE
http://dbpedia.org/resource/GE_Energy,fullcontact_1881,FALSE
http://dbpedia.org/resource/SoloPower,fullcontact_597,FALSE
http://dbpedia.org/resource/OnStar,fullcontact_1847,FALSE
http://dbpedia.org/resource/Hyundai_IHL,fullcontact_1527,FALSE
http://dbpedia.org/resource/Orbotech,fullcontact_892,FALSE
http://dbpedia.org/resource/Daewoo_Motors,fullcontact_1527,FALSE
http://dbpedia.org/resource/CITS_Group_Corporation,fullcontact_2,FALSE
http://dbpedia.org/resource/Sino_Land,fullcontact_214,FALSE
http://dbpedia.org/resource/Pointer_Telocation,fullcontact_892,FALSE
http://dbpedia.org/resource/Westinghouse_Electric_Company,fullcontact_910,FALSE
http://dbpedia.org/resource/Brightpearl,fullcontact_1636,FALSE
http://dbpedia.org/resource/Canadian_General_Electric,fullcontact_343,FALSE
http://dbpedia.org/resource/%C4%8Ca%C4%8Danska_banka,fullcontact_1384,FALSE
http://dbpedia.org/resource/Maped,fullcontact_562,FALSE
http://dbpedia.org/resource/Atresmedia,fullcontact_1764,FALSE
http://dbpedia.org/resource/Intelenet_Global_Services,fullcontact_1777,FALSE
http://dbpedia.org/resource/Beulah_London,fullcontact_390,FALSE
http://dbpedia.org/resource/Oasis_Investment_Company,fullcontact_303,FALSE
http://dbpedia.org/resource/TalkTalk_Business,fullcontact_1237,FALSE
http://dbpedia.org/resource/Palace_Fighting_Championship,fullcontact_1413,FALSE
http://dbpedia.org/resource/UFIP,fullcontact_293,FALSE
http://dbpedia.org/resource/Philadelphia_Media_Holdings,fullcontact_1642,FALSE
http://dbpedia.org/resource/MediaSentry,fullcontact_1966,FALSE
http://dbpedia.org/resource/Hello_Health,fullcontact_662,FALSE
http://dbpedia.org/resource/DataCore_Software,fullcontact_998,FALSE
http://dbpedia.org/resource/BioPharm_(US_company),fullcontact_805,FALSE
http://dbpedia.org/resource/Nextel_Communications,fullcontact_1568,TRUE
http://dbpedia.org/resource/Jeni's_Splendid_Ice_Creams,fullcontact_1439,TRUE
http://dbpedia.org/resource/CentraCare_Health_System,fullcontact_987,TRUE
http://dbpedia.org/resource/The_Swatch_Group,fullcontact_709,TRUE
http://dbpedia.org/resource/Opel,fullcontact_1182,TRUE
http://dbpedia.org/resource/SteelSeries,fullcontact_1068,TRUE
http://dbpedia.org/resource/Alcatel-Lucent,fullcontact_68,TRUE
http://dbpedia.org/resource/AdvoCare,fullcontact_1115,TRUE
http://dbpedia.org/resource/Hisense,fullcontact_1118,TRUE
http://dbpedia.org/resource/Banpresto,fullcontact_1719,TRUE
http://dbpedia.org/resource/Jimmy_Choo_Ltd,fullcontact_1950,TRUE
http://dbpedia.org/resource/Interserve,fullcontact_1110,TRUE
http://dbpedia.org/resource/Henny_Penny_(manufacturer),fullcontact_1874,TRUE
http://dbpedia.org/resource/Israel_Aerospace_Industries,fullcontact_1218,TRUE
http://dbpedia.org/resource/Wix.com,fullcontact_985,TRUE
http://dbpedia.org/resource/Papa_Cristo's,fullcontact_1076,TRUE
http://dbpedia.org/resource/Rivermine,fullcontact_1760,TRUE
http://dbpedia.org/resource/Nidec-Shimpo_America_Corporation,fullcontact_538,FALSE
http://dbpedia.org/resource/Texas_Health_Presbyterian_Hospital_Denton,fullcontact_1354,FALSE
http://dbpedia.org/resource/Riverbed_Technology,fullcontact_1022,FALSE
http://dbpedia.org/resource/Boardwalk_Real_Estate_Investment_Trust,fullcontact_172,FALSE
http://dbpedia.org/resource/Xinet,fullcontact_1124,FALSE
http://dbpedia.org/resource/Disney_Interactive,fullcontact_846,FALSE
http://dbpedia.org/resource/SAP_AG,fullcontact_245,FALSE
http://dbpedia.org/resource/Working_Title_Films,fullcontact_1431,FALSE
http://dbpedia.org/resource/LOUD_Technologies,fullcontact_1055,FALSE
http://dbpedia.org/resource/Genesis_Energy_Limited,fullcontact_1007,FALSE
http://dbpedia.org/resource/Zenith_Bank,fullcontact_1364,FALSE
http://dbpedia.org/resource/ABM_United_Kingdom_Limited,fullcontact_97,FALSE
http://dbpedia.org/resource/IBM_Internet_Security_Systems,fullcontact_1875,FALSE
http://dbpedia.org/resource/Dex_Media,fullcontact_1966,FALSE
http://dbpedia.org/resource/DDR_Corp.,fullcontact_1209,FALSE
"http://dbpedia.org/resource/EMG,_Inc.",fullcontact_502,FALSE
http://dbpedia.org/resource/United_Continental_Holdings,fullcontact_772,FALSE
http://dbpedia.org/resource/NBNK,fullcontact_390,FALSE
http://dbpedia.org/resource/Atlantic_Marine,fullcontact_1749,FALSE
http://dbpedia.org/resource/Suez_Environnement,fullcontact_292,FALSE
http://dbpedia.org/resource/Ford_Germany,fullcontact_158,FALSE
http://dbpedia.org/resource/Provident_Bank_of_New_Jersey,fullcontact_1322,FALSE
http://dbpedia.org/resource/Trans_States_Holdings,fullcontact_1847,FALSE
http://dbpedia.org/resource/TransGrid,fullcontact_527,FALSE
http://dbpedia.org/resource/Textron_Marine_&_Land_Systems,fullcontact_739,FALSE
http://dbpedia.org/resource/%C4%B0stanbul_Plak,fullcontact_1011,FALSE
http://dbpedia.org/resource/Rigby_Group_PLC,fullcontact_166,FALSE
http://dbpedia.org/resource/CoActiv_Capital_Partners,fullcontact_1029,FALSE
http://dbpedia.org/resource/BBMG,fullcontact_1,FALSE
http://dbpedia.org/resource/TV4_Group,fullcontact_725,FALSE
http://dbpedia.org/resource/TeleTech,fullcontact_1326,FALSE
http://dbpedia.org/resource/Walker_Digital,fullcontact_910,FALSE
http://dbpedia.org/resource/Geniki_Bank,fullcontact_80,FALSE
http://dbpedia.org/resource/Volkswagen_do_Brasil,fullcontact_802,FALSE
http://dbpedia.org/resource/Piraeus_Bank,fullcontact_80,FALSE
http://dbpedia.org/resource/Qualitynet,fullcontact_839,FALSE
http://dbpedia.org/resource/Houston's_Restaurant,fullcontact_1318,FALSE
http://dbpedia.org/resource/Catawissa_Bottling_Company,fullcontact_1663,FALSE
http://dbpedia.org/resource/Access_Commerce,fullcontact_491,FALSE
http://dbpedia.org/resource/Galson_Laboratories,fullcontact_671,FALSE
"http://dbpedia.org/resource/City_Water,_Light_&_Power",fullcontact_908,FALSE
http://dbpedia.org/resource/Suntory,fullcontact_1700,FALSE
http://dbpedia.org/resource/Bankrate,fullcontact_134,FALSE
http://dbpedia.org/resource/Sescoi,fullcontact_1360,FALSE
http://dbpedia.org/resource/HTC,fullcontact_716,FALSE
http://dbpedia.org/resource/Taco_del_Mar,fullcontact_946,FALSE
http://dbpedia.org/resource/Houston's_Restaurant,fullcontact_1333,FALSE
http://dbpedia.org/resource/Bestinvest,fullcontact_46,FALSE
http://dbpedia.org/resource/Caesars_Entertainment_Inc.,fullcontact_643,FALSE
http://dbpedia.org/resource/Vojvo%C4%91anska_banka,fullcontact_1880,FALSE
http://dbpedia.org/resource/Bridgestone_Golf,fullcontact_170,FALSE
http://dbpedia.org/resource/Toyota_Motor_Engineering_&_Manufacturing_North_America,fullcontact_751,FALSE
http://dbpedia.org/resource/Wooldale_Co-operative_Society,fullcontact_1917,FALSE
http://dbpedia.org/resource/Intermountain_Healthcare,fullcontact_1638,FALSE
http://dbpedia.org/resource/Biostar,fullcontact_823,FALSE
http://dbpedia.org/resource/Research_Edge,fullcontact_1272,FALSE
http://dbpedia.org/resource/TalkTalk_Business,fullcontact_97,FALSE
http://dbpedia.org/resource/EverBank,fullcontact_1574,FALSE
http://dbpedia.org/resource/Ecover,fullcontact_766,FALSE
http://dbpedia.org/resource/ST-Ericsson,fullcontact_695,FALSE
http://dbpedia.org/resource/Samsung_Commercial_Vehicles,fullcontact_455,FALSE
http://dbpedia.org/resource/Pininfarina,fullcontact_1515,FALSE
http://dbpedia.org/resource/Monte_Carlo_Automobile,fullcontact_1787,FALSE
http://dbpedia.org/resource/Redline_Networks,fullcontact_956,FALSE
http://dbpedia.org/resource/Liberty_Mutual,fullcontact_696,FALSE
http://dbpedia.org/resource/Bic_Camera,fullcontact_540,FALSE
http://dbpedia.org/resource/UniCredit_banka,fullcontact_1384,FALSE
http://dbpedia.org/resource/Amkor_Technology,fullcontact_122,FALSE
http://dbpedia.org/resource/IBA-Moscow,fullcontact_424,FALSE
http://dbpedia.org/resource/ERM_Telematics,fullcontact_892,FALSE
http://dbpedia.org/resource/Prime_Restaurants,fullcontact_1549,FALSE
http://dbpedia.org/resource/Swiss_Military_Watch,fullcontact_1304,FALSE
http://dbpedia.org/resource/GreenButton,fullcontact_1299,FALSE
http://dbpedia.org/resource/DaimlerChrysler_Aerospace,fullcontact_245,FALSE
http://dbpedia.org/resource/C.I.Agent_Solutions,fullcontact_1033,FALSE
http://dbpedia.org/resource/HMS_Holdings,fullcontact_1249,FALSE
http://dbpedia.org/resource/Shell_Canada,fullcontact_142,FALSE
http://dbpedia.org/resource/T-Mobile_(Poland),fullcontact_1234,FALSE
http://dbpedia.org/resource/Israel_Chemicals,fullcontact_1218,FALSE
http://dbpedia.org/resource/Banco_Gallego,fullcontact_131,FALSE
http://dbpedia.org/resource/Pembina_Pipeline,fullcontact_289,FALSE
http://dbpedia.org/resource/Avere_Systems,fullcontact_1376,FALSE
http://dbpedia.org/resource/Vipnet,fullcontact_1886,FALSE
http://dbpedia.org/resource/People's_United_Bank,fullcontact_1574,TRUE
http://dbpedia.org/resource/Cone_Health,fullcontact_1776,TRUE
http://dbpedia.org/resource/Envision_Financial,fullcontact_962,TRUE
http://dbpedia.org/resource/Reminderband,fullcontact_1957,TRUE
http://dbpedia.org/resource/Xcel_Energy,fullcontact_832,TRUE
http://dbpedia.org/resource/Traction_(agency),fullcontact_944,TRUE
http://dbpedia.org/resource/SENSIO_Technologies,fullcontact_1399,TRUE
http://dbpedia.org/resource/Joma,fullcontact_1853,TRUE
http://dbpedia.org/resource/Chemische_Fabrik_Kalk,fullcontact_373,FALSE
http://dbpedia.org/resource/HB_Studios,fullcontact_1622,FALSE
http://dbpedia.org/resource/Burl's_Aircraft,fullcontact_1264,FALSE
http://dbpedia.org/resource/Toyota_Motor_Engineering_&_Manufacturing_North_America,fullcontact_1793,FALSE
http://dbpedia.org/resource/The_Emirates_Group,fullcontact_1729,FALSE
http://dbpedia.org/resource/Fidelity_&_Guaranty_Life,fullcontact_113,FALSE
http://dbpedia.org/resource/Santander_Group,fullcontact_646,FALSE
http://dbpedia.org/resource/SCE_Foster_City_Studio,fullcontact_1302,FALSE
http://dbpedia.org/resource/Russian_Post,fullcontact_678,FALSE
http://dbpedia.org/resource/LEVEL_Studios,fullcontact_1398,FALSE
http://dbpedia.org/resource/New_England_Coffee,fullcontact_1593,FALSE
http://dbpedia.org/resource/Valtion_lentokonetehdas,fullcontact_545,FALSE
http://dbpedia.org/resource/Apple_Inc.,fullcontact_359,FALSE
http://dbpedia.org/resource/White_Motor_Company,fullcontact_370,FALSE
http://dbpedia.org/resource/Cr%C3%A9dit_Agricole_Srbija,fullcontact_1762,FALSE
http://dbpedia.org/resource/Nykredit,fullcontact_22,FALSE
http://dbpedia.org/resource/Shenzhen_Energy,fullcontact_208,FALSE
http://dbpedia.org/resource/G&K_Services,fullcontact_336,FALSE
http://dbpedia.org/resource/Yodobashi_Camera,fullcontact_540,FALSE
http://dbpedia.org/resource/Canadian_General_Electric,fullcontact_595,FALSE
http://dbpedia.org/resource/Behr_(paint),fullcontact_663,FALSE
http://dbpedia.org/resource/Ascent_Solar,fullcontact_1743,FALSE
http://dbpedia.org/resource/Sekunjalo_Investments,fullcontact_430,FALSE
http://dbpedia.org/resource/Regionstog,fullcontact_249,FALSE
http://dbpedia.org/resource/Sears_Israel,fullcontact_905,FALSE
http://dbpedia.org/resource/Ready_Financial,fullcontact_601,FALSE
http://dbpedia.org/resource/LRAD_Corporation,fullcontact_63,FALSE
http://dbpedia.org/resource/Orex_Exploration,fullcontact_565,FALSE
http://dbpedia.org/resource/Mishimoto,fullcontact_515,FALSE
http://dbpedia.org/resource/Smashburger,fullcontact_1099,FALSE
http://dbpedia.org/resource/Maersk_Drilling,fullcontact_657,FALSE
http://dbpedia.org/resource/Toonlet,fullcontact_1952,FALSE
http://dbpedia.org/resource/Globus_(hypermarket),fullcontact_966,FALSE
http://dbpedia.org/resource/Areva,fullcontact_281,FALSE
http://dbpedia.org/resource/NewBridge_Bank,fullcontact_134,FALSE
http://dbpedia.org/resource/Trenkwalder,fullcontact_1315,FALSE
http://dbpedia.org/resource/Petromin_Corporation,fullcontact_1819,FALSE
http://dbpedia.org/resource/REA_Group,fullcontact_149,FALSE
http://dbpedia.org/resource/SunPower,fullcontact_1743,FALSE
http://dbpedia.org/resource/Mitsubishi_Electric_United_States,fullcontact_908,FALSE
http://dbpedia.org/resource/Daniel_(department_store),fullcontact_445,FALSE
http://dbpedia.org/resource/Glentel,fullcontact_1180,FALSE
http://dbpedia.org/resource/Direct_Line,fullcontact_124,FALSE
http://dbpedia.org/resource/UNIFI_Companies,fullcontact_407,FALSE
http://dbpedia.org/resource/Silvercorp_Metals,fullcontact_1724,FALSE
http://dbpedia.org/resource/Cone_Health,fullcontact_662,FALSE
http://dbpedia.org/resource/Meridian_Bioscience,fullcontact_164,FALSE
http://dbpedia.org/resource/CVR_Partners,fullcontact_1913,FALSE
http://dbpedia.org/resource/Karnataka_State_Road_Transport_Corporation,fullcontact_1633,FALSE
http://dbpedia.org/resource/Anglia_Components,fullcontact_97,FALSE
http://dbpedia.org/resource/Audi_Motor_Assembly,fullcontact_1170,FALSE
http://dbpedia.org/resource/Superior_Software,fullcontact_1228,FALSE
http://dbpedia.org/resource/WellCare,fullcontact_773,FALSE
http://dbpedia.org/resource/Airness,fullcontact_562,FALSE
http://dbpedia.org/resource/Titan_Tire_Corporation,fullcontact_1059,FALSE
"http://dbpedia.org/resource/Macy's,_Inc.",fullcontact_1275,FALSE
http://dbpedia.org/resource/Brandwatch,fullcontact_1393,FALSE
http://dbpedia.org/resource/Pointer_Telocation,fullcontact_1893,FALSE
http://dbpedia.org/resource/CR_Brands,fullcontact_243,FALSE
http://dbpedia.org/resource/Nordstrom,fullcontact_1213,FALSE
http://dbpedia.org/resource/Millipore_Corporation,fullcontact_671,FALSE
http://dbpedia.org/resource/Pacific_Telecom,fullcontact_1234,FALSE
http://dbpedia.org/resource/Telehouse_Europe,fullcontact_1224,FALSE
http://dbpedia.org/resource/Tazo,fullcontact_1952,FALSE
http://dbpedia.org/resource/Moneycorp,fullcontact_1679,FALSE
http://dbpedia.org/resource/Zandu_Realty,fullcontact_1586,FALSE
http://dbpedia.org/resource/Qulliq_Energy,fullcontact_717,FALSE
http://dbpedia.org/resource/Golden_State_Mutual_Life_Insurance_Company,fullcontact_1284,FALSE
http://dbpedia.org/resource/Acromas_Holdings,fullcontact_1374,FALSE
http://dbpedia.org/resource/Copenhagen_Bombay,fullcontact_719,FALSE
http://dbpedia.org/resource/SCS_Films,fullcontact_1034,FALSE
http://dbpedia.org/resource/Cadwalader's_Ice_Cream,fullcontact_1070,FALSE
http://dbpedia.org/resource/Univision_Communications,fullcontact_263,FALSE
http://dbpedia.org/resource/Royal_Motor_Company,fullcontact_370,FALSE
http://dbpedia.org/resource/Perrin_Paris,fullcontact_452,FALSE
http://dbpedia.org/resource/Mitsubishi_Electric_United_States,fullcontact_707,FALSE
http://dbpedia.org/resource/Maryland_Drydock_Company,fullcontact_1573,FALSE
http://dbpedia.org/resource/Marathon_Technologies,fullcontact_1215,FALSE
http://dbpedia.org/resource/Nortel,fullcontact_1632,FALSE
http://dbpedia.org/resource/Hyundai_Motor_America,fullcontact_39,FALSE
http://dbpedia.org/resource/Tri-State_Transportation_Campaign,fullcontact_1467,FALSE
http://dbpedia.org/resource/East_West_Bank,fullcontact_1447,FALSE
http://dbpedia.org/resource/Texas_Power,fullcontact_597,FALSE
http://dbpedia.org/resource/Hookflash,fullcontact_1156,FALSE
http://dbpedia.org/resource/Macy's,fullcontact_1446,FALSE
http://dbpedia.org/resource/Steiner_Studios,fullcontact_1398,FALSE
http://dbpedia.org/resource/Kone,fullcontact_508,FALSE
http://dbpedia.org/resource/Crosslink_Capital,fullcontact_1458,FALSE
http://dbpedia.org/resource/Eletrosul,fullcontact_285,FALSE
http://dbpedia.org/resource/Geek_Squad,fullcontact_337,FALSE
http://dbpedia.org/resource/TIM_Brasil,fullcontact_1620,FALSE
http://dbpedia.org/resource/Nexenta_Systems,fullcontact_535,FALSE
http://dbpedia.org/resource/Huntsman_Corporation,fullcontact_866,TRUE
http://dbpedia.org/resource/MFA_Oil,fullcontact_1334,TRUE
http://dbpedia.org/resource/Interactive_Brokers,fullcontact_992,TRUE
http://dbpedia.org/resource/Crystal_Dynamics,fullcontact_1214,TRUE
http://dbpedia.org/resource/Siskel/Jacobs_Productions,fullcontact_1564,TRUE
http://dbpedia.org/resource/Framepool,fullcontact_1958,TRUE
http://dbpedia.org/resource/Reliance_MediaWorks,fullcontact_1396,TRUE
http://dbpedia.org/resource/Audiokinetic,fullcontact_1606,TRUE
http://dbpedia.org/resource/LizardTech,fullcontact_1018,TRUE
http://dbpedia.org/resource/Verisign,fullcontact_790,TRUE
http://dbpedia.org/resource/Clorox,fullcontact_220,TRUE
http://dbpedia.org/resource/Metro_AG,fullcontact_507,TRUE
http://dbpedia.org/resource/MediaOne,fullcontact_1966,FALSE
http://dbpedia.org/resource/Micron_Technology,fullcontact_511,FALSE
http://dbpedia.org/resource/NewBridge_Bank,fullcontact_1574,FALSE
http://dbpedia.org/resource/Banco_Pastor,fullcontact_24,FALSE
http://dbpedia.org/resource/ECI_Telecom,fullcontact_1751,FALSE
http://dbpedia.org/resource/Al_Tayer_Group,fullcontact_303,FALSE
http://dbpedia.org/resource/Three_Rivers_Computer_Corporation,fullcontact_1760,FALSE
http://dbpedia.org/resource/Oman_Oil_Company,fullcontact_133,FALSE
http://dbpedia.org/resource/D/S_Norden,fullcontact_272,FALSE
http://dbpedia.org/resource/Banco_Etcheverr%C3%ADa,fullcontact_24,FALSE
http://dbpedia.org/resource/Dragon_Automobile_Company,fullcontact_738,FALSE
http://dbpedia.org/resource/Howmet_Castings,fullcontact_490,FALSE
http://dbpedia.org/resource/Standard_&_Poor's,fullcontact_926,FALSE
http://dbpedia.org/resource/Chicago_Options_Associates,fullcontact_1142,FALSE
http://dbpedia.org/resource/Navini_Networks,fullcontact_912,FALSE
http://dbpedia.org/resource/Advent_Software,fullcontact_1376,FALSE
http://dbpedia.org/resource/Intelitek,fullcontact_1278,FALSE
http://dbpedia.org/resource/ETA_SA,fullcontact_712,FALSE
http://dbpedia.org/resource/Mainstream_Energy_Corporation,fullcontact_76,FALSE
http://dbpedia.org/resource/International_Media_Distribution,fullcontact_1960,FALSE
http://dbpedia.org/resource/Kistler_Group,fullcontact_661,FALSE
http://dbpedia.org/resource/New_Media_Strategies,fullcontact_1966,FALSE
http://dbpedia.org/resource/Nextbio,fullcontact_157,FALSE
http://dbpedia.org/resource/LINE_Corporation,fullcontact_626,FALSE
http://dbpedia.org/resource/WorldPay,fullcontact_1903,FALSE
http://dbpedia.org/resource/AWAL,fullcontact_124,FALSE
http://dbpedia.org/resource/Huy_Fong_Foods,fullcontact_1521,FALSE
http://dbpedia.org/resource/StarWind_Software,fullcontact_535,FALSE
http://dbpedia.org/resource/Hyundai_Motor_Company,fullcontact_1527,FALSE
http://dbpedia.org/resource/Millipore_Corporation,fullcontact_164,FALSE
http://dbpedia.org/resource/Walt_Disney_Parks_and_Resorts,fullcontact_846,FALSE
http://dbpedia.org/resource/EUCOPE,fullcontact_766,FALSE
http://dbpedia.org/resource/G4S_Secure_Solutions_d.o.o.,fullcontact_1880,FALSE
http://dbpedia.org/resource/Eaga,fullcontact_124,FALSE
http://dbpedia.org/resource/Zepter_International,fullcontact_765,FALSE
http://dbpedia.org/resource/Borro,fullcontact_1623,FALSE
http://dbpedia.org/resource/Anboto_Group,fullcontact_49,FALSE
http://dbpedia.org/resource/Motoman,fullcontact_486,FALSE
http://dbpedia.org/resource/Standard_Chartered,fullcontact_253,FALSE
http://dbpedia.org/resource/Tecnatom,fullcontact_726,FALSE
"http://dbpedia.org/resource/Viamedia,_Inc.",fullcontact_794,FALSE
http://dbpedia.org/resource/Park_Electrochemical_Corp,fullcontact_277,FALSE
http://dbpedia.org/resource/Obsidian_Entertainment,fullcontact_1287,FALSE
http://dbpedia.org/resource/Universal_Cable_Productions,fullcontact_182,FALSE
http://dbpedia.org/resource/Swedish_State_Railways,fullcontact_679,FALSE
http://dbpedia.org/resource/CoActiv_Capital_Partners,fullcontact_1544,FALSE
http://dbpedia.org/resource/Tractebel,fullcontact_605,FALSE
http://dbpedia.org/resource/E3_Media,fullcontact_1801,FALSE
http://dbpedia.org/resource/Kotak_Securities,fullcontact_464,FALSE
http://dbpedia.org/resource/Dubai_Group,fullcontact_214,FALSE
http://dbpedia.org/resource/Acer_Inc.,fullcontact_531,FALSE
http://dbpedia.org/resource/Edison_International,fullcontact_1278,FALSE
http://dbpedia.org/resource/LRAD_Corporation,fullcontact_1209,FALSE
http://dbpedia.org/resource/Dish_Network,fullcontact_264,FALSE
http://dbpedia.org/resource/Orange_Austria,fullcontact_96,FALSE
http://dbpedia.org/resource/LINE_Corporation,fullcontact_538,FALSE
http://dbpedia.org/resource/Western_Digital,fullcontact_809,FALSE
http://dbpedia.org/resource/West_Coast_Bancorp,fullcontact_1043,FALSE
http://dbpedia.org/resource/MOESK,fullcontact_678,FALSE
http://dbpedia.org/resource/AVX_Corporation,fullcontact_122,FALSE
http://dbpedia.org/resource/Automotive_Components_Holdings,fullcontact_806,FALSE
http://dbpedia.org/resource/Fox_Television_Studios,fullcontact_729,FALSE
http://dbpedia.org/resource/Navini_Networks,fullcontact_535,FALSE
http://dbpedia.org/resource/Nyu_Media,fullcontact_1960,FALSE
http://dbpedia.org/resource/TDC_A/S,fullcontact_249,FALSE
http://dbpedia.org/resource/Bison_Transport,fullcontact_1941,FALSE
http://dbpedia.org/resource/China_Yangtze_Power,fullcontact_208,FALSE
http://dbpedia.org/resource/Prudential_Financial,fullcontact_601,FALSE
http://dbpedia.org/resource/Disney%E2%80%93ABC_Domestic_Television,fullcontact_1643,FALSE
http://dbpedia.org/resource/Imagine_Entertainment,fullcontact_1229,FALSE
http://dbpedia.org/resource/Volvo_Aero,fullcontact_120,FALSE
http://dbpedia.org/resource/Kessel_Food_Markets,fullcontact_1219,FALSE
http://dbpedia.org/resource/Avere_Systems,fullcontact_1533,FALSE
http://dbpedia.org/resource/CNet_Technology,fullcontact_1352,FALSE
http://dbpedia.org/resource/PeaceHealth,fullcontact_597,FALSE
http://dbpedia.org/resource/Philadelphia_Media_Network,fullcontact_1966,FALSE
http://dbpedia.org/resource/TOA_Technologies,fullcontact_1055,FALSE
http://dbpedia.org/resource/Asus,fullcontact_1352,FALSE
http://dbpedia.org/resource/Tokyo_Star_Bank,fullcontact_1221,FALSE
http://dbpedia.org/resource/BankUnited,fullcontact_253,FALSE
http://dbpedia.org/resource/Centerra_Gold,fullcontact_717,FALSE
http://dbpedia.org/resource/Elering,fullcontact_1616,FALSE
http://dbpedia.org/resource/Bayliner,fullcontact_1435,FALSE
http://dbpedia.org/resource/Hyundai_Steel,fullcontact_405,FALSE
http://dbpedia.org/resource/Areva,fullcontact_292,FALSE
http://dbpedia.org/resource/Paul_Frank_Industries,fullcontact_328,FALSE
http://dbpedia.org/resource/Metalworks_Studios,fullcontact_1622,FALSE
http://dbpedia.org/resource/Qulliq_Energy,fullcontact_239,FALSE
http://dbpedia.org/resource/Celestial_Games,fullcontact_1189,TRUE
http://dbpedia.org/resource/Roots_Canada,fullcontact_1678,TRUE
http://dbpedia.org/resource/Cage_Fury_Fighting_Championships,fullcontact_1413,TRUE
http://dbpedia.org/resource/Pizza_Inn,fullcontact_1024,TRUE
http://dbpedia.org/resource/ACCO_Brands,fullcontact_1416,TRUE
http://dbpedia.org/resource/Capacitygrid,fullcontact_1105,TRUE
http://dbpedia.org/resource/Kelly_Services,fullcontact_1326,TRUE
http://dbpedia.org/resource/Aurubis,fullcontact_119,FALSE
http://dbpedia.org/resource/George_Street_Co-op,fullcontact_1098,FALSE
http://dbpedia.org/resource/Silvercorp_Metals,fullcontact_357,FALSE
http://dbpedia.org/resource/Molson_Bank,fullcontact_1765,FALSE
http://dbpedia.org/resource/News_Corp,fullcontact_1261,FALSE
http://dbpedia.org/resource/Matrox,fullcontact_1603,FALSE
http://dbpedia.org/resource/CR_Brands,fullcontact_1416,FALSE
http://dbpedia.org/resource/VocalTec,fullcontact_1495,FALSE
http://dbpedia.org/resource/Bradford_&_Bingley,fullcontact_1917,FALSE
http://dbpedia.org/resource/RT%C3%89_Television,fullcontact_1241,FALSE
http://dbpedia.org/resource/RAO_UES,fullcontact_678,FALSE
http://dbpedia.org/resource/Bloom_Cigar_Company,fullcontact_213,FALSE
http://dbpedia.org/resource/Plumgood_Food,fullcontact_1774,FALSE
http://dbpedia.org/resource/Xerox_DocuShare,fullcontact_833,FALSE
http://dbpedia.org/resource/AVG_Technologies,fullcontact_1805,FALSE
http://dbpedia.org/resource/Combined_Insurance,fullcontact_776,FALSE
http://dbpedia.org/resource/Lithuanian_Railways,fullcontact_1518,FALSE
http://dbpedia.org/resource/Moneycorp,fullcontact_909,FALSE
http://dbpedia.org/resource/Gujarat_State_Petroleum_Corporation,fullcontact_381,FALSE
http://dbpedia.org/resource/Elite_Systems,fullcontact_1750,FALSE
http://dbpedia.org/resource/CORE_Health_Care,fullcontact_1204,FALSE
http://dbpedia.org/resource/Harrods_Bank,fullcontact_390,FALSE
http://dbpedia.org/resource/Investors_Bank,fullcontact_415,FALSE
http://dbpedia.org/resource/Wagner_&_Co_Solar_Technology,fullcontact_1151,FALSE
http://dbpedia.org/resource/Anboto_Group,fullcontact_47,FALSE
http://dbpedia.org/resource/B%C3%B6ttcher_America,fullcontact_1895,FALSE
http://dbpedia.org/resource/Axis_Communications,fullcontact_679,FALSE
http://dbpedia.org/resource/The_Working_Parts,fullcontact_116,FALSE
http://dbpedia.org/resource/Selective_Insurance,fullcontact_1343,FALSE
http://dbpedia.org/resource/Grattan_plc,fullcontact_355,FALSE
http://dbpedia.org/resource/Hello_Health,fullcontact_1462,FALSE
http://dbpedia.org/resource/Dover_Corporation,fullcontact_808,FALSE
http://dbpedia.org/resource/Pacific_Advantage_Ltd,fullcontact_51,FALSE
http://dbpedia.org/resource/Revolution_Software,fullcontact_1312,FALSE
http://dbpedia.org/resource/Siliconware_Precision_Industries,fullcontact_1084,FALSE
http://dbpedia.org/resource/Walt_Disney_Animation_Studios,fullcontact_846,FALSE
http://dbpedia.org/resource/Fiera_Milano,fullcontact_590,FALSE
http://dbpedia.org/resource/Beam_Inc.,fullcontact_127,FALSE
http://dbpedia.org/resource/Cigital,fullcontact_215,FALSE
http://dbpedia.org/resource/Emirates_Telecommunications_Corporation,fullcontact_57,FALSE
http://dbpedia.org/resource/Inventel,fullcontact_428,FALSE
http://dbpedia.org/resource/Bedat_&_Co,fullcontact_709,FALSE
http://dbpedia.org/resource/Marin_French_Cheese_Company,fullcontact_1521,FALSE
http://dbpedia.org/resource/Virgin_Energy,fullcontact_1237,FALSE
http://dbpedia.org/resource/Toyota_Canada_Inc.,fullcontact_142,FALSE
http://dbpedia.org/resource/Think_Mutual_Bank,fullcontact_415,FALSE
http://dbpedia.org/resource/Regionstog,fullcontact_719,FALSE
http://dbpedia.org/resource/New_Albion_Brewing_Company,fullcontact_915,FALSE
http://dbpedia.org/resource/Walgreens,fullcontact_8,FALSE
http://dbpedia.org/resource/Ford_Germany,fullcontact_802,FALSE
http://dbpedia.org/resource/Teleste,fullcontact_508,FALSE
http://dbpedia.org/resource/Lleitmotif,fullcontact_677,FALSE
http://dbpedia.org/resource/T-Hrvatski_Telekom,fullcontact_1927,FALSE
http://dbpedia.org/resource/Nismo,fullcontact_541,FALSE
http://dbpedia.org/resource/Emulex,fullcontact_1052,FALSE
http://dbpedia.org/resource/Bloom_(company),fullcontact_1599,FALSE
http://dbpedia.org/resource/General_Motors_South_Africa,fullcontact_356,FALSE
http://dbpedia.org/resource/United_Bank_(Atlanta_metropolitan_area),fullcontact_60,FALSE
http://dbpedia.org/resource/Roland_Corporation,fullcontact_693,FALSE
http://dbpedia.org/resource/Ideeli,fullcontact_1618,FALSE
http://dbpedia.org/resource/Celesc,fullcontact_285,FALSE
http://dbpedia.org/resource/Wing_Lung_Bank,fullcontact_852,FALSE
http://dbpedia.org/resource/HighCom_Security,fullcontact_1875,FALSE
http://dbpedia.org/resource/HomeInsurance.com,fullcontact_113,FALSE
http://dbpedia.org/resource/HealthUnity,fullcontact_1783,FALSE
http://dbpedia.org/resource/Numerix,fullcontact_1124,FALSE
http://dbpedia.org/resource/XLCubed,fullcontact_1228,FALSE
http://dbpedia.org/resource/LOUD_Technologies,fullcontact_1875,FALSE
http://dbpedia.org/resource/Computacenter,fullcontact_148,FALSE
http://dbpedia.org/resource/Chance_UK,fullcontact_1680,FALSE
http://dbpedia.org/resource/Olin_Corporation,fullcontact_87,FALSE
http://dbpedia.org/resource/Wistron_Corporation,fullcontact_52,FALSE
http://dbpedia.org/resource/Hyundai_EP,fullcontact_405,FALSE
http://dbpedia.org/resource/Orex_Exploration,fullcontact_1681,FALSE
http://dbpedia.org/resource/Gelson's_Markets,fullcontact_1503,FALSE
"http://dbpedia.org/resource/Viamedia,_Inc.",fullcontact_1966,FALSE
http://dbpedia.org/resource/Mitsubishi_Corporation,fullcontact_334,FALSE
http://dbpedia.org/resource/Philadelphia_Media_Holdings,fullcontact_1176,FALSE
http://dbpedia.org/resource/Cellcom_(Israel),fullcontact_1893,FALSE
http://dbpedia.org/resource/Shihlin_Electric,fullcontact_1352,FALSE
http://dbpedia.org/resource/TransCanada_Corporation,fullcontact_21,FALSE
http://dbpedia.org/resource/Imagine_Entertainment,fullcontact_337,FALSE
http://dbpedia.org/resource/Combined_Insurance,fullcontact_1343,FALSE
http://dbpedia.org/resource/Cake_Entertainment,fullcontact_1801,FALSE
http://dbpedia.org/resource/COMSAT,fullcontact_263,FALSE
http://dbpedia.org/resource/Young_Broadcasting,fullcontact_28,FALSE
http://dbpedia.org/resource/Network_Solutions,fullcontact_912,FALSE
http://dbpedia.org/resource/Aecon,fullcontact_290,FALSE
http://dbpedia.org/resource/Axis_Communications,fullcontact_19,FALSE
http://dbpedia.org/resource/EDAG,fullcontact_1170,FALSE
http://dbpedia.org/resource/CFAO,fullcontact_562,FALSE
http://dbpedia.org/resource/Oncolytics_Biotech,fullcontact_1577,FALSE
http://dbpedia.org/resource/Trenton_Technology,fullcontact_544,FALSE
http://dbpedia.org/resource/Motech_Solar,fullcontact_1578,TRUE
http://dbpedia.org/resource/Gelson's_Markets,fullcontact_1174,TRUE
http://dbpedia.org/resource/Canada_Bread,fullcontact_1549,TRUE
http://dbpedia.org/resource/Visa_Inc.,fullcontact_1247,TRUE
http://dbpedia.org/resource/STI_International,fullcontact_1307,TRUE
http://dbpedia.org/resource/NewsBlur,fullcontact_1032,TRUE
http://dbpedia.org/resource/The_Mosaic_Company,fullcontact_1294,TRUE
http://dbpedia.org/resource/Betaworks,fullcontact_1369,TRUE
http://dbpedia.org/resource/Huntsman_Corporation,fullcontact_403,TRUE
http://dbpedia.org/resource/Disney_Interactive,fullcontact_1643,TRUE
http://dbpedia.org/resource/Paramount_Equity,fullcontact_1523,FALSE
http://dbpedia.org/resource/Renault_Pars,fullcontact_1785,FALSE
http://dbpedia.org/resource/Miroku_Corp.,fullcontact_450,FALSE
http://dbpedia.org/resource/Memorial_Health_Center_(Wisconsin),fullcontact_1648,FALSE
http://dbpedia.org/resource/Daimler_Trucks_North_America,fullcontact_245,FALSE
http://dbpedia.org/resource/Stor-Oslo_Lokaltrafikk,fullcontact_1864,FALSE
http://dbpedia.org/resource/Day_Software,fullcontact_1048,FALSE
http://dbpedia.org/resource/Gain_Capital,fullcontact_925,FALSE
http://dbpedia.org/resource/GSP_Belgrade,fullcontact_1041,FALSE
http://dbpedia.org/resource/Svensson_(company),fullcontact_710,FALSE
http://dbpedia.org/resource/Dentsply,fullcontact_1383,FALSE
http://dbpedia.org/resource/West_Coast_Bancorp,fullcontact_415,FALSE
http://dbpedia.org/resource/Meridian_Bioscience,fullcontact_143,FALSE
http://dbpedia.org/resource/China_National_Petroleum_Corporation,fullcontact_208,FALSE
http://dbpedia.org/resource/Avis_Southern_Africa,fullcontact_152,FALSE
http://dbpedia.org/resource/Fazer,fullcontact_533,FALSE
http://dbpedia.org/resource/TalkTalk_Business,fullcontact_20,FALSE
http://dbpedia.org/resource/Ready_Financial,fullcontact_1808,FALSE
http://dbpedia.org/resource/Flying_Fish_Brewing,fullcontact_915,FALSE
http://dbpedia.org/resource/Harris_Technology,fullcontact_18,FALSE
http://dbpedia.org/resource/Warner-Amex_Satellite_Entertainment,fullcontact_743,FALSE
"http://dbpedia.org/resource/CEVA,_Inc.",fullcontact_122,FALSE
http://dbpedia.org/resource/Austro_Engine,fullcontact_96,FALSE
http://dbpedia.org/resource/Yashi,fullcontact_448,FALSE
http://dbpedia.org/resource/Yanbu_National_Petrochemical_Company,fullcontact_583,FALSE
http://dbpedia.org/resource/Lux-Development,fullcontact_633,FALSE
http://dbpedia.org/resource/Smile_(bank),fullcontact_390,FALSE
http://dbpedia.org/resource/Ting_Hsin_International_Group,fullcontact_1084,FALSE
http://dbpedia.org/resource/Sunetric,fullcontact_1743,FALSE
"http://dbpedia.org/resource/Viamedia,_Inc.",fullcontact_927,FALSE
http://dbpedia.org/resource/Repsol_S.A.,fullcontact_622,FALSE
http://dbpedia.org/resource/StarWind_Software,fullcontact_1000,FALSE
http://dbpedia.org/resource/Wrangler_(jeans),fullcontact_1186,FALSE
http://dbpedia.org/resource/Dubai_Banking_Group,fullcontact_253,FALSE
http://dbpedia.org/resource/Avery_Brewing_Company,fullcontact_915,FALSE
http://dbpedia.org/resource/Com.x,fullcontact_1623,FALSE
http://dbpedia.org/resource/Takumi_Corporation,fullcontact_693,FALSE
"http://dbpedia.org/resource/City_Water,_Light_&_Power",fullcontact_597,FALSE
http://dbpedia.org/resource/Universal_Cable_Productions,fullcontact_337,FALSE
"http://dbpedia.org/resource/Lancaster_Newspapers,_Inc.",fullcontact_1341,FALSE
http://dbpedia.org/resource/HTC,fullcontact_1084,FALSE
http://dbpedia.org/resource/Trenton_Technology,fullcontact_864,FALSE
http://dbpedia.org/resource/Standard_&_Poor's,fullcontact_1944,FALSE
http://dbpedia.org/resource/Beijing_Hyundai,fullcontact_39,FALSE
http://dbpedia.org/resource/Music_Boulevard,fullcontact_1742,FALSE
http://dbpedia.org/resource/Bankmecu,fullcontact_100,FALSE
http://dbpedia.org/resource/Telehouse_Europe,fullcontact_1596,FALSE
http://dbpedia.org/resource/Z_Corporation,fullcontact_1417,FALSE
http://dbpedia.org/resource/ORCO,fullcontact_565,FALSE
http://dbpedia.org/resource/Prairie_Farms_Dairy,fullcontact_1904,FALSE
http://dbpedia.org/resource/Po%C5%A1tanska_%C5%A1tedionica,fullcontact_1384,FALSE
http://dbpedia.org/resource/Shell_Canada,fullcontact_754,FALSE
http://dbpedia.org/resource/In_Win_Development,fullcontact_1084,FALSE
http://dbpedia.org/resource/Entel_PCS,fullcontact_1500,FALSE
http://dbpedia.org/resource/Buhler_Group,fullcontact_709,FALSE
http://dbpedia.org/resource/Hyundai_Glovis,fullcontact_405,FALSE
http://dbpedia.org/resource/Gatehouse_Bank,fullcontact_909,FALSE
http://dbpedia.org/resource/NCG_Banco,fullcontact_132,FALSE
http://dbpedia.org/resource/Seton_Healthcare_Family,fullcontact_662,FALSE
http://dbpedia.org/resource/TransCanada_Corporation,fullcontact_290,FALSE
http://dbpedia.org/resource/Turner_Construction,fullcontact_1673,FALSE
http://dbpedia.org/resource/Saurer,fullcontact_714,FALSE
http://dbpedia.org/resource/Oldenburgische_Landesbank,fullcontact_253,FALSE
http://dbpedia.org/resource/PB_Swiss_Tools,fullcontact_43,FALSE
http://dbpedia.org/resource/Media_Temple,fullcontact_927,FALSE
http://dbpedia.org/resource/The_Corporate_Group,fullcontact_828,FALSE
http://dbpedia.org/resource/Posten_AB,fullcontact_112,FALSE
http://dbpedia.org/resource/Louis_Delhaize_Group,fullcontact_256,FALSE
http://dbpedia.org/resource/Whizzgo,fullcontact_1679,FALSE
http://dbpedia.org/resource/IPL_Information_Processing_Limited,fullcontact_166,FALSE
http://dbpedia.org/resource/Intercept_Pharmaceuticals,fullcontact_805,FALSE
http://dbpedia.org/resource/Spread_Co,fullcontact_1237,FALSE
http://dbpedia.org/resource/Gas_Malaysia,fullcontact_495,FALSE
http://dbpedia.org/resource/IFrogz,fullcontact_975,FALSE
http://dbpedia.org/resource/Nexenta_Systems,fullcontact_1008,FALSE
http://dbpedia.org/resource/Aareal_Bank,fullcontact_42,FALSE
http://dbpedia.org/resource/CentraCare_Health_System,fullcontact_1648,FALSE
http://dbpedia.org/resource/Logibec_Groupe_Informatique,fullcontact_1506,FALSE
http://dbpedia.org/resource/Dealchecker,fullcontact_792,FALSE
http://dbpedia.org/resource/Hyundai_Development_Company_Group,fullcontact_455,FALSE
http://dbpedia.org/resource/SBI_Cards,fullcontact_135,FALSE
http://dbpedia.org/resource/Rede_Energia,fullcontact_1611,FALSE
http://dbpedia.org/resource/Blinco_Systems_Inc.,fullcontact_1506,FALSE
http://dbpedia.org/resource/Park_Electrochemical_Corp,fullcontact_1053,FALSE
http://dbpedia.org/resource/Nexity,fullcontact_623,FALSE
http://dbpedia.org/resource/Avtech_Corp.,fullcontact_1352,FALSE
http://dbpedia.org/resource/Crowdtilt,fullcontact_1136,FALSE
http://dbpedia.org/resource/Karazawa,fullcontact_541,FALSE
http://dbpedia.org/resource/TIM_Brasil,fullcontact_1726,FALSE
http://dbpedia.org/resource/Auckland_Transport,fullcontact_1798,FALSE
http://dbpedia.org/resource/Bohus_(retailer),fullcontact_1510,TRUE
http://dbpedia.org/resource/Sears,fullcontact_31,TRUE
http://dbpedia.org/resource/Royal_District_Nursing_Service_(South_Australia),fullcontact_1690,TRUE
http://dbpedia.org/resource/Stemcell_Technologies,fullcontact_1577,TRUE
http://dbpedia.org/resource/TradeGecko,fullcontact_1104,TRUE
http://dbpedia.org/resource/Cincinnati_Financial,fullcontact_1808,TRUE
http://dbpedia.org/resource/GrafTech,fullcontact_1823,TRUE
http://dbpedia.org/resource/Areva,fullcontact_106,TRUE
http://dbpedia.org/resource/Big_Talk_Productions,fullcontact_1026,TRUE
http://dbpedia.org/resource/Komercijalna_banka,fullcontact_1384,TRUE
http://dbpedia.org/resource/Gerber_Products_Company,fullcontact_1282,TRUE
http://dbpedia.org/resource/Mitsubishi_Electric_United_States,fullcontact_515,TRUE
http://dbpedia.org/resource/Walt_Disney_Animation_Studios,fullcontact_1256,TRUE
http://dbpedia.org/resource/ABM_United_Kingdom_Limited,fullcontact_1133,FALSE
http://dbpedia.org/resource/Wirsol,fullcontact_1387,FALSE
http://dbpedia.org/resource/Disney_Interactive,fullcontact_1256,FALSE
http://dbpedia.org/resource/Bank_of_Singapore,fullcontact_852,FALSE
http://dbpedia.org/resource/Westamerica_Bank,fullcontact_225,FALSE
http://dbpedia.org/resource/Apple_Inc.,fullcontact_360,FALSE
http://dbpedia.org/resource/Buhler_Group,fullcontact_43,FALSE
http://dbpedia.org/resource/Moody_National_Bank,fullcontact_519,FALSE
http://dbpedia.org/resource/Assurant,fullcontact_776,FALSE
http://dbpedia.org/resource/Turner_Broadcasting_System_Sweden,fullcontact_725,FALSE
http://dbpedia.org/resource/Openreach,fullcontact_1166,FALSE
"http://dbpedia.org/resource/Mitsubishi_Fuso_Truck_of_America,_Inc.",fullcontact_515,FALSE
http://dbpedia.org/resource/The_Working_Parts,fullcontact_679,FALSE
http://dbpedia.org/resource/BankUnited,fullcontact_909,FALSE
http://dbpedia.org/resource/BGW_Systems,fullcontact_1,FALSE
http://dbpedia.org/resource/Sears,fullcontact_1446,FALSE
http://dbpedia.org/resource/Port_Line,fullcontact_1181,FALSE
http://dbpedia.org/resource/Glentel,fullcontact_142,FALSE
http://dbpedia.org/resource/Granton_Institute_of_Technology,fullcontact_1139,FALSE
http://dbpedia.org/resource/Wells_Enterprises,fullcontact_812,FALSE
http://dbpedia.org/resource/Fujitsu_Ten,fullcontact_335,FALSE
http://dbpedia.org/resource/Sharp_Chula_Vista_Medical_Center,fullcontact_662,FALSE
http://dbpedia.org/resource/RFM_Corporation,fullcontact_324,FALSE
http://dbpedia.org/resource/Friskies_PetCare_Company,fullcontact_584,FALSE
http://dbpedia.org/resource/Gazelle_(internet_company),fullcontact_1627,FALSE
http://dbpedia.org/resource/Silver_Standard_Resources,fullcontact_1724,FALSE
http://dbpedia.org/resource/China_Merchants_Holdings_(International),fullcontact_209,FALSE
http://dbpedia.org/resource/E.ON_Russia,fullcontact_1342,FALSE
http://dbpedia.org/resource/Alice_Japan,fullcontact_65,FALSE
http://dbpedia.org/resource/NanoScale_Corporation,fullcontact_1570,FALSE
http://dbpedia.org/resource/Tokyo_Electron,fullcontact_1221,FALSE
http://dbpedia.org/resource/SCS_Films,fullcontact_1564,FALSE
http://dbpedia.org/resource/Gamtec,fullcontact_501,FALSE
http://dbpedia.org/resource/Comodo_Group,fullcontact_1731,FALSE
http://dbpedia.org/resource/First_West_Credit_Union,fullcontact_1825,FALSE
http://dbpedia.org/resource/Vulcan_Tire,fullcontact_1668,FALSE
http://dbpedia.org/resource/Israel_Postal_Company,fullcontact_432,FALSE
http://dbpedia.org/resource/Gerber_Products_Company,fullcontact_1284,FALSE
http://dbpedia.org/resource/Unilever_Indonesia,fullcontact_770,FALSE
http://dbpedia.org/resource/Hookflash,fullcontact_1678,FALSE
http://dbpedia.org/resource/Local_World,fullcontact_792,FALSE
http://dbpedia.org/resource/Brookfield_Asset_Management,fullcontact_321,FALSE
http://dbpedia.org/resource/The_Corporate_Group,fullcontact_97,FALSE
http://dbpedia.org/resource/The_Co-operative_Group,fullcontact_1254,FALSE
http://dbpedia.org/resource/Ewenny_Pottery,fullcontact_1511,FALSE
http://dbpedia.org/resource/VT_Systems,fullcontact_1228,FALSE
http://dbpedia.org/resource/Briggs_Automotive_Company,fullcontact_1793,FALSE
http://dbpedia.org/resource/Gate_City_Bank,fullcontact_226,FALSE
http://dbpedia.org/resource/Impresa,fullcontact_692,FALSE
http://dbpedia.org/resource/Colonial_Bank,fullcontact_226,FALSE
http://dbpedia.org/resource/The_Park_Hotels,fullcontact_1856,FALSE
http://dbpedia.org/resource/Hellenic_Petroleum,fullcontact_381,FALSE
http://dbpedia.org/resource/Phonic_Corporation,fullcontact_823,FALSE
http://dbpedia.org/resource/Cegedel,fullcontact_633,FALSE
http://dbpedia.org/resource/Univair_Aircraft_Corporation,fullcontact_772,FALSE
http://dbpedia.org/resource/Infosys,fullcontact_822,FALSE
http://dbpedia.org/resource/NTDEC,fullcontact_501,FALSE
http://dbpedia.org/resource/Fendi,fullcontact_1173,FALSE
http://dbpedia.org/resource/Progress_Software,fullcontact_1661,FALSE
http://dbpedia.org/resource/Nitto_Denko,fullcontact_538,FALSE
http://dbpedia.org/resource/Al_Tayer_Group,fullcontact_57,FALSE
http://dbpedia.org/resource/Preferred_Hotel_Group,fullcontact_380,FALSE
http://dbpedia.org/resource/Takumi_Corporation,fullcontact_513,FALSE
http://dbpedia.org/resource/NORCAT,fullcontact_1180,FALSE
http://dbpedia.org/resource/Taisei_Corporation,fullcontact_690,FALSE
http://dbpedia.org/resource/GeekNation,fullcontact_337,FALSE
http://dbpedia.org/resource/Natrona_Bottling_Company,fullcontact_1663,FALSE
http://dbpedia.org/resource/Maximum_Games,fullcontact_1134,FALSE
http://dbpedia.org/resource/Unisphere_Networks,fullcontact_912,FALSE
http://dbpedia.org/resource/Evesham_Technology,fullcontact_1097,FALSE
http://dbpedia.org/resource/Media_Rights_Capital,fullcontact_537,FALSE
http://dbpedia.org/resource/Virident_Systems,fullcontact_1897,FALSE
http://dbpedia.org/resource/Boeing_Commercial_Airplanes,fullcontact_160,FALSE
http://dbpedia.org/resource/Logibec_Groupe_Informatique,fullcontact_1603,FALSE
http://dbpedia.org/resource/Local_TV,fullcontact_1309,FALSE
http://dbpedia.org/resource/Com.x,fullcontact_1750,FALSE
http://dbpedia.org/resource/China_Shenhua_Energy_Company,fullcontact_208,FALSE
http://dbpedia.org/resource/Advanced_Technology_Investment_Company,fullcontact_57,FALSE
http://dbpedia.org/resource/Wahoo!_(company),fullcontact_946,FALSE
http://dbpedia.org/resource/Qatar_Petroleum,fullcontact_1819,FALSE
http://dbpedia.org/resource/Persystent_Software,fullcontact_1570,FALSE
http://dbpedia.org/resource/Marshfield_Clinic,fullcontact_987,FALSE
http://dbpedia.org/resource/Techonomy_Media,fullcontact_1966,FALSE
http://dbpedia.org/resource/Studio_e.go!,fullcontact_724,FALSE
http://dbpedia.org/resource/Big_Finish_Games,fullcontact_1036,FALSE
http://dbpedia.org/resource/Beijing_Benz,fullcontact_208,FALSE
http://dbpedia.org/resource/Monoprice,fullcontact_205,FALSE
http://dbpedia.org/resource/Bundesimmobiliengesellschaft,fullcontact_1610,TRUE
http://dbpedia.org/resource/Dairylea_Cooperative_Inc.,fullcontact_934,TRUE
http://dbpedia.org/resource/Colayer,fullcontact_1358,TRUE
http://dbpedia.org/resource/Casengo,fullcontact_1130,TRUE
http://dbpedia.org/resource/Schlumberger,fullcontact_682,TRUE
http://dbpedia.org/resource/H&M,fullcontact_383,TRUE
http://dbpedia.org/resource/United_States_Federation_of_Worker_Cooperatives,fullcontact_1830,TRUE
http://dbpedia.org/resource/Lanxess,fullcontact_23,TRUE
http://dbpedia.org/resource/RWE_Supply_&_Trading_CZ,fullcontact_634,FALSE
http://dbpedia.org/resource/Lakeland_Credit_Union,fullcontact_1044,FALSE
http://dbpedia.org/resource/Pacific_Advantage_Ltd,fullcontact_1150,FALSE
http://dbpedia.org/resource/Olympikus,fullcontact_783,FALSE
http://dbpedia.org/resource/Cosmos_Holidays,fullcontact_870,FALSE
http://dbpedia.org/resource/Bank_of_Yokohama,fullcontact_666,FALSE
http://dbpedia.org/resource/Dubai_Gold_&_Commodities_Exchange,fullcontact_1729,FALSE
http://dbpedia.org/resource/QualiSystems,fullcontact_1376,FALSE
http://dbpedia.org/resource/Centerra_Gold,fullcontact_1681,FALSE
http://dbpedia.org/resource/Nimsoft,fullcontact_535,FALSE
http://dbpedia.org/resource/ABM_Industries,fullcontact_1194,FALSE
http://dbpedia.org/resource/SL_Industries,fullcontact_1059,FALSE
http://dbpedia.org/resource/IDEO,fullcontact_1291,FALSE
http://dbpedia.org/resource/Hookflash,fullcontact_754,FALSE
"http://dbpedia.org/resource/STORIS,_Inc.",fullcontact_243,FALSE
http://dbpedia.org/resource/Plexim,fullcontact_1634,FALSE
http://dbpedia.org/resource/TTI_Telecom,fullcontact_892,FALSE
http://dbpedia.org/resource/Silver_Pictures,fullcontact_1913,FALSE
http://dbpedia.org/resource/LOUD_Technologies,fullcontact_864,FALSE
http://dbpedia.org/resource/NCG_Banco,fullcontact_131,FALSE
http://dbpedia.org/resource/Jasper_Contractors,fullcontact_1327,FALSE
http://dbpedia.org/resource/Convera_Corporation,fullcontact_1096,FALSE
http://dbpedia.org/resource/AppDynamics,fullcontact_1872,FALSE
http://dbpedia.org/resource/CI_Financial,fullcontact_319,FALSE
http://dbpedia.org/resource/Bank_of_North_Carolina,fullcontact_141,FALSE
http://dbpedia.org/resource/Sogo_Hong_Kong,fullcontact_214,FALSE
http://dbpedia.org/resource/Nesquik,fullcontact_534,FALSE
http://dbpedia.org/resource/Triple_Rock_Brewery_and_Alehouse,fullcontact_915,FALSE
http://dbpedia.org/resource/First_Solution_Money_Transfer,fullcontact_967,FALSE
http://dbpedia.org/resource/Moe's_Southwest_Grill,fullcontact_978,FALSE
http://dbpedia.org/resource/Black_Star_Co-op,fullcontact_1830,FALSE
http://dbpedia.org/resource/Pembina_Pipeline,fullcontact_754,FALSE
http://dbpedia.org/resource/Avdel,fullcontact_97,FALSE
http://dbpedia.org/resource/Rochester_Midland_Corporation,fullcontact_806,FALSE
http://dbpedia.org/resource/EDUN,fullcontact_1618,FALSE
http://dbpedia.org/resource/Transit_Wireless,fullcontact_922,FALSE
http://dbpedia.org/resource/Woodham_Brothers,fullcontact_1317,FALSE
http://dbpedia.org/resource/Millipore_Corporation,fullcontact_808,FALSE
http://dbpedia.org/resource/Netskills,fullcontact_1166,FALSE
http://dbpedia.org/resource/Prudential_Financial,fullcontact_815,FALSE
http://dbpedia.org/resource/ImmunoGen,fullcontact_154,FALSE
http://dbpedia.org/resource/Turkish_Aerospace_Industries,fullcontact_760,FALSE
http://dbpedia.org/resource/Industrial_and_Commercial_Bank_of_China,fullcontact_852,FALSE
http://dbpedia.org/resource/Lloyd's_Agency_Network,fullcontact_1848,FALSE
http://dbpedia.org/resource/Hongkong_International_Terminals_Ltd.,fullcontact_1078,FALSE
http://dbpedia.org/resource/Sumitomo_Mitsui_Financial_Group,fullcontact_513,FALSE
http://dbpedia.org/resource/InterWorking_Labs,fullcontact_1369,FALSE
http://dbpedia.org/resource/Clearwire,fullcontact_205,FALSE
http://dbpedia.org/resource/Prudential_plc,fullcontact_606,FALSE
http://dbpedia.org/resource/R._J._Reynolds_Vapor_Company,fullcontact_1238,FALSE
http://dbpedia.org/resource/Riverbed_Technology,fullcontact_1760,FALSE
http://dbpedia.org/resource/Basilea_Pharmaceutica,fullcontact_714,FALSE
http://dbpedia.org/resource/Citibank_India,fullcontact_135,FALSE
http://dbpedia.org/resource/Oceanvolt,fullcontact_327,FALSE
http://dbpedia.org/resource/Indus_Capital_Partners,fullcontact_1544,FALSE
http://dbpedia.org/resource/Astoria_Financial,fullcontact_1799,FALSE
http://dbpedia.org/resource/Walker_Digital,fullcontact_1000,FALSE
http://dbpedia.org/resource/Vermilion_Energy,fullcontact_357,FALSE
http://dbpedia.org/resource/DSB_%C3%98resund,fullcontact_272,FALSE
http://dbpedia.org/resource/Foxconn,fullcontact_52,FALSE
http://dbpedia.org/resource/Nextbio,fullcontact_412,FALSE
http://dbpedia.org/resource/Titan_Tire_Corporation,fullcontact_170,FALSE
http://dbpedia.org/resource/NextEra_Energy,fullcontact_1318,FALSE
http://dbpedia.org/resource/Telik,fullcontact_1952,FALSE
http://dbpedia.org/resource/Bayer_Corporation,fullcontact_504,FALSE
http://dbpedia.org/resource/Rohde_&_Schwarz_Federal_Systems,fullcontact_1649,FALSE
http://dbpedia.org/resource/IMDS_Group,fullcontact_1419,FALSE
http://dbpedia.org/resource/Ingenious_Media,fullcontact_1801,FALSE
http://dbpedia.org/resource/StarWind_Software,fullcontact_922,FALSE
http://dbpedia.org/resource/Harel_Group,fullcontact_255,FALSE
http://dbpedia.org/resource/Delta_Electronics,fullcontact_1352,FALSE
http://dbpedia.org/resource/Great_Basin_Brewing_Company,fullcontact_915,FALSE
http://dbpedia.org/resource/Intacct,fullcontact_48,FALSE
http://dbpedia.org/resource/ETX_Capital,fullcontact_344,FALSE
http://dbpedia.org/resource/CONVOTHERM_Elektroger%C3%A4te_GmbH,fullcontact_1145,FALSE
http://dbpedia.org/resource/Direct_Ferries,fullcontact_1181,FALSE
http://dbpedia.org/resource/SweetWater_Brewing_Company,fullcontact_915,FALSE
http://dbpedia.org/resource/Eletrobras,fullcontact_582,FALSE
http://dbpedia.org/resource/Mitsubishi_Electric_United_States,fullcontact_1052,FALSE
http://dbpedia.org/resource/Telef%C3%B3nica,fullcontact_406,FALSE
http://dbpedia.org/resource/Ameriprise_Financial,fullcontact_1195,FALSE
http://dbpedia.org/resource/Prudential_plc,fullcontact_578,FALSE
http://dbpedia.org/resource/Brooks_Automation,fullcontact_629,FALSE
http://dbpedia.org/resource/Batelco,fullcontact_1819,FALSE
http://dbpedia.org/resource/ERM_Telematics,fullcontact_1751,FALSE
http://dbpedia.org/resource/Ukrtelecom,fullcontact_1035,FALSE
http://dbpedia.org/resource/REX_American_Resources,fullcontact_565,FALSE
http://dbpedia.org/resource/DSB_%C3%98resund,fullcontact_249,FALSE
http://dbpedia.org/resource/SwissDisk,fullcontact_642,FALSE
http://dbpedia.org/resource/Pando_Networks,fullcontact_1161,FALSE
http://dbpedia.org/resource/Wisconsin_Energy_Corporation,fullcontact_231,FALSE
http://dbpedia.org/resource/EA_Salt_Lake,fullcontact_1290,FALSE
