id1,id2,score,is_correct,classification
mbrainz_16197,lastFM_36994,0.6666666666666666,,
mbrainz_4415,lastFM_9124,1.0,,
mbrainz_7677,lastFM_16401,0.9,True,TP
mbrainz_3914,lastFM_8123,1.0,,
mbrainz_7383,lastFM_7879,0.3333333333333333,,
mbrainz_14539,lastFM_31817,0.8333333333333333,,
mbrainz_2620,lastFM_5577,0.41666666666666663,,
mbrainz_26863,lastFM_67313,1.0,,
mbrainz_20987,lastFM_17392,0.3333333333333333,,
mbrainz_5780,lastFM_12186,0.6666666666666666,,
mbrainz_9998,lastFM_31921,0.3333333333333333,,
mbrainz_8936,lastFM_19022,1.0,,
mbrainz_17285,lastFM_2235,0.5,,
mbrainz_27764,lastFM_49321,0.5,,
mbrainz_17639,lastFM_28989,0.3,,
mbrainz_7217,lastFM_874,0.3333333333333333,,
mbrainz_590,lastFM_1328,1.0,,
mbrainz_9183,lastFM_19537,0.7,,
mbrainz_5960,lastFM_12552,0.6666666666666666,,
mbrainz_10501,lastFM_22411,0.5,True,TP
mbrainz_16208,lastFM_37035,0.8333333333333333,,
mbrainz_2722,lastFM_5791,1.0,,
mbrainz_31676,lastFM_59307,0.3333333333333333,,
mbrainz_2372,lastFM_1233,0.5,,
mbrainz_20312,lastFM_18188,0.5,,
mbrainz_2331,lastFM_5032,1.0,,
mbrainz_13094,lastFM_28250,1.0,,
mbrainz_31762,lastFM_79006,1.0,,
mbrainz_9591,lastFM_20413,0.6666666666666666,,
mbrainz_10590,lastFM_22634,1.0,,
mbrainz_9844,lastFM_20970,1.0,,
mbrainz_17547,lastFM_3495,0.3333333333333333,,
mbrainz_4073,lastFM_8454,0.5833333333333333,,
mbrainz_9489,lastFM_20182,0.41666666666666663,,
mbrainz_26107,lastFM_65607,0.7,,
mbrainz_60,lastFM_80,1.0,,
mbrainz_28230,lastFM_70612,0.41666666666666663,,
mbrainz_4611,lastFM_9500,0.5,,
mbrainz_14400,lastFM_55706,0.41666666666666663,,
mbrainz_24276,lastFM_38790,0.3333333333333333,,
mbrainz_11114,lastFM_23837,0.41666666666666663,,
mbrainz_371,lastFM_699,1.0,,
mbrainz_15029,lastFM_4206,0.6666666666666666,,
mbrainz_23203,lastFM_58846,0.6666666666666666,True,TP
mbrainz_31157,lastFM_77629,1.0,,
mbrainz_11172,lastFM_5048,0.3,,
mbrainz_4804,lastFM_12402,0.5,,
mbrainz_29595,lastFM_73829,0.5952380952380952,,
mbrainz_3961,lastFM_8229,0.45,,
mbrainz_25035,lastFM_43954,0.3,,
mbrainz_7932,lastFM_1909,0.3333333333333333,,
mbrainz_94,lastFM_124,1.0,,
mbrainz_31032,lastFM_54774,0.3333333333333333,,
mbrainz_3395,lastFM_7125,0.5416666666666666,,
mbrainz_11337,lastFM_24313,1.0,,
mbrainz_10923,lastFM_23406,0.75,,
mbrainz_20302,lastFM_51167,0.5833333333333333,,
mbrainz_10033,lastFM_2778,0.5,,
mbrainz_5030,lastFM_10450,0.9,,
mbrainz_10140,lastFM_38755,0.3,,
mbrainz_3743,lastFM_7796,0.5833333333333333,,
mbrainz_6437,lastFM_13595,1.0,,
mbrainz_2871,lastFM_61031,0.5,,
mbrainz_3139,lastFM_25667,0.5,,
mbrainz_13504,lastFM_78469,0.3333333333333333,,
mbrainz_16825,lastFM_39111,0.6666666666666666,,
mbrainz_20052,lastFM_9417,0.3,,
mbrainz_354,lastFM_654,0.8333333333333333,,
mbrainz_10450,lastFM_809,0.6,,
mbrainz_2843,lastFM_6028,0.8333333333333333,,
mbrainz_287,lastFM_500,0.875,True,TP
mbrainz_1867,lastFM_4182,1.0,,
mbrainz_8867,lastFM_882,0.3,,
mbrainz_7300,lastFM_15601,0.8333333333333333,,
mbrainz_4617,lastFM_8316,0.5,,
mbrainz_14854,lastFM_20132,0.5,,
mbrainz_28051,lastFM_70213,1.0,,
mbrainz_3374,lastFM_21850,0.5,,
mbrainz_6700,lastFM_14150,1.0,,
mbrainz_25439,lastFM_5864,0.375,,
mbrainz_667,lastFM_74774,0.4,,
mbrainz_14913,lastFM_32760,0.6666666666666666,,
mbrainz_814,lastFM_1898,0.8333333333333333,,
mbrainz_18462,lastFM_518,0.5,,
mbrainz_7986,lastFM_17042,0.875,,
mbrainz_20866,lastFM_52591,0.41666666666666663,,
mbrainz_659,lastFM_37273,0.3333333333333333,,
mbrainz_25264,lastFM_61508,0.3333333333333333,,
mbrainz_2621,lastFM_10763,0.3392857142857143,,
mbrainz_17788,lastFM_42449,0.9,,
mbrainz_3660,lastFM_7617,1.0,,
mbrainz_13863,lastFM_6350,0.5,,
mbrainz_1493,lastFM_25323,0.3333333333333333,,
mbrainz_21259,lastFM_7614,0.5,,
mbrainz_33346,lastFM_82537,1.0,True,TP
mbrainz_13939,lastFM_30275,1.0,,
mbrainz_2116,lastFM_3645,0.5,,
mbrainz_2518,lastFM_1914,0.5,,
mbrainz_13530,lastFM_29279,1.0,,
mbrainz_18639,lastFM_27,0.3333333333333333,,
mbrainz_120,lastFM_156,0.8333333333333333,,
mbrainz_11986,lastFM_5377,0.3333333333333333,,
mbrainz_7870,lastFM_13289,0.3333333333333333,,
mbrainz_29002,lastFM_7103,0.5,,
mbrainz_5037,lastFM_10460,0.41666666666666663,,
mbrainz_254,lastFM_433,1.0,,
mbrainz_2951,lastFM_6239,1.0,,
mbrainz_9877,lastFM_21055,1.0,,
mbrainz_22735,lastFM_57674,1.0,,
mbrainz_18545,lastFM_1011,0.3333333333333333,,
mbrainz_234,lastFM_407,1.0,,
mbrainz_9140,lastFM_19463,1.0,,
mbrainz_31653,lastFM_78718,0.75,,
mbrainz_20378,lastFM_3276,0.5,,
mbrainz_21119,lastFM_53393,0.75,,
mbrainz_32487,lastFM_80704,0.9,,
mbrainz_30337,lastFM_75715,0.6666666666666666,True,TP
mbrainz_1061,lastFM_2459,0.6666666666666666,,
mbrainz_16571,lastFM_38292,0.875,,
mbrainz_9773,lastFM_20811,0.5833333333333334,,
mbrainz_7432,lastFM_6108,0.4583333333333333,,
mbrainz_1241,lastFM_2866,0.8333333333333333,,
mbrainz_1744,lastFM_3958,0.6666666666666666,True,TP
mbrainz_7475,lastFM_33581,0.5,,
mbrainz_18331,lastFM_8057,0.4,,
mbrainz_18689,lastFM_45626,0.5,,
mbrainz_92,lastFM_122,0.6666666666666666,,
mbrainz_2650,lastFM_13478,0.5,,
mbrainz_23393,lastFM_59340,1.0,,
mbrainz_8350,lastFM_17860,0.75,,
mbrainz_23433,lastFM_59449,1.0,True,TP
mbrainz_2176,lastFM_4721,0.875,,
mbrainz_10331,lastFM_26190,0.5,,
mbrainz_9452,lastFM_20104,0.8333333333333333,,
mbrainz_6853,lastFM_567,0.3333333333333333,,
mbrainz_38,lastFM_52,0.8333333333333333,,
mbrainz_9310,lastFM_19800,0.5833333333333333,,
mbrainz_9925,lastFM_21153,0.41666666666666663,,
mbrainz_2007,lastFM_4423,1.0,,
mbrainz_13557,lastFM_29351,1.0,,
mbrainz_3974,lastFM_26891,0.3333333333333333,,
mbrainz_18998,lastFM_46685,1.0,,
mbrainz_20851,lastFM_9115,0.5,,
mbrainz_7379,lastFM_15771,0.6666666666666666,,
mbrainz_23527,lastFM_59686,1.0,,
mbrainz_6907,lastFM_14634,1.0,True,TP
mbrainz_7961,lastFM_16967,0.6,,
mbrainz_262,lastFM_444,0.875,,
mbrainz_25783,lastFM_64881,0.5238095238095238,,
mbrainz_2696,lastFM_1291,0.3333333333333333,,
mbrainz_18561,lastFM_45212,0.5952380952380952,,
mbrainz_15395,lastFM_28081,0.5,,
mbrainz_17543,lastFM_41616,1.0,,
mbrainz_16838,lastFM_39161,0.8333333333333333,,
mbrainz_283,lastFM_36435,0.3,,
mbrainz_16285,lastFM_37339,0.875,True,TP
mbrainz_5748,lastFM_760,0.5,,
mbrainz_7519,lastFM_53997,0.3333333333333333,,
mbrainz_16657,lastFM_38559,1.0,,
mbrainz_16936,lastFM_8582,0.5,,
mbrainz_19858,lastFM_49922,0.6666666666666666,,
mbrainz_28690,lastFM_1510,0.3,,
mbrainz_10598,lastFM_22657,0.625,,
mbrainz_22480,lastFM_57059,0.875,,
mbrainz_2087,lastFM_8064,0.5,,
mbrainz_7410,lastFM_11590,0.3,,
mbrainz_13647,lastFM_29545,0.5,,
mbrainz_9538,lastFM_20286,1.0,,
mbrainz_12653,lastFM_27273,0.55,True,TP
mbrainz_3618,lastFM_7544,1.0,,
mbrainz_9831,lastFM_12170,0.5,,
mbrainz_22205,lastFM_56354,0.41666666666666663,,
mbrainz_22614,lastFM_20101,0.5,,
mbrainz_28695,lastFM_71738,1.0,,
mbrainz_222,lastFM_386,0.6666666666666666,,
mbrainz_1718,lastFM_15438,0.5,,
mbrainz_10206,lastFM_21777,0.8333333333333333,,
mbrainz_5914,lastFM_12468,1.0,,
mbrainz_1634,lastFM_3788,0.5833333333333333,,
mbrainz_10300,lastFM_30255,0.5,,
mbrainz_11847,lastFM_647,0.5,,
mbrainz_5091,lastFM_10587,0.75,,
mbrainz_9473,lastFM_16946,0.5,,
mbrainz_27893,lastFM_69853,0.5,,
mbrainz_318,lastFM_582,1.0,,
mbrainz_2901,lastFM_4615,0.5,,
mbrainz_22237,lastFM_56428,0.75,,
mbrainz_154,lastFM_206,1.0,,
mbrainz_22356,lastFM_17317,0.3,,
mbrainz_5198,lastFM_7370,0.3333333333333333,,
mbrainz_25997,lastFM_65388,0.8333333333333333,,
mbrainz_16029,lastFM_36328,0.5,,
mbrainz_20193,lastFM_50889,0.875,,
mbrainz_119,lastFM_17015,0.5,,
mbrainz_3563,lastFM_21114,0.3125,,
mbrainz_28368,lastFM_890,0.3333333333333333,,
mbrainz_11773,lastFM_25279,0.875,,
mbrainz_23838,lastFM_60408,0.6666666666666666,,
mbrainz_5053,lastFM_426,0.5,,
mbrainz_4527,lastFM_9321,0.8333333333333333,,
mbrainz_923,lastFM_11163,0.3,,
mbrainz_382,lastFM_3022,0.5,,
mbrainz_18079,lastFM_7247,0.6666666666666666,,
mbrainz_505,lastFM_1110,1.0,,
mbrainz_24459,lastFM_61907,1.0,,
mbrainz_4401,lastFM_7401,0.5,,
mbrainz_10494,lastFM_22393,0.8333333333333333,,
mbrainz_12529,lastFM_966,0.375,,
mbrainz_307,lastFM_541,0.6666666666666666,,
mbrainz_2349,lastFM_2723,0.3,,
mbrainz_15657,lastFM_34177,0.7,,
mbrainz_26800,lastFM_17675,0.3333333333333333,,
mbrainz_6614,lastFM_13975,0.6666666666666666,,
mbrainz_2190,lastFM_4750,1.0,,
mbrainz_21967,lastFM_55730,1.0,,
mbrainz_19305,lastFM_47651,0.6666666666666666,,
mbrainz_29104,lastFM_72617,1.0,,
mbrainz_23870,lastFM_42609,0.5833333333333334,,
mbrainz_25578,lastFM_14315,0.5,,
mbrainz_29931,lastFM_74707,1.0,,
mbrainz_107,lastFM_13043,0.3333333333333333,,
mbrainz_1188,lastFM_9369,0.3,,
mbrainz_9652,lastFM_20540,1.0,True,TP
mbrainz_3119,lastFM_6586,0.6666666666666666,,
mbrainz_8518,lastFM_16922,0.3333333333333333,,
mbrainz_16895,lastFM_39373,0.9285714285714286,,
mbrainz_31069,lastFM_77441,0.5833333333333333,,
mbrainz_3328,lastFM_5223,0.5,,
mbrainz_15839,lastFM_10495,0.3333333333333333,,
mbrainz_31774,lastFM_23626,0.3666666666666667,,
mbrainz_2639,lastFM_63410,0.3,,
mbrainz_21962,lastFM_55714,0.6666666666666666,,
mbrainz_23383,lastFM_59311,0.4666666666666667,,
mbrainz_1093,lastFM_2518,0.8333333333333333,,
mbrainz_7917,lastFM_16887,1.0,,
mbrainz_25027,lastFM_63199,1.0,,
mbrainz_25236,lastFM_24347,0.3333333333333333,,
mbrainz_162,lastFM_171,0.5,,
mbrainz_22405,lastFM_56850,0.4444444444444444,,
mbrainz_3466,lastFM_11895,0.3333333333333333,,
mbrainz_30214,lastFM_75448,0.9,,
mbrainz_14952,lastFM_15907,0.5,,
mbrainz_23088,lastFM_58564,0.75,,
mbrainz_3100,lastFM_6548,1.0,,
mbrainz_19497,lastFM_904,0.5,,
mbrainz_4542,lastFM_9364,1.0,,
mbrainz_11775,lastFM_18033,0.35,,
mbrainz_7874,lastFM_16171,1.0,,
mbrainz_25618,lastFM_3019,0.5,,
mbrainz_33082,lastFM_81975,1.0,,
mbrainz_2603,lastFM_5535,1.0,,
mbrainz_29355,lastFM_34580,0.5,,
mbrainz_31518,lastFM_78415,0.6666666666666666,,
mbrainz_20668,lastFM_15717,0.5,,
mbrainz_25043,lastFM_63230,0.41666666666666663,True,TP
mbrainz_490,lastFM_17347,0.3,,
mbrainz_30512,lastFM_76185,0.5,True,TP
mbrainz_24815,lastFM_62744,0.9166666666666667,,
mbrainz_41,lastFM_55,1.0,True,TP
mbrainz_3459,lastFM_7246,1.0,,
mbrainz_23035,lastFM_46950,0.3,,
mbrainz_12555,lastFM_27044,0.6785714285714286,,
mbrainz_15472,lastFM_42447,0.3333333333333333,,
mbrainz_5479,lastFM_63333,0.3333333333333333,,
mbrainz_15928,lastFM_35744,0.9,,
mbrainz_20809,lastFM_56292,0.3,,
mbrainz_9370,lastFM_19915,0.9,,
mbrainz_6789,lastFM_1946,0.5,,
mbrainz_8021,lastFM_17117,0.6666666666666666,,
mbrainz_1240,lastFM_2863,0.75,True,TP
mbrainz_23749,lastFM_60183,0.8,,
mbrainz_4017,lastFM_8348,0.5666666666666667,,
mbrainz_7250,lastFM_15470,0.75,True,TP
mbrainz_9069,lastFM_19324,0.875,,
mbrainz_15480,lastFM_34077,0.875,,
mbrainz_196,lastFM_13219,0.75,,
mbrainz_407,lastFM_822,0.8333333333333333,,
mbrainz_19860,lastFM_80800,0.3,,
mbrainz_24612,lastFM_62270,0.41666666666666663,,
mbrainz_5737,lastFM_12100,0.875,,
mbrainz_2919,lastFM_6166,0.8333333333333333,,
mbrainz_28683,lastFM_71704,0.6666666666666666,,
mbrainz_9387,lastFM_19952,0.75,,
mbrainz_2384,lastFM_5939,0.5,,
mbrainz_12,lastFM_16,0.6666666666666666,,
mbrainz_6523,lastFM_13777,0.75,,
mbrainz_6506,lastFM_13729,1.0,,
mbrainz_31892,lastFM_72089,0.3,,
mbrainz_255,lastFM_434,1.0,,
mbrainz_193,lastFM_327,0.6666666666666666,,
mbrainz_5001,lastFM_10375,0.8333333333333333,,
mbrainz_5574,lastFM_18618,0.3333333333333333,,
mbrainz_3016,lastFM_576,0.5,,
mbrainz_19553,lastFM_48704,0.9166666666666667,,
mbrainz_8066,lastFM_17212,0.9,,
mbrainz_15737,lastFM_1290,0.5,,
mbrainz_12894,lastFM_27777,0.75,,
mbrainz_31847,lastFM_25186,0.5,,
mbrainz_3164,lastFM_3011,0.5,,
mbrainz_7649,lastFM_16317,0.41666666666666663,,
mbrainz_10244,lastFM_479,0.5,,
mbrainz_33460,lastFM_473,0.75,,
mbrainz_19150,lastFM_16774,0.5,,
mbrainz_26303,lastFM_66042,1.0,,
mbrainz_12182,lastFM_26233,0.55,,
mbrainz_23796,lastFM_60307,0.6333333333333333,,
mbrainz_27773,lastFM_58553,0.55,,
mbrainz_912,lastFM_2116,0.8333333333333333,,
mbrainz_9087,lastFM_19350,1.0,,
mbrainz_11888,lastFM_25564,0.75,True,TP
mbrainz_31120,lastFM_77555,0.4666666666666667,,
mbrainz_30469,lastFM_27011,0.5,,
mbrainz_9117,lastFM_54701,0.3,,
mbrainz_9180,lastFM_19533,1.0,,
mbrainz_1841,lastFM_2506,0.3333333333333333,,
mbrainz_11399,lastFM_24445,1.0,,
mbrainz_22286,lastFM_7352,0.5,,
mbrainz_4792,lastFM_9917,1.0,,
mbrainz_20126,lastFM_17326,0.5,,
mbrainz_3669,lastFM_7632,0.9,,
mbrainz_2474,lastFM_5276,0.8333333333333333,,
mbrainz_4495,lastFM_31979,0.3333333333333333,,
mbrainz_562,lastFM_1234,1.0,,
mbrainz_30346,lastFM_65398,0.3333333333333333,,
mbrainz_13642,lastFM_7845,0.5,,
mbrainz_12170,lastFM_26213,0.6666666666666666,,
mbrainz_21622,lastFM_54770,0.7857142857142857,,
mbrainz_10328,lastFM_4293,0.5,,
mbrainz_2155,lastFM_4681,1.0,,
mbrainz_4296,lastFM_18097,0.5,,
mbrainz_1002,lastFM_14373,0.5,,
mbrainz_789,lastFM_1851,0.6666666666666666,,
mbrainz_1099,lastFM_369,0.5,,
mbrainz_8031,lastFM_1247,0.5,,
mbrainz_22773,lastFM_57754,0.5,,
mbrainz_481,lastFM_7887,0.5,,
mbrainz_13786,lastFM_17223,0.5,,
mbrainz_22010,lastFM_55852,0.75,,
mbrainz_25776,lastFM_64867,0.8333333333333333,True,TP
mbrainz_212,lastFM_368,0.75,,
mbrainz_1678,lastFM_51073,0.5,,
mbrainz_1012,lastFM_2344,1.0,,
mbrainz_7787,lastFM_70348,0.5,,
mbrainz_11109,lastFM_21767,0.5,,
mbrainz_16334,lastFM_31204,0.5,,
mbrainz_7168,lastFM_15262,1.0,,
mbrainz_28312,lastFM_70796,1.0,,
mbrainz_33407,lastFM_39521,0.5,,
mbrainz_9903,lastFM_21108,0.8333333333333333,,
mbrainz_19986,lastFM_50291,0.75,,
mbrainz_11214,lastFM_24050,1.0,,
mbrainz_15482,lastFM_34083,0.75,,
mbrainz_14611,lastFM_31997,1.0,,
mbrainz_31273,lastFM_77865,0.5,,
mbrainz_3951,lastFM_8210,0.5,,
mbrainz_31124,lastFM_77568,0.9,,
mbrainz_12513,lastFM_26947,0.55,,
mbrainz_14186,lastFM_30935,0.75,,
mbrainz_10889,lastFM_23319,0.8333333333333333,,
mbrainz_424,lastFM_877,1.0,,
mbrainz_16566,lastFM_38263,1.0,,
mbrainz_1851,lastFM_4150,0.75,,
mbrainz_32791,lastFM_81341,0.8,True,TP
mbrainz_13717,lastFM_22131,0.5,,
mbrainz_14020,lastFM_30466,1.0,,
mbrainz_22348,lastFM_11500,0.3333333333333333,,
mbrainz_9216,lastFM_4990,0.5,,
mbrainz_875,lastFM_1999,0.3333333333333333,,
mbrainz_26219,lastFM_16701,0.5,,
mbrainz_699,lastFM_1637,0.6666666666666666,,
mbrainz_1119,lastFM_2576,0.6666666666666666,,
mbrainz_29816,lastFM_50899,0.3,,
mbrainz_102,lastFM_134,0.41666666666666663,,
mbrainz_12763,lastFM_27482,0.5416666666666666,,
mbrainz_7373,lastFM_487,0.5,,
mbrainz_14524,lastFM_31779,0.65,,
mbrainz_29728,lastFM_74164,0.6666666666666666,,
mbrainz_19317,lastFM_47671,1.0,,
mbrainz_15528,lastFM_34188,0.875,,
mbrainz_14583,lastFM_3099,0.5,,
mbrainz_30996,lastFM_77295,0.5416666666666666,,
mbrainz_4211,lastFM_8730,1.0,,
mbrainz_18196,lastFM_43971,0.875,,
mbrainz_32785,lastFM_11877,0.5,,
mbrainz_4206,lastFM_8725,1.0,,
mbrainz_2227,lastFM_4820,1.0,,
mbrainz_4547,lastFM_4544,0.5,,
mbrainz_7264,lastFM_15506,0.6666666666666666,,
mbrainz_2536,lastFM_5405,1.0,,
mbrainz_30862,lastFM_77001,0.6666666666666666,,
mbrainz_15986,lastFM_35875,1.0,,
mbrainz_19183,lastFM_7483,0.5,,
mbrainz_9406,lastFM_34655,0.5,,
mbrainz_14364,lastFM_59258,0.5,,
mbrainz_9854,lastFM_21005,1.0,,
mbrainz_3708,lastFM_7721,0.75,,
mbrainz_9213,lastFM_19594,0.9,,
mbrainz_33241,lastFM_15895,0.5,,
mbrainz_5188,lastFM_10823,1.0,,
mbrainz_4066,lastFM_8442,1.0,,
mbrainz_6527,lastFM_13785,0.75,,
mbrainz_17076,lastFM_39950,1.0,,
mbrainz_22327,lastFM_56670,1.0,,
mbrainz_25400,lastFM_35554,0.3333333333333333,,
mbrainz_12678,lastFM_27329,0.75,,
mbrainz_626,lastFM_1437,0.8333333333333333,,
mbrainz_28262,lastFM_69030,0.5,,
mbrainz_20175,lastFM_7945,0.3333333333333333,,
mbrainz_28371,lastFM_70934,0.7166666666666667,,
mbrainz_2073,lastFM_4543,0.75,,
mbrainz_21421,lastFM_54213,0.65,,
mbrainz_24298,lastFM_8890,0.5,,
mbrainz_13101,lastFM_28266,1.0,,
mbrainz_7126,lastFM_15161,0.8,,
mbrainz_31247,lastFM_6158,0.5,,
mbrainz_3547,lastFM_7417,0.6666666666666666,,
mbrainz_25038,lastFM_13996,0.5,,
mbrainz_12895,lastFM_4343,0.3666666666666667,,
mbrainz_11825,lastFM_9204,0.5,,
mbrainz_480,lastFM_37422,0.30952380952380953,,
mbrainz_2422,lastFM_280,0.5,,
mbrainz_12120,lastFM_16390,0.5,,
mbrainz_3110,lastFM_9297,0.5,,
mbrainz_16191,lastFM_9475,0.3333333333333333,,
mbrainz_2373,lastFM_5105,1.0,,
mbrainz_8287,lastFM_4579,0.5,,
mbrainz_25034,lastFM_63213,0.6333333333333333,,
mbrainz_25643,lastFM_64618,0.9285714285714286,True,TP
mbrainz_20138,lastFM_50717,1.0,,
mbrainz_6884,lastFM_5783,0.8333333333333333,,
mbrainz_6584,lastFM_13921,0.8333333333333333,True,TP
mbrainz_13081,lastFM_28226,0.41666666666666663,,
mbrainz_3085,lastFM_6525,1.0,,
mbrainz_13210,lastFM_12005,0.6,,
mbrainz_10482,lastFM_22366,0.6666666666666666,,
mbrainz_13652,lastFM_29593,0.41666666666666663,,
mbrainz_24309,lastFM_21006,0.35,,
mbrainz_19832,lastFM_18609,0.5,,
mbrainz_8278,lastFM_17709,0.8333333333333333,,
mbrainz_1274,lastFM_202,0.3333333333333333,,
mbrainz_2392,lastFM_5131,1.0,,
mbrainz_16232,lastFM_39440,0.5,,
mbrainz_20639,lastFM_52020,0.6,,
mbrainz_4340,lastFM_5953,0.5,,
mbrainz_19923,lastFM_19155,0.3,,
mbrainz_22701,lastFM_57591,0.5238095238095238,,
mbrainz_17834,lastFM_42835,0.875,,
mbrainz_7231,lastFM_24545,0.3611111111111111,,
mbrainz_6617,lastFM_13979,1.0,,
mbrainz_32672,lastFM_81121,0.9285714285714286,,
mbrainz_13945,lastFM_30289,0.5666666666666667,True,TP
mbrainz_13106,lastFM_28273,0.75,,
mbrainz_8950,lastFM_16512,0.5,,
mbrainz_7181,lastFM_15296,1.0,,
mbrainz_15921,lastFM_35723,0.75,,
mbrainz_10365,lastFM_22118,1.0,,
mbrainz_3245,lastFM_72491,0.5,,
mbrainz_22396,lastFM_56846,0.45238095238095233,,
mbrainz_10119,lastFM_21556,0.6666666666666666,,
mbrainz_803,lastFM_1882,1.0,,
mbrainz_17838,lastFM_42853,0.5,True,TP
mbrainz_2412,lastFM_5164,0.5,,
mbrainz_17466,lastFM_14003,0.3333333333333333,,
mbrainz_602,lastFM_40633,0.5,,
mbrainz_2034,lastFM_52446,0.3333333333333333,,
mbrainz_12656,lastFM_5861,0.5,,
mbrainz_1215,lastFM_2804,0.4666666666666667,,
mbrainz_12642,lastFM_27234,0.8333333333333333,,
mbrainz_9048,lastFM_19273,0.875,,
mbrainz_7040,lastFM_3535,0.5,,
mbrainz_4867,lastFM_21493,0.3333333333333333,,
mbrainz_24892,lastFM_28587,0.5,,
mbrainz_3679,lastFM_7657,0.5666666666666667,,
mbrainz_27835,lastFM_69727,1.0,True,TP
mbrainz_7408,lastFM_15824,0.41666666666666663,,
mbrainz_7076,lastFM_15015,0.6666666666666666,,
mbrainz_535,lastFM_1178,0.41666666666666663,,
mbrainz_7468,lastFM_15963,0.8333333333333333,,
mbrainz_10597,lastFM_4052,0.3333333333333333,,
mbrainz_5108,lastFM_10622,1.0,,
mbrainz_7486,lastFM_15997,0.5666666666666667,,
mbrainz_14727,lastFM_32282,0.6666666666666666,,
mbrainz_14185,lastFM_30934,0.5535714285714286,,
mbrainz_27555,lastFM_69035,1.0,,
mbrainz_1166,lastFM_2696,0.5,True,TP
mbrainz_6307,lastFM_13307,1.0,,
mbrainz_9807,lastFM_20885,0.75,,
mbrainz_5594,lastFM_11773,1.0,,
mbrainz_18615,lastFM_45369,0.625,,
mbrainz_6828,lastFM_39952,0.3,,
mbrainz_28750,lastFM_24293,0.625,,
mbrainz_13066,lastFM_25159,0.5,,
mbrainz_14150,lastFM_30838,0.875,,
mbrainz_2554,lastFM_5439,1.0,,
mbrainz_12914,lastFM_27820,1.0,,
mbrainz_20922,lastFM_61841,0.5416666666666666,,
mbrainz_2244,lastFM_4848,0.6666666666666666,,
mbrainz_13677,lastFM_29644,0.75,,
mbrainz_2750,lastFM_34882,0.3333333333333333,,
mbrainz_8051,lastFM_17186,1.0,,
mbrainz_12916,lastFM_27823,0.6785714285714286,,
mbrainz_10599,lastFM_39544,0.5,,
mbrainz_31563,lastFM_7757,0.5,,
mbrainz_24353,lastFM_61643,0.6666666666666666,,
mbrainz_9975,lastFM_8757,0.3333333333333333,,
mbrainz_33634,lastFM_34607,0.8333333333333333,,
mbrainz_26770,lastFM_67073,1.0,True,TP
mbrainz_3820,lastFM_7934,0.75,,
mbrainz_10533,lastFM_34351,0.5,,
mbrainz_13760,lastFM_29833,0.5833333333333333,,
mbrainz_1378,lastFM_3203,0.875,,
mbrainz_5052,lastFM_10488,1.0,,
mbrainz_5631,lastFM_11860,0.6666666666666666,,
mbrainz_3089,lastFM_6531,1.0,,
mbrainz_478,lastFM_1002,0.875,,
mbrainz_3537,lastFM_8,0.5,,
mbrainz_30626,lastFM_4208,0.5,,
mbrainz_37,lastFM_45469,0.3333333333333333,,
mbrainz_26784,lastFM_67107,0.75,,
mbrainz_15890,lastFM_35629,0.6666666666666666,,
mbrainz_5285,lastFM_11032,0.875,,
mbrainz_12293,lastFM_15337,0.5,,
mbrainz_16115,lastFM_66834,0.5,,
mbrainz_1124,lastFM_8957,0.3333333333333333,,
mbrainz_30679,lastFM_76561,1.0,,
mbrainz_25918,lastFM_22637,0.45,,
mbrainz_16206,lastFM_37021,0.875,,
mbrainz_19,lastFM_4344,0.5,,
mbrainz_28451,lastFM_71120,1.0,,
mbrainz_20526,lastFM_51747,1.0,,
mbrainz_1762,lastFM_3046,0.375,,
mbrainz_4779,lastFM_9890,0.5757575757575758,,
mbrainz_23128,lastFM_58662,0.5416666666666667,,
mbrainz_33377,lastFM_82595,0.9,,
mbrainz_6644,lastFM_14052,0.8333333333333333,,
mbrainz_4758,lastFM_9835,0.5,,
mbrainz_15533,lastFM_34196,0.8333333333333333,,
mbrainz_3635,lastFM_15806,0.3,,
mbrainz_4392,lastFM_9076,0.75,,
mbrainz_11900,lastFM_25600,1.0,,
mbrainz_3798,lastFM_7890,0.9,,
mbrainz_22195,lastFM_56337,0.5,,
mbrainz_32973,lastFM_81741,0.6666666666666666,,
mbrainz_7031,lastFM_14921,0.8333333333333333,,
mbrainz_14967,lastFM_21325,0.5,,
mbrainz_3891,lastFM_8076,0.9,,
mbrainz_21647,lastFM_54841,0.875,True,TP
mbrainz_5730,lastFM_12086,0.5833333333333333,,
mbrainz_10579,lastFM_22607,0.75,,
mbrainz_33131,lastFM_82083,0.8333333333333333,,
mbrainz_28213,lastFM_22168,1.0,,
mbrainz_4700,lastFM_575,0.5,,
mbrainz_29291,lastFM_73050,0.75,,
mbrainz_13242,lastFM_28569,0.6666666666666666,,
mbrainz_9085,lastFM_19346,1.0,,
mbrainz_8612,lastFM_18358,0.6666666666666666,,
mbrainz_33262,lastFM_33414,0.5,,
mbrainz_3330,lastFM_3457,0.3,,
mbrainz_15134,lastFM_33286,1.0,,
mbrainz_26294,lastFM_66025,0.5666666666666667,,
mbrainz_539,lastFM_3054,0.625,,
mbrainz_18372,lastFM_44539,1.0,,
mbrainz_14452,lastFM_31599,1.0,,
mbrainz_10451,lastFM_56220,0.5,,
mbrainz_3023,lastFM_6392,1.0,,
mbrainz_18430,lastFM_44730,0.875,,
mbrainz_9120,lastFM_19418,0.5,,
mbrainz_12333,lastFM_26566,0.41666666666666663,,
mbrainz_13330,lastFM_17828,0.5,,
mbrainz_2744,lastFM_5832,0.75,,
mbrainz_25489,lastFM_2740,0.5,,
mbrainz_719,lastFM_1683,1.0,,
mbrainz_29530,lastFM_73644,1.0,,
mbrainz_22608,lastFM_62335,0.3333333333333333,,
mbrainz_13212,lastFM_1332,0.5,,
mbrainz_9768,lastFM_20795,0.6666666666666666,,
mbrainz_20164,lastFM_50790,0.75,True,TP
mbrainz_16054,lastFM_17977,0.5,,
mbrainz_2056,lastFM_4517,0.75,True,TP
mbrainz_10202,lastFM_1411,0.5,,
mbrainz_13594,lastFM_29442,1.0,,
mbrainz_15649,lastFM_34521,0.6666666666666666,True,TP
mbrainz_21198,lastFM_53612,0.6666666666666666,,
mbrainz_12035,lastFM_25920,0.41666666666666663,,
mbrainz_85,lastFM_111,0.41666666666666663,,
mbrainz_4093,lastFM_8488,0.41666666666666663,,
mbrainz_13100,lastFM_8850,0.35416666666666663,,
mbrainz_3337,lastFM_6998,1.0,,
mbrainz_21491,lastFM_54423,0.7,,
mbrainz_739,lastFM_25796,0.5,,
mbrainz_14267,lastFM_109,0.5,,
mbrainz_1334,lastFM_19950,0.5,,
mbrainz_7487,lastFM_15999,1.0,,
mbrainz_29430,lastFM_73360,0.5416666666666666,,
mbrainz_387,lastFM_755,0.6666666666666666,,
mbrainz_11730,lastFM_25183,0.875,True,TP
mbrainz_12373,lastFM_26651,0.9166666666666667,,
mbrainz_337,lastFM_62597,0.3333333333333333,,
mbrainz_279,lastFM_22137,0.5,,
mbrainz_429,lastFM_15055,0.5,,
mbrainz_4168,lastFM_8639,0.5416666666666666,,
mbrainz_9817,lastFM_20900,1.0,,
mbrainz_19665,lastFM_39326,0.5,,
mbrainz_5885,lastFM_12409,0.41666666666666663,,
mbrainz_7013,lastFM_14883,0.8333333333333333,True,TP
mbrainz_16736,lastFM_38814,0.8333333333333333,,
mbrainz_13586,lastFM_29424,0.8333333333333333,,
mbrainz_2117,lastFM_31293,0.5,,
mbrainz_421,lastFM_869,1.0,,
mbrainz_25151,lastFM_36750,0.9,,
mbrainz_426,lastFM_58854,0.3333333333333333,,
mbrainz_300,lastFM_521,1.0,,
mbrainz_2816,lastFM_5973,0.75,,
mbrainz_6497,lastFM_13715,0.5,,
mbrainz_16160,lastFM_36889,0.8333333333333333,,
mbrainz_3299,lastFM_6927,1.0,,
mbrainz_30533,lastFM_74584,0.5,,
mbrainz_32765,lastFM_53774,0.5,,
mbrainz_8158,lastFM_17447,0.6666666666666666,,
mbrainz_25817,lastFM_64969,0.41666666666666663,,
mbrainz_17436,lastFM_41038,0.8333333333333333,,
mbrainz_26853,lastFM_67297,0.6666666666666666,,
mbrainz_691,lastFM_1603,1.0,,
mbrainz_7528,lastFM_16072,0.6,True,TP
mbrainz_3489,lastFM_7308,0.6,True,TP
mbrainz_25098,lastFM_17495,0.3,,
mbrainz_26204,lastFM_65829,0.5416666666666666,,
mbrainz_4370,lastFM_7298,0.375,,
mbrainz_7404,lastFM_3518,0.5,,
mbrainz_4147,lastFM_28688,0.5,,
mbrainz_7810,lastFM_4129,0.3333333333333333,,
mbrainz_48,lastFM_170,0.3333333333333333,,
mbrainz_1200,lastFM_2768,0.5416666666666666,,
mbrainz_6246,lastFM_25281,0.5,,
mbrainz_2150,lastFM_4666,1.0,,
mbrainz_12478,lastFM_10319,0.3333333333333333,,
mbrainz_5933,lastFM_12501,0.5,,
mbrainz_10999,lastFM_5175,0.5,,
mbrainz_2611,lastFM_27756,0.75,,
mbrainz_17944,lastFM_43202,0.875,,
mbrainz_28340,lastFM_15674,0.5,,
mbrainz_30357,lastFM_75759,1.0,,
mbrainz_5167,lastFM_16159,0.4571428571428572,,
mbrainz_7718,lastFM_38087,0.5,,
mbrainz_9299,lastFM_19781,0.8333333333333333,,
mbrainz_3343,lastFM_1891,0.5,,
mbrainz_27136,lastFM_67943,0.7333333333333334,,
mbrainz_3764,lastFM_7833,0.6666666666666666,,
mbrainz_12358,lastFM_3431,0.3125,,
mbrainz_23819,lastFM_22817,0.4,,
mbrainz_833,lastFM_1935,0.5,,
mbrainz_20849,lastFM_2069,0.5,,
mbrainz_4421,lastFM_9137,1.0,,
mbrainz_9191,lastFM_19549,1.0,,
mbrainz_17012,lastFM_41493,0.3333333333333333,,
mbrainz_5019,lastFM_4856,0.5,,
mbrainz_8260,lastFM_17665,0.75,,
mbrainz_5361,lastFM_11228,1.0,,
mbrainz_4498,lastFM_9267,1.0,,
mbrainz_20690,lastFM_52142,1.0,,
mbrainz_9912,lastFM_21133,0.45,,
mbrainz_10969,lastFM_56273,0.3125,,
mbrainz_7321,lastFM_3030,0.5,,
mbrainz_33665,lastFM_53831,0.3333333333333333,,
mbrainz_5162,lastFM_10749,0.6,,
mbrainz_19502,lastFM_48538,0.75,,
mbrainz_20650,lastFM_52054,1.0,,
mbrainz_705,lastFM_46479,0.4,,
mbrainz_19066,lastFM_41963,0.43333333333333335,,
mbrainz_30221,lastFM_75459,0.9375,,
mbrainz_29127,lastFM_62162,0.5,,
mbrainz_12977,lastFM_27969,1.0,,
mbrainz_6139,lastFM_12929,0.75,,
mbrainz_9789,lastFM_20843,1.0,,
mbrainz_10624,lastFM_22709,0.75,,
mbrainz_2058,lastFM_4521,0.75,,
mbrainz_8468,lastFM_18096,0.9,,
mbrainz_16361,lastFM_37645,0.5416666666666666,,
mbrainz_27790,lastFM_2145,0.5,,
mbrainz_26807,lastFM_32536,0.3333333333333333,,
mbrainz_3907,lastFM_8020,0.5,,
mbrainz_3718,lastFM_31262,0.5,,
mbrainz_1792,lastFM_7221,0.8,,
mbrainz_7643,lastFM_16298,0.9375,True,TP
mbrainz_31972,lastFM_52586,0.3333333333333333,,
mbrainz_1150,lastFM_21783,0.5,,
mbrainz_24964,lastFM_62090,0.3333333333333333,,
mbrainz_9318,lastFM_19822,0.6666666666666666,,
mbrainz_33393,lastFM_82620,0.5,True,TP
mbrainz_13590,lastFM_29433,1.0,,
mbrainz_25303,lastFM_8174,0.5,,
mbrainz_24408,lastFM_61776,0.6666666666666666,True,TP
mbrainz_21534,lastFM_54517,0.6666666666666666,,
mbrainz_8542,lastFM_18227,0.5666666666666667,,
mbrainz_11164,lastFM_23958,0.3333333333333333,,
mbrainz_31715,lastFM_52305,0.5,,
mbrainz_8140,lastFM_58779,0.3333333333333333,,
mbrainz_11803,lastFM_15803,0.5,,
mbrainz_5766,lastFM_1644,0.8333333333333333,,
mbrainz_15213,lastFM_21587,1.0,,
mbrainz_22354,lastFM_56734,1.0,True,TP
mbrainz_15619,lastFM_34435,0.6666666666666666,,
mbrainz_7456,lastFM_15940,1.0,,
mbrainz_15483,lastFM_34084,0.5416666666666666,,
mbrainz_17562,lastFM_11713,0.5,,
mbrainz_8788,lastFM_14339,0.3333333333333333,,
mbrainz_15580,lastFM_34327,0.6666666666666666,,
mbrainz_10756,lastFM_17933,0.3333333333333333,,
mbrainz_3525,lastFM_10628,0.3333333333333333,,
mbrainz_29450,lastFM_34286,0.3333333333333333,,
mbrainz_11728,lastFM_25180,0.6666666666666666,,
mbrainz_9411,lastFM_12778,0.5,,
mbrainz_25722,lastFM_17516,0.3,,
mbrainz_21629,lastFM_24136,0.5,,
mbrainz_147,lastFM_198,0.75,,
mbrainz_15644,lastFM_36610,0.5,,
mbrainz_13458,lastFM_29102,0.41666666666666663,,
mbrainz_28626,lastFM_45153,0.5,,
mbrainz_40,lastFM_9809,0.5,,
mbrainz_21003,lastFM_53023,0.9166666666666667,,
mbrainz_1474,lastFM_31506,0.35,,
mbrainz_2516,lastFM_5371,0.6666666666666666,,
mbrainz_20050,lastFM_22727,0.3333333333333333,,
mbrainz_9990,lastFM_48988,0.5833333333333334,,
mbrainz_12166,lastFM_26204,0.875,,
mbrainz_19375,lastFM_27285,0.5,,
mbrainz_20423,lastFM_43009,0.5,,
mbrainz_13689,lastFM_29672,1.0,,
mbrainz_6621,lastFM_13990,1.0,,
mbrainz_847,lastFM_7725,0.5,,
mbrainz_8191,lastFM_17523,0.5,,
mbrainz_1645,lastFM_6771,0.5,,
mbrainz_9790,lastFM_20844,1.0,,
mbrainz_1356,lastFM_3158,0.875,,
mbrainz_10983,lastFM_16784,0.5,,
mbrainz_1462,lastFM_31932,0.3,,
mbrainz_2789,lastFM_5923,0.6666666666666666,,
mbrainz_13457,lastFM_29101,1.0,,
mbrainz_3855,lastFM_8022,1.0,,
mbrainz_13703,lastFM_29702,0.5833333333333334,,
mbrainz_7755,lastFM_16542,1.0,,
mbrainz_11140,lastFM_3584,0.5,,
mbrainz_32294,lastFM_15191,0.5,,
mbrainz_16231,lastFM_21192,0.375,,
mbrainz_11460,lastFM_24564,0.6666666666666666,,
mbrainz_3696,lastFM_7698,0.9583333333333333,,
mbrainz_17876,lastFM_42988,0.75,,
mbrainz_28926,lastFM_72243,0.41666666666666663,,
mbrainz_970,lastFM_2243,1.0,,
mbrainz_13968,lastFM_30336,0.8333333333333333,,
mbrainz_22383,lastFM_56810,1.0,,
mbrainz_1532,lastFM_3571,0.5666666666666667,,
mbrainz_180,lastFM_290,0.6666666666666666,,
mbrainz_4355,lastFM_8990,0.8333333333333333,,
mbrainz_2907,lastFM_6144,1.0,,
mbrainz_8857,lastFM_11169,0.5,,
mbrainz_17928,lastFM_43143,0.3666666666666667,,
mbrainz_2067,lastFM_26346,0.3333333333333333,,
mbrainz_16187,lastFM_36976,0.5,,
mbrainz_588,lastFM_1322,0.5666666666666667,,
mbrainz_149,lastFM_200,0.6666666666666666,,
mbrainz_33533,lastFM_18531,0.5,,
mbrainz_19198,lastFM_64407,0.5,,
mbrainz_3874,lastFM_74736,0.55,,
mbrainz_11852,lastFM_5776,0.5,,
mbrainz_17655,lastFM_1506,0.5,,
mbrainz_21861,lastFM_55435,1.0,,
mbrainz_16272,lastFM_37270,0.8,,
mbrainz_7087,lastFM_15054,1.0,,
mbrainz_14060,lastFM_72677,1.0,,
mbrainz_5941,lastFM_12514,0.5,,
mbrainz_11928,lastFM_26302,0.5,,
mbrainz_6026,lastFM_12682,0.6666666666666666,,
mbrainz_16373,lastFM_64411,0.3333333333333333,,
mbrainz_1194,lastFM_2757,0.5,,
mbrainz_12169,lastFM_26212,1.0,,
mbrainz_12233,lastFM_17791,0.5,,
mbrainz_7209,lastFM_7336,0.5,,
mbrainz_334,lastFM_18318,0.375,,
mbrainz_2822,lastFM_5985,0.5833333333333333,,
mbrainz_3318,lastFM_6963,0.41666666666666663,,
mbrainz_14588,lastFM_31945,0.8333333333333333,,
mbrainz_5095,lastFM_10595,1.0,,
mbrainz_4675,lastFM_1028,0.5,,
mbrainz_8220,lastFM_68696,0.3333333333333333,,
mbrainz_347,lastFM_1228,0.5,,
mbrainz_10953,lastFM_23464,1.0,,
mbrainz_1148,lastFM_2646,0.75,,
mbrainz_116,lastFM_152,1.0,True,TP
mbrainz_5549,lastFM_2857,0.5,,
mbrainz_10296,lastFM_21957,0.5416666666666666,,
mbrainz_11148,lastFM_23933,1.0,,
mbrainz_12766,lastFM_27490,0.5952380952380952,,
mbrainz_14838,lastFM_40659,0.6666666666666666,,
mbrainz_30588,lastFM_76355,0.9285714285714286,True,TP
mbrainz_1617,lastFM_3767,1.0,True,TP
mbrainz_13074,lastFM_28214,0.6666666666666666,,
mbrainz_10737,lastFM_22967,1.0,,
mbrainz_21721,lastFM_55001,0.7,,
mbrainz_31003,lastFM_77305,0.8333333333333333,,
mbrainz_19469,lastFM_48429,0.5,,
mbrainz_12416,lastFM_26747,1.0,,
mbrainz_127,lastFM_164,1.0,True,TP
mbrainz_9051,lastFM_76104,0.5,,
mbrainz_28953,lastFM_2050,0.5,,
mbrainz_6492,lastFM_13701,1.0,,
mbrainz_7534,lastFM_16082,1.0,,
mbrainz_23596,lastFM_59844,0.8333333333333333,,
mbrainz_2674,lastFM_5678,1.0,True,TP
mbrainz_9659,lastFM_20553,0.5,,
mbrainz_19831,lastFM_16449,0.3333333333333333,,
mbrainz_6384,lastFM_13470,0.8333333333333333,,
mbrainz_17808,lastFM_42483,0.875,,
mbrainz_30883,lastFM_77044,1.0,,
mbrainz_6179,lastFM_13022,0.9166666666666667,,
mbrainz_10112,lastFM_8521,0.5,,
mbrainz_8427,lastFM_18007,0.8333333333333333,,
mbrainz_13486,lastFM_29171,0.6666666666666666,,
mbrainz_4005,lastFM_8322,0.7,,
mbrainz_4616,lastFM_9511,1.0,,
mbrainz_14013,lastFM_30445,0.875,,
mbrainz_10795,lastFM_23112,0.9166666666666667,,
mbrainz_10294,lastFM_8909,0.5,,
mbrainz_8061,lastFM_17205,0.5,,
mbrainz_14648,lastFM_32080,0.875,True,TP
mbrainz_8110,lastFM_13647,0.5,,
mbrainz_18954,lastFM_46545,0.8333333333333333,,
mbrainz_9592,lastFM_20416,0.7,,
mbrainz_6258,lastFM_3095,0.5,,
mbrainz_20354,lastFM_6134,0.5,,
mbrainz_6628,lastFM_14010,1.0,True,TP
mbrainz_33344,lastFM_9961,0.5,,
mbrainz_10078,lastFM_21462,0.8333333333333333,,
mbrainz_8562,lastFM_64104,0.6,,
mbrainz_19522,lastFM_45684,0.6666666666666666,,
mbrainz_2119,lastFM_15975,0.5,,
mbrainz_2399,lastFM_5140,0.95,,
mbrainz_11931,lastFM_25678,0.875,,
mbrainz_27902,lastFM_69888,0.75,,
mbrainz_22997,lastFM_9339,0.5,,
mbrainz_23284,lastFM_7150,0.5,,
mbrainz_22903,lastFM_46623,0.43333333333333335,,
mbrainz_19167,lastFM_2076,0.5,,
mbrainz_523,lastFM_1148,0.5,,
mbrainz_46,lastFM_62,1.0,,
mbrainz_6028,lastFM_12685,0.9,,
mbrainz_22878,lastFM_58036,0.75,,
mbrainz_19991,lastFM_26425,0.3333333333333333,,
mbrainz_7956,lastFM_76947,0.5,,
mbrainz_13236,lastFM_28548,0.875,,
mbrainz_3269,lastFM_6877,0.5555555555555556,,
mbrainz_24245,lastFM_61385,1.0,,
mbrainz_3311,lastFM_6949,1.0,,
mbrainz_6164,lastFM_12990,0.6666666666666666,,
mbrainz_10826,lastFM_23198,1.0,,
mbrainz_6140,lastFM_12932,1.0,,
mbrainz_4549,lastFM_9377,0.6666666666666666,,
mbrainz_22231,lastFM_11312,1.0,,
mbrainz_3768,lastFM_6378,0.5,,
mbrainz_9412,lastFM_3039,0.375,,
mbrainz_3068,lastFM_6487,1.0,True,TP
mbrainz_20929,lastFM_883,0.3333333333333333,,
mbrainz_6530,lastFM_13794,0.9285714285714286,,
mbrainz_25171,lastFM_63525,0.6666666666666666,,
mbrainz_4105,lastFM_4538,0.5,,
mbrainz_24341,lastFM_61614,0.6666666666666666,,
mbrainz_20199,lastFM_33268,0.3,,
mbrainz_447,lastFM_930,0.75,,
mbrainz_29373,lastFM_73246,0.75,,
mbrainz_28846,lastFM_72056,1.0,,
mbrainz_20198,lastFM_40425,0.9,,
mbrainz_2664,lastFM_5666,0.875,,
mbrainz_6083,lastFM_12800,0.5,,
mbrainz_1761,lastFM_3989,0.5416666666666666,,
mbrainz_25161,lastFM_63509,1.0,,
mbrainz_27554,lastFM_69031,1.0,,
mbrainz_19431,lastFM_54080,1.0,,
mbrainz_15274,lastFM_14920,0.5,,
mbrainz_11253,lastFM_26120,0.3333333333333333,,
mbrainz_14002,lastFM_30415,1.0,True,TP
mbrainz_31745,lastFM_78966,1.0,,
mbrainz_808,lastFM_6274,0.5,,
mbrainz_11891,lastFM_25573,0.65,,
mbrainz_16327,lastFM_24078,0.3333333333333333,,
mbrainz_4374,lastFM_9039,0.75,,
mbrainz_23238,lastFM_58943,0.6666666666666666,,
mbrainz_21143,lastFM_31442,0.3333333333333333,,
mbrainz_14040,lastFM_30514,0.8333333333333333,,
mbrainz_7775,lastFM_16583,0.75,True,TP
mbrainz_21454,lastFM_54306,1.0,,
mbrainz_24833,lastFM_62782,0.41666666666666663,True,TP
mbrainz_1056,lastFM_5294,0.5,,
mbrainz_11453,lastFM_24551,1.0,,
mbrainz_14754,lastFM_32352,0.75,,
mbrainz_21594,lastFM_54700,0.6666666666666666,,
mbrainz_20518,lastFM_51730,0.45,,
mbrainz_5239,lastFM_10922,1.0,,
mbrainz_24347,lastFM_61626,0.625,,
mbrainz_21045,lastFM_53172,1.0,,
mbrainz_21986,lastFM_1191,0.3,,
mbrainz_2877,lastFM_5716,0.3333333333333333,,
mbrainz_177,lastFM_13437,0.3333333333333333,,
mbrainz_15103,lastFM_33219,0.9,,
mbrainz_5988,lastFM_31196,0.5,,
mbrainz_983,lastFM_2284,0.6666666666666666,,
mbrainz_17102,lastFM_40025,0.6136363636363636,,
mbrainz_13253,lastFM_28598,1.0,True,TP
mbrainz_8334,lastFM_17834,0.875,,
mbrainz_14306,lastFM_23106,0.6111111111111112,,
mbrainz_80,lastFM_80469,0.3333333333333333,,
mbrainz_21042,lastFM_98,0.375,,
mbrainz_22894,lastFM_58097,0.6666666666666666,,
mbrainz_28944,lastFM_72281,0.7375,,
mbrainz_18707,lastFM_48615,0.625,,
mbrainz_7084,lastFM_15043,1.0,,
mbrainz_7886,lastFM_16821,0.6666666666666666,,
mbrainz_13688,lastFM_29669,0.41666666666666663,,
mbrainz_87,lastFM_114,0.8333333333333333,,
mbrainz_12354,lastFM_26621,0.8333333333333333,,
mbrainz_3276,lastFM_10625,0.5,,
mbrainz_6319,lastFM_13334,0.75,,
mbrainz_6044,lastFM_12718,0.75,True,TP
mbrainz_5305,lastFM_11082,0.75,,
mbrainz_12505,lastFM_5550,0.3125,,
mbrainz_18055,lastFM_6947,0.3333333333333333,,
mbrainz_9004,lastFM_54763,0.3,,
mbrainz_16299,lastFM_37411,1.0,,
mbrainz_20044,lastFM_50456,0.6666666666666666,,
mbrainz_18536,lastFM_9654,0.5,,
mbrainz_4046,lastFM_8404,0.75,,
mbrainz_3557,lastFM_7430,0.8333333333333333,,
mbrainz_11156,lastFM_23945,1.0,,
mbrainz_23210,lastFM_58864,0.6666666666666666,,
mbrainz_972,lastFM_2257,0.875,,
mbrainz_142,lastFM_189,0.8333333333333333,,
mbrainz_7602,lastFM_16216,0.9,True,TP
mbrainz_15041,lastFM_33066,0.6666666666666666,,
mbrainz_16714,lastFM_38743,0.875,,
mbrainz_31666,lastFM_78755,0.9285714285714286,True,TP
mbrainz_4325,lastFM_7653,0.3,,
mbrainz_22462,lastFM_25990,0.5666666666666667,True,TP
mbrainz_206,lastFM_355,0.6666666666666666,True,TP
mbrainz_558,lastFM_1216,0.6666666666666666,,
mbrainz_30854,lastFM_76980,1.0,,
mbrainz_32790,lastFM_13897,0.5,,
mbrainz_12797,lastFM_27551,1.0,,
mbrainz_20391,lastFM_66547,0.5,,
mbrainz_2347,lastFM_5056,0.75,,
mbrainz_20660,lastFM_30330,0.5,,
mbrainz_113,lastFM_148,0.75,,
mbrainz_3452,lastFM_7445,0.5,,
mbrainz_18232,lastFM_44105,1.0,,
mbrainz_29147,lastFM_72717,1.0,,
mbrainz_1,lastFM_1,0.8333333333333333,,
mbrainz_25717,lastFM_64767,0.75,,
mbrainz_4551,lastFM_43651,0.5,,
mbrainz_21036,lastFM_53144,0.41666666666666663,,
mbrainz_13649,lastFM_8113,0.5,,
mbrainz_33453,lastFM_44722,0.375,False,FP
mbrainz_3575,lastFM_7467,1.0,,
mbrainz_16332,lastFM_37542,1.0,,
mbrainz_23237,lastFM_55925,0.5,,
mbrainz_43,lastFM_10006,0.3,,
mbrainz_9690,lastFM_12788,0.4583333333333333,,
mbrainz_16465,lastFM_36426,0.375,,
mbrainz_11846,lastFM_25482,0.41666666666666663,,
mbrainz_118,lastFM_154,0.5,,
mbrainz_19306,lastFM_55048,0.3333333333333333,,
mbrainz_171,lastFM_9093,0.5,,
mbrainz_1907,lastFM_4245,0.41666666666666663,,
mbrainz_10797,lastFM_3963,0.5,,
mbrainz_26557,lastFM_66588,0.41666666666666663,,
mbrainz_26099,lastFM_28652,0.5,,
mbrainz_6891,lastFM_14591,0.43333333333333335,,
mbrainz_16469,lastFM_3877,0.3333333333333333,,
mbrainz_2807,lastFM_68199,0.5,,
mbrainz_11353,lastFM_24354,0.9166666666666667,,
mbrainz_3854,lastFM_8155,0.5,,
mbrainz_18378,lastFM_44562,0.8333333333333333,,
mbrainz_13896,lastFM_30168,0.75,,
mbrainz_16036,lastFM_36350,0.6666666666666666,,
mbrainz_3535,lastFM_61573,0.3333333333333333,,
mbrainz_28159,lastFM_70447,0.5,,
mbrainz_14007,lastFM_30428,0.875,,
mbrainz_17583,lastFM_41766,0.8571428571428572,,
mbrainz_298,lastFM_34933,0.5,,
mbrainz_18974,lastFM_13768,0.3333333333333333,,
mbrainz_10382,lastFM_22153,0.8333333333333333,,
mbrainz_20762,lastFM_78877,0.5,,
mbrainz_17474,lastFM_1426,0.5,,
mbrainz_17077,lastFM_71675,0.3333333333333333,,
mbrainz_11568,lastFM_24806,1.0,,
mbrainz_14789,lastFM_32434,0.6666666666666666,,
mbrainz_7696,lastFM_16440,0.6666666666666666,True,TP
mbrainz_175,lastFM_278,1.0,,
mbrainz_12873,lastFM_27735,0.6666666666666666,,
mbrainz_10196,lastFM_21754,0.875,,
mbrainz_2996,lastFM_6336,1.0,,
mbrainz_25004,lastFM_63155,0.5833333333333333,,
mbrainz_3693,lastFM_7694,0.9166666666666667,,
mbrainz_5072,lastFM_10538,1.0,,
mbrainz_23545,lastFM_13375,0.6666666666666666,,
mbrainz_325,lastFM_21923,0.5,,
mbrainz_5205,lastFM_10849,0.75,True,TP
mbrainz_21374,lastFM_72538,0.3333333333333333,,
mbrainz_6404,lastFM_13508,0.75,,
mbrainz_12309,lastFM_26501,1.0,,
mbrainz_1165,lastFM_2692,0.75,,
mbrainz_22422,lastFM_20220,0.5,,
mbrainz_1271,lastFM_2946,1.0,,
mbrainz_7812,lastFM_10298,0.5,,
mbrainz_19740,lastFM_49563,0.6666666666666666,,
mbrainz_8992,lastFM_19147,0.43333333333333335,,
mbrainz_15563,lastFM_34272,0.5666666666666667,,
mbrainz_3105,lastFM_6557,0.6666666666666666,,
mbrainz_19023,lastFM_28772,0.5,,
mbrainz_2105,lastFM_10989,0.5,,
mbrainz_20645,lastFM_52043,0.75,,
mbrainz_4060,lastFM_8423,0.6666666666666666,,
mbrainz_9240,lastFM_44997,0.3333333333333333,,
mbrainz_7772,lastFM_9763,0.3,,
mbrainz_9705,lastFM_40388,0.5,,
mbrainz_19403,lastFM_21704,0.4,,
mbrainz_6966,lastFM_14780,1.0,,
mbrainz_17264,lastFM_37589,0.30000000000000004,,
mbrainz_30449,lastFM_76014,0.8,,
mbrainz_134,lastFM_176,0.7857142857142857,,
mbrainz_1884,lastFM_5548,0.41666666666666663,,
mbrainz_14594,lastFM_31957,1.0,,
mbrainz_1286,lastFM_2978,1.0,,
mbrainz_16405,lastFM_37799,0.5,,
mbrainz_15494,lastFM_34100,0.9,,
mbrainz_8709,lastFM_18559,1.0,,
mbrainz_6734,lastFM_39896,0.5,,
mbrainz_6154,lastFM_12964,0.675,,
mbrainz_3664,lastFM_7624,0.75,,
mbrainz_610,lastFM_1394,0.75,,
mbrainz_12400,lastFM_91,0.3333333333333333,,
mbrainz_5054,lastFM_10490,1.0,,
mbrainz_8053,lastFM_17195,0.75,,
mbrainz_62,lastFM_82,0.9166666666666667,,
mbrainz_26101,lastFM_65593,1.0,,
mbrainz_2110,lastFM_4600,0.5666666666666667,,
mbrainz_1468,lastFM_68923,0.6666666666666666,,
mbrainz_7457,lastFM_14259,0.5,,
mbrainz_4311,lastFM_12040,0.5,,
mbrainz_754,lastFM_1769,0.875,,
mbrainz_7047,lastFM_30169,0.30000000000000004,,
mbrainz_10035,lastFM_21375,0.5952380952380952,True,TP
mbrainz_943,lastFM_2186,0.8,True,TP
mbrainz_511,lastFM_1122,0.8333333333333333,,
mbrainz_24470,lastFM_6368,0.3333333333333333,,
mbrainz_32383,lastFM_21680,0.5,,
mbrainz_27016,lastFM_34114,0.4444444444444444,,
mbrainz_1791,lastFM_4036,0.9,,
mbrainz_5358,lastFM_11224,1.0,,
mbrainz_30343,lastFM_75729,0.5,,
mbrainz_2306,lastFM_19599,0.5,,
mbrainz_15438,lastFM_25383,0.5,,
mbrainz_3646,lastFM_7596,1.0,True,TP
mbrainz_14634,lastFM_32042,1.0,,
mbrainz_21750,lastFM_2690,0.5,,
mbrainz_9680,lastFM_20598,0.5416666666666666,True,TP
mbrainz_13079,lastFM_28223,0.6071428571428572,,
mbrainz_28629,lastFM_27297,0.3333333333333333,,
mbrainz_5996,lastFM_35857,0.3333333333333333,,
mbrainz_571,lastFM_1255,1.0,,
mbrainz_2101,lastFM_4590,1.0,,
mbrainz_3131,lastFM_12897,0.3333333333333333,,
mbrainz_8635,lastFM_18400,0.75,,
mbrainz_1715,lastFM_21256,0.3333333333333333,False,FP
mbrainz_7673,lastFM_16381,0.6666666666666667,,
mbrainz_6864,lastFM_68102,0.375,,
mbrainz_16794,lastFM_38992,0.8333333333333333,,
mbrainz_19745,lastFM_49570,0.9,True,TP
mbrainz_28820,lastFM_72013,0.9166666666666667,,
mbrainz_4236,lastFM_8775,1.0,,
mbrainz_14837,lastFM_31850,0.6666666666666666,,
mbrainz_25656,lastFM_64649,0.75,,
mbrainz_22029,lastFM_55910,1.0,,
mbrainz_1113,lastFM_2562,0.8333333333333333,,
mbrainz_6976,lastFM_14811,0.6666666666666666,,
mbrainz_7301,lastFM_15602,0.5416666666666666,,
mbrainz_30086,lastFM_19429,0.5,,
mbrainz_18214,lastFM_25375,0.3333333333333333,,
mbrainz_15344,lastFM_33751,0.8333333333333333,,
mbrainz_19488,lastFM_48496,1.0,,
mbrainz_4818,lastFM_9975,0.75,True,TP
mbrainz_1591,lastFM_69577,0.5714285714285714,,
mbrainz_704,lastFM_33096,0.5,,
mbrainz_3175,lastFM_6702,0.6666666666666666,,
mbrainz_4134,lastFM_8572,0.6666666666666666,,
mbrainz_2836,lastFM_6011,0.5833333333333334,,
mbrainz_26717,lastFM_20745,0.3333333333333333,,
mbrainz_15043,lastFM_36438,0.3333333333333333,,
mbrainz_32325,lastFM_80320,0.5416666666666666,,
mbrainz_3001,lastFM_9586,0.5,,
mbrainz_21193,lastFM_53599,0.5,,
mbrainz_29088,lastFM_72590,1.0,True,TP
mbrainz_656,lastFM_1528,1.0,,
mbrainz_6699,lastFM_14149,0.6666666666666666,,
mbrainz_3238,lastFM_30816,0.5,,
mbrainz_25927,lastFM_65227,0.5,,
mbrainz_7764,lastFM_16567,0.875,,
mbrainz_583,lastFM_2228,0.5,,
mbrainz_2444,lastFM_11404,0.5,,
mbrainz_10633,lastFM_22724,0.41666666666666663,,
mbrainz_4569,lastFM_18643,0.5,,
mbrainz_23585,lastFM_30485,0.5,,
mbrainz_4234,lastFM_8772,0.8333333333333333,,
mbrainz_26506,lastFM_66470,1.0,,
mbrainz_16161,lastFM_36891,0.875,,
mbrainz_19636,lastFM_48919,0.9,,
mbrainz_14760,lastFM_64550,0.3,False,FP
mbrainz_10020,lastFM_21338,1.0,,
mbrainz_27651,lastFM_69270,0.41666666666666663,,
mbrainz_14511,lastFM_328,0.5,,
mbrainz_5957,lastFM_12239,0.5,,
mbrainz_15831,lastFM_35447,1.0,True,TP
mbrainz_20400,lastFM_22069,0.3333333333333333,,
mbrainz_3723,lastFM_5964,0.5,,
mbrainz_239,lastFM_414,0.6666666666666666,,
mbrainz_15790,lastFM_18252,0.3333333333333333,,
mbrainz_19744,lastFM_2271,0.3333333333333333,,
mbrainz_14382,lastFM_36701,0.375,,
mbrainz_108,lastFM_142,1.0,True,TP
mbrainz_20785,lastFM_52364,1.0,,
mbrainz_28403,lastFM_71019,0.9375,,
mbrainz_23745,lastFM_60170,0.625,True,TP
mbrainz_16001,lastFM_35907,1.0,,
mbrainz_7860,lastFM_16760,0.6,True,TP
mbrainz_1473,lastFM_3437,0.6666666666666666,,
mbrainz_16912,lastFM_20965,0.5,,
mbrainz_5879,lastFM_12401,0.9,,
mbrainz_3758,lastFM_16164,0.3,,
mbrainz_1153,lastFM_2659,0.6666666666666666,,
mbrainz_1366,lastFM_5399,0.5,,
mbrainz_10431,lastFM_22253,0.6666666666666666,,
mbrainz_28045,lastFM_4672,0.5,,
mbrainz_14396,lastFM_31469,0.41666666666666663,,
mbrainz_31440,lastFM_50788,0.5,,
mbrainz_576,lastFM_19555,0.5,,
mbrainz_9028,lastFM_8742,0.5,,
mbrainz_7894,lastFM_16835,0.75,,
mbrainz_3600,lastFM_4332,0.3333333333333333,,
mbrainz_24541,lastFM_72748,0.3333333333333333,,
mbrainz_10236,lastFM_69820,0.3333333333333333,,
mbrainz_2707,lastFM_5740,1.0,,
mbrainz_31707,lastFM_78863,0.6666666666666666,,
mbrainz_11521,lastFM_39173,0.5,,
mbrainz_10074,lastFM_21454,0.5666666666666667,,
mbrainz_6924,lastFM_17651,0.41666666666666663,,
mbrainz_830,lastFM_1923,0.75,,
mbrainz_19233,lastFM_4446,0.5,,
mbrainz_11389,lastFM_17566,0.3333333333333333,,
mbrainz_31735,lastFM_78932,1.0,,
mbrainz_1697,lastFM_3891,0.8333333333333333,,
mbrainz_7097,lastFM_21547,0.5,,
mbrainz_61,lastFM_81,1.0,,
mbrainz_2192,lastFM_28849,0.5,,
mbrainz_20594,lastFM_51898,1.0,,
mbrainz_4151,lastFM_46159,0.3,,
mbrainz_1957,lastFM_7505,0.5,,
mbrainz_22234,lastFM_78783,0.3,,
mbrainz_17890,lastFM_29103,0.5,,
mbrainz_1344,lastFM_13476,0.5,,
mbrainz_1552,lastFM_3624,0.75,,
mbrainz_3423,lastFM_7179,1.0,,
mbrainz_111,lastFM_146,0.6666666666666666,,
mbrainz_1887,lastFM_4209,0.875,,
mbrainz_1721,lastFM_4447,0.3333333333333333,,
mbrainz_19246,lastFM_47536,0.45,True,TP
mbrainz_20392,lastFM_51395,0.75,True,TP
mbrainz_13103,lastFM_28268,0.4666666666666667,,
mbrainz_17791,lastFM_42454,1.0,,
mbrainz_11537,lastFM_24723,0.8333333333333333,,
mbrainz_697,lastFM_1628,0.8,,
mbrainz_1128,lastFM_2589,1.0,,
mbrainz_11479,lastFM_24600,0.6666666666666666,,
mbrainz_12301,lastFM_26483,0.8333333333333333,,
mbrainz_17166,lastFM_40196,0.5,,
mbrainz_26788,lastFM_67117,0.5,,
mbrainz_32734,lastFM_77802,0.5909090909090909,,
mbrainz_4109,lastFM_8515,0.75,,
mbrainz_15139,lastFM_33295,0.9,,
mbrainz_8380,lastFM_17919,0.75,,
mbrainz_18402,lastFM_44638,0.5666666666666667,,
mbrainz_466,lastFM_5472,0.75,,
mbrainz_3773,lastFM_7844,1.0,,
mbrainz_1859,lastFM_4169,0.75,,
mbrainz_13493,lastFM_26463,0.5,,
mbrainz_2368,lastFM_5096,0.875,,
mbrainz_29437,lastFM_73380,0.75,True,TP
mbrainz_7208,lastFM_15370,0.9,,
mbrainz_8886,lastFM_6837,0.5,,
mbrainz_2514,lastFM_208,0.3333333333333333,,
mbrainz_449,lastFM_936,0.75,,
mbrainz_7067,lastFM_10263,0.5,,
mbrainz_381,lastFM_23989,0.5,,
mbrainz_11858,lastFM_25508,0.5833333333333333,,
mbrainz_5315,lastFM_4156,0.5,,
mbrainz_565,lastFM_1241,1.0,,
mbrainz_28364,lastFM_70922,1.0,,
mbrainz_17691,lastFM_80441,0.3,,
mbrainz_12443,lastFM_26807,0.5666666666666667,,
mbrainz_1129,lastFM_10282,0.5,,
mbrainz_14245,lastFM_31076,0.75,,
mbrainz_18486,lastFM_44925,0.9285714285714286,,
mbrainz_4541,lastFM_18340,0.5416666666666666,False,FP
mbrainz_15891,lastFM_10951,0.5,,
mbrainz_33650,lastFM_83170,0.9166666666666667,,
mbrainz_17850,lastFM_37119,0.375,,
mbrainz_14630,lastFM_32033,1.0,,
mbrainz_2717,lastFM_5778,0.5,,
mbrainz_1349,lastFM_3139,1.0,,
mbrainz_14737,lastFM_13630,0.5,,
mbrainz_16241,lastFM_71083,0.4,,
mbrainz_8580,lastFM_18298,0.8333333333333333,True,TP
mbrainz_7572,lastFM_16163,1.0,,
mbrainz_22063,lastFM_26719,0.5,,
mbrainz_15091,lastFM_33183,0.9,,
mbrainz_176,lastFM_282,0.6666666666666666,,
mbrainz_91,lastFM_120,1.0,,
mbrainz_5214,lastFM_10871,0.4,,
mbrainz_12395,lastFM_15941,0.3333333333333333,,
mbrainz_8868,lastFM_51611,0.5,,
mbrainz_18544,lastFM_45129,0.65,,
mbrainz_708,lastFM_1656,1.0,,
mbrainz_28118,lastFM_26923,0.3,,
mbrainz_23923,lastFM_60582,0.5666666666666667,True,TP
mbrainz_15185,lastFM_75123,0.5,,
mbrainz_4185,lastFM_8676,0.6666666666666666,,
mbrainz_24164,lastFM_30323,0.5,,
mbrainz_19701,lastFM_7338,0.3333333333333333,,
mbrainz_1952,lastFM_47397,0.3,,
mbrainz_5415,lastFM_11345,1.0,,
mbrainz_18543,lastFM_42973,0.3333333333333333,,
mbrainz_71,lastFM_93,1.0,,
mbrainz_22269,lastFM_56504,1.0,,
mbrainz_18855,lastFM_46216,1.0,,
mbrainz_2922,lastFM_77339,0.3333333333333333,,
mbrainz_2710,lastFM_5754,0.5833333333333334,,
mbrainz_2342,lastFM_5049,1.0,,
mbrainz_28630,lastFM_3023,0.5,,
mbrainz_1479,lastFM_7341,0.5,,
mbrainz_6579,lastFM_50372,0.3,,
mbrainz_1449,lastFM_3367,0.75,,
mbrainz_20393,lastFM_43478,0.5,,
mbrainz_13002,lastFM_11714,0.5,,
mbrainz_7969,lastFM_15027,0.44285714285714284,,
mbrainz_25765,lastFM_64846,0.6666666666666667,,
mbrainz_8426,lastFM_51546,0.3333333333333333,,
mbrainz_4771,lastFM_57450,0.5,,
mbrainz_6329,lastFM_13362,1.0,,
mbrainz_15289,lastFM_19094,0.5,,
mbrainz_13271,lastFM_19175,0.5,,
mbrainz_7063,lastFM_14995,0.6666666666666666,,
mbrainz_6459,lastFM_40252,0.5,,
mbrainz_15818,lastFM_35387,0.75,,
mbrainz_8751,lastFM_18652,0.6666666666666666,,
mbrainz_12051,lastFM_25962,1.0,,
mbrainz_10968,lastFM_23497,1.0,,
mbrainz_27665,lastFM_67929,0.35,,
mbrainz_3686,lastFM_7673,0.8333333333333333,,
mbrainz_18332,lastFM_18786,0.3333333333333333,,
mbrainz_11022,lastFM_23632,0.8333333333333333,,
mbrainz_29663,lastFM_73999,0.8333333333333333,,
mbrainz_3615,lastFM_7538,1.0,,
mbrainz_9063,lastFM_19312,1.0,True,TP
mbrainz_471,lastFM_991,1.0,,
mbrainz_12116,lastFM_43050,0.5,,
mbrainz_3341,lastFM_7006,0.8333333333333333,,
mbrainz_25434,lastFM_64133,0.8571428571428572,True,TP
mbrainz_13366,lastFM_28889,1.0,,
mbrainz_20057,lastFM_50487,0.875,,
mbrainz_7739,lastFM_30819,0.5,,
mbrainz_3544,lastFM_7410,0.75,,
mbrainz_10183,lastFM_18450,0.3333333333333333,,
mbrainz_7581,lastFM_15844,0.5,,
mbrainz_131,lastFM_13371,0.5,,
mbrainz_7672,lastFM_1264,0.5,,
mbrainz_11878,lastFM_25549,1.0,,
mbrainz_21601,lastFM_54718,1.0,,
mbrainz_27122,lastFM_67912,0.6666666666666666,,
mbrainz_557,lastFM_1213,0.75,,
mbrainz_15577,lastFM_34317,1.0,,
mbrainz_1482,lastFM_3456,0.75,,
mbrainz_14597,lastFM_31968,0.9090909090909092,,
mbrainz_12553,lastFM_27032,0.6,True,TP
mbrainz_2511,lastFM_5358,0.6666666666666666,,
mbrainz_29935,lastFM_45389,0.375,,
mbrainz_10070,lastFM_21449,0.75,True,TP
mbrainz_12359,lastFM_17282,0.30952380952380953,,
mbrainz_7273,lastFM_15528,0.8333333333333333,,
mbrainz_2383,lastFM_24748,0.3125,,
mbrainz_19614,lastFM_6911,0.5,,
mbrainz_3154,lastFM_6656,1.0,,
mbrainz_475,lastFM_997,0.6666666666666666,,
mbrainz_14029,lastFM_23394,0.3357142857142857,,
mbrainz_8534,lastFM_18215,0.7777777777777778,,
mbrainz_11584,lastFM_24837,0.6785714285714286,,
mbrainz_6162,lastFM_12988,0.75,,
mbrainz_47,lastFM_65,1.0,,
mbrainz_8653,lastFM_14051,0.375,,
mbrainz_14487,lastFM_31690,0.6666666666666666,,
mbrainz_26345,lastFM_32168,0.3333333333333333,,
mbrainz_8345,lastFM_34390,0.3333333333333333,,
mbrainz_12959,lastFM_26956,0.5,,
mbrainz_26570,lastFM_66626,1.0,,
mbrainz_14218,lastFM_31015,1.0,,
mbrainz_8670,lastFM_65565,0.3,,
mbrainz_10604,lastFM_20291,0.5,,
mbrainz_13381,lastFM_15261,0.3333333333333333,,
mbrainz_18185,lastFM_43944,1.0,,
mbrainz_29586,lastFM_73815,0.875,,
mbrainz_26672,lastFM_66858,1.0,,
mbrainz_10547,lastFM_16956,0.6666666666666667,,
mbrainz_11548,lastFM_5124,0.5,,
mbrainz_21064,lastFM_9559,0.5,,
mbrainz_31701,lastFM_60045,0.3,,
mbrainz_5542,lastFM_11669,0.41666666666666663,,
mbrainz_2075,lastFM_4546,0.6666666666666666,True,TP
mbrainz_745,lastFM_214,0.3333333333333333,,
mbrainz_12928,lastFM_27848,0.41666666666666663,,
mbrainz_5250,lastFM_13962,0.5,,
mbrainz_931,lastFM_2157,1.0,,
mbrainz_13787,lastFM_4539,0.5,,
mbrainz_6314,lastFM_13323,1.0,,
mbrainz_12997,lastFM_28024,0.6666666666666666,,
mbrainz_12566,lastFM_27070,0.75,,
mbrainz_10230,lastFM_7662,0.3333333333333333,,
mbrainz_19967,lastFM_50250,0.5666666666666667,,
mbrainz_21284,lastFM_53844,0.6666666666666666,,
mbrainz_15359,lastFM_33784,0.8333333333333333,,
mbrainz_103,lastFM_137,1.0,,
mbrainz_9062,lastFM_19310,1.0,,
mbrainz_621,lastFM_16893,0.3,,
mbrainz_26340,lastFM_20999,0.5,,
mbrainz_13054,lastFM_72004,0.3333333333333333,,
mbrainz_4683,lastFM_9662,0.8571428571428572,,
mbrainz_1172,lastFM_2711,1.0,True,TP
mbrainz_23937,lastFM_60625,0.9,,
mbrainz_2112,lastFM_4604,0.9,True,TP
mbrainz_3766,lastFM_7836,0.8333333333333333,,
mbrainz_13319,lastFM_47244,0.3333333333333333,,
mbrainz_24950,lastFM_63042,0.5,,
mbrainz_5823,lastFM_12283,1.0,,
mbrainz_9746,lastFM_66952,0.3333333333333333,,
mbrainz_29297,lastFM_177,0.5,,
mbrainz_2148,lastFM_4661,0.9,,
mbrainz_2530,lastFM_5395,0.41666666666666663,,
mbrainz_6958,lastFM_14765,1.0,,
mbrainz_280,lastFM_482,1.0,,
mbrainz_33466,lastFM_44582,0.5,,
mbrainz_330,lastFM_2763,0.875,,
mbrainz_6312,lastFM_13320,0.5833333333333334,,
mbrainz_114,lastFM_35290,0.3333333333333333,,
mbrainz_21428,lastFM_17845,0.5,,
mbrainz_5219,lastFM_10885,1.0,,
mbrainz_853,lastFM_1117,0.5,,
mbrainz_3576,lastFM_4980,0.3333333333333333,,
mbrainz_1523,lastFM_3551,0.75,,
mbrainz_4,lastFM_15074,0.5,,
mbrainz_26628,lastFM_66759,0.75,True,TP
mbrainz_3746,lastFM_1004,0.5,,
mbrainz_136,lastFM_48679,0.3,,
mbrainz_2012,lastFM_740,0.5,,
mbrainz_26449,lastFM_7923,0.625,,
mbrainz_3688,lastFM_7677,0.75,,
mbrainz_20179,lastFM_50832,1.0,,
mbrainz_7821,lastFM_16685,0.5,,
mbrainz_33822,lastFM_83571,0.6666666666666666,,
mbrainz_9988,lastFM_19852,0.5,,
mbrainz_10115,lastFM_48859,0.8333333333333333,,
mbrainz_11431,lastFM_24512,0.6666666666666666,True,TP
mbrainz_826,lastFM_1915,0.8333333333333333,,
mbrainz_3741,lastFM_7789,0.9,True,TP
mbrainz_14836,lastFM_32543,0.6666666666666666,,
mbrainz_10569,lastFM_22580,1.0,,
mbrainz_7167,lastFM_43863,0.5,,
mbrainz_3579,lastFM_7473,0.41666666666666663,,
mbrainz_8083,lastFM_17263,0.6666666666666666,,
mbrainz_17086,lastFM_39977,0.75,,
mbrainz_6078,lastFM_41949,0.3333333333333333,,
mbrainz_14153,lastFM_20953,0.3333333333333333,,
mbrainz_13149,lastFM_28361,0.35,,
mbrainz_581,lastFM_1306,1.0,,
mbrainz_15463,lastFM_34037,0.5,,
mbrainz_20422,lastFM_41530,0.5,,
mbrainz_21610,lastFM_54734,0.41666666666666663,,
mbrainz_14174,lastFM_80919,0.875,,
mbrainz_4977,lastFM_15751,0.5,,
mbrainz_18468,lastFM_44876,0.625,,
mbrainz_2909,lastFM_6146,0.3333333333333333,,
mbrainz_24283,lastFM_61480,0.5,,
mbrainz_13895,lastFM_30167,0.75,,
mbrainz_18301,lastFM_44336,1.0,,
mbrainz_6315,lastFM_13325,0.9,,
mbrainz_4707,lastFM_9726,1.0,,
mbrainz_153,lastFM_2137,0.5,,
mbrainz_8528,lastFM_18208,1.0,,
mbrainz_2328,lastFM_5023,0.75,,
mbrainz_14547,lastFM_31842,0.9166666666666667,,
mbrainz_9005,lastFM_8266,0.5,,
mbrainz_1469,lastFM_33963,0.5,,
mbrainz_6602,lastFM_13952,0.875,,
mbrainz_5880,lastFM_9944,0.5,,
mbrainz_8371,lastFM_17904,0.8333333333333333,,
mbrainz_10902,lastFM_23352,0.9,,
mbrainz_1158,lastFM_2667,0.5,,
mbrainz_17785,lastFM_42440,1.0,,
mbrainz_14563,lastFM_14575,0.5,,
mbrainz_509,lastFM_11137,0.5,,
mbrainz_870,lastFM_2026,1.0,,
mbrainz_244,lastFM_421,1.0,,
mbrainz_9235,lastFM_19646,0.75,True,TP
mbrainz_11165,lastFM_23962,1.0,,
mbrainz_5596,lastFM_11781,1.0,,
mbrainz_3406,lastFM_67473,0.5,,
mbrainz_982,lastFM_2283,1.0,True,TP
mbrainz_13133,lastFM_28322,0.8333333333333333,,
mbrainz_13618,lastFM_12957,0.3333333333333333,,
mbrainz_592,lastFM_1342,1.0,,
mbrainz_14726,lastFM_32281,1.0,,
mbrainz_17724,lastFM_1511,0.5,,
mbrainz_26756,lastFM_67034,0.5666666666666667,,
mbrainz_15680,lastFM_34918,0.9,,
mbrainz_31775,lastFM_29097,0.75,,
mbrainz_14773,lastFM_32396,0.75,,
mbrainz_1990,lastFM_4403,0.8333333333333333,,
mbrainz_18469,lastFM_44878,0.7333333333333334,True,TP
mbrainz_27580,lastFM_69091,1.0,True,TP
mbrainz_24398,lastFM_61759,0.9,,
mbrainz_2162,lastFM_4697,0.7878787878787878,,
mbrainz_32020,lastFM_79648,1.0,,
mbrainz_6547,lastFM_13835,1.0,,
mbrainz_3630,lastFM_5989,0.5,,
mbrainz_19441,lastFM_48328,0.41666666666666663,,
mbrainz_12155,lastFM_26183,1.0,,
mbrainz_4986,lastFM_167,0.5,,
mbrainz_16842,lastFM_44630,0.5,,
mbrainz_6168,lastFM_13001,0.5416666666666666,,
mbrainz_4107,lastFM_3379,0.3333333333333333,,
mbrainz_21295,lastFM_53871,1.0,True,TP
mbrainz_20674,lastFM_52099,0.6666666666666666,,
mbrainz_8326,lastFM_10200,0.5,,
mbrainz_1600,lastFM_3745,0.6666666666666666,,
mbrainz_29937,lastFM_19140,0.5,,
mbrainz_2016,lastFM_37604,0.5,,
mbrainz_8849,lastFM_18851,0.75,,
mbrainz_3014,lastFM_6375,1.0,,
mbrainz_4044,lastFM_53999,0.5,,
mbrainz_8680,lastFM_18500,1.0,,
mbrainz_28247,lastFM_25170,0.5,,
mbrainz_18743,lastFM_45844,0.875,,
mbrainz_11606,lastFM_24884,1.0,,
mbrainz_3034,lastFM_6404,1.0,,
mbrainz_7773,lastFM_16581,0.75,,
mbrainz_14100,lastFM_30695,0.75,,
mbrainz_42,lastFM_17891,0.5,,
mbrainz_30659,lastFM_76507,0.9,,
mbrainz_11647,lastFM_24976,1.0,True,TP
mbrainz_11435,lastFM_24521,0.4666666666666667,,
mbrainz_11436,lastFM_24522,0.5666666666666667,,
mbrainz_72,lastFM_94,0.6666666666666666,,
mbrainz_17880,lastFM_42994,0.6,,
mbrainz_6000,lastFM_37255,0.3,,
mbrainz_19124,lastFM_20716,0.375,,
mbrainz_1747,lastFM_10369,0.5,,
mbrainz_2690,lastFM_29523,0.30952380952380953,,
mbrainz_3509,lastFM_15689,0.5,,
mbrainz_8147,lastFM_17430,0.41666666666666663,,
mbrainz_8933,lastFM_19013,1.0,,
mbrainz_24503,lastFM_61997,1.0,,
mbrainz_17798,lastFM_42470,0.9166666666666667,,
mbrainz_740,lastFM_1744,0.7,,
mbrainz_18487,lastFM_44927,0.875,,
mbrainz_6573,lastFM_18264,0.5,,
mbrainz_10808,lastFM_23154,1.0,,
mbrainz_4035,lastFM_8383,0.5,,
mbrainz_3517,lastFM_5278,0.5,,
mbrainz_868,lastFM_2023,0.875,,
mbrainz_15365,lastFM_33794,1.0,,
mbrainz_25906,lastFM_14214,0.3,,
mbrainz_31451,lastFM_13633,0.369047619047619,,
mbrainz_3879,lastFM_28260,0.37142857142857144,,
mbrainz_423,lastFM_875,0.75,,
mbrainz_18518,lastFM_45052,0.8,,
mbrainz_11974,lastFM_25766,0.65,,
mbrainz_2753,lastFM_5854,0.5,,
mbrainz_12446,lastFM_26814,1.0,,
mbrainz_30257,lastFM_75539,1.0,,
mbrainz_30835,lastFM_70689,0.3333333333333333,,
mbrainz_1170,lastFM_2706,0.875,,
mbrainz_20534,lastFM_51763,0.75,,
mbrainz_11251,lastFM_24126,0.41666666666666663,,
mbrainz_3971,lastFM_33138,0.303030303030303,,
mbrainz_31039,lastFM_23141,0.3,,
mbrainz_18946,lastFM_46525,0.6041666666666666,,
mbrainz_31636,lastFM_78672,1.0,,
mbrainz_11085,lastFM_23767,1.0,,
mbrainz_3514,lastFM_56542,0.5,,
mbrainz_1263,lastFM_2922,0.8333333333333333,,
mbrainz_25178,lastFM_63547,1.0,,
mbrainz_1361,lastFM_3168,0.5952380952380952,,
mbrainz_23071,lastFM_32947,0.6666666666666666,,
mbrainz_24437,lastFM_61842,0.8333333333333333,,
mbrainz_612,lastFM_1399,1.0,,
mbrainz_5482,lastFM_37737,0.3333333333333333,,
mbrainz_5921,lastFM_29413,0.5,,
mbrainz_3348,lastFM_58638,0.5,,
mbrainz_20524,lastFM_51744,0.75,,
mbrainz_2926,lastFM_13922,0.5,,
mbrainz_10193,lastFM_21741,0.5238095238095238,,
mbrainz_9292,lastFM_19761,0.5,,
mbrainz_29510,lastFM_68519,0.5,,
mbrainz_13202,lastFM_13108,0.5,,
mbrainz_12777,lastFM_20685,0.5,,
mbrainz_20938,lastFM_52817,0.75,,
mbrainz_130,lastFM_33194,0.5,,
mbrainz_27382,lastFM_68528,0.8333333333333333,,
mbrainz_16073,lastFM_7752,0.5,,
mbrainz_24019,lastFM_60835,0.75,,
mbrainz_11648,lastFM_2329,0.3,,
mbrainz_16932,lastFM_39506,1.0,,
mbrainz_20463,lastFM_57373,0.5,,
mbrainz_8020,lastFM_17116,0.8333333333333333,,
mbrainz_8496,lastFM_18143,1.0,,
mbrainz_8994,lastFM_19152,1.0,True,TP
mbrainz_16471,lastFM_38000,1.0,,
mbrainz_9221,lastFM_19606,0.6666666666666666,,
mbrainz_9794,lastFM_20852,0.9,True,TP
mbrainz_21487,lastFM_49466,0.5,,
mbrainz_18982,lastFM_46620,0.5952380952380952,,
mbrainz_12303,lastFM_26487,1.0,,
mbrainz_26210,lastFM_65837,0.41666666666666663,,
mbrainz_3562,lastFM_13392,0.375,,
mbrainz_5259,lastFM_10967,0.9,True,TP
mbrainz_11016,lastFM_28680,0.4,,
mbrainz_10117,lastFM_2704,0.5,,
mbrainz_66,lastFM_88,1.0,,
mbrainz_2286,lastFM_4937,0.5,,
mbrainz_132,lastFM_172,0.41666666666666663,,
mbrainz_2924,lastFM_3583,0.5,,
mbrainz_5747,lastFM_45963,0.5,,
mbrainz_10905,lastFM_23360,0.8333333333333333,,
mbrainz_13364,lastFM_28886,1.0,,
mbrainz_3221,lastFM_14844,0.5,,
mbrainz_25545,lastFM_10103,0.30000000000000004,,
mbrainz_19663,lastFM_8638,0.5,,
mbrainz_32644,lastFM_31926,0.5,,
mbrainz_9706,lastFM_20677,0.9285714285714286,,
mbrainz_22311,lastFM_56630,1.0,,
mbrainz_15122,lastFM_33265,0.41666666666666663,,
mbrainz_7738,lastFM_16509,0.6666666666666666,,
mbrainz_22872,lastFM_58028,0.8333333333333333,,
mbrainz_31794,lastFM_79108,0.5,,
mbrainz_12217,lastFM_26304,0.5757575757575758,,
mbrainz_5290,lastFM_11039,0.6666666666666666,,
mbrainz_919,lastFM_6999,0.5,,
mbrainz_18349,lastFM_44469,0.9166666666666667,,
mbrainz_2398,lastFM_27238,0.5,,
mbrainz_25432,lastFM_64124,0.6666666666666666,,
mbrainz_55,lastFM_17515,0.5,,
mbrainz_14703,lastFM_32225,0.6666666666666666,,
mbrainz_5466,lastFM_1930,0.3333333333333333,,
mbrainz_7574,lastFM_16166,1.0,,
mbrainz_3207,lastFM_18371,0.5,,
mbrainz_2046,lastFM_4499,0.6666666666666666,,
mbrainz_22925,lastFM_19737,0.5,,
mbrainz_12720,lastFM_27405,1.0,,
mbrainz_9660,lastFM_14018,0.5,,
mbrainz_16275,lastFM_37289,1.0,,
mbrainz_1725,lastFM_3935,1.0,,
mbrainz_2181,lastFM_4730,0.75,,
mbrainz_24830,lastFM_62776,0.875,,
mbrainz_2743,lastFM_5831,0.7857142857142857,,
mbrainz_9696,lastFM_20649,0.6666666666666666,,
mbrainz_174,lastFM_277,0.875,,
mbrainz_5301,lastFM_11073,1.0,,
mbrainz_17778,lastFM_5790,0.5,,
mbrainz_1265,lastFM_5325,0.3,,
mbrainz_1422,lastFM_54797,0.375,,
mbrainz_9783,lastFM_20833,1.0,,
mbrainz_2668,lastFM_5670,1.0,,
mbrainz_9881,lastFM_21063,1.0,,
mbrainz_3291,lastFM_6915,1.0,,
mbrainz_3663,lastFM_7623,0.75,True,TP
mbrainz_13464,lastFM_7755,0.5,,
mbrainz_3178,lastFM_6705,0.6666666666666666,True,TP
mbrainz_6855,lastFM_14501,1.0,True,TP
mbrainz_6056,lastFM_12742,0.9,,
mbrainz_13437,lastFM_16125,0.5,,
mbrainz_25816,lastFM_38367,0.5,,
mbrainz_1064,lastFM_46606,0.3333333333333333,,
mbrainz_29182,lastFM_72792,1.0,,
mbrainz_23943,lastFM_909,0.3333333333333333,,
mbrainz_1054,lastFM_2442,1.0,True,TP
mbrainz_5525,lastFM_11620,0.5,,
mbrainz_4278,lastFM_27999,0.3333333333333333,,
mbrainz_20178,lastFM_50829,1.0,True,TP
mbrainz_3899,lastFM_8096,0.45,True,TP
mbrainz_59,lastFM_79,0.6666666666666666,True,TP
mbrainz_17559,lastFM_41677,0.875,,
mbrainz_1687,lastFM_1787,0.375,,
mbrainz_3241,lastFM_6832,1.0,True,TP
mbrainz_8338,lastFM_17842,0.5,True,TP
mbrainz_1346,lastFM_3134,0.9166666666666667,,
mbrainz_31125,lastFM_77569,0.45,,
mbrainz_10209,lastFM_21784,0.75,,
mbrainz_24691,lastFM_62478,0.6666666666666666,,
mbrainz_21294,lastFM_53870,0.9,,
mbrainz_2912,lastFM_6152,0.75,True,TP
mbrainz_5464,lastFM_11459,0.75,,
mbrainz_16097,lastFM_14301,0.5,,
mbrainz_27368,lastFM_38701,0.5,,
mbrainz_3979,lastFM_8259,1.0,,
mbrainz_19322,lastFM_47678,0.9166666666666667,,
mbrainz_49,lastFM_67,0.41666666666666663,,
mbrainz_6637,lastFM_14034,0.875,,
mbrainz_11487,lastFM_69452,0.5833333333333334,,
mbrainz_169,lastFM_65381,0.3333333333333333,,
mbrainz_11478,lastFM_24595,0.6666666666666666,,
mbrainz_28613,lastFM_57378,0.5,,
mbrainz_11547,lastFM_26805,0.39285714285714285,,
mbrainz_17635,lastFM_11755,0.5,,
mbrainz_26560,lastFM_66593,0.4,,
mbrainz_2562,lastFM_16037,0.5,,
mbrainz_17122,lastFM_40062,0.75,,
mbrainz_5801,lastFM_32438,0.41666666666666663,,
mbrainz_10455,lastFM_22303,0.6666666666666666,,
mbrainz_29929,lastFM_74701,0.6666666666666666,,
mbrainz_2673,lastFM_5677,0.6666666666666666,True,TP
mbrainz_30859,lastFM_76996,1.0,,
mbrainz_2475,lastFM_7356,0.3333333333333333,,
mbrainz_4361,lastFM_6260,0.38095238095238093,,
mbrainz_3453,lastFM_7235,0.875,,
mbrainz_6585,lastFM_45221,0.5,,
mbrainz_14251,lastFM_60696,0.5,,
mbrainz_10773,lastFM_6727,0.5,,
mbrainz_20268,lastFM_2526,0.5,,
mbrainz_14410,lastFM_49419,0.5,,
mbrainz_26629,lastFM_66761,0.75,,
mbrainz_10116,lastFM_21552,0.5833333333333334,True,TP
mbrainz_17827,lastFM_12905,0.5,,
mbrainz_26105,lastFM_63878,0.5,,
mbrainz_8320,lastFM_69458,0.6,,
mbrainz_20310,lastFM_51189,1.0,,
mbrainz_32924,lastFM_10672,0.5,,
mbrainz_30997,lastFM_77296,0.3333333333333333,,
mbrainz_4034,lastFM_2210,0.5,False,FP
mbrainz_6713,lastFM_14182,0.75,,
mbrainz_19241,lastFM_47502,0.75,,
mbrainz_1783,lastFM_28568,0.35,,
mbrainz_12290,lastFM_26453,0.9375,,
mbrainz_1557,lastFM_3631,1.0,True,TP
mbrainz_24794,lastFM_62690,1.0,,
mbrainz_25820,lastFM_23102,0.5,,
mbrainz_30023,lastFM_74938,1.0,,
mbrainz_10145,lastFM_2749,0.5,,
mbrainz_5251,lastFM_12991,0.3333333333333333,,
mbrainz_1495,lastFM_16380,0.5,,
mbrainz_4578,lastFM_9432,1.0,,
mbrainz_22937,lastFM_58210,0.6666666666666666,,
mbrainz_15599,lastFM_17043,0.375,,
mbrainz_17658,lastFM_42022,0.875,,
mbrainz_606,lastFM_1378,0.6666666666666666,,
mbrainz_16030,lastFM_36334,1.0,,
mbrainz_21876,lastFM_53597,1.0,,
mbrainz_1284,lastFM_2972,0.9166666666666667,,
mbrainz_14610,lastFM_42136,0.3,,
mbrainz_4826,lastFM_12894,0.5,,
mbrainz_12041,lastFM_25937,0.75,,
mbrainz_4548,lastFM_9374,1.0,,
mbrainz_26097,lastFM_38933,0.47619047619047616,,
mbrainz_10819,lastFM_15956,0.3333333333333333,,
mbrainz_13866,lastFM_30080,1.0,,
mbrainz_19352,lastFM_503,0.5,,
mbrainz_634,lastFM_36652,0.3333333333333333,,
mbrainz_7556,lastFM_23259,0.375,,
mbrainz_5387,lastFM_11274,1.0,,
mbrainz_12528,lastFM_26978,0.5833333333333333,,
mbrainz_6631,lastFM_18922,0.3,,
mbrainz_26021,lastFM_65435,0.75,,
mbrainz_21957,lastFM_15637,0.3333333333333333,,
mbrainz_10239,lastFM_21846,0.6,,
mbrainz_1017,lastFM_2358,0.375,,
mbrainz_6848,lastFM_14487,0.75,,
mbrainz_11038,lastFM_23674,1.0,,
mbrainz_15658,lastFM_34846,0.8333333333333333,,
mbrainz_33692,lastFM_13414,0.30952380952380953,,
mbrainz_82,lastFM_108,0.75,,
mbrainz_30756,lastFM_18438,0.5,,
mbrainz_4027,lastFM_8877,0.5,,
mbrainz_3580,lastFM_7474,0.41666666666666663,,
mbrainz_2867,lastFM_42127,0.5,,
mbrainz_13316,lastFM_28757,0.8333333333333333,,
mbrainz_25862,lastFM_1464,0.375,,
mbrainz_998,lastFM_44370,0.3333333333333333,,
mbrainz_7228,lastFM_15417,0.6309523809523809,,
mbrainz_20943,lastFM_52827,0.6666666666666666,,
mbrainz_5704,lastFM_12025,0.6666666666666666,,
mbrainz_2030,lastFM_53522,0.3,,
mbrainz_28995,lastFM_63146,0.3,,
mbrainz_25624,lastFM_22555,0.3,,
mbrainz_3326,lastFM_61764,0.3,,
mbrainz_5224,lastFM_18879,0.3333333333333333,,
mbrainz_26419,lastFM_52196,0.5,,
mbrainz_1633,lastFM_3787,1.0,,
mbrainz_22267,lastFM_56499,0.6666666666666666,,
mbrainz_3801,lastFM_7895,0.8,,
mbrainz_24578,lastFM_53707,0.5,,
mbrainz_31205,lastFM_28299,0.3333333333333333,,
mbrainz_14934,lastFM_32803,0.41666666666666663,,
mbrainz_4412,lastFM_50750,0.5,,
mbrainz_32422,lastFM_80555,0.625,,
mbrainz_13194,lastFM_28461,0.875,,
mbrainz_15486,lastFM_26360,0.5,,
mbrainz_4761,lastFM_21387,0.5,,
mbrainz_10107,lastFM_21535,0.8333333333333333,,
mbrainz_11215,lastFM_69584,0.5,,
mbrainz_19163,lastFM_47212,0.5952380952380952,,
mbrainz_77,lastFM_101,1.0,,
mbrainz_4178,lastFM_43813,0.6666666666666666,,
mbrainz_12097,lastFM_26062,1.0,,
mbrainz_6148,lastFM_12949,1.0,,
mbrainz_13255,lastFM_30319,0.8333333333333333,,
mbrainz_15586,lastFM_58517,0.5,,
mbrainz_3625,lastFM_34619,0.5,,
mbrainz_25955,lastFM_31400,0.3666666666666667,,
mbrainz_31367,lastFM_78080,0.75,,
mbrainz_498,lastFM_1074,1.0,,
mbrainz_9011,lastFM_19189,1.0,,
mbrainz_19343,lastFM_45196,0.3333333333333333,,
mbrainz_31206,lastFM_34132,0.30000000000000004,,
mbrainz_16423,lastFM_37856,0.75,,
mbrainz_10279,lastFM_63721,0.5,,
mbrainz_16310,lastFM_37463,1.0,,
mbrainz_26898,lastFM_67422,0.6666666666666666,,
mbrainz_9536,lastFM_20282,0.9,True,TP
mbrainz_546,lastFM_31123,0.5,,
mbrainz_11333,lastFM_2071,0.3333333333333333,,
mbrainz_18947,lastFM_46526,0.875,,
mbrainz_32686,lastFM_35311,0.5,,
mbrainz_8646,lastFM_18421,0.75,,
mbrainz_11485,lastFM_7392,0.3,,
mbrainz_3896,lastFM_8086,1.0,,
mbrainz_2114,lastFM_4611,0.5,,
mbrainz_1798,lastFM_11862,0.3,,
mbrainz_17677,lastFM_42085,0.5833333333333334,,
mbrainz_27815,lastFM_14017,0.3333333333333333,False,FP
mbrainz_21997,lastFM_55825,1.0,,
mbrainz_8645,lastFM_18420,0.9,,
mbrainz_32469,lastFM_80659,1.0,,
mbrainz_22825,lastFM_57896,0.875,,
mbrainz_4197,lastFM_8700,0.875,,
mbrainz_8657,lastFM_47196,0.30000000000000004,,
mbrainz_16153,lastFM_36859,0.5238095238095238,,
mbrainz_4966,lastFM_10307,0.75,,
mbrainz_11819,lastFM_25404,0.75,,
mbrainz_14351,lastFM_31362,0.375,True,TP
mbrainz_2199,lastFM_4764,1.0,,
mbrainz_3829,lastFM_23175,0.30000000000000004,,
mbrainz_29181,lastFM_5455,0.5,,
mbrainz_8987,lastFM_33478,0.5,,
mbrainz_24480,lastFM_4973,0.3333333333333333,,
mbrainz_1074,lastFM_2484,0.9285714285714286,,
mbrainz_7844,lastFM_16730,0.75,,
mbrainz_5964,lastFM_12559,0.6666666666666666,,
mbrainz_18618,lastFM_45378,0.8333333333333333,,
mbrainz_657,lastFM_1529,0.75,,
mbrainz_4091,lastFM_8483,0.75,,
mbrainz_10131,lastFM_21596,1.0,,
mbrainz_6100,lastFM_12829,0.7857142857142857,,
mbrainz_2701,lastFM_24575,0.5,,
mbrainz_12230,lastFM_4527,0.3,,
mbrainz_14813,lastFM_32494,1.0,,
mbrainz_10876,lastFM_43768,0.3333333333333333,,
mbrainz_3431,lastFM_7192,0.75,,
mbrainz_18971,lastFM_46597,0.75,,
mbrainz_5715,lastFM_12057,1.0,,
mbrainz_21762,lastFM_55090,1.0,,
mbrainz_2004,lastFM_4419,1.0,True,TP
mbrainz_2945,lastFM_6220,0.6666666666666666,,
mbrainz_13199,lastFM_41764,0.30000000000000004,,
mbrainz_5900,lastFM_12445,1.0,,
mbrainz_2542,lastFM_5419,0.9375,,
mbrainz_3748,lastFM_15603,0.5,,
mbrainz_20148,lastFM_50749,0.9,,
mbrainz_6046,lastFM_12721,0.5,,
mbrainz_20081,lastFM_50546,0.75,,
mbrainz_29033,lastFM_72472,0.8333333333333333,,
mbrainz_6514,lastFM_13747,0.9166666666666667,,
mbrainz_6485,lastFM_13677,0.5,,
mbrainz_31688,lastFM_78815,1.0,,
mbrainz_9446,lastFM_33338,0.7272727272727273,,
mbrainz_15032,lastFM_33025,1.0,,
mbrainz_14600,lastFM_11929,0.4,,
mbrainz_7857,lastFM_8236,0.5,,
mbrainz_2608,lastFM_5553,0.75,True,TP
mbrainz_24365,lastFM_5748,0.3333333333333333,,
mbrainz_9185,lastFM_19539,0.3333333333333333,,
mbrainz_10678,lastFM_22837,0.9,,
mbrainz_1883,lastFM_4205,0.75,,
mbrainz_10077,lastFM_21459,1.0,,
mbrainz_18840,lastFM_46175,0.65,,
mbrainz_32017,lastFM_79640,0.625,,
mbrainz_867,lastFM_7717,0.5,,
mbrainz_6906,lastFM_14633,0.6666666666666666,,
mbrainz_2716,lastFM_5768,0.9,True,TP
mbrainz_2145,lastFM_4657,0.75,True,TP
mbrainz_3255,lastFM_6855,0.5,,
mbrainz_22093,lastFM_56048,1.0,,
mbrainz_211,lastFM_366,0.8333333333333333,,
mbrainz_614,lastFM_1401,0.9166666666666667,,
mbrainz_861,lastFM_2003,0.6666666666666666,,
mbrainz_3052,lastFM_6447,0.9,,
mbrainz_11069,lastFM_20315,0.41666666666666663,,
mbrainz_13524,lastFM_29267,0.875,,
mbrainz_9327,lastFM_7568,0.5,,
mbrainz_18444,lastFM_44785,0.6,,
mbrainz_31472,lastFM_78306,0.75,,
mbrainz_4556,lastFM_6547,0.5,,
mbrainz_11359,lastFM_24361,0.5,,
mbrainz_1070,lastFM_2479,1.0,True,TP
mbrainz_4644,lastFM_25597,0.3333333333333333,,
mbrainz_25874,lastFM_65112,0.5,,
mbrainz_11274,lastFM_24168,0.75,,
mbrainz_7049,lastFM_14962,1.0,,
mbrainz_6880,lastFM_5323,0.3333333333333333,,
mbrainz_13952,lastFM_30301,0.3333333333333333,,
mbrainz_13441,lastFM_29069,0.75,,
mbrainz_8275,lastFM_17699,0.6666666666666666,True,TP
mbrainz_12640,lastFM_3690,0.4,,
mbrainz_28858,lastFM_72083,0.6785714285714286,True,TP
mbrainz_12337,lastFM_26572,1.0,,
mbrainz_2397,lastFM_2856,0.5,,
mbrainz_13645,lastFM_29580,0.8333333333333333,,
mbrainz_1293,lastFM_2994,0.9,,
mbrainz_8972,lastFM_19099,1.0,,
mbrainz_18786,lastFM_46013,1.0,,
mbrainz_25443,lastFM_64159,0.75,,
mbrainz_21066,lastFM_7948,0.3333333333333333,,
mbrainz_3645,lastFM_22021,0.5,,
mbrainz_3113,lastFM_6577,1.0,,
mbrainz_6620,lastFM_13985,0.75,,
mbrainz_4534,lastFM_15794,0.5,,
mbrainz_16376,lastFM_37695,0.6666666666666666,,
mbrainz_17311,lastFM_40658,0.8333333333333333,,
mbrainz_609,lastFM_51963,0.5,,
mbrainz_295,lastFM_16898,0.5,,
mbrainz_4812,lastFM_9966,1.0,,
mbrainz_11748,lastFM_10355,0.5,,
mbrainz_17217,lastFM_40360,0.6666666666666666,True,TP
mbrainz_21274,lastFM_53812,0.75,True,TP
mbrainz_1001,lastFM_2318,1.0,,
mbrainz_3242,lastFM_54891,0.5,,
mbrainz_33831,lastFM_18905,0.3333333333333333,,
mbrainz_1496,lastFM_3488,1.0,,
mbrainz_31590,lastFM_78581,0.75,,
mbrainz_6150,lastFM_22569,0.5,,
mbrainz_1986,lastFM_23972,0.3333333333333333,,
mbrainz_1539,lastFM_23918,0.5,,
mbrainz_10255,lastFM_51888,0.3,,
mbrainz_3924,lastFM_8141,0.5666666666666667,,
mbrainz_14360,lastFM_23893,0.5,,
mbrainz_23836,lastFM_52267,0.5,,
mbrainz_24291,lastFM_61498,0.8333333333333333,True,TP
mbrainz_11534,lastFM_24718,0.8333333333333333,,
mbrainz_10715,lastFM_22919,0.8333333333333333,,
mbrainz_23850,lastFM_60429,1.0,,
mbrainz_6256,lastFM_13196,1.0,,
mbrainz_7234,lastFM_15436,1.0,,
mbrainz_4745,lastFM_51769,0.3333333333333333,,
mbrainz_8335,lastFM_17835,0.9,,
mbrainz_5175,lastFM_10787,0.75,True,TP
mbrainz_18371,lastFM_44534,0.75,,
mbrainz_6947,lastFM_69002,0.6666666666666666,,
mbrainz_3866,lastFM_8041,0.5416666666666666,,
mbrainz_22847,lastFM_57964,0.6666666666666666,,
mbrainz_16194,lastFM_36990,0.875,,
mbrainz_2641,lastFM_42968,0.5,,
mbrainz_4595,lastFM_9468,0.5666666666666667,,
mbrainz_16057,lastFM_37972,0.3333333333333333,,
mbrainz_24059,lastFM_60932,1.0,True,TP
mbrainz_23682,lastFM_51100,0.5,,
mbrainz_12254,lastFM_26390,0.6666666666666666,,
mbrainz_757,lastFM_1777,1.0,True,TP
mbrainz_20406,lastFM_23772,0.3333333333333333,,
mbrainz_2796,lastFM_5934,0.41666666666666663,,
mbrainz_29757,lastFM_74237,0.6666666666666666,,
mbrainz_8111,lastFM_17340,0.75,,
mbrainz_15627,lastFM_15755,0.5,,
mbrainz_18964,lastFM_46578,1.0,,
mbrainz_5867,lastFM_12376,0.8333333333333333,,
mbrainz_16814,lastFM_39063,0.6666666666666666,,
mbrainz_8920,lastFM_18981,0.75,,
mbrainz_15687,lastFM_34941,0.41666666666666663,,
mbrainz_7996,lastFM_3206,0.3,,
mbrainz_1101,lastFM_2540,1.0,,
mbrainz_20291,lastFM_51143,1.0,,
mbrainz_256,lastFM_435,0.75,,
mbrainz_5391,lastFM_11283,1.0,,
mbrainz_19250,lastFM_47544,1.0,,
mbrainz_18368,lastFM_44518,1.0,True,TP
mbrainz_19290,lastFM_47619,0.9,,
mbrainz_12659,lastFM_27288,0.6,,
mbrainz_14758,lastFM_32359,1.0,,
mbrainz_18370,lastFM_44526,0.5416666666666666,True,TP
mbrainz_6898,lastFM_14609,0.6166666666666667,,
mbrainz_2902,lastFM_6135,1.0,,
mbrainz_2436,lastFM_5200,1.0,,
mbrainz_15835,lastFM_35465,0.8333333333333333,,
mbrainz_12941,lastFM_25660,0.5,,
mbrainz_29225,lastFM_58774,0.375,,
mbrainz_27326,lastFM_27647,0.3,,
mbrainz_7789,lastFM_16614,0.75,,
mbrainz_6207,lastFM_13093,0.6666666666666666,,
mbrainz_17357,lastFM_27434,0.5,,
mbrainz_1275,lastFM_4560,0.3333333333333333,,
mbrainz_16390,lastFM_37738,1.0,,
mbrainz_5701,lastFM_12017,0.5666666666666667,,
mbrainz_4564,lastFM_9401,0.9,,
mbrainz_674,lastFM_1572,0.6666666666666666,,
mbrainz_28983,lastFM_43734,0.5,,
mbrainz_4145,lastFM_8592,0.6666666666666666,,
mbrainz_10198,lastFM_21756,0.75,,
mbrainz_15514,lastFM_34141,0.6458333333333333,,
mbrainz_23388,lastFM_59326,0.75,,
mbrainz_14184,lastFM_30933,0.6,,
mbrainz_6190,lastFM_103,0.8333333333333333,,
mbrainz_28001,lastFM_70104,0.8,,
mbrainz_5089,lastFM_10579,1.0,,
mbrainz_1109,lastFM_2555,1.0,,
mbrainz_10474,lastFM_22351,0.75,,
mbrainz_22292,lastFM_56574,0.6666666666666666,,
mbrainz_23436,lastFM_36995,0.5,,
mbrainz_14695,lastFM_32208,0.5416666666666666,,
mbrainz_29030,lastFM_72465,0.75,,
mbrainz_1683,lastFM_30742,0.5,,
mbrainz_5293,lastFM_11046,0.41666666666666663,,
mbrainz_24514,lastFM_9536,0.5,,
mbrainz_32988,lastFM_81776,1.0,,
mbrainz_9161,lastFM_19497,0.4666666666666667,True,TP
mbrainz_978,lastFM_24333,0.3333333333333333,,
mbrainz_9001,lastFM_33911,0.3333333333333333,,
mbrainz_26626,lastFM_66752,0.8333333333333333,,
mbrainz_1163,lastFM_2679,1.0,,
mbrainz_33542,lastFM_82952,1.0,,
mbrainz_822,lastFM_16918,0.5,,
mbrainz_2502,lastFM_22543,0.3333333333333333,,
mbrainz_25557,lastFM_1640,0.3333333333333333,,
mbrainz_20678,lastFM_30377,0.3333333333333333,,
mbrainz_90,lastFM_119,1.0,,
mbrainz_243,lastFM_420,0.8333333333333333,,
mbrainz_3061,lastFM_6470,1.0,True,TP
mbrainz_19378,lastFM_48094,0.875,,
mbrainz_378,lastFM_2974,0.5,,
mbrainz_14792,lastFM_46292,0.375,,
mbrainz_16086,lastFM_36570,1.0,True,TP
mbrainz_29886,lastFM_74606,1.0,,
mbrainz_14145,lastFM_48550,0.5,,
mbrainz_1501,lastFM_3500,0.9285714285714286,,
mbrainz_13699,lastFM_29687,0.8,,
mbrainz_2593,lastFM_5517,1.0,,
mbrainz_21862,lastFM_55438,0.9285714285714286,,
mbrainz_18701,lastFM_45671,0.75,,
mbrainz_9532,lastFM_20277,0.6666666666666666,True,TP
mbrainz_5717,lastFM_12062,0.75,,
mbrainz_957,lastFM_2209,0.75,,
mbrainz_13875,lastFM_41587,0.375,,
mbrainz_20745,lastFM_52273,0.9375,,
mbrainz_16400,lastFM_37785,0.875,,
mbrainz_9451,lastFM_71529,0.5,,
mbrainz_15132,lastFM_33284,0.6666666666666666,True,TP
mbrainz_12216,lastFM_26303,0.9,,
mbrainz_6549,lastFM_13837,0.6666666666666666,,
mbrainz_11467,lastFM_34590,0.5,,
mbrainz_3917,lastFM_31199,0.41666666666666663,,
mbrainz_4492,lastFM_9254,0.75,True,TP
mbrainz_663,lastFM_2323,0.5,,
mbrainz_489,lastFM_1041,1.0,,
mbrainz_2676,lastFM_5680,1.0,,
mbrainz_4279,lastFM_8853,1.0,,
mbrainz_17001,lastFM_7897,0.5,,
mbrainz_488,lastFM_1037,0.75,,
mbrainz_3539,lastFM_7396,0.8333333333333333,,
mbrainz_2667,lastFM_30448,0.3333333333333333,,
mbrainz_4641,lastFM_9569,1.0,,
mbrainz_7191,lastFM_10318,0.5,,
mbrainz_6869,lastFM_14530,1.0,,
mbrainz_26514,lastFM_33082,0.375,,
mbrainz_2169,lastFM_4709,1.0,True,TP
mbrainz_13053,lastFM_28166,0.5833333333333333,,
mbrainz_6760,lastFM_14281,1.0,,
mbrainz_8515,lastFM_13312,0.5,,
mbrainz_4679,lastFM_9651,1.0,,
mbrainz_3142,lastFM_6636,1.0,,
mbrainz_6668,lastFM_14090,0.41666666666666663,,
mbrainz_6737,lastFM_9112,0.5,,
mbrainz_7899,lastFM_67783,0.5,,
mbrainz_22760,lastFM_13167,0.5,,
mbrainz_7968,lastFM_16988,1.0,,
mbrainz_10369,lastFM_17048,0.5,False,FP
mbrainz_10203,lastFM_21766,1.0,,
mbrainz_19656,lastFM_48946,1.0,,
mbrainz_13474,lastFM_29139,1.0,,
mbrainz_2515,lastFM_5365,0.5416666666666666,,
mbrainz_1602,lastFM_17193,0.5,,
mbrainz_7483,lastFM_15992,1.0,,
mbrainz_32120,lastFM_58127,0.5,,
mbrainz_22019,lastFM_37208,0.3333333333333333,,
mbrainz_65,lastFM_87,1.0,,
mbrainz_20206,lastFM_21904,0.3,,
mbrainz_32927,lastFM_81635,1.0,,
mbrainz_7211,lastFM_12073,0.5,,
mbrainz_4627,lastFM_82166,0.3333333333333333,,
mbrainz_2341,lastFM_33015,0.4,,
mbrainz_24367,lastFM_61677,0.6666666666666666,,
mbrainz_17143,lastFM_40124,1.0,,
mbrainz_15588,lastFM_34355,0.9166666666666667,True,TP
mbrainz_155,lastFM_561,0.3333333333333333,,
mbrainz_83,lastFM_4132,0.3333333333333333,,
mbrainz_27291,lastFM_44779,0.5,,
mbrainz_5845,lastFM_12330,0.5,,
mbrainz_25221,lastFM_63634,1.0,,
mbrainz_10692,lastFM_22874,0.6666666666666666,,
mbrainz_5846,lastFM_9373,0.5,,
mbrainz_4749,lastFM_27071,0.5,,
mbrainz_7759,lastFM_60088,0.75,,
mbrainz_33405,lastFM_82643,0.6666666666666666,,
mbrainz_26920,lastFM_25068,0.5,,
mbrainz_18594,lastFM_45304,0.8333333333333333,,
mbrainz_2365,lastFM_25943,0.3,,
mbrainz_1916,lastFM_38883,0.3,,
mbrainz_21987,lastFM_55796,0.75,,
mbrainz_312,lastFM_27162,0.5,,
mbrainz_17712,lastFM_6555,0.3333333333333333,,
mbrainz_9514,lastFM_53159,0.5,,
mbrainz_44,lastFM_59,1.0,,
mbrainz_375,lastFM_38631,0.3,,
mbrainz_1081,lastFM_2494,0.8333333333333333,,
mbrainz_14733,lastFM_40008,0.5,,
mbrainz_16722,lastFM_73345,0.5,,
mbrainz_54,lastFM_73,0.5416666666666666,,
mbrainz_21802,lastFM_55188,0.41666666666666663,,
mbrainz_7034,lastFM_14926,1.0,,
mbrainz_435,lastFM_901,0.6666666666666666,,
mbrainz_3780,lastFM_7858,1.0,,
mbrainz_16682,lastFM_38629,1.0,,
mbrainz_9144,lastFM_13116,0.5,,
mbrainz_10391,lastFM_22174,1.0,,
mbrainz_24364,lastFM_61669,0.5,,
mbrainz_12711,lastFM_27391,0.5833333333333334,,
mbrainz_14782,lastFM_32420,0.625,True,TP
mbrainz_1759,lastFM_29183,0.5,,
mbrainz_1167,lastFM_51373,0.5,,
mbrainz_5566,lastFM_22257,0.5,,
mbrainz_6334,lastFM_25047,0.3333333333333333,,
mbrainz_150,lastFM_201,1.0,,
mbrainz_23963,lastFM_60690,1.0,,
mbrainz_13357,lastFM_28865,0.75,,
mbrainz_14200,lastFM_30962,0.875,True,TP
mbrainz_9467,lastFM_20137,0.75,,
mbrainz_3966,lastFM_10972,0.5,,
mbrainz_7953,lastFM_22519,0.9166666666666667,,
mbrainz_33271,lastFM_42892,0.3333333333333333,,
mbrainz_7895,lastFM_9922,0.3,,
mbrainz_16581,lastFM_38323,0.75,,
mbrainz_5639,lastFM_34604,0.3333333333333333,,
mbrainz_7973,lastFM_17009,0.5,,
mbrainz_2607,lastFM_35611,0.375,,
mbrainz_25714,lastFM_64755,1.0,,
mbrainz_1897,lastFM_10423,0.5,,
mbrainz_31858,lastFM_79252,0.41666666666666663,,
mbrainz_8941,lastFM_19031,0.6666666666666666,,
mbrainz_11424,lastFM_24505,0.5952380952380952,,
mbrainz_1510,lastFM_3516,1.0,,
mbrainz_18656,lastFM_45512,0.75,,
mbrainz_24596,lastFM_62237,0.8333333333333333,,
mbrainz_16858,lastFM_26717,0.5,,
mbrainz_11572,lastFM_24816,0.6666666666666666,True,TP
mbrainz_2208,lastFM_2427,0.5,,
mbrainz_18526,lastFM_45074,1.0,,
mbrainz_32251,lastFM_80143,1.0,,
mbrainz_20116,lastFM_50648,0.9285714285714286,,
mbrainz_17640,lastFM_17320,0.5,,
mbrainz_363,lastFM_676,1.0,,
mbrainz_16406,lastFM_37803,1.0,True,TP
mbrainz_573,lastFM_5714,0.5,,
mbrainz_8759,lastFM_18672,0.625,,
mbrainz_2754,lastFM_26762,0.5,,
mbrainz_24934,lastFM_40650,0.3333333333333333,,
mbrainz_3889,lastFM_2468,0.5,,
mbrainz_3787,lastFM_4479,0.5,,
mbrainz_9848,lastFM_20983,0.6666666666666666,,
mbrainz_16922,lastFM_39466,0.8333333333333333,,
mbrainz_872,lastFM_2033,0.8333333333333333,,
mbrainz_9,lastFM_11,0.75,,
mbrainz_7066,lastFM_14998,1.0,,
mbrainz_15077,lastFM_33150,0.6666666666666666,,
mbrainz_22290,lastFM_56558,1.0,,
mbrainz_23871,lastFM_60479,0.875,,
mbrainz_8395,lastFM_17947,0.7,,
mbrainz_10399,lastFM_22190,1.0,,
mbrainz_1065,lastFM_1103,0.6666666666666666,,
mbrainz_27062,lastFM_73047,0.3333333333333333,,
mbrainz_3809,lastFM_7905,0.41666666666666663,,
mbrainz_5751,lastFM_34849,0.5,,
mbrainz_12740,lastFM_48868,0.5,,
mbrainz_15309,lastFM_33667,0.6666666666666666,,
mbrainz_21551,lastFM_54580,1.0,,
mbrainz_8310,lastFM_17780,0.6666666666666666,,
mbrainz_20635,lastFM_52014,1.0,,
mbrainz_8206,lastFM_17552,0.9,,
mbrainz_27640,lastFM_70573,0.3333333333333333,,
mbrainz_23401,lastFM_59360,0.75,,
mbrainz_4838,lastFM_10022,1.0,,
mbrainz_12578,lastFM_27092,0.75,,
mbrainz_5936,lastFM_12507,0.41666666666666663,,
mbrainz_4999,lastFM_23122,0.5,,
mbrainz_12899,lastFM_27790,0.6666666666666666,,
mbrainz_9400,lastFM_19985,1.0,,
mbrainz_18191,lastFM_43953,0.6666666666666666,,
mbrainz_17820,lastFM_42755,0.6666666666666666,,
mbrainz_604,lastFM_1375,1.0,,
mbrainz_2261,lastFM_4882,0.9375,,
mbrainz_30134,lastFM_4933,0.5,,
mbrainz_8441,lastFM_76109,0.30000000000000004,,
mbrainz_11890,lastFM_25571,1.0,,
mbrainz_22047,lastFM_20848,0.5,,
mbrainz_9394,lastFM_5766,0.5,,
mbrainz_1981,lastFM_4379,0.8333333333333333,,
mbrainz_5346,lastFM_24220,0.5,,
mbrainz_23957,lastFM_60676,1.0,,
mbrainz_23640,lastFM_59943,0.6666666666666666,,
mbrainz_22272,lastFM_56510,0.875,,
mbrainz_10084,lastFM_21486,0.75,,
mbrainz_16642,lastFM_38512,1.0,True,TP
mbrainz_16368,lastFM_37670,0.875,,
mbrainz_15000,lastFM_58527,0.625,,
mbrainz_14882,lastFM_32668,0.75,,
mbrainz_99,lastFM_131,0.41666666666666663,True,TP
mbrainz_2025,lastFM_4460,1.0,,
mbrainz_21062,lastFM_10881,0.3333333333333333,,
mbrainz_5575,lastFM_11727,0.875,,
mbrainz_4881,lastFM_10122,0.41666666666666663,,
mbrainz_3098,lastFM_6544,1.0,,
mbrainz_16291,lastFM_37371,1.0,,
mbrainz_13416,lastFM_21185,0.6,,
mbrainz_33564,lastFM_12207,0.3333333333333333,,
mbrainz_28342,lastFM_35191,0.5,,
mbrainz_13697,lastFM_34841,0.625,,
mbrainz_2028,lastFM_24882,0.5,,
mbrainz_7,lastFM_258,0.3333333333333333,,
mbrainz_5187,lastFM_10822,1.0,,
mbrainz_15088,lastFM_33176,1.0,,
mbrainz_18330,lastFM_43806,1.0,,
mbrainz_30155,lastFM_75308,0.6666666666666666,,
mbrainz_18878,lastFM_46282,0.8333333333333333,,
mbrainz_10714,lastFM_22918,1.0,,
mbrainz_10128,lastFM_4774,0.3333333333333333,,
mbrainz_26439,lastFM_66329,0.75,,
mbrainz_106,lastFM_140,0.4666666666666667,,
mbrainz_16199,lastFM_36998,0.625,,
mbrainz_3658,lastFM_81294,0.5,,
mbrainz_21817,lastFM_55267,0.75,,
mbrainz_3073,lastFM_65132,0.5,,
mbrainz_2309,lastFM_13534,0.5,,
mbrainz_18311,lastFM_44953,0.5,,
mbrainz_17871,lastFM_42979,0.8333333333333333,,
mbrainz_21559,lastFM_54602,0.5833333333333333,,
mbrainz_3075,lastFM_28276,0.3333333333333333,,
mbrainz_151,lastFM_29764,0.3666666666666667,,
mbrainz_15966,lastFM_30772,0.5,,
mbrainz_17113,lastFM_40044,1.0,,
mbrainz_9716,lastFM_20690,0.8,,
mbrainz_3857,lastFM_19007,0.5,,
mbrainz_28407,lastFM_20086,0.41666666666666663,,
mbrainz_27763,lastFM_12547,0.5,,
mbrainz_21943,lastFM_55673,1.0,,
mbrainz_7832,lastFM_46966,0.3333333333333333,,
mbrainz_13257,lastFM_28610,0.9166666666666667,,
mbrainz_1511,lastFM_1250,0.5,,
mbrainz_10374,lastFM_13642,0.5,,
mbrainz_23379,lastFM_59304,1.0,,
mbrainz_195,lastFM_329,0.5416666666666666,,
mbrainz_9649,lastFM_20530,0.875,,
mbrainz_16225,lastFM_37086,1.0,True,TP
mbrainz_10449,lastFM_22295,0.6666666666666666,,
mbrainz_2693,lastFM_29092,0.5,,
mbrainz_15704,lastFM_34990,0.5416666666666666,,
mbrainz_5923,lastFM_12483,0.6666666666666666,True,TP
mbrainz_16723,lastFM_38767,1.0,,
mbrainz_20242,lastFM_51000,1.0,,
mbrainz_6799,lastFM_30230,0.5,,
mbrainz_5920,lastFM_12476,0.7,,
mbrainz_14036,lastFM_30509,1.0,,
mbrainz_24797,lastFM_62694,0.875,,
mbrainz_15750,lastFM_50626,0.3333333333333333,,
mbrainz_9683,lastFM_20607,1.0,,
mbrainz_9693,lastFM_14949,0.7857142857142857,,
mbrainz_9474,lastFM_20146,1.0,,
mbrainz_19894,lastFM_50023,1.0,,
mbrainz_29773,lastFM_74283,0.6666666666666666,,
mbrainz_9656,lastFM_16768,0.5,,
mbrainz_2109,lastFM_4599,0.75,,
mbrainz_25108,lastFM_24398,0.4,,
mbrainz_1399,lastFM_3252,0.75,,
mbrainz_882,lastFM_2054,1.0,,
mbrainz_409,lastFM_14101,0.3333333333333333,,
mbrainz_22652,lastFM_56568,0.5,,
mbrainz_1655,lastFM_36506,0.3,,
mbrainz_20366,lastFM_51327,0.75,,
mbrainz_5247,lastFM_10937,0.75,,
mbrainz_329,lastFM_604,0.7,,
mbrainz_17829,lastFM_16428,0.3333333333333333,,
mbrainz_15414,lastFM_33930,0.875,,
mbrainz_26856,lastFM_67304,0.8,,
mbrainz_22690,lastFM_57547,0.41666666666666663,,
mbrainz_10268,lastFM_50926,0.3,,
mbrainz_1537,lastFM_3580,0.9,,
mbrainz_5905,lastFM_12451,1.0,,
mbrainz_11330,lastFM_24287,1.0,True,TP
mbrainz_18891,lastFM_46332,0.5833333333333334,True,TP
mbrainz_278,lastFM_13473,0.5,,
mbrainz_29246,lastFM_72936,1.0,,
mbrainz_973,lastFM_2258,0.75,,
mbrainz_7842,lastFM_16724,0.96875,,
mbrainz_32923,lastFM_81626,0.5833333333333334,,
mbrainz_373,lastFM_21206,0.3333333333333333,,
mbrainz_12042,lastFM_25938,0.6666666666666666,,
mbrainz_1472,lastFM_3435,0.75,,
mbrainz_16260,lastFM_37240,0.8333333333333333,True,TP
mbrainz_12822,lastFM_27616,0.6666666666666666,,
mbrainz_10689,lastFM_22866,0.875,,
mbrainz_445,lastFM_924,0.3333333333333333,True,TP
mbrainz_20506,lastFM_51692,0.41666666666666663,,
mbrainz_21704,lastFM_54946,0.8846153846153846,,
mbrainz_1935,lastFM_4291,1.0,,
mbrainz_25375,lastFM_63999,0.75,,
mbrainz_15220,lastFM_33492,0.75,,
mbrainz_20864,lastFM_36768,0.3333333333333333,,
mbrainz_10188,lastFM_3876,0.3,,
mbrainz_6856,lastFM_14506,0.5416666666666666,,
mbrainz_12620,lastFM_27189,0.6666666666666666,,
mbrainz_8708,lastFM_18556,0.75,,
mbrainz_493,lastFM_1056,0.5833333333333333,,
mbrainz_6249,lastFM_83080,0.3,,
mbrainz_2415,lastFM_5167,0.6666666666666666,,
mbrainz_4488,lastFM_9246,1.0,,
mbrainz_33617,lastFM_83111,0.75,True,TP
mbrainz_7614,lastFM_16241,1.0,True,TP
mbrainz_13662,lastFM_29610,0.6666666666666666,,
mbrainz_3945,lastFM_8196,1.0,,
mbrainz_28153,lastFM_70440,0.8,,
mbrainz_7687,lastFM_16420,0.6666666666666666,True,TP
mbrainz_12473,lastFM_27779,0.3333333333333333,,
mbrainz_9167,lastFM_8961,0.3333333333333333,,
mbrainz_23371,lastFM_59285,0.6666666666666666,,
mbrainz_16589,lastFM_38355,0.41666666666666663,,
mbrainz_27627,lastFM_15128,0.3333333333333333,,
mbrainz_12226,lastFM_26323,1.0,,
mbrainz_23646,lastFM_49162,1.0,,
mbrainz_19662,lastFM_49297,1.0,True,TP
mbrainz_1062,lastFM_35826,0.5,,
mbrainz_14812,lastFM_32493,0.8333333333333333,,
mbrainz_11909,lastFM_25621,0.675,,
mbrainz_17418,lastFM_40998,0.5,,
mbrainz_11263,lastFM_24154,1.0,,
mbrainz_11872,lastFM_25536,0.75,,
mbrainz_666,lastFM_1557,0.7083333333333333,True,TP
mbrainz_9599,lastFM_9828,0.5,,
mbrainz_6351,lastFM_13406,0.8,,
mbrainz_24765,lastFM_62631,0.6666666666666666,,
mbrainz_4064,lastFM_8436,0.41666666666666663,,
mbrainz_578,lastFM_1297,1.0,,
mbrainz_12389,lastFM_26700,0.8333333333333333,,
mbrainz_2812,lastFM_78859,0.3,,
mbrainz_209,lastFM_364,1.0,,
mbrainz_28187,lastFM_11019,0.5,,
mbrainz_19628,lastFM_48900,0.65,,
mbrainz_16828,lastFM_39119,0.6666666666666666,,
mbrainz_19537,lastFM_48663,0.6666666666666666,,
mbrainz_3503,lastFM_72277,0.3333333333333333,,
mbrainz_1466,lastFM_3426,0.6666666666666666,True,TP
mbrainz_1192,lastFM_2752,0.6666666666666666,,
mbrainz_3524,lastFM_7373,1.0,,
mbrainz_17238,lastFM_40429,1.0,,
mbrainz_5998,lastFM_12629,1.0,,
mbrainz_13309,lastFM_36321,0.5,,
mbrainz_13595,lastFM_29443,1.0,,
mbrainz_10679,lastFM_22843,0.75,,
mbrainz_11483,lastFM_24609,0.75,,
mbrainz_23919,lastFM_30468,0.35714285714285715,,
mbrainz_2870,lastFM_6084,0.5666666666666667,,
mbrainz_3445,lastFM_7220,0.6666666666666666,,
mbrainz_2170,lastFM_4711,0.6875,,
mbrainz_6466,lastFM_21856,0.5,,
mbrainz_29232,lastFM_58003,0.375,,
mbrainz_10949,lastFM_23458,0.6666666666666666,,
mbrainz_13836,lastFM_30022,1.0,,
mbrainz_15667,lastFM_34876,0.9666666666666667,,
mbrainz_9791,lastFM_43779,0.5,,
mbrainz_8737,lastFM_64589,0.3333333333333333,,
mbrainz_4901,lastFM_10164,0.8333333333333333,,
mbrainz_1164,lastFM_6904,0.5,,
mbrainz_6388,lastFM_24133,0.4166666666666667,,
mbrainz_4223,lastFM_8749,0.8,,
mbrainz_7110,lastFM_15118,0.6666666666666666,,
mbrainz_1300,lastFM_3008,1.0,,
mbrainz_359,lastFM_666,1.0,,
mbrainz_16043,lastFM_9589,0.5,,
mbrainz_1305,lastFM_48165,0.3333333333333333,,
mbrainz_26027,lastFM_65446,0.5,,
mbrainz_19390,lastFM_48143,0.8333333333333333,,
mbrainz_8376,lastFM_17911,1.0,,
mbrainz_30391,lastFM_21994,0.375,,
mbrainz_9996,lastFM_21290,0.875,True,TP
mbrainz_2873,lastFM_6089,1.0,,
mbrainz_1296,lastFM_2999,0.75,,
mbrainz_2404,lastFM_15115,0.3333333333333333,,
mbrainz_20479,lastFM_41446,0.5,,
mbrainz_4447,lastFM_67122,0.41666666666666663,,
mbrainz_21414,lastFM_22824,0.5,,
mbrainz_123,lastFM_1031,0.3333333333333333,,
mbrainz_6990,lastFM_14832,1.0,,
mbrainz_14091,lastFM_30678,0.6666666666666666,,
mbrainz_26137,lastFM_14386,0.5,,
mbrainz_12979,lastFM_8720,0.375,,
mbrainz_24715,lastFM_62525,0.5416666666666666,,
mbrainz_26544,lastFM_75791,0.3333333333333333,,
mbrainz_22373,lastFM_56785,0.6666666666666666,,
mbrainz_26890,lastFM_67390,1.0,,
mbrainz_5725,lastFM_55954,0.4666666666666667,,
mbrainz_9262,lastFM_19707,0.6666666666666666,,
mbrainz_13817,lastFM_31859,0.5,,
mbrainz_5127,lastFM_31956,0.5,,
mbrainz_4858,lastFM_10069,0.6666666666666666,True,TP
mbrainz_5002,lastFM_10376,1.0,,
mbrainz_10000,lastFM_21299,0.875,,
mbrainz_2400,lastFM_5144,0.5,,
mbrainz_29117,lastFM_72652,0.9285714285714286,,
mbrainz_22176,lastFM_56290,0.75,,
mbrainz_9006,lastFM_19184,1.0,,
mbrainz_17212,lastFM_40342,1.0,,
mbrainz_16689,lastFM_38654,1.0,,
mbrainz_299,lastFM_3300,0.3333333333333333,,
mbrainz_4952,lastFM_10277,0.5833333333333333,,
mbrainz_64,lastFM_84,0.75,,
mbrainz_6589,lastFM_13928,1.0,,
mbrainz_2558,lastFM_5444,0.6666666666666666,,
mbrainz_10904,lastFM_23359,0.5666666666666667,,
mbrainz_835,lastFM_1939,1.0,,
mbrainz_24467,lastFM_60300,0.5833333333333334,,
mbrainz_469,lastFM_988,1.0,,
mbrainz_21395,lastFM_36369,0.5,,
mbrainz_430,lastFM_70930,0.3333333333333333,,
mbrainz_22988,lastFM_35721,1.0,,
mbrainz_31324,lastFM_77985,1.0,,
mbrainz_22416,lastFM_56909,1.0,,
mbrainz_4266,lastFM_8830,1.0,,
mbrainz_4535,lastFM_9344,0.75,,
mbrainz_3565,lastFM_8246,0.5,,
mbrainz_8309,lastFM_17778,1.0,,
mbrainz_18501,lastFM_40312,0.5,,
mbrainz_20486,lastFM_51628,0.875,,
mbrainz_2485,lastFM_5310,0.6666666666666666,,
mbrainz_2610,lastFM_82453,0.7,,
mbrainz_18762,lastFM_45919,0.75,,
mbrainz_2432,lastFM_38679,0.3,,
mbrainz_19811,lastFM_3860,0.35714285714285715,,
mbrainz_26005,lastFM_65406,1.0,True,TP
mbrainz_19719,lastFM_49493,1.0,,
mbrainz_305,lastFM_1348,0.5,False,FP
mbrainz_13200,lastFM_28474,0.8333333333333333,,
mbrainz_1845,lastFM_4133,0.95,True,TP
mbrainz_12852,lastFM_61537,0.3333333333333333,,
mbrainz_16863,lastFM_39264,0.75,True,TP
mbrainz_18116,lastFM_47673,0.5,,
mbrainz_760,lastFM_3875,0.375,,
mbrainz_13554,lastFM_22683,0.5,,
mbrainz_694,lastFM_42227,0.5,,
mbrainz_21595,lastFM_11388,0.375,,
mbrainz_19396,lastFM_14045,0.3333333333333333,,
mbrainz_24436,lastFM_61837,1.0,,
mbrainz_2688,lastFM_1551,0.5,,
mbrainz_1050,lastFM_2433,0.8333333333333333,,
mbrainz_16409,lastFM_20311,0.5416666666666666,,
mbrainz_4226,lastFM_8752,1.0,,
mbrainz_4139,lastFM_8578,0.6666666666666666,,
mbrainz_23681,lastFM_60033,1.0,,
mbrainz_141,lastFM_17329,0.3333333333333333,,
mbrainz_1621,lastFM_3773,0.6,,
mbrainz_8820,lastFM_18794,1.0,,
mbrainz_4029,lastFM_8373,1.0,,
mbrainz_3610,lastFM_7530,0.8333333333333333,,
mbrainz_7057,lastFM_21752,0.5,,
mbrainz_2200,lastFM_4765,0.5,True,TP
mbrainz_5739,lastFM_12102,0.9444444444444444,,
mbrainz_11259,lastFM_24145,0.5,,
mbrainz_19576,lastFM_48793,1.0,,
mbrainz_350,lastFM_10329,0.5,,
mbrainz_23956,lastFM_60674,0.75,True,TP
mbrainz_15203,lastFM_33457,0.75,,
mbrainz_7905,lastFM_16862,0.6666666666666666,,
mbrainz_14776,lastFM_32403,1.0,,
mbrainz_5229,lastFM_10906,1.0,,
mbrainz_14463,lastFM_31636,0.9,,
mbrainz_2507,lastFM_43542,0.3333333333333333,,
mbrainz_3545,lastFM_7411,1.0,True,TP
mbrainz_20309,lastFM_51185,0.6666666666666666,,
mbrainz_15474,lastFM_34063,0.75,True,TP
mbrainz_6367,lastFM_13439,1.0,,
mbrainz_20049,lastFM_50466,0.6666666666666666,,
mbrainz_18181,lastFM_43932,0.875,,
mbrainz_1082,lastFM_2495,1.0,True,TP
mbrainz_12967,lastFM_27952,0.4583333333333333,,
mbrainz_7462,lastFM_15952,1.0,,
mbrainz_8417,lastFM_17992,0.6666666666666666,,
mbrainz_9055,lastFM_19292,1.0,,
mbrainz_12282,lastFM_59705,0.5,,
mbrainz_7508,lastFM_16033,1.0,True,TP
mbrainz_13507,lastFM_29220,0.4666666666666667,,
mbrainz_29292,lastFM_18315,0.41666666666666663,,
mbrainz_3145,lastFM_4432,0.5,,
mbrainz_542,lastFM_1189,0.8333333333333333,,
mbrainz_4237,lastFM_8777,0.7857142857142857,,
mbrainz_21256,lastFM_53769,1.0,,
mbrainz_2186,lastFM_4742,0.6666666666666666,,
mbrainz_11620,lastFM_42399,0.3333333333333333,,
mbrainz_6368,lastFM_13443,0.6071428571428572,,
mbrainz_23194,lastFM_58817,0.41666666666666663,,
mbrainz_2675,lastFM_2951,0.3333333333333333,,
mbrainz_32870,lastFM_46357,0.42857142857142855,,
mbrainz_15914,lastFM_35704,0.5,,
mbrainz_19993,lastFM_60561,0.5,,
mbrainz_15331,lastFM_36720,0.6666666666666666,,
mbrainz_23760,lastFM_60215,0.75,,
mbrainz_31868,lastFM_79276,0.65,,
mbrainz_8384,lastFM_17928,0.6,,
mbrainz_15566,lastFM_73419,0.3333333333333333,,
mbrainz_10465,lastFM_22328,0.9166666666666667,True,TP
mbrainz_1332,lastFM_3411,0.5,,
mbrainz_4173,lastFM_8651,0.75,,
mbrainz_3897,lastFM_8088,0.9,,
mbrainz_25686,lastFM_64707,0.8333333333333333,,
mbrainz_17355,lastFM_69748,0.5,,
mbrainz_28864,lastFM_72095,1.0,,
mbrainz_3504,lastFM_7331,1.0,,
mbrainz_21122,lastFM_53400,0.75,True,TP
mbrainz_2477,lastFM_52916,0.375,,
mbrainz_19406,lastFM_51137,0.5,,
mbrainz_20244,lastFM_11279,0.3333333333333333,,
mbrainz_10345,lastFM_22350,0.3333333333333333,,
mbrainz_31267,lastFM_77853,1.0,,
mbrainz_13374,lastFM_28910,0.75,,
mbrainz_9730,lastFM_20714,0.5833333333333333,True,TP
mbrainz_6119,lastFM_12869,1.0,,
mbrainz_4506,lastFM_9281,0.875,,
mbrainz_569,lastFM_1253,0.5666666666666667,,
mbrainz_4265,lastFM_8828,1.0,,
mbrainz_24150,lastFM_61153,0.9166666666666667,True,TP
mbrainz_4892,lastFM_10140,0.5666666666666667,,
mbrainz_23204,lastFM_49840,0.5,False,FP
mbrainz_17930,lastFM_43115,0.8,,
mbrainz_5110,lastFM_10624,0.9444444444444444,,
mbrainz_21822,lastFM_55291,0.5666666666666667,,
mbrainz_427,lastFM_42922,0.3333333333333333,,
mbrainz_9523,lastFM_20255,1.0,,
mbrainz_8502,lastFM_18151,0.9,,
mbrainz_19369,lastFM_48068,1.0,,
mbrainz_19686,lastFM_1042,0.3,,
mbrainz_910,lastFM_2114,0.5416666666666666,,
mbrainz_8289,lastFM_17733,1.0,,
mbrainz_284,lastFM_7724,0.375,,
mbrainz_2232,lastFM_42459,0.3,,
mbrainz_5645,lastFM_21715,0.5,,
mbrainz_25550,lastFM_64418,0.5,,
mbrainz_741,lastFM_1745,0.6666666666666666,,
mbrainz_24495,lastFM_61984,1.0,,
mbrainz_19901,lastFM_42672,0.375,,
mbrainz_9225,lastFM_49003,0.5833333333333334,,
mbrainz_26617,lastFM_66723,1.0,,
mbrainz_6704,lastFM_14157,1.0,,
mbrainz_28988,lastFM_72372,0.5,,
mbrainz_28616,lastFM_71533,0.6666666666666666,,
mbrainz_30481,lastFM_23508,0.5,,
mbrainz_7393,lastFM_15800,0.5375,,
mbrainz_1353,lastFM_3151,1.0,,
mbrainz_15263,lastFM_73882,0.5,,
mbrainz_27,lastFM_37,0.5416666666666666,,
mbrainz_16595,lastFM_38371,1.0,,
mbrainz_21027,lastFM_53101,1.0,,
mbrainz_29316,lastFM_73108,0.875,,
mbrainz_7942,lastFM_16936,0.75,True,TP
mbrainz_550,lastFM_1200,0.8,,
mbrainz_20082,lastFM_6217,0.3333333333333333,,
mbrainz_122,lastFM_10762,0.5,,
mbrainz_16851,lastFM_39210,1.0,,
mbrainz_23678,lastFM_60026,0.6666666666666666,,
mbrainz_4543,lastFM_9367,0.75,,
mbrainz_1588,lastFM_3728,0.9375,,
mbrainz_1746,lastFM_3961,0.75,,
mbrainz_29984,lastFM_37582,0.5,,
mbrainz_17009,lastFM_39755,1.0,,
mbrainz_8346,lastFM_17855,0.7333333333333334,,
mbrainz_6851,lastFM_14493,0.9375,True,TP
mbrainz_2319,lastFM_18616,0.3,,
mbrainz_3344,lastFM_7018,0.75,,
mbrainz_5294,lastFM_11047,0.875,,
mbrainz_913,lastFM_6429,0.5,,
mbrainz_14057,lastFM_24890,0.3333333333333333,,
mbrainz_16582,lastFM_38330,0.875,,
mbrainz_16798,lastFM_39006,0.8333333333333333,,
mbrainz_1281,lastFM_44606,0.3,False,FP
mbrainz_8419,lastFM_17996,1.0,,
mbrainz_13558,lastFM_23577,0.5,,
mbrainz_3349,lastFM_7024,0.8333333333333333,,
mbrainz_15584,lastFM_34340,0.8333333333333333,,
mbrainz_2662,lastFM_5663,0.6666666666666666,,
mbrainz_13231,lastFM_79324,0.3,,
mbrainz_25921,lastFM_18887,0.5,,
mbrainz_7146,lastFM_15208,1.0,,
mbrainz_7568,lastFM_16149,1.0,,
mbrainz_33585,lastFM_83037,0.8,,
mbrainz_10963,lastFM_23489,1.0,,
mbrainz_2738,lastFM_8707,0.75,,
mbrainz_12956,lastFM_23236,0.5,,
mbrainz_2544,lastFM_5422,0.575,,
mbrainz_7247,lastFM_12904,0.9,,
mbrainz_19687,lastFM_49404,0.5666666666666667,,
mbrainz_12285,lastFM_26446,0.75,,
mbrainz_24235,lastFM_61356,0.8,,
mbrainz_5149,lastFM_10714,1.0,,
mbrainz_6205,lastFM_13089,0.75,,
mbrainz_8866,lastFM_23606,0.35,,
mbrainz_8276,lastFM_17706,1.0,,
mbrainz_12631,lastFM_20549,0.3333333333333333,,
mbrainz_6774,lastFM_14312,0.9444444444444444,,
mbrainz_32195,lastFM_2194,0.35,,
mbrainz_16151,lastFM_36845,0.6666666666666666,,
mbrainz_7358,lastFM_28326,0.5,,
mbrainz_23843,lastFM_60413,0.41666666666666663,,
mbrainz_15067,lastFM_33132,0.5416666666666666,,
mbrainz_24101,lastFM_61032,1.0,,
mbrainz_20817,lastFM_52468,0.3333333333333333,,
mbrainz_25284,lastFM_63783,1.0,,
mbrainz_2811,lastFM_29659,0.5,,
mbrainz_33483,lastFM_82805,0.8333333333333333,True,TP
mbrainz_32774,lastFM_81307,0.6666666666666666,,
mbrainz_18358,lastFM_44496,0.9285714285714286,,
mbrainz_1079,lastFM_2491,0.6666666666666666,True,TP
mbrainz_275,lastFM_474,0.6071428571428572,,
mbrainz_8367,lastFM_17897,0.8333333333333333,,
mbrainz_17408,lastFM_40955,0.9375,,
mbrainz_28635,lastFM_15685,0.3333333333333333,,
mbrainz_16881,lastFM_31848,0.5,,
mbrainz_15933,lastFM_40293,0.3333333333333333,,
mbrainz_11982,lastFM_25781,0.75,,
mbrainz_3982,lastFM_33341,0.3333333333333333,,
mbrainz_6807,lastFM_14393,0.8,,
mbrainz_25334,lastFM_65603,0.5,,
mbrainz_4411,lastFM_14230,0.3333333333333333,,
mbrainz_78,lastFM_102,0.6666666666666666,,
mbrainz_16125,lastFM_42945,0.3333333333333333,,
mbrainz_1337,lastFM_2254,0.5,,
mbrainz_25570,lastFM_64465,1.0,,
mbrainz_3782,lastFM_7862,1.0,True,TP
mbrainz_31392,lastFM_78143,1.0,,
mbrainz_3548,lastFM_29288,0.5,,
mbrainz_23986,lastFM_60765,1.0,,
mbrainz_1092,lastFM_15428,0.5,,
mbrainz_4250,lastFM_36764,0.3333333333333333,,
mbrainz_4921,lastFM_26139,0.5,,
mbrainz_173,lastFM_1799,0.5454545454545454,,
mbrainz_4544,lastFM_16394,0.3,,
mbrainz_6386,lastFM_13472,0.8333333333333333,,
mbrainz_1589,lastFM_49157,0.5,,
mbrainz_15924,lastFM_7807,0.5,,
mbrainz_9521,lastFM_20251,0.8333333333333333,,
mbrainz_1352,lastFM_3150,0.45,,
mbrainz_10329,lastFM_22038,0.5,,
mbrainz_1196,lastFM_2762,0.6666666666666666,,
mbrainz_33235,lastFM_82314,0.5,,
mbrainz_13383,lastFM_28926,1.0,,
mbrainz_2140,lastFM_52780,0.5,,
mbrainz_4615,lastFM_9509,1.0,,
mbrainz_20775,lastFM_52337,0.8,,
mbrainz_6925,lastFM_12792,0.5,,
mbrainz_526,lastFM_75836,0.3,,
mbrainz_31061,lastFM_77414,1.0,,
mbrainz_370,lastFM_256,0.5,,
mbrainz_7257,lastFM_15486,1.0,,
mbrainz_17127,lastFM_40079,0.75,,
mbrainz_22378,lastFM_56803,0.6666666666666666,,
mbrainz_9552,lastFM_43490,0.75,,
mbrainz_18090,lastFM_43640,1.0,,
mbrainz_4033,lastFM_8380,0.75,,
mbrainz_25919,lastFM_65216,0.41666666666666663,,
mbrainz_10535,lastFM_30562,0.5,,
mbrainz_6751,lastFM_26709,0.5,,
mbrainz_32944,lastFM_13759,0.3333333333333333,,
mbrainz_2298,lastFM_4965,0.5,,
mbrainz_553,lastFM_1205,0.41666666666666663,,
mbrainz_31064,lastFM_31019,0.3333333333333333,,
mbrainz_648,lastFM_2217,0.5,,
mbrainz_22710,lastFM_57614,0.7777777777777778,,
mbrainz_19770,lastFM_49647,0.8333333333333333,,
mbrainz_13711,lastFM_9319,0.5,,
mbrainz_6740,lastFM_14234,0.8333333333333333,,
mbrainz_253,lastFM_432,0.8333333333333333,,
mbrainz_15889,lastFM_48731,0.37777777777777777,,
mbrainz_20119,lastFM_50655,0.8571428571428572,,
mbrainz_8408,lastFM_1020,0.5,,
mbrainz_2741,lastFM_5828,0.5,,
mbrainz_8968,lastFM_53072,0.5,,
mbrainz_6142,lastFM_12935,0.5833333333333333,,
mbrainz_11897,lastFM_25585,1.0,,
mbrainz_26855,lastFM_67301,0.525,,
mbrainz_29947,lastFM_74752,0.5357142857142857,,
mbrainz_12781,lastFM_19525,0.5,,
mbrainz_69,lastFM_39237,0.3333333333333333,,
mbrainz_29262,lastFM_49615,0.4375,False,FP
mbrainz_29386,lastFM_73282,0.5416666666666666,,
mbrainz_7080,lastFM_16989,0.39285714285714285,,
mbrainz_26262,lastFM_28864,0.5,,
mbrainz_5978,lastFM_10889,0.5,,
mbrainz_14289,lastFM_31183,0.5,,
mbrainz_3056,lastFM_6458,0.8333333333333333,,
mbrainz_29817,lastFM_51544,1.0,,
mbrainz_9427,lastFM_20049,1.0,,
mbrainz_10121,lastFM_21562,0.41666666666666663,True,TP
mbrainz_9118,lastFM_19415,0.5833333333333333,True,TP
mbrainz_13883,lastFM_30133,0.875,,
mbrainz_11543,lastFM_24736,1.0,,
mbrainz_7021,lastFM_14895,0.75,,
mbrainz_17641,lastFM_41969,0.8333333333333333,,
mbrainz_13925,lastFM_30243,1.0,True,TP
mbrainz_24674,lastFM_39517,0.5,,
mbrainz_6257,lastFM_13197,0.35,,
mbrainz_7337,lastFM_15663,0.75,,
mbrainz_4172,lastFM_3085,0.5,,
mbrainz_248,lastFM_8453,0.3333333333333333,,
mbrainz_3725,lastFM_7754,1.0,,
mbrainz_12715,lastFM_27396,0.75,,
mbrainz_16168,lastFM_7234,0.375,,
mbrainz_2160,lastFM_19863,0.8333333333333333,,
mbrainz_14852,lastFM_32579,0.6666666666666666,True,TP
mbrainz_13627,lastFM_29535,0.8333333333333333,,
mbrainz_16282,lastFM_37304,0.5952380952380952,,
mbrainz_9271,lastFM_19720,0.75,,
mbrainz_4390,lastFM_9072,1.0,,
mbrainz_22860,lastFM_57992,0.75,,
mbrainz_5772,lastFM_21522,0.5,,
mbrainz_10669,lastFM_60373,0.3,,
mbrainz_22655,lastFM_57478,0.5,,
mbrainz_2997,lastFM_26003,0.3333333333333333,,
mbrainz_8209,lastFM_17555,0.75,,
mbrainz_97,lastFM_129,0.8333333333333333,,
mbrainz_12884,lastFM_27749,0.6666666666666666,,
mbrainz_27044,lastFM_67736,0.75,,
mbrainz_12375,lastFM_26660,0.41666666666666663,,
mbrainz_6283,lastFM_13258,0.5,,
mbrainz_4110,lastFM_8517,1.0,True,TP
mbrainz_20139,lastFM_50718,0.8,,
mbrainz_12940,lastFM_27896,0.875,,
mbrainz_7144,lastFM_15206,0.5666666666666667,,
mbrainz_7828,lastFM_67549,1.0,,
mbrainz_4877,lastFM_7870,0.5,,
mbrainz_32189,lastFM_71564,0.5,,
mbrainz_32905,lastFM_1679,0.4,,
mbrainz_14136,lastFM_30795,1.0,,
mbrainz_29159,lastFM_72747,0.41666666666666663,,
mbrainz_10580,lastFM_22609,0.6071428571428572,,
mbrainz_12746,lastFM_27447,1.0,,
mbrainz_22742,lastFM_57684,0.6666666666666666,,
mbrainz_11979,lastFM_25774,1.0,,
mbrainz_23858,lastFM_60443,0.5416666666666666,True,TP
mbrainz_13295,lastFM_28703,0.75,,
mbrainz_611,lastFM_1397,0.6666666666666666,,
mbrainz_9210,lastFM_19584,0.41666666666666663,,
mbrainz_2360,lastFM_5080,0.8333333333333333,,
mbrainz_2175,lastFM_14680,0.5,,
mbrainz_26649,lastFM_48854,0.5,,
mbrainz_20856,lastFM_52562,1.0,,
mbrainz_13238,lastFM_28562,1.0,True,TP
mbrainz_3821,lastFM_58708,0.5,,
mbrainz_8230,lastFM_17609,0.5,,
mbrainz_19050,lastFM_19267,0.5,,
mbrainz_20773,lastFM_52333,0.75,,
mbrainz_19871,lastFM_49954,1.0,,
mbrainz_13146,lastFM_28351,1.0,,
mbrainz_8643,lastFM_548,0.5,,
mbrainz_22056,lastFM_40217,0.5,,
mbrainz_27204,lastFM_68108,0.5,,
mbrainz_27422,lastFM_68651,0.9166666666666667,,
mbrainz_16106,lastFM_36689,0.6666666666666666,,
mbrainz_18132,lastFM_50321,0.3333333333333333,,
mbrainz_2127,lastFM_39866,0.3333333333333333,,
mbrainz_6539,lastFM_13815,0.5416666666666666,,
mbrainz_8138,lastFM_17400,0.6944444444444444,,
mbrainz_10132,lastFM_2306,0.5,,
mbrainz_3851,lastFM_8014,0.9,,
mbrainz_10240,lastFM_47653,0.5,,
mbrainz_16293,lastFM_44431,0.4,,
mbrainz_17,lastFM_47038,0.375,,
mbrainz_10839,lastFM_23216,0.75,,
mbrainz_1562,lastFM_40621,0.3333333333333333,,
mbrainz_528,lastFM_1156,0.8333333333333333,,
mbrainz_25404,lastFM_64060,0.45238095238095233,True,TP
mbrainz_2718,lastFM_5780,0.41666666666666663,True,TP
mbrainz_11491,lastFM_60035,0.3333333333333333,,
mbrainz_3106,lastFM_6559,0.875,,
mbrainz_27411,lastFM_68615,1.0,,
mbrainz_4957,lastFM_10288,0.875,,
mbrainz_11989,lastFM_25803,1.0,,
mbrainz_17167,lastFM_40200,0.41666666666666663,,
mbrainz_8669,lastFM_8173,0.5,,
mbrainz_1340,lastFM_3118,1.0,,
mbrainz_20461,lastFM_48581,0.75,True,TP
mbrainz_1448,lastFM_28771,0.5,,
mbrainz_23762,lastFM_60225,1.0,,
mbrainz_18647,lastFM_34641,0.3333333333333333,,
mbrainz_2453,lastFM_5240,0.5,,
mbrainz_1314,lastFM_51938,0.5,,
mbrainz_23807,lastFM_43167,0.3333333333333333,,
mbrainz_6678,lastFM_14109,1.0,,
mbrainz_26552,lastFM_66578,0.8333333333333333,,
mbrainz_9890,lastFM_21088,0.75,,
mbrainz_3841,lastFM_7987,0.9,,
mbrainz_2899,lastFM_6132,0.5,True,TP
mbrainz_22973,lastFM_58292,0.8571428571428572,,
mbrainz_7395,lastFM_3632,0.5,,
mbrainz_6684,lastFM_14121,1.0,,
mbrainz_29942,lastFM_74740,0.8333333333333333,,
mbrainz_296,lastFM_516,1.0,,
mbrainz_905,lastFM_2097,0.75,,
mbrainz_23223,lastFM_58905,0.9,,
mbrainz_14163,lastFM_30866,0.9166666666666667,,
mbrainz_3287,lastFM_6908,1.0,,
mbrainz_8735,lastFM_44268,0.5,,
mbrainz_11264,lastFM_24155,1.0,,
mbrainz_26985,lastFM_67616,0.75,,
mbrainz_12240,lastFM_8766,0.5,,
mbrainz_15668,lastFM_83343,0.5,,
mbrainz_1260,lastFM_2907,0.875,,
mbrainz_4445,lastFM_9180,0.6666666666666666,,
mbrainz_33181,lastFM_56923,0.5,,
mbrainz_12219,lastFM_26310,1.0,True,TP
mbrainz_2071,lastFM_8402,0.3333333333333333,,
mbrainz_7308,lastFM_15612,1.0,True,TP
mbrainz_1772,lastFM_35519,0.5,,
mbrainz_3665,lastFM_7625,0.625,,
mbrainz_1542,lastFM_19627,0.5,,
mbrainz_13636,lastFM_29584,0.5,,
mbrainz_4316,lastFM_8926,1.0,,
mbrainz_19064,lastFM_46871,0.9166666666666667,,
mbrainz_15886,lastFM_45043,0.375,,
mbrainz_4736,lastFM_9794,0.875,,
mbrainz_1502,lastFM_3502,0.75,,
mbrainz_1910,lastFM_21129,0.5,,
mbrainz_20579,lastFM_51868,0.6666666666666666,,
mbrainz_4054,lastFM_8416,0.6666666666666666,,
mbrainz_26302,lastFM_66040,0.9166666666666667,,
mbrainz_30861,lastFM_77000,0.6666666666666666,,
mbrainz_18047,lastFM_43511,0.5833333333333334,True,TP
mbrainz_6652,lastFM_14063,1.0,,
mbrainz_16317,lastFM_37495,0.3333333333333333,,
mbrainz_8963,lastFM_19085,1.0,,
mbrainz_2931,lastFM_6196,0.5,True,TP
mbrainz_15080,lastFM_60398,0.3333333333333333,,
mbrainz_1564,lastFM_22976,0.5,,
mbrainz_9360,lastFM_33886,0.5,,
mbrainz_11674,lastFM_55371,0.375,,
mbrainz_10066,lastFM_21441,1.0,,
mbrainz_31697,lastFM_78843,0.75,,
mbrainz_29574,lastFM_57210,0.3333333333333333,,
mbrainz_2090,lastFM_4570,0.5,,
mbrainz_3613,lastFM_7536,0.6666666666666666,,
mbrainz_4850,lastFM_10055,1.0,,
mbrainz_25801,lastFM_50952,0.5,,
mbrainz_512,lastFM_49363,0.5,,
mbrainz_12939,lastFM_27894,1.0,,
mbrainz_31283,lastFM_77880,1.0,,
mbrainz_3021,lastFM_6388,0.6666666666666666,,
mbrainz_8453,lastFM_58492,0.3333333333333333,,
mbrainz_3103,lastFM_6553,0.5833333333333333,,
mbrainz_1301,lastFM_3010,0.6666666666666666,True,TP
mbrainz_21978,lastFM_55767,1.0,,
mbrainz_7740,lastFM_16515,0.8333333333333333,,
mbrainz_17739,lastFM_42294,0.875,,
mbrainz_24490,lastFM_61969,0.611111111111111,,
mbrainz_20680,lastFM_52117,0.625,,
mbrainz_20511,lastFM_45201,0.5,,
mbrainz_12487,lastFM_23090,0.3333333333333333,,
mbrainz_8305,lastFM_17765,1.0,,
mbrainz_241,lastFM_416,1.0,,
mbrainz_231,lastFM_402,1.0,,
mbrainz_7732,lastFM_16500,0.6666666666666666,True,TP
mbrainz_7299,lastFM_15597,0.875,,
mbrainz_10951,lastFM_23462,0.9166666666666667,,
mbrainz_11273,lastFM_65592,0.3,,
mbrainz_20466,lastFM_51570,0.75,,
mbrainz_7736,lastFM_16506,0.5,,
mbrainz_33188,lastFM_82221,0.6666666666666666,,
mbrainz_31759,lastFM_8885,0.5,,
mbrainz_877,lastFM_47749,0.3333333333333333,,
mbrainz_7160,lastFM_15234,0.5238095238095238,,
mbrainz_593,lastFM_1345,0.9,,
mbrainz_15843,lastFM_35481,0.41666666666666663,,
mbrainz_28440,lastFM_71101,1.0,,
mbrainz_2719,lastFM_35248,0.5,,
mbrainz_16773,lastFM_38926,0.5,,
mbrainz_11609,lastFM_30568,0.3333333333333333,,
mbrainz_11929,lastFM_25668,0.6666666666666666,,
mbrainz_4592,lastFM_9458,0.5,,
mbrainz_11793,lastFM_49219,0.3333333333333333,,
mbrainz_32425,lastFM_80564,0.8,,
mbrainz_12174,lastFM_26220,1.0,,
mbrainz_20926,lastFM_18360,0.5,,
mbrainz_1570,lastFM_1645,0.3333333333333333,,
mbrainz_7206,lastFM_15364,0.75,,
mbrainz_2950,lastFM_6226,0.6666666666666666,,
mbrainz_12106,lastFM_26094,1.0,,
mbrainz_30489,lastFM_21544,0.5,,
mbrainz_13755,lastFM_76120,0.5,,
mbrainz_8664,lastFM_18473,0.8,,
mbrainz_30962,lastFM_5532,0.5,,
mbrainz_25261,lastFM_63731,0.6666666666666667,,
mbrainz_28812,lastFM_71990,0.8333333333333333,True,TP
mbrainz_1487,lastFM_3473,0.9285714285714286,,
mbrainz_20260,lastFM_43682,0.3,,
mbrainz_9749,lastFM_20755,0.5416666666666666,,
mbrainz_1483,lastFM_3458,1.0,True,TP
mbrainz_33433,lastFM_64559,0.3333333333333333,,
mbrainz_22929,lastFM_47081,0.3,,
mbrainz_1238,lastFM_4576,0.5,,
mbrainz_24956,lastFM_63055,0.6666666666666666,True,TP
mbrainz_18997,lastFM_46672,0.625,,
mbrainz_7062,lastFM_14994,0.5833333333333333,,
mbrainz_23557,lastFM_54964,0.5,,
mbrainz_1077,lastFM_78565,0.3,,
mbrainz_19919,lastFM_50106,0.75,,
mbrainz_16104,lastFM_36665,0.5,,
mbrainz_22699,lastFM_57572,0.5416666666666666,,
mbrainz_344,lastFM_637,1.0,True,TP
mbrainz_20,lastFM_28,0.5,,
mbrainz_14564,lastFM_31886,1.0,,
mbrainz_13495,lastFM_29186,1.0,,
mbrainz_3774,lastFM_35146,0.5,,
mbrainz_2531,lastFM_5397,0.8333333333333333,,
mbrainz_12601,lastFM_27153,0.75,,
mbrainz_53,lastFM_72,0.5666666666666667,,
mbrainz_30648,lastFM_27040,0.5,,
mbrainz_19319,lastFM_37168,0.5,,
mbrainz_14025,lastFM_50907,0.3333333333333333,,
mbrainz_2389,lastFM_42872,0.5,,
mbrainz_5431,lastFM_11389,0.6666666666666666,,
mbrainz_26518,lastFM_66492,0.6875,,
mbrainz_5463,lastFM_20503,0.5,,
mbrainz_16193,lastFM_40948,0.5,,
mbrainz_27299,lastFM_68339,0.8333333333333333,,
mbrainz_3129,lastFM_6600,1.0,,
mbrainz_1342,lastFM_3123,0.75,,
mbrainz_2532,lastFM_67113,0.5,,
mbrainz_18327,lastFM_44425,1.0,,
mbrainz_7703,lastFM_49832,0.375,,
mbrainz_2024,lastFM_4458,1.0,,
mbrainz_30700,lastFM_76614,1.0,,
mbrainz_8259,lastFM_17229,0.45238095238095233,,
mbrainz_6210,lastFM_34224,0.5,,
mbrainz_5299,lastFM_11060,0.5,,
mbrainz_144,lastFM_191,0.5833333333333333,,
mbrainz_33018,lastFM_50991,0.5,,
mbrainz_2783,lastFM_19628,0.375,,
mbrainz_7051,lastFM_14970,0.7045454545454546,,
mbrainz_9273,lastFM_19723,0.5416666666666666,,
mbrainz_9133,lastFM_19452,0.6333333333333333,,
mbrainz_9827,lastFM_20923,1.0,,
mbrainz_6935,lastFM_78551,0.3333333333333333,,
mbrainz_6693,lastFM_14139,0.41666666666666663,True,TP
mbrainz_1412,lastFM_12548,0.3333333333333333,,
mbrainz_8387,lastFM_19091,0.5,,
mbrainz_30,lastFM_40,1.0,,
mbrainz_24121,lastFM_25421,0.5,,
mbrainz_2488,lastFM_13603,0.5,,
mbrainz_7433,lastFM_22368,0.5,,
mbrainz_1018,lastFM_50823,0.5,,
mbrainz_15867,lastFM_51924,0.3333333333333333,,
mbrainz_20434,lastFM_51492,0.875,,
mbrainz_9522,lastFM_20254,0.875,,
mbrainz_3051,lastFM_6442,0.6666666666666666,,
mbrainz_306,lastFM_538,0.6666666666666666,,
mbrainz_29624,lastFM_73899,1.0,,
mbrainz_1308,lastFM_3037,0.9,,
mbrainz_635,lastFM_1473,0.8333333333333333,,
mbrainz_28702,lastFM_71752,0.4666666666666667,,
mbrainz_10099,lastFM_73547,0.5,,
mbrainz_18831,lastFM_46147,0.5416666666666666,,
mbrainz_27397,lastFM_67514,0.3333333333333333,,
mbrainz_3047,lastFM_6435,1.0,,
mbrainz_1840,lastFM_4128,1.0,,
mbrainz_3779,lastFM_7857,1.0,True,TP
mbrainz_18516,lastFM_49081,0.3333333333333333,,
mbrainz_29170,lastFM_30764,0.5,,
mbrainz_4310,lastFM_8915,1.0,,
mbrainz_13060,lastFM_14638,0.5,,
mbrainz_6341,lastFM_13391,0.41666666666666663,,
mbrainz_9858,lastFM_21012,0.6666666666666666,,
mbrainz_13443,lastFM_29071,1.0,,
mbrainz_1568,lastFM_3678,0.6666666666666666,,
mbrainz_9319,lastFM_19824,0.41666666666666663,True,TP
mbrainz_16961,lastFM_39606,0.875,,
mbrainz_201,lastFM_67191,0.3333333333333333,,
mbrainz_74,lastFM_17356,0.3333333333333333,,
mbrainz_4477,lastFM_9234,0.9,,
mbrainz_100,lastFM_54712,0.5,,
mbrainz_18315,lastFM_44379,1.0,,
mbrainz_13876,lastFM_23264,0.5,,
mbrainz_3408,lastFM_59073,0.5,,
mbrainz_6014,lastFM_33659,0.41666666666666663,,
mbrainz_12423,lastFM_26758,0.8333333333333333,,
mbrainz_10221,lastFM_40692,0.5,,
mbrainz_21712,lastFM_61186,0.5,,
mbrainz_20209,lastFM_50931,1.0,True,TP
mbrainz_12743,lastFM_27440,0.6666666666666666,,
mbrainz_24831,lastFM_57816,0.5,,
mbrainz_2626,lastFM_5589,0.8333333333333333,,
mbrainz_13861,lastFM_30070,0.875,True,TP
mbrainz_11744,lastFM_67677,0.5,,
mbrainz_9945,lastFM_49556,0.5,,
mbrainz_25263,lastFM_63735,0.6666666666666666,,
mbrainz_4854,lastFM_10061,0.5,,
mbrainz_32381,lastFM_80460,1.0,,
mbrainz_45,lastFM_18612,0.3,,
mbrainz_8393,lastFM_3058,0.3333333333333333,,
mbrainz_12221,lastFM_26314,0.8333333333333333,,
mbrainz_4195,lastFM_8695,0.8333333333333333,,
mbrainz_11342,lastFM_24328,1.0,,
mbrainz_19571,lastFM_48777,0.8,,
mbrainz_16648,lastFM_38533,0.75,,
mbrainz_14665,lastFM_9171,0.5,,
mbrainz_25567,lastFM_64460,0.6666666666666666,,
mbrainz_26547,lastFM_66553,0.875,,
mbrainz_112,lastFM_74422,0.3,,
mbrainz_21265,lastFM_22672,0.5,,
mbrainz_20418,lastFM_45381,0.5,,
mbrainz_8811,lastFM_18783,1.0,,
mbrainz_10402,lastFM_22194,0.6666666666666666,,
mbrainz_8137,lastFM_17399,1.0,True,TP
mbrainz_15210,lastFM_33467,0.6666666666666666,,
mbrainz_1812,lastFM_4071,0.75,,
mbrainz_1834,lastFM_22233,0.5,,
mbrainz_9507,lastFM_29720,0.375,,
mbrainz_32617,lastFM_81002,0.75,,
mbrainz_1297,lastFM_13762,0.3333333333333333,,
mbrainz_7702,lastFM_18811,0.3333333333333333,,
mbrainz_19025,lastFM_46774,1.0,,
mbrainz_18601,lastFM_45316,1.0,,
mbrainz_5123,lastFM_10647,1.0,,
mbrainz_2393,lastFM_53163,0.5,,
mbrainz_3048,lastFM_6436,0.8333333333333333,,
mbrainz_27304,lastFM_7815,0.375,,
mbrainz_14593,lastFM_52973,0.5,,
mbrainz_21264,lastFM_53786,0.41666666666666663,,
mbrainz_10428,lastFM_22244,0.9285714285714286,True,TP
mbrainz_20978,lastFM_52941,0.8,,
mbrainz_12751,lastFM_27459,0.75,,
mbrainz_22166,lastFM_52085,0.5,,
mbrainz_12297,lastFM_26470,1.0,,
mbrainz_16599,lastFM_38389,0.8333333333333333,,
mbrainz_21213,lastFM_53665,0.5,,
mbrainz_3359,lastFM_7035,0.5666666666666667,,
mbrainz_21162,lastFM_53505,0.6666666666666666,,
mbrainz_10080,lastFM_6136,0.5,,
mbrainz_16498,lastFM_52257,0.5,,
mbrainz_7369,lastFM_27304,0.5,,
mbrainz_1654,lastFM_2395,0.5,,
mbrainz_26684,lastFM_66884,0.8,,
mbrainz_20367,lastFM_21354,0.5,,
mbrainz_18999,lastFM_46690,1.0,True,TP
mbrainz_5424,lastFM_42554,0.375,,
mbrainz_3165,lastFM_6675,0.6666666666666666,,
mbrainz_1793,lastFM_4040,0.6666666666666666,,
mbrainz_263,lastFM_68304,0.3333333333333333,,
mbrainz_12065,lastFM_25984,0.5,,
mbrainz_771,lastFM_55115,0.3,,
mbrainz_5107,lastFM_10615,1.0,,
mbrainz_8792,lastFM_18746,0.9166666666666667,,
mbrainz_17692,lastFM_42138,1.0,,
mbrainz_28437,lastFM_71098,1.0,,
mbrainz_9668,lastFM_20570,0.41666666666666663,,
mbrainz_22599,lastFM_57342,1.0,,
mbrainz_20428,lastFM_52410,0.375,,
mbrainz_7052,lastFM_14971,0.41666666666666663,,
mbrainz_15371,lastFM_33812,0.8333333333333333,,
mbrainz_26674,lastFM_66862,0.75,,
mbrainz_8365,lastFM_21637,0.41666666666666663,,
mbrainz_10813,lastFM_23168,0.9,,
mbrainz_32460,lastFM_80640,1.0,,
mbrainz_8359,lastFM_17881,0.8,,
mbrainz_5411,lastFM_11330,1.0,,
mbrainz_14073,lastFM_30614,0.8333333333333333,,
mbrainz_3342,lastFM_7016,0.5952380952380952,True,TP
mbrainz_28868,lastFM_39682,0.3666666666666667,,
mbrainz_221,lastFM_385,1.0,,
mbrainz_6913,lastFM_14453,0.5,,
mbrainz_13347,lastFM_24915,0.5,,
mbrainz_5629,lastFM_11858,0.625,,
mbrainz_5422,lastFM_11359,1.0,,
mbrainz_17839,lastFM_42855,0.9,,
mbrainz_13911,lastFM_53240,0.5,,
mbrainz_26680,lastFM_66876,1.0,,
mbrainz_7270,lastFM_15523,0.9,,
mbrainz_30429,lastFM_75432,0.7083333333333334,,
mbrainz_4940,lastFM_10255,0.5,,
mbrainz_13623,lastFM_78487,0.5,,
mbrainz_839,lastFM_49028,0.3333333333333333,,
mbrainz_9859,lastFM_32495,0.7222222222222222,,
mbrainz_30384,lastFM_75833,0.41666666666666663,,
mbrainz_10293,lastFM_21946,0.6666666666666666,True,TP
mbrainz_2229,lastFM_6828,0.75,,
mbrainz_14451,lastFM_28822,0.5,,
mbrainz_29973,lastFM_49608,0.5,,
mbrainz_25706,lastFM_45515,0.5,,
mbrainz_9771,lastFM_20803,0.41666666666666663,,
mbrainz_21250,lastFM_53757,1.0,,
mbrainz_18962,lastFM_46575,0.6666666666666666,,
mbrainz_18926,lastFM_46450,1.0,,
mbrainz_1514,lastFM_3525,1.0,,
mbrainz_13229,lastFM_28531,1.0,True,TP
mbrainz_39,lastFM_53,0.5833333333333334,,
mbrainz_18917,lastFM_46426,0.8,True,TP
mbrainz_7297,lastFM_15594,0.5833333333333334,,
mbrainz_25605,lastFM_26949,0.3333333333333333,,
mbrainz_16371,lastFM_37674,0.625,True,TP
mbrainz_9872,lastFM_21042,0.75,,
mbrainz_3019,lastFM_6384,0.6666666666666666,True,TP
mbrainz_14922,lastFM_32779,0.75,,
mbrainz_30273,lastFM_75577,0.9375,,
mbrainz_2419,lastFM_12227,0.3333333333333333,,
mbrainz_2074,lastFM_49305,0.5,,
mbrainz_19123,lastFM_69740,0.3333333333333333,,
mbrainz_2981,lastFM_46703,0.5,,
mbrainz_19795,lastFM_49719,0.3333333333333333,,
mbrainz_11696,lastFM_25088,0.6666666666666666,,
mbrainz_19119,lastFM_47070,0.875,,
mbrainz_809,lastFM_1892,0.41666666666666663,,
mbrainz_3409,lastFM_7151,0.875,,
mbrainz_32963,lastFM_81722,0.4583333333333333,,
mbrainz_14271,lastFM_31131,1.0,True,TP
mbrainz_3784,lastFM_7866,0.5666666666666667,,
mbrainz_5111,lastFM_19972,0.5,,
mbrainz_140,lastFM_186,0.9,,
mbrainz_29414,lastFM_73320,1.0,,
mbrainz_33059,lastFM_81929,1.0,,
mbrainz_14797,lastFM_32456,0.41666666666666663,,
mbrainz_18562,lastFM_45215,1.0,,
mbrainz_9349,lastFM_19869,1.0,,
mbrainz_23854,lastFM_60434,0.41666666666666663,,
mbrainz_559,lastFM_1219,1.0,,
mbrainz_11272,lastFM_24165,0.6666666666666666,,
mbrainz_26630,lastFM_66762,0.75,,
mbrainz_1267,lastFM_2927,0.875,,
mbrainz_7987,lastFM_28514,0.3,,
mbrainz_1203,lastFM_31699,0.3333333333333333,,
mbrainz_13804,lastFM_25400,0.375,,
mbrainz_1586,lastFM_3724,1.0,,
mbrainz_10901,lastFM_23350,0.41666666666666663,,
mbrainz_352,lastFM_650,0.75,True,TP
mbrainz_4251,lastFM_8800,0.3333333333333333,,
mbrainz_23213,lastFM_2065,0.5,,
mbrainz_9548,lastFM_4916,0.5,,
mbrainz_7889,lastFM_5552,0.3666666666666667,,
mbrainz_4914,lastFM_10197,0.75,,
mbrainz_3031,lastFM_6401,0.5,True,TP
mbrainz_13085,lastFM_28235,1.0,,
mbrainz_21004,lastFM_53026,1.0,,
mbrainz_1181,lastFM_2728,0.75,,
mbrainz_12098,lastFM_26063,0.6666666666666666,,
mbrainz_14016,lastFM_30462,0.5,,
mbrainz_1554,lastFM_9289,0.5,,
mbrainz_17999,lastFM_43350,0.4666666666666667,,
mbrainz_22765,lastFM_57721,0.5,,
mbrainz_14661,lastFM_32111,0.6666666666666666,,
mbrainz_29254,lastFM_72958,1.0,,
mbrainz_14925,lastFM_32784,0.675,,
mbrainz_19815,lastFM_49768,0.6666666666666666,,
mbrainz_22096,lastFM_56062,1.0,,
mbrainz_20636,lastFM_52017,1.0,,
mbrainz_30006,lastFM_58607,0.3333333333333333,,
mbrainz_25359,lastFM_55239,0.5,,
mbrainz_3967,lastFM_8237,0.875,,
mbrainz_10593,lastFM_22641,1.0,,
mbrainz_10868,lastFM_23040,0.3333333333333333,,
mbrainz_3469,lastFM_7267,0.9615384615384616,,
mbrainz_4571,lastFM_16345,0.5,,
mbrainz_9549,lastFM_20316,0.9,,
mbrainz_2302,lastFM_4976,0.5,,
mbrainz_2327,lastFM_74420,0.5,,
mbrainz_31188,lastFM_35716,0.41666666666666663,,
mbrainz_29909,lastFM_74640,0.875,True,TP
mbrainz_8566,lastFM_18269,0.75,,
mbrainz_24381,lastFM_81062,0.375,,
mbrainz_17680,lastFM_42091,0.6666666666666666,,
mbrainz_5680,lastFM_11956,1.0,,
mbrainz_11095,lastFM_28856,0.5,,
mbrainz_2549,lastFM_78444,0.75,,
mbrainz_7166,lastFM_15260,0.5,,
mbrainz_17654,lastFM_30844,0.3333333333333333,,
mbrainz_13502,lastFM_29209,1.0,,
mbrainz_13252,lastFM_28594,0.6666666666666666,,
mbrainz_23041,lastFM_58446,0.6666666666666666,,
mbrainz_24793,lastFM_62689,0.41666666666666663,True,TP
mbrainz_1724,lastFM_28893,0.5,,
mbrainz_3062,lastFM_70314,0.5,,
mbrainz_16113,lastFM_53476,0.5,,
mbrainz_26824,lastFM_67224,0.8333333333333333,,
mbrainz_8555,lastFM_64974,0.5,,
mbrainz_70,lastFM_22878,0.5,,
mbrainz_9390,lastFM_1869,0.3333333333333333,,
mbrainz_2844,lastFM_31398,0.5,,
mbrainz_9601,lastFM_20432,0.8333333333333333,,
mbrainz_1013,lastFM_76905,0.3,,
mbrainz_2224,lastFM_76711,0.5,,
mbrainz_6705,lastFM_14159,0.75,,
mbrainz_15453,lastFM_34019,0.8,,
mbrainz_1233,lastFM_80737,0.375,,
mbrainz_3694,lastFM_7695,1.0,,
mbrainz_3804,lastFM_7914,0.41666666666666663,,
mbrainz_8996,lastFM_16836,0.375,,
mbrainz_3992,lastFM_8289,0.9444444444444444,,
mbrainz_16252,lastFM_2497,0.5,,
mbrainz_10156,lastFM_21659,0.9166666666666667,,
mbrainz_4581,lastFM_9440,0.75,,
mbrainz_1766,lastFM_31863,0.5,,
mbrainz_28372,lastFM_18439,0.3333333333333333,,
mbrainz_7275,lastFM_15533,1.0,,
mbrainz_2916,lastFM_32919,0.5,,
mbrainz_7309,lastFM_15614,1.0,,
mbrainz_22154,lastFM_56226,0.75,,
mbrainz_27090,lastFM_43421,0.5,,
mbrainz_1499,lastFM_64401,0.3333333333333333,,
mbrainz_2139,lastFM_4650,1.0,,
mbrainz_6068,lastFM_22548,0.5,,
mbrainz_12962,lastFM_27941,1.0,,
mbrainz_17729,lastFM_42263,0.875,,
mbrainz_19987,lastFM_30936,0.5,,
mbrainz_14331,lastFM_31286,0.5952380952380952,,
mbrainz_1418,lastFM_3288,0.75,,
mbrainz_13515,lastFM_29239,1.0,,
mbrainz_3655,lastFM_7609,1.0,,
mbrainz_14787,lastFM_37683,0.375,,
mbrainz_16219,lastFM_37061,0.8333333333333333,,
mbrainz_893,lastFM_1973,0.7,,
mbrainz_4180,lastFM_8668,1.0,True,TP
mbrainz_896,lastFM_47216,0.5,,
mbrainz_20115,lastFM_22880,0.3,,
mbrainz_8619,lastFM_24488,0.5,,
mbrainz_8617,lastFM_18365,0.875,,
mbrainz_3873,lastFM_8050,0.875,,
mbrainz_18711,lastFM_45699,0.41666666666666663,,
mbrainz_4405,lastFM_9102,0.6666666666666666,,
mbrainz_25391,lastFM_64028,1.0,,
mbrainz_12946,lastFM_5468,0.3333333333333333,,
mbrainz_15776,lastFM_59046,0.5,,
mbrainz_1327,lastFM_3079,0.5,,
mbrainz_10108,lastFM_21537,0.875,,
mbrainz_2359,lastFM_23892,0.375,,
mbrainz_22914,lastFM_58142,0.65,,
mbrainz_21257,lastFM_53770,1.0,,
mbrainz_31492,lastFM_78346,0.5,,
mbrainz_250,lastFM_428,0.41666666666666663,,
mbrainz_3844,lastFM_7997,0.5833333333333334,,
mbrainz_2256,lastFM_4874,0.8333333333333333,,
mbrainz_10351,lastFM_22079,1.0,,
mbrainz_16420,lastFM_37844,0.8333333333333333,,
mbrainz_137,lastFM_179,0.5416666666666666,True,TP
mbrainz_3806,lastFM_51706,0.3333333333333333,,
mbrainz_12753,lastFM_42181,0.3333333333333333,,
mbrainz_14823,lastFM_32511,0.8333333333333333,,
mbrainz_5792,lastFM_26402,0.5,,
mbrainz_5033,lastFM_10453,0.5833333333333333,,
mbrainz_19491,lastFM_47516,0.3,,
mbrainz_22781,lastFM_57765,0.9285714285714286,True,TP
mbrainz_5262,lastFM_47174,0.5,,
mbrainz_13427,lastFM_29038,1.0,,
mbrainz_21019,lastFM_4594,0.5,,
mbrainz_24538,lastFM_62079,1.0,,
mbrainz_10470,lastFM_22342,0.6571428571428571,,
mbrainz_7083,lastFM_15033,1.0,,
mbrainz_2355,lastFM_45384,0.5,,
mbrainz_28981,lastFM_64243,0.5,,
mbrainz_27351,lastFM_3815,0.5,,
mbrainz_2864,lastFM_6073,1.0,,
mbrainz_79,lastFM_104,0.5666666666666667,,
mbrainz_3815,lastFM_66348,0.75,,
mbrainz_11145,lastFM_23929,0.75,,
mbrainz_6390,lastFM_73597,0.5,,
mbrainz_26536,lastFM_25486,0.5,,
mbrainz_8627,lastFM_18389,0.9166666666666667,,
mbrainz_26584,lastFM_55781,0.5,,
mbrainz_849,lastFM_6784,0.625,,
mbrainz_25923,lastFM_65221,0.5,,
mbrainz_646,lastFM_1500,0.75,,
mbrainz_3115,lastFM_6582,1.0,True,TP
mbrainz_4435,lastFM_11064,0.3,,
mbrainz_22456,lastFM_57012,1.0,,
mbrainz_30276,lastFM_75586,0.75,,
mbrainz_18137,lastFM_14078,0.5,,
mbrainz_7470,lastFM_15968,1.0,True,TP
mbrainz_19714,lastFM_49483,0.8333333333333333,,
mbrainz_14409,lastFM_80648,0.5,,
mbrainz_6520,lastFM_13773,0.8333333333333333,,
mbrainz_9583,lastFM_20388,0.6666666666666666,,
mbrainz_5926,lastFM_12488,1.0,,
mbrainz_16111,lastFM_56261,0.5,,
mbrainz_10222,lastFM_21816,1.0,,
mbrainz_15452,lastFM_34018,0.8333333333333333,,
mbrainz_135,lastFM_12880,0.5,,
mbrainz_117,lastFM_9708,0.3333333333333333,,
mbrainz_3546,lastFM_7415,1.0,,
mbrainz_1358,lastFM_3162,1.0,,
mbrainz_3825,lastFM_66885,0.3333333333333333,,
mbrainz_32512,lastFM_65734,0.375,,
mbrainz_8024,lastFM_17121,1.0,,
mbrainz_31576,lastFM_79637,0.5,,
mbrainz_32830,lastFM_28975,0.5,,
mbrainz_26566,lastFM_66616,0.6666666666666666,,
mbrainz_16349,lastFM_47467,0.5,,
mbrainz_21318,lastFM_53934,0.8,,
mbrainz_13725,lastFM_29755,1.0,,
mbrainz_5662,lastFM_11922,0.6666666666666666,,
mbrainz_18632,lastFM_45420,0.8333333333333333,,
mbrainz_10025,lastFM_21345,0.6666666666666666,,
mbrainz_13135,lastFM_23973,0.3333333333333333,,
mbrainz_3470,lastFM_7268,1.0,,
mbrainz_10200,lastFM_21762,0.75,,
mbrainz_26955,lastFM_63010,0.3333333333333333,,
mbrainz_3549,lastFM_7420,0.9166666666666667,,
mbrainz_11338,lastFM_32399,0.5,,
mbrainz_9242,lastFM_19657,1.0,,
mbrainz_22966,lastFM_8655,0.35,,
mbrainz_6117,lastFM_46163,0.3333333333333333,,
mbrainz_5067,lastFM_10528,1.0,,
mbrainz_302,lastFM_5305,0.375,,
mbrainz_20549,lastFM_60335,0.5,,
mbrainz_12079,lastFM_19385,0.5,,
mbrainz_19169,lastFM_47225,0.75,,
mbrainz_6787,lastFM_14340,0.8,,
mbrainz_10481,lastFM_22364,0.75,,
mbrainz_1047,lastFM_2425,0.5416666666666666,,
mbrainz_9767,lastFM_20790,0.8333333333333333,,
mbrainz_6756,lastFM_5190,0.3333333333333333,,
mbrainz_15154,lastFM_33336,1.0,,
mbrainz_641,lastFM_1490,1.0,,
mbrainz_2984,lastFM_6305,1.0,,
mbrainz_13341,lastFM_61988,0.3333333333333333,,
mbrainz_15478,lastFM_34073,0.6666666666666666,,
mbrainz_6578,lastFM_13911,1.0,,
mbrainz_12436,lastFM_26792,0.6666666666666666,,
mbrainz_9193,lastFM_19551,1.0,,
mbrainz_2180,lastFM_4729,1.0,,
mbrainz_12215,lastFM_36726,0.5,,
mbrainz_15045,lastFM_48867,0.375,,
mbrainz_20447,lastFM_51524,0.875,,
mbrainz_13614,lastFM_29498,1.0,,
mbrainz_2709,lastFM_15025,0.3333333333333333,,
mbrainz_10379,lastFM_22146,0.75,,
mbrainz_19423,lastFM_35717,0.5,,
mbrainz_20098,lastFM_50594,0.875,,
mbrainz_11815,lastFM_25395,1.0,,
mbrainz_21896,lastFM_6340,0.3333333333333333,,
mbrainz_999,lastFM_2315,0.75,,
mbrainz_402,lastFM_16667,0.5,,
mbrainz_5097,lastFM_10597,0.9,,
mbrainz_1631,lastFM_3785,1.0,,
mbrainz_9799,lastFM_15111,0.3333333333333333,,
mbrainz_7032,lastFM_14924,0.6666666666666666,,
mbrainz_17263,lastFM_40496,1.0,,
mbrainz_12092,lastFM_26050,0.41666666666666663,,
mbrainz_4637,lastFM_9560,0.875,,
mbrainz_15931,lastFM_67120,0.75,,
mbrainz_7940,lastFM_16933,0.8333333333333333,,
mbrainz_20255,lastFM_2038,0.375,,
mbrainz_5184,lastFM_10816,0.75,True,TP
mbrainz_16705,lastFM_23532,0.5,,
mbrainz_7088,lastFM_42783,0.3,,
mbrainz_9116,lastFM_19412,1.0,,
mbrainz_358,lastFM_17165,0.5,,
mbrainz_25824,lastFM_48390,0.3,,
mbrainz_3883,lastFM_62428,0.5,,
mbrainz_10415,lastFM_36671,0.5,,
mbrainz_11594,lastFM_24849,0.41666666666666663,,
mbrainz_16967,lastFM_39622,1.0,,
mbrainz_31537,lastFM_78468,1.0,,
mbrainz_31484,lastFM_60427,0.3333333333333333,,
mbrainz_7840,lastFM_16720,1.0,,
mbrainz_3065,lastFM_6480,0.6666666666666666,,
mbrainz_9576,lastFM_24393,0.5,,
mbrainz_1886,lastFM_40619,0.5,,
mbrainz_4376,lastFM_71838,0.3333333333333333,,
mbrainz_24711,lastFM_62517,0.5416666666666666,,
mbrainz_6689,lastFM_29132,0.5,,
mbrainz_4012,lastFM_53379,0.5,,
mbrainz_27696,lastFM_69388,0.5,,
mbrainz_15623,lastFM_34448,0.8333333333333333,,
mbrainz_21163,lastFM_44990,0.5,,
mbrainz_10603,lastFM_21469,0.3333333333333333,,
mbrainz_341,lastFM_629,1.0,,
mbrainz_7223,lastFM_15409,0.4166666666666667,,
mbrainz_1767,lastFM_25475,0.3333333333333333,,
mbrainz_21505,lastFM_54457,0.35,,
mbrainz_2428,lastFM_5182,0.9,,
mbrainz_233,lastFM_404,1.0,,
mbrainz_13837,lastFM_30023,1.0,,
mbrainz_5492,lastFM_11541,0.6666666666666666,,
mbrainz_16109,lastFM_53466,0.5,,
mbrainz_20177,lastFM_50826,1.0,,
mbrainz_4307,lastFM_81372,0.3333333333333333,,
mbrainz_2019,lastFM_4452,0.6666666666666666,,
mbrainz_6173,lastFM_13011,0.6666666666666666,,
mbrainz_11044,lastFM_23682,1.0,,
mbrainz_26901,lastFM_48549,0.4,,
mbrainz_4599,lastFM_9476,0.75,,
mbrainz_29270,lastFM_72997,0.41666666666666663,True,TP
mbrainz_315,lastFM_14584,0.3,,
mbrainz_15834,lastFM_69597,0.5,,
mbrainz_18790,lastFM_46027,0.41666666666666663,,
mbrainz_30169,lastFM_73954,0.3,,
mbrainz_1426,lastFM_6872,0.5416666666666666,,
mbrainz_13820,lastFM_29977,1.0,,
mbrainz_31752,lastFM_78984,0.9,,
mbrainz_9567,lastFM_20355,0.9,,
mbrainz_13120,lastFM_28303,0.41666666666666663,,
mbrainz_19510,lastFM_39664,0.3333333333333333,,
mbrainz_17410,lastFM_40963,1.0,,
mbrainz_3933,lastFM_23867,0.5,,
mbrainz_17748,lastFM_42330,0.875,True,TP
mbrainz_4985,lastFM_10343,1.0,,
mbrainz_31192,lastFM_77712,1.0,,
mbrainz_24842,lastFM_62806,1.0,,
mbrainz_26644,lastFM_66794,1.0,,
mbrainz_32424,lastFM_80558,1.0,,
mbrainz_2891,lastFM_6119,1.0,,
mbrainz_17035,lastFM_39830,1.0,,
mbrainz_30041,lastFM_74985,1.0,True,TP
mbrainz_30104,lastFM_75188,0.4583333333333333,,
mbrainz_2165,lastFM_4703,1.0,,
mbrainz_3959,lastFM_65019,0.5,,
mbrainz_30399,lastFM_75880,0.8333333333333333,True,TP
mbrainz_5311,lastFM_11103,1.0,,
mbrainz_31275,lastFM_26460,0.5,,
mbrainz_2805,lastFM_5956,0.6666666666666666,,
mbrainz_30527,lastFM_76216,0.75,,
mbrainz_956,lastFM_2208,0.875,,
mbrainz_4695,lastFM_9688,0.6,,
mbrainz_25676,lastFM_64688,0.5416666666666666,,
mbrainz_24026,lastFM_50474,0.3,,
mbrainz_340,lastFM_626,0.6666666666666666,,
mbrainz_5233,lastFM_10915,1.0,,
mbrainz_164,lastFM_236,1.0,,
mbrainz_10030,lastFM_21362,0.6666666666666666,,
mbrainz_24804,lastFM_62712,0.6666666666666666,,
mbrainz_1866,lastFM_4180,0.8333333333333333,,
mbrainz_18220,lastFM_44053,0.6785714285714286,,
mbrainz_28449,lastFM_41365,0.5,,
mbrainz_12847,lastFM_27675,1.0,,
mbrainz_236,lastFM_410,0.8333333333333333,True,TP
mbrainz_14205,lastFM_30977,0.6666666666666666,,
mbrainz_4382,lastFM_49237,0.375,,
mbrainz_5151,lastFM_10716,0.875,,
mbrainz_3397,lastFM_7195,0.5,,
mbrainz_2323,lastFM_5014,1.0,,
mbrainz_23530,lastFM_59690,0.5,,
mbrainz_1209,lastFM_2789,0.625,,
mbrainz_8203,lastFM_76297,0.375,,
mbrainz_15258,lastFM_33571,0.8125,,
mbrainz_801,lastFM_1876,0.9166666666666667,,
mbrainz_6332,lastFM_21370,0.5,,
mbrainz_1856,lastFM_4164,1.0,,
mbrainz_17763,lastFM_42390,1.0,,
mbrainz_7972,lastFM_17008,0.5666666666666667,,
mbrainz_19607,lastFM_66803,0.5,,
mbrainz_2773,lastFM_5889,0.8333333333333333,,
mbrainz_7998,lastFM_17072,0.75,,
mbrainz_3309,lastFM_43547,0.3333333333333333,,
mbrainz_883,lastFM_13807,0.5,,
mbrainz_4163,lastFM_8633,1.0,,
mbrainz_891,lastFM_28015,0.3333333333333333,,
mbrainz_5511,lastFM_58179,0.3,,
mbrainz_1270,lastFM_2944,0.6666666666666666,True,TP
mbrainz_17784,lastFM_42439,1.0,,
mbrainz_26383,lastFM_66216,0.5,,
mbrainz_6562,lastFM_13861,1.0,,
mbrainz_14605,lastFM_64486,0.5,,
mbrainz_5434,lastFM_11395,0.9,,
mbrainz_3836,lastFM_7973,1.0,,
mbrainz_17220,lastFM_40373,0.8,,
mbrainz_4480,lastFM_9238,0.5,,
mbrainz_2082,lastFM_50844,0.3,,
mbrainz_12865,lastFM_6324,0.5,,
mbrainz_15046,lastFM_33083,1.0,,
mbrainz_12913,lastFM_27819,0.75,,
mbrainz_21,lastFM_30,1.0,,
mbrainz_10238,lastFM_21845,0.6,True,TP
mbrainz_3736,lastFM_52785,0.3333333333333333,,
mbrainz_2513,lastFM_5362,0.6666666666666666,,
mbrainz_17945,lastFM_43204,1.0,True,TP
mbrainz_28928,lastFM_55590,0.5,,
mbrainz_26403,lastFM_66262,0.75,,
mbrainz_952,lastFM_2200,0.75,,
mbrainz_16389,lastFM_37733,0.5,,
mbrainz_12068,lastFM_25991,0.8,,
mbrainz_27878,lastFM_69828,0.6666666666666666,,
mbrainz_23008,lastFM_58369,1.0,,
mbrainz_1689,lastFM_30110,0.5,,
mbrainz_385,lastFM_733,1.0,,
mbrainz_25398,lastFM_43242,0.5,,
mbrainz_17160,lastFM_40176,1.0,,
mbrainz_22421,lastFM_56921,0.6666666666666666,True,TP
mbrainz_11153,lastFM_78332,0.3333333333333333,,
mbrainz_24092,lastFM_61012,1.0,,
mbrainz_23778,lastFM_68323,0.5,,
mbrainz_12926,lastFM_27846,1.0,,
mbrainz_16690,lastFM_38659,0.7,,
mbrainz_18446,lastFM_44789,1.0,,
mbrainz_260,lastFM_441,0.8333333333333333,,
mbrainz_1825,lastFM_16175,0.5,,
mbrainz_355,lastFM_68505,0.5,,
mbrainz_15556,lastFM_6641,0.5,,
mbrainz_14691,lastFM_32191,0.75,True,TP
mbrainz_8,lastFM_16987,0.3333333333333333,,
mbrainz_25239,lastFM_63674,0.9285714285714286,,
mbrainz_6122,lastFM_12873,1.0,,
mbrainz_27891,lastFM_69851,1.0,,
mbrainz_11581,lastFM_15937,0.5,,
mbrainz_17392,lastFM_14309,1.0,,
mbrainz_18169,lastFM_43894,0.611111111111111,,
mbrainz_25970,lastFM_22659,0.3333333333333333,,
mbrainz_160,lastFM_225,0.5416666666666666,,
mbrainz_5498,lastFM_11561,0.8333333333333333,,
mbrainz_19825,lastFM_49808,0.8333333333333333,,
mbrainz_2458,lastFM_5249,0.8333333333333333,,
mbrainz_33103,lastFM_82014,1.0,,
mbrainz_24802,lastFM_62700,0.8333333333333333,,
mbrainz_16257,lastFM_5093,0.5,False,FP
mbrainz_5338,lastFM_11176,0.41666666666666663,,
mbrainz_536,lastFM_1179,0.45,,
mbrainz_10253,lastFM_21874,0.675,,
mbrainz_9350,lastFM_19870,0.75,,
mbrainz_30404,lastFM_41713,0.5,,
mbrainz_2439,lastFM_5211,1.0,,
mbrainz_68,lastFM_90,0.75,,
mbrainz_10384,lastFM_22155,0.75,,
mbrainz_33679,lastFM_83227,0.47619047619047616,,
mbrainz_8399,lastFM_17957,0.5,,
mbrainz_29396,lastFM_73297,0.8,,
mbrainz_1169,lastFM_80561,0.3333333333333333,,
mbrainz_8150,lastFM_17433,0.5,,
mbrainz_10786,lastFM_19103,0.5,,
mbrainz_21132,lastFM_53437,0.6666666666666666,,
mbrainz_8253,lastFM_17650,0.5416666666666666,,
mbrainz_13714,lastFM_72248,0.5,,
mbrainz_15126,lastFM_27128,0.375,,
mbrainz_2849,lastFM_6044,0.8333333333333333,,
mbrainz_242,lastFM_417,0.6666666666666666,,
mbrainz_7916,lastFM_16886,0.8571428571428572,True,TP
mbrainz_1688,lastFM_21732,0.3,,
mbrainz_4205,lastFM_82412,0.375,,
mbrainz_28566,lastFM_71414,0.6666666666666666,,
mbrainz_10613,lastFM_10114,0.5,,
mbrainz_18448,lastFM_44792,0.875,,
mbrainz_13986,lastFM_30378,0.6666666666666666,,
mbrainz_10499,lastFM_22407,0.41666666666666663,,
mbrainz_18314,lastFM_44374,0.3333333333333333,,
mbrainz_8227,lastFM_17605,1.0,True,TP
mbrainz_10,lastFM_38950,0.625,,
mbrainz_16776,lastFM_32602,0.5,,
mbrainz_16630,lastFM_16789,0.3333333333333333,,
mbrainz_27564,lastFM_69064,0.7142857142857143,,
mbrainz_1844,lastFM_1195,0.5,,
mbrainz_1331,lastFM_3093,1.0,,
mbrainz_23867,lastFM_60469,1.0,True,TP
mbrainz_19735,lastFM_49541,0.8333333333333333,,
mbrainz_11345,lastFM_49568,0.3333333333333333,,
mbrainz_16509,lastFM_44940,0.3333333333333333,,
mbrainz_3608,lastFM_7524,1.0,,
mbrainz_15439,lastFM_33991,0.41666666666666663,,
mbrainz_15752,lastFM_29448,0.5,,
mbrainz_5965,lastFM_12562,0.6666666666666666,,
mbrainz_22460,lastFM_6671,0.5,,
mbrainz_14097,lastFM_30690,1.0,,
mbrainz_2083,lastFM_50476,0.5,,
mbrainz_12833,lastFM_27646,0.6666666666666666,,
mbrainz_7650,lastFM_28263,0.3333333333333333,,
mbrainz_24743,lastFM_62592,1.0,,
mbrainz_8813,lastFM_60846,0.3,,
mbrainz_15622,lastFM_34440,0.41666666666666663,,
mbrainz_568,lastFM_1245,0.8333333333333333,,
mbrainz_29214,lastFM_40688,0.3333333333333333,,
mbrainz_25835,lastFM_65005,0.3,,
mbrainz_237,lastFM_70857,0.5,,
mbrainz_4204,lastFM_31996,0.3,,
mbrainz_30379,lastFM_75824,0.5,,
mbrainz_23657,lastFM_11107,0.3,,
mbrainz_25792,lastFM_41878,0.3,,
mbrainz_4491,lastFM_9253,0.75,,
mbrainz_4176,lastFM_8657,0.6666666666666666,,
mbrainz_3435,lastFM_7201,0.6333333333333333,,
mbrainz_7472,lastFM_43684,0.3333333333333333,,
mbrainz_18051,lastFM_43528,0.625,,
mbrainz_15683,lastFM_34934,1.0,,
mbrainz_172,lastFM_273,0.9,,
mbrainz_5258,lastFM_10966,0.4666666666666667,,
mbrainz_11001,lastFM_72357,0.3333333333333333,,
mbrainz_24149,lastFM_61152,0.8333333333333333,,
mbrainz_15606,lastFM_34405,0.5666666666666667,,
mbrainz_5444,lastFM_11417,0.75,,
mbrainz_17006,lastFM_39747,0.5833333333333333,,
mbrainz_20471,lastFM_59316,1.0,,
mbrainz_14824,lastFM_31759,0.5416666666666666,,
mbrainz_1107,lastFM_5913,0.3333333333333333,,
mbrainz_894,lastFM_2074,0.9285714285714286,,
mbrainz_3095,lastFM_46247,0.3,,
mbrainz_27507,lastFM_68869,0.5666666666666667,,
mbrainz_2979,lastFM_6299,1.0,,
mbrainz_1186,lastFM_2739,1.0,,
mbrainz_17817,lastFM_38300,0.5,,
mbrainz_21619,lastFM_54762,1.0,,
mbrainz_19853,lastFM_49910,0.6666666666666666,,
mbrainz_14171,lastFM_30887,0.75,,
mbrainz_869,lastFM_2025,0.5833333333333333,,
mbrainz_18257,lastFM_44201,0.8333333333333333,,
mbrainz_3265,lastFM_12617,0.5833333333333334,,
mbrainz_25987,lastFM_65363,0.5,,
mbrainz_29140,lastFM_72701,0.5833333333333333,,
mbrainz_15930,lastFM_35747,1.0,,
mbrainz_1456,lastFM_3395,0.8,,
mbrainz_7447,lastFM_17563,0.5,,
mbrainz_21325,lastFM_53954,1.0,,
mbrainz_10744,lastFM_22977,1.0,,
mbrainz_17696,lastFM_42159,1.0,,
mbrainz_5210,lastFM_10857,1.0,,
mbrainz_50,lastFM_68,0.5,,
mbrainz_4346,lastFM_53729,0.5,,
mbrainz_2,lastFM_2,1.0,,
mbrainz_5050,lastFM_10485,0.75,,
mbrainz_3296,lastFM_6921,0.5,,
mbrainz_4460,lastFM_74546,0.5,,
mbrainz_10954,lastFM_23465,0.5833333333333333,,
mbrainz_29885,lastFM_74605,0.6666666666666666,,
mbrainz_24311,lastFM_61544,1.0,,
mbrainz_7796,lastFM_16635,1.0,,
mbrainz_5256,lastFM_79052,0.3333333333333333,,
mbrainz_15183,lastFM_33412,0.9285714285714286,,
mbrainz_3286,lastFM_82768,0.3125,,
mbrainz_1325,lastFM_3075,0.5,,
