id1,id2,score
discogs_941,mbrainz_307,0.8486532475944789
discogs_76049,mbrainz_15790,0.3555782501738439
discogs_130502,mbrainz_16181,0.820409987291063
discogs_36671,mbrainz_8147,0.8332371155300091
discogs_51416,mbrainz_11264,0.9857577937538983
discogs_8610,mbrainz_1879,0.857769798911519
discogs_51414,mbrainz_11263,0.9857577937538983
discogs_14877,mbrainz_3445,0.8041925087549892
discogs_56400,mbrainz_12301,0.858793247071638
discogs_77509,mbrainz_16001,0.9687498965299535
discogs_37627,mbrainz_8359,0.9891255977673626
discogs_5522,mbrainz_1166,0.7871973718159062
discogs_4467,mbrainz_957,0.6934858224913688
discogs_11105,mbrainz_2542,0.9852905612415479
discogs_14278,mbrainz_2195,0.9422995942742112
discogs_9698,mbrainz_2195,0.9837471997561901
discogs_27676,mbrainz_6312,0.9867238678101876
discogs_10509,mbrainz_33460,0.7706697527866114
discogs_16205,mbrainz_3782,0.9854423447731354
discogs_24523,mbrainz_5630,0.9887417587496105
discogs_36293,mbrainz_8079,0.9911280507535274
discogs_4591,mbrainz_973,0.7781461082806852
discogs_34725,mbrainz_7735,0.8681703278432854
discogs_87767,mbrainz_14983,0.9767781103765473
discogs_17352,mbrainz_4054,0.990496539455792
discogs_5860,mbrainz_1241,0.6636985967992235
discogs_16370,mbrainz_3825,0.9836815626256019
discogs_49928,mbrainz_10951,0.98532982217562
discogs_54817,mbrainz_11968,0.9530487507177107
discogs_19909,mbrainz_4662,0.9830975914197092
discogs_57010,mbrainz_12422,0.9846286714663857
discogs_64681,mbrainz_13925,0.9736644045245628
discogs_88040,mbrainz_5043,0.833729473872309
discogs_42799,mbrainz_9521,0.8495414880918676
discogs_45541,mbrainz_10107,0.9907420489655039
discogs_21640,mbrainz_5038,0.9892156478094405
discogs_10629,mbrainz_2432,0.9846167626014217
discogs_107792,mbrainz_16360,0.9897088303625216
discogs_81466,mbrainz_16360,0.9897088303625216
discogs_138,mbrainz_62,0.9464038805063527
discogs_27681,mbrainz_6314,0.9885496148291261
discogs_43684,mbrainz_9706,0.9670737398630052
discogs_63685,mbrainz_13255,0.9865464032146365
discogs_27016,mbrainz_6179,0.986248449213032
discogs_55433,mbrainz_12085,0.8144694496662408
discogs_29841,mbrainz_6780,0.9850800627814859
discogs_17493,mbrainz_4090,0.9876493357684497
discogs_24831,mbrainz_5701,0.9813532339864394
discogs_14064,mbrainz_3241,0.8615048971240081
discogs_61988,mbrainz_13427,0.9748584057264086
discogs_23533,mbrainz_5434,0.9828614724371632
discogs_28006,mbrainz_6390,0.9477503610268048
discogs_38232,mbrainz_8502,0.9151508718742516
discogs_7942,mbrainz_1655,0.93578981063083
discogs_42029,mbrainz_9373,0.9903706738243033
discogs_46486,mbrainz_10293,0.9899204605817469
discogs_57160,mbrainz_7490,0.9285744914618111
discogs_189743,mbrainz_32425,0.9687233198894342
discogs_71149,mbrainz_15071,0.9702822506111111
discogs_40761,mbrainz_9069,0.9844566951260854
discogs_37577,mbrainz_8346,0.8269756976187425
discogs_24776,mbrainz_5688,0.873280548980674
discogs_9243,mbrainz_2052,0.9755930739251062
discogs_33982,mbrainz_7874,0.9847036329409327
discogs_172956,mbrainz_29728,0.8066205278428753
discogs_18298,mbrainz_4279,0.892822580266094
discogs_108529,mbrainz_19628,0.8576852029533083
discogs_151643,mbrainz_25416,0.9908173630962088
discogs_146684,mbrainz_25416,0.9908173630962088
discogs_174537,mbrainz_10944,0.9691297228836371
discogs_61057,mbrainz_10944,0.9862562324686627
discogs_3141,mbrainz_691,0.8500864865520128
discogs_41778,mbrainz_9310,0.9921563483875375
discogs_72163,mbrainz_15263,0.9866882878572932
discogs_133944,mbrainz_17891,0.7894539768815486
discogs_70343,mbrainz_14922,0.9872640004672152
discogs_150642,mbrainz_26107,0.9258547389709474
discogs_14928,mbrainz_1103,0.9870226055756078
discogs_71795,mbrainz_15458,0.9930010591110028
discogs_140988,mbrainz_24467,0.9878100974352195
discogs_99,mbrainz_39,0.9831722817719579
discogs_92114,mbrainz_17729,0.9894741833508125
discogs_141868,mbrainz_2636,0.87257663786326
discogs_11529,mbrainz_2636,0.9230346705344885
discogs_2200,mbrainz_532,0.9855613237369858
discogs_79405,mbrainz_25151,0.9631820924739686
discogs_145276,mbrainz_25191,0.9909178790631938
discogs_6438,mbrainz_1342,0.9863206281912774
discogs_11782,mbrainz_2704,0.9594760483206366
discogs_38713,mbrainz_8627,0.9737201323556175
discogs_50901,mbrainz_11153,0.609306672170092
discogs_52242,mbrainz_11450,0.9615247331542854
discogs_35350,mbrainz_7886,0.9847240208105239
discogs_29881,mbrainz_6787,0.989510216749557
discogs_742,mbrainz_252,0.9717866420117763
discogs_15702,mbrainz_3663,0.9772370225107697
discogs_87352,mbrainz_17173,0.9876262611085431
discogs_30675,mbrainz_17891,0.7911690365177164
discogs_174089,mbrainz_7467,0.9872887665293152
discogs_96053,mbrainz_7854,0.9773411404451274
discogs_496,mbrainz_179,0.9739961673417736
discogs_17434,mbrainz_4073,0.979718482531592
discogs_56783,mbrainz_12374,0.9899054205939488
discogs_114017,mbrainz_20300,0.947162909250173
discogs_74382,mbrainz_20300,0.970131516158209
discogs_110986,mbrainz_19853,0.9844371334994197
discogs_89005,mbrainz_17408,0.9813116166416121
discogs_96293,mbrainz_15855,0.9905769334830575
discogs_163380,mbrainz_28141,0.9357271958700996
discogs_16635,mbrainz_3896,0.9801107630941852
discogs_908,mbrainz_15462,0.9927135316996223
discogs_59342,mbrainz_12914,0.9828387728865339
discogs_81604,mbrainz_16376,0.9858230516211884
discogs_184582,mbrainz_10092,0.8909680267689698
discogs_131505,mbrainz_22929,0.977374472185756
discogs_71039,mbrainz_15045,0.9760975559862421
discogs_2253,mbrainz_542,0.9654101048889085
discogs_5287,mbrainz_1124,0.9755415440712738
discogs_62222,mbrainz_10092,0.9220702201978515
discogs_183859,mbrainz_10092,0.9254357806058653
discogs_9616,mbrainz_2170,0.9808127855841625
discogs_15661,mbrainz_3651,0.98800855764301
discogs_118956,mbrainz_21036,0.9719262817825491
discogs_149938,mbrainz_25987,0.9556579275464174
discogs_157478,mbrainz_5532,0.9790106996792595
discogs_8077,mbrainz_5532,0.9884376978777912
discogs_7525,mbrainz_1541,0.9613082024381042
discogs_63282,mbrainz_13662,0.9906689455510567
discogs_43517,mbrainz_9680,0.9804209392463203
discogs_19604,mbrainz_4598,0.9868213807072784
discogs_66395,mbrainz_14219,0.9874676527191815
discogs_37547,mbrainz_8339,0.9229935794473063
discogs_13071,mbrainz_3014,0.9671612831748772
discogs_87809,mbrainz_17238,0.9888413580766535
discogs_93844,mbrainz_4382,0.9074747370272828
discogs_25057,mbrainz_5751,0.9900441160041731
discogs_68443,mbrainz_14594,0.9778334804321726
discogs_38514,mbrainz_4382,0.9671781755985152
discogs_77748,mbrainz_17402,0.8438141855196442
discogs_75959,mbrainz_10055,0.7613345303548571
discogs_388,mbrainz_160,0.9494768772902862
discogs_14239,mbrainz_3291,0.9806228367856776
discogs_75992,mbrainz_15781,0.9834717310227391
discogs_759,mbrainz_261,0.9888030032219618
discogs_76788,mbrainz_15886,0.9806388574889408
discogs_39425,mbrainz_8774,0.9515669370859678
discogs_10409,mbrainz_2368,0.8279627214762798
discogs_41247,mbrainz_9180,0.9750119091080327
discogs_8770,mbrainz_1928,0.9819667247034599
discogs_111537,mbrainz_20082,0.9885831172752975
discogs_49352,mbrainz_10826,0.988953986302402
discogs_63470,mbrainz_13703,0.9857221696822139
discogs_58914,mbrainz_10449,0.8606239623348033
discogs_44035,mbrainz_9794,0.9147123119008723
discogs_437,mbrainz_18311,0.9825687786381138
discogs_9434,mbrainz_2117,0.9897863643841462
discogs_21616,mbrainz_3451,0.976265202585567
discogs_39238,mbrainz_8393,0.9867226610141225
discogs_37049,mbrainz_8237,0.9783965858060683
discogs_27788,mbrainz_6334,0.9870567930266867
discogs_5452,mbrainz_1158,0.9661292963502162
discogs_99955,mbrainz_18618,0.9820427953359889
discogs_68523,mbrainz_14610,0.9865893884016138
discogs_15084,mbrainz_3504,0.986622837146662
discogs_47554,mbrainz_9415,0.9532268272567548
discogs_64852,mbrainz_13961,0.9661741567476225
discogs_12717,mbrainz_2930,0.9638292755015402
discogs_5665,mbrainz_179,0.5415435250413013
discogs_55615,mbrainz_12115,0.9746938521731593
discogs_7513,mbrainz_1539,0.9877599636342181
discogs_629,mbrainz_206,0.9761541646839806
discogs_82891,mbrainz_16566,0.9910330789877149
discogs_112755,mbrainz_20116,0.9907463569248465
discogs_154158,mbrainz_8320,0.724053707120759
discogs_135777,mbrainz_8320,0.6269002532307915
discogs_164010,mbrainz_8320,0.6269002532307915
discogs_130662,mbrainz_8320,0.7948441841977555
discogs_54053,mbrainz_11815,0.9815012394129017
discogs_55396,mbrainz_8320,0.9866342724813163
discogs_50177,mbrainz_11002,0.9846286714663857
discogs_5665,mbrainz_180,0.9774626014305945
discogs_5894,mbrainz_1132,0.9895984753054832
discogs_69335,mbrainz_13945,0.9777926513402795
discogs_119103,mbrainz_21052,0.99226063169449
discogs_118160,mbrainz_9004,0.985730911609403
discogs_161160,mbrainz_10092,0.862633526771095
discogs_79917,mbrainz_16186,0.9819193226974148
discogs_33069,mbrainz_7366,0.9684377734808177
discogs_16242,mbrainz_3793,0.9917998963995127
discogs_28918,mbrainz_6578,0.9928100498183785
discogs_55034,mbrainz_11940,0.9817688600186043
discogs_48213,mbrainz_10624,0.9879906994556785
discogs_147592,mbrainz_22194,0.9507291843235837
discogs_69253,mbrainz_11821,0.9426443791834505
discogs_42724,mbrainz_9510,0.5745073103837932
discogs_26824,mbrainz_6142,0.9812051764165547
discogs_6694,mbrainz_1389,0.9833400261939693
discogs_7248,mbrainz_1496,0.9812139934595393
discogs_146201,mbrainz_17891,0.6534843490362916
discogs_139002,mbrainz_24150,0.9896597028907069
discogs_16580,mbrainz_3879,0.9444379271059473
discogs_107440,mbrainz_27949,0.971099284903707
discogs_75325,mbrainz_15301,0.9875155448474316
discogs_38956,mbrainz_8680,0.9942269528692852
discogs_21973,mbrainz_5115,0.9894547945339573
discogs_115866,mbrainz_28868,0.5889273257123415
discogs_9011,mbrainz_1994,0.9677291539669272
discogs_31187,mbrainz_7032,0.9802058452369226
discogs_64977,mbrainz_13986,0.9326761670025984
discogs_15272,mbrainz_3549,0.9813030059433654
discogs_56991,mbrainz_12416,0.8550596710689147
discogs_15215,mbrainz_3539,0.9745170512839274
discogs_66349,mbrainz_14213,0.9764726436963884
discogs_70589,mbrainz_14963,0.9671474158710489
discogs_37920,mbrainz_2337,0.9775749763808448
discogs_120886,mbrainz_21318,0.9631498670020342
discogs_45586,mbrainz_10116,0.9398131660536647
discogs_186,mbrainz_80,0.7378701618781507
discogs_70520,mbrainz_14952,0.7763271994476927
discogs_38657,mbrainz_8617,0.9276120208991554
discogs_4048,mbrainz_869,0.9864700939649325
discogs_174437,mbrainz_1054,0.9370496941308806
discogs_34940,mbrainz_7787,0.9838725580385074
discogs_5024,mbrainz_1054,0.9370496941308806
discogs_40516,mbrainz_9017,0.9938186580676813
discogs_24669,mbrainz_5666,0.9922800449181659
discogs_61721,mbrainz_13374,0.9806967757263142
discogs_35690,mbrainz_7964,0.9694642770494744
discogs_23943,mbrainz_5511,0.9691028412112096
discogs_6098,mbrainz_1284,0.9556063135947078
discogs_31300,mbrainz_7051,0.9626582474171886
discogs_137412,mbrainz_23483,0.9875273790821993
discogs_12474,mbrainz_2870,0.987388938847137
discogs_822,mbrainz_275,0.9865563507618336
discogs_49243,mbrainz_10808,0.9941748052144205
discogs_95411,mbrainz_18072,0.9892900662314905
discogs_36104,mbrainz_8045,0.9386546351744439
discogs_61296,mbrainz_13299,0.9877286667802468
discogs_68631,mbrainz_14634,0.9625863138211882
discogs_127156,mbrainz_22237,0.8999133790648387
discogs_16729,mbrainz_3919,0.9865570944342246
discogs_41876,mbrainz_9334,0.9765199089794229
discogs_15138,mbrainz_3517,0.8117872681458768
discogs_472,mbrainz_174,0.9834450342012234
discogs_26939,mbrainz_6165,0.9876262611085431
discogs_65374,mbrainz_10450,0.9649020832403805
discogs_10363,mbrainz_2359,0.9822632703814276
discogs_98482,mbrainz_18448,0.988989468175897
discogs_10302,mbrainz_2341,0.9797814933495438
discogs_133107,mbrainz_23194,0.8128015871312978
discogs_56706,mbrainz_12358,0.9535098124774334
discogs_59186,mbrainz_12874,0.9880298715696926
discogs_100165,mbrainz_2096,0.9484948035579619
discogs_9368,mbrainz_2096,0.9860469741588006
discogs_120729,mbrainz_21295,0.9942334335484726
discogs_63295,mbrainz_13665,0.9864093578712123
discogs_29991,mbrainz_6807,0.8523568701142987
discogs_59760,mbrainz_4339,0.9352550540585352
discogs_10293,mbrainz_2337,0.9749260544871186
discogs_12431,mbrainz_2856,0.9885750413825851
discogs_719,mbrainz_242,0.9919293550064513
discogs_49968,mbrainz_2693,0.9794219563949709
discogs_10329,mbrainz_2348,0.9857563809102804
discogs_22924,mbrainz_5311,0.9882547377596916
discogs_79799,mbrainz_16168,0.9858108449176252
discogs_188,mbrainz_81,0.9890899718107063
discogs_51954,mbrainz_10399,0.9837093464807857
discogs_153124,mbrainz_26547,0.7822456951245187
discogs_46977,mbrainz_10399,0.9837093464807857
discogs_103985,mbrainz_19124,0.9795305480979665
discogs_89940,mbrainz_17474,0.9881987402271974
discogs_168586,mbrainz_2096,0.9860469741588006
discogs_12544,mbrainz_2096,0.9902565100100522
discogs_57079,mbrainz_12436,0.9845479218414541
discogs_70460,mbrainz_6651,0.9855584792567584
discogs_26162,mbrainz_5773,0.9863058056214913
discogs_165526,mbrainz_28868,0.5726506726246445
discogs_3592,mbrainz_481,0.9282366250672248
discogs_176452,mbrainz_30257,0.9918219921206248
discogs_72469,mbrainz_15331,0.9941318682677023
discogs_137326,mbrainz_1928,0.8192490744118747
discogs_55364,mbrainz_12072,0.9694190315656024
discogs_42818,mbrainz_2556,0.9804319494868448
discogs_16005,mbrainz_3736,0.9799268191708489
discogs_29716,mbrainz_2249,0.984645366457347
discogs_139629,mbrainz_16932,0.9857856366516426
discogs_45014,mbrainz_2249,0.9903167074830738
discogs_97292,mbrainz_2249,0.9763167415710569
discogs_93510,mbrainz_17834,0.8680145265566367
discogs_1267,mbrainz_168,0.922023027133864
discogs_25746,mbrainz_5900,0.9796112705981869
discogs_60359,mbrainz_13101,0.9853812347530596
discogs_44022,mbrainz_9789,0.9792915685703671
discogs_1650,mbrainz_437,0.9885101116103022
discogs_174912,mbrainz_437,0.993411326625257
discogs_40278,mbrainz_8972,0.8556627664565885
discogs_173,mbrainz_76,0.9848896829936149
discogs_15435,mbrainz_3594,0.9884063609654071
discogs_71930,mbrainz_15213,0.9870456489837054
discogs_111897,mbrainz_19986,0.9262026980448326
discogs_15725,mbrainz_3669,0.9886211527439617
discogs_3460,mbrainz_754,0.6917260476123901
discogs_145421,mbrainz_25221,0.9592612766838753
discogs_138635,mbrainz_24092,0.9775719960720455
discogs_73911,mbrainz_15586,0.9894577999692253
discogs_55215,mbrainz_16293,0.9576884396553164
discogs_24126,mbrainz_28868,0.520739519441924
discogs_164861,mbrainz_13703,0.9377367174679488
discogs_18730,mbrainz_4385,0.9829197641215933
discogs_108586,mbrainz_19636,0.9862474030903552
discogs_59209,mbrainz_12884,0.9901538375018383
discogs_111265,mbrainz_19958,0.9426019676091567
discogs_91642,mbrainz_1899,0.971870010930447
discogs_31879,mbrainz_7144,0.9806819911786443
discogs_13356,mbrainz_481,0.9822812949260301
discogs_142929,mbrainz_24794,0.9917624998508509
discogs_12187,mbrainz_12473,0.9084548914520394
discogs_28954,mbrainz_4679,0.9902901143338229
discogs_12343,mbrainz_2836,0.9976822583768782
discogs_26886,mbrainz_6154,0.9887028694891581
discogs_14780,mbrainz_3424,0.9853431646408064
discogs_194,mbrainz_85,0.9792855980162619
discogs_39421,mbrainz_85,0.9792855980162619
discogs_193004,mbrainz_32988,0.9841357559735536
discogs_51791,mbrainz_11353,0.9903305185850914
discogs_178925,mbrainz_4786,0.828388986561279
discogs_20479,mbrainz_4786,0.9750490064292492
discogs_269,mbrainz_128,0.9585019793768547
discogs_74755,mbrainz_4786,0.7966767619181792
discogs_38558,mbrainz_8589,0.9782606847473607
discogs_14713,mbrainz_3408,0.9343449635602795
discogs_16168,mbrainz_3770,0.96209925232003
discogs_14233,mbrainz_2140,0.9316749089639914
discogs_7658,mbrainz_1154,0.9195842849643634
discogs_25246,mbrainz_2229,0.9924256810763192
discogs_140313,mbrainz_8173,0.8979836600159717
discogs_49585,mbrainz_10876,0.9767329101204641
discogs_16925,mbrainz_3961,0.9809099803131476
discogs_19339,mbrainz_4533,0.9887450350603812
discogs_38645,mbrainz_8612,0.9838829173019796
discogs_572,mbrainz_195,0.9815012394129017
discogs_903,mbrainz_9390,0.9814357411750875
discogs_35477,mbrainz_7916,0.9772921333492569
discogs_10128,mbrainz_1873,0.9802003570219837
discogs_48589,mbrainz_10689,0.9862701632029008
discogs_7506,mbrainz_1535,0.9793948909147295
discogs_36870,mbrainz_2750,0.9889039278512053
discogs_744,mbrainz_254,0.9868385669255716
discogs_12052,mbrainz_2750,0.9819853119011815
discogs_13034,mbrainz_2750,0.9700005422520636
discogs_196709,mbrainz_2750,0.7409975139613211
discogs_176415,mbrainz_2335,0.9555899260702367
discogs_149281,mbrainz_2335,0.9650843187588863
discogs_71139,mbrainz_15067,0.9308413882790594
discogs_23073,mbrainz_2335,0.9761886022455465
discogs_86,mbrainz_35,0.9648999436481327
discogs_182227,mbrainz_12085,0.9236683470438213
discogs_55033,mbrainz_12009,0.9868312885561207
discogs_22360,mbrainz_5115,0.9697469705929189
discogs_58461,mbrainz_12720,0.9833713058306374
discogs_17965,mbrainz_4197,0.988954678392079
discogs_13102,mbrainz_3023,0.9911702727662197
discogs_94853,mbrainz_15439,0.9715568786132435
discogs_11378,mbrainz_2607,0.9643154711789051
discogs_73108,mbrainz_15439,0.9635217470385142
discogs_25011,mbrainz_4624,0.9738275503440816
discogs_63975,mbrainz_13804,0.9458804544299069
discogs_4996,mbrainz_1047,0.9866567952324462
discogs_8609,mbrainz_1179,0.9566994587050612
discogs_164179,mbrainz_1179,0.9897374546415614
discogs_22543,mbrainz_10451,0.7411322216800722
discogs_26807,mbrainz_6139,0.9852223028991061
discogs_114760,mbrainz_20428,0.9404199183140477
discogs_19556,mbrainz_20423,0.8907739335396797
discogs_41637,mbrainz_9273,0.9533775951379277
discogs_13947,mbrainz_8422,0.9459053076830869
discogs_16974,mbrainz_3971,0.9694700991749432
discogs_39611,mbrainz_8813,0.9910776850144295
discogs_31365,mbrainz_7068,0.9842045184204927
discogs_19400,mbrainz_4543,0.9851381500331345
discogs_165987,mbrainz_2404,0.7395857445743285
discogs_99705,mbrainz_2404,0.660952016854304
discogs_41496,mbrainz_2404,0.681247628640455
discogs_194818,mbrainz_2404,0.5207166770894143
discogs_135603,mbrainz_2404,0.565926939720438
discogs_59240,mbrainz_2404,0.9785630554441944
discogs_11986,mbrainz_2591,0.959958631828908
discogs_710,mbrainz_236,0.9810664606240063
discogs_3066,mbrainz_671,0.9820162143868159
discogs_156183,mbrainz_671,0.7413329156334907
discogs_133214,mbrainz_23204,0.9919568660248188
discogs_15369,mbrainz_2849,0.9899650257796738
discogs_15395,mbrainz_3579,0.9794252651376124
discogs_66766,mbrainz_14289,0.976710722649195
discogs_42872,mbrainz_9536,0.985150636215947
discogs_55765,mbrainz_12839,0.9790871765972998
discogs_27161,mbrainz_6205,0.992865571357336
discogs_5302,mbrainz_1128,0.9482817844713614
discogs_3224,mbrainz_705,0.9835511003511183
discogs_11975,mbrainz_2743,0.9683705853552619
discogs_64979,mbrainz_13915,0.9903850273608185
discogs_134445,mbrainz_23393,0.930280973374258
discogs_10378,mbrainz_1689,0.9736824734002427
discogs_39628,mbrainz_8820,0.9880791513640115
discogs_36574,mbrainz_6188,0.7248017887229671
discogs_99096,mbrainz_6188,0.9892440479058833
discogs_34995,mbrainz_7800,0.9927960246235776
discogs_64160,mbrainz_13837,0.9741203414018319
discogs_59265,mbrainz_12895,0.9945335106473087
discogs_39224,mbrainz_8738,0.980702613161098
discogs_56249,mbrainz_17072,0.9802777068002375
discogs_126580,mbrainz_20463,0.9899470575084297
discogs_3081,mbrainz_674,0.9798893053653458
discogs_12907,mbrainz_2982,0.9662595017431732
discogs_29279,mbrainz_6647,0.9540645150575884
discogs_98622,mbrainz_18462,0.9875014533043771
discogs_75175,mbrainz_29631,0.9860256609741911
discogs_126099,mbrainz_21028,0.9858273777114995
discogs_94411,mbrainz_17944,0.9590688878740056
discogs_32283,mbrainz_7217,0.9897424564360824
discogs_15248,mbrainz_3544,0.9944331296706687
discogs_34162,mbrainz_7614,0.9858941918764531
discogs_141886,mbrainz_24610,0.9684490058030142
discogs_101684,mbrainz_2693,0.9658884501923577
discogs_121599,mbrainz_21028,0.986341823996002
discogs_897,mbrainz_297,0.9847471688972067
discogs_62635,mbrainz_13552,0.954246185989005
discogs_44967,mbrainz_9998,0.9737807781923884
discogs_312,mbrainz_141,0.9316638714109956
discogs_45151,mbrainz_10035,0.99474815264227
discogs_64298,mbrainz_13866,0.9643710444863878
discogs_43,mbrainz_18,0.9907548637099807
discogs_26010,mbrainz_5964,0.9899024786207858
discogs_8146,mbrainz_1721,0.9645933938114983
discogs_53632,mbrainz_12095,0.9032067268283531
discogs_131101,mbrainz_8422,0.6711881127655199
discogs_16143,mbrainz_3759,0.9884376978777912
discogs_54657,mbrainz_12095,0.8866192651904652
discogs_7189,mbrainz_1485,0.9872413552443425
discogs_97665,mbrainz_8422,0.6781084361201699
discogs_26612,mbrainz_5921,0.9722043057377381
discogs_41614,mbrainz_8861,0.8591044345014656
discogs_93800,mbrainz_17860,0.9848308681345433
discogs_174538,mbrainz_10944,0.9622594737542439
discogs_180273,mbrainz_30861,0.9692471469481393
discogs_1799,mbrainz_469,0.900441673647047
discogs_21696,mbrainz_5054,0.9808774646454042
discogs_145662,mbrainz_25236,0.9799910826421531
discogs_111609,mbrainz_4266,0.9828975494084375
discogs_79548,mbrainz_3369,0.9432960122762295
discogs_120525,mbrainz_20507,0.9911075519073796
discogs_14532,mbrainz_3369,0.9764620665349598
discogs_14112,mbrainz_3255,0.9897496365876088
discogs_18235,mbrainz_4266,0.9832376251093917
discogs_9454,mbrainz_8057,0.9901712676743516
discogs_100,mbrainz_40,0.9792610011522594
discogs_745,mbrainz_255,0.966147765340432
discogs_58799,mbrainz_12791,0.9932202071990257
discogs_151192,mbrainz_26210,0.964096876009284
discogs_121064,mbrainz_1613,0.9910866730120023
discogs_187388,mbrainz_12839,0.8909043494109099
discogs_40736,mbrainz_9062,0.9915156414503389
discogs_59751,mbrainz_12895,0.9888235726805538
discogs_6631,mbrainz_1378,0.9891080878613607
discogs_109113,mbrainz_20461,0.9857433637988632
discogs_84440,mbrainz_136,0.9897088303625216
discogs_290,mbrainz_136,0.9897088303625216
discogs_34853,mbrainz_7764,0.9871527973234236
discogs_119425,mbrainz_13138,0.9703097355840452
discogs_106147,mbrainz_19431,0.9808479600773686
discogs_7860,mbrainz_1613,0.9682105403306548
discogs_29634,mbrainz_6735,0.9973801259995076
discogs_27518,mbrainz_6283,0.9823781264585597
discogs_49811,mbrainz_10923,0.9361521439204228
discogs_17915,mbrainz_4185,0.9498343820740021
discogs_16687,mbrainz_3857,0.9883590809575826
discogs_16764,mbrainz_3933,0.9899678598857525
discogs_2231,mbrainz_536,0.9549883258987553
discogs_35792,mbrainz_4435,0.9741705449609765
discogs_15505,mbrainz_3613,0.9913178120173988
discogs_42181,mbrainz_9401,0.9666159875227001
discogs_83053,mbrainz_16585,0.9562891309412045
discogs_89162,mbrainz_16585,0.9823539396136165
discogs_29465,mbrainz_6699,0.9702814137386755
discogs_193712,mbrainz_33103,0.7829771091578275
discogs_87188,mbrainz_5009,0.7709446433140931
discogs_60959,mbrainz_13238,0.9291559129557841
discogs_21532,mbrainz_5009,0.984645637410937
discogs_15947,mbrainz_1541,0.8775393061821403
discogs_166533,mbrainz_24494,0.9884331548592572
discogs_76222,mbrainz_15638,0.9342787760220952
discogs_74187,mbrainz_15638,0.9342787760220952
discogs_58424,mbrainz_12711,0.9872092178320863
discogs_70907,mbrainz_15029,0.9881094482949633
discogs_770,mbrainz_264,0.9759120795385
discogs_29986,mbrainz_6805,0.9895291551036155
discogs_183950,mbrainz_13138,0.9816050837477424
discogs_66932,mbrainz_14320,0.7814918700183009
discogs_65556,mbrainz_9473,0.9277467817619672
discogs_52738,mbrainz_11554,0.9864225329739349
discogs_52191,mbrainz_11436,0.9938474305749097
discogs_10144,mbrainz_2305,0.9902033977051015
discogs_70330,mbrainz_2290,0.9871074804724016
discogs_33098,mbrainz_6000,0.9848611521218954
discogs_11548,mbrainz_2641,0.9892440479058833
discogs_5112,mbrainz_1074,0.9805759738633745
discogs_71066,mbrainz_14657,0.9908593772273064
discogs_9284,mbrainz_2065,0.9892754798482122
discogs_14188,mbrainz_3278,0.9866754245687902
discogs_150400,mbrainz_26063,0.9916572389155808
discogs_36606,mbrainz_8138,0.9647502520778529
discogs_5213,mbrainz_323,0.9938336190403045
discogs_26161,mbrainz_6000,0.9833465027123637
discogs_58199,mbrainz_12656,0.9770139092064407
discogs_14737,mbrainz_3415,0.9848384329263427
discogs_147648,mbrainz_8399,0.8919604127713362
discogs_50603,mbrainz_11100,0.9853905593220954
discogs_143294,mbrainz_2067,0.9297065292719693
discogs_1997,mbrainz_498,0.992577334467986
discogs_32977,mbrainz_2067,0.7876053589143123
discogs_10403,mbrainz_2067,0.961685987359658
discogs_9538,mbrainz_2067,0.7981929138176549
discogs_137382,mbrainz_2067,0.6903078653620333
discogs_7906,mbrainz_1634,0.975747493518632
discogs_11804,mbrainz_2708,0.9873268997328033
discogs_73697,mbrainz_13162,0.9676529327088071
discogs_84121,mbrainz_28232,0.9812748509947421
discogs_1070,mbrainz_329,0.9772577427820967
discogs_133352,mbrainz_23223,0.9935975751700576
discogs_24211,mbrainz_5566,0.9899354783891844
discogs_12101,mbrainz_1570,0.9014816704640354
discogs_145,mbrainz_65,0.9408869840391235
discogs_66623,mbrainz_14267,0.9848822325433688
discogs_59399,mbrainz_12926,0.9870686520106731
discogs_49995,mbrainz_6043,0.9666476133994953
discogs_90880,mbrainz_11790,0.9316685760533219
discogs_5,mbrainz_3,0.9904839106897788
discogs_31687,mbrainz_7759,0.9629488400132439
discogs_13544,mbrainz_771,0.9837128270448012
discogs_3569,mbrainz_771,0.9837128270448012
discogs_118650,mbrainz_13645,0.9842502671590135
discogs_53980,mbrainz_11808,0.9862545940232139
discogs_115421,mbrainz_4339,0.8307835609785642
discogs_18528,mbrainz_4339,0.9003378462791934
discogs_71952,mbrainz_15220,0.9849051081047919
discogs_2724,mbrainz_614,0.9934396492192994
discogs_96815,mbrainz_9858,0.9815338936931165
discogs_11814,mbrainz_2710,0.9051607593115903
discogs_30086,mbrainz_6826,0.970930237929259
discogs_181820,mbrainz_6826,0.9174694712575618
discogs_45042,mbrainz_22348,0.9810072686195899
discogs_20842,mbrainz_4854,0.9868123806845566
discogs_878,mbrainz_210,0.9795931876319228
discogs_42524,mbrainz_199,0.9191990707185883
discogs_89100,mbrainz_17417,0.9505783937420561
discogs_23125,mbrainz_4154,0.3549739522562623
discogs_139459,mbrainz_1675,0.8841520501028491
discogs_26336,mbrainz_6043,0.9832597070037767
discogs_16407,mbrainz_1675,0.9332797411601059
discogs_69561,mbrainz_10533,0.9713375372192593
discogs_113863,mbrainz_10533,0.9805208857302604
discogs_20865,mbrainz_1479,0.9120303078338339
discogs_90058,mbrainz_19739,0.9697415315559524
discogs_136167,mbrainz_23681,0.9759198150669308
discogs_7895,mbrainz_1627,0.97885187249882
discogs_10230,mbrainz_2323,0.9924818904448435
discogs_173488,mbrainz_908,0.9732055945519907
discogs_92195,mbrainz_17739,0.986943603900298
discogs_26343,mbrainz_6044,0.9836128728818483
discogs_54434,mbrainz_11891,0.9318740949640234
discogs_16634,mbrainz_3895,0.9855869239913397
discogs_27404,mbrainz_6256,0.9816783909011545
discogs_29084,mbrainz_6620,0.748310131525458
discogs_45669,mbrainz_10128,0.9868290350540375
discogs_16155,mbrainz_3764,0.9919437568225505
discogs_14768,mbrainz_3343,0.9860090843184742
discogs_15388,mbrainz_3575,0.9875963731148141
discogs_7935,mbrainz_1651,0.9555606224639347
discogs_143546,mbrainz_1651,0.937262589676452
discogs_72272,mbrainz_8422,0.9618634332268925
discogs_22150,mbrainz_5149,0.867653461226635
discogs_15408,mbrainz_3584,0.9952330916099702
discogs_114666,mbrainz_20280,0.9889369343814788
discogs_7365,mbrainz_1517,0.9721180089053382
discogs_16437,mbrainz_3838,0.9784599634286223
discogs_56150,mbrainz_10384,0.9288747365573656
discogs_20468,mbrainz_1867,0.9906828936974991
discogs_39404,mbrainz_8768,0.9871154321146023
discogs_9299,mbrainz_2071,0.97720267557777
discogs_45729,mbrainz_10043,0.9648498696054523
discogs_2311,mbrainz_1109,0.9745633960275352
discogs_16649,mbrainz_3899,0.959003956221597
discogs_216,mbrainz_95,0.9760270730966453
discogs_26679,mbrainz_6119,0.9872924602473425
discogs_37290,mbrainz_8285,0.9878982138639644
discogs_17196,mbrainz_4017,0.9656065137985133
discogs_65090,mbrainz_14007,0.9281529379836814
discogs_39901,mbrainz_8893,0.817745382703505
discogs_159949,mbrainz_6490,0.7196676722167028
discogs_28486,mbrainz_6490,0.9799651364990282
discogs_147237,mbrainz_6490,0.7196676722167028
discogs_36796,mbrainz_1867,0.9879864979873391
discogs_127015,mbrainz_25255,0.9903291276741324
discogs_43839,mbrainz_9749,0.9811571574657612
discogs_2739,mbrainz_209,0.985962344576655
discogs_39094,mbrainz_8709,0.8952672233614137
discogs_21468,mbrainz_5000,0.8586478449439834
discogs_38346,mbrainz_8528,0.9853116588191896
discogs_138223,mbrainz_5996,0.9896861587337608
discogs_26146,mbrainz_5996,0.9908884343251265
discogs_16570,mbrainz_3873,0.9911623154943364
discogs_25764,mbrainz_284,0.9575938380744703
discogs_3712,mbrainz_801,0.9798473988557469
discogs_27993,mbrainz_6384,0.9724422746702027
discogs_171740,mbrainz_24578,0.9690989479446216
discogs_9523,mbrainz_2150,0.9754684691244512
discogs_7372,mbrainz_18312,0.9902471343505693
discogs_96298,mbrainz_18181,0.5183294979597217
discogs_5903,mbrainz_284,0.823563808063711
discogs_6421,mbrainz_284,0.9888809164842473
discogs_42571,mbrainz_3525,0.9852856591938677
discogs_26684,mbrainz_6122,0.9876666071136558
discogs_36982,mbrainz_7499,0.9857037394841143
discogs_29814,mbrainz_4617,0.9740040529899627
discogs_58539,mbrainz_12740,0.9886014489348927
discogs_49711,mbrainz_10905,0.914988164895197
discogs_16131,mbrainz_18926,0.9457496439693667
discogs_106507,mbrainz_16538,0.9891105030534834
discogs_99584,mbrainz_18561,0.9761323113304536
discogs_97643,mbrainz_18349,0.9646825980319894
discogs_13764,mbrainz_923,0.9792244017522396
discogs_18586,mbrainz_4356,0.9497849053259457
discogs_9334,mbrainz_2083,0.97080685259376
discogs_45554,mbrainz_1734,0.9815590802142463
discogs_21313,mbrainz_4965,0.9841328854036836
discogs_8376,mbrainz_1805,0.965584112704356
discogs_57453,mbrainz_12513,0.8328994204867243
discogs_34540,mbrainz_7687,0.9881893494037177
discogs_191632,mbrainz_20809,0.989448807130417
discogs_7346,mbrainz_1513,0.9726035939812262
discogs_117186,mbrainz_20809,0.989448807130417
discogs_79337,mbrainz_16115,0.9285716155120278
discogs_259,mbrainz_123,0.9798461825082319
discogs_135704,mbrainz_23596,0.9928991140160698
discogs_18532,mbrainz_4341,0.9516657829480303
discogs_97566,mbrainz_18332,0.9712071796488637
discogs_39210,mbrainz_8735,0.9865520280624248
discogs_116,mbrainz_48,0.9040647009948981
discogs_20352,mbrainz_4758,0.992846039252557
discogs_128567,mbrainz_22456,0.9135588461922043
discogs_68472,mbrainz_14600,0.985322425057882
discogs_42216,mbrainz_2650,0.9542878631187967
discogs_164866,mbrainz_2650,0.6995743925783174
discogs_22037,mbrainz_2650,0.9742148696792452
discogs_22250,mbrainz_5167,0.9879263920372734
discogs_153956,mbrainz_21316,0.9908265224314363
discogs_39816,mbrainz_8868,0.9830166397746567
discogs_28713,mbrainz_6539,0.9711180336931837
discogs_74992,mbrainz_15658,0.954759040525213
discogs_55244,mbrainz_12044,0.9887417587496105
discogs_38142,mbrainz_8476,0.9781038068840342
discogs_38204,mbrainz_2650,0.9779576613292714
discogs_16322,mbrainz_3815,0.9897759737725205
discogs_21648,mbrainz_5040,0.9408829064267935
discogs_8614,mbrainz_199,0.9657957466901184
discogs_9939,mbrainz_2262,0.9704265712463763
discogs_85772,mbrainz_23545,0.3821525836387466
discogs_7077,mbrainz_1462,0.9864170335172872
discogs_37576,mbrainz_8345,0.9906186578482973
discogs_73572,mbrainz_15533,0.947364933169047
discogs_76445,mbrainz_15834,0.9908715724851236
discogs_5398,mbrainz_1145,0.9867783127132332
discogs_44619,mbrainz_9908,0.9892740958049231
discogs_6463,mbrainz_1346,0.8339789289321505
discogs_64514,mbrainz_13895,0.9754507258749656
discogs_38886,mbrainz_8664,0.818183069314745
discogs_85320,mbrainz_16881,0.9761162978957126
discogs_90551,mbrainz_17543,0.9767186774600742
discogs_21581,mbrainz_5022,0.9628449185707619
discogs_54238,mbrainz_11847,0.9916548031898003
discogs_18047,mbrainz_4223,0.9746590089282732
discogs_72221,mbrainz_15280,0.9818694288440609
discogs_12287,mbrainz_2822,0.9461980744841688
discogs_9221,mbrainz_2045,0.9906950852762032
discogs_148039,mbrainz_25098,0.9922016680645326
discogs_8151,mbrainz_1725,0.9903706738243033
discogs_15580,mbrainz_2601,0.8959974874660893
discogs_893,mbrainz_295,0.989826661390429
discogs_67243,mbrainz_14360,0.9926879978376631
discogs_92421,mbrainz_17763,0.9796726020546154
discogs_69127,mbrainz_14711,0.9593574381754879
discogs_96277,mbrainz_8657,0.8917714482849057
discogs_3431,mbrainz_745,0.9739031630944195
discogs_20414,mbrainz_4771,0.5131640190896101
discogs_16262,mbrainz_3798,0.986248449213032
discogs_40742,mbrainz_9063,0.9804189125990264
discogs_191649,mbrainz_20507,0.9602226368851564
discogs_107109,mbrainz_8657,0.30389689377989865
discogs_30104,mbrainz_6689,0.9841565068384472
discogs_197574,mbrainz_20507,0.9533129347634074
discogs_88636,mbrainz_17356,0.9774929476555654
discogs_5300,mbrainz_497,0.9767172518540558
discogs_2131,mbrainz_61,0.988812462368279
discogs_36804,mbrainz_8178,0.9861830200937539
discogs_110222,mbrainz_19757,0.9887617842875746
discogs_74557,mbrainz_27177,0.8312035525378406
discogs_122830,mbrainz_1952,0.8542139542924188
discogs_23754,mbrainz_5479,0.9872092178320863
discogs_81699,mbrainz_16389,0.780495990963749
discogs_4039,mbrainz_868,0.9953882899679776
discogs_11262,mbrainz_2581,0.9064985467376127
discogs_140357,mbrainz_24367,0.9119628597253528
discogs_178646,mbrainz_30588,0.9704474232980641
discogs_43838,mbrainz_12216,0.9866464891264196
discogs_114096,mbrainz_12216,0.950308715307212
discogs_97444,mbrainz_18314,0.984259117987029
discogs_10374,mbrainz_2360,0.9383629056576255
discogs_41519,mbrainz_9242,0.98108282248772
discogs_13896,mbrainz_3207,0.9797370475257376
discogs_54384,mbrainz_11879,0.9850535759018018
discogs_67444,mbrainz_13270,0.8054541037665411
discogs_36837,mbrainz_8182,0.986769557836577
discogs_11632,mbrainz_2660,0.9811811142458435
discogs_22373,mbrainz_5196,0.9897424564360824
discogs_43027,mbrainz_9567,0.9872874087977589
discogs_16958,mbrainz_3967,0.9887785088720666
discogs_18290,mbrainz_4278,0.988831142793054
discogs_74648,mbrainz_13552,0.9481419596897586
discogs_12337,mbrainz_2835,0.9731029524018019
discogs_187936,mbrainz_2835,0.9007826318993136
discogs_129314,mbrainz_3418,0.7433850274053364
discogs_58942,mbrainz_3418,0.9779112483650756
discogs_9433,mbrainz_2116,0.984283172676434
discogs_126027,mbrainz_3418,0.75726686512575
discogs_23371,mbrainz_22231,0.9591582419274144
discogs_149927,mbrainz_16168,0.9849845504074758
discogs_7901,mbrainz_1631,0.9806268833132482
discogs_32721,mbrainz_7298,0.9819714910110933
discogs_61374,mbrainz_13316,0.9831375866289718
discogs_490,mbrainz_163,0.9855613237369858
discogs_122749,mbrainz_6388,0.9832948312413738
discogs_48119,mbrainz_10603,0.9883825623844797
discogs_49284,mbrainz_10813,0.9906981838751708
discogs_57573,mbrainz_12538,0.9701136344910356
discogs_33238,mbrainz_7410,0.9521302129141278
discogs_64630,mbrainz_2250,0.9768769036865619
discogs_19535,mbrainz_4581,0.9878405374574004
discogs_126287,mbrainz_14451,0.9890367413575843
discogs_12787,mbrainz_2951,0.9914410152517673
discogs_79808,mbrainz_16168,0.979402934168032
discogs_23836,mbrainz_5492,0.9851673947358575
discogs_126024,mbrainz_22069,0.9901593383692627
discogs_1920,mbrainz_489,0.9809023450484949
discogs_56545,mbrainz_5760,0.9929894776366177
discogs_76631,mbrainz_14428,0.8618309963429072
discogs_333,mbrainz_150,0.9640815279446157
discogs_2669,mbrainz_604,0.9863323538008254
discogs_164396,mbrainz_8057,0.9385874759960144
discogs_24785,mbrainz_5631,0.9801002418945334
discogs_42022,mbrainz_9370,0.9738283097613128
discogs_113382,mbrainz_20199,0.9874306242171996
discogs_9490,mbrainz_2139,0.9835065449435624
discogs_647,mbrainz_212,0.9847025029442805
discogs_30755,mbrainz_6942,0.9894281626435764
discogs_23208,mbrainz_5358,0.9890750553906335
discogs_39828,mbrainz_8555,0.9833245215663872
discogs_14818,mbrainz_3435,0.9926453107284633
discogs_65720,mbrainz_14105,0.9598283671325362
discogs_14673,mbrainz_3397,0.9599464596438125
discogs_160628,mbrainz_5760,0.881433810105022
discogs_124627,mbrainz_21867,0.973361024822874
discogs_1425,mbrainz_400,0.9729662724585117
discogs_62428,mbrainz_13515,0.9804737466483731
discogs_127444,mbrainz_1493,0.4469008800809049
discogs_65758,mbrainz_13210,0.9411893466564653
discogs_22493,mbrainz_5227,0.9857642449463765
discogs_74107,mbrainz_13210,0.9631884844713724
discogs_126258,mbrainz_13586,0.977334620568209
discogs_140739,mbrainz_24437,0.9303810904119926
discogs_45129,mbrainz_10030,0.9872509061013315
discogs_61365,mbrainz_9331,0.9614708231082401
discogs_26898,mbrainz_6157,0.9864717126721558
discogs_15012,mbrainz_1493,0.9815264359797929
discogs_34949,mbrainz_7791,0.9897941786943534
discogs_99242,mbrainz_18526,0.9862515232108326
discogs_105474,mbrainz_9089,0.778983517696066
discogs_41571,mbrainz_9089,0.7520796444321364
discogs_118774,mbrainz_21019,0.9914172780019153
discogs_34584,mbrainz_7696,0.9841328854036836
discogs_120447,mbrainz_21256,0.722824381403121
discogs_5803,mbrainz_1230,0.9692469984723951
discogs_23138,mbrainz_5347,0.9880960324642605
discogs_23279,mbrainz_5379,0.9478494516900269
discogs_26742,mbrainz_7247,0.9790418141012708
discogs_28579,mbrainz_6514,0.9476686163595688
discogs_910,mbrainz_304,0.9817229587268086
discogs_8109,mbrainz_1704,0.95524934443919
discogs_68463,mbrainz_14597,0.9953162716128343
discogs_69244,mbrainz_14737,0.986274105437354
discogs_5608,mbrainz_1188,0.9789249087532185
discogs_9712,mbrainz_2199,0.986421945480612
discogs_92633,mbrainz_1952,0.9509459260944773
discogs_30228,mbrainz_6859,0.9242738630307769
discogs_49443,mbrainz_2783,0.8929543099570333
discogs_115453,mbrainz_20534,0.99239472438567
discogs_14744,mbrainz_3416,0.9741207657057325
discogs_18491,mbrainz_2863,0.9815611838972642
discogs_46680,mbrainz_28213,0.7341795904215844
discogs_114552,mbrainz_20393,0.9912535987453742
discogs_1577,mbrainz_423,0.9886008795016419
discogs_9153,mbrainz_2030,0.9901781152921202
discogs_10504,mbrainz_2397,0.8475078909593522
discogs_127439,mbrainz_22286,0.9921808083240575
discogs_173815,mbrainz_4107,0.7924515245995377
discogs_5946,mbrainz_1260,0.9862759493978083
discogs_15819,mbrainz_3686,0.9823733286403009
discogs_43200,mbrainz_8816,0.8639571763269742
discogs_11992,mbrainz_1805,0.9443074471911967
discogs_28198,mbrainz_4107,0.6645482651466735
discogs_80693,mbrainz_16280,0.9679057384866713
discogs_56347,mbrainz_12290,0.9927458249086667
discogs_195089,mbrainz_23545,0.5358026393306412
discogs_7854,mbrainz_23545,0.7855190854315863
discogs_10965,mbrainz_2511,0.9855113596212072
discogs_21751,mbrainz_23545,0.5358026393306412
discogs_69046,mbrainz_23545,0.6927730142752491
discogs_14298,mbrainz_1852,0.9798528745784177
discogs_160913,mbrainz_1852,0.6850754627961219
discogs_72195,mbrainz_1852,0.6658698463989157
discogs_69185,mbrainz_12949,0.9584308589269245
discogs_59558,mbrainz_12949,0.9877005117905436
discogs_37434,mbrainz_6880,0.9772212074750143
discogs_12626,mbrainz_2130,0.8231015000071172
discogs_107082,mbrainz_6880,0.9711720943832303
discogs_15262,mbrainz_3546,0.98903456250967
discogs_46874,mbrainz_10374,0.9814046744226825
discogs_712,mbrainz_237,0.9872698502088009
discogs_24976,mbrainz_5730,0.8625802956839432
discogs_12468,mbrainz_11250,0.9819645983694961
discogs_43755,mbrainz_2199,0.8199275878887206
discogs_41824,mbrainz_9318,0.9858741090283626
discogs_153657,mbrainz_2199,0.6821043025701463
discogs_103809,mbrainz_19105,0.983603022224097
discogs_872,mbrainz_288,0.9787683690856126
discogs_38023,mbrainz_8453,0.9837784063310664
discogs_8631,mbrainz_1887,0.9894601410880427
discogs_2592,mbrainz_592,0.9892047349445888
discogs_111791,mbrainz_1903,0.8476302653623707
discogs_118316,mbrainz_21876,0.9796076790469319
discogs_156436,mbrainz_23545,0.5983526191377566
discogs_131709,mbrainz_22904,0.9850243817685423
discogs_49987,mbrainz_10961,0.9791764078033122
discogs_73178,mbrainz_15453,0.9602450162304629
discogs_45539,mbrainz_8711,0.9720067984994732
discogs_72951,mbrainz_15414,0.9820110149591313
discogs_134832,mbrainz_22904,0.9850243817685423
discogs_83730,mbrainz_16690,0.9724975227442281
discogs_31469,mbrainz_302,0.9881742839094553
discogs_906,mbrainz_302,0.9881742839094553
discogs_18384,mbrainz_4297,0.9879494715544759
discogs_59074,mbrainz_12847,0.9751643972563214
discogs_41613,mbrainz_8534,0.9894148457190917
discogs_61919,mbrainz_8534,0.9820783594268725
discogs_93837,mbrainz_18137,0.987026375620187
discogs_7648,mbrainz_1562,0.9903850273608185
discogs_70724,mbrainz_15000,0.9683480024863156
discogs_1913,mbrainz_488,0.9573996826411277
discogs_7638,mbrainz_1559,0.9816026448792473
discogs_21658,mbrainz_5043,0.7419546188871311
discogs_70345,mbrainz_8320,0.6229492700999872
discogs_38610,mbrainz_3396,0.9866131906219119
discogs_10747,mbrainz_2457,0.9571635529578013
discogs_131531,mbrainz_2457,0.9648185241241934
discogs_65273,mbrainz_14036,0.9678819567593917
discogs_28807,mbrainz_6562,0.9908389419532708
discogs_179000,mbrainz_2457,0.6935931762747037
discogs_164809,mbrainz_11212,0.9836301954893326
discogs_94774,mbrainz_943,0.9045931033154745
discogs_21964,mbrainz_5111,0.964075969232726
discogs_6787,mbrainz_1412,0.9920986589042906
discogs_15187,mbrainz_3528,0.9808940038494907
discogs_13486,mbrainz_2355,0.9874082568732476
discogs_13504,mbrainz_3106,0.9902033977051015
discogs_209,mbrainz_92,0.9894494221381255
discogs_9466,mbrainz_2130,0.8482830475838283
discogs_76909,mbrainz_490,0.9834075467273997
discogs_224,mbrainz_98,0.9731929396589497
discogs_182925,mbrainz_31324,0.9830055538090469
discogs_126816,mbrainz_22176,0.9844877146977778
discogs_161995,mbrainz_27902,0.9870456489837054
discogs_23515,mbrainz_5431,0.9906260272752534
discogs_10850,mbrainz_2482,0.9679029638058454
discogs_153046,mbrainz_2482,0.5527012628884751
discogs_76446,mbrainz_15835,0.9749489523888535
discogs_102621,mbrainz_18940,0.9503676701162856
discogs_48352,mbrainz_10646,0.9881081045797114
discogs_48532,mbrainz_10679,0.9857645156900152
discogs_27280,mbrainz_2877,0.9148005613497829
discogs_4168,mbrainz_893,0.9843646784631572
discogs_80133,mbrainz_16219,0.9807959502736531
discogs_36131,mbrainz_8051,0.9864421044397114
discogs_98068,mbrainz_18402,0.9816407906117173
discogs_37788,mbrainz_7867,0.8445028843782736
discogs_116512,mbrainz_2132,0.9839003266949147
discogs_189451,mbrainz_2132,0.9877068232034215
discogs_27996,mbrainz_6386,0.9789254548554139
discogs_43910,mbrainz_9767,0.9526838463541194
discogs_36815,mbrainz_2132,0.9877068232034215
discogs_10045,mbrainz_2132,0.984898448937506
discogs_41929,mbrainz_9349,0.9137943553971883
discogs_92232,mbrainz_17790,0.9836240265618373
discogs_115,mbrainz_47,0.984104744163363
discogs_138536,mbrainz_2116,0.6377742172506778
discogs_187659,mbrainz_2482,0.9652277263880343
discogs_49381,mbrainz_10092,0.7794316969149309
discogs_157978,mbrainz_10092,0.7518609315762479
discogs_25016,mbrainz_10092,0.81347300107175
discogs_83168,mbrainz_10092,0.8301287980659007
discogs_188781,mbrainz_2132,0.8515720330155867
discogs_114685,mbrainz_20418,0.9861187966051103
discogs_6814,mbrainz_1418,0.9853595218194884
discogs_266,mbrainz_127,0.9662342483556116
discogs_62349,mbrainz_13502,0.805719657327057
discogs_75543,mbrainz_15737,0.9897424564360824
discogs_55956,mbrainz_2260,0.9808164693651844
discogs_79535,mbrainz_3570,0.94166175944748
discogs_15361,mbrainz_3570,0.9680529581370766
discogs_124,mbrainz_52,0.9848869467487883
discogs_23429,mbrainz_16073,0.9764848417933361
discogs_125965,mbrainz_22056,0.9905502599515826
discogs_143583,mbrainz_4356,0.9520056133947143
discogs_13088,mbrainz_3019,0.9883387614314711
discogs_12234,mbrainz_2805,0.9881578103947031
discogs_5120,mbrainz_1079,0.9327543123216475
discogs_34098,mbrainz_7602,0.9884430267338707
discogs_57673,mbrainz_12554,0.9833183883108755
discogs_7326,mbrainz_1510,0.9882126856097053
discogs_51397,mbrainz_1064,0.9258568555598693
discogs_570,mbrainz_193,0.9758342219951107
discogs_80191,mbrainz_16225,0.9866445183559358
discogs_63538,mbrainz_13711,0.9902583584415688
discogs_63539,mbrainz_13711,0.9902583584415688
discogs_19822,mbrainz_4644,0.9872092178320863
discogs_8478,mbrainz_1840,0.9885805705565053
discogs_118561,mbrainz_1479,0.9393430476119061
discogs_68145,mbrainz_14111,0.9921808083240575
discogs_115515,mbrainz_20549,0.9844401743043157
discogs_55629,mbrainz_6947,0.8152997378853604
discogs_159377,mbrainz_2457,0.8543567155351193
discogs_121645,mbrainz_21428,0.9860880608036406
discogs_118645,mbrainz_21004,0.9608948440486409
discogs_125229,mbrainz_14410,0.9530569817401926
discogs_90678,mbrainz_17559,0.9660861768460519
discogs_97332,mbrainz_18089,0.9891255977673626
discogs_125413,mbrainz_21978,0.967885282711345
discogs_59246,mbrainz_12423,0.9870624221009168
discogs_45564,mbrainz_10112,0.9479508170313053
discogs_11907,mbrainz_2641,0.96877734882396
discogs_17790,mbrainz_4154,0.9856001964130139
discogs_95778,mbrainz_18116,0.9640242215440219
discogs_12468,mbrainz_2868,0.9772820286088123
discogs_105399,mbrainz_18144,0.9896324581835093
discogs_18484,mbrainz_4325,0.9910220777114727
discogs_77067,mbrainz_15933,0.9349536801536099
discogs_11149,mbrainz_2558,0.9684554938403573
discogs_71595,mbrainz_15154,0.9870032983797444
discogs_150079,mbrainz_26005,0.9921691143895601
discogs_54789,mbrainz_11961,0.9888720350090016
discogs_21545,mbrainz_1092,0.9904302869614262
discogs_67502,mbrainz_1680,0.9900777336627261
discogs_8025,mbrainz_1680,0.9900777336627261
discogs_69191,mbrainz_14726,0.9799003323500712
discogs_113578,mbrainz_11212,0.9580550839718237
discogs_20315,mbrainz_4745,0.9623276378509105
discogs_81433,mbrainz_13319,0.9879582940907917
discogs_142937,mbrainz_13319,0.8115380366838416
discogs_288,mbrainz_134,0.9923450896932328
discogs_74027,mbrainz_7714,0.9660713649875697
discogs_149503,mbrainz_1826,0.9585836838575397
discogs_8430,mbrainz_1826,0.9605424464894754
discogs_24399,mbrainz_1826,0.9605424464894754
discogs_12308,mbrainz_151,0.5328658104683032
discogs_4604,mbrainz_975,0.9825637361298811
discogs_8043,mbrainz_1683,0.9881987402271974
discogs_40981,mbrainz_9118,0.9657048931744553
discogs_19183,mbrainz_4498,0.968335159185152
discogs_57509,mbrainz_9411,0.9870070739593956
discogs_35741,mbrainz_7972,0.9889172174477043
discogs_109972,mbrainz_19719,0.9794714284379791
discogs_79437,mbrainz_16125,0.9458644844991057
discogs_118392,mbrainz_21876,0.9641619501577079
discogs_9411,mbrainz_2112,0.9781281389376858
discogs_10580,mbrainz_2421,0.983150432086867
discogs_77422,mbrainz_15986,0.9811094557017123
discogs_18641,mbrainz_4363,0.8261189598936043
discogs_55909,mbrainz_12193,0.9829783067654094
discogs_815,mbrainz_433,0.9818895302979695
discogs_14622,mbrainz_3386,0.9890982784561392
discogs_36981,mbrainz_8220,0.9867979437030066
discogs_62482,mbrainz_13524,0.99212450968019
discogs_21157,mbrainz_3386,0.9872319294503307
discogs_70483,mbrainz_2868,0.4381884937879843
discogs_65649,mbrainz_14091,0.9229592491730608
discogs_5061,mbrainz_1060,0.9895984753054832
discogs_8287,mbrainz_1776,0.9842325574883899
discogs_55418,mbrainz_12083,0.9898375575801168
discogs_38159,mbrainz_8432,0.9648485418720832
discogs_39745,mbrainz_8432,0.9648485418720832
discogs_17144,mbrainz_4005,0.9860019996846856
discogs_96377,mbrainz_8220,0.7968729148163581
discogs_80880,mbrainz_16166,0.9874737977718306
discogs_66158,mbrainz_14177,0.9894179282482319
discogs_21264,mbrainz_3735,0.958846638001637
discogs_164351,mbrainz_31367,0.8130048997890239
discogs_56286,mbrainz_11431,0.9855472356010148
discogs_6889,mbrainz_1432,0.9839666074439678
discogs_39704,mbrainz_1952,0.9429216978983437
discogs_23753,mbrainz_5478,0.9864661644853138
discogs_9713,mbrainz_2200,0.9860862168977474
discogs_23650,mbrainz_5463,0.987026375620187
discogs_15971,mbrainz_3725,0.9808440428751762
discogs_12904,mbrainz_2981,0.9890931479042789
discogs_23858,mbrainz_5482,0.9921668269288207
discogs_32722,mbrainz_7299,0.9902806200413585
discogs_24673,mbrainz_5380,0.9763177596489114
discogs_54653,mbrainz_11931,0.9234618239160897
discogs_19520,mbrainz_4579,0.989533824362638
discogs_41186,mbrainz_9167,0.9879534487139889
discogs_5203,mbrainz_1101,0.7103847347914309
discogs_40959,mbrainz_1101,0.5723406724533919
discogs_130166,mbrainz_22735,0.9906950852762032
discogs_156923,mbrainz_1101,0.6277977938148698
discogs_193550,mbrainz_124,0.7680093737649106
discogs_90542,mbrainz_16339,0.9809547729430864
discogs_53244,mbrainz_10969,0.9917972928827498
discogs_56175,mbrainz_23572,0.9122713373854623
discogs_21884,mbrainz_5091,0.980271094054258
discogs_156935,mbrainz_2974,0.9682170713017474
discogs_118995,mbrainz_22063,0.9915347492732026
discogs_18981,mbrainz_3192,0.9909646399550529
discogs_50886,mbrainz_11148,0.9784059781935216
discogs_66940,mbrainz_14321,0.9831594948950568
discogs_15964,mbrainz_3721,0.9623002084241158
discogs_9506,mbrainz_2145,0.9920815965848361
discogs_3754,mbrainz_815,0.9755242900035036
discogs_78499,mbrainz_16037,0.9829972718012544
discogs_46245,mbrainz_10238,0.980604540266399
discogs_42439,mbrainz_9452,0.9915900809394882
discogs_119685,mbrainz_21132,0.9874865833934019
discogs_148456,mbrainz_25722,0.9900730279000145
discogs_130010,mbrainz_22710,0.9903706738243033
discogs_4037,mbrainz_867,0.9747217131085432
discogs_18077,mbrainz_4231,0.9853048183208112
discogs_16995,mbrainz_3979,0.9702236115942197
discogs_161633,mbrainz_3734,0.8425359887747447
discogs_17149,mbrainz_3734,0.9889172174477043
discogs_26451,mbrainz_6065,0.9895799249672724
discogs_127782,mbrainz_3734,0.9736929614238029
discogs_12374,mbrainz_2844,0.9819903465894331
discogs_137085,mbrainz_23838,0.961626725139599
discogs_141169,mbrainz_24503,0.989771126374852
discogs_85624,mbrainz_16922,0.9629415034925893
discogs_90566,mbrainz_19485,0.9859334645346992
discogs_6,mbrainz_4,0.9833694984252142
discogs_101993,mbrainz_4,0.7563031354740616
discogs_7290,mbrainz_1502,0.660331922555161
discogs_20633,mbrainz_4809,0.9767282902356837
discogs_37915,mbrainz_8423,0.9884886683298564
discogs_103481,mbrainz_18833,0.985425598515793
discogs_15517,mbrainz_3618,0.9900061035417725
discogs_26275,mbrainz_6030,0.9902772422441138
discogs_1236,mbrainz_370,0.9830796208491918
discogs_63403,mbrainz_13786,0.9469524631014113
discogs_52261,mbrainz_11453,0.9892579520928907
discogs_118639,mbrainz_21003,0.9783461345631695
discogs_75939,mbrainz_11022,0.9879097048594982
discogs_70483,mbrainz_11250,0.4471970140453576
discogs_59821,mbrainz_13002,0.9614560883426414
discogs_11005,mbrainz_2519,0.9839706264692073
discogs_41511,mbrainz_9239,0.9862075334857485
discogs_88091,mbrainz_17285,0.9548845268485222
discogs_46539,mbrainz_2298,0.9831706792585939
discogs_19936,mbrainz_4667,0.9820853279345296
discogs_46842,mbrainz_4341,0.9626660799058382
discogs_97669,mbrainz_2638,0.9262542401589986
discogs_24336,mbrainz_5594,0.9828437372438914
discogs_17046,mbrainz_3987,0.9807459786768173
discogs_9237,mbrainz_2050,0.9840097816816383
discogs_29815,mbrainz_17392,0.9447892900743924
discogs_24471,mbrainz_5624,0.9877799386248571
discogs_899,mbrainz_298,0.98800855764301
discogs_90456,mbrainz_2387,0.8725487139665463
discogs_6266,mbrainz_625,0.9848869467487883
discogs_7622,mbrainz_1557,0.9820693377145288
discogs_78451,mbrainz_16029,0.9819383230430655
discogs_141908,mbrainz_2387,0.8681828814890805
discogs_175591,mbrainz_2387,0.8170992397690998
discogs_62173,mbrainz_2387,0.8245389494866453
discogs_40227,mbrainz_5040,0.8826250661239596
discogs_23,mbrainz_11,0.9782016256357717
discogs_43081,mbrainz_9576,0.9349289015167209
discogs_1117,mbrainz_341,0.9901050811600709
discogs_10874,mbrainz_2485,0.9661906894695299
discogs_82440,mbrainz_16484,0.980986073362403
discogs_9004,mbrainz_1874,0.93586504623345
discogs_17171,mbrainz_4012,0.9913256898765965
discogs_48997,mbrainz_10773,0.9841357559735536
discogs_46008,mbrainz_10192,0.9664564547755431
discogs_6260,mbrainz_173,0.9553434839965876
discogs_19411,mbrainz_4547,0.9884032193473403
discogs_36151,mbrainz_8053,0.984075490717896
discogs_72825,mbrainz_15139,0.9904104103081578
discogs_26571,mbrainz_1135,0.8706253396834417
discogs_715,mbrainz_239,0.9831674108544757
discogs_1024,mbrainz_318,0.9833024024000113
discogs_91189,mbrainz_2028,0.8173608914791647
discogs_84548,mbrainz_16798,0.9870686520106731
discogs_31230,mbrainz_7040,0.9892791761909188
discogs_68442,mbrainz_14593,0.9872092178320863
discogs_30550,mbrainz_6907,0.9939967002855754
discogs_17834,mbrainz_4163,0.9874390310337795
discogs_29216,mbrainz_1274,0.9689905695931944
discogs_131830,mbrainz_1274,0.9620706640735821
discogs_64063,mbrainz_11466,0.9780972567961327
discogs_23012,mbrainz_199,0.5184424363128388
discogs_147745,mbrainz_25578,0.979945620400286
discogs_81247,mbrainz_16334,0.9751845930716848
discogs_6221,mbrainz_1305,0.9703762382237691
discogs_108439,mbrainz_19614,0.9922959899113475
discogs_718,mbrainz_241,0.8505942681526948
discogs_10303,mbrainz_2342,0.9812316443490563
discogs_81220,mbrainz_15916,0.9636942937471188
discogs_115286,mbrainz_2387,0.9857364157150087
discogs_27302,mbrainz_6235,0.8695834792103515
discogs_63853,mbrainz_9859,0.9868293625234905
discogs_4601,mbrainz_974,0.9893516837052132
discogs_58284,mbrainz_12676,0.9907459913728731
discogs_5126,mbrainz_1082,0.9868643162126521
discogs_4174,mbrainz_896,0.9729921758303931
discogs_28668,mbrainz_6530,0.994284507143703
discogs_18909,mbrainz_1233,0.9743783115138792
discogs_115241,mbrainz_3337,0.8855334511197785
discogs_61237,mbrainz_13290,0.9750900560338225
discogs_122196,mbrainz_21505,0.9485385038588803
discogs_148936,mbrainz_25816,0.9956122750102739
discogs_130396,mbrainz_24470,0.9956697936477679
discogs_40842,mbrainz_9089,0.8588861289150493
discogs_8192,mbrainz_1712,0.97582638938291
discogs_61835,mbrainz_4137,0.9848672511811171
discogs_8285,mbrainz_1775,0.9663118967657239
discogs_97319,mbrainz_15351,0.9933485882681434
discogs_72898,mbrainz_15407,0.9844067014946227
discogs_45073,mbrainz_10020,0.9867482984959717
discogs_25208,mbrainz_5776,0.9899365367657388
discogs_25044,mbrainz_5748,0.9880120447388693
discogs_4621,mbrainz_978,0.8595256395751465
discogs_111908,mbrainz_19987,0.9824023515379993
discogs_1101,mbrainz_339,0.9782324389297778
discogs_128349,mbrainz_22421,0.993190986169389
discogs_54374,mbrainz_5586,0.924540726469611
discogs_24299,mbrainz_5586,0.9739195239959688
discogs_41256,mbrainz_9185,0.9876666071136558
discogs_110142,mbrainz_19745,0.9772130910222461
discogs_19357,mbrainz_4535,0.9672399766132574
discogs_49083,mbrainz_4012,0.9606778265294534
discogs_70370,mbrainz_13210,0.9005507215739186
discogs_129945,mbrainz_22701,0.9951887223272847
discogs_68513,mbrainz_14605,0.9691856397005237
discogs_16269,mbrainz_3801,0.974668545232761
discogs_82379,mbrainz_3874,0.9818480122961288
discogs_12636,mbrainz_2916,0.9911268588414361
discogs_60573,mbrainz_13149,0.771897826511383
discogs_13720,mbrainz_1772,0.9238038101268254
discogs_77295,mbrainz_15931,0.9915690372652101
discogs_133459,mbrainz_23238,0.9758824385053217
discogs_141088,mbrainz_24490,0.9920944408639745
discogs_38838,mbrainz_3829,0.9914689384429052
discogs_74984,mbrainz_15657,0.9931528964219312
discogs_6091,mbrainz_1282,0.9781874668773651
discogs_53585,mbrainz_11728,0.9791459905349804
discogs_35293,mbrainz_7870,0.9606844153581756
discogs_119009,mbrainz_21042,0.9778381125756818
discogs_14688,mbrainz_3402,0.9740653437630554
discogs_31671,mbrainz_7110,0.9811743407897364
discogs_143738,mbrainz_1046,0.9413354312268397
discogs_50554,mbrainz_11089,0.9898793578386873
discogs_4703,mbrainz_994,0.9915347492732026
discogs_76407,mbrainz_15831,0.9822087799414948
discogs_15305,mbrainz_3557,0.9925308225269446
discogs_137917,mbrainz_24155,0.9939432645294034
discogs_106826,mbrainz_19406,0.9915658134919226
discogs_12050,mbrainz_2757,0.9871286064750524
discogs_93912,mbrainz_17880,0.979863982855069
discogs_8628,mbrainz_1884,0.9201071513054672
discogs_187705,mbrainz_14952,0.6281164761737985
discogs_63675,mbrainz_5168,0.9851021839076193
discogs_60490,mbrainz_13135,0.9048650966145102
discogs_52452,mbrainz_11495,0.9909209871172682
discogs_15869,mbrainz_2129,0.9879197215207427
discogs_106482,mbrainz_21635,0.980154272776605
discogs_3732,mbrainz_663,0.9442126337204797
discogs_73257,mbrainz_15472,0.9875029046342273
discogs_134222,mbrainz_22531,0.919879899996697
discogs_123059,mbrainz_21635,0.9795970166495371
discogs_130184,mbrainz_22531,0.7925904521982794
discogs_112967,mbrainz_1298,0.961835561355294
discogs_33551,mbrainz_7486,0.985908564798688
discogs_6173,mbrainz_1298,0.972036138168905
discogs_10804,mbrainz_2475,0.9868378406087426
discogs_91401,mbrainz_17640,0.9188615016764655
discogs_334,mbrainz_151,0.921713565059693
discogs_54754,mbrainz_13188,0.9879086733724146
discogs_175166,mbrainz_151,0.7295312243741835
discogs_33142,mbrainz_7386,0.9115456778146872
discogs_8193,mbrainz_1746,0.9657675594215073
discogs_147530,mbrainz_2650,0.4227646180804001
discogs_116921,mbrainz_20773,0.9873130704774536
discogs_9225,mbrainz_2047,0.9832307940531022
discogs_134736,mbrainz_23436,0.9879052463728377
discogs_1249,mbrainz_292,0.9928425056702249
discogs_130583,mbrainz_292,0.9928425056702249
discogs_40210,mbrainz_8542,0.9890429797859198
discogs_11156,mbrainz_2562,0.9902104809566299
discogs_133770,mbrainz_429,0.8980503808997398
discogs_99434,mbrainz_429,0.8791355991111038
discogs_48086,mbrainz_10599,0.9754075896032133
discogs_66278,mbrainz_14200,0.9814285377573533
discogs_116843,mbrainz_20762,0.9814690704061214
discogs_16702,mbrainz_3874,0.3738060842591801
discogs_40744,mbrainz_9064,0.9348627158504014
discogs_14971,mbrainz_3474,0.9864233400968073
discogs_7591,mbrainz_1549,0.9917463484778938
discogs_129050,mbrainz_22531,0.919879899996697
discogs_95151,mbrainz_18047,0.9842508209293628
discogs_10032,mbrainz_2286,0.988715253770195
discogs_127273,mbrainz_3337,0.9816035037163118
discogs_54232,mbrainz_11846,0.9773078605815605
discogs_18145,mbrainz_4250,0.9881953067890848
discogs_60662,mbrainz_3337,0.9946799883711251
discogs_116733,mbrainz_3337,0.9754209314099092
discogs_193163,mbrainz_3337,0.8772696952780434
discogs_56145,mbrainz_11333,0.959312750725232
discogs_2074,mbrainz_505,0.9876262611085431
discogs_35073,mbrainz_7819,0.9889369343814788
discogs_11776,mbrainz_2702,0.9812853735739798
discogs_44960,mbrainz_9997,0.9859582697308612
discogs_12253,mbrainz_2811,0.9936539908999873
discogs_40655,mbrainz_9048,0.9463083104979092
discogs_60736,mbrainz_13187,0.9951929265775799
discogs_73018,mbrainz_15423,0.989940007788041
discogs_10599,mbrainz_2428,0.9905186551509618
discogs_56,mbrainz_23,0.9889204432696352
discogs_88775,mbrainz_3655,0.8290234614736185
discogs_64515,mbrainz_13896,0.9137864932166179
discogs_5115,mbrainz_1077,0.9853616737008476
discogs_8771,mbrainz_1929,0.9891636043578548
discogs_18675,mbrainz_3655,0.9649317527805359
discogs_73117,mbrainz_6853,0.4148607670227448
discogs_14914,mbrainz_3459,0.9943236790228813
discogs_48242,mbrainz_10633,0.9933253265898998
discogs_12183,mbrainz_2033,0.9431124825883949
discogs_96952,mbrainz_18250,0.9889172174477043
discogs_106454,mbrainz_2033,0.9431124825883949
discogs_62295,mbrainz_12578,0.9936225723047712
discogs_32364,mbrainz_7231,0.9848376472847276
discogs_13137,mbrainz_3031,0.9729560377285532
discogs_63067,mbrainz_13623,0.9830245274221723
discogs_41860,mbrainz_9327,0.9878555592982546
discogs_22401,mbrainz_5205,0.9894916441579739
discogs_186566,mbrainz_31892,0.8010111146773411
discogs_45704,mbrainz_10132,0.9852210878542601
discogs_9681,mbrainz_2190,0.9714763232204519
discogs_30061,mbrainz_875,0.992411113464981
discogs_12592,mbrainz_2902,0.9880298715696926
discogs_33750,mbrainz_7534,0.9870032983797444
discogs_34884,mbrainz_7773,0.9654636354156284
discogs_51543,mbrainz_11298,0.9940742486310118
discogs_40584,mbrainz_9033,0.9886124506140103
discogs_1862,mbrainz_899,0.9177660729760021
discogs_153598,mbrainz_26626,0.9576657547699913
discogs_81684,mbrainz_19268,0.9764315592371323
discogs_158131,mbrainz_330,0.989994175015626
discogs_77079,mbrainz_15924,0.9836530627580258
discogs_61563,mbrainz_13347,0.9888257859415105
discogs_83309,mbrainz_2556,0.3321141489882403
discogs_4302,mbrainz_919,0.9812920910138822
discogs_83647,mbrainz_9035,0.9714351840684019
discogs_40588,mbrainz_9035,0.9787391192944768
discogs_29720,mbrainz_6756,0.9834276563043862
discogs_115736,mbrainz_1746,0.44782521368611866
discogs_52833,mbrainz_11330,0.9856519641694815
discogs_141135,mbrainz_24495,0.9888541955657832
discogs_74120,mbrainz_15622,0.9907267643100288
discogs_122873,mbrainz_21610,0.9943710644438615
discogs_69682,mbrainz_14814,0.9742870455741262
discogs_119605,mbrainz_21122,0.9336111775316248
discogs_53166,mbrainz_11647,0.9834644079957073
discogs_30598,mbrainz_6734,0.9449670519092147
discogs_22381,mbrainz_5198,0.9899024786207858
discogs_95440,mbrainz_12359,0.9956472228617917
discogs_16197,mbrainz_3780,0.9848415010630318
discogs_46329,mbrainz_10253,0.9915236484346135
discogs_15337,mbrainz_3565,0.9878766683849848
discogs_8593,mbrainz_429,0.9580029064180549
discogs_9455,mbrainz_2124,0.982241526175584
discogs_78685,mbrainz_15003,0.9791085575043843
discogs_61955,mbrainz_33377,0.9906279827029728
discogs_21963,mbrainz_5110,0.9943188048025197
discogs_87133,mbrainz_6226,0.9955508119554864
discogs_7849,mbrainz_1608,0.98800855764301
discogs_84783,mbrainz_16825,0.9889534012216913
discogs_27262,mbrainz_6226,0.9037792602591121
discogs_22502,mbrainz_5229,0.9745566446812517
discogs_8694,mbrainz_1907,0.9798609872091064
discogs_18875,mbrainz_4415,0.9715503156206194
discogs_27371,mbrainz_6249,0.98859964854574
discogs_52668,mbrainz_11545,0.9826659818429591
discogs_11976,mbrainz_2744,0.9370305589261153
discogs_32031,mbrainz_791,0.9858108449176252
discogs_52985,mbrainz_11609,0.9892471796329297
discogs_65680,mbrainz_14097,0.9717646325043693
discogs_1175,mbrainz_355,0.9828350855499475
discogs_2014,mbrainz_459,0.9871303487562728
discogs_93461,mbrainz_17829,0.9515268128172201
discogs_97385,mbrainz_5988,0.8465614149762272
discogs_80778,mbrainz_5988,0.9760094079720816
discogs_54141,mbrainz_11684,0.9944374364580411
discogs_958,mbrainz_29655,0.9854615912689794
discogs_9819,mbrainz_2227,0.991746003852868
discogs_49996,mbrainz_10965,0.981397370099098
discogs_107021,mbrainz_19423,0.9846756042145974
discogs_57921,mbrainz_12601,0.9903976049244088
discogs_13390,mbrainz_3075,0.9827570897637818
discogs_105476,mbrainz_19319,0.9857999054461769
discogs_49037,mbrainz_10780,0.8998516801651297
discogs_22639,mbrainz_5258,0.9514752776271072
discogs_16308,mbrainz_3809,0.9619105467657068
discogs_136567,mbrainz_11495,0.8616648177460596
discogs_45583,mbrainz_10115,0.9104132358701741
discogs_9650,mbrainz_2181,0.9832373235635351
discogs_135444,mbrainz_23545,0.9642254574167287
discogs_14145,mbrainz_3264,0.7389136123413176
discogs_177111,mbrainz_2398,0.7961974438535964
discogs_191893,mbrainz_2398,0.7461892406499055
discogs_17986,mbrainz_2398,0.973903249239529
discogs_2310,mbrainz_557,0.9481478129755619
discogs_10670,mbrainz_2398,0.990353487219757
discogs_131791,mbrainz_22970,0.992596038194503
discogs_3465,mbrainz_755,0.9847839160835569
discogs_22008,mbrainz_30401,0.818275098881395
discogs_74742,mbrainz_15472,0.9741106796127568
discogs_60043,mbrainz_13033,0.9896449260895407
discogs_6984,mbrainz_1447,0.9317463539115668
discogs_36875,mbrainz_8197,0.9799354270953344
discogs_7352,mbrainz_1514,0.9814465195634567
discogs_41089,mbrainz_9144,0.9876230328883079
discogs_112500,mbrainz_2034,0.9206020569754586
discogs_5416,mbrainz_1148,0.9831656687151897
discogs_17874,mbrainz_4172,0.9613751586222864
discogs_9170,mbrainz_2034,0.96583391653937
discogs_4916,mbrainz_1034,0.9793585228177603
discogs_109503,mbrainz_15089,0.9286224297916558
discogs_95802,mbrainz_18122,0.9407321011332908
discogs_21112,mbrainz_4912,0.8649224997968402
discogs_26109,mbrainz_73,0.7418370241386557
discogs_77051,mbrainz_15921,0.976676051483151
discogs_55025,mbrainz_3830,0.8533024026306677
discogs_151316,mbrainz_24312,0.9945538050800707
discogs_65945,mbrainz_14145,0.9704788500110438
discogs_1825,mbrainz_478,0.9831046570714534
discogs_32779,mbrainz_1013,0.9607843098718818
discogs_197640,mbrainz_2503,0.980426166377169
discogs_18360,mbrainz_2503,0.9891129679376741
discogs_11676,mbrainz_2674,0.9900600294606028
discogs_5976,mbrainz_1262,0.9870432980149305
discogs_21565,mbrainz_5019,0.9936366964360268
discogs_18901,mbrainz_4421,0.9900878206689638
discogs_69233,mbrainz_14733,0.8967822025112471
discogs_37120,mbrainz_8254,0.969980156522943
discogs_55623,mbrainz_12116,0.9893897015146376
discogs_36920,mbrainz_8209,0.9902546870199417
discogs_35148,mbrainz_7840,0.9115018655510795
discogs_9740,mbrainz_1825,0.9862524410242215
discogs_36326,mbrainz_8084,0.9966951418526913
discogs_27926,mbrainz_6367,0.9838333208146964
discogs_69519,mbrainz_14782,0.9821694527296407
discogs_43952,mbrainz_9771,0.9766493933319113
discogs_33970,mbrainz_7574,0.9868017781410663
discogs_35983,mbrainz_8024,0.9880833750893888
discogs_95996,mbrainz_18144,0.9752009719758008
discogs_44271,mbrainz_9841,0.9864258876223259
discogs_13724,mbrainz_3164,0.9768074355491974
discogs_189,mbrainz_82,0.9897759737725205
discogs_74746,mbrainz_8178,0.6184763749685643
discogs_19022,mbrainz_1432,0.9472799392357946
discogs_76769,mbrainz_14073,0.9836952800080209
discogs_113171,mbrainz_20175,0.6939452872670853
discogs_73749,mbrainz_15563,0.9920416859658963
discogs_25292,mbrainz_5800,0.9899668789605303
discogs_59609,mbrainz_12962,0.9757533898915546
discogs_16707,mbrainz_3914,0.9461782934773432
discogs_85020,mbrainz_16851,0.9835136595939382
discogs_17404,mbrainz_4066,0.9862671195860352
discogs_81712,mbrainz_16390,0.9909355715662695
discogs_4381,mbrainz_227,0.9098511585786013
discogs_238,mbrainz_107,0.8906098550400973
discogs_35468,mbrainz_107,0.8906098550400973
discogs_126903,mbrainz_22195,0.9157566464138125
discogs_17565,mbrainz_4110,0.9849877913890216
discogs_12788,mbrainz_2952,0.9846714234864055
discogs_10631,mbrainz_2433,0.985492673402827
discogs_102885,mbrainz_18982,0.57795564127425
discogs_4994,mbrainz_1046,0.9970883728549335
discogs_74132,mbrainz_15623,0.9822228581562945
discogs_69543,mbrainz_14789,0.9926759615251507
discogs_38565,mbrainz_8593,0.9890574168137438
discogs_108086,mbrainz_6258,0.9698182779057678
discogs_496,mbrainz_180,0.6206463500456239
discogs_5444,mbrainz_1156,0.9193631908338156
discogs_15269,mbrainz_3547,0.9944272456374115
discogs_7508,mbrainz_1537,0.7975845404457461
discogs_189613,mbrainz_9446,0.9162489195241953
discogs_42410,mbrainz_9446,0.9930783728861347
discogs_19585,mbrainz_4595,0.9917764311091807
discogs_250,mbrainz_116,0.9803696271354124
discogs_6835,mbrainz_1422,0.9804108605527246
discogs_37445,mbrainz_8322,0.9431862699129223
discogs_78998,mbrainz_16086,0.9894186474382615
discogs_4345,mbrainz_931,0.9819843878304119
discogs_9678,mbrainz_2189,0.9837966874610735
discogs_81975,mbrainz_2783,0.4955935852585129
discogs_101523,mbrainz_2783,0.38500776630133904
discogs_39215,mbrainz_2936,0.956473901551159
discogs_78395,mbrainz_8867,0.9514046100863767
discogs_3,mbrainz_1,0.9855587073325641
discogs_73364,mbrainz_15494,0.9880061958524834
discogs_23011,mbrainz_2701,0.9748826163305943
discogs_98067,mbrainz_18401,0.9891093847887615
discogs_147918,mbrainz_25608,0.949722966343387
discogs_10495,mbrainz_2392,0.9885563421279426
discogs_52307,mbrainz_11467,0.9753893251972372
discogs_16093,mbrainz_3746,0.9559606234820859
discogs_1817,mbrainz_475,0.9934683011692955
discogs_22118,mbrainz_529,0.9874860849852416
discogs_5073,mbrainz_1065,0.9847116869293061
discogs_50656,mbrainz_11109,0.9754017353396739
discogs_37889,mbrainz_8417,0.9886624723096673
discogs_2184,mbrainz_529,0.9874860849852416
discogs_10116,mbrainz_2302,0.9833418367481799
discogs_101935,mbrainz_8111,0.9865742433896647
discogs_72504,mbrainz_15337,0.981629825670269
discogs_19435,mbrainz_4556,0.9691917167762906
discogs_34602,mbrainz_7702,0.9881571659816679
discogs_19221,mbrainz_1606,0.9899686033337894
discogs_55478,mbrainz_12092,0.9859637950016379
discogs_9691,mbrainz_2192,0.9882162927414622
discogs_7187,mbrainz_1483,0.9892822978007482
discogs_60006,mbrainz_13028,0.9941865377687553
discogs_52864,mbrainz_11581,0.945546121993757
discogs_120087,mbrainz_21193,0.9906922698261734
discogs_5506,mbrainz_1164,0.9889719179378744
discogs_121655,mbrainz_1766,0.9848138506951571
discogs_62036,mbrainz_13441,0.9871046978906848
discogs_8248,mbrainz_1766,0.9725144094332773
discogs_6897,mbrainz_1434,0.9881742839094553
discogs_130299,mbrainz_22767,0.9900891507574057
discogs_769,mbrainz_263,0.9890606022798066
discogs_97317,mbrainz_18301,0.9900862617944651
discogs_127079,mbrainz_16375,0.9890931479042789
discogs_92848,mbrainz_26946,0.9896672179882641
discogs_17365,mbrainz_4059,0.992144061444604
discogs_3423,mbrainz_742,0.9783665927856273
discogs_1155,mbrainz_352,0.9938575876792465
discogs_79496,mbrainz_4346,0.9888834251323059
discogs_67721,mbrainz_14464,0.9898181391219714
discogs_85138,mbrainz_16113,0.9844971177000961
discogs_103459,mbrainz_19059,0.9912510462138022
discogs_11536,mbrainz_2638,0.8933159836408301
discogs_13772,mbrainz_3175,0.9856617300936449
discogs_46339,mbrainz_10254,0.9922978964234567
discogs_132151,mbrainz_23035,0.9893490578625644
discogs_123014,mbrainz_12359,0.9573937997602526
discogs_111,mbrainz_46,0.9491218515431215
discogs_65139,mbrainz_14081,0.9682009659014101
discogs_65572,mbrainz_14081,0.9682009659014101
discogs_65571,mbrainz_14081,0.9682009659014101
discogs_40693,mbrainz_9055,0.9919323723732781
discogs_137361,mbrainz_21374,0.9910038430575098
discogs_56034,mbrainz_12226,0.9655037656138286
discogs_8076,mbrainz_1692,0.9855869239913397
discogs_165392,mbrainz_2067,0.6889963148184355
discogs_142690,mbrainz_1692,0.7085093128949831
discogs_78465,mbrainz_16030,0.986607538588532
discogs_46469,mbrainz_3664,0.9715011057262072
discogs_18013,mbrainz_4211,0.9795446070637196
discogs_104463,mbrainz_11304,0.9825265179659474
discogs_21474,mbrainz_5002,0.906657082955618
discogs_830,mbrainz_279,0.9931093368415922
discogs_78472,mbrainz_7903,0.9812383532350553
discogs_4055,mbrainz_871,0.9933253734134054
discogs_315,mbrainz_142,0.9885914498304972
discogs_44975,mbrainz_10000,0.9892709718321103
discogs_17500,mbrainz_4091,0.9875124439462293
discogs_8119,mbrainz_1709,0.9162345095725606
discogs_167875,mbrainz_1709,0.5988603733359608
discogs_127577,mbrainz_10132,0.9780569107796512
discogs_24676,mbrainz_11069,0.6113543891519482
discogs_83113,mbrainz_16595,0.9742106637809269
discogs_95294,mbrainz_18060,0.9865854930974401
discogs_101845,mbrainz_18840,0.9903711940301358
discogs_16686,mbrainz_3907,0.9652594728024908
discogs_14447,mbrainz_3348,0.988178246050784
discogs_12917,mbrainz_2984,0.9802362412514781
discogs_23999,mbrainz_1334,0.9746789276873755
discogs_8449,mbrainz_1832,0.9839096951907548
discogs_31156,mbrainz_13784,0.9954503689935906
discogs_86085,mbrainz_6652,0.9620683432894596
discogs_32938,mbrainz_6210,0.987644654449414
discogs_73305,mbrainz_15482,0.9939284325245852
discogs_73309,mbrainz_15483,0.994581075645839
discogs_80450,mbrainz_16252,0.9877890519599911
discogs_61252,mbrainz_13295,0.9044160918321552
discogs_113442,mbrainz_20209,0.9732403884493135
discogs_36438,mbrainz_8104,0.9879906994556785
discogs_42180,mbrainz_9400,0.9405420552588301
discogs_76812,mbrainz_15889,0.9817266111951315
discogs_4558,mbrainz_970,0.9747612613000562
discogs_22430,mbrainz_14124,0.9812491838126233
discogs_13180,mbrainz_847,0.9880263895965176
discogs_190923,mbrainz_3337,0.3876636065842771
discogs_59677,mbrainz_12979,0.9950434804336759
discogs_100640,mbrainz_21414,0.9682671204333546
discogs_149482,mbrainz_7573,0.9482338732203428
discogs_15323,mbrainz_3562,0.9750887815355681
discogs_51817,mbrainz_11359,0.978391147137883
discogs_130455,mbrainz_1608,0.8852224869086821
discogs_119315,mbrainz_8867,0.8930841087562493
discogs_112781,mbrainz_16484,0.8755516002974941
discogs_10526,mbrainz_2401,0.9603516862418738
discogs_13840,mbrainz_3195,0.9855587073325641
discogs_68288,mbrainz_14564,0.9749363707963193
discogs_12248,mbrainz_2808,0.9791288030896451
discogs_11860,mbrainz_2719,0.9787660625935198
discogs_65424,mbrainz_14060,0.9947946139259
discogs_118659,mbrainz_2719,0.9675080040949756
discogs_104500,mbrainz_19183,0.9801670098604474
discogs_91123,mbrainz_13977,0.982111246721916
discogs_2673,mbrainz_606,0.9902151463459447
discogs_125404,mbrainz_21975,0.9874842708272324
discogs_28931,mbrainz_6584,0.9928884866385594
discogs_82061,mbrainz_15773,0.839208981600601
discogs_35375,mbrainz_7895,0.9496103099570836
discogs_40271,mbrainz_8968,0.9811588133435959
discogs_58766,mbrainz_12782,0.9602078969834211
discogs_47336,mbrainz_10474,0.9521407249968931
discogs_79291,mbrainz_16109,0.991303381786177
discogs_77354,mbrainz_7573,0.9922002079184985
discogs_17818,mbrainz_4158,0.9933010131845216
discogs_2102,mbrainz_512,0.9624946270040671
discogs_8957,mbrainz_1981,0.983925850677328
discogs_104874,mbrainz_6947,0.5873524990058837
discogs_84199,mbrainz_354,0.6880849919952976
discogs_141758,mbrainz_16163,0.986462060548134
discogs_96940,mbrainz_4158,0.9933010131845216
discogs_80683,mbrainz_8515,0.9776388061066595
discogs_145000,mbrainz_25146,0.9851983321693423
discogs_17,mbrainz_9,0.9852611369162266
discogs_49529,mbrainz_3469,0.7050624466421636
discogs_104954,mbrainz_3092,0.9788376073195008
discogs_14959,mbrainz_3469,0.9785164912740226
discogs_22471,mbrainz_5224,0.9859399503967061
discogs_29529,mbrainz_6713,0.9928933415296133
discogs_60014,mbrainz_13029,0.9913503423337758
discogs_13298,mbrainz_3061,0.8631483447801852
discogs_8189,mbrainz_1744,0.9898892820497192
discogs_18681,mbrainz_4374,0.9627488500523335
discogs_129260,mbrainz_6713,0.9928933415296133
discogs_38678,mbrainz_8619,0.9792915685703671
discogs_128206,mbrainz_22405,0.9920744552191006
discogs_24349,mbrainz_5596,0.9907543992999878
discogs_17393,mbrainz_4065,0.9808479600773686
discogs_5063,mbrainz_1061,0.9862135258719
discogs_27767,mbrainz_6329,0.8053127598643963
discogs_191949,mbrainz_1631,0.8755367774808481
discogs_82753,mbrainz_11884,0.9827745341025995
discogs_7818,mbrainz_1593,0.9802390488290971
discogs_4608,mbrainz_480,0.990210505108597
discogs_74033,mbrainz_15606,0.9876304342188046
discogs_36672,mbrainz_1593,0.9802390488290971
discogs_80251,mbrainz_16231,0.9797768467317268
discogs_56685,mbrainz_12354,0.9960173290140597
discogs_46246,mbrainz_10239,0.9834110654052366
discogs_17716,mbrainz_4141,0.9916298367594973
discogs_35167,mbrainz_7844,0.9912510462138022
discogs_125406,mbrainz_21975,0.9858606502988682
discogs_64746,mbrainz_13939,0.9692562132411062
discogs_14,mbrainz_8,0.9934749638459857
discogs_7782,mbrainz_383,0.9923258650494036
discogs_98661,mbrainz_15395,0.9880476722116118
discogs_72815,mbrainz_15395,0.9880476722116118
discogs_71877,mbrainz_15203,0.9407322604503512
discogs_37464,mbrainz_8326,0.9889369343814788
discogs_3453,mbrainz_739,0.9859491031544071
discogs_6296,mbrainz_1317,0.9879906994556785
discogs_17592,mbrainz_4116,0.8421094056234233
discogs_31814,mbrainz_4063,0.9748542369326275
discogs_80566,mbrainz_16261,0.9877692492437801
discogs_41394,mbrainz_9216,0.9833888345408314
discogs_8022,mbrainz_1678,0.9521062937561383
discogs_17258,mbrainz_4034,0.9926366672076523
discogs_2370,mbrainz_565,0.9887081765638958
discogs_51135,mbrainz_755,0.9476498920053227
discogs_147313,mbrainz_12359,0.97507173157221
discogs_31057,mbrainz_1279,0.979411300898388
discogs_16342,mbrainz_3820,0.9927429990656241
discogs_115805,mbrainz_20471,0.9731833028655391
discogs_8484,mbrainz_1845,0.9705493923853685
discogs_154597,mbrainz_5574,0.9814718586469005
discogs_14107,mbrainz_1279,0.979411300898388
discogs_9052,mbrainz_835,0.9603866724576741
discogs_24239,mbrainz_5574,0.9677266368175567
discogs_3771,mbrainz_822,0.9942317360631888
discogs_62543,mbrainz_6789,0.9670901470482651
discogs_29288,mbrainz_6652,0.9657028020312709
discogs_29886,mbrainz_6789,0.9875964362233863
discogs_3383,mbrainz_736,0.9839067843850146
discogs_13481,mbrainz_2974,0.8830071697163876
discogs_99363,mbrainz_18816,0.9880476722116118
discogs_136390,mbrainz_2199,0.4067212567618722
discogs_8132,mbrainz_1715,0.988630352948614
discogs_29552,mbrainz_6717,0.9876888279963092
discogs_9936,mbrainz_2261,0.9835275756911251
discogs_145482,mbrainz_25231,0.9961407757801777
discogs_41282,mbrainz_9193,0.9888019123137157
discogs_8866,mbrainz_1957,0.9079986078145325
discogs_157891,mbrainz_2719,0.7457570092838764
discogs_14260,mbrainz_3299,0.9866126489170949
discogs_141688,mbrainz_7057,0.9221653252156192
discogs_42238,mbrainz_7057,0.9730782417719495
discogs_114165,mbrainz_7057,0.9725349901826789
discogs_81558,mbrainz_16371,0.9795427749026838
discogs_154995,mbrainz_17701,0.9613071034183582
discogs_38684,mbrainz_8206,0.9855372541262666
discogs_32747,mbrainz_7301,0.9889204432696352
discogs_3513,mbrainz_431,0.8882263695778528
discogs_31505,mbrainz_7057,0.9748418754388398
discogs_23553,mbrainz_516,0.969875804547504
discogs_13554,mbrainz_3119,0.9906676458490464
discogs_4227,mbrainz_905,0.9837831255329353
discogs_29049,mbrainz_6614,0.9850010009821706
discogs_7737,mbrainz_1576,0.9727151178482322
discogs_11355,mbrainz_2603,0.9625253331027176
discogs_13274,mbrainz_2365,0.9933919771731251
discogs_21687,mbrainz_5050,0.9741370353016404
discogs_132743,mbrainz_12359,0.9243878363510416
discogs_1985,mbrainz_5766,0.9853511022065775
discogs_51158,mbrainz_11215,0.9906795261540273
discogs_3478,mbrainz_757,0.9855115669460658
discogs_18983,mbrainz_4445,0.9969129851774462
discogs_28542,mbrainz_6506,0.9636063292754099
discogs_117694,mbrainz_20880,0.9937109492208532
discogs_137598,mbrainz_23937,0.9645933938114983
discogs_35873,mbrainz_7996,0.9930800294611869
discogs_42882,mbrainz_9538,0.9881058168843175
discogs_757,mbrainz_260,0.9910144145354889
discogs_35700,mbrainz_7969,0.95047262655096
discogs_42210,mbrainz_9406,0.9176413192367169
discogs_4172,mbrainz_894,0.965493028721306
discogs_703,mbrainz_234,0.972433890100476
discogs_34097,mbrainz_7601,0.9696262300885219
discogs_168607,mbrainz_1772,0.9057565184905019
discogs_117614,mbrainz_20866,0.988660841740635
discogs_12271,mbrainz_2816,0.9857856366516426
discogs_936,mbrainz_305,0.9897577367131767
discogs_86794,mbrainz_1767,0.9293675389509838
discogs_66212,mbrainz_14187,0.9562502908034368
discogs_76524,mbrainz_4836,0.9789812648225846
discogs_104349,mbrainz_19163,0.9815999647650276
discogs_47100,mbrainz_10426,0.9896245213464465
discogs_10399,mbrainz_2366,0.9485700849731031
discogs_316,mbrainz_143,0.9836243358515704
discogs_52957,mbrainz_11603,0.910786049648899
discogs_108386,mbrainz_18827,0.9863419928275151
discogs_122439,mbrainz_20484,0.9367035923425377
discogs_115108,mbrainz_20484,0.7353659859878632
discogs_83275,mbrainz_4836,0.9779750348133246
discogs_150976,mbrainz_8287,0.9912121984183571
discogs_196004,mbrainz_8287,0.8554911195503954
discogs_743,mbrainz_253,0.9868876369545301
discogs_96636,mbrainz_18214,0.9928450102584466
discogs_93166,mbrainz_18827,0.9863419928275151
discogs_19561,mbrainz_4592,0.98774570066219
discogs_1636,mbrainz_436,0.9751101726016776
discogs_55179,mbrainz_436,0.9751101726016776
discogs_4255,mbrainz_910,0.9780664717139
discogs_44579,mbrainz_9903,0.994215325293391
discogs_12732,mbrainz_2937,0.9419476188212584
discogs_64274,mbrainz_13861,0.9783683506178975
discogs_74446,mbrainz_33634,0.9584632420234129
discogs_91863,mbrainz_17701,0.977023364483612
discogs_118528,mbrainz_20987,0.9881777233889973
discogs_8739,mbrainz_1918,0.9897424564360824
discogs_171893,mbrainz_1918,0.987393186613953
discogs_46672,mbrainz_10328,0.9936434924819009
discogs_36020,mbrainz_8031,0.9386734281816508
discogs_169100,mbrainz_14306,0.83726671064147
discogs_29980,mbrainz_6803,0.9681666257443657
discogs_137806,mbrainz_14306,0.9926581828027522
discogs_67427,mbrainz_9448,0.8990621756983561
discogs_4099,mbrainz_877,0.977282793656916
discogs_68185,mbrainz_13239,0.9088379105046496
discogs_3720,mbrainz_803,0.9755787568812214
discogs_11721,mbrainz_2685,0.9867744162029551
discogs_117,mbrainz_49,0.993188323577094
discogs_105404,mbrainz_19300,0.9878457172767051
discogs_60883,mbrainz_4361,0.9777728360412098
discogs_82375,mbrainz_16478,0.9905643483462526
discogs_61141,mbrainz_13272,0.9781865207408711
discogs_9106,mbrainz_2017,0.9820110149591313
discogs_4265,mbrainz_914,0.9331277400243055
discogs_42500,mbrainz_9467,0.9874716000270449
discogs_72639,mbrainz_15365,0.9659116797197959
discogs_63682,mbrainz_7917,0.9750800593698833
discogs_76481,mbrainz_15843,0.5607293379477537
discogs_12611,mbrainz_2907,0.9736940677032514
discogs_64805,mbrainz_13790,0.9875765782612582
discogs_13214,mbrainz_2924,0.9789223332311967
discogs_21829,mbrainz_1645,0.9885620917812952
discogs_18797,mbrainz_4401,0.9528024931145049
discogs_2706,mbrainz_609,0.9571372583797572
discogs_95232,mbrainz_17412,0.3266021314321505
discogs_53175,mbrainz_2028,0.7307880377625017
discogs_83660,mbrainz_16682,0.9879770794904666
discogs_47917,mbrainz_9882,0.39669517036345797
discogs_44496,mbrainz_9882,0.465892201551811
discogs_10094,mbrainz_17412,0.5883145321781356
discogs_117644,mbrainz_20740,0.8785624709599388
discogs_150172,mbrainz_26021,0.9679701464494657
discogs_14629,mbrainz_3389,0.9850535759018018
discogs_18486,mbrainz_4327,0.9857856366516426
discogs_96723,mbrainz_31781,0.9800926887292403
discogs_46352,mbrainz_4253,0.9655527509552275
discogs_37770,mbrainz_8393,0.8377010327911113
discogs_94484,mbrainz_4253,0.9906491412432025
discogs_131400,mbrainz_22914,0.9752555251059114
discogs_44103,mbrainz_9807,0.9538958632559784
discogs_129306,mbrainz_22460,0.9921032256283578
discogs_20810,mbrainz_4846,0.9871128119929672
discogs_9409,mbrainz_539,0.9586839258664513
discogs_38402,mbrainz_6258,0.3448561625717964
discogs_37199,mbrainz_8270,0.9466342780968775
discogs_60914,mbrainz_13231,0.9908132268934676
discogs_49539,mbrainz_2232,0.9777457211197261
discogs_45107,mbrainz_8120,0.9931493249364153
discogs_3541,mbrainz_697,0.9969967107749778
discogs_976,mbrainz_315,0.9124631309594482
discogs_13619,mbrainz_11203,0.8247658343128732
discogs_48471,mbrainz_10669,0.9045821571348748
discogs_128635,mbrainz_11203,0.8247658343128732
discogs_12412,mbrainz_2851,0.9857994376397129
discogs_12399,mbrainz_2849,0.8950384068437756
discogs_84388,mbrainz_16776,0.9858617526740374
discogs_143117,mbrainz_2851,0.9779190815640313
discogs_41863,mbrainz_4743,0.9938511243270748
discogs_174064,mbrainz_12359,0.919654860421608
discogs_31285,mbrainz_7049,0.96640606513188
discogs_14054,mbrainz_3238,0.9642652353778152
discogs_70395,mbrainz_14934,0.9915236484346135
discogs_9665,mbrainz_2186,0.9941543355314012
discogs_5226,mbrainz_1107,0.9940094371553381
discogs_25616,mbrainz_5867,0.9900210209939357
discogs_1163,mbrainz_354,0.9824211266728667
discogs_22224,mbrainz_5162,0.9321528788594456
discogs_23237,mbrainz_5370,0.9640372555457438
discogs_6659,mbrainz_370,0.8405694921656154
discogs_34172,mbrainz_2119,0.9773145693243251
discogs_79214,mbrainz_16103,0.9323346364828591
discogs_31147,mbrainz_2119,0.6156505067512235
discogs_99197,mbrainz_18521,0.9808885809860356
discogs_46527,mbrainz_10300,0.9712723722129204
discogs_11880,mbrainz_2722,0.9904587969689768
discogs_25361,mbrainz_3389,0.9824510006069449
discogs_10575,mbrainz_2419,0.9500143691510817
discogs_80709,mbrainz_16282,0.9833911104732153
discogs_29443,mbrainz_6693,0.9853335236678948
discogs_38783,mbrainz_8645,0.9534574289900024
discogs_11751,mbrainz_3576,0.9822466955610394
discogs_19605,mbrainz_4599,0.9857414428266466
discogs_37505,mbrainz_19871,0.9699024955637602
discogs_13531,mbrainz_3113,0.9794116465381921
discogs_112649,mbrainz_20098,0.9818942678303565
discogs_62255,mbrainz_13486,0.9220809347452104
discogs_58589,mbrainz_12751,0.987470000434187
discogs_88821,mbrainz_13044,0.8497327174620694
discogs_16174,mbrainz_3774,0.950550685543858
discogs_41431,mbrainz_9225,0.9707631475917091
discogs_13325,mbrainz_3065,0.9946128350975297
discogs_49935,mbrainz_10953,0.9825687786381138
discogs_318,mbrainz_145,0.9663685986890678
discogs_10583,mbrainz_2422,0.9943078970403039
discogs_19986,mbrainz_1362,0.987604237532245
discogs_26127,mbrainz_2309,0.9882666560662315
discogs_13834,mbrainz_3191,0.911809913992297
discogs_153730,mbrainz_26644,0.9822722781621791
discogs_96433,mbrainz_3191,0.911809913992297
discogs_53172,mbrainz_11648,0.9872426465788677
discogs_99361,mbrainz_18544,0.9516568423426751
discogs_124245,mbrainz_429,0.826023204756136
discogs_53212,mbrainz_5717,0.9213477064855752
discogs_195613,mbrainz_33433,0.9909395078954718
discogs_154844,mbrainz_14364,0.9485311184250013
discogs_163812,mbrainz_2365,0.9896089710926431
discogs_26762,mbrainz_1697,0.9066468375128988
discogs_29477,mbrainz_6703,0.9749117147894132
discogs_2551,mbrainz_588,0.9833370140779393
discogs_56792,mbrainz_12375,0.9955866970298675
discogs_19258,mbrainz_1918,0.9704535709432853
discogs_7130,mbrainz_1472,0.988604196337784
discogs_3035,mbrainz_662,0.9926629369813644
discogs_172880,mbrainz_13911,0.971491774074988
discogs_25660,mbrainz_5880,0.9867170963651435
discogs_6766,mbrainz_1408,0.9405034302227061
discogs_4730,mbrainz_998,0.972767596007569
discogs_5841,mbrainz_1238,0.9900777336627261
discogs_37316,mbrainz_8289,0.9882942451955627
discogs_110190,mbrainz_8791,0.9673101217257838
discogs_39513,mbrainz_8791,0.987167395018232
discogs_9383,mbrainz_2101,0.982781073312942
discogs_39084,mbrainz_8708,0.9345453325608203
discogs_183013,mbrainz_1653,0.9384703798881192
discogs_32243,mbrainz_7209,0.98637758399459
discogs_136064,mbrainz_23664,0.9934071015169409
discogs_7947,mbrainz_1656,0.6567855180285117
discogs_24592,mbrainz_5645,0.9844865238778605
discogs_69544,mbrainz_13604,0.9651242236807756
discogs_7938,mbrainz_1653,0.9788575265182438
discogs_104481,mbrainz_8643,0.9962214400758893
discogs_33461,mbrainz_7462,0.980642622340672
discogs_10728,mbrainz_2453,0.9870878633908152
discogs_109047,mbrainz_19701,0.9944970100625529
discogs_8833,mbrainz_1946,0.9732492057575162
discogs_34606,mbrainz_7703,0.9773387912989632
discogs_28502,mbrainz_6492,0.985922084497265
discogs_71190,mbrainz_15080,0.9930004438141826
discogs_30919,mbrainz_6924,0.9770545212506757
discogs_13725,mbrainz_3165,0.8324053202084737
discogs_59261,mbrainz_12894,0.991972623708397
discogs_147075,mbrainz_6258,0.512772970009373
discogs_48848,mbrainz_5969,0.9850084456652135
discogs_10748,mbrainz_2458,0.9875857847792008
discogs_37375,mbrainz_8305,0.9855141917656264
discogs_67518,mbrainz_14428,0.32037254928596715
discogs_168351,mbrainz_28953,0.9697678729249074
discogs_11,mbrainz_6,0.9907448942725398
discogs_14247,mbrainz_3151,0.9818600849606939
discogs_52743,mbrainz_11556,0.9547061073889849
discogs_19027,mbrainz_4460,0.9890202193768813
discogs_61575,mbrainz_14884,0.9676284369016612
discogs_3223,mbrainz_704,0.975875639103698
discogs_72441,mbrainz_2383,0.9593634276082043
discogs_104712,mbrainz_2383,0.5192099174295677
discogs_73847,mbrainz_14400,0.9838543400021611
discogs_716,mbrainz_9696,0.9579796267729803
discogs_79720,mbrainz_16161,0.9146578314906902
discogs_60157,mbrainz_13066,0.9952519529928865
discogs_13451,mbrainz_3092,0.9822300211320826
discogs_12467,mbrainz_2867,0.9853335236678948
discogs_14146,mbrainz_3265,0.9894479618931228
discogs_4676,mbrainz_180,0.7749765050844598
discogs_468,mbrainz_172,0.9658811895535201
discogs_61062,mbrainz_13257,0.9749861058328431
discogs_93934,mbrainz_12359,0.8503788658894139
discogs_102711,mbrainz_2549,0.9843502934227107
discogs_88523,mbrainz_4531,0.985998935861961
discogs_20329,mbrainz_4749,0.9844857980453201
discogs_2064,mbrainz_502,0.984651451422593
discogs_13479,mbrainz_3100,0.9901789549149942
discogs_24065,mbrainz_2439,0.9926378280286066
discogs_105792,mbrainz_1799,0.593504906801066
discogs_10662,mbrainz_2439,0.9926378280286066
discogs_52083,mbrainz_1799,0.9054176131180106
discogs_4503,mbrainz_961,0.975996589666063
discogs_37525,mbrainz_8334,0.9721700066084811
discogs_46936,mbrainz_1767,0.9171387955463064
discogs_34731,mbrainz_7736,0.9841357559735536
discogs_155311,mbrainz_1767,0.964277433465194
discogs_40782,mbrainz_1767,0.9708069481834276
discogs_20607,mbrainz_4804,0.9885431797017631
discogs_138074,mbrainz_22462,0.908811117347774
discogs_7110,mbrainz_1469,0.9939540317998897
discogs_113196,mbrainz_20179,0.9814577951564368
discogs_67708,mbrainz_14884,0.9339591852667084
discogs_733,mbrainz_247,0.9963927006142119
discogs_51257,mbrainz_11234,0.9901952120008752
discogs_66016,mbrainz_14152,0.9828083765573332
discogs_41895,mbrainz_9340,0.9894964891798583
discogs_35648,mbrainz_7957,0.9361143660944129
discogs_6584,mbrainz_1283,0.9844877146977778
discogs_26136,mbrainz_5994,0.9903336735597752
discogs_99704,mbrainz_7957,0.43472807698125976
discogs_116579,mbrainz_5994,0.8447856912787387
discogs_126743,mbrainz_22031,0.9928525152296843
discogs_50602,mbrainz_2119,0.8971779539808911
discogs_273,mbrainz_129,0.9628576374913934
discogs_33498,mbrainz_7470,0.9879197215207427
discogs_169761,mbrainz_29232,0.9965818739210714
discogs_86363,mbrainz_17029,0.9666773388692127
discogs_130646,mbrainz_17029,0.8873125319717043
discogs_50394,mbrainz_8082,0.9856306038471532
discogs_141389,mbrainz_24538,0.9395893671976961
discogs_129831,mbrainz_15080,0.9099688230026666
discogs_30888,mbrainz_2119,0.985912920360799
discogs_35811,mbrainz_7986,0.9810862342492979
discogs_22711,mbrainz_3030,0.9680805796724151
discogs_68779,mbrainz_14656,0.9295800544629959
discogs_74784,mbrainz_17412,0.9560726190437395
discogs_123316,mbrainz_4495,0.8847615605411785
discogs_19176,mbrainz_4495,0.9843558603326918
discogs_47891,mbrainz_10569,0.9825637361298811
discogs_24127,mbrainz_4495,0.916462459360017
discogs_14160,mbrainz_3271,0.9848192567641939
discogs_8480,mbrainz_1841,0.9796171492368181
discogs_172230,mbrainz_12359,0.7614971781755274
discogs_17553,mbrainz_4104,0.9903137564527175
discogs_49347,mbrainz_6884,0.5079545371149013
discogs_146795,mbrainz_25432,0.9884403712588391
discogs_65,mbrainz_26,0.987937208754724
discogs_120005,mbrainz_6892,0.8781529433459976
discogs_94054,mbrainz_6892,0.9792125410008667
discogs_16286,mbrainz_3804,0.937964625600941
discogs_80426,mbrainz_5516,0.9354867955477462
discogs_27684,mbrainz_6315,0.9932793855350245
discogs_62039,mbrainz_13443,0.9852564210389333
discogs_115256,mbrainz_4569,0.993345214805842
discogs_180856,mbrainz_3092,0.9181104196020309
discogs_76960,mbrainz_15910,0.9618131808259031
discogs_27498,mbrainz_5994,0.6735481805299699
discogs_42413,mbrainz_9448,0.493011797003026
discogs_1143,mbrainz_348,0.9758582922355471
discogs_153301,mbrainz_26570,0.9802369011639719
discogs_11120,mbrainz_2549,0.9829533867359729
discogs_45332,mbrainz_10077,0.9569425084960339
discogs_45096,mbrainz_10025,0.9938505457392345
discogs_122205,mbrainz_2549,0.8452976558143958
discogs_722,mbrainz_243,0.9433902102769407
discogs_29,mbrainz_13,0.9915362980270558
discogs_101710,mbrainz_18682,0.9878405374574004
discogs_53389,mbrainz_11696,0.9937949485327428
discogs_59347,mbrainz_12916,0.9831046570714537
discogs_51763,mbrainz_11345,0.9641592983953888
discogs_47438,mbrainz_2532,0.9817605105282569
discogs_1635,mbrainz_435,0.9820693377145288
discogs_9055,mbrainz_1323,0.9860341734683155
discogs_44313,mbrainz_9848,0.9955822562018741
discogs_44127,mbrainz_9817,0.9839011441052962
discogs_67260,mbrainz_14364,0.9885422656847178
discogs_17464,mbrainz_4081,0.9823979607188678
discogs_93565,mbrainz_17839,0.9952316465212818
discogs_19330,mbrainz_4531,0.9823164573800831
discogs_7480,mbrainz_1532,0.9963422595081257
discogs_103756,mbrainz_19097,0.99329351110934
discogs_104191,mbrainz_19097,0.9931850715047644
discogs_51958,mbrainz_11389,0.9868017781410665
discogs_12479,mbrainz_2383,0.9440338261667819
discogs_17316,mbrainz_4046,0.9870456489837054
discogs_97454,mbrainz_18315,0.963595828534374
discogs_80092,mbrainz_22356,0.985727172647719
discogs_129285,mbrainz_22568,0.9866766102261416
discogs_11858,mbrainz_2718,0.9762134380051775
discogs_30089,mbrainz_6828,0.9900552829766696
discogs_91794,mbrainz_17692,0.9869737752747035
discogs_8629,mbrainz_1885,0.9805502156468945
discogs_181281,mbrainz_31032,0.7430374952673526
discogs_20646,mbrainz_4812,0.9334157814517828
discogs_28487,mbrainz_6491,0.9928497825961922
discogs_9141,mbrainz_196,0.948169650834026
discogs_55502,mbrainz_12098,0.9934101859230017
discogs_40400,mbrainz_8994,0.9828338071177735
discogs_126696,mbrainz_2005,0.8163828672536819
discogs_21977,mbrainz_196,0.9852001653037633
discogs_41979,mbrainz_9360,0.9903087020315692
discogs_19227,mbrainz_4506,0.9803002026362357
discogs_151009,mbrainz_5516,0.7077450385227448
discogs_113102,mbrainz_2393,0.8832231276908666
discogs_56869,mbrainz_2621,0.9824868587825106
discogs_8256,mbrainz_1768,0.9087556095380882
discogs_9587,mbrainz_3635,0.9072192202565802
discogs_180004,mbrainz_5516,0.5692057779923962
discogs_5244,mbrainz_1113,0.9892617740953655
discogs_41750,mbrainz_9299,0.9907060753144769
discogs_15495,mbrainz_3610,0.977587369110836
discogs_9463,mbrainz_2127,0.9874306242171996
discogs_63436,mbrainz_13697,0.9948722803303229
discogs_86999,mbrainz_17127,0.96969899949924
discogs_86123,mbrainz_16855,0.9925809911659518
discogs_66707,mbrainz_14409,0.9508794612639744
discogs_46923,mbrainz_2005,0.9775667657986563
discogs_145397,mbrainz_2005,0.7638603633051321
discogs_96,mbrainz_37,0.9887216979348796
discogs_1670,mbrainz_442,0.9954142330495919
discogs_12162,mbrainz_2789,0.9885581387927854
discogs_93655,mbrainz_17850,0.93755271981614
discogs_13591,mbrainz_2160,0.8653795680970845
discogs_81571,mbrainz_2160,0.8926033741297462
discogs_71900,mbrainz_15209,0.9245583851858685
discogs_158227,mbrainz_3271,0.5828322296509221
discogs_36281,mbrainz_1432,0.7956661549727988
discogs_14153,mbrainz_3269,0.9829558100157582
discogs_57138,mbrainz_12446,0.9765009126680047
discogs_641,mbrainz_11488,0.9811773793559041
discogs_2421,mbrainz_573,0.985089869838723
discogs_8012,mbrainz_1676,0.9878586161960236
discogs_24395,mbrainz_1653,0.9301847373494508
discogs_39989,mbrainz_8914,0.9900155742603223
discogs_138933,mbrainz_18861,0.9590761044655031
discogs_13006,mbrainz_3001,0.9911159863261171
discogs_107434,mbrainz_2754,0.9692467376992915
discogs_144293,mbrainz_9239,0.741295138141386
discogs_31082,mbrainz_6618,0.9240991789841921
discogs_40562,mbrainz_9028,0.9565235103911025
discogs_21242,mbrainz_4027,0.9783284498987863
discogs_111787,mbrainz_19967,0.9914889640301394
discogs_42939,mbrainz_9549,0.8744946016019852
discogs_158524,mbrainz_27423,0.795443976994914
discogs_53200,mbrainz_1408,0.8290000736837737
discogs_30538,mbrainz_3245,0.9799570752070234
discogs_22772,mbrainz_5285,0.9788020074810335
discogs_28351,mbrainz_6459,0.9821728770129006
discogs_144679,mbrainz_7716,0.8666663120364515
discogs_14081,mbrainz_3245,0.9799570752070234
discogs_44830,mbrainz_10535,0.965685443161973
discogs_5043,mbrainz_1058,0.994530375937046
discogs_12299,mbrainz_2827,0.9864180022098
discogs_131346,mbrainz_22905,0.9887574419290847
discogs_61410,mbrainz_13323,0.9944425844990397
discogs_84,mbrainz_33,0.9691213054855222
discogs_36802,mbrainz_8177,0.9830777822855259
discogs_2712,mbrainz_610,0.9902151463459447
discogs_2720,mbrainz_612,0.9850994855612453
discogs_1466,mbrainz_407,0.9376741693042884
discogs_46498,mbrainz_10294,0.9971169783787269
discogs_66147,mbrainz_14174,0.9840592546644481
discogs_108,mbrainz_44,0.9839637067660959
discogs_6561,mbrainz_1366,0.984954669679553
discogs_337,mbrainz_153,0.9899665386418172
discogs_7652,mbrainz_1563,0.9689196120491115
discogs_24414,mbrainz_5616,0.9786364474198795
discogs_133322,mbrainz_5616,0.9384493717004823
discogs_155966,mbrainz_5616,0.9568392844096447
discogs_672,mbrainz_222,0.9876666071136558
discogs_30423,mbrainz_1129,0.9727154901585041
discogs_67463,mbrainz_14413,0.9316527776925658
discogs_905,mbrainz_301,0.994583852270854
discogs_239,mbrainz_108,0.9828928864608073
discogs_2600,mbrainz_593,0.9925662827964372
discogs_59844,mbrainz_6746,0.9954685241761304
discogs_4074,mbrainz_719,0.9234467402896669
discogs_123627,mbrainz_2158,0.9926189391089333
discogs_375,mbrainz_159,0.9946602873183709
discogs_174884,mbrainz_30023,0.9479656294994797
discogs_49473,mbrainz_2393,0.9708541647653385
discogs_408,mbrainz_145,0.9528122070468896
discogs_113189,mbrainz_20178,0.9507339477716837
discogs_73672,mbrainz_8542,0.4845319678882881
discogs_42411,mbrainz_9447,0.9792855980162619
discogs_9576,mbrainz_2158,0.9946376173824915
discogs_12432,mbrainz_2857,0.9917290323050918
discogs_1135,mbrainz_344,0.9809436680947454
discogs_159888,mbrainz_6502,0.8023357997309087
discogs_6399,mbrainz_595,0.9495172058553666
discogs_7556,mbrainz_1542,0.9674532568611156
discogs_28536,mbrainz_6502,0.9921534511155793
discogs_133176,mbrainz_24467,0.4598421374363301
discogs_35862,mbrainz_7995,0.9859582697308612
discogs_42487,mbrainz_11491,0.9339550260282546
discogs_38211,mbrainz_8495,0.9752582106668798
discogs_57394,mbrainz_12505,0.9892740958049231
discogs_58161,mbrainz_8495,0.983030049758738
discogs_55624,mbrainz_4245,0.9297463895331857
discogs_12612,mbrainz_2707,0.9889343752333803
discogs_28920,mbrainz_6579,0.9679888730057845
discogs_73879,mbrainz_15584,0.9946967050594406
discogs_13050,mbrainz_3010,0.9932526070361339
discogs_136555,mbrainz_23749,0.8031322072584649
discogs_114969,mbrainz_3010,0.988141253538826
discogs_40815,mbrainz_9083,0.9937399658950937
discogs_109,mbrainz_45,0.9811107565007146
discogs_22859,mbrainz_5301,0.9861318831753862
discogs_65185,mbrainz_14020,0.9697641024887732
discogs_16739,mbrainz_3924,0.9889686754350253
discogs_66005,mbrainz_14150,0.9700883993113553
discogs_146,mbrainz_66,0.981468518684969
discogs_58051,mbrainz_12631,0.9855587073325641
discogs_30890,mbrainz_6966,0.37708986999535465
discogs_111596,mbrainz_908,0.9425932809714846
discogs_20405,mbrainz_908,0.9613352938260568
discogs_60506,mbrainz_13138,0.9759367290776598
discogs_1150,mbrainz_350,0.9799537211300255
discogs_12243,mbrainz_2807,0.9902276797701208
discogs_1235,mbrainz_262,0.9911249163399398
discogs_127350,mbrainz_22272,0.971740822956979
discogs_904,mbrainz_300,0.986980180631418
discogs_40133,mbrainz_8941,0.9841627059101665
discogs_311,mbrainz_140,0.9889730545001592
discogs_11750,mbrainz_2695,0.973458197420913
discogs_17008,mbrainz_3980,0.9851305936248644
discogs_41520,mbrainz_9243,0.9867800454123479
discogs_13639,mbrainz_3140,0.8445437302214033
discogs_6040,mbrainz_1271,0.9870032983797444
discogs_38019,mbrainz_8451,0.9945556812718989
discogs_15662,mbrainz_3652,0.9956770215265899
discogs_150354,mbrainz_5800,0.858550021123668
discogs_15189,mbrainz_2639,0.981105106050134
discogs_9792,mbrainz_1062,0.9765657195969663
discogs_181092,mbrainz_30997,0.9841456859232566
discogs_4380,mbrainz_934,0.9222584763679792
discogs_150615,mbrainz_26099,0.9577862767737666
discogs_10674,mbrainz_2372,0.9818973379512573
discogs_30446,mbrainz_6891,0.9341757339663223
discogs_62678,mbrainz_13557,0.9908357233634361
discogs_26839,mbrainz_6145,0.9754860628763768
discogs_43818,mbrainz_1153,0.9498014079993886
discogs_82578,mbrainz_16509,0.5993904018264972
discogs_96024,mbrainz_18330,0.9380275520746596
discogs_125251,mbrainz_21957,0.3231152487848788
discogs_94314,mbrainz_17930,0.9258242858071275
discogs_50910,mbrainz_11156,0.9683638425466553
discogs_50376,mbrainz_11044,0.9866131906219119
discogs_5473,mbrainz_1163,0.9839666074439678
discogs_91030,mbrainz_17594,0.9810376363337929
discogs_12188,mbrainz_2796,0.9930054448068122
discogs_68271,mbrainz_14563,0.7303520524988318
discogs_1183,mbrainz_359,0.9329136056317188
discogs_12475,mbrainz_2871,0.9724179391839032
discogs_167512,mbrainz_2871,0.9724179391839032
discogs_61793,mbrainz_13390,0.43777150549818383
discogs_71475,mbrainz_15132,0.9918347655591173
discogs_76217,mbrainz_15808,0.9897912046351014
discogs_17299,mbrainz_4040,0.9874493046731946
discogs_3058,mbrainz_667,0.9656613747906669
discogs_18229,mbrainz_4265,0.9870841897049911
discogs_34968,mbrainz_5829,0.969776100151946
discogs_3812,mbrainz_830,0.9959415254829109
discogs_56911,mbrainz_12395,0.9946381563689835
discogs_12858,mbrainz_2974,0.7839530394613151
discogs_49032,mbrainz_10778,0.9932242721706641
discogs_54220,mbrainz_11308,0.9746519911615084
discogs_51575,mbrainz_11308,0.9746519911615084
discogs_54696,mbrainz_10778,0.9932242721706641
discogs_49727,mbrainz_10909,0.9875417174750563
discogs_101323,mbrainz_5829,0.8802518811661375
discogs_2171,mbrainz_528,0.9614142611963157
discogs_21903,mbrainz_5097,0.9759271816547732
discogs_12396,mbrainz_13202,0.9956250648270843
discogs_61074,mbrainz_13202,0.9956250648270843
discogs_20715,mbrainz_4826,0.9908125375078614
discogs_94317,mbrainz_17101,0.970940023830781
discogs_14060,mbrainz_1129,0.9766005487106881
discogs_19005,mbrainz_2673,0.9703585446646121
discogs_51762,mbrainz_11344,0.9945080478011536
discogs_46189,mbrainz_10222,0.9508739902043853
discogs_44895,mbrainz_9980,0.9903490269091424
discogs_262,mbrainz_5470,0.9597546251310664
discogs_117316,mbrainz_1713,0.9267223045608814
discogs_23384,mbrainz_5404,0.9077548040435444
discogs_40631,mbrainz_9043,0.9826560674816682
discogs_4676,mbrainz_179,0.33870745218932036
discogs_61972,mbrainz_13425,0.852773858332992
discogs_245,mbrainz_113,0.9942333143938155
discogs_44494,mbrainz_9881,0.9140608510262626
discogs_125275,mbrainz_21962,0.9817763585731635
discogs_43395,mbrainz_9652,0.9945282042317305
discogs_159719,mbrainz_17609,0.9648621978296782
discogs_164286,mbrainz_2185,0.46437487861812743
discogs_3063,mbrainz_669,0.9872924602473425
discogs_107189,mbrainz_2185,0.46437487861812743
discogs_99697,mbrainz_2185,0.46437487861812743
discogs_42342,mbrainz_2185,0.832209972963847
discogs_170504,mbrainz_2185,0.46437487861812743
discogs_52713,mbrainz_9230,0.9830196924567011
discogs_18462,mbrainz_1600,0.9859781682365909
discogs_727,mbrainz_244,0.9872472004607221
discogs_144828,mbrainz_2408,0.5442302698333801
discogs_6158,mbrainz_1296,0.992872650155495
discogs_10546,mbrainz_2408,0.9211778797022528
discogs_52197,mbrainz_4061,0.9892791761909188
discogs_48579,mbrainz_2393,0.9931084382471657
discogs_26867,mbrainz_6151,0.7699808190115558
discogs_7627,mbrainz_3841,0.9377415586640698
discogs_22640,mbrainz_5259,0.9251709094171461
discogs_9423,mbrainz_2114,0.9930445676371503
discogs_7242,mbrainz_1495,0.9762758743543996
discogs_35962,mbrainz_1495,0.9270611622295134
discogs_101939,mbrainz_10963,0.9544071966623846
discogs_10272,mbrainz_2332,0.9915465906915774
discogs_25892,mbrainz_5936,0.9868876369545301
discogs_45911,mbrainz_7965,0.9743764653173737
discogs_8727,mbrainz_1916,0.9853734326182922
discogs_3057,mbrainz_666,0.9869653960371059
discogs_166352,mbrainz_28626,0.9809966096819582
discogs_53325,mbrainz_33164,0.9591688898542409
discogs_17869,mbrainz_4170,0.9837796888020389
discogs_8336,mbrainz_1792,0.9826150977164008
discogs_23845,mbrainz_1713,0.9933035328873336
discogs_19634,mbrainz_4608,0.9851323454811043
discogs_63131,mbrainz_4170,0.9700691230878851
discogs_647,mbrainz_355,0.38493324445534444
discogs_12249,mbrainz_2809,0.9916326862327707
discogs_129436,mbrainz_22966,0.9910993621472759
discogs_11054,mbrainz_108,0.6569203372485577
discogs_130395,mbrainz_22781,0.9901453581980831
discogs_3927,mbrainz_849,0.9657369175183026
discogs_21358,mbrainz_4979,0.8257709109515695
discogs_108535,mbrainz_19630,0.9893281542432122
discogs_25988,mbrainz_5957,0.9178359395041649
discogs_1742,mbrainz_455,0.9841328854036836
discogs_33118,mbrainz_7379,0.9896584200185782
discogs_62181,mbrainz_13474,0.9874424729321606
discogs_126559,mbrainz_31440,0.9923030869684214
discogs_148750,mbrainz_25400,0.7925640799687232
discogs_126683,mbrainz_31440,0.9923030869684214
discogs_55,mbrainz_22,0.9116803691218391
discogs_5422,mbrainz_1150,0.7502133980505035
discogs_6033,mbrainz_1270,0.8042203924057318
discogs_30709,mbrainz_6933,0.9634998161880747
discogs_11004,mbrainz_2518,0.9848151394143466
discogs_132241,mbrainz_22904,0.9248305001539161
discogs_24393,mbrainz_5609,0.9865932825900402
discogs_155234,mbrainz_5609,0.7234331682518602
discogs_114782,mbrainz_20434,0.9897681456674092
discogs_103759,mbrainz_18861,0.9961148879308767
discogs_184979,mbrainz_31666,0.9255859852466357
discogs_111970,mbrainz_19993,0.9890931479042789
discogs_65548,mbrainz_14076,0.9882980901904241
discogs_113846,mbrainz_1739,0.9909978797763503
discogs_160308,mbrainz_1739,0.7613497028530717
discogs_177088,mbrainz_7650,0.9734799642993937
discogs_33186,mbrainz_7395,0.9941502564670869
discogs_118592,mbrainz_1739,0.7898441002045177
discogs_59449,mbrainz_12932,0.9766707994534815
discogs_734,mbrainz_248,0.9166137870723919
discogs_49392,mbrainz_32686,0.3856621455897477
discogs_35408,mbrainz_7519,0.9908895995458886
discogs_99813,mbrainz_1739,0.7153162091197023
discogs_22292,mbrainz_5175,0.9951472794959071
discogs_153366,mbrainz_3092,0.8554235216398918
discogs_235,mbrainz_104,0.9809436680947454
discogs_164686,mbrainz_28364,0.9855575106436998
discogs_63048,mbrainz_13618,0.962115060639156
discogs_23576,mbrainz_427,0.9899054205939488
discogs_183590,mbrainz_31436,0.9670521317683373
discogs_123430,mbrainz_21712,0.986811877127761
discogs_48220,mbrainz_10628,0.9897747490120202
discogs_52826,mbrainz_11572,0.9876490949135243
discogs_21136,mbrainz_4919,0.9960622724216434
discogs_42434,mbrainz_9451,0.9893112902055703
discogs_192,mbrainz_83,0.921540542334308
discogs_14147,mbrainz_1426,0.9757132839208313
discogs_43102,mbrainz_237,0.8590626307655684
discogs_106477,mbrainz_19369,0.8965031191032802
discogs_50616,mbrainz_2233,0.9856765690376369
discogs_33178,mbrainz_7393,0.9766454629079305
discogs_111460,mbrainz_19919,0.910333524941131
discogs_141431,mbrainz_24546,0.9816452121837818
discogs_87405,mbrainz_17179,0.9888978793804342
discogs_165652,mbrainz_24546,0.9765470551279906
discogs_48428,mbrainz_10658,0.9957238974954439
discogs_68724,mbrainz_14648,0.9926208690636892
discogs_86774,mbrainz_17086,0.8420782309527627
discogs_155310,mbrainz_24546,0.9827051269676309
discogs_143240,mbrainz_24546,0.9827051269676309
discogs_12233,mbrainz_2035,0.9778481389456171
discogs_86289,mbrainz_17012,0.9906514347261377
discogs_67621,mbrainz_24365,0.9786202602597298
discogs_36887,mbrainz_1739,0.6954833833796884
discogs_106146,mbrainz_23870,0.6965322055025005
discogs_4028,mbrainz_865,0.9890899718107063
discogs_121088,mbrainz_7040,0.7304273752694552
discogs_13321,mbrainz_24101,0.3678722112944937
discogs_18263,mbrainz_3563,0.9887129262432824
discogs_15506,mbrainz_3614,0.9914433072030515
discogs_4049,mbrainz_870,0.9908540171206136
discogs_22786,mbrainz_5290,0.9712546207495398
discogs_22538,mbrainz_5233,0.9915853116399855
discogs_45097,mbrainz_5943,0.7993320444544801
discogs_52559,mbrainz_11521,0.9952963174376982
discogs_28641,mbrainz_5943,0.9751151864188153
discogs_20465,mbrainz_4779,0.9921352575925461
discogs_14128,mbrainz_3258,0.9833370140779393
discogs_168759,mbrainz_29030,0.9206411431473093
discogs_38034,mbrainz_5312,0.9858311493765551
discogs_2907,mbrainz_641,0.9609443312087849
discogs_5743,mbrainz_1215,0.9912949998985346
discogs_120008,mbrainz_15301,0.8546563384052145
discogs_148267,mbrainz_25550,0.9671553741973615
discogs_9350,mbrainz_2091,0.9826902909925292
discogs_25523,mbrainz_5846,0.9953427230124332
discogs_89622,mbrainz_28045,0.9893264771849932
discogs_62127,mbrainz_13464,0.9918280338577187
discogs_11936,mbrainz_873,0.9447776456448871
discogs_183539,mbrainz_17179,0.7569129280501403
discogs_4073,mbrainz_873,0.9707059181047852
discogs_187181,mbrainz_873,0.7562170692945833
discogs_64985,mbrainz_11424,0.9958064164719302
discogs_3966,mbrainz_858,0.6265813831935059
discogs_99936,mbrainz_18615,0.9862029111704415
discogs_26288,mbrainz_2675,0.9866068730546561
discogs_88266,mbrainz_2667,0.9957288469948676
discogs_13209,mbrainz_2040,0.9639936184423523
discogs_27441,mbrainz_6246,0.9942201879949251
discogs_130922,mbrainz_22847,0.9951725816017347
discogs_576,mbrainz_196,0.6783078269374276
discogs_78684,mbrainz_16057,0.9820034039855075
discogs_87679,mbrainz_5725,0.9842188661332449
discogs_24945,mbrainz_5725,0.9842188661332449
discogs_61516,mbrainz_13341,0.9920714204794492
discogs_31270,mbrainz_7047,0.9691453937436402
discogs_130070,mbrainz_9406,0.8915776036058305
discogs_46646,mbrainz_10321,0.9145729782208436
discogs_52805,mbrainz_11568,0.9883909753107879
discogs_33517,mbrainz_7475,0.9969136037510357
discogs_58061,mbrainz_12633,0.9098362193210814
discogs_157409,mbrainz_22,0.9572157210448305
discogs_46683,mbrainz_10331,0.9935989374281675
discogs_167688,mbrainz_7475,0.9953780198372099
discogs_26153,mbrainz_5998,0.9895768891302233
discogs_6414,mbrainz_1337,0.9855115669460658
discogs_1992,mbrainz_495,0.9857741991372365
discogs_638,mbrainz_208,0.9389294109356074
discogs_1765,mbrainz_378,0.7724629452861056
discogs_141883,mbrainz_873,0.9114101835564833
discogs_134716,mbrainz_23433,0.9854445892074545
discogs_33525,mbrainz_7479,0.992279580827829
discogs_1096,mbrainz_337,0.9843790381745934
discogs_44616,mbrainz_337,0.9843790381745934
discogs_94405,mbrainz_17930,0.7881295300206121
discogs_43674,mbrainz_9705,0.9699880324466641
discogs_11274,mbrainz_1523,0.9926259926586483
discogs_18765,mbrainz_4392,0.981679590658857
discogs_37420,mbrainz_8315,0.9882756988297959
discogs_67,mbrainz_27,0.9751663696351135
discogs_31569,mbrainz_7097,0.9952649809001638
discogs_18461,mbrainz_4317,0.9919330913693556
discogs_9404,mbrainz_2110,0.699253393510428
discogs_42713,mbrainz_9508,0.9249750525562375
discogs_71203,mbrainz_442,0.988792326369666
discogs_20019,mbrainz_4683,0.9856119715886764
discogs_713,mbrainz_201,0.9898088134141501
discogs_114954,mbrainz_16550,0.6433099544699252
discogs_83717,mbrainz_16689,0.9858092342528861
discogs_3681,mbrainz_795,0.980177796611619
discogs_180,mbrainz_79,0.9909482179108601
discogs_22610,mbrainz_16550,0.6118732058703242
discogs_84933,mbrainz_7095,0.9811410351977391
discogs_17556,mbrainz_4105,0.9838543400021611
discogs_62881,mbrainz_4921,0.9940200711851005
discogs_128699,mbrainz_22480,0.9835781259200984
discogs_87228,mbrainz_17160,0.9926948324841499
discogs_96551,mbrainz_18206,0.9808401470390923
discogs_103256,mbrainz_19025,0.9909791535087565
discogs_123686,mbrainz_21750,0.9968739025312848
discogs_29377,mbrainz_6678,0.9726217291794679
discogs_114392,mbrainz_20366,0.9398341266501655
discogs_167341,mbrainz_28768,0.9409513994110007
discogs_740,mbrainz_30835,0.9855827417621057
discogs_35974,mbrainz_8020,0.9339704144881057
discogs_181892,mbrainz_31125,0.9744923530374865
discogs_45502,mbrainz_10099,0.9874493046731946
discogs_112354,mbrainz_20052,0.9898613267148079
discogs_37934,mbrainz_8427,0.9820725748067104
discogs_28288,mbrainz_6437,0.9901290702708209
discogs_57572,mbrainz_516,0.9543468063671197
discogs_18489,mbrainz_4330,0.9870553727342484
discogs_18500,mbrainz_516,0.9626211189703239
discogs_61,mbrainz_25,0.9885431797017631
discogs_11655,mbrainz_2668,0.8502875450284694
discogs_82085,mbrainz_237,0.9225782952361038
discogs_108821,mbrainz_14856,0.9888567029518195
discogs_22717,mbrainz_5280,0.9799117216010287
discogs_69895,mbrainz_14856,0.9888567029518195
discogs_26866,mbrainz_6150,0.9827714617274973
discogs_59339,mbrainz_12913,0.9534028621883387
discogs_19670,mbrainz_4615,0.9779502912951348
discogs_88634,mbrainz_17355,0.9860241259489539
discogs_60210,mbrainz_3748,0.9856505153521451
discogs_13098,mbrainz_3021,0.9787761739682702
discogs_142411,mbrainz_1739,0.6349169102939827
discogs_37589,mbrainz_8350,0.9912640990369708
discogs_28266,mbrainz_6432,0.9669044737923678
discogs_32148,mbrainz_7191,0.9940255988159181
discogs_58563,mbrainz_12746,0.9916561174993607
discogs_52387,mbrainz_11487,0.9922387076242748
discogs_32000,mbrainz_7166,0.8121928827318496
discogs_77277,mbrainz_634,0.7015647052516697
discogs_731,mbrainz_246,0.9945222110723926
discogs_62046,mbrainz_7383,0.9802362412514781
discogs_95255,mbrainz_18055,0.9874306242171996
discogs_66638,mbrainz_14271,0.9939389419059724
discogs_67932,mbrainz_14511,0.9936693310257293
discogs_49952,mbrainz_10956,0.9321238657600572
discogs_59594,mbrainz_12956,0.9797138062939151
discogs_31354,mbrainz_7067,0.7494870981583515
discogs_7803,mbrainz_1589,0.9905973002696614
discogs_75343,mbrainz_15704,0.9877007678782175
discogs_109190,mbrainz_23646,0.9916620722541526
discogs_11928,mbrainz_2738,0.9383532223649856
discogs_94874,mbrainz_17890,0.9957023120169821
discogs_55332,mbrainz_12065,0.9689443489712717
discogs_31882,mbrainz_7146,0.9902583584415688
discogs_81161,mbrainz_17572,0.9700799517573773
discogs_125917,mbrainz_22047,0.9936373240026561
discogs_68345,mbrainz_14576,0.9786817816043782
discogs_83079,mbrainz_16589,0.9816118428875852
discogs_149592,mbrainz_25927,0.996282690041488
discogs_41199,mbrainz_2140,0.7723824331186507
discogs_74922,mbrainz_27498,0.9922246629924081
discogs_12813,mbrainz_2961,0.9864669020555139
discogs_149578,mbrainz_25921,0.9814247081215433
discogs_140,mbrainz_64,0.983325806461043
discogs_60758,mbrainz_13194,0.8997715696220433
discogs_110803,mbrainz_19831,0.990003949696387
discogs_79751,mbrainz_16164,0.8365759030269524
discogs_80608,mbrainz_16268,0.9890656022518867
discogs_19104,mbrainz_4480,0.9943572435900964
discogs_10086,mbrainz_2296,0.9849388158541929
discogs_43583,mbrainz_9690,0.9880048881500548
discogs_37928,mbrainz_8426,0.9941366493221123
discogs_52624,mbrainz_11537,0.9591431277084793
discogs_42605,mbrainz_9489,0.9954032782580768
discogs_14263,mbrainz_3301,0.9803696271354124
discogs_15274,mbrainz_3550,0.9886381560160619
discogs_17266,mbrainz_13270,0.8851184565870123
discogs_5160,mbrainz_1092,0.9140322563190643
discogs_65898,mbrainz_14136,0.9737392468100841
discogs_128111,mbrainz_14136,0.9562103473139952
discogs_37382,mbrainz_4447,0.9888567809892029
discogs_172189,mbrainz_14136,0.9737392468100841
discogs_11838,mbrainz_2716,0.9783665927856273
discogs_18986,mbrainz_4447,0.9913605654782504
discogs_3645,mbrainz_347,0.9924157187231872
discogs_115138,mbrainz_3917,0.9575610744925487
discogs_46260,mbrainz_10240,0.9781229725572982
discogs_82334,mbrainz_16471,0.9643601895358999
discogs_33411,mbrainz_7447,0.9892440479058833
discogs_256,mbrainz_120,0.6263510039776067
discogs_1401,mbrainz_221,0.9710618855889163
discogs_47281,mbrainz_10465,0.9869827744968077
discogs_142088,mbrainz_11213,0.8578538101956896
discogs_43877,mbrainz_7673,0.9021519263578697
discogs_57838,mbrainz_7673,0.9021519263578697
discogs_52385,mbrainz_2235,0.9557215386275177
discogs_133138,mbrainz_2667,0.8299124409715936
discogs_4114,mbrainz_882,0.9887081765638958
discogs_19472,mbrainz_694,0.9924430456014339
discogs_439,mbrainz_166,0.8453448087842551
discogs_79770,mbrainz_16166,0.9867577621969438
discogs_36162,mbrainz_8055,0.9852675332096098
discogs_61187,mbrainz_8055,0.9934357257487161
discogs_12560,mbrainz_2891,0.9867979437030066
discogs_31421,mbrainz_7080,0.983644809790295
discogs_173214,mbrainz_4999,0.9123567194237788
discogs_8457,mbrainz_1834,0.988492827552165
discogs_107839,mbrainz_1530,0.9899024786207858
discogs_5845,mbrainz_1239,0.9757608216216381
discogs_33925,mbrainz_7568,0.9929273358174365
discogs_39257,mbrainz_1530,0.9899024786207858
discogs_73796,mbrainz_6621,0.9413568718485504
discogs_43712,mbrainz_9716,0.9656977401793423
discogs_54334,mbrainz_3917,0.9619688429792506
discogs_25297,mbrainz_5801,0.9885499398546126
discogs_3949,mbrainz_853,0.9850994855612453
discogs_202,mbrainz_90,0.9897577367131767
discogs_133027,mbrainz_23581,0.9875765893338724
discogs_11660,mbrainz_2670,0.9922297163318473
discogs_69865,mbrainz_943,0.4440476508229466
discogs_74,mbrainz_30,0.9934627307995576
discogs_10981,mbrainz_2514,0.988279566848128
discogs_7329,mbrainz_1511,0.9967111425004618
discogs_8198,mbrainz_1747,0.9912984255391001
discogs_121826,mbrainz_21454,0.9876666071136558
discogs_1471,mbrainz_409,0.9798906884615479
discogs_4162,mbrainz_891,0.9902005417149619
discogs_66948,mbrainz_14322,0.9476388724906939
discogs_75235,mbrainz_15012,0.9894573446536629
discogs_97213,mbrainz_17920,0.9960402221762532
discogs_29993,mbrainz_11203,0.8656930099492707
discogs_77693,mbrainz_61,0.628266503236641
discogs_3840,mbrainz_6864,0.9605711207575331
discogs_20506,mbrainz_17920,0.9960402221762532
discogs_27705,mbrainz_6319,0.974485211895198
discogs_938,mbrainz_306,0.993778149340708
discogs_57648,mbrainz_12553,0.975355970555518
discogs_44959,mbrainz_9996,0.98250258210769
discogs_97882,mbrainz_7673,0.9677168660286336
discogs_121414,mbrainz_21395,0.9905502599515826
discogs_81242,mbrainz_16332,0.9867108757106574
discogs_5523,mbrainz_1167,0.9952309962952052
discogs_38120,mbrainz_8468,0.9591050790976816
discogs_1819,mbrainz_477,0.9812897887151087
discogs_57381,mbrainz_12500,0.9928764080471685
discogs_47247,mbrainz_3628,0.9641365534778935
discogs_4257,mbrainz_912,0.9494372662091725
discogs_10717,mbrainz_2451,0.9478972913148618
discogs_9120,mbrainz_2025,0.9715190993195288
discogs_72203,mbrainz_15274,0.9624202366846033
discogs_19417,mbrainz_4549,0.9869017294215219
discogs_104213,mbrainz_18860,0.9912105572008564
discogs_948,mbrainz_312,0.9905601659961389
discogs_98778,mbrainz_7718,0.8759689972274406
discogs_127805,mbrainz_7718,0.9457091154288856
discogs_34664,mbrainz_7718,0.8999367871279845
discogs_74167,mbrainz_12091,0.9869480918173578
discogs_29466,mbrainz_6700,0.9951734215958737
discogs_33631,mbrainz_7510,0.9931501332112184
discogs_19801,mbrainz_4641,0.9940547837435081
discogs_32003,mbrainz_7167,0.9896139678151386
discogs_663,mbrainz_219,0.9756119287553517
discogs_40185,mbrainz_8950,0.8157245184048769
discogs_2091,mbrainz_509,0.9889172174477043
discogs_40459,mbrainz_9005,0.9908644204339666
discogs_5987,mbrainz_1265,0.9927302471875916
discogs_122864,mbrainz_21605,0.9901202207653341
discogs_9769,mbrainz_913,0.9803058866299955
discogs_131603,mbrainz_22938,0.996102011389172
discogs_50248,mbrainz_11015,0.9584808278979066
discogs_123395,mbrainz_21704,0.9923946976166036
discogs_15638,mbrainz_3644,0.9529286868404336
discogs_25843,mbrainz_17102,0.9712941352326612
discogs_119588,mbrainz_21119,0.9609530855550592
discogs_38471,mbrainz_8566,0.9760672527665208
discogs_56056,mbrainz_12233,0.9778323982354379
discogs_18098,mbrainz_4237,0.9915508493449025
discogs_38462,mbrainz_8562,0.9704217744818384
discogs_5802,mbrainz_237,0.8361104219465059
discogs_31408,mbrainz_7077,0.9841328854036836
discogs_17229,mbrainz_820,0.9880476722116118
discogs_14075,mbrainz_2034,0.44809812410310107
discogs_29752,mbrainz_6760,0.9726186350101508
discogs_18696,mbrainz_4376,0.9374401723763108
discogs_35699,mbrainz_7968,0.7525362217329583
discogs_60082,mbrainz_231,0.9913934020851717
discogs_67321,mbrainz_14341,0.9880025486960919
discogs_1302,mbrainz_385,0.984716815174409
discogs_30957,mbrainz_6976,0.9924983276531459
discogs_6025,mbrainz_1269,0.9312172106446546
discogs_1600,mbrainz_430,0.9874902203567961
discogs_79952,mbrainz_16191,0.9770762648139545
discogs_2874,mbrainz_634,0.83791887706233
discogs_11534,mbrainz_634,0.83791887706233
discogs_183367,mbrainz_32017,0.9565623770802284
discogs_63309,mbrainz_13668,0.9781346018754575
discogs_26172,mbrainz_10107,0.3019575986473967
discogs_125883,mbrainz_21152,0.9884330607526566
discogs_23212,mbrainz_5361,0.9896967432133748
discogs_13444,mbrainz_3089,0.9968579104664652
discogs_14943,mbrainz_3466,0.9349263325346225
discogs_137138,mbrainz_23850,0.9347685700930476
discogs_24658,mbrainz_5662,0.9920555344599492
discogs_14344,mbrainz_3326,0.8962187147560813
discogs_38301,mbrainz_8518,0.7527779354688169
discogs_140388,mbrainz_4225,0.8345349258128951
discogs_7277,mbrainz_706,0.9706554475113103
discogs_94305,mbrainz_17928,0.9482937503227324
discogs_6988,mbrainz_1448,0.9921099401501893
discogs_115674,mbrainz_1448,0.9921099401501893
discogs_101806,mbrainz_1448,0.9962420490663326
discogs_178473,mbrainz_1448,0.9927509615136536
discogs_10155,mbrainz_2306,0.9842719322133897
discogs_17709,mbrainz_4139,0.9116055445749945
discogs_59281,mbrainz_12899,0.9754840350870242
discogs_24280,mbrainz_5584,0.9455326627318873
discogs_34,mbrainz_15,0.9853048183208112
discogs_35120,mbrainz_7832,0.9891919070073892
discogs_115587,mbrainz_20563,0.9908458640757761
discogs_24692,mbrainz_6000,0.3372843430998388
discogs_67084,mbrainz_14341,0.9892440479058833
discogs_8059,mbrainz_1688,0.9855587073325641
discogs_15250,mbrainz_3545,0.9452733390743748
discogs_107501,mbrainz_19488,0.9920223842779531
discogs_20115,mbrainz_4700,0.9883998447016854
discogs_113966,mbrainz_19489,0.9965815360236117
discogs_2506,mbrainz_578,0.9899204605817469
discogs_146453,mbrainz_25375,0.9924234679883386
discogs_52626,mbrainz_1602,0.9952041214074319
discogs_341,mbrainz_154,0.9900777336627261
discogs_145828,mbrainz_25284,0.9943462439923092
discogs_149,mbrainz_68,0.9911559648707421
discogs_58927,mbrainz_1912,0.9148699955992428
discogs_142155,mbrainz_1912,0.729050071461767
discogs_107322,mbrainz_19469,0.9448329310264763
discogs_115793,mbrainz_20598,0.980271094054258
discogs_77677,mbrainz_16097,0.98800855764301
discogs_40107,mbrainz_8936,0.9103265587825498
discogs_27696,mbrainz_6318,0.9865447976452765
discogs_37515,mbrainz_4761,0.9829370937758469
discogs_83,mbrainz_32,0.9855587073325641
discogs_165390,mbrainz_1157,0.8478841033517021
discogs_2876,mbrainz_635,0.9887984697815131
discogs_164916,mbrainz_20479,0.9899354783891844
discogs_105473,mbrainz_19317,0.9866825979723707
discogs_7088,mbrainz_1464,0.9432454495702615
discogs_1683,mbrainz_445,0.9956165046936877
discogs_50588,mbrainz_11095,0.9555195807424496
discogs_6950,mbrainz_1157,0.9906717013885731
discogs_4407,mbrainz_13416,0.6776805966981309
discogs_6178,mbrainz_1300,0.9900907091821797
discogs_1204,mbrainz_364,0.9625214137982034
discogs_132019,mbrainz_1153,0.43966266820002087
discogs_106,mbrainz_43,0.9899561795320287
discogs_12093,mbrainz_2774,0.9018019382097063
discogs_22963,mbrainz_5315,0.8882984802363045
discogs_9591,mbrainz_2162,0.9940039648736102
discogs_56010,mbrainz_12219,0.9897483711584346
discogs_66199,mbrainz_16722,0.9567771099168539
discogs_104360,mbrainz_19167,0.9920175115018621
discogs_6285,mbrainz_1314,0.9811773793559041
discogs_36787,mbrainz_7632,0.9493540225135879
discogs_844,mbrainz_283,0.9943161647784178
discogs_5555,mbrainz_1157,0.9833189749020836
discogs_13472,mbrainz_3098,0.9896294374913559
discogs_246,mbrainz_114,0.9809011954398928
discogs_8394,mbrainz_1813,0.9354168259010748
discogs_143460,mbrainz_1625,0.6301167917751919
discogs_116118,mbrainz_20636,0.9928050468981071
discogs_56238,mbrainz_2754,0.47202203492890593
discogs_186373,mbrainz_2754,0.3781558404515271
discogs_195319,mbrainz_2754,0.3285448928816678
discogs_11441,mbrainz_2620,0.9946490808476064
discogs_23476,mbrainz_5424,0.964233503669498
discogs_130521,mbrainz_22795,0.9916969635953801
discogs_111963,mbrainz_19991,0.992090560386775
discogs_19833,mbrainz_4601,0.9922039454308316
discogs_68290,mbrainz_1903,0.848139223127714
discogs_25008,mbrainz_5739,0.9858501263542754
discogs_136618,mbrainz_32464,0.9884937983732809
discogs_110530,mbrainz_706,0.3938752212494124
discogs_30088,mbrainz_6827,0.9868685870926065
discogs_45604,mbrainz_10121,0.9871336812962189
discogs_17698,mbrainz_4134,0.8793589361029166
discogs_115085,mbrainz_10033,0.9276321958709189
discogs_15235,mbrainz_402,0.9394011854098085
discogs_154192,mbrainz_14364,0.45902684641510894
discogs_52846,mbrainz_11577,0.9934165139497971
discogs_127,mbrainz_55,0.7791075113094684
discogs_11753,mbrainz_2696,0.9625741824687896
discogs_50740,mbrainz_6046,0.9943304690672662
discogs_128670,mbrainz_32464,0.9928761035762763
discogs_109421,mbrainz_32464,0.9943473114819177
discogs_54711,mbrainz_4999,0.9604214142484769
discogs_328,mbrainz_148,0.9859582697308612
discogs_19148,mbrainz_4492,0.9792567832397984
discogs_28749,mbrainz_6546,0.9949308108244465
discogs_242,mbrainz_110,0.9789902311032324
discogs_168682,mbrainz_22940,0.8190971319023155
discogs_131969,mbrainz_3466,0.960386000692169
discogs_249,mbrainz_115,0.7316488956871409
discogs_41687,mbrainz_9287,0.9886402560381985
discogs_19454,mbrainz_4564,0.9868980791357451
discogs_134176,mbrainz_22938,0.9895580755873964
discogs_41254,mbrainz_9183,0.9624014967146218
discogs_17245,mbrainz_4029,0.6634646774246409
discogs_275,mbrainz_130,0.9862010271563465
discogs_162702,mbrainz_6207,0.59770880740601
discogs_74634,mbrainz_1157,0.9760597833202437
discogs_55980,mbrainz_12215,0.9123452397198272
discogs_43927,mbrainz_9768,0.9941500054013106
discogs_71317,mbrainz_11775,0.9450348819516428
discogs_7324,mbrainz_1509,0.9846214319534615
discogs_158438,mbrainz_18544,0.8843765611830691
discogs_14956,mbrainz_25038,0.9822674138273824
discogs_140293,mbrainz_2549,0.9553800902884086
discogs_104224,mbrainz_694,0.987812542406834
discogs_17388,mbrainz_4063,0.8095607704732223
discogs_169350,mbrainz_18544,0.5642015895114162
discogs_13245,mbrainz_3052,0.9928907462960108
discogs_64828,mbrainz_13955,0.9954126629058462
discogs_4071,mbrainz_872,0.9688405766694789
discogs_16218,mbrainz_3784,0.9920085315641629
discogs_201,mbrainz_89,0.9838257128647397
discogs_105490,mbrainz_8670,0.9929358069579939
discogs_34322,mbrainz_7649,0.9899274913688667
discogs_24028,mbrainz_180,0.33672837987886756
discogs_94539,mbrainz_2738,0.6235995473973723
discogs_33793,mbrainz_3548,0.9950181154857273
discogs_175607,mbrainz_30104,0.8334007749623392
discogs_53040,mbrainz_11620,0.9942231346476325
discogs_67634,mbrainz_14452,0.9822302819901103
discogs_12055,mbrainz_2760,0.9868876369545301
discogs_171560,mbrainz_1448,0.987728379246715
discogs_43760,mbrainz_9730,0.8928992703334171
discogs_25200,mbrainz_1851,0.99427267756596
discogs_8082,mbrainz_1695,0.9610035275713593
discogs_37405,mbrainz_8310,0.9947917509510538
discogs_40462,mbrainz_9006,0.9811440967873035
discogs_2993,mbrainz_656,0.9616185598206227
discogs_13642,mbrainz_3142,0.9212797147097223
discogs_6112,mbrainz_1286,0.9798967041834211
discogs_44751,mbrainz_9945,0.9783374373218182
discogs_106593,mbrainz_4180,0.996113833433744
discogs_32612,mbrainz_7275,0.8884833364463879
discogs_132842,mbrainz_19049,0.9961661136428487
discogs_6422,mbrainz_1340,0.9961210366739782
discogs_82271,mbrainz_16465,0.9519125721985107
discogs_83767,mbrainz_13860,0.5777950335463685
discogs_22437,mbrainz_5214,0.9811453471567105
discogs_111695,mbrainz_2040,0.9502336048337546
discogs_38508,mbrainz_8576,0.9771060435959869
discogs_22964,mbrainz_17326,0.8986263585343278
discogs_571,mbrainz_194,0.9929180806780301
discogs_126946,mbrainz_22205,0.9750614688354936
discogs_48169,mbrainz_10613,0.9864421044397114
discogs_48010,mbrainz_10590,0.9700418571499653
discogs_68524,mbrainz_14611,0.992779316376476
discogs_28888,mbrainz_6571,0.9915392097946392
discogs_63740,mbrainz_13755,0.9943209539587305
discogs_101500,mbrainz_18790,0.9943007633155737
discogs_14363,mbrainz_3330,0.9919278775916736
discogs_63904,mbrainz_13787,0.9923495438896702
discogs_130772,mbrainz_3038,0.9641507058382097
discogs_37256,mbrainz_8278,0.9805022226864262
discogs_11927,mbrainz_2737,0.9864421044397114
discogs_196,mbrainz_86,0.9586037408069743
discogs_8312,mbrainz_1783,0.993971044652333
discogs_66573,mbrainz_32656,0.9663541019941068
discogs_47729,mbrainz_10547,0.9927007130855784
discogs_136507,mbrainz_23106,0.9941662274828175
discogs_48525,mbrainz_201,0.9011585562060984
discogs_42649,mbrainz_9095,0.9898844649077044
discogs_50950,mbrainz_11165,0.9879872062263252
discogs_102844,mbrainz_18971,0.9949129871493638
discogs_24028,mbrainz_179,0.6495447190282838
discogs_185594,mbrainz_2224,0.9753515182207074
discogs_101146,mbrainz_2224,0.9753515182207074
discogs_17777,mbrainz_2224,0.9848723643808168
discogs_43848,mbrainz_1813,0.8198079113854984
discogs_94320,mbrainz_17820,0.990167433904455
discogs_93364,mbrainz_17820,0.9923070020736866
discogs_93307,mbrainz_17820,0.9959158716564606
discogs_19426,mbrainz_4551,0.9479316506584853
discogs_20831,mbrainz_4850,0.9725919568947249
discogs_2273,mbrainz_547,0.9938584024583715
discogs_33221,mbrainz_7408,0.991681912283822
discogs_14347,mbrainz_3328,0.9939217040397891
discogs_39621,mbrainz_6341,0.9928934806084954
discogs_18850,mbrainz_4411,0.8588749026541025
discogs_124316,mbrainz_11803,0.9702737674786415
discogs_7108,mbrainz_1468,0.9909611778961787
discogs_53955,mbrainz_11803,0.975773228334431
discogs_64804,mbrainz_13952,0.9478310327462871
discogs_655,mbrainz_913,0.6578879913263532
discogs_14074,mbrainz_3242,0.9735593758784183
discogs_32718,mbrainz_7297,0.9350400209244096
discogs_119,mbrainz_50,0.9915111825406724
discogs_17656,mbrainz_4126,0.9592711004203975
discogs_83431,mbrainz_16648,0.9906239469776933
discogs_16359,mbrainz_3823,0.9936085616885163
discogs_7663,mbrainz_1564,0.9345785740330173
discogs_111021,mbrainz_32017,0.9224584828459452
discogs_45853,mbrainz_10156,0.9459575406113094
discogs_5533,mbrainz_1169,0.9718196713466039
discogs_1266,mbrainz_378,0.931359197586618
discogs_93992,mbrainz_17890,0.960481493334396
discogs_55755,mbrainz_12155,0.9843172598717311
discogs_40979,mbrainz_9117,0.9566434483456505
discogs_5157,mbrainz_1032,0.7633738121332907
discogs_7799,mbrainz_1588,0.9902881647125145
discogs_1664,mbrainz_539,0.8740989728968637
discogs_26287,mbrainz_6033,0.9879579863971512
discogs_35373,mbrainz_7894,0.98474449531031
discogs_61761,mbrainz_13383,0.9931095127247643
discogs_20894,mbrainz_4145,0.8927770398673277
discogs_128073,mbrainz_22383,0.9734246319637458
discogs_7880,mbrainz_1621,0.956424043802802
discogs_28995,mbrainz_6602,0.9946300788381848
discogs_51027,mbrainz_11180,0.7336466547725476
discogs_5272,mbrainz_1119,0.9946730790419429
discogs_164699,mbrainz_429,0.4957255358670945
discogs_74360,mbrainz_6939,0.9819701113187348
discogs_404,mbrainz_164,0.9809099803131476
discogs_15447,mbrainz_3600,0.9471771721173926
discogs_8977,mbrainz_1986,0.9853071558962978
discogs_58545,mbrainz_12743,0.9912277004407295
discogs_26614,mbrainz_6100,0.9921332610553129
discogs_24900,mbrainz_5715,0.9576656360823965
discogs_14960,mbrainz_3470,0.9938654756421232
discogs_36856,mbrainz_1269,0.8585046887518706
discogs_35594,mbrainz_7942,0.9883814791832254
discogs_92534,mbrainz_17784,0.6870563383656747
discogs_2656,mbrainz_602,0.8340120908044514
discogs_124386,mbrainz_13921,0.9636083512076247
discogs_64675,mbrainz_5567,0.9111187121939666
discogs_13517,mbrainz_16241,0.929884606495829
discogs_122117,mbrainz_21491,0.9860196434339957
discogs_19560,mbrainz_4590,0.996214092920255
discogs_65917,mbrainz_10376,0.9225228743943016
discogs_15966,mbrainz_3723,0.9880476722116118
discogs_12585,mbrainz_2899,0.9757979424138499
discogs_65240,mbrainz_14029,0.9565658354691141
discogs_33433,mbrainz_7456,0.994183706030354
discogs_51223,mbrainz_11227,0.9658460468292899
discogs_20643,mbrainz_4811,0.9836243358515704
discogs_2318,mbrainz_558,0.9884519724993117
discogs_82564,mbrainz_6419,0.9917027054743489
discogs_6087,mbrainz_1281,0.9107242972998504
discogs_12798,mbrainz_2955,0.9738268785410782
discogs_86243,mbrainz_17006,0.3581148454174456
discogs_29209,mbrainz_6637,0.976438041222479
discogs_258,mbrainz_122,0.9787373620122002
discogs_23104,mbrainz_4616,0.9819019599850957
discogs_46253,mbrainz_2011,0.9826407635773717
discogs_138430,mbrainz_3677,0.9939178324986165
discogs_46676,mbrainz_10329,0.9947814421760822
discogs_16813,mbrainz_25517,0.9644038889653888
discogs_126986,mbrainz_9412,0.9350221225545069
discogs_9043,mbrainz_2007,0.9944443762068683
discogs_35360,mbrainz_7889,0.9951261388546727
discogs_55797,mbrainz_12166,0.9962344898601293
discogs_254,mbrainz_119,0.9382529763852683
discogs_85543,mbrainz_16912,0.9944406404493028
discogs_30611,mbrainz_6913,0.9903116560131529
discogs_53759,mbrainz_1982,0.7590748100670831
discogs_80257,mbrainz_16232,0.9964036435768184
discogs_22812,mbrainz_5294,0.9433893195714006
discogs_161924,mbrainz_27893,0.990986043444684
discogs_38589,mbrainz_8160,0.9425017035697931
discogs_181810,mbrainz_29355,0.5002925525338737
discogs_4911,mbrainz_1032,0.9743485309449316
discogs_74664,mbrainz_19403,0.9924162403436125
discogs_29061,mbrainz_6617,0.9859897837849589
discogs_16001,mbrainz_3732,0.993912310441019
discogs_26877,mbrainz_6153,0.9775464771328768
discogs_54105,mbrainz_11825,0.9784432236623651
discogs_36182,mbrainz_6153,0.9585026257785969
discogs_51217,mbrainz_4957,0.9961405667002231
discogs_211,mbrainz_93,0.9888842083333105
discogs_75827,mbrainz_15751,0.990118666935498
discogs_126,mbrainz_54,0.8392072105064821
discogs_71264,mbrainz_15093,0.9832992237622312
discogs_949,mbrainz_313,0.9760880782685716
discogs_14315,mbrainz_3318,0.924483052263102
discogs_49170,mbrainz_10797,0.8610541291509749
discogs_736,mbrainz_249,0.9907777037232282
discogs_176,mbrainz_77,0.9839352703756375
discogs_63566,mbrainz_13717,0.9960581184442869
discogs_177028,mbrainz_6828,0.526537532145498
discogs_327,mbrainz_147,0.8796014976303901
discogs_113637,mbrainz_20244,0.9911565793051667
discogs_136852,mbrainz_23796,0.7880841325710264
discogs_46122,mbrainz_10209,0.9727262932073049
discogs_141790,mbrainz_404,0.8452206134915319
discogs_59802,mbrainz_12997,0.9885398453121315
discogs_25343,mbrainz_5809,0.9416290758125467
discogs_6457,mbrainz_1344,0.9822190952587144
discogs_58657,mbrainz_12766,0.9955716367451422
discogs_118916,mbrainz_3061,0.5007713605560843
discogs_59532,mbrainz_12940,0.9775767396623707
discogs_125318,mbrainz_21967,0.9959629866384613
discogs_12681,mbrainz_18545,0.383249713191336
discogs_37335,mbrainz_1910,0.9937925898663993
discogs_8143,mbrainz_1718,0.9927508937309716
discogs_707,mbrainz_235,0.9830747235719951
discogs_78410,mbrainz_2319,0.9894438813778142
discogs_10214,mbrainz_2319,0.9894438813778142
discogs_212,mbrainz_94,0.9803058866299955
discogs_72395,mbrainz_10496,0.9901538375018383
discogs_195103,mbrainz_33344,0.9940991725406755
discogs_83993,mbrainz_16722,0.7528516440002817
discogs_56579,mbrainz_12337,0.9922344544792946
discogs_192117,mbrainz_31188,0.9544533982061681
discogs_10148,mbrainz_31188,0.9544533982061681
discogs_108576,mbrainz_2012,0.9813591968300387
discogs_162715,mbrainz_28026,0.9883694239738577
discogs_97014,mbrainz_18257,0.977243540640675
discogs_739,mbrainz_251,0.9830348655946939
discogs_74583,mbrainz_15053,0.9913951549539971
discogs_14216,mbrainz_3286,0.9670749626428258
discogs_17560,mbrainz_386,0.6963186491864216
discogs_48708,mbrainz_10715,0.987884241967081
discogs_22653,mbrainz_5262,0.8147039445640186
discogs_243,mbrainz_111,0.9934781069929061
discogs_167657,mbrainz_18750,0.951233130618389
discogs_101139,mbrainz_18750,0.9850750306305052
discogs_49133,mbrainz_10795,0.9771805229218821
discogs_7869,mbrainz_1617,0.9811854212529202
discogs_103775,mbrainz_19023,0.9922396355862012
discogs_2349,mbrainz_3145,0.7351605214569159
discogs_25391,mbrainz_404,0.9888111770873735
discogs_31455,mbrainz_7084,0.9948633247950168
discogs_25634,mbrainz_404,0.822643157139802
discogs_156,mbrainz_69,0.9748589740513914
discogs_11311,mbrainz_2593,0.9720580337219507
discogs_77905,mbrainz_15505,0.9852856591938677
discogs_3852,mbrainz_404,0.697736248374743
discogs_103010,mbrainz_5056,0.9950549335804879
discogs_21718,mbrainz_5056,0.9923032384510408
discogs_39651,mbrainz_209,0.9402064146329722
discogs_30299,mbrainz_1349,0.9767530705344797
discogs_98809,mbrainz_15627,0.9855495221353655
discogs_144992,mbrainz_33453,0.9748416141721352
discogs_123251,mbrainz_5280,0.9737809374315851
discogs_67328,mbrainz_14382,0.9072437285788664
discogs_183367,mbrainz_29214,0.6310801984459622
discogs_6995,mbrainz_1449,0.9674904908995088
discogs_169796,mbrainz_10033,0.3049731200231309
discogs_18378,mbrainz_4296,0.9851021839076193
discogs_39338,mbrainz_1792,0.3364804861137725
discogs_110,mbrainz_9447,0.91033866870703
discogs_61616,mbrainz_13357,0.9892083535814818
discogs_44692,mbrainz_9927,0.9907198181114585
discogs_36984,mbrainz_8222,0.9856383197550486
discogs_59096,mbrainz_12852,0.9858512406165165
discogs_35031,mbrainz_31451,0.9950069968618063
discogs_19255,mbrainz_4513,0.9770139092064407
discogs_183673,mbrainz_31451,0.9950069968618063
discogs_31289,mbrainz_5244,0.9720500404538223
discogs_93084,mbrainz_18350,0.9937537267925067
discogs_27566,mbrainz_17357,0.993643681534331
discogs_20472,mbrainz_386,0.5637978015584937
discogs_43498,mbrainz_5260,0.8157717123454347
discogs_452,mbrainz_169,0.992711860937925
discogs_746,mbrainz_256,0.9708658779294418
discogs_10686,mbrainz_2444,0.9930764559639336
discogs_7138,mbrainz_1473,0.9947723323351445
discogs_68177,mbrainz_14547,0.9841024282951937
discogs_132186,mbrainz_20563,0.9633688293471709
discogs_60668,mbrainz_10145,0.8802189960723442
discogs_46902,mbrainz_10382,0.8322193740868628
discogs_9923,mbrainz_2256,0.9833989193989832
discogs_226,mbrainz_99,0.9887785088720666
discogs_64206,mbrainz_13847,0.9822155322640994
discogs_48967,mbrainz_10766,0.9938275395734875
discogs_79971,mbrainz_16197,0.9806774809207708
discogs_75502,mbrainz_13271,0.9532599757888026
discogs_41489,mbrainz_9235,0.9920684632308392
discogs_23303,mbrainz_5386,0.9806908796967305
discogs_134379,mbrainz_23383,0.9956061957513255
discogs_167,mbrainz_74,0.9863533686517529
discogs_15905,mbrainz_3708,0.8835184438105348
discogs_7159,mbrainz_1474,0.992967526328698
discogs_131279,mbrainz_22894,0.9570426591042532
discogs_71250,mbrainz_15091,0.9927477987930324
discogs_1171,mbrainz_356,0.9917467878127391
discogs_29324,mbrainz_6662,0.9669008507575853
discogs_80516,mbrainz_16257,0.9582727822110595
discogs_169896,mbrainz_29254,0.9620965514202193
discogs_37168,mbrainz_8260,0.9912343143270875
discogs_85723,mbrainz_3384,0.9783941450294706
discogs_14608,mbrainz_3384,0.9789835497237316
discogs_35103,mbrainz_7828,0.9946580228462227
discogs_113969,mbrainz_20291,0.9708090744953116
discogs_43434,mbrainz_2012,0.7277709699553548
discogs_52374,mbrainz_11483,0.99044002465868
discogs_16887,mbrainz_3951,0.9953319660000464
discogs_93562,mbrainz_17838,0.9941895557393053
discogs_18003,mbrainz_4206,0.9882666560662315
discogs_63753,mbrainz_13760,0.989985087147986
discogs_106628,mbrainz_19406,0.9638825665457057
discogs_237,mbrainz_106,0.9123547099840839
discogs_23881,mbrainz_5498,0.8373233908096088
discogs_24929,mbrainz_3701,0.9865893884016138
discogs_42979,mbrainz_4836,0.8183332494641244
discogs_28378,mbrainz_6359,0.9690234581723771
discogs_27894,mbrainz_6359,0.9690234581723771
discogs_103983,mbrainz_19123,0.992998969437096
discogs_37402,mbrainz_8309,0.9822894927549106
discogs_84293,mbrainz_2515,0.9914990031163715
discogs_103951,mbrainz_19119,0.9563569992448127
discogs_1965,mbrainz_493,0.9899803931900606
discogs_21,mbrainz_10,0.9820110149591313
discogs_13580,mbrainz_3129,0.9954920916199254
discogs_21003,mbrainz_4892,0.986532327717233
discogs_31349,mbrainz_7063,0.9969706628686656
discogs_160,mbrainz_71,0.8026848658544645
discogs_284,mbrainz_373,0.9960974700384693
discogs_35628,mbrainz_7953,0.9935602312036138
discogs_42627,mbrainz_8542,0.8872418975052018
discogs_49708,mbrainz_10904,0.9936931843234926
discogs_36164,mbrainz_1497,0.9831594948950568
discogs_7249,mbrainz_1497,0.9831594948950568
discogs_22352,mbrainz_5188,0.9708145565673856
discogs_26994,mbrainz_6173,0.9951792876211314
discogs_16289,mbrainz_3806,0.9484189604706265
discogs_9915,mbrainz_2253,0.9924479164255525
discogs_98,mbrainz_38,0.9942200649933984
discogs_18053,mbrainz_4226,0.958981744816967
discogs_3644,mbrainz_887,0.9007390093635775
discogs_44049,mbrainz_9799,0.9932357260099101
discogs_29916,mbrainz_855,0.9813507252789127
discogs_71169,mbrainz_15076,0.994882139690545
discogs_9800,mbrainz_2222,0.9843790381745934
discogs_6687,mbrainz_1273,0.9908361070449135
discogs_112273,mbrainz_13120,0.9950629026629783
discogs_12555,mbrainz_2887,0.9946681084860031
discogs_184703,mbrainz_31064,0.9829809022563432
discogs_13543,mbrainz_3115,0.9425535992190619
discogs_8627,mbrainz_1883,0.9325800350799488
discogs_26467,mbrainz_6068,0.9808817551717197
discogs_111021,mbrainz_29214,0.49944280114929185
discogs_38786,mbrainz_8646,0.48374232558671787
discogs_129795,mbrainz_2185,0.3530166337489766
discogs_78630,mbrainz_16054,0.9824481577806847
discogs_79671,mbrainz_3959,0.9937091786618019
discogs_4843,mbrainz_1017,0.9472965569750401
discogs_27853,mbrainz_6351,0.978463534789468
discogs_44,mbrainz_19,0.9852349666733883
discogs_10480,mbrainz_2389,0.9777525362618431
discogs_7716,mbrainz_1568,0.9928836337240696
discogs_5178,mbrainz_1096,0.9729166856594454
discogs_57546,mbrainz_12529,0.9910211397498919
discogs_53642,mbrainz_11744,0.9211035771284414
discogs_252,mbrainz_118,0.7684270747882607
discogs_87802,mbrainz_20198,0.9938800896999752
discogs_55345,mbrainz_12068,0.9706338452199985
discogs_29642,mbrainz_6737,0.48289970253818415
discogs_100122,mbrainz_18639,0.9684584030079713
discogs_54632,mbrainz_11929,0.9910382347850287
discogs_50172,mbrainz_11001,0.9924691306486592
discogs_104,mbrainz_42,0.9697974512320787
discogs_26967,mbrainz_6168,0.9712636387844582
discogs_20669,mbrainz_4818,0.9945360660025722
discogs_60953,mbrainz_10428,0.9264643067693326
discogs_9006,mbrainz_1993,0.9404423820323123
discogs_59403,mbrainz_12928,0.9933576309505204
discogs_46208,mbrainz_10229,0.9905612720873838
discogs_181422,mbrainz_31064,0.9706951885461761
discogs_11055,mbrainz_2530,0.9906828936974991
discogs_91849,mbrainz_17696,0.9062745824009841
discogs_1018,mbrainz_317,0.8901542171894891
discogs_52361,mbrainz_11479,0.9961615123224724
discogs_153719,mbrainz_1982,0.915691835155234
discogs_4,mbrainz_2,0.9221001860661857
discogs_15655,mbrainz_3650,0.9906828936974991
discogs_8171,mbrainz_1737,0.9504707286481949
discogs_43099,mbrainz_9583,0.973137311188421
discogs_73916,mbrainz_9070,0.9909888079794389
discogs_177,mbrainz_78,0.9956518028207263
discogs_8483,mbrainz_1844,0.8593711081679741
discogs_40405,mbrainz_1554,0.9935730667137564
discogs_10982,mbrainz_2515,0.9910854524140463
discogs_13638,mbrainz_2604,0.546530342091022
discogs_169348,mbrainz_1479,0.5204196055388551
discogs_21401,mbrainz_4985,0.9952795983700594
discogs_36,mbrainz_16,0.983878248710639
discogs_78144,mbrainz_8816,0.7121574766034683
discogs_3661,mbrainz_789,0.9937896519315078
discogs_158465,mbrainz_12476,0.9937569626959436
discogs_110806,mbrainz_19832,0.9948965880786477
discogs_82,mbrainz_31,0.9817874624113676
discogs_97157,mbrainz_31,0.9817874624113676
discogs_159,mbrainz_70,0.7784047674184675
discogs_64936,mbrainz_2058,0.9882383215792303
discogs_178,mbrainz_6190,0.9638911373150792
discogs_12664,mbrainz_2922,0.9786711768110703
discogs_53,mbrainz_21,0.9929832665725243
discogs_14182,mbrainz_3276,0.9307508288883634
discogs_26977,mbrainz_3276,0.9686121542485715
discogs_198151,mbrainz_3276,0.4126016852741707
discogs_41151,mbrainz_9159,0.9032764300384502
discogs_102076,mbrainz_3276,0.45563582007114095
discogs_165185,mbrainz_15514,0.37469912781089987
discogs_11735,mbrainz_15514,0.42453735154983313
discogs_3750,mbrainz_814,0.9889172174477043
discogs_57252,mbrainz_12476,0.9920476468172503
discogs_26681,mbrainz_112,0.9878784905872362
discogs_57389,mbrainz_5346,0.9030064689758549
discogs_54411,mbrainz_11888,0.985637196111475
discogs_103822,mbrainz_15289,0.962511974104539
discogs_119171,mbrainz_5346,0.9030064689758549
discogs_134167,mbrainz_8203,0.9872380514721284
discogs_172038,mbrainz_2610,0.9878224572596371
discogs_69501,mbrainz_2610,0.9936696440525269
discogs_48791,mbrainz_2610,0.9936696440525269
discogs_69730,mbrainz_2610,0.9916939667748157
discogs_13818,mbrainz_2610,0.9884585577133176
discogs_18755,mbrainz_4390,0.9936570859413464
discogs_8149,mbrainz_1724,0.9847158649742025
discogs_41162,mbrainz_1724,0.9847158649742025
discogs_65120,mbrainz_13863,0.7941651284398467
discogs_12899,mbrainz_2979,0.9783665927856273
discogs_108623,mbrainz_19647,0.9950631841285568
discogs_136625,mbrainz_15289,0.765761384799474
discogs_26815,mbrainz_6140,0.982735918929501
discogs_29972,mbrainz_1600,0.9134686466832476
discogs_65349,mbrainz_3427,0.9845164260283654
discogs_135494,mbrainz_23552,0.9944516824440965
discogs_59301,mbrainz_867,0.6371487707435204
discogs_12768,mbrainz_2950,0.9824962987634732
discogs_28524,mbrainz_6497,0.8660304465563328
discogs_185856,mbrainz_31744,0.6933087177376763
discogs_96550,mbrainz_18206,0.5198142555650855
discogs_17064,mbrainz_3992,0.9722248623939337
discogs_29701,mbrainz_2421,0.9376734522751875
discogs_30549,mbrainz_6906,0.9855805181872006
discogs_71090,mbrainz_15053,0.9879273558729108
discogs_181299,mbrainz_1982,0.9610854323232303
discogs_48906,mbrainz_10756,0.9853066321833525
discogs_59574,mbrainz_2981,0.9261356640868146
discogs_36677,mbrainz_8151,0.9926096118142007
discogs_84891,mbrainz_8151,0.9869297633380552
discogs_2529,mbrainz_583,0.9738146548803055
discogs_28649,mbrainz_6527,0.8438424360013355
discogs_76811,mbrainz_32901,0.9962418057251121
discogs_55327,mbrainz_10584,0.994515237084213
discogs_94666,mbrainz_2611,0.992169937295803
discogs_25552,mbrainz_2611,0.989887183929597
discogs_146133,mbrainz_2611,0.9911811038042317
discogs_116744,mbrainz_3408,0.874717428061684
discogs_16985,mbrainz_3974,0.9909214511824532
discogs_14236,mbrainz_1160,0.9237633504045198
discogs_50164,mbrainz_10999,0.9844067014946227
discogs_22441,mbrainz_2834,0.9952799598720888
discogs_169903,mbrainz_1160,0.8766206389737625
discogs_47239,mbrainz_10455,0.914000295661935
discogs_10975,mbrainz_2513,0.992908347521658
discogs_124380,mbrainz_15053,0.9832874860345512
discogs_9259,mbrainz_2056,0.9629383948824062
discogs_60840,mbrainz_8338,0.9288469489342533
discogs_38430,mbrainz_8555,0.7228835918124756
discogs_52903,mbrainz_11594,0.9621739071664722
discogs_332,mbrainz_149,0.9945982737197135
discogs_17509,mbrainz_4093,0.9766231554601763
discogs_25844,mbrainz_5926,0.9714146395136544
discogs_83542,mbrainz_32785,0.9948945447680559
discogs_9978,mbrainz_2272,0.9520947735460001
discogs_13862,mbrainz_3202,0.8998805497382399
discogs_18677,mbrainz_2272,0.975571132478178
discogs_65771,mbrainz_7857,0.9399900232360129
discogs_156032,mbrainz_27016,0.930062154884054
discogs_96928,mbrainz_32424,0.8591379474992372
discogs_81921,mbrainz_14824,0.9833037185623141
discogs_34042,mbrainz_7593,0.9134478250994965
discogs_21065,mbrainz_4904,0.9883791817983538
discogs_537,mbrainz_188,0.64243723381757
discogs_50250,mbrainz_11016,0.9578083025105065
discogs_2398,mbrainz_571,0.9600885133126887
discogs_70310,mbrainz_14913,0.9911899215938631
discogs_76276,mbrainz_15820,0.9762626276464479
discogs_8961,mbrainz_1982,0.9576060363080544
discogs_49624,mbrainz_17081,0.9880663970678618
discogs_46276,mbrainz_10244,0.9870357974832109
discogs_19414,mbrainz_4548,0.9273149188728512
discogs_52380,mbrainz_11485,0.9844574780624634
discogs_99347,mbrainz_14854,0.7815471385087445
discogs_24571,mbrainz_5639,0.9848869467487883
discogs_119145,mbrainz_19290,0.8682525667964495
discogs_9349,mbrainz_2090,0.9672823385967108
discogs_6152,mbrainz_1293,0.9860549833248392
discogs_9118,mbrainz_2024,0.9052630226732359
discogs_23096,mbrainz_5338,0.9946347518078422
discogs_42401,mbrainz_9443,0.9917937637609079
discogs_66928,mbrainz_2384,0.9919255202373224
discogs_163305,mbrainz_3625,0.8954591859328168
discogs_25696,mbrainz_3982,0.9463008492621392
discogs_72760,mbrainz_2384,0.8395838610013234
discogs_10473,mbrainz_2384,0.7807052242800812
discogs_72010,mbrainz_3625,0.9919337831360926
discogs_61350,mbrainz_13309,0.843635397844148
discogs_182972,mbrainz_21414,0.8114822765552971
discogs_190299,mbrainz_4921,0.9135620555986358
discogs_31194,mbrainz_7034,0.9888657505576018
discogs_43451,mbrainz_9668,0.9943962008384385
discogs_18531,mbrainz_4340,0.9899054205939488
discogs_42877,mbrainz_9537,0.9685472874344715
discogs_21354,mbrainz_4977,0.9926280120367716
discogs_30640,mbrainz_3762,0.9879244021484086
discogs_51756,mbrainz_11342,0.9877556684755378
discogs_645,mbrainz_211,0.9920224373332008
discogs_30,mbrainz_14,0.9743909710331011
discogs_90397,mbrainz_10415,0.9954101631198625
discogs_62630,mbrainz_10415,0.9954101631198625
discogs_137475,mbrainz_23919,0.9954396515849896
discogs_175499,mbrainz_30085,0.8764811009917832
discogs_1341,mbrainz_387,0.978963230432027
discogs_179505,mbrainz_11547,0.3415650246774939
discogs_16863,mbrainz_3945,0.5831981505079721
discogs_54631,mbrainz_11928,0.9948103994948916
discogs_131876,mbrainz_22988,0.9529151767070787
discogs_105809,mbrainz_22903,0.9934296863547775
discogs_105015,mbrainz_20266,0.9826817552333013
discogs_26640,mbrainz_576,0.9975565708658989
discogs_100948,mbrainz_4178,0.8942615694262156
discogs_24602,mbrainz_4178,0.9938324025745044
discogs_22406,mbrainz_4178,0.9789143706994066
discogs_163183,mbrainz_4178,0.8942615694262156
discogs_78055,mbrainz_15500,0.9656714578153595
discogs_49302,mbrainz_10819,0.769429774878829
discogs_92388,mbrainz_15500,0.8993708248309421
discogs_197,mbrainz_87,0.9946161447861934
discogs_203,mbrainz_91,0.9855843121580367
discogs_137230,mbrainz_23867,0.9854164617184401
discogs_230,mbrainz_102,0.9848853015492826
discogs_19732,mbrainz_4627,0.9828672553706894
discogs_6374,mbrainz_1331,0.9915293614222151
discogs_71763,mbrainz_15183,0.9863805958086342
discogs_32308,mbrainz_7223,0.9751992175209722
discogs_69783,mbrainz_14838,0.8952346224691737
discogs_72464,mbrainz_14838,0.9898953110432873
discogs_317,mbrainz_144,0.958379176339659
discogs_96422,mbrainz_18196,0.9873188655427779
discogs_165007,mbrainz_3276,0.7585417637870737
discogs_124604,mbrainz_21862,0.9841524554748388
discogs_48083,mbrainz_10598,0.9956551753965084
discogs_34736,mbrainz_7738,0.9950767908987136
discogs_153307,mbrainz_26560,0.9214094822288711
discogs_27851,mbrainz_576,0.962810467450211
discogs_110913,mbrainz_19097,0.959341097106104
discogs_21329,mbrainz_4966,0.9916041312769134
discogs_52679,mbrainz_11548,0.9943950314624318
discogs_105195,mbrainz_19250,0.981723434424268
discogs_108266,mbrainz_19578,0.9642156082056936
discogs_10429,mbrainz_2373,0.9831735298670988
discogs_5681,mbrainz_1203,0.9937092796252294
discogs_24008,mbrainz_5525,0.9890262402643284
discogs_17690,mbrainz_4130,0.9906079924040898
discogs_18445,mbrainz_4311,0.982376817307165
discogs_12030,mbrainz_2753,0.9864933546770296
discogs_1110,mbrainz_340,0.909470549495318
discogs_25521,mbrainz_5845,0.981652187054193
discogs_3740,mbrainz_809,0.9860170947187862
discogs_34722,mbrainz_7732,0.9699346272914249
discogs_64631,mbrainz_10450,0.3848936423259134
discogs_75826,mbrainz_15750,0.9912484929438815
discogs_2323,mbrainz_559,0.991034141897444
discogs_6180,mbrainz_1301,0.9911228723184506
discogs_196160,mbrainz_1591,0.7608392068443541
discogs_157259,mbrainz_1591,0.7641644809195726
discogs_130840,mbrainz_1591,0.7561628853269107
discogs_700,mbrainz_233,0.9907190276856463
discogs_5199,mbrainz_1099,0.9922626532040065
discogs_42230,mbrainz_9412,0.9851051759795547
discogs_14290,mbrainz_3309,0.8820388607774002
discogs_7103,mbrainz_1466,0.9917113415795691
discogs_153494,mbrainz_26560,0.9079846106883633
discogs_145792,mbrainz_25278,0.9911686050387002
discogs_118092,mbrainz_20929,0.35386348603111084
discogs_1804,mbrainz_471,0.9829247054570479
discogs_68125,mbrainz_14539,0.9846869612911091
discogs_13075,mbrainz_3016,0.9836153017267795
discogs_12112,mbrainz_2779,0.7185975566873473
discogs_219,mbrainz_96,0.9884034295984273
discogs_153308,mbrainz_26560,0.9771997873076746
discogs_277,mbrainz_162,0.9567534458056077
discogs_5776,mbrainz_1220,0.9560659810676619
discogs_11969,mbrainz_2741,0.9944845754565188
discogs_86704,mbrainz_18289,0.9792244017522396
discogs_63233,mbrainz_13647,0.9924305457686994
discogs_17667,mbrainz_10450,0.41376636094052704
discogs_15573,mbrainz_3630,0.990259119247064
discogs_25451,mbrainz_2488,0.992757648092439
discogs_5011,mbrainz_1050,0.9966070494112237
discogs_21695,mbrainz_5053,0.9903850273608185
discogs_7165,mbrainz_1477,0.996166026871857
discogs_91138,mbrainz_17609,0.9873905048799243
discogs_9345,mbrainz_2087,0.9912218883407272
discogs_60547,mbrainz_13146,0.9933829629773189
discogs_47971,mbrainz_10584,0.9941313895968898
discogs_75190,mbrainz_14967,0.9847293771643462
discogs_3843,mbrainz_833,0.7999550984610184
discogs_137708,mbrainz_2003,0.8547209441625502
discogs_128,mbrainz_56,0.969029857243336
discogs_168843,mbrainz_2611,0.8602037478323049
discogs_41216,mbrainz_2611,0.9915425367042033
discogs_152802,mbrainz_56,0.969029857243336
discogs_102570,mbrainz_11273,0.9561008810058469
discogs_39916,mbrainz_5932,0.9955625494271332
discogs_21012,mbrainz_4894,0.9547468497930102
discogs_3007,mbrainz_659,0.9929607424114556
discogs_5942,mbrainz_1259,0.9922238168661758
discogs_19653,mbrainz_4611,0.8751900398444618
discogs_133761,mbrainz_23284,0.996280815265846
discogs_136296,mbrainz_2549,0.9179477747487795
discogs_1257,mbrainz_375,0.9927151704431327
discogs_32804,mbrainz_33262,0.8996244900874597
discogs_151725,mbrainz_19306,0.95531977184107
discogs_148,mbrainz_67,0.9638535906921667
discogs_153964,mbrainz_26682,0.9912406494997786
discogs_180909,mbrainz_18893,0.9934211964596534
discogs_125186,mbrainz_21943,0.9840451600462707
discogs_62583,mbrainz_1591,0.9918627070900852
discogs_30531,mbrainz_755,0.7557496338690564
discogs_5566,mbrainz_1177,0.9947556546699656
discogs_111015,mbrainz_19858,0.9926586527085918
discogs_154333,mbrainz_2502,0.8780158190731581
discogs_16219,mbrainz_2175,0.987170201570729
discogs_26638,mbrainz_2502,0.9914414300664895
discogs_144090,mbrainz_28981,0.9782929169418717
discogs_49509,mbrainz_10868,0.9947508143020342
discogs_118153,mbrainz_20913,0.9917299730186195
discogs_55825,mbrainz_1732,0.9354788477999981
discogs_15955,mbrainz_3718,0.9850978631485299
discogs_59634,mbrainz_12967,0.8271521481362434
discogs_566,mbrainz_490,0.8983981387065142
discogs_106317,mbrainz_19346,0.9904873002125009
discogs_165185,mbrainz_2690,0.9355398541308558
discogs_11735,mbrainz_2690,0.9470002332488492
discogs_113151,mbrainz_30098,0.9606459471531839
discogs_30179,mbrainz_57,0.9645324928672165
discogs_9430,mbrainz_2115,0.9947451663172838
discogs_111437,mbrainz_19647,0.985218417863876
discogs_22608,mbrainz_5250,0.9898045509950149
discogs_617,mbrainz_204,0.9448278947953693
discogs_5060,mbrainz_1059,0.960164727512521
discogs_132080,mbrainz_3503,0.7824655383582684
discogs_17549,mbrainz_3503,0.9772929688272072
discogs_80261,mbrainz_3503,0.8254487121788655
discogs_141397,mbrainz_3503,0.8254487121788655
discogs_186066,mbrainz_3503,0.8254487121788655
discogs_36675,mbrainz_8150,0.9895718720381194
discogs_124598,mbrainz_21861,0.9713096946578501
discogs_22025,mbrainz_5127,0.9947044849804062
discogs_36217,mbrainz_8067,0.9937599521749828
discogs_39862,mbrainz_3194,0.9392101414110321
discogs_91416,mbrainz_17654,0.9929878855927793
discogs_35647,mbrainz_7956,0.9932631305327545
discogs_8772,mbrainz_1930,0.9377387611207073
discogs_7599,mbrainz_1552,0.9295758172524294
discogs_31486,mbrainz_7088,0.9851730733440873
discogs_41826,mbrainz_9319,0.9918096754745231
discogs_152970,mbrainz_26514,0.9924011937372741
discogs_172356,mbrainz_8728,0.6723245397921548
discogs_81946,mbrainz_16420,0.9895984753054832
discogs_27785,mbrainz_6332,0.9943398116743163
discogs_24910,mbrainz_5716,0.9914398477109221
discogs_89954,mbrainz_6332,0.9930360587255175
discogs_113035,mbrainz_19578,0.8507737789347956
discogs_15040,mbrainz_3489,0.9745188546360561
discogs_5734,mbrainz_576,0.9789263171606383
discogs_73409,mbrainz_15506,0.9844705820140445
discogs_27639,mbrainz_6307,0.9897453186858016
discogs_281,mbrainz_132,0.98146570225636
discogs_31667,mbrainz_5896,0.9491476466017352
discogs_52092,mbrainz_11412,0.9327523760251321
discogs_4731,mbrainz_999,0.9624789618837605
discogs_71458,mbrainz_15126,0.9926776762888562
discogs_26152,mbrainz_1792,0.774739574297712
discogs_74273,mbrainz_29794,0.9959128117521231
discogs_12758,mbrainz_2945,0.9953542695068376
discogs_49716,mbrainz_17102,0.5067177406902058
discogs_152985,mbrainz_26518,0.9862291510628278
discogs_10972,mbrainz_2512,0.9921164317908342
discogs_60601,mbrainz_13155,0.9859855424217078
discogs_19405,mbrainz_4544,0.9823217846172986
discogs_8462,mbrainz_1835,0.9929373870281524
discogs_51610,mbrainz_11273,0.9814499420702493
discogs_169673,mbrainz_29214,0.6058106798278978
discogs_111272,mbrainz_19901,0.9929938384436741
discogs_140955,mbrainz_24459,0.9895527292473333
discogs_61343,mbrainz_13306,0.996061919931807
discogs_12686,mbrainz_2926,0.9876051941505873
discogs_173409,mbrainz_29794,0.8091375633616125
discogs_125562,mbrainz_21997,0.9917870734726977
discogs_13655,mbrainz_3145,0.8569271696167363
discogs_60361,mbrainz_13102,0.9963942585604447
discogs_44829,mbrainz_27523,0.9595385097964089
discogs_13115,mbrainz_3025,0.9939206708428538
discogs_91702,mbrainz_17680,0.9710955422738433
discogs_871,mbrainz_287,0.979641332483724
discogs_12719,mbrainz_2931,0.9733024416379832
discogs_5252,mbrainz_1115,0.9853477607979834
discogs_190445,mbrainz_29794,0.8091375633616125
discogs_83090,mbrainz_16358,0.848060920189338
discogs_38389,mbrainz_4311,0.9496472560092295
discogs_30711,mbrainz_6935,0.9840601567584726
discogs_163681,mbrainz_5346,0.7927024125632524
discogs_97913,mbrainz_5346,0.7927024125632524
discogs_131291,mbrainz_10450,0.41066980597296565
discogs_228,mbrainz_100,0.9917245946740213
discogs_100123,mbrainz_18639,0.8607699729969867
discogs_21701,mbrainz_22222,0.9291496236008935
discogs_15857,mbrainz_3694,0.993072372898785
discogs_13379,mbrainz_3073,0.9949265594306121
discogs_114396,mbrainz_20367,0.9952082173755565
discogs_7680,mbrainz_1567,0.9961166521482279
discogs_14470,mbrainz_3359,0.9938368953821275
discogs_103586,mbrainz_18893,0.9948634355919201
discogs_29172,mbrainz_6631,0.9815522633882978
discogs_136,mbrainz_60,0.9938175333527628
discogs_191099,mbrainz_32644,0.993581200832783
discogs_110126,mbrainz_19740,0.9254832245607811
discogs_57615,mbrainz_2003,0.9903549215968398
discogs_12109,mbrainz_2778,0.9876524380392231
discogs_23132,mbrainz_5346,0.9854216785207175
discogs_146440,mbrainz_17543,0.30421316273243104
discogs_28753,mbrainz_6549,0.9942574347581957
discogs_11646,mbrainz_2664,0.9884076696437822
discogs_657,mbrainz_215,0.9970019783171538
discogs_125,mbrainz_53,0.9848154679710555
discogs_102511,mbrainz_14837,0.6654132307845911
discogs_144036,mbrainz_14837,0.9906509980317867
discogs_4452,mbrainz_952,0.9970725855474846
discogs_8003,mbrainz_1675,0.5833563524632273
discogs_58739,mbrainz_2449,0.9727575585462587
discogs_43420,mbrainz_9660,0.9940248118505429
discogs_295,mbrainz_137,0.9922838604505466
discogs_13632,mbrainz_3139,0.989357751984361
discogs_81439,mbrainz_16358,0.9948717295160978
discogs_19315,mbrainz_4527,0.9841460873519192
discogs_24830,mbrainz_5700,0.9715996868832876
discogs_14758,mbrainz_3420,0.3844729024749227
discogs_15939,mbrainz_12777,0.9781113078266838
discogs_25436,mbrainz_2449,0.9925531646917912
discogs_61465,mbrainz_13330,0.9672558848964501
discogs_155054,mbrainz_26856,0.992563393192798
discogs_58532,mbrainz_30115,0.9828402319772709
discogs_15098,mbrainz_3507,0.9920360258160981
discogs_2390,mbrainz_569,0.9917938868854024
discogs_289,mbrainz_135,0.9792550219717978
discogs_22411,mbrainz_5210,0.9868643162126521
discogs_50227,mbrainz_1731,0.892758741943964
discogs_8159,mbrainz_1731,0.9754055238536252
discogs_37964,mbrainz_7857,0.8269386542003191
discogs_88989,mbrainz_25706,0.9950018525575653
discogs_115203,mbrainz_6370,0.9277133339085011
discogs_63945,mbrainz_6370,0.9575222876367866
discogs_27938,mbrainz_6370,0.9859882186964636
discogs_76100,mbrainz_6370,0.9277133339085011
discogs_12763,mbrainz_2948,0.9326351853900924
discogs_60982,mbrainz_6370,0.9641516191055939
discogs_12941,mbrainz_6014,0.9767900734825377
discogs_33852,mbrainz_7556,0.9327184612312361
discogs_1912,mbrainz_487,0.9826253250421934
discogs_27823,mbrainz_6342,0.9749424619063719
discogs_22030,mbrainz_5107,0.9820703531865598
discogs_12986,mbrainz_2997,0.9916272590052074
discogs_25943,mbrainz_7889,0.9003305155551509
discogs_12287,mbrainz_3103,0.4236897569474794
discogs_138533,mbrainz_576,0.44555558300122816
discogs_13,mbrainz_7,0.9904196591358618
discogs_51292,mbrainz_4204,0.9957095209775803
discogs_72909,mbrainz_5251,0.9870075179782211
discogs_45000,mbrainz_2507,0.9246742120428328
discogs_95068,mbrainz_2507,0.9957255274766041
discogs_45839,mbrainz_3601,0.9395650212506286
discogs_36492,mbrainz_5251,0.4041562521370231
discogs_102508,mbrainz_18926,0.3366763624676382
discogs_26,mbrainz_12,0.9903618391142722
discogs_150726,mbrainz_2175,0.8032110929453703
discogs_39175,mbrainz_8728,0.9234281356191243
discogs_65350,mbrainz_14046,0.9886434627646592
discogs_23296,mbrainz_2689,0.992813081958443
discogs_11730,mbrainz_2689,0.992813081958443
discogs_8246,mbrainz_1764,0.9874059358029156
discogs_13787,mbrainz_1764,0.9800126869583896
discogs_176903,mbrainz_30337,0.9751190802157796
discogs_157004,mbrainz_7828,0.31613385270743644
discogs_41070,mbrainz_9138,0.9680703374080328
discogs_51215,mbrainz_11225,0.984200805042071
discogs_102896,mbrainz_18984,0.9816819178481344
discogs_54393,mbrainz_11882,0.9936559981575036
discogs_784,mbrainz_268,0.9122621060414012
discogs_12686,mbrainz_1986,0.33968182667561786
discogs_9603,mbrainz_2165,0.9848869467487883
discogs_18931,mbrainz_4433,0.9295765371126204
discogs_5285,mbrainz_43,0.3578580403698087
discogs_63546,mbrainz_13714,0.9832511772944302
discogs_49911,mbrainz_10949,0.9943565894562998
discogs_8362,mbrainz_1798,0.8942707416389697
discogs_181305,mbrainz_4675,0.9150075702491693
discogs_22388,mbrainz_4675,0.9846452558087646
discogs_58297,mbrainz_4675,0.8681561202707404
discogs_21828,mbrainz_4675,0.8911705869283058
discogs_6744,mbrainz_1399,0.9821367751856651
discogs_168188,mbrainz_20563,0.5972109379107133
discogs_115708,mbrainz_20563,0.8003189421664251
discogs_30502,mbrainz_6898,0.9881951619527295
discogs_89712,mbrainz_17496,0.9937283190184778
discogs_74113,mbrainz_15619,0.7551213089317778
discogs_28934,mbrainz_6585,0.8725360188716984
discogs_54026,mbrainz_11813,0.9952970877439365
discogs_55297,mbrainz_11046,0.9951231801928958
discogs_37328,mbrainz_2208,0.9625264486773395
discogs_20081,mbrainz_4694,0.8298386087150763
discogs_55809,mbrainz_12170,0.996153771978815
discogs_139559,mbrainz_4694,0.7336983258472612
discogs_220,mbrainz_97,0.9954762941415133
discogs_166068,mbrainz_28581,0.9693726442485571
discogs_14224,mbrainz_3287,0.9905519871056988
discogs_152648,mbrainz_4675,0.8594987871718733
discogs_3235,mbrainz_708,0.9065031022758961
discogs_46,mbrainz_20,0.9942678327969636
discogs_83952,mbrainz_4109,0.9444488314618293
discogs_16548,mbrainz_3866,0.9873436682208143
discogs_22686,mbrainz_5189,0.9927014646109672
discogs_75759,mbrainz_15760,0.9911133975217246
discogs_59099,mbrainz_11319,0.9948836285231999
discogs_128968,mbrainz_31188,0.9532744671076216
discogs_142942,mbrainz_3601,0.6644817824328855
discogs_1362,mbrainz_278,0.9947976292154863
discogs_167366,mbrainz_24298,0.3072630718080845
discogs_33536,mbrainz_22806,0.9952982211404293
discogs_45361,mbrainz_10080,0.9927947403563635
discogs_12656,mbrainz_2919,0.9844147528616372
discogs_163242,mbrainz_3694,0.9939199352759097
discogs_101,mbrainz_41,0.9817630941488938
discogs_192740,mbrainz_32944,0.988365389846804
discogs_52702,mbrainz_11196,0.9921554910684446
discogs_39237,mbrainz_7697,0.8967512475735524
discogs_31353,mbrainz_7066,0.7389972021941775
discogs_45593,mbrainz_10117,0.9422371520860902
discogs_17311,mbrainz_4044,0.9813922623944199
discogs_14847,mbrainz_3442,0.9954741902434074
discogs_13945,mbrainz_2208,0.992405150553639
discogs_87539,mbrainz_3442,0.9917362345612146
discogs_127723,mbrainz_22327,0.9930886325835846
discogs_12065,mbrainz_2764,0.9937144464918083
discogs_8977,mbrainz_2926,0.47071255700770237
discogs_147932,mbrainz_1954,0.9801097037269414
discogs_32156,mbrainz_1954,0.9909116958947883
discogs_195691,mbrainz_1954,0.9834680657560725
discogs_53650,mbrainz_11748,0.9839557063474409
discogs_13299,mbrainz_3062,0.9689692417335067
discogs_22225,mbrainz_171,0.9708888357453485
discogs_467,mbrainz_171,0.9936911494619355
discogs_63621,mbrainz_13728,0.9942237718346829
discogs_8711,mbrainz_1914,0.9914550725688659
discogs_42980,mbrainz_7753,0.9898590955436962
discogs_83051,mbrainz_7753,0.9898590955436962
discogs_34803,mbrainz_7753,0.9898590955436962
discogs_199,mbrainz_88,0.8084440741039245
discogs_35820,mbrainz_7988,0.9576177899019228
discogs_40357,mbrainz_8368,0.9708652329801183
discogs_12980,mbrainz_2996,0.9655708765573539
discogs_33994,mbrainz_7581,0.9946161447861934
discogs_107548,mbrainz_19497,0.990232995650145
discogs_178966,mbrainz_30648,0.7383109699470938
discogs_84000,mbrainz_16723,0.9798779725183192
discogs_91506,mbrainz_17654,0.9719184595138206
discogs_53785,mbrainz_11773,0.9858108449176252
discogs_86931,mbrainz_17113,0.9896104983572526
discogs_27336,mbrainz_2349,0.968673526847068
discogs_307,mbrainz_139,0.9890529421858857
discogs_171,mbrainz_75,0.9365001012823037
discogs_14898,mbrainz_3454,0.9907896468936026
discogs_58170,mbrainz_12653,0.9561643664611597
discogs_118877,mbrainz_9239,0.47607912238684874
discogs_43994,mbrainz_284,0.3608166864916474
discogs_482,mbrainz_176,0.9912746846116604
discogs_6052,mbrainz_1275,0.9955908376897591
discogs_198,mbrainz_634,0.9761756599757303
discogs_54431,mbrainz_11890,0.861368625219731
discogs_34498,mbrainz_7677,0.971918504688248
discogs_81191,mbrainz_16320,0.982074385511625
discogs_39307,mbrainz_8751,0.9894293349074872
discogs_13962,mbrainz_3221,0.982725988454267
discogs_36865,mbrainz_8191,0.978677737162837
discogs_25221,mbrainz_13442,0.992196138453211
discogs_83666,mbrainz_2349,0.9874009312069753
discogs_167229,mbrainz_2349,0.9780043072276594
discogs_54134,mbrainz_3982,0.8569893940057444
discogs_112334,mbrainz_20049,0.994669477459242
discogs_25677,mbrainz_5885,0.9961305691321747
discogs_7874,mbrainz_1619,0.9905541638651988
discogs_66288,mbrainz_5885,0.9948690459474128
discogs_154302,mbrainz_12103,0.9744274679827477
discogs_68903,mbrainz_12103,0.9915298496777695
discogs_123076,mbrainz_7048,0.6694342407749592
discogs_56309,mbrainz_12282,0.9324253559214761
discogs_57174,mbrainz_11338,0.4276670303721142
discogs_34982,mbrainz_7798,0.9600066462833716
discogs_5652,mbrainz_1196,0.9917701389905884
discogs_88029,mbrainz_6117,0.9948282566545293
discogs_184372,mbrainz_6117,0.9243730218712286
discogs_83524,mbrainz_3456,0.9957626417609415
discogs_72675,mbrainz_15371,0.9896109417921781
discogs_71300,mbrainz_15083,0.9163775926609649
discogs_122105,mbrainz_4919,0.4869767105566337
discogs_177808,mbrainz_30469,0.9884620075747753
discogs_88621,mbrainz_22450,0.8146835980665622
discogs_61896,mbrainz_13416,0.6198693629559856
discogs_71200,mbrainz_15083,0.9858313634015622
discogs_68375,mbrainz_1640,0.9729751625418167
discogs_153138,mbrainz_1619,0.9755261628341403
discogs_25157,mbrainz_5772,0.8541590873180686
discogs_109556,mbrainz_19665,0.9921817091465472
discogs_87268,mbrainz_17166,0.9297332363561635
discogs_175578,mbrainz_21428,0.8082319977074264
discogs_11001,mbrainz_2516,0.994998744545
discogs_88358,mbrainz_7899,0.9655230893031799
discogs_16164,mbrainz_3768,0.9814832447645692
discogs_111489,mbrainz_19923,0.9586425101835149
discogs_41261,mbrainz_20678,0.8312921682532248
discogs_125216,mbrainz_20494,0.9672852336186685
discogs_27464,mbrainz_5904,0.9285563140807944
discogs_64058,mbrainz_16569,0.9902570508382311
discogs_14358,mbrainz_43,0.3672793243410864
discogs_121541,mbrainz_21414,0.8233158168733088
discogs_6506,mbrainz_1352,0.9032308909603985
discogs_4590,mbrainz_972,0.924009885435387
discogs_14058,mbrainz_2229,0.735209562319885
discogs_19120,mbrainz_4489,0.9576241742377527
discogs_14558,mbrainz_3374,0.9953431607830057
discogs_44191,mbrainz_9693,0.9818808853730862
discogs_16530,mbrainz_3860,0.9930019506667679
discogs_56442,mbrainz_12309,0.9714764080960077
discogs_168007,mbrainz_20255,0.973843489273941
discogs_4572,mbrainz_971,0.9892548340531164
discogs_113681,mbrainz_20255,0.9926825789471112
discogs_174314,mbrainz_29929,0.46104987037610007
discogs_114043,mbrainz_13211,0.9968866689825969
discogs_135,mbrainz_59,0.7685447149323202
discogs_85082,mbrainz_16858,0.9922411992539987
discogs_13104,mbrainz_526,0.9947810260701943
discogs_900,mbrainz_299,0.9930105338157116
discogs_16062,mbrainz_3743,0.801531831470845
discogs_46909,mbrainz_10384,0.7478660447234566
discogs_33429,mbrainz_634,0.8061493112172158
discogs_37754,mbrainz_8387,0.9967767620217638
discogs_107536,mbrainz_4940,0.6835350035927931
discogs_9570,mbrainz_179,0.5688980269931544
discogs_34272,mbrainz_7643,0.9897506082449207
discogs_77584,mbrainz_8555,0.40991295324111426
discogs_35043,mbrainz_7810,0.9952278830107164
discogs_24835,mbrainz_1897,0.9946390489479298
discogs_148237,mbrainz_25686,0.9914520419152684
discogs_33674,mbrainz_7519,0.6533957282764872
discogs_12482,mbrainz_2873,0.994025710505669
discogs_9222,mbrainz_2046,0.533766736823671
discogs_107226,mbrainz_3982,0.6459773601224794
discogs_134778,mbrainz_21605,0.821172648058647
discogs_100310,mbrainz_2827,0.6676654633343855
discogs_251,mbrainz_117,0.8930993442745699
discogs_8058,mbrainz_1687,0.9836568832778446
discogs_51346,mbrainz_11251,0.9686136966464434
discogs_131927,mbrainz_22997,0.9945235968508603
discogs_122442,mbrainz_5773,0.7989466392985323
discogs_19246,mbrainz_1674,0.9293307361191505
discogs_11649,mbrainz_2665,0.9951184284063613
discogs_177633,mbrainz_6117,0.9823873785954866
discogs_5539,mbrainz_1170,0.9780664717139
discogs_10814,mbrainz_2477,0.9479661988554426
discogs_36870,mbrainz_6312,0.32566745287530613
discogs_3685,mbrainz_10450,0.35775494853930145
discogs_110906,mbrainz_10450,0.4222746522717042
discogs_38380,mbrainz_8540,0.9609174211376812
discogs_3868,mbrainz_839,0.993621773994785
discogs_9753,mbrainz_2208,0.9756037413607802
discogs_169279,mbrainz_196,0.670750035925728
discogs_112155,mbrainz_29214,0.4300560926576678
discogs_48288,mbrainz_9944,0.9947467597763706
discogs_26933,mbrainz_6162,0.9571714171461877
discogs_4663,mbrainz_839,0.9864811532158533
discogs_11520,mbrainz_893,0.6604276697489643
discogs_71459,mbrainz_15127,0.9906404820473501
discogs_120022,mbrainz_1712,0.41819705656396905
discogs_15986,mbrainz_3727,0.9967552831791915
discogs_108456,mbrainz_19618,0.9922157307832421
discogs_21684,mbrainz_280,0.39279296947591724
discogs_161,mbrainz_72,0.9951722600868305
discogs_49077,mbrainz_10786,0.9931295512859926
discogs_67988,mbrainz_10868,0.9651981531897976
discogs_46536,mbrainz_10302,0.8334853655420638
discogs_56962,mbrainz_11338,0.9738584524704784
discogs_125545,mbrainz_19050,0.8811291055461767
discogs_30254,mbrainz_6862,0.9824914796311557
discogs_49699,mbrainz_10902,0.8333353458488976
discogs_23005,mbrainz_5321,0.5879540784960887
discogs_41756,mbrainz_791,0.7130770297732548
discogs_44625,mbrainz_8393,0.50143442712664
discogs_25548,mbrainz_3836,0.8712725443047831
discogs_137768,mbrainz_23963,0.9900748414051213
discogs_99588,mbrainz_18562,0.9946322483685217
discogs_166382,mbrainz_28629,0.304315191522894
discogs_19470,mbrainz_4571,0.9968527772842484
discogs_47729,mbrainz_7953,0.8217208713127632
discogs_8390,mbrainz_1812,0.9912034337134884
discogs_84203,mbrainz_1812,0.9841922629625568
discogs_177937,mbrainz_25570,0.31737985443551864
discogs_36551,mbrainz_3406,0.829087512046612
discogs_38649,mbrainz_2737,0.7413924676361079
discogs_11317,mbrainz_2449,0.8252783124072576
discogs_34882,mbrainz_7772,0.9219519282082236
discogs_22582,mbrainz_5247,0.6383979025559651
discogs_15707,mbrainz_3665,0.9828062708248182
discogs_13150,mbrainz_3036,0.9299749714868528
discogs_102116,mbrainz_26846,0.797081429717091
discogs_25086,mbrainz_1672,0.9943644322426777
discogs_36814,mbrainz_1672,0.8526796630779891
discogs_196116,mbrainz_1672,0.8470360815042031
discogs_10320,mbrainz_2347,0.9814357411750875
discogs_1088,mbrainz_334,0.9742722419459366
discogs_22465,mbrainz_10221,0.9928033827293163
discogs_140337,mbrainz_1654,0.909161449903252
discogs_107881,mbrainz_2827,0.728589091985675
discogs_136157,mbrainz_23678,0.9861681120245387
discogs_123076,mbrainz_10391,0.6330031503943773
discogs_136741,mbrainz_301,0.7130118737346589
discogs_737,mbrainz_250,0.9924817849819202
discogs_42153,mbrainz_9394,0.9943566232701999
discogs_97310,mbrainz_19290,0.5827677176459305
discogs_19184,mbrainz_4499,0.9653336940000188
discogs_46941,mbrainz_7048,0.4855693876627052
discogs_16351,mbrainz_3821,0.9572140984990866
discogs_9081,mbrainz_1873,0.45966214618615514
discogs_6745,mbrainz_1400,0.9853279240433206
discogs_89067,mbrainz_19491,0.9608160068887643
discogs_70100,mbrainz_10866,0.9908514948075227
discogs_151835,mbrainz_1867,0.7015063418577298
discogs_151839,mbrainz_1867,0.6628585336275702
discogs_8381,mbrainz_1807,0.9285250326048535
discogs_9658,mbrainz_1867,0.7119701722076351
discogs_19510,mbrainz_4578,0.7874457074556864
discogs_24261,mbrainz_5581,0.9195396955710582
discogs_12588,mbrainz_2901,0.7268732632348347
discogs_136727,mbrainz_23778,0.9937254336684846
discogs_27676,mbrainz_2750,0.33149336085510767
discogs_116180,mbrainz_20645,0.9808536841954043
discogs_105809,mbrainz_18984,0.3694824026386081
discogs_63564,mbrainz_292,0.7941924401923622
discogs_829,mbrainz_278,0.9134982013370453
discogs_14779,mbrainz_3423,0.9833751084780074
discogs_79961,mbrainz_11272,0.9963827557376944
discogs_69531,mbrainz_14787,0.37016667603373576
discogs_97462,mbrainz_284,0.4422411026942463
discogs_163750,mbrainz_10033,0.8320798369437002
discogs_41077,mbrainz_9140,0.9412314356540512
discogs_5549,mbrainz_1172,0.9612277118145167
discogs_473,mbrainz_175,0.7008183152190316
discogs_119488,mbrainz_1835,0.9099124441678715
discogs_109508,mbrainz_18068,0.3971194508684899
discogs_644,mbrainz_210,0.7585866991384075
discogs_23770,mbrainz_1897,0.934910913559989
discogs_166523,mbrainz_1897,0.934910913559989
discogs_47948,mbrainz_10580,0.9802534528420653
discogs_69316,mbrainz_10328,0.8842290150855732
discogs_75574,mbrainz_9452,0.5174648952073277
discogs_8088,mbrainz_1697,0.802123699562935
discogs_108263,mbrainz_19577,0.958064606719649
discogs_58596,mbrainz_12753,0.9527727230043714
discogs_7045,mbrainz_1456,0.8489483393435522
discogs_37094,mbrainz_3276,0.4142774613516465
discogs_142923,mbrainz_3276,0.40538250691498146
discogs_161282,mbrainz_3374,0.9384259263708803
discogs_80268,mbrainz_1866,0.9601026039292787
discogs_11398,mbrainz_301,0.6832790972514564
discogs_9397,mbrainz_2109,0.9928025074617672
discogs_131611,mbrainz_22940,0.43694901583367574
discogs_31284,mbrainz_7048,0.9668983260995514
discogs_129,mbrainz_57,0.8655046030341437
discogs_8377,mbrainz_1806,0.9890810553328985
discogs_23227,mbrainz_5364,0.9237152928321346
discogs_168814,mbrainz_8151,0.6640052502290801
discogs_6159,mbrainz_1297,0.905866831172413
discogs_5850,mbrainz_1240,0.9914287353571525
discogs_46941,mbrainz_10391,0.9810838829668681
discogs_50918,mbrainz_5549,0.9924669222001526
discogs_2785,mbrainz_358,0.9105803307246572
discogs_53859,mbrainz_11785,0.9045442399237845
discogs_100710,mbrainz_18707,0.9956841739917816
discogs_81481,mbrainz_16361,0.9819921519051313
discogs_40,mbrainz_17,0.9917230109155261
discogs_144376,mbrainz_19578,0.4287014364401717
discogs_59660,mbrainz_12973,0.9929753338747679
discogs_102896,mbrainz_22903,0.6747178261774516
discogs_6374,mbrainz_9292,0.6397772812163649
discogs_19427,mbrainz_4551,0.5761966285311395
discogs_29515,mbrainz_28768,0.3781937683681973
discogs_1054,mbrainz_325,0.9908705440282187
discogs_84204,mbrainz_429,0.383696229693277
discogs_14037,mbrainz_429,0.43406416299970135
discogs_14628,mbrainz_3388,0.9939019616625969
discogs_49694,mbrainz_10901,0.98616148198048
discogs_137715,mbrainz_24408,0.9367609305457036
discogs_9559,mbrainz_2155,0.9745206158612925
discogs_66079,mbrainz_14165,0.9931781333158245
discogs_10244,mbrainz_2327,0.9910456823389959
discogs_10715,mbrainz_2449,0.5766683806628258
discogs_168588,mbrainz_29002,0.7103627920957077
discogs_49817,mbrainz_10924,0.943302539079353
discogs_276,mbrainz_131,0.9223162369733439
discogs_53549,mbrainz_11338,0.47171703510095975
discogs_67950,mbrainz_9457,0.9544418472604332
discogs_21511,mbrainz_1835,0.5753002179865364
discogs_66020,mbrainz_14153,0.9708828736258995
discogs_48571,mbrainz_2675,0.7137503501920259
discogs_28571,mbrainz_1464,0.3517000547492186
discogs_94661,mbrainz_17985,0.9911950955855828
discogs_62300,mbrainz_13495,0.9933843896477642
discogs_13777,mbrainz_3178,0.9777136820695211
discogs_87651,mbrainz_17217,0.9416713573199847
discogs_84521,mbrainz_16794,0.9962727555310248
discogs_1634,mbrainz_429,0.6333975640127097
discogs_20330,mbrainz_2515,0.837571015669341
discogs_102132,mbrainz_18883,0.6913577673175914
discogs_77859,mbrainz_26518,0.42045616040931766
discogs_55288,mbrainz_12051,0.9651910632320135
discogs_171579,mbrainz_29534,0.9449238738241036
discogs_2402,mbrainz_356,0.3651733286193469
discogs_6831,mbrainz_1421,0.9680108385607867
discogs_157417,mbrainz_10221,0.7366484188177364
discogs_14247,mbrainz_15474,0.4054869885133988
discogs_9093,mbrainz_2016,0.7325919706367225
discogs_135094,mbrainz_31518,0.5954999005664228
discogs_35628,mbrainz_10547,0.8184001723253674
discogs_2228,mbrainz_535,0.847980533912722
discogs_6334,mbrainz_1325,0.9824835303214893
discogs_9336,mbrainz_2222,0.7887401100466479
discogs_22237,mbrainz_381,0.7931667178170969
discogs_110472,mbrainz_25706,0.8776443183330236
discogs_4168,mbrainz_849,0.5166780116979856
discogs_17875,mbrainz_4173,0.8133011699396623
discogs_142740,mbrainz_8338,0.6775216732098718
discogs_30685,mbrainz_6925,0.9258666795319522
discogs_56783,mbrainz_13255,0.34075913243030986
discogs_184489,mbrainz_14165,0.6770839953315113
discogs_85965,mbrainz_16168,0.5860151750327328
discogs_155944,mbrainz_18516,0.3950310396614887
discogs_8333,mbrainz_1791,0.528812305729884
discogs_82765,mbrainz_10949,0.8501205098880023
discogs_103623,mbrainz_17520,0.9953626756694423
discogs_880,mbrainz_292,0.3782941917052996
discogs_4090,mbrainz_876,0.937310623630249
discogs_87326,mbrainz_11215,0.7120072222110504
discogs_109990,mbrainz_1129,0.4866753144638301
discogs_56198,mbrainz_4392,0.3173819963389624
discogs_12550,mbrainz_301,0.6490968584621477
discogs_56641,mbrainz_301,0.6490968584621477
discogs_119862,mbrainz_9716,0.3824700095386539
discogs_75258,mbrainz_29794,0.6998552209348299
discogs_108012,mbrainz_1695,0.6074730769767956
discogs_138838,mbrainz_1695,0.4519327036941853
discogs_3927,mbrainz_893,0.5820094758369754
discogs_63912,mbrainz_15704,0.7628496502361459
discogs_18570,mbrainz_1762,0.9635645766579721
discogs_60736,mbrainz_13188,0.6190691951040488
discogs_94531,mbrainz_17926,0.359290651125083
discogs_69529,mbrainz_4147,0.6474935547853115
discogs_72827,mbrainz_9446,0.32025251570747876
discogs_65305,mbrainz_14205,0.41344870337831735
discogs_8552,mbrainz_1859,0.9703945394141754
discogs_31284,mbrainz_10391,0.8206952514874777
discogs_39825,mbrainz_8555,0.4712078789542031
discogs_5625,mbrainz_108,0.4149313640686607
discogs_54754,mbrainz_13187,0.5245813822945193
discogs_11520,mbrainz_849,0.5612311882585918
discogs_64358,mbrainz_13875,0.4693910860558603
discogs_16700,mbrainz_854,0.9647309572114952
discogs_101422,mbrainz_3388,0.5309498470253918
discogs_33211,mbrainz_5933,0.34590183835373295
discogs_189,mbrainz_92,0.3349446128902358
discogs_74785,mbrainz_1807,0.6363350351881955
discogs_16188,mbrainz_3776,0.680940145355856
discogs_95242,mbrainz_5645,0.3510559335153678
discogs_13243,mbrainz_1150,0.6894256064859264
discogs_23563,mbrainz_7937,0.5800409905024045
discogs_108285,mbrainz_32017,0.4742324784716021
discogs_97789,mbrainz_18371,0.9614311187603867
discogs_104248,mbrainz_10949,0.6798242289330377
discogs_53297,mbrainz_4370,0.31856526740733476
discogs_6897,mbrainz_3635,0.43002132783771585
discogs_12248,mbrainz_2809,0.46634080067110395
discogs_566,mbrainz_32,0.43363946802081776
discogs_59446,mbrainz_11338,0.559104104786106
discogs_209,mbrainz_82,0.3350552002929913
discogs_2710,mbrainz_237,0.5929492742547819
discogs_6836,mbrainz_1344,0.8107415489381019
discogs_6599,mbrainz_1344,0.6600042885729704
discogs_19207,mbrainz_4506,0.3492346268546918
discogs_135165,mbrainz_20418,0.3820034151467611
discogs_80251,mbrainz_16057,0.34122049075542654
discogs_12249,mbrainz_2808,0.32882652961059977
discogs_118231,mbrainz_820,0.3110308029952109
discogs_57899,mbrainz_11338,0.41153063180803023
discogs_6378,mbrainz_1332,0.9091540482602689
discogs_169350,mbrainz_4109,0.5426158002023703
discogs_78684,mbrainz_16231,0.3818128451216556
discogs_38828,mbrainz_2477,0.8666147065026624
discogs_83,mbrainz_490,0.30161507926236825
discogs_32066,mbrainz_5645,0.6692548033119009
discogs_1008,mbrainz_154,0.510341233865708
discogs_47384,mbrainz_480,0.3062304629966958
discogs_76909,mbrainz_32,0.3282082642795229
discogs_3963,mbrainz_583,0.32825010202948457
discogs_51206,mbrainz_6014,0.33132466466920146
discogs_77990,mbrainz_23213,0.682058386164782
discogs_107310,mbrainz_5466,0.3202059125083871
discogs_76468,mbrainz_15839,0.9079939067851247
discogs_196987,mbrainz_26536,0.5854209109693211
discogs_24136,mbrainz_28983,0.3564614138539172
discogs_31354,mbrainz_8886,0.49516875369865715
discogs_22037,mbrainz_6390,0.30777117741174187
discogs_164866,mbrainz_6390,0.34301373848186234
discogs_42216,mbrainz_6390,0.4489994509697511
discogs_38204,mbrainz_6390,0.34301373848186234
discogs_24466,mbrainz_1718,0.3042913773126978
discogs_10845,mbrainz_1449,0.4289237180595704
discogs_125487,mbrainz_16231,0.43514375236794955
discogs_106117,mbrainz_16057,0.37617665099707687
discogs_28006,mbrainz_2650,0.40734790428922735
discogs_109990,mbrainz_5250,0.3917188703616211
discogs_99445,mbrainz_15890,0.6872588295482605
discogs_45737,mbrainz_10140,0.8030020610905013
discogs_76868,mbrainz_20393,0.32084470732134235
discogs_102570,mbrainz_4151,0.45074022068626535
discogs_12130,mbrainz_2514,0.8144868605505633
discogs_42969,mbrainz_6913,0.3544880857525631
discogs_36473,mbrainz_154,0.33323406154177027
discogs_156107,mbrainz_755,0.49291289275480676
discogs_125070,mbrainz_22019,0.3187697647451073
discogs_27290,mbrainz_8160,0.30529866761662355
discogs_51610,mbrainz_4151,0.4233108269178956
discogs_44960,mbrainz_9443,0.35447343866722303
discogs_122612,mbrainz_7581,0.7070819729805152
discogs_151032,mbrainz_14836,0.4378861700758087
discogs_27647,mbrainz_606,0.4231791448700686
discogs_76467,mbrainz_15839,0.8647307020106575
discogs_73284,mbrainz_7581,0.3890881206198303
discogs_131594,mbrainz_24121,0.3226343062814199
discogs_83550,mbrainz_201,0.3333546492678087
discogs_86401,mbrainz_5262,0.3277093166700947
discogs_17556,mbrainz_4804,0.41540461092592207
discogs_48431,mbrainz_1542,0.5244349404101574
discogs_149093,mbrainz_24298,0.4580807293882182
discogs_167688,mbrainz_31576,0.5129456449014981
discogs_33517,mbrainz_31576,0.3716805067684639
discogs_117991,mbrainz_29170,0.4038950494556877
discogs_197087,mbrainz_7088,0.31078900062406145
discogs_153117,mbrainz_23379,0.5062180690902247
discogs_35792,mbrainz_5482,0.32557360455459805
discogs_155807,mbrainz_9693,0.3530470595624368
discogs_39510,mbrainz_4877,0.3191889597330938
discogs_8483,mbrainz_14267,0.40124743506390276
discogs_61851,mbrainz_10613,0.3624539308260389
discogs_153099,mbrainz_16193,0.814031627462789
discogs_80673,mbrainz_4445,0.5498376278111381
discogs_116,mbrainz_131,0.32950191475298574
discogs_10845,mbrainz_1056,0.7048983618965754
discogs_173958,mbrainz_11748,0.43251552668977955
discogs_38589,mbrainz_8315,0.36095049414876096
discogs_192958,mbrainz_3821,0.379113679610914
discogs_66623,mbrainz_1844,0.47019523765577226
discogs_9131,mbrainz_2083,0.360785643569267
discogs_166869,mbrainz_12400,0.3945657786111904
discogs_147781,mbrainz_21062,0.31736148259684127
discogs_27936,mbrainz_2488,0.3805386447170592
discogs_157371,mbrainz_5549,0.4903878488664147
discogs_25756,mbrainz_1886,0.5732465253579724
discogs_47678,mbrainz_2449,0.3608755654543182
discogs_158893,mbrainz_29002,0.48122881838175086
discogs_22465,mbrainz_2327,0.4161979372574921
discogs_33768,mbrainz_757,0.4195235007497973
discogs_9131,mbrainz_1275,0.3196578972290732
discogs_3736,mbrainz_757,0.5874156120862856
discogs_142065,mbrainz_6150,0.5366791232886122
discogs_103623,mbrainz_26536,0.3833202733042496
discogs_7329,mbrainz_7166,0.3377880903889218
discogs_16218,mbrainz_3860,0.5398749519931904
discogs_2691,mbrainz_6678,0.5519764033190148
discogs_16530,mbrainz_3784,0.5070046983960992
discogs_69137,mbrainz_7457,0.47152375158481796
discogs_157710,mbrainz_16193,0.5069754710754599
discogs_90396,mbrainz_4412,0.6742448668190121
