id1,id2,score
lastFM_66553,mbrainz_26547,0.9166666666666665
lastFM_8416,mbrainz_4054,0.7777777777777777
lastFM_1891,mbrainz_808,1.0
lastFM_46578,mbrainz_18964,0.9130434782608695
lastFM_24154,mbrainz_11263,1.0
lastFM_8073,mbrainz_3889,1.0
lastFM_21829,mbrainz_10230,0.8888888888888888
lastFM_7862,mbrainz_3782,1.0
lastFM_6525,mbrainz_3085,1.0
lastFM_28235,mbrainz_13085,1.0
lastFM_6832,mbrainz_3241,1.0
lastFM_54580,mbrainz_21551,0.8814814814814814
lastFM_56504,mbrainz_22269,0.7945945945945946
lastFM_22977,mbrainz_10744,1.0
lastFM_29038,mbrainz_13427,0.6711323763955342
lastFM_5419,mbrainz_2542,0.9583333333333333
lastFM_78332,mbrainz_31484,0.8436911487758946
lastFM_69091,mbrainz_27580,1.0
lastFM_24736,mbrainz_11543,0.956140350877193
lastFM_20049,mbrainz_9427,0.989247311827957
lastFM_47678,mbrainz_19322,0.9444444444444444
lastFM_35554,mbrainz_15867,0.9473684210526315
lastFM_74640,mbrainz_29909,0.9166666666666665
lastFM_6336,mbrainz_2996,1.0
lastFM_44539,mbrainz_18372,0.8723809523809524
lastFM_76507,mbrainz_30659,0.8453654188948305
lastFM_12283,mbrainz_5823,0.9523809523809523
lastFM_30243,mbrainz_13925,0.9569892473118279
lastFM_47174,mbrainz_19150,0.8439716312056738
lastFM_15992,mbrainz_7483,0.8794326241134751
lastFM_4721,mbrainz_2176,0.8833333333333333
lastFM_19085,mbrainz_8963,0.9738562091503267
lastFM_71738,mbrainz_28695,0.9479166666666666
lastFM_6915,mbrainz_3291,1.0
lastFM_17881,mbrainz_8359,0.8174603174603174
lastFM_54762,mbrainz_21619,1.0
lastFM_19324,mbrainz_9069,0.8774509803921567
lastFM_33138,mbrainz_15071,0.9622641509433962
lastFM_24155,mbrainz_11264,0.9019607843137254
lastFM_71098,mbrainz_28437,0.953125
lastFM_22118,mbrainz_10365,0.9099099099099098
lastFM_13478,mbrainz_6390,0.9487179487179487
lastFM_79500,mbrainz_31972,0.9414414414414414
lastFM_27894,mbrainz_12939,0.8823529411764706
lastFM_19533,mbrainz_9180,0.9537037037037037
lastFM_74707,mbrainz_29931,1.0
lastFM_29498,mbrainz_13614,1.0
lastFM_58179,mbrainz_22929,1.0
lastFM_51747,mbrainz_20526,1.0
lastFM_2258,mbrainz_973,0.8333333333333333
lastFM_34934,mbrainz_15683,0.8279569892473118
lastFM_37119,mbrainz_16231,0.9579579579579579
lastFM_7331,mbrainz_3504,1.0
lastFM_27070,mbrainz_12566,0.8333333333333333
lastFM_34876,mbrainz_15667,0.893200663349917
lastFM_13928,mbrainz_6589,0.875
lastFM_31957,mbrainz_14594,1.0
lastFM_15054,mbrainz_7087,0.9655172413793103
lastFM_18500,mbrainz_8680,1.0
lastFM_10622,mbrainz_5108,1.0
lastFM_14970,mbrainz_7051,0.803030303030303
lastFM_18438,mbrainz_8653,0.9166666666666665
lastFM_35907,mbrainz_16001,1.0
lastFM_25395,mbrainz_11815,1.0
lastFM_30415,mbrainz_14002,1.0
lastFM_26747,mbrainz_12416,1.0
lastFM_1195,mbrainz_546,0.9722222222222221
lastFM_7845,mbrainz_3774,1.0
lastFM_5048,mbrainz_2341,0.9411764705882353
lastFM_18143,mbrainz_8496,1.0
lastFM_21441,mbrainz_10066,0.9819819819819819
lastFM_20677,mbrainz_9706,0.8148148148148148
lastFM_12873,mbrainz_6122,0.8288288288288288
lastFM_11590,mbrainz_5511,0.9882005899705014
lastFM_53871,mbrainz_21295,0.7372372372372372
lastFM_27675,mbrainz_12847,1.0
lastFM_2752,mbrainz_1192,0.7777777777777777
lastFM_19099,mbrainz_8972,0.9666666666666666
lastFM_47619,mbrainz_19290,0.9333333333333333
lastFM_46545,mbrainz_18954,0.7987987987987988
lastFM_39950,mbrainz_17076,1.0
lastFM_64147,mbrainz_25439,1.0
lastFM_8086,mbrainz_3896,0.9642857142857142
lastFM_75539,mbrainz_30257,0.7777777777777777
lastFM_3488,mbrainz_1496,1.0
lastFM_38559,mbrainz_16657,0.7537537537537538
lastFM_60846,mbrainz_24026,0.9555555555555555
lastFM_19350,mbrainz_9087,1.0
lastFM_56909,mbrainz_22416,1.0
lastFM_16918,mbrainz_7932,0.9523809523809523
lastFM_80659,mbrainz_32469,1.0
lastFM_65454,mbrainz_26032,0.8888888888888888
lastFM_56428,mbrainz_22237,0.7294372294372294
lastFM_16724,mbrainz_7842,0.931547619047619
lastFM_58564,mbrainz_23088,0.8333333333333333
lastFM_41102,mbrainz_17466,0.8431372549019607
lastFM_32042,mbrainz_14634,1.0
lastFM_12991,mbrainz_6165,1.0
lastFM_19346,mbrainz_9085,0.8558558558558558
lastFM_5439,mbrainz_2554,0.9279279279279279
lastFM_57473,mbrainz_22652,0.7407407407407407
lastFM_11103,mbrainz_5311,1.0
lastFM_25323,mbrainz_11793,0.8925619834710743
lastFM_21756,mbrainz_10198,0.7868217054263565
lastFM_70213,mbrainz_28051,1.0
lastFM_63634,mbrainz_25221,0.7416666666666667
lastFM_8517,mbrainz_4110,1.0
lastFM_8057,mbrainz_3879,0.8035087719298245
lastFM_21587,mbrainz_15213,1.0
lastFM_45378,mbrainz_18618,0.8333333333333333
lastFM_27544,mbrainz_12791,0.7953929539295392
lastFM_44469,mbrainz_18349,0.8183183183183184
lastFM_72401,mbrainz_29002,1.0
lastFM_18794,mbrainz_8820,0.9302325581395348
lastFM_433,mbrainz_254,1.0
lastFM_16886,mbrainz_7916,0.874180865006553
lastFM_44789,mbrainz_18446,0.9130434782608695
lastFM_30080,mbrainz_13866,1.0
lastFM_8775,mbrainz_4236,0.8909090909090909
lastFM_6392,mbrainz_3023,0.8333333333333333
lastFM_7150,mbrainz_3408,0.9487179487179487
lastFM_73644,mbrainz_29530,1.0
lastFM_14765,mbrainz_6958,0.7777777777777777
lastFM_9246,mbrainz_4488,0.8761904761904762
lastFM_26314,mbrainz_12221,0.8888888888888888
lastFM_24551,mbrainz_11453,0.9696969696969696
lastFM_69577,mbrainz_27773,0.961111111111111
lastFM_58849,mbrainz_23204,1.0
lastFM_29443,mbrainz_13595,1.0
lastFM_1755,mbrainz_745,0.8315972222222222
lastFM_17968,mbrainz_8408,0.8333333333333333
lastFM_2739,mbrainz_1186,1.0
lastFM_48854,mbrainz_19607,0.9506172839506173
lastFM_53774,mbrainz_21259,0.8717948717948718
lastFM_59686,mbrainz_23527,0.9444444444444444
lastFM_1165,mbrainz_532,0.9444444444444444
lastFM_38263,mbrainz_16566,0.9770114942528735
lastFM_40955,mbrainz_17408,0.8127394636015326
lastFM_8700,mbrainz_4197,0.9166666666666665
lastFM_2589,mbrainz_1128,0.9444444444444444
lastFM_8909,mbrainz_4307,1.0
lastFM_37535,mbrainz_16327,1.0
lastFM_2025,mbrainz_869,0.7222222222222221
lastFM_2922,mbrainz_1263,0.8888888888888888
lastFM_21715,mbrainz_10183,0.9122807017543859
lastFM_44925,mbrainz_18486,0.9583333333333333
lastFM_29071,mbrainz_13443,1.0
lastFM_16542,mbrainz_7755,1.0
lastFM_5615,mbrainz_2636,0.9246031746031746
lastFM_42483,mbrainz_17808,0.898148148148148
lastFM_5680,mbrainz_2676,1.0
lastFM_1769,mbrainz_754,0.6343434343434343
lastFM_37799,mbrainz_16405,0.6666666666666666
lastFM_14281,mbrainz_6760,1.0
lastFM_62694,mbrainz_24797,0.6944444444444444
lastFM_49808,mbrainz_19825,0.8888888888888888
lastFM_988,mbrainz_469,1.0
lastFM_54,mbrainz_40,0.8888888888888888
lastFM_50655,mbrainz_20119,0.7983716475095785
lastFM_82014,mbrainz_33103,0.975609756097561
lastFM_33726,mbrainz_15336,0.8333333333333333
lastFM_31398,mbrainz_14360,0.9838709677419355
lastFM_18208,mbrainz_8528,0.9333333333333333
lastFM_14121,mbrainz_6684,0.9372549019607843
lastFM_17605,mbrainz_8227,1.0
lastFM_410,mbrainz_236,0.8888888888888888
lastFM_38000,mbrainz_16471,1.0
lastFM_6375,mbrainz_3014,1.0
lastFM_53481,mbrainz_21151,0.6705426356589147
lastFM_46450,mbrainz_18926,0.711111111111111
lastFM_82327,mbrainz_33241,0.9354838709677419
lastFM_37733,mbrainz_16389,0.6666666666666666
lastFM_8014,mbrainz_3851,0.838095238095238
lastFM_5748,mbrainz_2709,0.8888888888888888
lastFM_434,mbrainz_255,1.0
lastFM_23945,mbrainz_11156,0.9047619047619047
lastFM_11312,mbrainz_22231,0.9753086419753085
lastFM_22190,mbrainz_10399,0.9615384615384615
lastFM_23198,mbrainz_10826,0.8712121212121211
lastFM_74938,mbrainz_30023,1.0
lastFM_53101,mbrainz_21027,1.0
lastFM_7604,mbrainz_3651,0.9444444444444444
lastFM_9475,mbrainz_4598,0.8888888888888888
lastFM_7857,mbrainz_3779,1.0
lastFM_12468,mbrainz_5914,0.7777777777777777
lastFM_35744,mbrainz_15928,0.9333333333333333
lastFM_60225,mbrainz_23762,0.9800995024875622
lastFM_20146,mbrainz_9474,0.9022988505747126
lastFM_46774,mbrainz_19025,1.0
lastFM_9432,mbrainz_4578,0.9393939393939393
lastFM_60676,mbrainz_23957,0.9393939393939393
lastFM_28266,mbrainz_13101,1.0
lastFM_61012,mbrainz_24092,0.9761904761904762
lastFM_416,mbrainz_241,0.9166666666666666
lastFM_29901,mbrainz_13786,0.9333333333333333
lastFM_10450,mbrainz_5030,0.8539682539682539
lastFM_16241,mbrainz_7614,1.0
lastFM_42390,mbrainz_17763,1.0
lastFM_26470,mbrainz_12297,1.0
lastFM_541,mbrainz_307,0.7777777777777777
lastFM_20843,mbrainz_9789,0.9032258064516129
lastFM_7623,mbrainz_3663,0.6851851851851851
lastFM_51524,mbrainz_20447,0.9166666666666665
lastFM_822,mbrainz_407,0.9166666666666665
lastFM_8915,mbrainz_4310,1.0
lastFM_36969,mbrainz_16186,0.922077922077922
lastFM_30023,mbrainz_13837,0.9459459459459458
lastFM_39506,mbrainz_16932,0.8999999999999999
lastFM_7467,mbrainz_3575,0.9425287356321839
lastFM_76111,mbrainz_30489,0.9347826086956521
lastFM_43204,mbrainz_17945,1.0
lastFM_14340,mbrainz_6787,0.8333333333333333
lastFM_50926,mbrainz_20206,0.9841269841269841
lastFM_63547,mbrainz_25178,0.9784946236559139
lastFM_27896,mbrainz_12940,0.8015873015873016
lastFM_71564,mbrainz_28626,1.0
lastFM_37545,mbrainz_16334,0.9487179487179487
lastFM_13747,mbrainz_6514,0.7872628726287263
lastFM_47697,mbrainz_19335,0.9259259259259258
lastFM_18559,mbrainz_8709,1.0
lastFM_42817,mbrainz_17829,0.9819819819819819
lastFM_28886,mbrainz_13364,1.0
lastFM_14052,mbrainz_6644,0.8333333333333333
lastFM_3516,mbrainz_1510,0.9682539682539681
lastFM_4666,mbrainz_2150,0.9444444444444444
lastFM_25803,mbrainz_11989,0.7393162393162392
lastFM_80463,mbrainz_32383,1.0
lastFM_12402,mbrainz_5880,1.0
lastFM_8134,mbrainz_3919,0.7777777777777777
lastFM_79215,mbrainz_31847,1.0
lastFM_59527,mbrainz_23470,0.6825396825396826
lastFM_50826,mbrainz_20177,0.96875
lastFM_4544,mbrainz_2074,1.0
lastFM_15999,mbrainz_7487,0.9523809523809523
lastFM_3456,mbrainz_1482,0.8333333333333333
lastFM_30690,mbrainz_14097,0.8292682926829268
lastFM_18151,mbrainz_8502,0.9114754098360656
lastFM_13911,mbrainz_6578,0.9487179487179487
lastFM_4558,mbrainz_2082,0.7558139534883721
lastFM_34250,mbrainz_15556,1.0
lastFM_2479,mbrainz_1070,0.8602150537634408
lastFM_23767,mbrainz_11085,0.9242424242424242
lastFM_40124,mbrainz_17143,0.9753086419753085
lastFM_1603,mbrainz_691,0.9054726368159203
lastFM_36891,mbrainz_16161,0.9166666666666665
lastFM_29672,mbrainz_13689,0.8571428571428571
lastFM_5548,mbrainz_2607,0.6854030501089324
lastFM_25486,mbrainz_11847,1.0
lastFM_19312,mbrainz_9063,0.9743589743589743
lastFM_69727,mbrainz_27835,1.0
lastFM_9267,mbrainz_4498,0.9393939393939393
lastFM_2442,mbrainz_1054,0.9420289855072463
lastFM_7698,mbrainz_3696,0.9722222222222221
lastFM_35300,mbrainz_15790,0.7888888888888889
lastFM_73899,mbrainz_29624,1.0
lastFM_25585,mbrainz_11897,0.8833333333333333
lastFM_72717,mbrainz_29147,1.0
lastFM_5783,mbrainz_6884,0.8888888888888888
lastFM_32033,mbrainz_14630,0.6565656565656566
lastFM_81741,mbrainz_32973,0.7777777777777777
lastFM_52775,mbrainz_20922,0.711111111111111
lastFM_34018,mbrainz_15452,0.8472222222222222
lastFM_23319,mbrainz_10889,0.8528528528528528
lastFM_30678,mbrainz_14091,0.7777777777777777
lastFM_11283,mbrainz_5391,1.0
lastFM_32281,mbrainz_14726,1.0
lastFM_24545,mbrainz_11450,0.75
lastFM_1375,mbrainz_604,1.0
lastFM_6239,mbrainz_2951,0.7333333333333333
lastFM_63731,mbrainz_25261,0.7198067632850241
lastFM_45316,mbrainz_18601,0.9469696969696969
lastFM_11500,mbrainz_5479,1.0
lastFM_44496,mbrainz_18358,0.8471177944862156
lastFM_22918,mbrainz_10714,1.0
lastFM_11395,mbrainz_5434,0.9333333333333333
lastFM_8633,mbrainz_4163,0.9809523809523809
lastFM_41616,mbrainz_17543,0.8043478260869565
lastFM_33930,mbrainz_15414,0.9166666666666665
lastFM_4458,mbrainz_2024,0.8809523809523809
lastFM_59316,mbrainz_20471,1.0
lastFM_869,mbrainz_421,0.9090909090909091
lastFM_7356,mbrainz_3517,0.8888888888888888
lastFM_76081,mbrainz_30481,0.8333333333333333
lastFM_77358,mbrainz_31032,0.6315470784135634
lastFM_4650,mbrainz_2139,1.0
lastFM_3525,mbrainz_1514,0.8538011695906432
lastFM_9124,mbrainz_4415,1.0
lastFM_4128,mbrainz_1840,1.0
lastFM_7220,mbrainz_3445,0.7777777777777777
lastFM_11032,mbrainz_5285,0.8572769953051643
lastFM_31123,mbrainz_14267,0.8918918918918919
lastFM_8373,mbrainz_4029,1.0
lastFM_1490,mbrainz_641,1.0
lastFM_80564,mbrainz_32425,0.7802469135802469
lastFM_79841,mbrainz_32120,0.8627450980392156
lastFM_29239,mbrainz_13515,1.0
lastFM_31945,mbrainz_14588,0.8888888888888888
lastFM_3785,mbrainz_1631,0.873015873015873
lastFM_40429,mbrainz_17238,0.9333333333333333
lastFM_7789,mbrainz_3741,0.9333333333333333
lastFM_20530,mbrainz_9649,0.6552287581699345
lastFM_29755,mbrainz_13725,0.9655172413793103
lastFM_35721,mbrainz_22988,0.9555555555555555
lastFM_76477,mbrainz_30648,0.9569892473118279
lastFM_49395,mbrainz_19686,0.7916666666666666
lastFM_16836,mbrainz_7895,0.9166666666666665
lastFM_21537,mbrainz_10108,0.9166666666666665
lastFM_35611,mbrainz_15886,0.9166666666666665
lastFM_52305,mbrainz_20762,0.9298245614035088
lastFM_9651,mbrainz_4679,0.8796296296296295
lastFM_32495,mbrainz_14814,0.9696969696969695
lastFM_201,mbrainz_150,0.8888888888888888
lastFM_17337,mbrainz_8110,1.0
lastFM_53023,mbrainz_21003,0.8935969868173258
lastFM_7415,mbrainz_3546,1.0
lastFM_42022,mbrainz_17658,0.9166666666666665
lastFM_5746,mbrainz_2708,0.6732348111658455
lastFM_15033,mbrainz_7083,1.0
lastFM_78080,mbrainz_31367,0.7458628841607564
lastFM_21732,mbrainz_10188,0.8700564971751412
lastFM_9966,mbrainz_4812,0.85
lastFM_59975,mbrainz_23657,0.8206896551724138
lastFM_7754,mbrainz_3725,0.9358974358974359
lastFM_79648,mbrainz_32020,1.0
lastFM_32947,mbrainz_15000,0.8964646464646464
lastFM_53597,mbrainz_21876,0.9333333333333333
lastFM_53159,mbrainz_22063,1.0
lastFM_55910,mbrainz_22029,0.6712328767123288
lastFM_28562,mbrainz_13238,0.9285714285714285
lastFM_50291,mbrainz_19986,0.8333333333333333
lastFM_66858,mbrainz_26672,1.0
lastFM_7544,mbrainz_3618,0.9555555555555555
lastFM_877,mbrainz_424,1.0
lastFM_20852,mbrainz_9794,0.8999999999999999
lastFM_36435,mbrainz_16060,0.7777777777777777
lastFM_629,mbrainz_341,0.7222222222222222
lastFM_60033,mbrainz_23681,0.9696969696969696
lastFM_35465,mbrainz_15835,0.8888888888888888
lastFM_64755,mbrainz_25714,0.9555555555555555
lastFM_4709,mbrainz_2169,1.0
lastFM_24050,mbrainz_11214,0.9466666666666665
lastFM_106,mbrainz_80,0.9166666666666665
lastFM_61032,mbrainz_24101,0.9532163742690059
lastFM_51455,mbrainz_20418,0.9259259259259258
lastFM_164,mbrainz_127,1.0
lastFM_25365,mbrainz_11808,0.7864583333333333
lastFM_9253,mbrainz_4491,0.7009803921568627
lastFM_56048,mbrainz_22093,1.0
lastFM_51492,mbrainz_20434,0.9166666666666665
lastFM_7890,mbrainz_3798,0.9333333333333333
lastFM_6435,mbrainz_3047,0.7777777777777777
lastFM_21122,mbrainz_9908,0.8888888888888888
lastFM_68615,mbrainz_27411,0.8333333333333333
lastFM_50823,mbrainz_20175,0.9298245614035088
lastFM_19094,mbrainz_8968,0.9393939393939393
lastFM_57012,mbrainz_22456,0.8888888888888888
lastFM_29644,mbrainz_13677,0.8333333333333333
lastFM_54718,mbrainz_21601,0.9777777777777777
lastFM_64028,mbrainz_25391,0.9371069182389937
lastFM_60215,mbrainz_23760,0.8333333333333333
lastFM_51397,mbrainz_20393,0.9753086419753085
lastFM_71019,mbrainz_28403,0.9583333333333333
lastFM_15742,mbrainz_7366,0.857142857142857
lastFM_58905,mbrainz_23223,0.7536796536796537
lastFM_5200,mbrainz_2436,1.0
lastFM_32295,mbrainz_14733,0.6843971631205674
lastFM_44432,mbrainz_18332,0.6944444444444444
lastFM_72672,mbrainz_29127,0.7916666666666666
lastFM_155,mbrainz_119,0.7777777777777777
lastFM_34841,mbrainz_15657,0.7347670250896057
lastFM_25984,mbrainz_12065,0.6666666666666666
lastFM_82595,mbrainz_33377,0.9333333333333333
lastFM_16125,mbrainz_7556,1.0
lastFM_35875,mbrainz_15986,1.0
lastFM_13196,mbrainz_6256,0.635933806146572
lastFM_48919,mbrainz_19636,0.8672839506172838
lastFM_33336,mbrainz_15154,1.0
lastFM_27646,mbrainz_12833,0.766966966966967
lastFM_51544,mbrainz_29817,1.0
lastFM_42263,mbrainz_17729,0.9166666666666665
lastFM_30509,mbrainz_14036,1.0
lastFM_10344,mbrainz_4986,0.7948051948051947
lastFM_73320,mbrainz_29414,0.9333333333333333
lastFM_64133,mbrainz_25434,0.8262195121951219
lastFM_2555,mbrainz_1109,0.8214285714285714
lastFM_21544,mbrainz_10112,1.0
lastFM_18215,mbrainz_8534,0.7604166666666666
lastFM_368,mbrainz_212,0.8333333333333333
lastFM_5080,mbrainz_2360,0.8073593073593073
lastFM_8050,mbrainz_3873,0.9166666666666665
lastFM_10538,mbrainz_5072,1.0
lastFM_5831,mbrainz_2743,0.7608695652173914
lastFM_33492,mbrainz_15220,0.7569892473118279
lastFM_24884,mbrainz_11606,0.9182389937106918
lastFM_66723,mbrainz_26617,0.9351851851851851
lastFM_56921,mbrainz_22421,0.6201550387596899
lastFM_26446,mbrainz_12285,0.8333333333333333
lastFM_25774,mbrainz_11979,0.8999999999999999
lastFM_12869,mbrainz_6119,0.9259259259259258
lastFM_6927,mbrainz_3299,1.0
lastFM_7410,mbrainz_3544,0.8333333333333333
lastFM_46104,mbrainz_18812,0.9166666666666665
lastFM_23168,mbrainz_10813,0.9333333333333333
lastFM_76355,mbrainz_30588,0.8766233766233766
lastFM_82620,mbrainz_33393,0.6349206349206349
lastFM_4764,mbrainz_2199,0.9523809523809523
lastFM_29616,mbrainz_13665,0.7373737373737373
lastFM_52333,mbrainz_20773,0.7523809523809524
lastFM_77732,mbrainz_31205,0.7761904761904762
lastFM_44105,mbrainz_18232,0.8492063492063492
lastFM_10922,mbrainz_5239,0.911111111111111
lastFM_6977,mbrainz_3326,0.8726287262872628
lastFM_13439,mbrainz_6367,1.0
lastFM_1074,mbrainz_498,0.9259259259259258
lastFM_58171,mbrainz_22925,0.6212871287128712
lastFM_52085,mbrainz_20668,0.7777777777777777
lastFM_49493,mbrainz_19719,0.9583333333333333
lastFM_697,mbrainz_370,0.9444444444444444
lastFM_24290,mbrainz_11333,0.8333333333333333
lastFM_3787,mbrainz_1633,0.9540229885057471
lastFM_46575,mbrainz_18962,0.6614173228346456
lastFM_81776,mbrainz_32988,0.8214285714285714
lastFM_59340,mbrainz_23393,0.9298245614035088
lastFM_30819,mbrainz_14145,0.835820895522388
lastFM_3030,mbrainz_1305,0.8888888888888888
lastFM_53026,mbrainz_21004,0.9215686274509803
lastFM_34317,mbrainz_15577,0.8240740740740741
lastFM_39210,mbrainz_16851,1.0
lastFM_37972,mbrainz_16465,0.7936507936507937
lastFM_11727,mbrainz_5575,0.8736559139784945
lastFM_3158,mbrainz_1356,0.9166666666666665
lastFM_2484,mbrainz_1074,0.9523809523809523
lastFM_25088,mbrainz_11696,0.65359477124183
lastFM_66752,mbrainz_26626,0.8888888888888888
lastFM_60335,mbrainz_23807,0.8333333333333333
lastFM_15262,mbrainz_7168,0.8666666666666666
lastFM_61385,mbrainz_24245,0.9607843137254901
lastFM_33911,mbrainz_15407,1.0
lastFM_21338,mbrainz_10020,0.7777777777777777
lastFM_7420,mbrainz_3549,0.9444444444444444
lastFM_27551,mbrainz_12797,0.9215686274509803
lastFM_56558,mbrainz_22290,0.9166666666666666
lastFM_60674,mbrainz_23956,0.6875
lastFM_44336,mbrainz_18301,0.873015873015873
lastFM_7609,mbrainz_3655,1.0
lastFM_15001,mbrainz_7068,0.8095238095238095
lastFM_10763,mbrainz_5167,0.6247927031509121
lastFM_12904,mbrainz_7247,0.9333333333333333
lastFM_1110,mbrainz_505,1.0
lastFM_36334,mbrainz_16030,1.0
lastFM_59844,mbrainz_23596,0.8888888888888888
lastFM_1397,mbrainz_611,0.6481481481481481
lastFM_7895,mbrainz_3801,0.8666666666666667
lastFM_10595,mbrainz_5095,0.923076923076923
lastFM_15533,mbrainz_7275,0.9361702127659574
lastFM_87,mbrainz_65,1.0
lastFM_52273,mbrainz_20745,0.7073293172690762
lastFM_6470,mbrainz_3061,0.9462365591397849
lastFM_4730,mbrainz_2181,0.8185185185185185
lastFM_66876,mbrainz_26680,1.0
lastFM_4206,mbrainz_1884,0.6418300653594771
lastFM_13508,mbrainz_6404,0.8142857142857143
lastFM_38292,mbrainz_16571,0.9166666666666665
lastFM_22672,mbrainz_10603,0.8333333333333333
lastFM_355,mbrainz_206,0.7777777777777777
lastFM_76561,mbrainz_30679,1.0
lastFM_277,mbrainz_174,0.8666666666666667
lastFM_23632,mbrainz_11022,0.8888888888888888
lastFM_64618,mbrainz_25643,0.9523809523809523
lastFM_6949,mbrainz_3311,0.7777777777777777
lastFM_69064,mbrainz_27564,0.7142857142857142
lastFM_36350,mbrainz_16036,0.7777777777777777
lastFM_45547,mbrainz_18664,0.8
lastFM_7879,mbrainz_3793,0.9333333333333333
lastFM_14312,mbrainz_6774,0.8549817423056858
lastFM_46426,mbrainz_18917,0.6855072463768116
lastFM_34141,mbrainz_15514,0.6686014372581537
lastFM_5754,mbrainz_2710,0.7222222222222222
lastFM_51055,mbrainz_20268,0.8823529411764706
lastFM_8990,mbrainz_4355,0.8888888888888888
lastFM_15296,mbrainz_7181,0.9012345679012346
lastFM_58003,mbrainz_24381,1.0
lastFM_2271,mbrainz_978,0.9696969696969696
lastFM_27405,mbrainz_12720,0.9555555555555555
lastFM_7858,mbrainz_3780,1.0
lastFM_57992,mbrainz_22860,0.8174603174603174
lastFM_17897,mbrainz_8367,0.8888888888888888
lastFM_4408,mbrainz_1994,0.7833148763381321
lastFM_4,mbrainz_4,0.7777777777777777
lastFM_22125,mbrainz_10369,1.0
lastFM_5014,mbrainz_2323,1.0
lastFM_5397,mbrainz_2531,0.8888888888888888
lastFM_19415,mbrainz_9118,0.6746031746031745
lastFM_6998,mbrainz_3337,0.9674796747967479
lastFM_2208,mbrainz_956,0.9333333333333333
lastFM_3935,mbrainz_1725,1.0
lastFM_17855,mbrainz_8346,0.8222222222222222
lastFM_58846,mbrainz_23203,0.6198830409356725
lastFM_42470,mbrainz_17798,0.9206349206349207
lastFM_23497,mbrainz_10968,1.0
lastFM_37738,mbrainz_16390,0.8333333333333333
lastFM_63010,mbrainz_24934,0.9217687074829931
lastFM_9809,mbrainz_4745,0.8666666666666666
lastFM_37086,mbrainz_16225,0.9761904761904762
lastFM_26483,mbrainz_12301,0.7822222222222223
lastFM_13777,mbrainz_6523,0.691358024691358
lastFM_21838,mbrainz_10236,0.8666666666666667
lastFM_19915,mbrainz_9370,0.8903225806451612
lastFM_7246,mbrainz_3459,0.7777777777777777
lastFM_2137,mbrainz_919,0.9777777777777777
lastFM_20255,mbrainz_9523,0.6666666666666666
lastFM_66803,mbrainz_26649,0.9371069182389937
lastFM_58142,mbrainz_22914,0.7222222222222221
lastFM_17996,mbrainz_8419,1.0
lastFM_21923,mbrainz_10279,0.9682539682539681
lastFM_27616,mbrainz_12822,0.7301587301587301
lastFM_20926,mbrainz_9830,0.8076923076923077
lastFM_64767,mbrainz_25717,0.7444444444444445
lastFM_24976,mbrainz_11647,1.0
lastFM_33286,mbrainz_15134,1.0
lastFM_7192,mbrainz_3431,0.812206572769953
lastFM_6436,mbrainz_3048,0.6371308016877637
lastFM_7807,mbrainz_3746,0.8765432098765431
lastFM_12685,mbrainz_6028,0.8713450292397661
lastFM_53770,mbrainz_21257,0.9679487179487178
lastFM_66759,mbrainz_26628,0.7991452991452992
lastFM_7352,mbrainz_3514,0.6666666666666666
lastFM_2972,mbrainz_1284,0.7268518518518519
lastFM_34846,mbrainz_15658,0.7575757575757576
lastFM_78718,mbrainz_31653,0.7023255813953488
lastFM_8442,mbrainz_4066,1.0
lastFM_13470,mbrainz_6384,0.7222222222222221
lastFM_74422,mbrainz_29816,0.8484848484848484
lastFM_5405,mbrainz_2536,0.9313725490196078
lastFM_83170,mbrainz_33650,0.7777777777777777
lastFM_13022,mbrainz_6179,0.893939393939394
lastFM_46871,mbrainz_19064,0.8703703703703705
lastFM_49954,mbrainz_19871,0.7777777777777777
lastFM_25549,mbrainz_11878,1.0
lastFM_1915,mbrainz_826,0.717948717948718
lastFM_8064,mbrainz_3883,0.8245614035087718
lastFM_82921,mbrainz_33533,0.986111111111111
lastFM_61984,mbrainz_24495,1.0
lastFM_45844,mbrainz_18743,0.8028455284552845
lastFM_66616,mbrainz_26566,0.7777777777777777
lastFM_5678,mbrainz_2674,1.0
lastFM_32579,mbrainz_14852,0.6086956521739131
lastFM_24575,mbrainz_11467,1.0
lastFM_78966,mbrainz_31745,0.9444444444444444
lastFM_22295,mbrainz_10449,0.6984126984126984
lastFM_53979,mbrainz_21338,0.7169312169312169
lastFM_20923,mbrainz_9827,0.9012345679012346
lastFM_31015,mbrainz_14218,0.9534883720930232
lastFM_35447,mbrainz_15831,1.0
lastFM_17186,mbrainz_8051,1.0
lastFM_58369,mbrainz_23008,0.7777777777777777
lastFM_37803,mbrainz_16406,0.7777777777777777
lastFM_20970,mbrainz_9844,0.6666666666666666
lastFM_19870,mbrainz_9350,0.8333333333333333
lastFM_16166,mbrainz_7574,0.9479166666666666
lastFM_64418,mbrainz_25550,0.606060606060606
lastFM_2076,mbrainz_896,1.0
lastFM_5964,mbrainz_2811,0.6666666666666666
lastFM_32396,mbrainz_14773,0.8170731707317073
lastFM_71990,mbrainz_28812,0.8888888888888888
lastFM_38087,mbrainz_16498,0.8333333333333333
lastFM_28598,mbrainz_13253,1.0
lastFM_1002,mbrainz_478,0.9166666666666665
lastFM_10376,mbrainz_5002,1.0
lastFM_36570,mbrainz_16086,0.9761904761904762
lastFM_79006,mbrainz_31762,0.9032258064516129
lastFM_4604,mbrainz_2112,0.857142857142857
lastFM_32494,mbrainz_14813,1.0
lastFM_28179,mbrainz_13060,0.8055555555555556
lastFM_22244,mbrainz_10428,0.7857142857142856
lastFM_26329,mbrainz_12230,0.9066666666666666
lastFM_66123,mbrainz_26340,0.9102564102564101
lastFM_6144,mbrainz_2907,0.9333333333333333
lastFM_21754,mbrainz_10196,0.9166666666666665
lastFM_19869,mbrainz_9349,1.0
lastFM_16401,mbrainz_7677,0.9333333333333333
lastFM_34100,mbrainz_15494,0.6588235294117647
lastFM_13476,mbrainz_6388,0.8055555555555556
lastFM_56062,mbrainz_22096,0.7777777777777777
lastFM_30428,mbrainz_14007,0.7833333333333332
lastFM_516,mbrainz_296,0.8939393939393938
lastFM_48900,mbrainz_19628,0.7666666666666666
lastFM_72095,mbrainz_28864,0.8854166666666666
lastFM_15894,mbrainz_7432,0.7222222222222221
lastFM_52973,mbrainz_20987,1.0
lastFM_11465,mbrainz_5466,0.7777777777777777
lastFM_3037,mbrainz_1308,0.711111111111111
lastFM_43806,mbrainz_18330,0.9593495934959348
lastFM_21596,mbrainz_10131,0.8888888888888888
lastFM_51898,mbrainz_20594,1.0
lastFM_71529,mbrainz_28613,0.8666666666666666
lastFM_22155,mbrainz_10384,0.8333333333333333
lastFM_10197,mbrainz_4914,0.8333333333333333
lastFM_70104,mbrainz_28001,0.7777777777777777
lastFM_3961,mbrainz_1746,0.7916666666666666
lastFM_9367,mbrainz_4543,0.803030303030303
lastFM_17121,mbrainz_8024,0.9358974358974359
lastFM_78468,mbrainz_31537,0.9333333333333333
lastFM_65,mbrainz_47,0.9259259259259258
lastFM_80558,mbrainz_32424,0.9629629629629629
lastFM_2243,mbrainz_970,0.7777777777777777
lastFM_14063,mbrainz_6652,0.9166666666666666
lastFM_38654,mbrainz_16689,1.0
lastFM_26814,mbrainz_12446,0.8817204301075268
lastFM_11330,mbrainz_5411,1.0
lastFM_77985,mbrainz_31324,1.0
lastFM_66794,mbrainz_26644,1.0
lastFM_28837,mbrainz_13347,0.9259259259259258
lastFM_83111,mbrainz_33617,0.8333333333333333
lastFM_81,mbrainz_61,0.7904761904761904
lastFM_66952,mbrainz_26717,0.8125
lastFM_4882,mbrainz_2261,0.9008620689655172
lastFM_10164,mbrainz_4901,0.6666666666666667
lastFM_6044,mbrainz_2849,0.6643990929705216
lastFM_5049,mbrainz_2342,0.9084967320261437
lastFM_33794,mbrainz_15365,1.0
lastFM_28214,mbrainz_13074,0.7457264957264957
lastFM_30168,mbrainz_13896,0.7833333333333333
lastFM_11368,mbrainz_5424,0.6711111111111111
lastFM_20790,mbrainz_9767,0.8220551378446115
lastFM_27285,mbrainz_12656,0.8985507246376812
lastFM_5535,mbrainz_2603,1.0
lastFM_11417,mbrainz_5444,0.7888888888888889
lastFM_26062,mbrainz_12097,0.8755555555555555
lastFM_24136,mbrainz_11253,0.9290780141843971
lastFM_78143,mbrainz_31392,0.9333333333333333
lastFM_10647,mbrainz_5123,0.611111111111111
lastFM_2639,mbrainz_1145,0.9047619047619047
lastFM_4711,mbrainz_2170,0.6666666666666666
lastFM_3989,mbrainz_1761,0.6944444444444444
lastFM_2540,mbrainz_1101,0.8833333333333333
lastFM_59360,mbrainz_23401,0.7473118279569892
lastFM_25183,mbrainz_11730,0.9166666666666665
lastFM_34918,mbrainz_15680,0.8592592592592592
lastFM_54700,mbrainz_21594,0.7235142118863049
lastFM_8404,mbrainz_4046,0.8
lastFM_3724,mbrainz_1586,0.696078431372549
lastFM_30275,mbrainz_13939,1.0
lastFM_33132,mbrainz_15067,0.6944444444444444
lastFM_62908,mbrainz_24892,0.9494949494949494
lastFM_11858,mbrainz_5629,0.7284946236559139
lastFM_14780,mbrainz_6966,0.75
lastFM_37021,mbrainz_16206,0.7614035087719297
lastFM_9794,mbrainz_4736,0.8888888888888888
lastFM_3123,mbrainz_1342,0.8008130081300813
lastFM_19549,mbrainz_9191,0.9444444444444444
lastFM_26628,mbrainz_12359,0.9137931034482758
lastFM_9835,mbrainz_4758,0.6666666666666666
lastFM_39006,mbrainz_16798,0.8888888888888888
lastFM_6384,mbrainz_3019,0.6467136150234741
lastFM_78672,mbrainz_31636,0.9090909090909091
lastFM_17911,mbrainz_8376,0.7777777777777777
lastFM_20671,mbrainz_9705,0.8333333333333333
lastFM_30977,mbrainz_14205,0.6666666666666666
lastFM_52562,mbrainz_20856,0.838095238095238
lastFM_70418,mbrainz_28141,0.9159041394335511
lastFM_1777,mbrainz_757,1.0
lastFM_5131,mbrainz_2392,1.0
lastFM_7595,mbrainz_3645,0.7777777777777777
lastFM_17947,mbrainz_8395,0.6947368421052631
lastFM_53757,mbrainz_21250,1.0
lastFM_46685,mbrainz_18998,0.8352059925093632
lastFM_44562,mbrainz_18378,0.8888888888888888
lastFM_75448,mbrainz_30214,0.8888888888888888
lastFM_39606,mbrainz_16961,0.6309523809523809
lastFM_72617,mbrainz_29104,0.9666666666666666
lastFM_3502,mbrainz_1502,0.8333333333333333
lastFM_44518,mbrainz_18368,1.0
lastFM_16821,mbrainz_7886,0.7777777777777777
lastFM_40373,mbrainz_17220,0.6449456975772765
lastFM_1306,mbrainz_581,1.0
lastFM_42138,mbrainz_17692,0.9555555555555555
lastFM_10906,mbrainz_5229,1.0
lastFM_24718,mbrainz_11534,0.7070707070707071
lastFM_30936,mbrainz_14187,1.0
lastFM_1882,mbrainz_803,1.0
lastFM_43560,mbrainz_18060,0.9259259259259258
lastFM_8022,mbrainz_3855,0.9506172839506173
lastFM_42294,mbrainz_17739,0.9166666666666665
lastFM_8730,mbrainz_4211,1.0
lastFM_19412,mbrainz_9116,0.8666666666666667
lastFM_27941,mbrainz_12962,0.9682539682539681
lastFM_77568,mbrainz_31124,0.711111111111111
lastFM_72366,mbrainz_28983,0.896551724137931
lastFM_10528,mbrainz_5067,1.0
lastFM_21449,mbrainz_10070,0.8333333333333333
lastFM_39737,mbrainz_17001,0.9032258064516129
lastFM_3584,mbrainz_1539,0.6972789115646258
lastFM_22866,mbrainz_10689,0.8333333333333333
lastFM_2907,mbrainz_1260,0.7415254237288135
lastFM_4036,mbrainz_1791,0.9333333333333333
lastFM_176,mbrainz_134,0.6111111111111112
lastFM_14309,mbrainz_17392,0.8333333333333333
lastFM_8259,mbrainz_3979,0.8791208791208791
lastFM_30319,mbrainz_13961,0.7158931082981717
lastFM_55796,mbrainz_21987,0.8333333333333333
lastFM_2518,mbrainz_1093,0.8104575163398693
lastFM_65291,mbrainz_25955,0.7833333333333332
lastFM_45369,mbrainz_18615,0.7261904761904762
lastFM_65406,mbrainz_26005,0.8222222222222222
lastFM_38629,mbrainz_16682,1.0
lastFM_38814,mbrainz_16736,0.8888888888888888
lastFM_1122,mbrainz_511,0.8422222222222222
lastFM_16515,mbrainz_7740,0.8888888888888888
lastFM_1923,mbrainz_830,0.7333333333333333
lastFM_67313,mbrainz_26863,0.7777777777777777
lastFM_66626,mbrainz_26570,0.9333333333333333
lastFM_9959,mbrainz_4809,0.6358024691358024
lastFM_33295,mbrainz_15139,0.857142857142857
lastFM_19822,mbrainz_9318,0.7777777777777777
lastFM_46282,mbrainz_18878,0.8888888888888888
lastFM_57365,mbrainz_22608,0.6819659590743927
lastFM_30167,mbrainz_13895,0.7207207207207207
lastFM_12961,mbrainz_6153,0.7791666666666667
lastFM_78226,mbrainz_31436,0.6062174768799374
lastFM_21874,mbrainz_10253,0.7833333333333332
lastFM_18881,mbrainz_8868,0.7066666666666666
lastFM_18389,mbrainz_8627,0.7222222222222222
lastFM_14157,mbrainz_6704,1.0
lastFM_22342,mbrainz_10470,0.6814814814814814
lastFM_50829,mbrainz_20178,1.0
lastFM_14998,mbrainz_7066,0.8888888888888888
lastFM_9137,mbrainz_4421,0.9199999999999999
lastFM_426,mbrainz_248,0.8055555555555556
lastFM_66578,mbrainz_26552,0.7966903073286052
lastFM_25239,mbrainz_11752,0.8363636363636363
lastFM_7934,mbrainz_3820,0.686046511627907
lastFM_15364,mbrainz_7206,0.8333333333333333
lastFM_626,mbrainz_340,0.7777777777777777
lastFM_17733,mbrainz_8289,1.0
lastFM_72299,mbrainz_28953,0.9629629629629629
lastFM_8830,mbrainz_4266,0.7878787878787878
lastFM_77712,mbrainz_31192,0.7420634920634921
lastFM_19599,mbrainz_9216,0.9444444444444444
lastFM_21845,mbrainz_10238,0.638095238095238
lastFM_47467,mbrainz_19233,0.6031746031746031
lastFM_20833,mbrainz_9783,1.0
lastFM_20745,mbrainz_9746,0.6504065040650406
lastFM_41766,mbrainz_17583,0.8397212543554007
lastFM_65388,mbrainz_25997,0.8888888888888888
lastFM_50648,mbrainz_20116,0.7205387205387206
lastFM_69851,mbrainz_27891,1.0
lastFM_40342,mbrainz_17212,0.803921568627451
lastFM_27905,mbrainz_12946,1.0
lastFM_19657,mbrainz_9242,0.9059829059829059
lastFM_15952,mbrainz_7462,1.0
lastFM_12718,mbrainz_6044,0.8333333333333333
lastFM_71116,mbrainz_28449,0.6966966966966966
lastFM_63509,mbrainz_25161,0.9888888888888888
lastFM_71120,mbrainz_28451,0.7057902973395931
lastFM_3963,mbrainz_1747,0.8888888888888888
lastFM_38659,mbrainz_16690,0.7432950191570881
lastFM_50471,mbrainz_20050,0.8333333333333333
lastFM_25997,mbrainz_12072,0.7816455696202531
lastFM_3524,mbrainz_1513,0.7666666666666666
lastFM_9204,mbrainz_4460,0.9166666666666666
lastFM_32191,mbrainz_14691,0.6692307692307692
lastFM_28548,mbrainz_13236,0.9166666666666665
lastFM_15436,mbrainz_7234,0.6351010101010102
lastFM_29442,mbrainz_13594,1.0
lastFM_42136,mbrainz_17691,0.8333333333333333
lastFM_19013,mbrainz_8933,0.9080459770114941
lastFM_2157,mbrainz_931,0.9444444444444444
lastFM_45469,mbrainz_18647,0.6421356421356421
lastFM_40503,mbrainz_17264,0.836111111111111
lastFM_9560,mbrainz_4637,0.9166666666666665
lastFM_13089,mbrainz_6205,0.6592592592592592
lastFM_6641,mbrainz_3145,0.9555555555555555
lastFM_39173,mbrainz_16842,0.7413793103448276
lastFM_189,mbrainz_142,0.8673835125448028
lastFM_16581,mbrainz_7773,0.8333333333333333
lastFM_17664,mbrainz_8259,0.6463675213675213
lastFM_31636,mbrainz_14463,0.7654320987654322
lastFM_15968,mbrainz_7470,1.0
lastFM_4190,mbrainz_1874,0.6227272727272727
lastFM_17495,mbrainz_8177,1.0
lastFM_643,mbrainz_348,0.8888888888888888
lastFM_51570,mbrainz_20466,0.6709401709401709
lastFM_16988,mbrainz_7968,0.9047619047619047
lastFM_30887,mbrainz_14171,0.7738095238095237
lastFM_3640,mbrainz_1559,0.6518518518518519
lastFM_24220,mbrainz_11298,0.6111111111111112
lastFM_2927,mbrainz_1267,0.8297101449275361
lastFM_82759,mbrainz_33460,0.835820895522388
lastFM_30568,mbrainz_14057,1.0
lastFM_68528,mbrainz_27382,0.8101851851851851
lastFM_21055,mbrainz_9877,0.8071428571428572
lastFM_4419,mbrainz_2004,0.6666666666666666
lastFM_7677,mbrainz_3688,0.7025089605734767
lastFM_8853,mbrainz_4279,1.0
lastFM_70934,mbrainz_28371,0.819047619047619
lastFM_26873,mbrainz_12478,0.7124183006535947
lastFM_33457,mbrainz_15203,0.6111111111111112
lastFM_6447,mbrainz_3052,0.9333333333333333
lastFM_11345,mbrainz_5415,0.9393939393939393
lastFM_33534,mbrainz_15239,0.9166666666666665
lastFM_4129,mbrainz_1841,1.0
lastFM_10518,mbrainz_5061,0.717948717948718
lastFM_28743,mbrainz_13309,0.8320895522388059
lastFM_10749,mbrainz_5162,0.6462585034013606
lastFM_3767,mbrainz_1617,1.0
lastFM_49297,mbrainz_19662,0.7777777777777777
lastFM_4594,mbrainz_2105,0.7272727272727273
lastFM_1401,mbrainz_614,0.8214285714285714
lastFM_15486,mbrainz_7257,1.0
lastFM_17025,mbrainz_7979,0.7222222222222222
lastFM_16635,mbrainz_7796,0.7407407407407407
lastFM_48793,mbrainz_19576,0.9540229885057471
lastFM_2494,mbrainz_1081,0.7222222222222221
lastFM_28537,mbrainz_13231,0.6025641025641025
lastFM_20885,mbrainz_9807,0.8333333333333333
lastFM_27153,mbrainz_12601,0.8333333333333333
lastFM_13630,mbrainz_6459,0.8679245283018867
lastFM_15800,mbrainz_7393,0.6916666666666667
lastFM_19292,mbrainz_9055,0.7420634920634921
lastFM_72281,mbrainz_28944,0.7303030303030302
lastFM_60835,mbrainz_24019,0.8333333333333333
lastFM_34196,mbrainz_15533,0.7616161616161616
lastFM_60405,mbrainz_23836,0.6111111111111112
lastFM_12929,mbrainz_6139,0.6066666666666667
lastFM_8196,mbrainz_3945,1.0
lastFM_5589,mbrainz_2626,0.8888888888888888
lastFM_19720,mbrainz_9271,0.8333333333333333
lastFM_30768,mbrainz_14125,0.6944444444444444
lastFM_25678,mbrainz_11931,0.9166666666666665
lastFM_11073,mbrainz_5301,1.0
lastFM_40312,mbrainz_17203,1.0
lastFM_5249,mbrainz_2458,0.8888888888888888
lastFM_40079,mbrainz_17127,0.8333333333333333
lastFM_29702,mbrainz_13703,0.6065759637188208
lastFM_81524,mbrainz_32870,0.6174863387978142
lastFM_17340,mbrainz_8111,0.6612903225806451
lastFM_5740,mbrainz_2707,0.9753086419753085
lastFM_647,mbrainz_350,1.0
lastFM_1876,mbrainz_801,0.888888888888889
lastFM_58638,mbrainz_23118,0.6666666666666666
lastFM_49756,mbrainz_19811,0.6455782312925169
lastFM_12964,mbrainz_6154,0.7833333333333332
lastFM_13785,mbrainz_6527,0.6163522012578616
lastFM_108,mbrainz_82,0.8333333333333333
lastFM_55090,mbrainz_21762,1.0
lastFM_518,mbrainz_298,0.8333333333333333
lastFM_13181,mbrainz_6249,0.8888888888888888
lastFM_27447,mbrainz_12746,0.9080459770114941
lastFM_24890,mbrainz_11609,0.8269230769230769
lastFM_441,mbrainz_260,0.6944444444444444
lastFM_55535,mbrainz_21896,0.7333333333333333
lastFM_20316,mbrainz_9549,0.9015873015873015
lastFM_29061,mbrainz_13437,0.7414089347079037
lastFM_6350,mbrainz_3001,0.7777777777777777
lastFM_62090,mbrainz_24541,0.6904761904761905
lastFM_7596,mbrainz_3646,0.84375
lastFM_11228,mbrainz_5361,0.7679012345679013
lastFM_18612,mbrainz_8737,0.873015873015873
lastFM_40496,mbrainz_17263,0.8614718614718614
lastFM_17317,mbrainz_8104,0.9333333333333333
lastFM_28250,mbrainz_13094,0.8999999999999999
lastFM_38371,mbrainz_16595,0.8510638297872339
lastFM_2978,mbrainz_1286,0.7777777777777777
lastFM_2711,mbrainz_1172,1.0
lastFM_8926,mbrainz_4316,0.9666666666666666
lastFM_12062,mbrainz_5717,0.8333333333333333
lastFM_82952,mbrainz_33542,1.0
lastFM_8236,mbrainz_3966,0.6962962962962962
lastFM_43115,mbrainz_17930,0.7387205387205387
lastFM_28427,mbrainz_330,0.8814814814814814
lastFM_1399,mbrainz_612,1.0
lastFM_28772,mbrainz_13323,0.8333333333333333
lastFM_60932,mbrainz_24059,1.0
lastFM_76688,mbrainz_6884,0.7777777777777777
lastFM_9039,mbrainz_4374,0.8333333333333333
lastFM_29516,mbrainz_13623,0.7941176470588235
lastFM_186,mbrainz_140,0.9444444444444444
lastFM_30838,mbrainz_14150,0.9166666666666665
lastFM_59,mbrainz_44,1.0
lastFM_23918,mbrainz_11140,1.0
lastFM_16887,mbrainz_7917,0.8543689320388349
lastFM_19985,mbrainz_9400,0.8653846153846153
lastFM_61153,mbrainz_24150,0.7491638795986622
lastFM_74715,mbrainz_29935,0.7777777777777777
lastFM_14082,mbrainz_6662,0.6111111111111112
lastFM_1939,mbrainz_835,0.7666666666666666
lastFM_7530,mbrainz_3610,0.6877394636015325
lastFM_30466,mbrainz_14020,1.0
lastFM_21108,mbrainz_9903,0.6666666666666666
lastFM_53599,mbrainz_21193,0.7222222222222221
lastFM_8798,mbrainz_4250,0.8333333333333333
lastFM_50832,mbrainz_20179,0.9333333333333333
lastFM_13323,mbrainz_6314,1.0
lastFM_15612,mbrainz_7308,0.8632478632478632
lastFM_142,mbrainz_108,1.0
lastFM_10490,mbrainz_5054,0.9569892473118279
lastFM_30022,mbrainz_13836,0.7222222222222222
lastFM_93,mbrainz_71,1.0
lastFM_1787,mbrainz_760,0.7777777777777777
lastFM_3473,mbrainz_1487,0.6956759715380405
lastFM_68651,mbrainz_27422,0.9444444444444444
lastFM_70440,mbrainz_28153,0.7474747474747474
lastFM_64559,mbrainz_25605,0.7417417417417417
lastFM_3631,mbrainz_1557,0.9642857142857142
lastFM_35723,mbrainz_15921,0.8333333333333333
lastFM_12445,mbrainz_5900,0.8602150537634408
lastFM_7396,mbrainz_3539,0.8888888888888888
lastFM_34479,mbrainz_15638,0.748792270531401
lastFM_3134,mbrainz_1346,0.9047619047619047
lastFM_29139,mbrainz_13474,0.9090909090909091
lastFM_88,mbrainz_66,1.0
lastFM_37289,mbrainz_16275,1.0
lastFM_47081,mbrainz_19124,0.8134920634920634
lastFM_72590,mbrainz_29088,0.6767676767676767
lastFM_51468,mbrainz_20422,1.0
lastFM_26303,mbrainz_12216,0.8383838383838385
lastFM_13362,mbrainz_6329,0.9285714285714285
lastFM_77414,mbrainz_31061,0.6477987421383647
lastFM_15394,mbrainz_7217,0.7777777777777777
lastFM_50790,mbrainz_20164,0.8333333333333333
lastFM_69888,mbrainz_27902,0.8333333333333333
lastFM_8749,mbrainz_4223,0.8666666666666667
lastFM_52054,mbrainz_20650,0.7485380116959064
lastFM_9662,mbrainz_4683,0.8791208791208791
lastFM_521,mbrainz_300,1.0
lastFM_13729,mbrainz_6506,0.9642857142857142
lastFM_6487,mbrainz_3068,0.7777777777777777
lastFM_18473,mbrainz_8664,0.8666666666666667
lastFM_11956,mbrainz_5680,0.7555555555555555
lastFM_19273,mbrainz_9048,0.7536723163841808
lastFM_26212,mbrainz_12169,0.9481481481481481
lastFM_40963,mbrainz_17410,0.6151761517615175
lastFM_59449,mbrainz_23433,0.9479166666666666
lastFM_31968,mbrainz_14597,0.6289592760180995
lastFM_5553,mbrainz_2608,0.8333333333333333
lastFM_58036,mbrainz_22878,0.8333333333333333
lastFM_10022,mbrainz_4838,0.826086956521739
lastFM_20104,mbrainz_9452,0.8888888888888888
lastFM_52586,mbrainz_20864,0.8888888888888888
lastFM_42755,mbrainz_17820,0.6388888888888888
lastFM_81975,mbrainz_33082,0.9393939393939393
lastFM_73380,mbrainz_29437,0.8333333333333333
lastFM_5093,mbrainz_2366,0.730392156862745
lastFM_54797,mbrainz_21629,1.0
lastFM_31926,mbrainz_14583,1.0
lastFM_53844,mbrainz_21284,0.7777777777777777
lastFM_23682,mbrainz_11044,1.0
lastFM_50546,mbrainz_20081,0.7333333333333333
lastFM_77404,mbrainz_31057,0.6666666666666666
lastFM_666,mbrainz_359,1.0
lastFM_55795,mbrainz_21986,0.7
lastFM_37339,mbrainz_16285,0.807843137254902
lastFM_78784,mbrainz_31676,0.6904761904761905
lastFM_19471,mbrainz_9144,0.6825396825396826
lastFM_14832,mbrainz_6990,0.8405797101449275
lastFM_24287,mbrainz_11330,0.8833333333333333
lastFM_27820,mbrainz_12914,0.7666666666666666
lastFM_67107,mbrainz_26784,0.6789115646258503
lastFM_14501,mbrainz_6855,0.8627450980392156
lastFM_22303,mbrainz_10455,0.6074074074074074
lastFM_50889,mbrainz_20193,0.7717391304347825
lastFM_40176,mbrainz_17160,0.7777777777777777
lastFM_2283,mbrainz_982,0.6666666666666666
lastFM_37604,mbrainz_16349,0.75
lastFM_7905,mbrainz_3804,0.6783068783068782
lastFM_27482,mbrainz_12763,0.6944444444444444
lastFM_29351,mbrainz_13557,0.7777777777777777
lastFM_20540,mbrainz_9652,0.8666666666666667
lastFM_20430,mbrainz_9599,0.8666666666666667
lastFM_51730,mbrainz_20518,0.6111111111111112
lastFM_39977,mbrainz_17086,0.8333333333333333
lastFM_21904,mbrainz_10268,0.8333333333333333
lastFM_83037,mbrainz_33585,0.6756272401433692
lastFM_20088,mbrainz_9447,0.9166666666666665
lastFM_67943,mbrainz_27136,0.6833333333333333
lastFM_20101,mbrainz_9451,0.7651991614255764
lastFM_15470,mbrainz_7250,0.8043478260869565
lastFM_4590,mbrainz_2101,0.9347826086956521
lastFM_421,mbrainz_244,1.0
lastFM_30614,mbrainz_14073,0.7624521072796935
lastFM_4133,mbrainz_1845,0.7444444444444445
lastFM_56810,mbrainz_22383,0.7210401891252954
lastFM_12742,mbrainz_6056,0.6422222222222222
lastFM_16567,mbrainz_7764,0.9166666666666665
lastFM_152,mbrainz_116,0.875
lastFM_23489,mbrainz_10963,0.9555555555555555
lastFM_24445,mbrainz_11399,1.0
lastFM_10714,mbrainz_5149,1.0
lastFM_5023,mbrainz_2328,0.6944444444444444
lastFM_47651,mbrainz_19305,0.6666666666666666
lastFM_13861,mbrainz_6562,0.8888888888888888
lastFM_63783,mbrainz_25284,0.7777777777777777
lastFM_417,mbrainz_242,0.7777777777777777
lastFM_29097,mbrainz_31775,0.8333333333333333
lastFM_27459,mbrainz_12751,0.6095238095238096
lastFM_21535,mbrainz_10107,0.8686868686868687
lastFM_2074,mbrainz_894,0.9018759018759019
lastFM_16163,mbrainz_7572,1.0
lastFM_63878,mbrainz_25334,0.923076923076923
lastFM_21946,mbrainz_10293,0.7777777777777777
lastFM_75759,mbrainz_30357,0.7864583333333333
lastFM_26651,mbrainz_12373,0.875
lastFM_15597,mbrainz_7299,0.8037037037037037
lastFM_14695,mbrainz_6933,0.9444444444444444
lastFM_69306,mbrainz_27665,0.736111111111111
lastFM_15645,mbrainz_7326,0.8333333333333333
lastFM_41677,mbrainz_17559,0.8355855855855855
lastFM_26792,mbrainz_12436,0.7244444444444444
lastFM_21766,mbrainz_10203,0.8177083333333333
lastFM_16730,mbrainz_7844,0.8333333333333333
lastFM_25855,mbrainz_12009,0.6851851851851851
lastFM_58938,mbrainz_23237,0.9375
lastFM_7247,mbrainz_18079,0.6666666666666666
lastFM_39264,mbrainz_16863,0.7222222222222222
lastFM_23972,mbrainz_11172,0.8187134502923976
lastFM_73419,mbrainz_29450,0.7777777777777777
lastFM_21741,mbrainz_10193,0.6176900584795322
lastFM_10885,mbrainz_5219,0.9166666666666666
lastFM_39161,mbrainz_16838,0.8
lastFM_52099,mbrainz_20674,0.7575757575757576
lastFM_44589,mbrainz_18388,0.838095238095238
lastFM_77629,mbrainz_31157,0.7664783427495292
lastFM_21552,mbrainz_10116,0.7222222222222222
lastFM_76980,mbrainz_30854,0.7777777777777777
lastFM_5182,mbrainz_2428,0.8469135802469135
lastFM_64159,mbrainz_25443,0.75
lastFM_32359,mbrainz_14758,0.7777777777777777
lastFM_43932,mbrainz_18181,0.8302469135802468
lastFM_4448,mbrainz_2017,0.9166666666666665
lastFM_53568,mbrainz_21182,0.8518518518518519
lastFM_2763,mbrainz_330,0.7481481481481481
lastFM_561,mbrainz_315,0.6908602150537634
lastFM_61677,mbrainz_24367,0.6666666666666666
lastFM_52014,mbrainz_20635,0.7777777777777777
lastFM_61997,mbrainz_24503,0.9333333333333333
lastFM_2026,mbrainz_870,0.7777777777777777
lastFM_10915,mbrainz_5233,0.7777777777777777
lastFM_9511,mbrainz_4616,0.8245614035087718
lastFM_56803,mbrainz_22378,0.6666666666666666
lastFM_82537,mbrainz_33346,0.8421052631578947
lastFM_13325,mbrainz_6315,0.6598290598290598
lastFM_49910,mbrainz_19853,0.7777777777777777
lastFM_38937,mbrainz_16776,0.7999999999999999
lastFM_36663,mbrainz_16103,0.8666666666666667
lastFM_73050,mbrainz_29291,0.7727272727272727
lastFM_29112,mbrainz_13464,1.0
lastFM_3162,mbrainz_1358,0.8333333333333333
lastFM_637,mbrainz_344,0.9375
lastFM_51410,mbrainz_20400,0.8888888888888888
lastFM_22580,mbrainz_10569,0.9444444444444444
lastFM_21816,mbrainz_10222,0.8022598870056497
lastFM_23154,mbrainz_10808,0.9270833333333333
lastFM_63669,mbrainz_25236,0.6666666666666666
lastFM_1328,mbrainz_590,0.8356164383561644
lastFM_3118,mbrainz_1340,0.8333333333333333
lastFM_42011,mbrainz_17655,0.9047619047619047
lastFM_46672,mbrainz_18997,0.6678743961352657
lastFM_1041,mbrainz_489,0.9238095238095237
lastFM_24806,mbrainz_11568,1.0
lastFM_76733,mbrainz_30756,0.8888888888888888
lastFM_1255,mbrainz_571,0.7264957264957265
lastFM_4636,mbrainz_2127,0.891025641025641
lastFM_36760,mbrainz_13804,0.7777777777777777
lastFM_7614,mbrainz_3658,1.0
lastFM_4937,mbrainz_2286,0.641025641025641
lastFM_1156,mbrainz_528,0.8496732026143791
lastFM_2768,mbrainz_1200,0.6
lastFM_43640,mbrainz_18090,0.9731182795698924
lastFM_36426,mbrainz_16057,0.7989296636085625
lastFM_19781,mbrainz_9299,0.8888888888888888
lastFM_33667,mbrainz_15309,0.7171717171717171
lastFM_7945,mbrainz_3825,0.7753623188405797
lastFM_368,mbrainz_355,0.8245614035087718
lastFM_19723,mbrainz_9273,0.6111111111111112
lastFM_4379,mbrainz_1981,0.8888888888888888
lastFM_14109,mbrainz_6678,1.0
lastFM_83204,mbrainz_33665,0.75
lastFM_7694,mbrainz_3693,0.8803418803418803
lastFM_74164,mbrainz_29728,0.7301587301587301
lastFM_3435,mbrainz_1472,0.7564102564102564
lastFM_2054,mbrainz_882,0.9753086419753085
lastFM_35747,mbrainz_15930,0.8333333333333333
lastFM_22328,mbrainz_10465,0.8301127214170693
lastFM_12025,mbrainz_5704,0.7777777777777777
lastFM_6458,mbrainz_3056,0.624031007751938
lastFM_38851,mbrainz_16745,0.8888888888888888
lastFM_9509,mbrainz_4615,1.0
lastFM_57059,mbrainz_22480,0.856060606060606
lastFM_63634,mbrainz_17086,0.6724137931034483
lastFM_54946,mbrainz_21704,0.7488344988344987
lastFM_43547,mbrainz_18055,1.0
lastFM_47959,mbrainz_19343,0.8888888888888888
lastFM_15983,mbrainz_7479,0.6
lastFM_8772,mbrainz_4234,0.7168458781362007
lastFM_67994,mbrainz_27156,0.6
lastFM_13595,mbrainz_6437,1.0
lastFM_62806,mbrainz_24842,0.7626606198034769
lastFM_1234,mbrainz_562,0.6699346405228758
lastFM_82848,mbrainz_33501,0.6257309941520468
lastFM_48068,mbrainz_19369,0.8549382716049382
lastFM_29101,mbrainz_13457,0.7777777777777777
lastFM_72792,mbrainz_29182,0.6893424036281179
lastFM_15208,mbrainz_7146,1.0
lastFM_2459,mbrainz_1061,0.7444444444444445
lastFM_37463,mbrainz_16310,1.0
lastFM_2318,mbrainz_1001,0.8888888888888888
lastFM_31745,mbrainz_14511,0.8333333333333333
lastFM_37670,mbrainz_16368,0.9166666666666665
lastFM_29572,mbrainz_13642,0.8333333333333333
lastFM_32438,mbrainz_14792,0.7333333333333333
lastFM_19152,mbrainz_8994,0.9777777777777777
lastFM_2186,mbrainz_943,0.6594594594594594
lastFM_6656,mbrainz_3154,0.8833333333333333
lastFM_83263,mbrainz_33692,0.672514619883041
lastFM_4539,mbrainz_2071,0.6666666666666666
lastFM_7201,mbrainz_3435,0.6666666666666666
lastFM_19189,mbrainz_9011,0.8333333333333333
lastFM_17072,mbrainz_7998,0.8055555555555556
lastFM_75577,mbrainz_30273,0.9583333333333333
lastFM_59285,mbrainz_23371,0.6851851851851851
lastFM_29535,mbrainz_13627,0.8888888888888888
lastFM_5913,mbrainz_2783,0.7509578544061303
lastFM_66293,mbrainz_26419,1.0
lastFM_72364,mbrainz_28981,0.9607843137254901
lastFM_14493,mbrainz_6851,0.9629629629629628
lastFM_1345,mbrainz_593,0.711111111111111
lastFM_24745,mbrainz_11545,0.6992063492063492
lastFM_10088,mbrainz_4867,0.8666666666666667
lastFM_11781,mbrainz_5596,0.8974358974358974
lastFM_63214,mbrainz_25035,0.9285714285714285
lastFM_82704,mbrainz_33433,0.6296296296296295
lastFM_83004,mbrainz_33564,0.7852564102564102
lastFM_6548,mbrainz_3100,0.7777777777777777
lastFM_6119,mbrainz_2891,1.0
lastFM_7836,mbrainz_3766,0.8888888888888888
lastFM_7923,mbrainz_3815,0.765079365079365
lastFM_50594,mbrainz_20098,0.6706349206349207
lastFM_15027,mbrainz_7080,0.7666666666666666
lastFM_7617,mbrainz_3660,0.7388167388167388
lastFM_4452,mbrainz_2019,0.6190476190476191
lastFM_16149,mbrainz_7568,0.7777777777777777
lastFM_24354,mbrainz_11353,0.8831985624438454
lastFM_10839,mbrainz_5198,0.7547619047619046
lastFM_31254,mbrainz_14320,0.8888888888888888
lastFM_3203,mbrainz_1378,0.807471264367816
lastFM_622,mbrainz_339,0.9166666666666665
lastFM_16033,mbrainz_7508,0.8933333333333333
lastFM_19054,mbrainz_8950,0.6507936507936507
lastFM_54773,mbrainz_21621,0.7627627627627628
lastFM_69388,mbrainz_27696,0.6666666666666666
lastFM_53111,mbrainz_21030,0.6944444444444444
lastFM_8454,mbrainz_4073,0.7129629629629629
lastFM_12949,mbrainz_6148,0.7777777777777777
lastFM_2679,mbrainz_1163,1.0
lastFM_13701,mbrainz_6492,0.9275362318840579
lastFM_55267,mbrainz_21817,0.8333333333333333
lastFM_48946,mbrainz_19656,0.8911564625850339
lastFM_32779,mbrainz_14922,0.8333333333333333
lastFM_14182,mbrainz_6713,0.7222222222222222
lastFM_2071,mbrainz_891,1.0
lastFM_61356,mbrainz_24235,0.7833333333333333
lastFM_31506,mbrainz_14413,0.7952380952380952
lastFM_10369,mbrainz_4999,0.7251461988304093
lastFM_66040,mbrainz_26302,0.7916666666666666
lastFM_22519,mbrainz_10547,0.8333333333333333
lastFM_67548,mbrainz_26955,0.7234432234432234
lastFM_10822,mbrainz_5187,0.7530864197530864
lastFM_27273,mbrainz_12653,0.6932367149758454
lastFM_28822,mbrainz_13341,0.7777777777777777
lastFM_29507,mbrainz_13618,0.8333333333333334
lastFM_8155,mbrainz_3933,0.8421052631578947
lastFM_16037,mbrainz_7510,0.7777777777777777
lastFM_29424,mbrainz_13586,0.8159722222222222
lastFM_19022,mbrainz_8936,1.0
lastFM_1241,mbrainz_565,1.0
lastFM_14924,mbrainz_7032,0.6872427983539094
lastFM_22843,mbrainz_10679,0.8333333333333333
lastFM_49162,mbrainz_23646,0.7777777777777777
lastFM_14962,mbrainz_7049,0.861111111111111
lastFM_5959,mbrainz_2807,0.6944444444444444
lastFM_34607,mbrainz_33634,0.8088888888888889
lastFM_16082,mbrainz_7534,0.8999999999999999
lastFM_31442,mbrainz_14382,0.7179487179487178
lastFM_42159,mbrainz_17696,1.0
lastFM_6305,mbrainz_2984,1.0
lastFM_30378,mbrainz_13986,0.7203065134099617
lastFM_32403,mbrainz_14776,0.7333333333333333
lastFM_29341,mbrainz_13554,0.8205128205128205
lastFM_18421,mbrainz_8646,0.8333333333333333
lastFM_37035,mbrainz_16208,0.6260869565217391
lastFM_29942,mbrainz_13804,0.6185185185185185
lastFM_12057,mbrainz_5715,1.0
lastFM_15614,mbrainz_7309,0.9710144927536231
lastFM_26183,mbrainz_12155,1.0
lastFM_13773,mbrainz_6520,0.9166666666666665
lastFM_30110,mbrainz_13876,0.7581699346405228
lastFM_29069,mbrainz_13441,0.7777777777777777
lastFM_5517,mbrainz_2593,0.6786786786786787
lastFM_79276,mbrainz_31868,0.6222222222222222
lastFM_12123,mbrainz_5748,0.6875
lastFM_48777,mbrainz_19571,0.6333333333333333
lastFM_75459,mbrainz_30221,0.9583333333333333
lastFM_43971,mbrainz_18196,0.9166666666666665
lastFM_26310,mbrainz_12219,0.9761904761904762
lastFM_70857,mbrainz_28340,0.7494089834515366
lastFM_62700,mbrainz_24802,0.6212121212121211
lastFM_50931,mbrainz_20209,0.8275862068965517
lastFM_63484,mbrainz_25151,0.6796645702306079
lastFM_78755,mbrainz_31666,0.9523809523809523
lastFM_60429,mbrainz_23850,1.0
lastFM_65524,mbrainz_26063,0.7839506172839507
lastFM_20413,mbrainz_9591,0.688034188034188
lastFM_28032,mbrainz_13002,0.8333333333333333
lastFM_22137,mbrainz_10374,0.8571428571428571
lastFM_10488,mbrainz_5052,0.838095238095238
lastFM_12935,mbrainz_6142,0.7222222222222221
lastFM_14150,mbrainz_6700,0.755050505050505
lastFM_8423,mbrainz_4060,0.6666666666666666
lastFM_27044,mbrainz_12555,0.7554112554112553
lastFM_4460,mbrainz_2025,0.7632850241545893
lastFM_54841,mbrainz_21647,0.8863636363636362
lastFM_48496,mbrainz_19488,0.7777777777777777
lastFM_52941,mbrainz_20978,0.8666666666666667
lastFM_8380,mbrainz_4033,0.7333333333333333
lastFM_14575,mbrainz_6884,0.6495726495726495
lastFM_61152,mbrainz_24149,0.6405797101449275
lastFM_68869,mbrainz_27507,0.6
lastFM_81929,mbrainz_33059,0.8431372549019607
lastFM_71101,mbrainz_28440,0.9090909090909091
lastFM_28910,mbrainz_13374,0.662962962962963
lastFM_28322,mbrainz_13133,0.7222222222222221
lastFM_38512,mbrainz_16642,1.0
lastFM_34448,mbrainz_15623,0.8888888888888888
lastFM_34340,mbrainz_15584,0.6399999999999999
lastFM_62690,mbrainz_24794,0.8525641025641025
lastFM_17250,mbrainz_8079,0.711111111111111
lastFM_71414,mbrainz_28566,0.7777777777777777
lastFM_23406,mbrainz_10923,0.7727272727272727
lastFM_200,mbrainz_149,0.6666666666666666
lastFM_67117,mbrainz_26788,0.6666666666666666
lastFM_15528,mbrainz_7273,0.8888888888888888
lastFM_5276,mbrainz_2474,0.8888888888888888
lastFM_45420,mbrainz_18632,0.6092796092796093
lastFM_21290,mbrainz_9996,0.6944444444444444
lastFM_53393,mbrainz_21119,0.7878787878787878
lastFM_74828,mbrainz_29973,0.8850574712643677
lastFM_3876,mbrainz_1688,1.0
lastFM_19766,mbrainz_9294,0.6111111111111112
lastFM_72056,mbrainz_28846,0.7973856209150326
lastFM_27969,mbrainz_12977,0.7023809523809523
lastFM_30795,mbrainz_14136,1.0
lastFM_9281,mbrainz_4506,0.9166666666666665
lastFM_66042,mbrainz_26303,0.9242424242424242
lastFM_34355,mbrainz_15588,0.9336917562724014
lastFM_7151,mbrainz_3409,0.7185990338164251
lastFM_13794,mbrainz_6530,0.6287094547964113
lastFM_47216,mbrainz_19167,1.0
lastFM_21133,mbrainz_9912,0.6111111111111112
lastFM_53612,mbrainz_21198,0.7602339181286549
lastFM_25937,mbrainz_12041,0.8333333333333333
lastFM_6544,mbrainz_3098,1.0
lastFM_1117,mbrainz_509,1.0
lastFM_44730,mbrainz_18430,0.8442028985507246
lastFM_24313,mbrainz_11337,0.7592592592592592
lastFM_42835,mbrainz_17834,0.7724358974358974
lastFM_34073,mbrainz_15478,0.7777777777777777
lastFM_72652,mbrainz_29117,0.7301587301587302
lastFM_6636,mbrainz_3142,0.9666666666666666
lastFM_76614,mbrainz_30700,0.7545219638242894
lastFM_44927,mbrainz_18487,0.7645161290322581
lastFM_23498,mbrainz_10969,0.7653508771929824
lastFM_3008,mbrainz_1300,1.0
lastFM_26572,mbrainz_12337,0.746031746031746
lastFM_7624,mbrainz_3664,0.6463414634146342
lastFM_11713,mbrainz_5566,0.8421052631578947
lastFM_733,mbrainz_385,0.8333333333333333
lastFM_27329,mbrainz_12678,0.7333333333333333
lastFM_75352,mbrainz_30169,0.711111111111111
lastFM_75857,mbrainz_30391,0.601421188630491
lastFM_42979,mbrainz_17871,0.8055555555555556
lastFM_4164,mbrainz_1856,1.0
lastFM_67390,mbrainz_26890,1.0
lastFM_70930,mbrainz_28368,1.0
lastFM_76014,mbrainz_30449,0.8666666666666667
lastFM_19021,mbrainz_8935,0.6864801864801865
lastFM_16583,mbrainz_7775,0.8333333333333333
lastFM_290,mbrainz_180,0.672514619883041
lastFM_10055,mbrainz_4850,0.8333333333333333
lastFM_19537,mbrainz_9183,0.7125220458553791
lastFM_206,mbrainz_154,1.0
lastFM_72861,mbrainz_29214,0.7777777777777777
lastFM_62,mbrainz_46,0.9122807017543859
lastFM_29861,mbrainz_13786,0.6
lastFM_43731,mbrainz_18122,0.8
lastFM_8483,mbrainz_4091,0.8333333333333333
lastFM_2491,mbrainz_1079,0.7777777777777777
lastFM_5890,mbrainz_2774,0.7333333333333333
lastFM_64688,mbrainz_25676,0.671455938697318
lastFM_56785,mbrainz_22373,0.7777777777777777
lastFM_65593,mbrainz_26101,0.6977777777777777
lastFM_50487,mbrainz_20057,0.7166666666666666
lastFM_3300,mbrainz_1426,0.711111111111111
lastFM_15601,mbrainz_7300,0.7373737373737373
lastFM_1506,mbrainz_648,1.0
lastFM_10967,mbrainz_5259,0.857142857142857
lastFM_61643,mbrainz_24353,0.7777777777777777
lastFM_24328,mbrainz_11342,0.911111111111111
lastFM_21088,mbrainz_9890,0.8333333333333333
lastFM_11359,mbrainz_5422,1.0
lastFM_2116,mbrainz_912,0.8888888888888888
lastFM_80555,mbrainz_32422,0.6328828828828829
lastFM_20416,mbrainz_9592,0.711111111111111
lastFM_999,mbrainz_477,0.7142857142857142
lastFM_68354,mbrainz_27304,0.6944444444444444
lastFM_32434,mbrainz_14789,0.6666666666666666
lastFM_27859,mbrainz_12930,0.8873563218390804
lastFM_119,mbrainz_90,0.7777777777777777
lastFM_77000,mbrainz_30861,0.7777777777777777
lastFM_16072,mbrainz_7528,0.6371794871794871
lastFM_44785,mbrainz_18444,0.7333333333333333
lastFM_122,mbrainz_92,0.7777777777777777
lastFM_19184,mbrainz_9006,1.0
lastFM_56542,mbrainz_22286,0.8333333333333333
lastFM_400,mbrainz_229,0.817283950617284
lastFM_30336,mbrainz_13968,0.7134502923976609
lastFM_14373,mbrainz_6799,0.8333333333333333
lastFM_53507,mbrainz_21163,0.8333333333333333
lastFM_65219,mbrainz_25921,0.7777777777777777
lastFM_1189,mbrainz_542,0.6888888888888889
lastFM_18879,mbrainz_8866,0.6481481481481481
lastFM_15015,mbrainz_7076,0.7777777777777777
lastFM_3877,mbrainz_1689,0.7555555555555555
lastFM_11541,mbrainz_5492,0.7777777777777777
lastFM_60625,mbrainz_23937,0.8608695652173912
lastFM_20282,mbrainz_9536,0.857142857142857
lastFM_14393,mbrainz_6807,0.8666666666666667
lastFM_32495,mbrainz_9859,0.64375
lastFM_53072,mbrainz_21019,0.8421052631578947
lastFM_16298,mbrainz_7643,0.9232456140350878
lastFM_13921,mbrainz_6584,0.8888888888888888
lastFM_25938,mbrainz_12042,0.6666666666666666
lastFM_1557,mbrainz_666,0.8055555555555556
lastFM_8777,mbrainz_4237,0.6111111111111112
lastFM_10375,mbrainz_5001,0.8888888888888888
lastFM_6135,mbrainz_2902,0.9572649572649572
lastFM_37785,mbrainz_16400,0.736111111111111
lastFM_23462,mbrainz_10951,0.7732732732732733
lastFM_28757,mbrainz_13316,0.8309178743961353
lastFM_4209,mbrainz_1887,0.7725225225225224
lastFM_1437,mbrainz_626,0.6666666666666666
lastFM_31997,mbrainz_14611,0.7518037518037517
lastFM_30133,mbrainz_13883,0.8284313725490196
lastFM_26323,mbrainz_12226,0.9083333333333332
lastFM_61759,mbrainz_24398,0.6881226053639846
lastFM_50474,mbrainz_20052,0.6064102564102564
lastFM_18420,mbrainz_8645,0.7372549019607842
lastFM_57614,mbrainz_22710,0.8333333333333333
lastFM_3580,mbrainz_1537,0.7428571428571429
lastFM_40658,mbrainz_17311,0.8888888888888888
lastFM_77739,mbrainz_31208,0.8686868686868687
lastFM_8113,mbrainz_3907,0.6991452991452991
lastFM_36990,mbrainz_16194,0.824074074074074
lastFM_54346,mbrainz_21467,0.6715686274509803
lastFM_42440,mbrainz_17785,0.7333333333333333
lastFM_32080,mbrainz_14648,0.6944444444444444
lastFM_23933,mbrainz_11148,0.8930817610062892
lastFM_74906,mbrainz_30006,0.7777777777777777
lastFM_21299,mbrainz_10000,0.9166666666666665
lastFM_76996,mbrainz_30859,0.8
lastFM_10716,mbrainz_5151,0.9166666666666665
lastFM_13975,mbrainz_6614,0.7777777777777777
lastFM_35987,mbrainz_16097,0.75
lastFM_16512,mbrainz_7739,0.611111111111111
lastFM_55767,mbrainz_21978,0.9310344827586207
lastFM_29977,mbrainz_13820,0.7888888888888889
lastFM_51763,mbrainz_20534,0.8333333333333333
lastFM_77044,mbrainz_30883,1.0
lastFM_64649,mbrainz_25656,0.7807017543859649
lastFM_24816,mbrainz_11572,0.6666666666666666
lastFM_22364,mbrainz_10481,0.7807017543859649
lastFM_1426,mbrainz_621,0.755050505050505
lastFM_53812,mbrainz_21274,0.75
lastFM_28926,mbrainz_13383,1.0
lastFM_41967,mbrainz_17640,0.7777777777777777
lastFM_5175,mbrainz_2422,0.6666666666666666
lastFM_39747,mbrainz_17006,0.6222222222222222
lastFM_34521,mbrainz_15649,0.6177777777777778
lastFM_202,mbrainz_151,0.7499999999999999
lastFM_55001,mbrainz_21721,0.7858156028368795
lastFM_42855,mbrainz_17839,0.6
lastFM_64401,mbrainz_25545,0.6368446368446368
lastFM_26302,mbrainz_12215,0.6565656565656566
lastFM_22393,mbrainz_10494,0.8
lastFM_53769,mbrainz_21256,0.8518518518518519
lastFM_78528,mbrainz_31563,0.7733333333333333
lastFM_53400,mbrainz_21122,0.7666666666666666
lastFM_48008,mbrainz_19352,1.0
lastFM_676,mbrainz_363,0.8185654008438819
lastFM_13835,mbrainz_6547,0.8641975308641975
lastFM_236,mbrainz_164,1.0
lastFM_17403,mbrainz_8140,0.8447712418300652
lastFM_18851,mbrainz_8849,0.8333333333333333
lastFM_20220,mbrainz_9507,0.7777777777777777
lastFM_37582,mbrainz_1625,0.6057347670250895
lastFM_10587,mbrainz_5091,0.8333333333333333
lastFM_72387,mbrainz_28995,0.7407407407407407
lastFM_7006,mbrainz_3341,0.8888888888888888
lastFM_73597,mbrainz_29510,0.8076923076923077
lastFM_67736,mbrainz_27044,0.8076923076923077
lastFM_273,mbrainz_172,0.7222222222222222
lastFM_3151,mbrainz_1353,0.625
lastFM_18369,mbrainz_31563,0.6222222222222222
lastFM_55943,mbrainz_22047,0.7333333333333333
lastFM_6600,mbrainz_3129,0.7777777777777777
lastFM_78984,mbrainz_31752,0.636231884057971
lastFM_7752,mbrainz_3723,1.0
lastFM_31262,mbrainz_14322,1.0
lastFM_11,mbrainz_9,0.8333333333333333
lastFM_31817,mbrainz_14539,0.6349206349206349
lastFM_25536,mbrainz_11872,0.7727272727272727
lastFM_11561,mbrainz_5498,0.75
lastFM_81635,mbrainz_32927,0.7694444444444444
lastFM_1528,mbrainz_656,0.9555555555555555
lastFM_5832,mbrainz_2744,0.7982456140350878
lastFM_66025,mbrainz_26294,0.6
lastFM_14034,mbrainz_6637,0.9333333333333333
lastFM_26923,mbrainz_12505,0.9333333333333333
lastFM_47212,mbrainz_19163,0.7301587301587301
lastFM_6451,mbrainz_3053,0.9091995221027478
lastFM_18783,mbrainz_8811,0.7777777777777777
lastFM_879,mbrainz_426,0.7238095238095238
lastFM_18358,mbrainz_8612,0.7592592592592592
lastFM_4332,mbrainz_1957,0.7417165668662674
lastFM_77867,mbrainz_31275,0.6696696696696696
lastFM_5956,mbrainz_2805,0.7777777777777777
lastFM_51327,mbrainz_20366,0.8333333333333333
lastFM_27790,mbrainz_12899,0.6666666666666666
lastFM_4976,mbrainz_2302,0.6666666666666666
lastFM_33571,mbrainz_15258,0.6296296296296295
lastFM_57572,mbrainz_22699,0.6944444444444444
lastFM_33784,mbrainz_15359,0.602020202020202
lastFM_19509,mbrainz_9167,0.7042735042735042
lastFM_42454,mbrainz_17791,0.865079365079365
lastFM_81591,mbrainz_32905,0.7264957264957265
lastFM_3288,mbrainz_1418,0.8333333333333333
lastFM_52017,mbrainz_20636,0.7171717171717171
lastFM_63055,mbrainz_24956,0.7628524046434494
lastFM_26304,mbrainz_12217,0.6944444444444444
lastFM_2562,mbrainz_1113,0.8888888888888888
lastFM_48567,mbrainz_19510,0.6717171717171717
lastFM_28531,mbrainz_13229,0.611111111111111
lastFM_69212,mbrainz_27627,0.7222222222222222
lastFM_65592,mbrainz_26100,0.8823529411764706
lastFM_7268,mbrainz_3470,0.8174603174603174
lastFM_21659,mbrainz_10156,0.8158730158730159
lastFM_45128,mbrainz_18543,0.6666666666666666
lastFM_29183,mbrainz_13493,0.7777777777777777
lastFM_4132,mbrainz_1844,0.6313131313131313
lastFM_12800,mbrainz_6083,0.6666666666666666
lastFM_20137,mbrainz_9467,0.8333333333333333
lastFM_35826,mbrainz_15966,1.0
lastFM_101,mbrainz_77,1.0
lastFM_6073,mbrainz_2864,0.6875
lastFM_13985,mbrainz_6620,0.6947368421052631
lastFM_68053,mbrainz_27181,0.8312925170068026
lastFM_42892,mbrainz_17850,0.7222222222222222
lastFM_14634,mbrainz_6907,0.8271604938271604
lastFM_81121,mbrainz_32672,0.9523809523809523
lastFM_27718,mbrainz_12865,0.7777777777777777
lastFM_58943,mbrainz_23238,0.7777777777777777
lastFM_7411,mbrainz_3545,0.8541666666666666
lastFM_66884,mbrainz_26684,0.7333333333333333
lastFM_17116,mbrainz_8020,0.8599033816425121
lastFM_33277,mbrainz_15126,0.6666666666666666
lastFM_26050,mbrainz_12092,0.6111111111111112
lastFM_66329,mbrainz_26439,0.8148148148148149
lastFM_41632,mbrainz_17547,0.7333333333333334
lastFM_70941,mbrainz_28372,0.6666666666666666
lastFM_72083,mbrainz_28858,0.7720156555772993
lastFM_71574,mbrainz_28629,0.7229832572298325
lastFM_68560,mbrainz_27397,0.7628205128205128
lastFM_5211,mbrainz_2439,0.8271604938271604
lastFM_17706,mbrainz_8276,0.7777777777777777
lastFM_8668,mbrainz_4180,0.7666666666666666
lastFM_17138,mbrainz_8031,0.7121212121212122
lastFM_27214,mbrainz_12631,0.923076923076923
lastFM_7235,mbrainz_3453,0.6944444444444444
lastFM_5164,mbrainz_2412,0.6222222222222222
lastFM_38830,mbrainz_466,0.7543859649122807
lastFM_36994,mbrainz_16197,0.6666666666666666
lastFM_44201,mbrainz_18257,0.6160206718346253
lastFM_5663,mbrainz_2662,0.6030828516377649
lastFM_407,mbrainz_234,0.8333333333333333
lastFM_29220,mbrainz_13507,0.6003584229390682
lastFM_124,mbrainz_94,1.0
lastFM_74606,mbrainz_29886,0.8395061728395061
lastFM_7392,mbrainz_3537,0.7055555555555555
lastFM_1213,mbrainz_557,0.711111111111111
lastFM_49832,mbrainz_19831,0.7166666666666666
lastFM_1909,mbrainz_822,0.8333333333333333
lastFM_75263,mbrainz_30134,0.6243386243386243
lastFM_81630,mbrainz_32924,0.7203065134099617
lastFM_17399,mbrainz_8137,0.6988304093567251
lastFM_55852,mbrainz_22010,0.8333333333333333
lastFM_128,mbrainz_96,0.6444444444444444
lastFM_25621,mbrainz_11909,0.6186868686868687
lastFM_8639,mbrainz_4168,0.6944444444444444
lastFM_17919,mbrainz_8380,0.7272727272727273
lastFM_10787,mbrainz_5175,0.6111111111111112
lastFM_15261,mbrainz_7167,1.0
lastFM_2033,mbrainz_872,0.6666666666666666
lastFM_42988,mbrainz_17876,0.7424242424242424
lastFM_5768,mbrainz_2716,0.85
lastFM_72248,mbrainz_28928,0.6666666666666666
lastFM_2742,mbrainz_1188,0.8888888888888888
lastFM_82535,mbrainz_33344,0.7777777777777777
lastFM_26362,mbrainz_12240,0.7051282051282051
lastFM_191,mbrainz_144,0.7222222222222221
lastFM_49483,mbrainz_19714,0.7777777777777778
lastFM_34499,mbrainz_15644,0.7777777777777777
lastFM_21063,mbrainz_9881,1.0
lastFM_11773,mbrainz_5594,1.0
lastFM_7430,mbrainz_3557,0.8888888888888888
lastFM_35142,mbrainz_15752,0.6426426426426426
lastFM_12451,mbrainz_5905,0.9583333333333333
lastFM_45052,mbrainz_18518,0.819047619047619
lastFM_1103,mbrainz_502,0.8333333333333333
lastFM_3500,mbrainz_1501,0.7756410256410255
lastFM_56290,mbrainz_22176,0.7261904761904762
lastFM_22919,mbrainz_10715,0.654320987654321
lastFM_50023,mbrainz_19894,0.6246246246246245
lastFM_53954,mbrainz_21325,0.6666666666666666
lastFM_10597,mbrainz_5097,0.7133333333333334
lastFM_11224,mbrainz_5358,0.8627450980392156
lastFM_17212,mbrainz_8066,0.7036036036036036
lastFM_8752,mbrainz_4226,1.0
lastFM_76216,mbrainz_30527,0.7291666666666666
lastFM_3276,mbrainz_1412,0.753968253968254
lastFM_78843,mbrainz_31697,0.8
lastFM_22837,mbrainz_10678,0.711111111111111
lastFM_33412,mbrainz_15183,0.9523809523809523
lastFM_25571,mbrainz_11890,0.9130434782608695
lastFM_8676,mbrainz_4185,0.7053140096618358
lastFM_77865,mbrainz_31273,0.6666666666666666
lastFM_9476,mbrainz_4599,0.8333333333333333
lastFM_29687,mbrainz_13699,0.7777777777777777
lastFM_75147,mbrainz_30086,0.6111111111111112
lastFM_98,mbrainz_74,1.0
lastFM_16720,mbrainz_7840,0.8484848484848484
lastFM_17778,mbrainz_8309,1.0
lastFM_256,mbrainz_166,0.75
lastFM_71339,mbrainz_28543,0.8258258258258259
lastFM_29209,mbrainz_13502,0.8288288288288288
lastFM_70922,mbrainz_28364,0.8695652173913043
lastFM_3773,mbrainz_1621,0.6666666666666666
lastFM_9180,mbrainz_4445,0.6666666666666666
lastFM_13011,mbrainz_6173,0.6051587301587301
lastFM_27234,mbrainz_12642,0.8238482384823849
lastFM_23112,mbrainz_10795,0.9047619047619047
lastFM_6401,mbrainz_3031,0.6666666666666666
lastFM_24145,mbrainz_11259,0.606060606060606
lastFM_50718,mbrainz_20139,0.6
lastFM_15374,mbrainz_7209,0.75
lastFM_1394,mbrainz_610,0.8333333333333333
lastFM_414,mbrainz_239,0.7777777777777777
lastFM_168,mbrainz_129,0.8888888888888888
lastFM_42253,mbrainz_17724,1.0
lastFM_57765,mbrainz_22781,0.7857142857142856
lastFM_32420,mbrainz_14782,0.6574074074074073
lastFM_21160,mbrainz_9927,0.6400226757369614
lastFM_71615,mbrainz_28635,0.6111111111111112
lastFM_42449,mbrainz_17788,0.6202020202020202
lastFM_654,mbrainz_354,0.8309178743961353
lastFM_39063,mbrainz_16814,0.75
lastFM_25180,mbrainz_11728,0.7008547008547008
lastFM_58340,mbrainz_22997,0.9333333333333333
lastFM_42439,mbrainz_17784,0.8533333333333333
lastFM_22967,mbrainz_10737,0.7662835249042146
lastFM_4820,mbrainz_2227,0.8636363636363635
lastFM_12086,mbrainz_5730,0.6515151515151514
lastFM_45129,mbrainz_18544,0.6853658536585365
lastFM_25421,mbrainz_11825,0.6843137254901961
lastFM_23464,mbrainz_10953,0.7948717948717948
lastFM_10891,mbrainz_5224,0.6761904761904762
lastFM_77812,mbrainz_31247,0.8914728682170542
lastFM_15118,mbrainz_7110,0.7083333333333333
lastFM_9247,mbrainz_4489,0.6111111111111112
lastFM_20388,mbrainz_9583,0.6876876876876876
lastFM_37856,mbrainz_16423,0.8333333333333333
lastFM_29584,mbrainz_13647,0.6049382716049383
lastFM_9688,mbrainz_4695,0.6032520325203252
lastFM_17447,mbrainz_8158,0.75
lastFM_21762,mbrainz_10200,0.8333333333333333
lastFM_65213,mbrainz_25918,0.6072796934865899
lastFM_9708,mbrainz_4700,0.8333333333333333
lastFM_3361,mbrainz_1447,0.6333333333333333
lastFM_64580,mbrainz_25618,0.8484848484848484
lastFM_20928,mbrainz_9831,0.6111111111111112
lastFM_57964,mbrainz_22847,0.6666666666666666
lastFM_64256,mbrainz_25489,0.9270833333333333
lastFM_4848,mbrainz_2244,0.662891046386192
lastFM_10823,mbrainz_5188,0.7777777777777777
lastFM_548,mbrainz_312,0.7777777777777777
lastFM_2,mbrainz_2,1.0
lastFM_52117,mbrainz_20680,0.6639784946236559
lastFM_23465,mbrainz_10954,0.6147286821705427
lastFM_14234,mbrainz_6740,0.8362573099415205
lastFM_20432,mbrainz_9601,0.6666666666666666
lastFM_404,mbrainz_233,0.7222222222222222
lastFM_82768,mbrainz_33466,0.7254901960784313
lastFM_60307,mbrainz_23796,0.6074074074074074
lastFM_52785,mbrainz_20926,0.6587615283267456
lastFM_72107,mbrainz_28868,0.6174603174603175
lastFM_148,mbrainz_113,0.6111111111111112
lastFM_24564,mbrainz_11460,0.6111111111111112
lastFM_56510,mbrainz_22272,0.8233333333333333
lastFM_10343,mbrainz_4985,0.7777777777777777
lastFM_28190,mbrainz_13066,0.6222222222222222
lastFM_61614,mbrainz_24341,0.7777777777777777
lastFM_890,mbrainz_430,1.0
lastFM_79052,mbrainz_31774,0.6666666666666666
lastFM_46216,mbrainz_18855,0.8333333333333333
lastFM_66262,mbrainz_26403,0.7312925170068028
lastFM_77569,mbrainz_31125,0.6111111111111112
lastFM_8720,mbrainz_4205,0.6306306306306306
lastFM_72981,mbrainz_29262,0.6530612244897959
lastFM_29171,mbrainz_13486,0.7777777777777777
lastFM_30,mbrainz_21,0.7777777777777777
lastFM_81155,mbrainz_32686,0.6195286195286195
lastFM_2425,mbrainz_1047,0.6175213675213675
lastFM_5472,mbrainz_466,0.7276422764227642
lastFM_37695,mbrainz_16376,0.7385620915032679
lastFM_64846,mbrainz_25765,0.7777777777777777
lastFM_13001,mbrainz_6168,0.6944444444444444
lastFM_7267,mbrainz_3469,0.9029304029304028
lastFM_23360,mbrainz_10905,0.7155555555555555
lastFM_61541,mbrainz_24309,0.6944444444444444
lastFM_20553,mbrainz_9659,0.6201298701298701
lastFM_33066,mbrainz_15041,0.7455197132616487
lastFM_17904,mbrainz_8371,0.7951388888888888
lastFM_54213,mbrainz_21421,0.7666666666666666
lastFM_1253,mbrainz_569,0.6
lastFM_3054,mbrainz_1314,0.7777777777777777
lastFM_1935,mbrainz_833,0.6666666666666666
lastFM_17043,mbrainz_7987,0.8749999999999999
lastFM_26947,mbrainz_12513,0.6333333333333333
lastFM_37990,mbrainz_16469,0.7777777777777777
lastFM_23009,mbrainz_10756,0.6944444444444444
lastFM_34188,mbrainz_15528,0.6190476190476191
lastFM_44379,mbrainz_18315,0.8148148148148148
lastFM_30445,mbrainz_14013,0.8888888888888888
lastFM_72772,mbrainz_29170,0.7794117647058822
lastFM_17665,mbrainz_8260,0.7333333333333333
lastFM_6158,mbrainz_2916,0.7777777777777777
lastFM_8123,mbrainz_3914,0.8431372549019607
lastFM_50749,mbrainz_20148,0.8083333333333333
lastFM_2038,mbrainz_875,0.7777777777777777
lastFM_33414,mbrainz_15185,0.7777777777777777
lastFM_21345,mbrainz_10025,0.6296296296296295
lastFM_65079,mbrainz_25862,0.6210045662100456
lastFM_7338,mbrainz_3507,0.6666666666666666
lastFM_32543,mbrainz_14836,0.7057057057057057
lastFM_56630,mbrainz_22311,0.7626262626262625
lastFM_53934,mbrainz_21318,0.7083333333333333
lastFM_6480,mbrainz_3065,0.6666666666666666
lastFM_9917,mbrainz_4792,0.7903225806451613
lastFM_73829,mbrainz_29595,0.6190476190476191
lastFM_67785,mbrainz_27063,0.781144781144781
lastFM_51194,mbrainz_20312,0.8333333333333333
lastFM_49563,mbrainz_19740,0.6333333333333333
lastFM_26120,mbrainz_12120,0.784992784992785
lastFM_90,mbrainz_68,0.7333333333333333
lastFM_37542,mbrainz_16332,0.9166666666666666
lastFM_7308,mbrainz_3489,0.631578947368421
lastFM_20286,mbrainz_9538,0.7857142857142857
lastFM_17780,mbrainz_8310,0.6666666666666666
lastFM_10972,mbrainz_5262,0.75
lastFM_23962,mbrainz_11165,0.8985507246376812
lastFM_18323,mbrainz_8592,0.7619047619047619
lastFM_9072,mbrainz_4390,0.7777777777777777
lastFM_58434,mbrainz_23035,0.8749999999999999
lastFM_55714,mbrainz_21962,0.7777777777777777
lastFM_6442,mbrainz_3051,0.7777777777777777
lastFM_69035,mbrainz_27555,0.6666666666666666
lastFM_79640,mbrainz_32017,0.6759259259259258
lastFM_48094,mbrainz_19378,0.623015873015873
lastFM_58292,mbrainz_22973,0.6845238095238095
lastFM_8076,mbrainz_3891,0.8280701754385964
lastFM_61772,mbrainz_24404,0.7685185185185184
lastFM_3788,mbrainz_1634,0.7222222222222221
lastFM_21777,mbrainz_10206,0.6904761904761904
lastFM_16216,mbrainz_7602,0.8280701754385964
lastFM_329,mbrainz_195,0.6944444444444444
lastFM_25668,mbrainz_11929,0.6111111111111112
lastFM_68505,mbrainz_27368,0.7380952380952381
lastFM_58527,mbrainz_23071,0.8296296296296296
lastFM_12227,mbrainz_5801,0.7777777777777777
lastFM_29833,mbrainz_13760,0.6428571428571428
lastFM_72958,mbrainz_29254,0.8911564625850339
lastFM_62525,mbrainz_24715,0.6944444444444444
lastFM_4681,mbrainz_2155,1.0
lastFM_11860,mbrainz_5631,0.7777777777777777
lastFM_20010,mbrainz_9412,0.8888888888888888
lastFM_19031,mbrainz_8941,0.7777777777777777
lastFM_65189,mbrainz_25906,0.731266149870801
lastFM_56734,mbrainz_22354,0.8666666666666666
lastFM_28569,mbrainz_13242,0.6228070175438596
lastFM_7844,mbrainz_3773,0.8528138528138527
lastFM_14530,mbrainz_6869,0.7878787878787878
lastFM_20844,mbrainz_9790,0.8918918918918919
lastFM_6378,mbrainz_3016,0.6499999999999999
lastFM_22351,mbrainz_10474,0.75
lastFM_21856,mbrainz_10244,0.7777777777777777
lastFM_17709,mbrainz_8278,0.8333333333333333
lastFM_5240,mbrainz_2453,0.6428571428571428
lastFM_51628,mbrainz_20486,0.654040404040404
lastFM_17516,mbrainz_8187,0.8333333333333333
lastFM_3458,mbrainz_1483,0.8333333333333333
lastFM_48143,mbrainz_19390,0.6458333333333333
lastFM_2257,mbrainz_972,0.6944444444444444
lastFM_1898,mbrainz_814,0.6212121212121212
lastFM_10816,mbrainz_5184,0.7843137254901961
lastFM_7373,mbrainz_3524,0.7444444444444445
lastFM_27391,mbrainz_12711,0.6555555555555556
lastFM_4403,mbrainz_1990,0.6419753086419753
lastFM_1219,mbrainz_559,0.7777777777777777
lastFM_875,mbrainz_423,0.8333333333333333
lastFM_3093,mbrainz_1331,0.7777777777777777
lastFM_45919,mbrainz_18762,0.7068965517241379
lastFM_1245,mbrainz_568,0.7777777777777778
lastFM_327,mbrainz_193,0.7777777777777777
lastFM_18227,mbrainz_8542,0.6386473429951691
lastFM_35481,mbrainz_15843,0.6111111111111112
lastFM_22153,mbrainz_10382,0.6767676767676767
lastFM_16956,mbrainz_7953,0.7333333333333333
lastFM_3168,mbrainz_1361,0.687147977470558
lastFM_3437,mbrainz_1473,0.6666666666666666
lastFM_137,mbrainz_103,0.7777777777777777
lastFM_77853,mbrainz_31267,0.7777777777777777
lastFM_4052,mbrainz_1798,0.6944444444444444
lastFM_9093,mbrainz_4401,0.7898550724637681
lastFM_64867,mbrainz_25776,0.8888888888888888
lastFM_43894,mbrainz_18169,0.6944444444444444
lastFM_55963,mbrainz_22056,0.7777777777777777
lastFM_17046,mbrainz_7988,0.6944444444444444
lastFM_9536,mbrainz_4627,1.0
lastFM_22146,mbrainz_10379,0.6111111111111112
lastFM_48165,mbrainz_19396,1.0
lastFM_278,mbrainz_175,1.0
lastFM_1656,mbrainz_708,0.6904761904761905
lastFM_11669,mbrainz_5542,0.6111111111111112
lastFM_67432,mbrainz_26901,0.6190476190476191
lastFM_12932,mbrainz_6140,0.606060606060606
lastFM_18298,mbrainz_8580,0.609375
lastFM_17263,mbrainz_8083,0.6835748792270531
lastFM_58028,mbrainz_22872,0.6903870162297129
lastFM_10849,mbrainz_5205,0.7933333333333333
lastFM_47544,mbrainz_19250,0.7521367521367521
lastFM_2692,mbrainz_1165,0.6836734693877551
lastFM_56425,mbrainz_22234,0.8421052631578947
lastFM_78932,mbrainz_31735,0.6495726495726495
lastFM_23577,mbrainz_10999,0.7999999999999999
lastFM_16933,mbrainz_7940,0.7951388888888888
lastFM_4697,mbrainz_2162,0.7817460317460316
lastFM_15043,mbrainz_7084,0.7777777777777777
lastFM_65591,mbrainz_26099,0.8333333333333333
lastFM_54306,mbrainz_21454,0.9166666666666666
lastFM_10114,mbrainz_4877,1.0
lastFM_16760,mbrainz_7860,0.6399999999999999
lastFM_12552,mbrainz_5960,0.6666666666666666
lastFM_82365,mbrainz_33262,1.0
lastFM_78998,mbrainz_31759,0.611111111111111
lastFM_8582,mbrainz_4141,0.9375
lastFM_10140,mbrainz_4892,0.6
lastFM_26891,mbrainz_12487,1.0
lastFM_15940,mbrainz_7456,0.75
lastFM_13837,mbrainz_6549,0.6666666666666666
lastFM_18735,mbrainz_8788,0.9615384615384615
lastFM_60469,mbrainz_23867,1.0
lastFM_51143,mbrainz_20291,0.6280193236714975
lastFM_16614,mbrainz_7789,0.6981481481481482
lastFM_7568,mbrainz_3630,0.6666666666666666
lastFM_34037,mbrainz_15463,0.6666666666666666
lastFM_9374,mbrainz_4548,0.7777777777777777
lastFM_28610,mbrainz_13257,0.9035087719298246
lastFM_4661,mbrainz_2148,0.7412008281573498
lastFM_79995,mbrainz_32189,0.7777777777777777
lastFM_5096,mbrainz_2368,0.7794117647058822
lastFM_33219,mbrainz_15103,0.711111111111111
lastFM_62237,mbrainz_24596,0.8888888888888888
lastFM_26621,mbrainz_12354,0.6666666666666666
lastFM_21556,mbrainz_10119,0.6759259259259258
lastFM_31842,mbrainz_14547,0.7083333333333333
lastFM_15409,mbrainz_7223,0.6111111111111112
lastFM_8592,mbrainz_4145,0.6203703703703703
lastFM_72013,mbrainz_28820,0.7735507246376812
lastFM_9344,mbrainz_4535,0.6111111111111112
lastFM_73815,mbrainz_29586,0.9166666666666665
lastFM_22607,mbrainz_10579,0.8333333333333333
lastFM_14883,mbrainz_7013,0.7222222222222222
lastFM_44878,mbrainz_18469,0.746031746031746
lastFM_64968,mbrainz_25816,0.6175213675213675
lastFM_45212,mbrainz_18561,0.7301587301587301
lastFM_7721,mbrainz_3708,0.7266666666666667
lastFM_22817,mbrainz_10669,0.8333333333333333
lastFM_11039,mbrainz_5290,0.6666666666666666
lastFM_82,mbrainz_62,0.7287581699346406
lastFM_6553,mbrainz_3103,0.7222222222222221
lastFM_4615,mbrainz_2116,0.7204301075268816
lastFM_12017,mbrainz_5701,0.711111111111111
lastFM_38330,mbrainz_16582,0.6559829059829059
lastFM_1529,mbrainz_657,0.8333333333333333
lastFM_59073,mbrainz_23284,0.8333333333333333
lastFM_44053,mbrainz_18220,0.6857142857142857
lastFM_22641,mbrainz_10593,0.7948717948717948
lastFM_39830,mbrainz_17035,0.7256944444444444
lastFM_6375,mbrainz_6774,0.611541774332472
lastFM_64980,mbrainz_25824,0.7333333333333333
lastFM_36406,mbrainz_16054,0.7777777777777777
lastFM_57896,mbrainz_22825,0.8936781609195401
lastFM_48581,mbrainz_20461,0.7666666666666666
lastFM_60639,mbrainz_23943,0.8129629629629629
lastFM_8578,mbrainz_4139,0.7251461988304093
lastFM_55673,mbrainz_21943,0.7301587301587301
lastFM_21012,mbrainz_9858,0.6057347670250895
lastFM_17042,mbrainz_7986,0.8499999999999999
lastFM_62478,mbrainz_24691,0.7777777777777777
lastFM_18482,mbrainz_8669,0.9310344827586207
lastFM_2097,mbrainz_905,0.8333333333333333
lastFM_5105,mbrainz_2373,0.7777777777777777
lastFM_7417,mbrainz_3547,0.6666666666666666
lastFM_14811,mbrainz_6976,0.6666666666666666
lastFM_28889,mbrainz_13366,0.7194444444444443
lastFM_1037,mbrainz_488,0.7916666666666666
lastFM_27823,mbrainz_12916,0.76007326007326
lastFM_62592,mbrainz_24743,0.7611111111111111
lastFM_4729,mbrainz_2180,0.7105263157894737
lastFM_24279,mbrainz_11325,0.7121212121212122
lastFM_33600,mbrainz_15274,0.626984126984127
lastFM_37411,mbrainz_16299,0.7692307692307692
lastFM_17765,mbrainz_8305,0.8703703703703703
lastFM_12102,mbrainz_5739,0.8796296296296295
lastFM_7473,mbrainz_3579,0.6111111111111112
lastFM_12559,mbrainz_5964,0.7777777777777777
lastFM_40226,mbrainz_17173,0.7162698412698412
lastFM_28351,mbrainz_13146,0.7301587301587301
lastFM_15824,mbrainz_7408,0.6111111111111112
lastFM_5278,mbrainz_2475,0.6666666666666666
lastFM_66547,mbrainz_26544,0.7904761904761904
lastFM_1264,mbrainz_573,0.8387096774193548
lastFM_52142,mbrainz_20690,0.8928571428571428
lastFM_30962,mbrainz_14200,0.7932098765432098
lastFM_13952,mbrainz_6602,0.6944444444444444
lastFM_31690,mbrainz_14487,0.7777777777777777
lastFM_1200,mbrainz_550,0.8333333333333333
lastFM_67783,mbrainz_27062,0.6172839506172839
lastFM_82208,mbrainz_33181,0.7777777777777777
lastFM_4423,mbrainz_2007,0.7222222222222222
lastFM_68400,mbrainz_27326,0.7777777777777777
lastFM_5399,mbrainz_2532,0.8505747126436781
lastFM_20355,mbrainz_9567,0.9010752688172042
lastFM_55435,mbrainz_21861,1.0
lastFM_5167,mbrainz_2415,0.7521367521367521
lastFM_61969,mbrainz_24490,0.7444444444444445
lastFM_2495,mbrainz_1082,0.8148148148148148
lastFM_24609,mbrainz_11483,0.7333333333333333
lastFM_8572,mbrainz_4134,0.7222222222222222
lastFM_67224,mbrainz_26824,0.8055555555555556
lastFM_17651,mbrainz_8254,0.7777777777777777
lastFM_39466,mbrainz_16922,0.7660818713450293
lastFM_30514,mbrainz_14040,0.7654320987654322
lastFM_41969,mbrainz_17641,0.8888888888888888
lastFM_17117,mbrainz_8021,0.728395061728395
lastFM_6559,mbrainz_3106,0.6025641025641025
lastFM_67073,mbrainz_26770,0.7878787878787878
lastFM_4657,mbrainz_2145,0.71875
lastFM_4517,mbrainz_2056,0.6666666666666666
lastFM_19800,mbrainz_9310,0.6059431524547803
lastFM_51706,mbrainz_20511,0.6016260162601625
lastFM_16667,mbrainz_7812,1.0
lastFM_8348,mbrainz_4017,0.6404040404040403
lastFM_2315,mbrainz_999,0.6666666666666666
lastFM_74740,mbrainz_29942,0.6
lastFM_10951,mbrainz_5250,1.0
lastFM_32784,mbrainz_14925,0.7833333333333332
lastFM_7341,mbrainz_3509,0.7777777777777777
lastFM_37270,mbrainz_16272,0.7460992907801418
lastFM_5677,mbrainz_2673,0.7059829059829059
lastFM_27526,mbrainz_12781,0.718954248366013
lastFM_18371,mbrainz_8619,0.7777777777777777
lastFM_51423,mbrainz_20406,0.6599999999999999
lastFM_1011,mbrainz_480,0.7129629629629629
lastFM_10615,mbrainz_5107,0.7777777777777777
lastFM_24600,mbrainz_11479,0.7777777777777777
lastFM_22634,mbrainz_10590,0.7579365079365079
lastFM_31131,mbrainz_14271,0.7
lastFM_22659,mbrainz_10599,0.7598566308243728
lastFM_15161,mbrainz_7126,0.6111111111111112
lastFM_37235,mbrainz_16258,0.6249999999999999
lastFM_19646,mbrainz_9235,0.8333333333333333
lastFM_33467,mbrainz_15210,0.7777777777777777
lastFM_69031,mbrainz_27554,0.8333333333333333
lastFM_62631,mbrainz_24765,0.7777777777777777
lastFM_3495,mbrainz_1499,0.8055555555555556
lastFM_36845,mbrainz_16151,0.7777777777777777
lastFM_41840,mbrainz_18137,0.8333333333333333
lastFM_55146,mbrainz_6014,0.6825396825396826
lastFM_52243,mbrainz_6014,0.6825396825396826
lastFM_33083,mbrainz_15046,0.6666666666666666
lastFM_2003,mbrainz_861,0.7222222222222222
lastFM_36689,mbrainz_16106,0.6666666666666666
lastFM_18922,mbrainz_8893,0.7777777777777777
lastFM_7695,mbrainz_3694,0.7777777777777777
lastFM_44792,mbrainz_18448,0.7051282051282051
lastFM_42428,mbrainz_17778,1.0
lastFM_36768,mbrainz_16125,0.7430555555555556
lastFM_31956,mbrainz_14593,0.7777777777777777
lastFM_40044,mbrainz_17113,0.6613394216133942
lastFM_198,mbrainz_147,0.8333333333333333
lastFM_60170,mbrainz_23745,0.7055555555555555
lastFM_52539,mbrainz_20849,0.6349206349206349
lastFM_16967,mbrainz_7961,0.7333333333333333
lastFM_11929,mbrainz_5666,0.711111111111111
lastFM_18365,mbrainz_8617,0.6615384615384615
lastFM_755,mbrainz_387,0.7777777777777777
lastFM_62079,mbrainz_24538,0.8645833333333333
lastFM_22874,mbrainz_10692,0.6977777777777777
lastFM_20649,mbrainz_9696,0.6888888888888889
lastFM_48704,mbrainz_19553,0.898989898989899
lastFM_37371,mbrainz_16291,1.0
lastFM_20254,mbrainz_9522,0.6369731800766283
lastFM_37,mbrainz_27,0.6944444444444444
lastFM_35387,mbrainz_15818,0.8333333333333333
lastFM_50314,mbrainz_19991,0.6338383838383839
lastFM_21459,mbrainz_10077,0.7365079365079364
lastFM_34063,mbrainz_15474,0.6904761904761905
lastFM_3958,mbrainz_1744,0.7407407407407407
lastFM_21362,mbrainz_10030,0.7342995169082125
lastFM_41038,mbrainz_17436,0.6666666666666666
lastFM_4560,mbrainz_2083,0.7777777777777777
lastFM_366,mbrainz_211,0.6666666666666666
lastFM_17699,mbrainz_8275,0.6666666666666666
lastFM_34882,mbrainz_15668,1.0
lastFM_18007,mbrainz_8427,0.8888888888888888
lastFM_12629,mbrainz_5998,0.746031746031746
lastFM_9076,mbrainz_4392,0.6794871794871795
lastFM_435,mbrainz_256,0.8333333333333333
lastFM_51692,mbrainz_20506,0.6111111111111112
lastFM_67912,mbrainz_27122,0.6464646464646464
lastFM_12401,mbrainz_5879,0.7343283582089553
lastFM_177,mbrainz_135,1.0
lastFM_20277,mbrainz_9532,0.6666666666666666
lastFM_53,mbrainz_39,0.7222222222222222
lastFM_1572,mbrainz_674,0.7301587301587301
lastFM_6196,mbrainz_2931,0.6666666666666666
lastFM_420,mbrainz_243,0.6324786324786325
lastFM_6340,mbrainz_2997,0.7777777777777777
lastFM_997,mbrainz_475,0.7777777777777777
lastFM_13815,mbrainz_6539,0.6944444444444444
lastFM_40062,mbrainz_17122,0.6777777777777778
lastFM_15602,mbrainz_7301,0.6944444444444444
lastFM_57674,mbrainz_22735,0.7916666666666666
lastFM_27189,mbrainz_12620,0.7182539682539681
lastFM_15594,mbrainz_7297,0.6111111111111112
lastFM_9373,mbrainz_4547,0.7166666666666667
lastFM_60765,mbrainz_23986,0.82
lastFM_63155,mbrainz_25004,0.7222222222222221
lastFM_156,mbrainz_120,0.8055555555555556
lastFM_5985,mbrainz_2822,0.6722222222222222
lastFM_7866,mbrainz_3784,0.711111111111111
lastFM_8237,mbrainz_3967,0.861111111111111
lastFM_43953,mbrainz_18191,0.7651195499296765
lastFM_33176,mbrainz_15088,0.7407407407407407
lastFM_120,mbrainz_91,0.6666666666666666
lastFM_6577,mbrainz_3113,0.7888888888888889
lastFM_4874,mbrainz_2256,0.75
lastFM_5666,mbrainz_2664,0.6944444444444444
lastFM_35734,mbrainz_15924,0.6405228758169934
lastFM_84,mbrainz_64,0.8333333333333333
lastFM_33284,mbrainz_15132,0.6666666666666666
lastFM_55438,mbrainz_21862,0.6666666666666666
lastFM_24521,mbrainz_11435,0.6111111111111112
lastFM_26978,mbrainz_12528,0.6222222222222222
lastFM_23122,mbrainz_10797,0.6177777777777778
lastFM_5889,mbrainz_2773,0.7222222222222221
lastFM_113,mbrainz_86,0.7222222222222221
lastFM_14633,mbrainz_6906,0.6666666666666666
lastFM_21784,mbrainz_10209,0.8333333333333333
lastFM_53466,mbrainz_21143,0.6078431372549019
lastFM_40360,mbrainz_17217,0.6666666666666666
lastFM_4040,mbrainz_1793,0.7651991614255764
lastFM_49404,mbrainz_19687,0.648611111111111
lastFM_45304,mbrainz_18594,0.7326388888888888
lastFM_10489,mbrainz_5053,0.8333333333333333
lastFM_432,mbrainz_253,0.8454106280193237
lastFM_28594,mbrainz_13252,0.6565656565656566
lastFM_61480,mbrainz_24283,0.6666666666666666
lastFM_582,mbrainz_318,0.7435897435897436
lastFM_1851,mbrainz_789,0.6666666666666666
lastFM_19310,mbrainz_9062,0.7777777777777777
lastFM_8322,mbrainz_4005,0.6574074074074073
lastFM_32511,mbrainz_14823,0.8555555555555556
lastFM_22069,mbrainz_10345,0.7777777777777777
lastFM_64372,mbrainz_25529,0.6111111111111112
lastFM_11274,mbrainz_5387,1.0
lastFM_28498,mbrainz_13212,0.7777777777777777
lastFM_1297,mbrainz_578,0.9019607843137254
lastFM_30866,mbrainz_14163,0.7416666666666666
lastFM_54774,mbrainz_21622,0.7777777777777778
lastFM_28268,mbrainz_13103,0.6111111111111112
lastFM_27930,mbrainz_12956,0.6052631578947367
lastFM_20598,mbrainz_9680,0.6160130718954249
lastFM_21469,mbrainz_10080,0.7777777777777777
lastFM_27490,mbrainz_12766,0.6190476190476191
lastFM_52337,mbrainz_20775,0.8666666666666667
lastFM_53235,mbrainz_21064,0.6666666666666666
lastFM_20900,mbrainz_9817,0.6604938271604938
lastFM_59326,mbrainz_23388,0.8333333333333333
lastFM_4611,mbrainz_2114,0.6666666666666666
lastFM_61776,mbrainz_24408,0.6666666666666666
lastFM_16862,mbrainz_7905,0.7474747474747474
lastFM_26390,mbrainz_12254,0.6666666666666666
lastFM_6166,mbrainz_2919,0.75
lastFM_6702,mbrainz_3175,0.7301587301587301
lastFM_80143,mbrainz_32251,0.7777777777777777
lastFM_20607,mbrainz_9683,0.6666666666666666
lastFM_19175,mbrainz_9001,0.6683006535947713
lastFM_23532,mbrainz_10983,0.6666666666666666
lastFM_41354,mbrainz_17474,0.6428571428571428
lastFM_62712,mbrainz_24804,0.7777777777777777
lastFM_35629,mbrainz_15890,0.75
lastFM_67304,mbrainz_26856,0.7777777777777777
lastFM_18672,mbrainz_8759,0.75
lastFM_72936,mbrainz_29246,0.6222222222222222
lastFM_18609,mbrainz_8735,0.7037037037037037
lastFM_60408,mbrainz_23838,0.7777777777777777
lastFM_28166,mbrainz_13053,0.6428571428571428
lastFM_9944,mbrainz_4804,0.8333333333333333
lastFM_5966,mbrainz_2812,0.6349206349206349
lastFM_8650,mbrainz_4172,0.7777777777777777
lastFM_17835,mbrainz_8335,0.9444444444444444
lastFM_72472,mbrainz_29033,0.8055555555555556
lastFM_22253,mbrainz_10431,0.7777777777777777
lastFM_9569,mbrainz_4641,0.6
lastFM_29186,mbrainz_13495,0.7777777777777777
lastFM_40,mbrainz_30,0.6164874551971326
lastFM_50717,mbrainz_20138,0.7575757575757576
lastFM_3091,mbrainz_1330,0.6666666666666666
lastFM_74237,mbrainz_29757,0.6228070175438596
lastFM_3678,mbrainz_1568,0.7547892720306513
lastFM_33751,mbrainz_15344,0.7004830917874396
lastFM_80460,mbrainz_32381,0.8125
lastFM_67469,mbrainz_26920,1.0
lastFM_6908,mbrainz_3287,1.0
lastFM_3426,mbrainz_1466,0.6666666666666666
lastFM_16175,mbrainz_7581,0.7777777777777777
lastFM_43768,mbrainz_18132,0.6666666666666666
lastFM_81062,mbrainz_32644,0.7777777777777777
lastFM_10625,mbrainz_5111,0.6869369369369369
lastFM_32352,mbrainz_14754,0.8333333333333333
lastFM_17834,mbrainz_8334,0.7
lastFM_4180,mbrainz_1866,0.6833333333333333
lastFM_2994,mbrainz_1293,0.9333333333333333
lastFM_55825,mbrainz_21997,0.6786786786786787
lastFM_111,mbrainz_85,0.6111111111111112
lastFM_38767,mbrainz_16723,0.7777777777777777
lastFM_8,mbrainz_7,0.6666666666666666
lastFM_7914,mbrainz_3809,0.7619047619047619
lastFM_7445,mbrainz_3565,0.7777777777777777
lastFM_47070,mbrainz_19119,0.6944444444444444
lastFM_79,mbrainz_59,0.75
lastFM_18096,mbrainz_8468,0.857142857142857
lastFM_43944,mbrainz_18185,1.0
lastFM_70650,mbrainz_28247,0.6666666666666666
lastFM_31599,mbrainz_14452,0.8958333333333333
lastFM_39755,mbrainz_17009,0.7521367521367521
lastFM_10307,mbrainz_4966,0.692929292929293
lastFM_4990,mbrainz_2306,0.7270531400966183
lastFM_63301,mbrainz_25073,0.8888888888888888
lastFM_19155,mbrainz_8996,0.6601307189542484
lastFM_61626,mbrainz_24347,0.6911764705882353
lastFM_11047,mbrainz_5294,0.6944444444444444
lastFM_33082,mbrainz_15045,0.7777777777777777
lastFM_5923,mbrainz_2789,0.7777777777777777
lastFM_77880,mbrainz_31283,0.7777777777777777
lastFM_27092,mbrainz_12578,0.7083333333333333
lastFM_936,mbrainz_449,0.6866666666666666
lastFM_22038,mbrainz_10329,0.6666666666666666
lastFM_24580,mbrainz_11469,0.6944444444444444
lastFM_5371,mbrainz_2516,0.6666666666666666
lastFM_60575,mbrainz_23919,0.6666666666666666
lastFM_6299,mbrainz_2979,1.0
lastFM_4205,mbrainz_1883,0.8666666666666667
lastFM_34440,mbrainz_15622,0.6111111111111112
lastFM_58864,mbrainz_23210,0.6161616161616161
lastFM_75715,mbrainz_30337,0.6190476190476191
lastFM_75308,mbrainz_30155,0.7777777777777777
lastFM_26220,mbrainz_12174,0.7163120567375886
lastFM_538,mbrainz_306,0.7037037037037037
lastFM_63674,mbrainz_25239,0.9583333333333333
lastFM_9726,mbrainz_4707,0.6565656565656566
lastFM_6089,mbrainz_2873,0.7244444444444444
lastFM_53505,mbrainz_21162,0.6309523809523809
lastFM_25781,mbrainz_11982,0.7333333333333333
lastFM_1637,mbrainz_699,0.6988304093567251
lastFM_81339,mbrainz_32790,0.7333333333333333
lastFM_28795,mbrainz_13330,0.6666666666666666
lastFM_27,mbrainz_19,0.6111111111111112
lastFM_47673,mbrainz_19319,0.736111111111111
lastFM_5124,mbrainz_2389,0.6666666666666666
lastFM_10069,mbrainz_4858,0.6666666666666666
lastFM_29580,mbrainz_13645,0.7222222222222222
lastFM_48868,mbrainz_19614,0.6803418803418804
lastFM_80016,mbrainz_32195,0.75
lastFM_104,mbrainz_79,0.6
lastFM_51868,mbrainz_20579,0.711111111111111
lastFM_63999,mbrainz_25375,0.8333333333333333
lastFM_2728,mbrainz_1181,0.6231884057971013
lastFM_9458,mbrainz_4592,0.6349206349206349
lastFM_9364,mbrainz_4542,0.8070175438596491
lastFM_50899,mbrainz_20196,0.6341880341880342
lastFM_67842,mbrainz_27090,0.711111111111111
lastFM_4446,mbrainz_2016,0.6666666666666666
lastFM_25047,mbrainz_11674,0.6666666666666666
lastFM_34083,mbrainz_15482,0.6929824561403508
lastFM_5973,mbrainz_2816,0.696969696969697
lastFM_13307,mbrainz_6307,0.673611111111111
lastFM_63735,mbrainz_25263,0.7474747474747474
lastFM_45671,mbrainz_18701,0.6111111111111112
lastFM_364,mbrainz_209,0.8405797101449275
lastFM_44842,mbrainz_18462,0.8222222222222222
lastFM_5358,mbrainz_2511,0.7587301587301587
lastFM_64460,mbrainz_25567,0.6111111111111112
lastFM_17195,mbrainz_8053,0.6904761904761905
lastFM_44638,mbrainz_18402,0.711111111111111
lastFM_11082,mbrainz_5305,0.7828282828282829
lastFM_31015,mbrainz_21052,0.6639784946236559
lastFM_102,mbrainz_78,0.7777777777777777
lastFM_53870,mbrainz_21294,0.605420054200542
lastFM_50676,mbrainz_20126,0.75
lastFM_25482,mbrainz_11846,0.6111111111111112
lastFM_30070,mbrainz_13861,0.7545045045045045
lastFM_146,mbrainz_111,0.6666666666666666
lastFM_28024,mbrainz_12997,0.7777777777777777
lastFM_82805,mbrainz_33483,0.6666666666666666
lastFM_61498,mbrainz_24291,0.8888888888888888
lastFM_26425,mbrainz_12272,0.6666666666666666
lastFM_22079,mbrainz_10351,0.875
lastFM_4291,mbrainz_1935,0.6666666666666666
lastFM_1745,mbrainz_741,0.6666666666666666
lastFM_17205,mbrainz_8061,0.6111111111111112
lastFM_46175,mbrainz_18840,0.726984126984127
lastFM_1,mbrainz_1,0.875
lastFM_69676,mbrainz_27815,0.6394557823129252
lastFM_82083,mbrainz_33131,0.8222222222222222
lastFM_75735,mbrainz_30346,0.7053140096618358
lastFM_3728,mbrainz_1588,0.7888888888888889
lastFM_14506,mbrainz_6856,0.6944444444444444
lastFM_72747,mbrainz_29159,0.6111111111111112
lastFM_63740,mbrainz_25265,0.7777777777777777
lastFM_5362,mbrainz_2513,0.6666666666666666
lastFM_17933,mbrainz_8387,0.7535353535353535
lastFM_26460,mbrainz_12293,0.6666666666666666
lastFM_11122,mbrainz_5315,0.7777777777777777
lastFM_47671,mbrainz_19317,0.8194444444444444
lastFM_129,mbrainz_97,0.6666666666666666
lastFM_12988,mbrainz_6162,0.7333333333333333
lastFM_6947,mbrainz_3309,0.6501182033096926
lastFM_13320,mbrainz_6312,0.7222222222222222
lastFM_29279,mbrainz_13530,0.7083333333333333
lastFM_55,mbrainz_41,0.711111111111111
lastFM_48663,mbrainz_19537,0.7142857142857142
lastFM_12483,mbrainz_5923,0.7777777777777777
lastFM_9440,mbrainz_4581,0.8333333333333333
lastFM_38323,mbrainz_16581,0.7380952380952381
lastFM_68108,mbrainz_27204,0.6666666666666666
lastFM_36701,mbrainz_16109,0.6944444444444444
lastFM_500,mbrainz_287,0.9333333333333333
lastFM_1500,mbrainz_646,0.7028985507246377
lastFM_17992,mbrainz_8417,0.7777777777777777
lastFM_5444,mbrainz_2558,0.7777777777777777
lastFM_50106,mbrainz_19919,0.7137254901960783
lastFM_16503,mbrainz_7735,0.7178130511463845
lastFM_37497,mbrainz_17572,0.6388888888888888
lastFM_16835,mbrainz_7894,0.7105263157894737
lastFM_15771,mbrainz_7379,0.7777777777777777
lastFM_73059,mbrainz_29297,0.7476190476190476
lastFM_33025,mbrainz_15032,0.9444444444444444
lastFM_20811,mbrainz_9773,0.6777777777777778
lastFM_60479,mbrainz_23871,0.6166666666666667
lastFM_58877,mbrainz_23213,0.6111111111111112
lastFM_26566,mbrainz_12333,0.6111111111111112
lastFM_37304,mbrainz_16282,0.6666666666666666
lastFM_15751,mbrainz_7369,0.7455197132616487
lastFM_15417,mbrainz_7228,0.6462759462759463
lastFM_64465,mbrainz_25570,0.6253968253968254
lastFM_62020,mbrainz_24514,0.6666666666666666
lastFM_10579,mbrainz_5089,0.8333333333333333
lastFM_64046,mbrainz_25398,0.7494089834515366
lastFM_14159,mbrainz_6705,0.6823899371069182
lastFM_8938,mbrainz_4325,0.7037037037037037
lastFM_65603,mbrainz_26105,0.6349206349206349
lastFM_61544,mbrainz_24311,0.7575757575757576
lastFM_8725,mbrainz_4206,0.6666666666666666
lastFM_2780,mbrainz_1203,0.6388888888888888
lastFM_29610,mbrainz_13662,0.7371273712737128
lastFM_82221,mbrainz_33188,0.6666666666666666
lastFM_2706,mbrainz_1170,0.8888888888888888
lastFM_60690,mbrainz_23963,1.0
lastFM_23054,mbrainz_10773,0.6666666666666666
lastFM_13897,mbrainz_6573,1.0
lastFM_386,mbrainz_222,0.7777777777777777
lastFM_991,mbrainz_471,0.6666666666666666
lastFM_9254,mbrainz_4492,0.7222222222222222
lastFM_63601,mbrainz_25205,0.6333333333333333
lastFM_11389,mbrainz_5431,0.7342995169082125
lastFM_16440,mbrainz_7696,0.7777777777777777
lastFM_179,mbrainz_137,0.6
lastFM_5140,mbrainz_2399,0.8124999999999999
lastFM_23408,mbrainz_10924,0.6757575757575758
lastFM_81675,mbrainz_32944,0.6388888888888888
lastFM_1378,mbrainz_606,0.673611111111111
lastFM_3518,mbrainz_1511,0.6111111111111112
lastFM_45133,mbrainz_18545,0.6938775510204082
lastFM_63070,mbrainz_24964,0.6111111111111112
lastFM_13979,mbrainz_6617,0.8888888888888888
lastFM_51000,mbrainz_20242,0.7514619883040935
lastFM_82385,mbrainz_33271,0.8072502210433244
lastFM_20965,mbrainz_9841,0.8550724637681159
lastFM_69828,mbrainz_27878,0.7777777777777777
lastFM_30485,mbrainz_14025,0.8535353535353535
lastFM_48538,mbrainz_19502,0.8333333333333333
lastFM_53240,mbrainz_21066,0.6666666666666666
lastFM_8961,mbrainz_4340,0.8333333333333333
lastFM_8141,mbrainz_3924,0.63584229390681
lastFM_55730,mbrainz_21967,0.6349206349206349
lastFM_10937,mbrainz_5247,0.7777777777777777
lastFM_14995,mbrainz_7063,0.6666666666666666
lastFM_32456,mbrainz_14797,0.6111111111111112
lastFM_39111,mbrainz_16825,0.7777777777777777
lastFM_33183,mbrainz_15091,0.7021505376344086
lastFM_19463,mbrainz_9140,0.7777777777777777
lastFM_60373,mbrainz_23819,0.6944444444444444
lastFM_25766,mbrainz_11974,0.7666666666666666
lastFM_901,mbrainz_435,0.7777777777777777
lastFM_22174,mbrainz_10391,0.8333333333333333
lastFM_31076,mbrainz_14245,0.6590909090909091
lastFM_18269,mbrainz_8566,0.6121212121212121
lastFM_57342,mbrainz_22599,0.8888888888888888
lastFM_44997,mbrainz_18501,0.7222222222222222
lastFM_6582,mbrainz_3115,0.7272727272727273
lastFM_2646,mbrainz_1148,0.6904761904761905
lastFM_3875,mbrainz_1687,0.6666666666666666
lastFM_59304,mbrainz_23379,0.7777777777777777
lastFM_7833,mbrainz_3764,0.6338383838383839
lastFM_5056,mbrainz_2347,0.8333333333333333
lastFM_2209,mbrainz_957,0.7777777777777778
lastFM_5048,mbrainz_4154,0.6085858585858586
lastFM_2576,mbrainz_1119,0.6666666666666666
lastFM_31779,mbrainz_14524,0.610752688172043
lastFM_51351,mbrainz_20378,0.8333333333333333
lastFM_22174,mbrainz_7048,0.7
lastFM_46013,mbrainz_18786,0.7023809523809523
lastFM_67163,mbrainz_26800,0.6136363636363635
lastFM_25600,mbrainz_11900,0.7647058823529411
lastFM_23352,mbrainz_10902,0.6349206349206349
lastFM_479,mbrainz_279,0.7471264367816092
lastFM_15370,mbrainz_7208,0.6202020202020202
lastFM_15941,mbrainz_7457,0.6055555555555556
lastFM_67297,mbrainz_26853,0.6283524904214559
lastFM_59735,mbrainz_23545,0.7481481481481481
lastFM_33278,mbrainz_15127,0.7301587301587301
lastFM_2866,mbrainz_1241,0.8888888888888888
lastFM_4182,mbrainz_1867,0.6979166666666666
lastFM_21454,mbrainz_10074,0.711111111111111
lastFM_46690,mbrainz_18999,0.712121212121212
lastFM_4703,mbrainz_2165,0.6666666666666666
lastFM_14149,mbrainz_6699,0.6618357487922705
lastFM_45215,mbrainz_18562,0.7569444444444444
lastFM_17552,mbrainz_8206,0.6579710144927536
lastFM_27227,mbrainz_12640,0.6876876876876876
lastFM_37844,mbrainz_16420,0.8888888888888888
lastFM_67034,mbrainz_26756,0.711111111111111
lastFM_7870,mbrainz_3787,0.6666666666666666
lastFM_10857,mbrainz_5210,0.9444444444444444
lastFM_26204,mbrainz_12166,0.6944444444444444
lastFM_14564,mbrainz_6880,0.6080246913580247
lastFM_3075,mbrainz_1325,0.6666666666666666
lastFM_50466,mbrainz_20049,0.7777777777777777
lastFM_19551,mbrainz_9193,0.8333333333333333
lastFM_52043,mbrainz_20645,0.6111111111111112
lastFM_41959,mbrainz_17639,0.6666666666666666
lastFM_15260,mbrainz_7166,0.6666666666666666
lastFM_37645,mbrainz_16361,0.6944444444444444
lastFM_20549,mbrainz_9656,0.6666666666666666
lastFM_6152,mbrainz_2912,0.6717171717171717
lastFM_15717,mbrainz_7358,0.7023809523809523
lastFM_19952,mbrainz_9387,0.6111111111111112
lastFM_80,mbrainz_60,0.7777777777777777
lastFM_7505,mbrainz_3600,0.6658730158730158
lastFM_7673,mbrainz_3686,0.7222222222222222
lastFM_109,mbrainz_83,0.611111111111111
lastFM_131,mbrainz_99,0.6111111111111112
lastFM_25284,mbrainz_11777,0.9166666666666665
lastFM_26501,mbrainz_12309,0.6618357487922705
lastFM_33581,mbrainz_15263,0.7342995169082125
lastFM_14971,mbrainz_7052,0.6111111111111112
lastFM_44876,mbrainz_18468,0.704954954954955
lastFM_15760,mbrainz_7373,0.6666666666666666
lastFM_2284,mbrainz_983,0.7777777777777777
lastFM_2857,mbrainz_1238,0.7777777777777777
lastFM_77305,mbrainz_31003,0.6415770609318997
lastFM_26335,mbrainz_12233,0.8777777777777778
lastFM_60413,mbrainz_23843,0.6111111111111112
lastFM_32225,mbrainz_14703,0.7142857142857142
lastFM_74720,mbrainz_29937,1.0
lastFM_16,mbrainz_12,0.6666666666666666
lastFM_6220,mbrainz_2945,0.7377777777777778
lastFM_64707,mbrainz_25686,0.6666666666666666
lastFM_48287,mbrainz_19423,0.7777777777777777
lastFM_24333,mbrainz_11345,0.6875
lastFM_170,mbrainz_131,0.7777777777777777
lastFM_10453,mbrainz_5033,0.6222222222222222
lastFM_1342,mbrainz_592,0.6666666666666666
lastFM_14591,mbrainz_6891,0.6063492063492063
lastFM_27963,mbrainz_12973,0.6
lastFM_7524,mbrainz_3608,0.8222222222222222
lastFM_36889,mbrainz_16160,0.7055555555555556
lastFM_68339,mbrainz_27299,0.8888888888888888
lastFM_6260,mbrainz_2961,0.6944444444444444
lastFM_28703,mbrainz_13295,0.6666666666666666
lastFM_23216,mbrainz_10839,0.6919191919191919
lastFM_1322,mbrainz_588,0.6349206349206349
lastFM_26717,mbrainz_12400,0.6666666666666666
lastFM_14139,mbrainz_6693,0.6111111111111112
lastFM_64486,mbrainz_25578,0.8015873015873016
lastFM_699,mbrainz_371,0.6666666666666666
lastFM_81307,mbrainz_32774,0.7323232323232323
lastFM_24595,mbrainz_11478,0.7198067632850241
lastFM_1683,mbrainz_719,0.7272727272727273
lastFM_44526,mbrainz_18370,0.6
lastFM_12957,mbrainz_6150,0.6666666666666666
lastFM_39944,mbrainz_18289,0.8174603174603174
lastFM_38533,mbrainz_16648,0.6608695652173913
lastFM_37674,mbrainz_16371,0.75
lastFM_46526,mbrainz_18947,0.6499999999999999
lastFM_8515,mbrainz_4109,0.6372549019607843
lastFM_2944,mbrainz_1270,0.7777777777777777
lastFM_54423,mbrainz_21491,0.8
lastFM_59826,mbrainz_23585,1.0
lastFM_1946,mbrainz_839,0.7160493827160493
lastFM_16789,mbrainz_7870,0.6666666666666666
lastFM_4499,mbrainz_2046,0.7777777777777777
lastFM_39237,mbrainz_16858,0.7777777777777777
lastFM_71725,mbrainz_28690,0.6
lastFM_3395,mbrainz_1456,0.8888888888888888
lastFM_45074,mbrainz_18526,0.6666666666666666
lastFM_73282,mbrainz_29386,0.6944444444444444
lastFM_3891,mbrainz_1697,0.6222222222222222
lastFM_29589,mbrainz_13649,0.7777777777777777
lastFM_58446,mbrainz_23041,0.6666666666666666
lastFM_24165,mbrainz_11272,0.6374269005847952
lastFM_15523,mbrainz_7270,0.711111111111111
lastFM_17008,mbrainz_7972,0.711111111111111
lastFM_16380,mbrainz_7672,0.7
lastFM_17810,mbrainz_8326,0.7777777777777777
lastFM_27735,mbrainz_12873,0.6527777777777777
lastFM_17860,mbrainz_8350,0.8333333333333333
lastFM_2789,mbrainz_1209,0.6666666666666666
lastFM_27434,mbrainz_12740,0.6915708812260536
lastFM_1473,mbrainz_635,0.9166666666666665
lastFM_80640,mbrainz_32460,0.6666666666666666
lastFM_68309,mbrainz_27291,0.6023391812865497
lastFM_9401,mbrainz_4564,0.7160493827160495
lastFM_7987,mbrainz_3841,0.6169851380042463
lastFM_385,mbrainz_221,0.6666666666666666
lastFM_22411,mbrainz_10501,0.6333333333333333
lastFM_16685,mbrainz_7821,0.6666666666666666
lastFM_46876,mbrainz_19066,0.611111111111111
lastFM_83571,mbrainz_33822,0.6825396825396826
lastFM_8695,mbrainz_4195,0.7037037037037037
lastFM_67422,mbrainz_26898,0.7777777777777777
lastFM_39622,mbrainz_16967,0.6666666666666666
lastFM_24832,mbrainz_11581,0.6923076923076923
lastFM_30934,mbrainz_14185,0.6706349206349206
lastFM_37240,mbrainz_16260,0.6580459770114941
lastFM_79324,mbrainz_31892,0.6
lastFM_29102,mbrainz_13458,0.6111111111111112
lastFM_29433,mbrainz_13590,0.6982758620689655
lastFM_63199,mbrainz_25027,0.6666666666666666
lastFM_6084,mbrainz_2870,0.6277777777777778
lastFM_27846,mbrainz_12926,0.6666666666666666
lastFM_8651,mbrainz_4173,0.8333333333333333
lastFM_28461,mbrainz_13194,0.6338383838383838
lastFM_59943,mbrainz_23640,0.7420634920634921
lastFM_54080,mbrainz_19431,0.703030303030303
lastFM_78863,mbrainz_31707,0.641025641025641
lastFM_63816,mbrainz_25303,0.7777777777777777
lastFM_53230,mbrainz_21062,0.611111111111111
lastFM_45684,mbrainz_18707,0.6666666666666666
lastFM_25279,mbrainz_11773,0.6499999999999999
lastFM_2946,mbrainz_1271,0.6666666666666666
lastFM_53437,mbrainz_21132,0.7152777777777777
lastFM_4169,mbrainz_1859,0.75
lastFM_282,mbrainz_176,0.6666666666666666
lastFM_38992,mbrainz_16794,0.6666666666666666
lastFM_45626,mbrainz_18689,0.6666666666666666
lastFM_16420,mbrainz_7687,0.6720867208672087
lastFM_26094,mbrainz_12106,0.6837606837606838
lastFM_66530,mbrainz_26536,0.6666666666666666
lastFM_22691,mbrainz_10613,0.6666666666666666
lastFM_4750,mbrainz_2190,0.6666666666666666
lastFM_49922,mbrainz_19858,0.7777777777777777
lastFM_9115,mbrainz_4412,0.6666666666666666
lastFM_7632,mbrainz_3669,0.6
lastFM_5395,mbrainz_2530,0.6111111111111112
lastFM_36371,mbrainz_16043,0.7037037037037037
lastFM_13990,mbrainz_6621,0.7047619047619047
lastFM_31886,mbrainz_14564,0.6666666666666666
lastFM_30935,mbrainz_14186,0.6444444444444444
lastFM_61837,mbrainz_24436,0.6666666666666666
lastFM_46574,mbrainz_1645,0.6666666666666666
lastFM_49570,mbrainz_19745,0.6
lastFM_52073,mbrainz_20660,0.6666666666666666
lastFM_13371,mbrainz_6334,0.6666666666666666
lastFM_5032,mbrainz_2331,0.6666666666666666
lastFM_7857,mbrainz_3693,0.605911330049261
lastFM_8020,mbrainz_3854,0.6666666666666666
lastFM_44425,mbrainz_18327,0.6666666666666666
lastFM_39328,mbrainz_16881,0.6666666666666666
lastFM_23674,mbrainz_11038,0.6666666666666666
lastFM_51189,mbrainz_20310,0.6666666666666666
lastFM_9234,mbrainz_4477,0.6
lastFM_76226,mbrainz_30533,0.6666666666666666
lastFM_13153,mbrainz_6235,0.6111111111111112
lastFM_2863,mbrainz_1240,0.8333333333333333
lastFM_3095,mbrainz_1332,0.782051282051282
lastFM_54964,mbrainz_21712,0.6666666666666666
lastFM_6134,mbrainz_2901,0.6666666666666666
lastFM_14010,mbrainz_6628,0.6739130434782609
lastFM_78815,mbrainz_31688,0.6666666666666666
lastFM_80704,mbrainz_32487,0.711111111111111
lastFM_5791,mbrainz_2722,0.7272727272727273
lastFM_13478,mbrainz_2650,0.6153846153846154
lastFM_81836,mbrainz_33018,0.6666666666666666
lastFM_13642,mbrainz_6466,0.6666666666666666
lastFM_34472,mbrainz_29181,0.6666666666666666
lastFM_8828,mbrainz_4265,0.6666666666666666
lastFM_63816,mbrainz_26536,0.6666666666666666
