http://www.forbes.com/companies/kroger/,fullcontact_467,True
http://www.forbes.com/companies/pvh/,fullcontact_1480,True
http://www.forbes.com/companies/saras/,fullcontact_30,False
http://www.forbes.com/companies/edison-international/,fullcontact_282,False
http://www.forbes.com/companies/time-warner/,fullcontact_743,True
http://www.forbes.com/companies/volkswagen-group/,fullcontact_802,True
http://www.forbes.com/companies/bank-of-queensland/,fullcontact_162,True
http://www.forbes.com/companies/encana/,fullcontact_290,True
http://www.forbes.com/companies/foot-locker/,fullcontact_326,True
http://www.forbes.com/companies/maxis/,fullcontact_494,False
http://www.forbes.com/companies/vivendi/,fullcontact_798,False
http://www.forbes.com/companies/microsoft/,fullcontact_512,True
http://www.forbes.com/companies/corning/,fullcontact_232,True
http://www.forbes.com/companies/tata-motors/,fullcontact_718,True
http://www.forbes.com/companies/dow-chemical/,fullcontact_268,False
http://www.forbes.com/companies/sigma-aldrich/,fullcontact_671,True
http://www.forbes.com/companies/jindal-steel-power/,fullcontact_440,True
http://www.forbes.com/companies/wr-berkley/,fullcontact_829,True
http://www.forbes.com/companies/solvay/,fullcontact_691,True
http://www.forbes.com/companies/wellpoint/,fullcontact_99,True
http://www.forbes.com/companies/tesla-motors/,fullcontact_872,False
http://www.forbes.com/companies/j-front-retailing/,fullcontact_1487,False
http://www.forbes.com/companies/saint-gobain/,fullcontact_1738,False
http://www.forbes.com/companies/oneok/,fullcontact_1882,False
http://www.forbes.com/companies/hyundai-motor/,fullcontact_1265,False
http://www.forbes.com/companies/orkla/,fullcontact_1668,False
http://www.forbes.com/companies/icade/,fullcontact_1042,False
http://www.forbes.com/companies/mitsubishi-chemical/,fullcontact_1356,False
http://www.forbes.com/companies/bank-of-america/,fullcontact_1769,False
http://www.forbes.com/companies/humana/,fullcontact_255,False
http://www.forbes.com/companies/dongfeng-motor-group/,fullcontact_906,False
http://www.forbes.com/companies/public-power/,fullcontact_702,False
http://www.forbes.com/companies/beiersdorf/,fullcontact_1956,False
http://www.forbes.com/companies/lg-display/,fullcontact_1066,False
http://www.forbes.com/companies/embraer/,fullcontact_1504,False
http://www.forbes.com/companies/j-sainsbury/,fullcontact_1389,False
http://www.forbes.com/companies/nokia/,fullcontact_268,False
http://www.forbes.com/companies/jc-penney/,fullcontact_1333,False
http://www.forbes.com/companies/hyundai-engineering/,fullcontact_1315,False
http://www.forbes.com/companies/dcc/,fullcontact_27,False
http://www.forbes.com/companies/baloise-group/,fullcontact_1621,False
http://www.forbes.com/companies/tele2/,fullcontact_88,False
http://www.forbes.com/companies/american-express/,fullcontact_1394,False
http://www.forbes.com/companies/dexia/,fullcontact_1019,False
http://www.forbes.com/companies/hyundai-motor/,fullcontact_405,False
http://www.forbes.com/companies/urs/,fullcontact_765,False
http://www.forbes.com/companies/andhra-bank/,fullcontact_80,False
http://www.forbes.com/companies/bank-of-kyoto/,fullcontact_135,False
http://www.forbes.com/companies/polaris-industries/,fullcontact_7,False
http://www.forbes.com/companies/orix/,fullcontact_564,False
http://www.forbes.com/companies/kerry-group/,fullcontact_1476,False
http://www.forbes.com/companies/csx/,fullcontact_242,False
http://www.forbes.com/companies/brookfield-asset-management/,fullcontact_172,True
http://www.forbes.com/companies/te-connectivity/,fullcontact_721,True
http://www.forbes.com/companies/baidu/,fullcontact_128,True
http://www.forbes.com/companies/noble/,fullcontact_534,False
http://www.forbes.com/companies/industrial-alliance-insurance/,fullcontact_21,False
http://www.forbes.com/companies/juroku-bank/,fullcontact_438,False
http://www.forbes.com/companies/legrand/,fullcontact_471,False
http://www.forbes.com/companies/turk-telekom/,fullcontact_759,False
http://www.forbes.com/companies/north-pacific-bank/,fullcontact_546,False
http://www.forbes.com/companies/sodexo/,fullcontact_655,False
http://www.forbes.com/companies/roche-holding/,fullcontact_620,False
http://www.forbes.com/companies/genting/,fullcontact_1962,False
http://www.forbes.com/companies/crescent-point-energy/,fullcontact_2,False
http://www.forbes.com/companies/teck-resources/,fullcontact_745,False
http://www.forbes.com/companies/atco/,fullcontact_1606,False
http://www.forbes.com/companies/nec/,fullcontact_538,False
http://www.forbes.com/companies/cgi-group/,fullcontact_2,False
http://www.forbes.com/companies/syndicate-bank/,fullcontact_1734,False
http://www.forbes.com/companies/adecco/,fullcontact_43,False
http://www.forbes.com/companies/capgemini/,fullcontact_221,False
http://www.forbes.com/companies/bank-of-montreal/,fullcontact_172,False
http://www.forbes.com/companies/bank-of-montreal/,fullcontact_142,False
http://www.forbes.com/companies/couche-tard/,fullcontact_239,False
http://www.forbes.com/companies/cnp-assurances/,fullcontact_196,False
http://www.forbes.com/companies/axa-group/,fullcontact_106,False
http://www.forbes.com/companies/mitsubishi-chemical/,fullcontact_513,False
http://www.forbes.com/companies/nomura-holdings/,fullcontact_546,False
http://www.forbes.com/companies/cincinnati-financial/,fullcontact_1808,True
http://www.forbes.com/companies/china-gezhouba/,fullcontact_208,False
http://www.forbes.com/companies/nasdaq-omx-group/,fullcontact_526,True
http://www.forbes.com/companies/conocophillips/,fullcontact_230,True
http://www.forbes.com/companies/comerica/,fullcontact_225,True
http://www.forbes.com/companies/kajima/,fullcontact_448,True
http://www.forbes.com/companies/oci/,fullcontact_556,False
http://www.forbes.com/companies/ternium/,fullcontact_736,True
http://www.forbes.com/companies/zoetis/,fullcontact_841,True
http://www.forbes.com/companies/rosneft/,fullcontact_631,True
http://www.forbes.com/companies/tdc/,fullcontact_719,True
http://www.forbes.com/companies/thomas-cook-group/,fullcontact_742,True
http://www.forbes.com/companies/pldt/,fullcontact_591,False
http://www.forbes.com/companies/unilever/,fullcontact_770,True
http://www.forbes.com/companies/onex/,fullcontact_560,True
http://www.forbes.com/companies/deutsche-lufthansa/,fullcontact_483,True
http://www.forbes.com/companies/infineon-technologies/,fullcontact_416,True
http://www.forbes.com/companies/shanghai-construction/,fullcontact_36,False
http://www.forbes.com/companies/vakifbank/,fullcontact_782,True
http://www.forbes.com/companies/workday/,fullcontact_827,True
http://www.forbes.com/companies/colgate-palmolive/,fullcontact_223,False
http://www.forbes.com/companies/embraer/,fullcontact_286,True
http://www.forbes.com/companies/avago-technologies/,fullcontact_122,True
http://www.forbes.com/companies/deutsche-post/,fullcontact_258,True
http://www.forbes.com/companies/voestalpine/,fullcontact_801,False
http://www.forbes.com/companies/eastman-chemical/,fullcontact_275,True
http://www.forbes.com/companies/twitter/,fullcontact_761,True
http://www.forbes.com/companies/givaudan/,fullcontact_353,True
http://www.forbes.com/companies/kinnevik/,fullcontact_457,True
http://www.forbes.com/companies/waters/,fullcontact_808,True
http://www.forbes.com/companies/boeing/,fullcontact_160,False
http://www.forbes.com/companies/adidas/,fullcontact_54,True
http://www.forbes.com/companies/grupo-bimbo/,fullcontact_366,True
http://www.forbes.com/companies/eni/,fullcontact_293,True
http://www.forbes.com/companies/sonae/,fullcontact_692,False
http://www.forbes.com/companies/lundbergs/,fullcontact_484,True
http://www.forbes.com/companies/bunge/,fullcontact_175,True
http://www.forbes.com/companies/philip-morris-international/,fullcontact_592,True
http://www.forbes.com/companies/heineken-holding/,fullcontact_741,False
http://www.forbes.com/companies/us-steel/,fullcontact_781,True
http://www.forbes.com/companies/metro-group/,fullcontact_507,True
http://www.forbes.com/companies/parker-hannifin/,fullcontact_574,True
http://www.forbes.com/companies/walt-disney/,fullcontact_14,False
http://www.forbes.com/companies/wabco-holdings/,fullcontact_806,True
http://www.forbes.com/companies/autoliv/,fullcontact_120,True
http://www.forbes.com/companies/genworth-financial/,fullcontact_351,True
http://www.forbes.com/companies/oshkosh/,fullcontact_567,False
http://www.forbes.com/companies/zurich-insurance-group/,fullcontact_842,True
http://www.forbes.com/companies/bilfinger/,fullcontact_153,True
http://www.forbes.com/companies/linde/,fullcontact_479,False
http://www.forbes.com/companies/hyundai-motor/,fullcontact_39,False
http://www.forbes.com/companies/danske-bank/,fullcontact_249,True
http://www.forbes.com/companies/volvo-group/,fullcontact_803,False
http://www.forbes.com/companies/gjensidige-forsikring/,fullcontact_354,True
http://www.forbes.com/companies/whitbread/,fullcontact_818,True
http://www.forbes.com/companies/netapp/,fullcontact_535,True
http://www.forbes.com/companies/infosys/,fullcontact_418,True
http://www.forbes.com/companies/kla-tencor/,fullcontact_459,True
http://www.forbes.com/companies/swedbank/,fullcontact_710,True
http://www.forbes.com/companies/telefonica/,fullcontact_726,False
http://www.forbes.com/companies/industrial-bank/,fullcontact_415,False
http://www.forbes.com/companies/applied-materials/,fullcontact_103,True
http://www.forbes.com/companies/wolseley/,fullcontact_826,True
http://www.forbes.com/companies/natixis/,fullcontact_528,True
http://www.forbes.com/companies/mead-johnson-nutrition/,fullcontact_498,True
http://www.forbes.com/companies/brambles/,fullcontact_167,False
http://www.forbes.com/companies/doosan/,fullcontact_267,True
http://www.forbes.com/companies/orkla/,fullcontact_566,False
http://www.forbes.com/companies/ww-grainger/,fullcontact_361,False
http://www.forbes.com/companies/hexagon/,fullcontact_19,True
http://www.forbes.com/companies/marubeni/,fullcontact_490,False
http://www.forbes.com/companies/darden-restaurants/,fullcontact_250,True
http://www.forbes.com/companies/sandisk/,fullcontact_642,True
http://www.forbes.com/companies/shire/,fullcontact_667,True
http://www.forbes.com/companies/cardinal-health/,fullcontact_191,False
http://www.forbes.com/companies/continental/,fullcontact_772,False
http://www.forbes.com/companies/cosan/,fullcontact_233,False
http://www.forbes.com/companies/scor/,fullcontact_655,True
http://www.forbes.com/companies/easyjet/,fullcontact_276,True
http://www.forbes.com/companies/lennar/,fullcontact_475,True
http://www.forbes.com/companies/carnival/,fullcontact_195,True
http://www.forbes.com/companies/icbc/,fullcontact_408,False
http://www.forbes.com/companies/sampo/,fullcontact_641,True
http://www.forbes.com/companies/johnson-matthey/,fullcontact_492,False
http://www.forbes.com/companies/assurant/,fullcontact_113,True
http://www.forbes.com/companies/grupo-televisa/,fullcontact_729,True
http://www.forbes.com/companies/merck/,fullcontact_504,True
http://www.forbes.com/companies/talisman-energy/,fullcontact_717,True
http://www.forbes.com/companies/chevron/,fullcontact_207,True
http://www.forbes.com/companies/investec/,fullcontact_430,True
http://www.forbes.com/companies/lanxess/,fullcontact_23,True
http://www.forbes.com/companies/syngenta/,fullcontact_714,True
http://www.forbes.com/companies/standard-life/,fullcontact_696,True
http://www.forbes.com/companies/peugeot/,fullcontact_585,True
http://www.forbes.com/companies/bhp-billiton/,fullcontact_151,True
http://www.forbes.com/companies/wal-mart-stores/,fullcontact_8,True
http://www.forbes.com/companies/statoil/,fullcontact_701,True
http://www.forbes.com/companies/nomos-bank/,fullcontact_568,True
http://www.forbes.com/companies/pall/,fullcontact_571,True
http://www.forbes.com/companies/crown-resorts/,fullcontact_400,False
http://www.forbes.com/companies/bank-muscat/,fullcontact_133,True
http://www.forbes.com/companies/repsol-ypf/,fullcontact_622,False
http://www.forbes.com/companies/capgemini/,fullcontact_188,True
http://www.forbes.com/companies/allianz/,fullcontact_77,True
http://www.forbes.com/companies/sojitz/,fullcontact_258,False
http://www.forbes.com/companies/capital-shopping/,fullcontact_381,False
http://www.forbes.com/companies/eon/,fullcontact_1619,False
http://www.forbes.com/companies/kobe-steel/,fullcontact_123,False
http://www.forbes.com/companies/china-pacific-insurance/,fullcontact_387,False
http://www.forbes.com/companies/nisource/,fullcontact_1659,False
http://www.forbes.com/companies/express-scripts/,fullcontact_1367,False
http://www.forbes.com/companies/pearson/,fullcontact_1019,False
http://www.forbes.com/companies/fluor/,fullcontact_1422,False
http://www.forbes.com/companies/asustek-computer/,fullcontact_943,False
http://www.forbes.com/companies/itochu/,fullcontact_1825,False
http://www.forbes.com/companies/cognizant-technology/,fullcontact_1789,False
http://www.forbes.com/companies/ibm/,fullcontact_431,False
http://www.forbes.com/companies/goodyear/,fullcontact_295,False
http://www.forbes.com/companies/agrium/,fullcontact_1938,False
http://www.forbes.com/companies/swiss-re/,fullcontact_314,False
http://www.forbes.com/companies/magna-international/,fullcontact_1624,False
http://www.forbes.com/companies/pge/,fullcontact_988,False
http://www.forbes.com/companies/land-securities-group/,fullcontact_434,False
http://www.forbes.com/companies/apple/,fullcontact_1451,False
http://www.forbes.com/companies/acer/,fullcontact_708,False
http://www.forbes.com/companies/marks-spencer/,fullcontact_450,False
http://www.forbes.com/companies/sandvik/,fullcontact_1295,False
http://www.forbes.com/companies/bristol-myers-squibb/,fullcontact_217,False
http://www.forbes.com/companies/sasol/,fullcontact_1615,False
http://www.forbes.com/companies/akzo-nobel/,fullcontact_923,False
http://www.forbes.com/companies/arab-bank/,fullcontact_1076,False
http://www.forbes.com/companies/kinder-morgan/,fullcontact_705,False
http://www.forbes.com/companies/dia/,fullcontact_130,False
http://www.forbes.com/companies/rockwell-automation/,fullcontact_1570,False
http://www.forbes.com/companies/aramark/,fullcontact_554,False
http://www.forbes.com/companies/entergy/,fullcontact_773,False
http://www.forbes.com/companies/compass-group/,fullcontact_1337,False
http://www.forbes.com/companies/linde/,fullcontact_1408,False
http://www.forbes.com/companies/swire-pacific/,fullcontact_1400,False
http://www.forbes.com/companies/alinma-bank/,fullcontact_1760,False
http://www.forbes.com/companies/grifols/,fullcontact_1580,False
http://www.forbes.com/companies/tesla-motors/,fullcontact_1032,False
http://www.forbes.com/companies/home-depot/,fullcontact_1094,False
http://www.forbes.com/companies/oracle/,fullcontact_1607,False
http://www.forbes.com/companies/higo-bank/,fullcontact_272,False
http://www.forbes.com/companies/technip/,fullcontact_232,False
http://www.forbes.com/companies/george-weston/,fullcontact_820,False
http://www.forbes.com/companies/electrolux-group/,fullcontact_768,False
http://www.forbes.com/companies/bancolombia/,fullcontact_162,False
http://www.forbes.com/companies/general-electric/,fullcontact_1077,False
http://www.forbes.com/companies/centurylink/,fullcontact_1320,False
http://www.forbes.com/companies/home-depot/,fullcontact_1118,False
http://www.forbes.com/companies/pnc-financial-services/,fullcontact_1340,False
http://www.forbes.com/companies/rosneft/,fullcontact_140,False
http://www.forbes.com/companies/b-e-aerospace/,fullcontact_1158,False
http://www.forbes.com/companies/solvay/,fullcontact_1072,False
http://www.forbes.com/companies/pbf-energy/,fullcontact_196,False
http://www.forbes.com/companies/sun-pharma-industries/,fullcontact_694,False
http://www.forbes.com/companies/royal-caribbean-cruises/,fullcontact_1903,False
http://www.forbes.com/companies/equity-residential/,fullcontact_1012,False
http://www.forbes.com/companies/hikvision/,fullcontact_660,False
http://www.forbes.com/companies/lg-uplus/,fullcontact_639,False
http://www.forbes.com/companies/catamaran/,fullcontact_875,False
http://www.forbes.com/companies/occidental-petroleum/,fullcontact_195,False
http://www.forbes.com/companies/doosan/,fullcontact_726,False
http://www.forbes.com/companies/securitas/,fullcontact_1356,False
http://www.forbes.com/companies/eutelsat-communications/,fullcontact_535,False
http://www.forbes.com/companies/braskem/,fullcontact_1895,False
http://www.forbes.com/companies/cablevision/,fullcontact_1856,False
http://www.forbes.com/companies/first-pacific/,fullcontact_978,False
http://www.forbes.com/companies/sasol/,fullcontact_1611,False
http://www.forbes.com/companies/daimler/,fullcontact_242,False
http://www.forbes.com/companies/vale/,fullcontact_1852,False
http://www.forbes.com/companies/everest-re-group/,fullcontact_118,False
http://www.forbes.com/companies/alinma-bank/,fullcontact_534,False
http://www.forbes.com/companies/raytheon/,fullcontact_575,False
http://www.forbes.com/companies/dongbu-insurance/,fullcontact_611,False
http://www.forbes.com/companies/staples/,fullcontact_1116,False
http://www.forbes.com/companies/national-australia-bank/,fullcontact_1961,False
http://www.forbes.com/companies/first-quantum-minerals/,fullcontact_1608,False
http://www.forbes.com/companies/bank-of-nova-scotia/,fullcontact_1617,False
http://www.forbes.com/companies/sumitomo-rubber/,fullcontact_1583,False
http://www.forbes.com/companies/mt-bank/,fullcontact_1429,False
http://www.forbes.com/companies/rite-aid/,fullcontact_864,False
http://www.forbes.com/companies/hanjin-shipping/,fullcontact_496,False
http://www.forbes.com/companies/sandisk/,fullcontact_1037,False
http://www.forbes.com/companies/international-airlines/,fullcontact_1803,False
http://www.forbes.com/companies/mediolanum/,fullcontact_444,False
http://www.forbes.com/companies/huaxia-bank/,fullcontact_1272,False
http://www.forbes.com/companies/bharat-petroleum/,fullcontact_542,False
http://www.forbes.com/companies/novo-nordisk/,fullcontact_966,False
http://www.forbes.com/companies/lyondellbasell-industries/,fullcontact_726,False
http://www.forbes.com/companies/gunma-bank/,fullcontact_1328,False
http://www.forbes.com/companies/kellogg/,fullcontact_1841,False
http://www.forbes.com/companies/johnson-matthey/,fullcontact_1423,False
http://www.forbes.com/companies/chipotle-mexican-grill/,fullcontact_323,False
http://www.forbes.com/companies/fosun-international/,fullcontact_1894,False
http://www.forbes.com/companies/lloyds-banking-group/,fullcontact_37,False
http://www.forbes.com/companies/songbird-estates/,fullcontact_426,False
http://www.forbes.com/companies/mylan/,fullcontact_517,False
http://www.forbes.com/companies/bcv-group/,fullcontact_26,False
http://www.forbes.com/companies/airports-of-thailand/,fullcontact_1851,False
http://www.forbes.com/companies/ralph-lauren/,fullcontact_646,False
http://www.forbes.com/companies/edison-international/,fullcontact_1717,False
http://www.forbes.com/companies/oneok/,fullcontact_1476,False
http://www.forbes.com/companies/barrick-gold/,fullcontact_973,False
http://www.forbes.com/companies/amgen/,fullcontact_1115,False
http://www.forbes.com/companies/scana/,fullcontact_745,False
http://www.forbes.com/companies/shimano/,fullcontact_210,False
http://www.forbes.com/companies/eni/,fullcontact_381,False
http://www.forbes.com/companies/twitter/,fullcontact_444,False
http://www.forbes.com/companies/metro-group/,fullcontact_923,False
http://www.forbes.com/companies/axiata-group/,fullcontact_84,False
http://www.forbes.com/companies/marriott-international/,fullcontact_516,False
http://www.forbes.com/companies/bank-of-ayudhya/,fullcontact_135,False
http://www.forbes.com/companies/cme-group/,fullcontact_215,False
http://www.forbes.com/companies/national-bank-of-abu-dhabi/,fullcontact_1479,False
http://www.forbes.com/companies/ambank-group/,fullcontact_77,False
http://www.forbes.com/companies/weir-group/,fullcontact_1868,False
http://www.forbes.com/companies/wellpoint/,fullcontact_991,False
http://www.forbes.com/companies/axa-group/,fullcontact_77,False
http://www.forbes.com/companies/softbank/,fullcontact_710,False
http://www.forbes.com/companies/secom/,fullcontact_655,False
http://www.forbes.com/companies/bank-of-ningbo/,fullcontact_135,False
http://www.forbes.com/companies/general-mills/,fullcontact_1172,False
http://www.forbes.com/companies/secom/,fullcontact_692,False
http://www.forbes.com/companies/inter-rao/,fullcontact_1110,False
http://www.forbes.com/companies/cgi-group/,fullcontact_215,False
http://www.forbes.com/companies/publicis-groupe/,fullcontact_610,False
http://www.forbes.com/companies/axiata-group/,fullcontact_47,False
http://www.forbes.com/companies/consol-energy/,fullcontact_231,True
http://www.forbes.com/companies/nippon-paper-industries/,fullcontact_1631,False
http://www.forbes.com/companies/deutsche-post/,fullcontact_253,False
http://www.forbes.com/companies/first-niagara-financial/,fullcontact_1009,False
http://www.forbes.com/companies/central-bank-of-india/,fullcontact_1503,False
http://www.forbes.com/companies/cbre-group/,fullcontact_1771,False
http://www.forbes.com/companies/dbs-group/,fullcontact_255,False
http://www.forbes.com/companies/intuit/,fullcontact_21,False
http://www.forbes.com/companies/sabanci-holding/,fullcontact_913,False
http://www.forbes.com/companies/bank-of-ningbo/,fullcontact_852,False
http://www.forbes.com/companies/duke-energy/,fullcontact_273,False
http://www.forbes.com/companies/toho-bank/,fullcontact_909,False
http://www.forbes.com/companies/oneok/,fullcontact_560,False
http://www.forbes.com/companies/sjm-holdings/,fullcontact_913,False
http://www.forbes.com/companies/smiths-group/,fullcontact_661,False
http://www.forbes.com/companies/comerica/,fullcontact_1707,False
http://www.forbes.com/companies/deutsche-bank/,fullcontact_249,False
http://www.forbes.com/companies/byd/,fullcontact_1623,False
http://www.forbes.com/companies/cez-group/,fullcontact_1771,False
http://www.forbes.com/companies/public-power/,fullcontact_597,False
http://www.forbes.com/companies/gfnorte/,fullcontact_351,False
http://www.forbes.com/companies/national-bank-of-greece/,fullcontact_1479,False
http://www.forbes.com/companies/alliant-energy/,fullcontact_1318,False
http://www.forbes.com/companies/deutsche-boerse/,fullcontact_253,False
http://www.forbes.com/companies/western-digital/,fullcontact_814,False
http://www.forbes.com/companies/medtronic/,fullcontact_502,True
http://www.forbes.com/companies/metlife/,fullcontact_506,True
http://www.forbes.com/companies/acer/,fullcontact_52,True
http://www.forbes.com/companies/macys/,fullcontact_1275,True
http://www.forbes.com/companies/richemont/,fullcontact_625,True
http://www.forbes.com/companies/standard-chartered/,fullcontact_1297,True
http://www.forbes.com/companies/autoliv/,fullcontact_71,False
http://www.forbes.com/companies/aegon/,fullcontact_67,False
http://www.forbes.com/companies/canadian-oil-sands/,fullcontact_15,False
http://www.forbes.com/companies/tokyu/,fullcontact_748,False
http://www.forbes.com/companies/industrial-alliance-insurance/,fullcontact_1280,False
http://www.forbes.com/companies/indian-bank/,fullcontact_418,False
http://www.forbes.com/companies/capitaland/,fullcontact_1183,False
http://www.forbes.com/companies/shionogi-co/,fullcontact_1943,False
http://www.forbes.com/companies/sumitomo-electric/,fullcontact_1947,False
http://www.forbes.com/companies/china-pacific-insurance/,fullcontact_208,False
http://www.forbes.com/companies/helvetia-holding/,fullcontact_384,False
http://www.forbes.com/companies/bharti-airtel/,fullcontact_150,False
http://www.forbes.com/companies/adecco/,fullcontact_109,False
http://www.forbes.com/companies/areva/,fullcontact_81,False
http://www.forbes.com/companies/kajima/,fullcontact_13,False
http://www.forbes.com/companies/kirin-holdings/,fullcontact_454,False
http://www.forbes.com/companies/alpiq-holding/,fullcontact_109,False
http://www.forbes.com/companies/china-eastern-airlines/,fullcontact_208,False
http://www.forbes.com/companies/alcatel-lucent/,fullcontact_106,False
http://www.forbes.com/companies/sanofi/,fullcontact_1010,False
http://www.forbes.com/companies/seb/,fullcontact_679,False
http://www.forbes.com/companies/abb/,fullcontact_109,False
http://www.forbes.com/companies/enbridge/,fullcontact_1879,False
http://www.forbes.com/companies/ageas/,fullcontact_1676,False
http://www.forbes.com/companies/teliasonera/,fullcontact_725,False
http://www.forbes.com/companies/vinci/,fullcontact_784,False
http://www.forbes.com/companies/sumitomo-mitsui-trust/,fullcontact_690,False
http://www.forbes.com/companies/tyco-international/,fullcontact_1113,False
http://www.forbes.com/companies/gecina/,fullcontact_362,False
http://www.forbes.com/companies/keyence/,fullcontact_461,False
http://www.forbes.com/companies/sumitomo-realty/,fullcontact_688,False
http://www.forbes.com/companies/iberdrola/,fullcontact_1058,False
http://www.forbes.com/companies/kagoshima-bank/,fullcontact_461,False
http://www.forbes.com/companies/takeda-pharmaceutical/,fullcontact_748,False
http://www.forbes.com/companies/canadian-natural-resources/,fullcontact_15,False
http://www.forbes.com/companies/china-resources-enterprise/,fullcontact_198,False
http://www.forbes.com/companies/mizuho-financial/,fullcontact_513,False
http://www.forbes.com/companies/barrick-gold/,fullcontact_142,False
http://www.forbes.com/companies/swatch-group/,fullcontact_1185,False
http://www.forbes.com/companies/swiss-re/,fullcontact_695,False
http://www.forbes.com/companies/canadian-tire/,fullcontact_239,False
http://www.forbes.com/companies/eni/,fullcontact_291,False
http://www.forbes.com/companies/cic-group/,fullcontact_1419,False
http://www.forbes.com/companies/talisman-energy/,fullcontact_668,False
http://www.forbes.com/companies/awa-bank/,fullcontact_65,False
http://www.forbes.com/companies/tata-consultancy-services/,fullcontact_1591,False
http://www.forbes.com/companies/sun-life-financial/,fullcontact_1399,False
http://www.forbes.com/companies/teck-resources/,fullcontact_754,False
http://www.forbes.com/companies/talisman-energy/,fullcontact_754,False
http://www.forbes.com/companies/dassault-aviation/,fullcontact_40,False
http://www.forbes.com/companies/empire/,fullcontact_289,False
http://www.forbes.com/companies/bbva-banco-bilbao-vizcaya/,fullcontact_859,False
http://www.forbes.com/companies/saputo/,fullcontact_1577,False
http://www.forbes.com/companies/chongqing-rural-bank/,fullcontact_208,False
http://www.forbes.com/companies/sojitz/,fullcontact_666,False
http://www.forbes.com/companies/schindler-holding/,fullcontact_652,True
http://www.forbes.com/companies/schindler-holding/,fullcontact_986,False
http://www.forbes.com/companies/hong-kong-exchanges/,fullcontact_1078,True
http://www.forbes.com/companies/nec/,fullcontact_546,False
http://www.forbes.com/companies/aichi-bank/,fullcontact_65,False
http://www.forbes.com/companies/air-liquide/,fullcontact_81,False
http://www.forbes.com/companies/bbva-banco-bilbao-vizcaya/,fullcontact_132,False
http://www.forbes.com/companies/nidec/,fullcontact_546,False
http://www.forbes.com/companies/suntory-beverage-food/,fullcontact_688,False
http://www.forbes.com/companies/nidec/,fullcontact_540,False
http://www.forbes.com/companies/japan-exchange-group/,fullcontact_1221,False
http://www.forbes.com/companies/orica/,fullcontact_1007,False
http://www.forbes.com/companies/volksbank/,fullcontact_789,False
http://www.forbes.com/companies/telekom-indonesia/,fullcontact_1856,False
http://www.forbes.com/companies/sun-life-financial/,fullcontact_1577,False
http://www.forbes.com/companies/veolia-environnement/,fullcontact_796,False
http://www.forbes.com/companies/akzo-nobel/,fullcontact_1676,False
http://www.forbes.com/companies/telekom-indonesia/,fullcontact_1591,False
http://www.forbes.com/companies/bajaj-auto/,fullcontact_150,False
http://www.forbes.com/companies/stmicroelectronics/,fullcontact_673,False
http://www.forbes.com/companies/kyocera/,fullcontact_461,False
http://www.forbes.com/companies/bbmg/,fullcontact_852,False
http://www.forbes.com/companies/citic-pacific/,fullcontact_198,False
http://www.forbes.com/companies/sekisui-house/,fullcontact_688,False
http://www.forbes.com/companies/tim-hortons/,fullcontact_668,False
http://www.forbes.com/companies/tim-hortons/,fullcontact_1389,False
http://www.forbes.com/companies/storebrand/,fullcontact_701,False
http://www.forbes.com/companies/sany-heavy-industry/,fullcontact_1143,False
http://www.forbes.com/companies/tokyo-electron/,fullcontact_748,False
http://www.forbes.com/companies/tim-hortons/,fullcontact_1941,False
http://www.forbes.com/companies/nippon-paper-industries/,fullcontact_540,False
http://www.forbes.com/companies/nippon-paper-industries/,fullcontact_538,False
http://www.forbes.com/companies/sca/,fullcontact_679,False
http://www.forbes.com/companies/eurazeo/,fullcontact_305,False
http://www.forbes.com/companies/eurazeo/,fullcontact_281,False
http://www.forbes.com/companies/philips/,fullcontact_1492,False
http://www.forbes.com/companies/bank-negara-indonesia/,fullcontact_1588,False
http://www.forbes.com/companies/sbi-holdings/,fullcontact_666,False
http://www.forbes.com/companies/crescent-point-energy/,fullcontact_1754,False
http://www.forbes.com/companies/shikoku-bank/,fullcontact_1947,False
http://www.forbes.com/companies/canadian-tire/,fullcontact_1488,False
http://www.forbes.com/companies/hdfc/,fullcontact_376,False
http://www.forbes.com/companies/jfe-holdings/,fullcontact_438,False
http://www.forbes.com/companies/axa-group/,fullcontact_107,False
http://www.forbes.com/companies/axa-group/,fullcontact_118,False
http://www.forbes.com/companies/dassault-systemes/,fullcontact_262,False
http://www.forbes.com/companies/hugo-boss/,fullcontact_401,True
http://www.forbes.com/companies/enbridge/,fullcontact_289,True
http://www.forbes.com/companies/mitsubishi-estate/,fullcontact_513,False
http://www.forbes.com/companies/japan-securities/,fullcontact_1221,False
http://www.forbes.com/companies/shizuoka-bank/,fullcontact_666,False
http://www.forbes.com/companies/svenska-handelsbanken/,fullcontact_650,False
http://www.forbes.com/companies/cognizant-technology/,fullcontact_864,True
http://www.forbes.com/companies/sun-pharma-industries/,fullcontact_1715,True
http://www.forbes.com/companies/waste-management/,fullcontact_1292,True
http://www.forbes.com/companies/china-hongqiao-group/,fullcontact_208,False
http://www.forbes.com/companies/swiss-re/,fullcontact_1185,False
http://www.forbes.com/companies/china-fortune-land-development/,fullcontact_208,False
http://www.forbes.com/companies/bank-of-greece/,fullcontact_135,False
http://www.forbes.com/companies/alfa/,fullcontact_71,False
http://www.forbes.com/companies/ncr/,fullcontact_530,True
http://www.forbes.com/companies/herbalife/,fullcontact_376,True
http://www.forbes.com/companies/ameriprise-financial/,fullcontact_1195,True
http://www.forbes.com/companies/walt-disney/,fullcontact_846,True
http://www.forbes.com/companies/ashland/,fullcontact_111,true
http://www.forbes.com/companies/societe-generale/,fullcontact_686,true
http://www.forbes.com/companies/pandora/,fullcontact_573,true
http://www.forbes.com/companies/caesars-entertainment/,fullcontact_183,true
http://www.forbes.com/companies/atlas-copco/,fullcontact_116,true
http://www.forbes.com/companies/china-coal-energy/,fullcontact_208,true
http://www.forbes.com/companies/harley-davidson/,fullcontact_370,true
http://www.forbes.com/companies/uniqa/,fullcontact_771,true
http://www.forbes.com/companies/gas-natural-fenosa/,fullcontact_341,true
http://www.forbes.com/companies/unum-group/,fullcontact_776,true
http://www.forbes.com/companies/ppl/,fullcontact_597,true
http://www.forbes.com/companies/canara-bank/,fullcontact_187,true
http://www.forbes.com/companies/amcor/,fullcontact_85,true
http://www.forbes.com/companies/tyson-foods/,fullcontact_763,true
http://www.forbes.com/companies/pbf-energy/,fullcontact_577,true
http://www.forbes.com/companies/danaher/,fullcontact_246,true
http://www.forbes.com/companies/first-republic-bank/,fullcontact_320,true
http://www.forbes.com/companies/tim-hortons/,fullcontact_745,true
http://www.forbes.com/companies/xilinx/,fullcontact_835,true
http://www.forbes.com/companies/sears-holdings/,fullcontact_31,true
http://www.forbes.com/companies/severstal/,fullcontact_660,true
http://www.forbes.com/companies/j-sainsbury/,fullcontact_445,true
http://www.forbes.com/companies/dte-energy/,fullcontact_273,true
http://www.forbes.com/companies/ses/,fullcontact_659,true
http://www.forbes.com/companies/ohl-group/,fullcontact_985,true
http://www.forbes.com/companies/arkema/,fullcontact_107,true
http://www.forbes.com/companies/shoprite-holdings/,fullcontact_669,true
http://www.forbes.com/companies/compass-group/,fullcontact_227,true
http://www.forbes.com/companies/dr-horton/,fullcontact_270,true
http://www.forbes.com/companies/blackrock/,fullcontact_156,true
http://www.forbes.com/companies/hess/,fullcontact_378,true
http://www.forbes.com/companies/chinese-estates/,fullcontact_209,true
http://www.forbes.com/companies/swiss-re/,fullcontact_712,true
http://www.forbes.com/companies/ca/,fullcontact_181,true
http://www.forbes.com/companies/nestle/,fullcontact_534,true
http://www.forbes.com/companies/securitas/,fullcontact_658,true
http://www.forbes.com/companies/saputo/,fullcontact_647,true
http://www.forbes.com/companies/bg-group/,fullcontact_149,true
http://www.forbes.com/companies/aareal-bank/,fullcontact_42,true
http://www.forbes.com/companies/hikvision/,fullcontact_379,true
http://www.forbes.com/companies/vf/,fullcontact_785,true
http://www.forbes.com/companies/sistema/,fullcontact_678,true
http://www.forbes.com/companies/barclays/,fullcontact_137,true
http://www.forbes.com/companies/atco/,fullcontact_115,true
http://www.forbes.com/companies/raytheon/,fullcontact_619,true
http://www.forbes.com/companies/broadcom/,fullcontact_171,true
http://www.forbes.com/companies/aviva/,fullcontact_124,true
http://www.forbes.com/companies/kesko/,fullcontact_453,true
http://www.forbes.com/companies/centrica/,fullcontact_204,true
http://www.forbes.com/companies/hershey/,fullcontact_377,true
http://www.forbes.com/companies/tokyu/,fullcontact_746,true
http://www.forbes.com/companies/ametek/,fullcontact_91,true
http://www.forbes.com/companies/progressive/,fullcontact_602,true
http://www.forbes.com/companies/jyske-bank/,fullcontact_22,true
http://www.forbes.com/companies/amerisourcebergen/,fullcontact_90,true
http://www.forbes.com/companies/sony/,fullcontact_693,true
http://www.forbes.com/companies/henry-schein/,fullcontact_375,true
http://www.forbes.com/companies/eurazeo/,fullcontact_304,true
http://www.forbes.com/companies/integrys-energy/,fullcontact_422,true
http://www.forbes.com/companies/g4s/,fullcontact_336,true
http://www.forbes.com/companies/falabella/,fullcontact_310,true
http://www.forbes.com/companies/davita/,fullcontact_252,true
http://www.forbes.com/companies/fiserv/,fullcontact_321,true
http://www.forbes.com/companies/lg-display/,fullcontact_477,true
http://www.forbes.com/companies/range-resources/,fullcontact_617,true
http://www.forbes.com/companies/kintetsu/,fullcontact_458,true
http://www.forbes.com/companies/general-mills/,fullcontact_349,true
http://www.forbes.com/companies/aflac/,fullcontact_59,true
http://www.forbes.com/companies/moodys/,fullcontact_519,false
http://www.forbes.com/companies/wartsila/,fullcontact_807,true
http://www.forbes.com/companies/western-union/,fullcontact_814,true
http://www.forbes.com/companies/gemalto/,fullcontact_346,true
http://www.forbes.com/companies/accor/,fullcontact_50,true
http://www.forbes.com/companies/ingersoll-rand/,fullcontact_4,true
http://www.forbes.com/companies/dicks-sporting-goods/,fullcontact_261,true
http://www.forbes.com/companies/time-warner-cable/,fullcontact_983,true
http://www.forbes.com/companies/abengoa/,fullcontact_45,true
http://www.forbes.com/companies/invesco/,fullcontact_429,true
http://www.forbes.com/companies/lawson/,fullcontact_924,true
http://www.forbes.com/companies/cnp-assurances/,fullcontact_221,true
http://www.forbes.com/companies/carmax/,fullcontact_194,true
http://www.forbes.com/companies/ambank-group/,fullcontact_84,true
http://www.forbes.com/companies/kubota/,fullcontact_468,true
http://www.forbes.com/companies/empire/,fullcontact_288,true
http://www.forbes.com/companies/veolia-environnement/,fullcontact_788,true
http://www.forbes.com/companies/vedanta-resources/,fullcontact_786,true
http://www.forbes.com/companies/stanley-black-decker/,fullcontact_697,true
http://www.forbes.com/companies/deutsche-telekom/,fullcontact_727,true
http://www.forbes.com/companies/concho-resources/,fullcontact_229,true
http://www.forbes.com/companies/amphenol/,fullcontact_94,true
http://www.forbes.com/companies/fedex/,fullcontact_316,true
http://www.forbes.com/companies/alliant-energy/,fullcontact_76,true
http://www.forbes.com/companies/eisai/,fullcontact_283,true
http://www.forbes.com/companies/jardine-matheson/,fullcontact_436,true
http://www.forbes.com/companies/enel/,fullcontact_291,true
http://www.forbes.com/companies/areva/,fullcontact_106,true
http://www.forbes.com/companies/daimler/,fullcontact_245,true
http://www.forbes.com/companies/union-pacific/,fullcontact_777,true
http://www.forbes.com/companies/anz/,fullcontact_100,true
http://www.forbes.com/companies/sgs/,fullcontact_661,true
http://www.forbes.com/companies/tosoh/,fullcontact_748,true
http://www.forbes.com/companies/grupo-argos/,fullcontact_363,true
http://www.forbes.com/companies/komatsu/,fullcontact_461,true
http://www.forbes.com/companies/rtl-group/,fullcontact_633,true
http://www.forbes.com/companies/dassault-systemes/,fullcontact_40,true
http://www.forbes.com/companies/enka/,fullcontact_294,true
http://www.forbes.com/companies/csx/,fullcontact_244,true
http://www.forbes.com/companies/ericsson/,fullcontact_300,true
http://www.forbes.com/companies/mcdonalds/,fullcontact_496,true
http://www.forbes.com/companies/wolters-kluwer/,fullcontact_37,true
http://www.forbes.com/companies/attijariwafa-bank/,fullcontact_118,true
http://www.forbes.com/companies/sca/,fullcontact_650,true
http://www.forbes.com/companies/sanlam/,fullcontact_644,true
http://www.forbes.com/companies/perrigo/,fullcontact_581,true
http://www.forbes.com/companies/harris/,fullcontact_18,true
http://www.forbes.com/companies/citrix-systems/,fullcontact_216,true
http://www.forbes.com/companies/ajinomoto/,fullcontact_65,true
http://www.forbes.com/companies/t-rowe-price/,fullcontact_756,true
http://www.forbes.com/companies/ball/,fullcontact_129,true
http://www.forbes.com/companies/abertis/,fullcontact_47,true
http://www.forbes.com/companies/rakuten/,fullcontact_615,true
http://www.forbes.com/companies/caterpillar/,fullcontact_197,true
http://www.forbes.com/companies/jm-smucker/,fullcontact_441,true
http://www.forbes.com/companies/credit-agricole/,fullcontact_238,true
http://www.forbes.com/companies/verisign/,fullcontact_790,true
http://www.forbes.com/companies/allstate/,fullcontact_78,true
http://www.forbes.com/companies/fannie-mae/,fullcontact_311,true
http://www.forbes.com/companies/tullow-oil/,fullcontact_758,true
http://www.forbes.com/companies/borgwarner/,fullcontact_1478,true
http://www.forbes.com/companies/umicore/,fullcontact_768,true
http://www.forbes.com/companies/olympus/,fullcontact_557,true
http://www.forbes.com/companies/tesla-motors/,fullcontact_738,true
http://www.forbes.com/companies/priceline/,fullcontact_600,true
http://www.forbes.com/companies/credito-emiliano/,fullcontact_237,true
http://www.forbes.com/companies/prysmian/,fullcontact_608,true
http://www.forbes.com/companies/sumitomo-electric/,fullcontact_707,true
http://www.forbes.com/companies/mediatek/,fullcontact_501,true
http://www.forbes.com/companies/bankia/,fullcontact_131,true
http://www.forbes.com/companies/mgm-resorts/,fullcontact_510,true
http://www.forbes.com/companies/fraport/,fullcontact_329,true
http://www.forbes.com/companies/kimberly-clark/,fullcontact_456,true
http://www.forbes.com/companies/lkq/,fullcontact_481,true
http://www.forbes.com/companies/airgas/,fullcontact_63,true
http://www.forbes.com/companies/randstad-holding/,fullcontact_616,true
http://www.forbes.com/companies/sap/,fullcontact_15,false
http://www.forbes.com/companies/city-national/,fullcontact_3,true
http://www.forbes.com/companies/unitedhealth-group/,fullcontact_773,true
http://www.forbes.com/companies/scana/,fullcontact_651,true
http://www.forbes.com/companies/nine-entertainment/,fullcontact_28,true
http://www.forbes.com/companies/sk-holdings/,fullcontact_680,true
http://www.forbes.com/companies/heidelbergcement/,fullcontact_373,true
http://www.forbes.com/companies/rite-aid/,fullcontact_628,true
http://www.forbes.com/companies/general-electric/,fullcontact_343,true
http://www.forbes.com/companies/hilton-worldwide/,fullcontact_380,true
http://www.forbes.com/companies/lafarge/,fullcontact_470,true
http://www.forbes.com/companies/antero-resources/,fullcontact_98,true
http://www.forbes.com/companies/allahabad-bank/,fullcontact_72,true
http://www.forbes.com/companies/affiliated-managers-group/,fullcontact_92,true
http://www.forbes.com/companies/shiseido/,fullcontact_668,false
http://www.forbes.com/companies/pge/,fullcontact_587,true
http://www.forbes.com/companies/emc/,fullcontact_287,true
http://www.forbes.com/companies/upm-kymmene/,fullcontact_778,true
http://www.forbes.com/companies/basler-kantonalbank/,fullcontact_155,true
http://www.forbes.com/companies/yamaha-motor/,fullcontact_837,true
http://www.forbes.com/companies/wyndham-worldwide/,fullcontact_830,true
http://www.forbes.com/companies/france-telecom/,fullcontact_562,true
http://www.forbes.com/companies/pearson/,fullcontact_578,true
http://www.forbes.com/companies/netflix/,fullcontact_536,true
http://www.forbes.com/companies/asahi-kasei/,fullcontact_110,true
http://www.forbes.com/companies/dixons-retail/,fullcontact_265,true
http://www.forbes.com/companies/polaris-industries/,fullcontact_593,true
http://www.forbes.com/companies/singapore-airlines/,fullcontact_677,true
http://www.forbes.com/companies/braskem/,fullcontact_168,true
http://www.forbes.com/companies/nvidia/,fullcontact_555,true
http://www.forbes.com/companies/fujifilm-holdings/,fullcontact_334,true
http://www.forbes.com/companies/nelnet/,fullcontact_532,true
http://www.forbes.com/companies/inventec/,fullcontact_428,true
http://www.forbes.com/companies/mitsubishi-corp/,fullcontact_513,true
http://www.forbes.com/companies/erste-group-bank/,fullcontact_301,true
http://www.forbes.com/companies/wipro/,fullcontact_822,true
http://www.forbes.com/companies/praxair/,fullcontact_599,true
http://www.forbes.com/companies/oneok/,fullcontact_559,true
http://www.forbes.com/companies/universal-health/,fullcontact_775,true
http://www.forbes.com/companies/bce/,fullcontact_142,true
http://www.forbes.com/companies/huntsman/,fullcontact_866,true
http://www.forbes.com/companies/bae-systems/,fullcontact_127,true
http://www.forbes.com/companies/israel-corp/,fullcontact_432,true
http://www.forbes.com/companies/toshiba/,fullcontact_747,true
http://www.forbes.com/companies/femsa/,fullcontact_317,true
http://www.forbes.com/companies/rio-tinto/,fullcontact_627,true
http://www.forbes.com/companies/metso/,fullcontact_508,true
http://www.forbes.com/companies/costco-wholesale/,fullcontact_863,true
http://www.forbes.com/companies/liberbank/,fullcontact_24,true
http://www.forbes.com/companies/mondi/,fullcontact_517,true
http://www.forbes.com/companies/nokia/,fullcontact_545,true
http://www.forbes.com/companies/swisscom/,fullcontact_711,true
http://www.forbes.com/companies/ricoh/,fullcontact_626,true
http://www.forbes.com/companies/grupo-aval/,fullcontact_364,true
http://www.forbes.com/companies/geberit/,fullcontact_345,true
http://www.forbes.com/companies/starbucks/,fullcontact_900,true
http://www.forbes.com/companies/henkel/,fullcontact_374,true
http://www.forbes.com/companies/crown-holdings/,fullcontact_241,true
http://www.forbes.com/companies/towers-watson/,fullcontact_750,true
http://www.forbes.com/companies/gemdale/,fullcontact_347,true
http://www.forbes.com/companies/ingredion/,fullcontact_420,true
http://www.forbes.com/companies/state-bank-of-india/,fullcontact_649,true
http://www.forbes.com/companies/ross-stores/,fullcontact_632,true
http://www.forbes.com/companies/america-movil/,fullcontact_88,true
http://www.forbes.com/companies/johnson-johnson/,fullcontact_442,true
http://www.forbes.com/companies/bed-bath-beyond/,fullcontact_146,true
http://www.forbes.com/companies/simon-property-group/,fullcontact_676,true
http://www.forbes.com/companies/scripps-networks-interactive/,fullcontact_656,true
http://www.forbes.com/companies/micron-technology/,fullcontact_511,true
http://www.forbes.com/companies/ace/,fullcontact_51,true
http://www.forbes.com/companies/fonciere-des-regions/,fullcontact_325,true
http://www.forbes.com/companies/rockwell-automation/,fullcontact_629,true
http://www.forbes.com/companies/essar-energy/,fullcontact_302,true
http://www.forbes.com/companies/weyerhaeuser/,fullcontact_816,true
http://www.forbes.com/companies/linkedin/,fullcontact_480,true
http://www.forbes.com/companies/byd/,fullcontact_180,true
http://www.forbes.com/companies/orix/,fullcontact_565,true
http://www.forbes.com/companies/ytl/,fullcontact_838,true
http://www.forbes.com/companies/steinhoff-international/,fullcontact_702,true
http://www.forbes.com/companies/almarai/,fullcontact_79,true
http://www.forbes.com/companies/abbvie/,fullcontact_44,true
http://www.forbes.com/companies/baloise-group/,fullcontact_130,true
http://www.forbes.com/companies/kddi/,fullcontact_450,true
http://www.forbes.com/companies/bancolombia/,fullcontact_365,true
http://www.forbes.com/companies/hormel-foods/,fullcontact_387,true
http://www.forbes.com/companies/oracle/,fullcontact_1171,true
http://www.forbes.com/companies/raymond-james-financial/,fullcontact_618,true
http://www.forbes.com/companies/manpower/,fullcontact_486,true
http://www.forbes.com/companies/celgene/,fullcontact_201,true
http://www.forbes.com/companies/evonik/,fullcontact_5,true
http://www.forbes.com/companies/deutsche-boerse/,fullcontact_9,true
http://www.forbes.com/companies/total/,fullcontact_749,true
http://www.forbes.com/companies/actelion/,fullcontact_53,true
http://www.forbes.com/companies/experian/,fullcontact_308,true
http://www.forbes.com/companies/ecopetrol/,fullcontact_280,true
http://www.forbes.com/companies/smiths-group/,fullcontact_685,true
http://www.forbes.com/companies/mitsubishi-motors/,fullcontact_515,true
http://www.forbes.com/companies/coloplast/,fullcontact_224,true
http://www.forbes.com/companies/keyence/,fullcontact_454,true
http://www.forbes.com/companies/arm-holdings/,fullcontact_108,true
http://www.forbes.com/companies/principal-financial-group/,fullcontact_601,true
http://www.forbes.com/companies/celanese/,fullcontact_200,true
http://www.forbes.com/companies/vertex-pharmaceuticals/,fullcontact_805,true
http://www.forbes.com/companies/directv/,fullcontact_263,true
http://www.forbes.com/companies/gannett/,fullcontact_338,true
http://www.forbes.com/companies/petro-rabigh/,fullcontact_583,true
http://www.forbes.com/companies/unibail-rodamco/,fullcontact_769,true
http://www.forbes.com/companies/boston-scientific/,fullcontact_164,true
http://www.forbes.com/companies/alfa-laval/,fullcontact_71,true
http://www.forbes.com/companies/dp-world/,fullcontact_269,true
http://www.forbes.com/companies/prudential-financial/,fullcontact_1322,true
http://www.forbes.com/companies/avis-budget-group/,fullcontact_123,true
http://www.forbes.com/companies/danone/,fullcontact_248,true
http://www.forbes.com/companies/jc-penney/,fullcontact_437,true
http://www.forbes.com/companies/prada/,fullcontact_598,true
http://www.forbes.com/companies/mckesson/,fullcontact_497,true
http://www.forbes.com/companies/las-vegas-sands/,fullcontact_643,true
http://www.forbes.com/companies/arca-continental/,fullcontact_105,true
http://www.forbes.com/companies/teradata/,fullcontact_734,true
http://www.forbes.com/companies/cj-cheiljedang/,fullcontact_217,true
http://www.forbes.com/companies/edf/,fullcontact_281,true
http://www.forbes.com/companies/pfizer/,fullcontact_586,true
http://www.forbes.com/companies/hoya/,fullcontact_388,true
http://www.forbes.com/companies/kpn/,fullcontact_466,true
http://www.forbes.com/companies/westfield-group/,fullcontact_815,true
http://www.forbes.com/companies/julius-baer-group/,fullcontact_446,true
http://www.forbes.com/companies/biogen-idec/,fullcontact_154,true
http://www.forbes.com/companies/wendel/,fullcontact_813,true
http://www.forbes.com/companies/shimano/,fullcontact_664,true
http://www.forbes.com/companies/exxon-mobil/,fullcontact_6,true
http://www.forbes.com/companies/fortum/,fullcontact_327,true
http://www.forbes.com/companies/kyocera/,fullcontact_13,true
http://www.forbes.com/companies/softbank/,fullcontact_688,true
http://www.forbes.com/companies/symantec/,fullcontact_713,true
http://www.forbes.com/companies/publicis-groupe/,fullcontact_609,true
http://www.forbes.com/companies/telus/,fullcontact_731,true
http://www.forbes.com/companies/tui/,fullcontact_757,true
http://www.forbes.com/companies/caixabank/,fullcontact_184,true
http://www.forbes.com/companies/intel/,fullcontact_423,true
http://www.forbes.com/companies/tele2/,fullcontact_725,true
http://www.forbes.com/companies/teck-resources/,fullcontact_723,true
http://www.forbes.com/companies/motorola-solutions/,fullcontact_522,true
http://www.forbes.com/companies/sime-darby/,fullcontact_675,true
http://www.forbes.com/companies/gap/,fullcontact_339,true
http://www.forbes.com/companies/pgn/,fullcontact_595,true
http://www.forbes.com/companies/singtel/,fullcontact_20,true
http://www.forbes.com/companies/smith-nephew/,fullcontact_684,true
http://www.forbes.com/companies/cliffs-natural-resources/,fullcontact_219,true
http://www.forbes.com/companies/acciona/,fullcontact_49,true
http://www.forbes.com/companies/sk-hynix/,fullcontact_681,true
http://www.forbes.com/companies/cst-brands/,fullcontact_243,true
http://www.forbes.com/companies/dsv/,fullcontact_272,true
http://www.forbes.com/companies/xcel-energy/,fullcontact_832,true
http://www.forbes.com/companies/fuji-electric/,fullcontact_333,true
http://www.forbes.com/companies/legrand/,fullcontact_474,true
http://www.forbes.com/companies/ackermans-van-haaren/,fullcontact_314,true
http://www.forbes.com/companies/cemex/,fullcontact_202,true
http://www.forbes.com/companies/capitaland/,fullcontact_190,true
http://www.forbes.com/companies/christian-dior/,fullcontact_262,true
http://www.forbes.com/companies/consol-energy/,fullcontact_1253,true
http://www.forbes.com/companies/morgan-stanley/,fullcontact_520,true
http://www.forbes.com/companies/qualcomm/,fullcontact_613,true
http://www.forbes.com/companies/aryzta/,fullcontact_109,true
http://www.forbes.com/companies/kellogg/,fullcontact_451,true
http://www.forbes.com/companies/brown-forman/,fullcontact_173,true
http://www.forbes.com/companies/altera/,fullcontact_82,true
http://www.forbes.com/companies/orica/,fullcontact_564,true
http://www.forbes.com/companies/csr/,fullcontact_242,true
http://www.forbes.com/companies/verizon-communications/,fullcontact_791,true
http://www.forbes.com/companies/pultegroup/,fullcontact_611,true
http://www.forbes.com/companies/cerner/,fullcontact_206,true
http://www.forbes.com/companies/aberdeen-asset-management/,fullcontact_46,true
http://www.forbes.com/companies/tcl-corp/,fullcontact_55,true
http://www.forbes.com/companies/wpp/,fullcontact_828,true
http://www.forbes.com/companies/petrobras/,fullcontact_582,true
http://www.forbes.com/companies/rural-electrification/,fullcontact_179,true
http://www.forbes.com/companies/mechel/,fullcontact_499,true
http://www.forbes.com/companies/cielo/,fullcontact_16,true
http://www.forbes.com/companies/church-dwight/,fullcontact_1712,true
http://www.forbes.com/companies/neste-oil/,fullcontact_533,true
http://www.forbes.com/companies/masco/,fullcontact_26,true
http://www.forbes.com/companies/kasikornbank/,fullcontact_449,true
http://www.forbes.com/companies/starwood-property-trust/,fullcontact_700,true
http://www.forbes.com/companies/commerzbank/,fullcontact_226,true
http://www.forbes.com/companies/eaton/,fullcontact_277,true
http://www.forbes.com/companies/comcast/,fullcontact_834,true
http://www.forbes.com/companies/tractor-supply/,fullcontact_753,true
http://www.forbes.com/companies/nisource/,fullcontact_543,true
http://www.forbes.com/companies/uralkali/,fullcontact_780,true
http://www.forbes.com/companies/united-continental-holdings/,fullcontact_27,true
http://www.forbes.com/companies/ubi-banca/,fullcontact_764,true
http://www.forbes.com/companies/tenet-healthcare/,fullcontact_733,true
http://www.forbes.com/companies/joy-global/,fullcontact_444,true
http://www.forbes.com/companies/renault/,fullcontact_17,true
http://www.forbes.com/companies/monsanto/,fullcontact_518,true
http://www.forbes.com/companies/partnerre/,fullcontact_575,true
http://www.forbes.com/companies/franklin-resources/,fullcontact_328,true
http://www.forbes.com/companies/lyondellbasell-industries/,fullcontact_485,true
http://www.forbes.com/companies/home-depot/,fullcontact_386,true
http://www.forbes.com/companies/novatek/,fullcontact_549,true
http://www.forbes.com/companies/piraeus-bank/,fullcontact_589,true
http://www.forbes.com/companies/alcoa/,fullcontact_69,true
http://www.forbes.com/companies/eletrobras/,fullcontact_285,true
http://www.forbes.com/companies/brenntag/,fullcontact_169,true
http://www.forbes.com/companies/outokumpu/,fullcontact_569,true
http://www.forbes.com/companies/sabmiller/,fullcontact_635,true
http://www.forbes.com/companies/best-buy/,fullcontact_148,true
http://www.forbes.com/companies/dangote-cement/,fullcontact_247,true
http://www.forbes.com/companies/vopak/,fullcontact_804,true
http://www.forbes.com/companies/belgacom/,fullcontact_605,true
http://www.forbes.com/companies/salesforce/,fullcontact_639,true
http://www.forbes.com/companies/air-france-klm/,fullcontact_509,true
http://www.forbes.com/companies/quanta-services/,fullcontact_614,true
http://www.forbes.com/companies/bank-of-india/,fullcontact_135,true
http://www.forbes.com/companies/talanx/,fullcontact_25,true
http://www.forbes.com/companies/viacom/,fullcontact_1295,true
http://www.forbes.com/companies/bmw-group/,fullcontact_158,true
http://www.forbes.com/companies/agrium/,fullcontact_61,true
http://www.forbes.com/companies/aes/,fullcontact_57,true
http://www.forbes.com/companies/meadwestvaco/,fullcontact_524,true
http://www.forbes.com/companies/aegon/,fullcontact_56,true
http://www.forbes.com/companies/iss/,fullcontact_433,true
http://www.forbes.com/companies/fmc/,fullcontact_324,true
http://www.forbes.com/companies/pirelli-c/,fullcontact_590,true
http://www.forbes.com/companies/e-l-financial/,fullcontact_10,true
http://www.forbes.com/companies/air-liquide/,fullcontact_64,true
http://www.forbes.com/companies/carefusion/,fullcontact_192,true
http://www.forbes.com/companies/new-media-investment-group/,fullcontact_537,true
http://www.forbes.com/companies/duke-energy/,fullcontact_274,true
http://www.forbes.com/companies/intact-financial/,fullcontact_21,true
http://www.forbes.com/companies/fluor/,fullcontact_323,true
http://www.forbes.com/companies/signature-bank/,fullcontact_672,true
http://www.forbes.com/companies/soho-china/,fullcontact_689,true
http://www.forbes.com/companies/flowserve/,fullcontact_322,true
http://www.forbes.com/companies/whirlpool/,fullcontact_817,true
http://www.forbes.com/companies/bouygues/,fullcontact_165,true
http://www.forbes.com/companies/zain/,fullcontact_839,true
http://www.forbes.com/companies/kone/,fullcontact_462,true
http://www.forbes.com/companies/hermes-international/,fullcontact_12,true
http://www.forbes.com/companies/iliad/,fullcontact_411,true
http://www.forbes.com/companies/national-grid/,fullcontact_527,true
http://www.forbes.com/companies/garmin/,fullcontact_340,true
http://www.forbes.com/companies/deutsche-bank/,fullcontact_253,true
http://www.forbes.com/companies/terna/,fullcontact_735,true
http://www.forbes.com/companies/ucb/,fullcontact_766,true
http://www.forbes.com/companies/crh/,fullcontact_240,true
http://www.forbes.com/companies/kuwait-projects/,fullcontact_360,true
http://www.forbes.com/companies/amgen/,fullcontact_93,true
http://www.forbes.com/companies/whole-foods-market/,fullcontact_819,true
http://www.forbes.com/companies/eads/,fullcontact_62,true
http://www.forbes.com/companies/bnp-paribas/,fullcontact_159,true
http://www.forbes.com/companies/ebay/,fullcontact_278,true
http://www.forbes.com/companies/labcorp/,fullcontact_469,true
http://www.forbes.com/companies/illumina/,fullcontact_412,true
http://www.forbes.com/companies/coca-cola/,fullcontact_222,true
http://www.forbes.com/companies/land-securities-group/,fullcontact_472,true
http://www.forbes.com/companies/cr-bard/,fullcontact_236,true
http://www.forbes.com/companies/windstream/,fullcontact_821,true
http://www.forbes.com/companies/swatch-group/,fullcontact_709,true
http://www.forbes.com/companies/bank-of-ireland/,fullcontact_136,true
http://www.forbes.com/companies/j-front-retailing/,fullcontact_438,true
http://www.forbes.com/companies/andritz/,fullcontact_96,true
http://www.forbes.com/companies/cencosud/,fullcontact_203,true
http://www.forbes.com/companies/petsmart/,fullcontact_584,true
http://www.forbes.com/companies/fastenal/,fullcontact_312,true
http://www.forbes.com/companies/mosaic/,fullcontact_521,true
http://www.forbes.com/companies/bidvest-group/,fullcontact_152,true
http://www.forbes.com/companies/akzo-nobel/,fullcontact_67,true
http://www.forbes.com/companies/cc-media-holdings/,fullcontact_409,true
http://www.forbes.com/companies/inter-rao/,fullcontact_424,true
http://www.forbes.com/companies/dnb/,fullcontact_266,true
http://www.forbes.com/companies/ziggo/,fullcontact_840,true
http://www.forbes.com/companies/verbund/,fullcontact_789,true
http://www.forbes.com/companies/beiersdorf/,fullcontact_147,true
http://www.forbes.com/companies/posco/,fullcontact_596,true
http://www.forbes.com/companies/generali-group/,fullcontact_348,true
http://www.forbes.com/companies/forest-laboratories/,fullcontact_332,true
http://www.forbes.com/companies/hitachi/,fullcontact_382,true
http://www.forbes.com/companies/supervalu/,fullcontact_708,true
http://www.forbes.com/companies/ayala/,fullcontact_126,true
http://www.forbes.com/companies/metcash/,fullcontact_505,true
http://www.forbes.com/companies/advance-auto-parts/,fullcontact_32,true
http://www.forbes.com/companies/banco-santander/,fullcontact_646,true
http://www.forbes.com/companies/brunswick/,fullcontact_174,true
http://www.forbes.com/companies/alleghany/,fullcontact_73,true
http://www.forbes.com/companies/royal-bank-of-scotland/,fullcontact_620,true
http://www.forbes.com/companies/novozymes/,fullcontact_550,true
http://www.forbes.com/companies/intercontinental-hotels/,fullcontact_410,true
http://www.forbes.com/companies/itochu/,fullcontact_434,true
http://www.forbes.com/companies/citic-pacific/,fullcontact_214,true
http://www.forbes.com/companies/western-digital/,fullcontact_809,true
http://www.forbes.com/companies/calpine/,fullcontact_185,true
http://www.forbes.com/companies/bombardier/,fullcontact_161,true
http://www.forbes.com/companies/kohls/,fullcontact_460,true
http://www.forbes.com/companies/everest-re-group/,fullcontact_306,true
http://www.forbes.com/companies/halliburton/,fullcontact_368,true
http://www.forbes.com/companies/gea-group/,fullcontact_344,true
http://www.forbes.com/companies/bangkok-bank/,fullcontact_1182,false
http://www.forbes.com/companies/sun-art-retail-group/,fullcontact_100,false
http://www.forbes.com/companies/kla-tencor/,fullcontact_927,false
http://www.forbes.com/companies/abu-dhabi-commercial/,fullcontact_1138,false
http://www.forbes.com/companies/autozone/,fullcontact_408,false
http://www.forbes.com/companies/safran/,fullcontact_796,false
http://www.forbes.com/companies/petrochina/,fullcontact_559,false
http://www.forbes.com/companies/kasikornbank/,fullcontact_1717,false
http://www.forbes.com/companies/cemig/,fullcontact_9,false
http://www.forbes.com/companies/charles-schwab/,fullcontact_580,false
http://www.forbes.com/companies/thomas-cook-group/,fullcontact_419,false
http://www.forbes.com/companies/geberit/,fullcontact_1641,false
http://www.forbes.com/companies/advanced-semiconductor/,fullcontact_1410,false
http://www.forbes.com/companies/city-developments/,fullcontact_789,false
http://www.forbes.com/companies/bank-of-america/,fullcontact_238,false
http://www.forbes.com/companies/humana/,fullcontact_1196,false
http://www.forbes.com/companies/wyndham-worldwide/,fullcontact_618,false
http://www.forbes.com/companies/aldar-properties/,fullcontact_748,false
http://www.forbes.com/companies/cme-group/,fullcontact_1462,false
http://www.forbes.com/companies/kajima/,fullcontact_1888,false
http://www.forbes.com/companies/gail-india/,fullcontact_1408,false
http://www.forbes.com/companies/state-bank-of-india/,fullcontact_703,false
http://www.forbes.com/companies/herbalife/,fullcontact_1781,false
http://www.forbes.com/companies/harley-davidson/,fullcontact_633,false
http://www.forbes.com/companies/discovery-communications/,fullcontact_1694,false
http://www.forbes.com/companies/hikvision/,fullcontact_1538,false
http://www.forbes.com/companies/ashland/,fullcontact_1009,false
http://www.forbes.com/companies/finmeccanica/,fullcontact_1679,false
http://www.forbes.com/companies/ball/,fullcontact_275,false
http://www.forbes.com/companies/tesla-motors/,fullcontact_1346,false
http://www.forbes.com/companies/dia/,fullcontact_1149,false
http://www.forbes.com/companies/konica-minolta/,fullcontact_595,false
http://www.forbes.com/companies/blackrock/,fullcontact_528,false
http://www.forbes.com/companies/byd/,fullcontact_119,false
http://www.forbes.com/companies/public-storage/,fullcontact_169,false
http://www.forbes.com/companies/firstenergy/,fullcontact_1937,false
http://www.forbes.com/companies/micron-technology/,fullcontact_1516,false
http://www.forbes.com/companies/daikin-industries/,fullcontact_1831,false
http://www.forbes.com/companies/husky-energy/,fullcontact_454,false
http://www.forbes.com/companies/china-steel/,fullcontact_293,false
http://www.forbes.com/companies/rogers-communications/,fullcontact_1913,false
http://www.forbes.com/companies/genuine-parts/,fullcontact_1067,false
http://www.forbes.com/companies/popular/,fullcontact_39,false
http://www.forbes.com/companies/novo-nordisk/,fullcontact_1480,false
http://www.forbes.com/companies/aareal-bank/,fullcontact_958,false
http://www.forbes.com/companies/slm/,fullcontact_387,false
http://www.forbes.com/companies/tesco/,fullcontact_709,false
http://www.forbes.com/companies/oi/,fullcontact_1842,false
http://www.forbes.com/companies/alexion-pharmaceuticals/,fullcontact_131,false
http://www.forbes.com/companies/public-storage/,fullcontact_225,false
http://www.forbes.com/companies/xilinx/,fullcontact_537,false
http://www.forbes.com/companies/jardine-matheson/,fullcontact_1571,false
http://www.forbes.com/companies/hyosung/,fullcontact_1220,false
http://www.forbes.com/companies/lg-electronics/,fullcontact_1909,false
http://www.forbes.com/companies/express-scripts/,fullcontact_692,false
http://www.forbes.com/companies/eurazeo/,fullcontact_37,false
http://www.forbes.com/companies/signature-bank/,fullcontact_679,false
http://www.forbes.com/companies/united-parcel-service/,fullcontact_1299,false
http://www.forbes.com/companies/larsen-toubro/,fullcontact_1132,false
http://www.forbes.com/companies/kesko/,fullcontact_874,false
http://www.forbes.com/companies/range-resources/,fullcontact_1719,false
http://www.forbes.com/companies/becton-dickinson/,fullcontact_679,false
http://www.forbes.com/companies/thales/,fullcontact_227,false
http://www.forbes.com/companies/cme-group/,fullcontact_688,false
http://www.forbes.com/companies/supervalu/,fullcontact_1062,false
http://www.forbes.com/companies/travis-perkins/,fullcontact_468,false
http://www.forbes.com/companies/gazprom/,fullcontact_1176,false
http://www.forbes.com/companies/cp-all/,fullcontact_1426,false
http://www.forbes.com/companies/asustek-computer/,fullcontact_1630,false
http://www.forbes.com/companies/thomas-cook-group/,fullcontact_1643,false
http://www.forbes.com/companies/conocophillips/,fullcontact_1461,false
http://www.forbes.com/companies/gf-securities/,fullcontact_1863,false
http://www.forbes.com/companies/merck/,fullcontact_1460,false
http://www.forbes.com/companies/allahabad-bank/,fullcontact_1028,false
http://www.forbes.com/companies/noble/,fullcontact_506,false
http://www.forbes.com/companies/nvidia/,fullcontact_1831,false
http://www.forbes.com/companies/verisign/,fullcontact_455,false
http://www.forbes.com/companies/china-resources-land/,fullcontact_1942,false
http://www.forbes.com/companies/repsol-ypf/,fullcontact_1570,false
http://www.forbes.com/companies/cardinal-health/,fullcontact_374,false
http://www.forbes.com/companies/transocean/,fullcontact_477,false
http://www.forbes.com/companies/canadian-oil-sands/,fullcontact_149,false
http://www.forbes.com/companies/sharp/,fullcontact_1270,false
http://www.forbes.com/companies/novozymes/,fullcontact_891,false
http://www.forbes.com/companies/cognizant-technology/,fullcontact_1445,false
http://www.forbes.com/companies/td-holdings/,fullcontact_901,false
http://www.forbes.com/companies/westpac-banking/,fullcontact_1480,false
http://www.forbes.com/companies/indian-bank/,fullcontact_697,false
http://www.forbes.com/companies/surgutneftegas/,fullcontact_1196,false
http://www.forbes.com/companies/sigma-aldrich/,fullcontact_1068,false
http://www.forbes.com/companies/acciona/,fullcontact_1278,false
http://www.forbes.com/companies/volkswagen-group/,fullcontact_1462,false
http://www.forbes.com/companies/moodys/,fullcontact_1656,false
http://www.forbes.com/companies/honda-motor/,fullcontact_202,false
http://www.forbes.com/companies/eni/,fullcontact_748,false
http://www.forbes.com/companies/itc/,fullcontact_1581,false
http://www.forbes.com/companies/marathon-oil/,fullcontact_1387,false
http://www.forbes.com/companies/conagra-foods/,fullcontact_819,false
http://www.forbes.com/companies/progressive/,fullcontact_241,false
http://www.forbes.com/companies/nomura-holdings/,fullcontact_693,false
http://www.forbes.com/companies/erie-indemnity/,fullcontact_683,false
http://www.forbes.com/companies/abengoa/,fullcontact_569,false
http://www.forbes.com/companies/alfa-laval/,fullcontact_1935,false
http://www.forbes.com/companies/capitaland/,fullcontact_404,false
http://www.forbes.com/companies/koc-holding/,fullcontact_165,false
http://www.forbes.com/companies/infineon-technologies/,fullcontact_905,false
http://www.forbes.com/companies/yuexiu-property/,fullcontact_569,false
http://www.forbes.com/companies/dexia/,fullcontact_1037,false
http://www.forbes.com/companies/iliad/,fullcontact_1582,false
http://www.forbes.com/companies/weg/,fullcontact_548,false
http://www.forbes.com/companies/michelin-group/,fullcontact_1656,false
http://www.forbes.com/companies/bank-central-asia/,fullcontact_1189,false
http://www.forbes.com/companies/mitsubishi-estate/,fullcontact_390,false
http://www.forbes.com/companies/husky-energy/,fullcontact_390,false
http://www.forbes.com/companies/rakuten/,fullcontact_1142,false
http://www.forbes.com/companies/dish-network/,fullcontact_1229,false
http://www.forbes.com/companies/sampo/,fullcontact_1064,false
http://www.forbes.com/companies/wistron/,fullcontact_748,false
http://www.forbes.com/companies/general-motors/,fullcontact_191,false
http://www.forbes.com/companies/capital-one-financial/,fullcontact_1368,false
http://www.forbes.com/companies/home-depot/,fullcontact_596,false
http://www.forbes.com/companies/charles-schwab/,fullcontact_165,false
http://www.forbes.com/companies/whitbread/,fullcontact_960,false
http://www.forbes.com/companies/citigroup/,fullcontact_220,false
http://www.forbes.com/companies/abbvie/,fullcontact_263,false
http://www.forbes.com/companies/sumitomo-rubber/,fullcontact_1467,false
http://www.forbes.com/companies/orix/,fullcontact_1473,false
http://www.forbes.com/companies/eqt/,fullcontact_636,false
http://www.forbes.com/companies/cr-bard/,fullcontact_1130,false
http://www.forbes.com/companies/baxter-international/,fullcontact_253,false
http://www.forbes.com/companies/all-nippon-airways/,fullcontact_1096,false
http://www.forbes.com/companies/sk-networks/,fullcontact_585,false
http://www.forbes.com/companies/societe-generale/,fullcontact_314,false
http://www.forbes.com/companies/bank-leumi/,fullcontact_1047,false
http://www.forbes.com/companies/parmalat/,fullcontact_261,false
http://www.forbes.com/companies/cemig/,fullcontact_1449,false
http://www.forbes.com/companies/polaris-industries/,fullcontact_1380,false
http://www.forbes.com/companies/brambles/,fullcontact_725,false
http://www.forbes.com/companies/akzo-nobel/,fullcontact_1490,false
http://www.forbes.com/companies/swatch-group/,fullcontact_1354,false
http://www.forbes.com/companies/idbi-bank/,fullcontact_234,false
http://www.forbes.com/companies/g4s/,fullcontact_1897,false
http://www.forbes.com/companies/lotte-shopping/,fullcontact_353,false
http://www.forbes.com/companies/fifth-third-bancorp/,fullcontact_726,false
http://www.forbes.com/companies/national-bank-of-canada/,fullcontact_914,false
http://www.forbes.com/companies/general-dynamics/,fullcontact_799,false
http://www.forbes.com/companies/repsol-ypf/,fullcontact_962,false
http://www.forbes.com/companies/cathay-financial/,fullcontact_283,false
http://www.forbes.com/companies/goodyear/,fullcontact_1502,false
http://www.forbes.com/companies/royal-caribbean-cruises/,fullcontact_1675,false
http://www.forbes.com/companies/richemont/,fullcontact_1320,false
http://www.forbes.com/companies/united-parcel-service/,fullcontact_224,false
http://www.forbes.com/companies/grupo-argos/,fullcontact_832,false
http://www.forbes.com/companies/sime-darby/,fullcontact_290,false
http://www.forbes.com/companies/voestalpine/,fullcontact_578,false
http://www.forbes.com/companies/mondelez-international/,fullcontact_728,false
http://www.forbes.com/companies/alfa/,fullcontact_623,false
http://www.forbes.com/companies/woolworths/,fullcontact_1147,false
http://www.forbes.com/companies/evonik/,fullcontact_1210,false
http://www.forbes.com/companies/carlsberg/,fullcontact_552,false
http://www.forbes.com/companies/cme-group/,fullcontact_970,false
http://www.forbes.com/companies/aegon/,fullcontact_1410,false
http://www.forbes.com/companies/red-electrica/,fullcontact_1014,false
http://www.forbes.com/companies/indian-bank/,fullcontact_1233,false
http://www.forbes.com/companies/atlas-copco/,fullcontact_1488,false
http://www.forbes.com/companies/abengoa/,fullcontact_230,false
http://www.forbes.com/companies/invesco/,fullcontact_1500,false
http://www.forbes.com/companies/tesla-motors/,fullcontact_1829,false
http://www.forbes.com/companies/lotte-shopping/,fullcontact_813,false
http://www.forbes.com/companies/whitbread/,fullcontact_1336,false
http://www.forbes.com/companies/general-electric/,fullcontact_764,false
http://www.forbes.com/companies/altera/,fullcontact_1157,false
http://www.forbes.com/companies/universal-health/,fullcontact_599,false
http://www.forbes.com/companies/hong-kong-exchanges/,fullcontact_284,false
http://www.forbes.com/companies/seb/,fullcontact_1788,false
http://www.forbes.com/companies/israel-corp/,fullcontact_583,false
http://www.forbes.com/companies/fubon-financial/,fullcontact_1040,false
http://www.forbes.com/companies/banco-popular-espanol/,fullcontact_1276,false
http://www.forbes.com/companies/alliant-energy/,fullcontact_1083,false
http://www.forbes.com/companies/attijariwafa-bank/,fullcontact_1845,false
http://www.forbes.com/companies/mattel/,fullcontact_1527,false
http://www.forbes.com/companies/fairfax-financial/,fullcontact_551,false
http://www.forbes.com/companies/tata-consultancy-services/,fullcontact_1740,false
http://www.forbes.com/companies/abertis/,fullcontact_86,false
http://www.forbes.com/companies/deutsche-bank/,fullcontact_10,false
http://www.forbes.com/companies/nestle/,fullcontact_22,false
http://www.forbes.com/companies/samsung-electronics/,fullcontact_132,false
http://www.forbes.com/companies/avnet/,fullcontact_867,false
http://www.forbes.com/companies/petronas-gas/,fullcontact_1537,false
http://www.forbes.com/companies/singtel/,fullcontact_881,false
http://www.forbes.com/companies/harbinger-group/,fullcontact_522,false
http://www.forbes.com/companies/ca/,fullcontact_1683,false
http://www.forbes.com/companies/johnson-johnson/,fullcontact_536,false
http://www.forbes.com/companies/ameriprise-financial/,fullcontact_339,false
http://www.forbes.com/companies/lennar/,fullcontact_1835,false
http://www.forbes.com/companies/iliad/,fullcontact_1574,false
http://www.forbes.com/companies/pall/,fullcontact_45,false
http://www.forbes.com/companies/gas-natural-fenosa/,fullcontact_1824,false
http://www.forbes.com/companies/best-buy/,fullcontact_682,false
http://www.forbes.com/companies/cerner/,fullcontact_1082,false
http://www.forbes.com/companies/george-weston/,fullcontact_285,false
http://www.forbes.com/companies/philips/,fullcontact_1778,false
http://www.forbes.com/companies/carlsberg/,fullcontact_545,false
http://www.forbes.com/companies/dentsu/,fullcontact_1690,false
http://www.forbes.com/companies/fbn-holdings/,fullcontact_826,false
http://www.forbes.com/companies/antero-resources/,fullcontact_1208,false
http://www.forbes.com/companies/gpt-group/,fullcontact_1186,false
http://www.forbes.com/companies/integrys-energy/,fullcontact_1470,false
http://www.forbes.com/companies/grupo-bimbo/,fullcontact_748,false
http://www.forbes.com/companies/genworth-financial/,fullcontact_201,false
http://www.forbes.com/companies/dongfeng-motor-group/,fullcontact_583,false
http://www.forbes.com/companies/acciona/,fullcontact_1937,false
http://www.forbes.com/companies/talanx/,fullcontact_1206,false
http://www.forbes.com/companies/ashland/,fullcontact_162,false
http://www.forbes.com/companies/kroger/,fullcontact_331,false
http://www.forbes.com/companies/ralph-lauren/,fullcontact_1533,false
http://www.forbes.com/companies/iyo-bank/,fullcontact_1142,false
http://www.forbes.com/companies/huntington-bancshares/,fullcontact_24,false
http://www.forbes.com/companies/quest-diagnostics/,fullcontact_577,false
http://www.forbes.com/companies/steel-authority-of-india/,fullcontact_236,false
http://www.forbes.com/companies/hammerson/,fullcontact_1446,false
http://www.forbes.com/companies/broadcom/,fullcontact_1308,false
http://www.forbes.com/companies/denbury-resources/,fullcontact_1776,false
http://www.forbes.com/companies/central-bank-of-india/,fullcontact_1079,false
http://www.forbes.com/companies/coal-india/,fullcontact_1904,false
http://www.forbes.com/companies/tdk/,fullcontact_603,false
http://www.forbes.com/companies/united-technologies/,fullcontact_358,false
http://www.forbes.com/companies/affiliated-managers-group/,fullcontact_1039,false
http://www.forbes.com/companies/marathon-petroleum/,fullcontact_717,false
http://www.forbes.com/companies/panasonic/,fullcontact_1563,false
http://www.forbes.com/companies/affiliated-managers-group/,fullcontact_683,false
http://www.forbes.com/companies/shimizu/,fullcontact_1648,false
http://www.forbes.com/companies/grifols/,fullcontact_28,false
http://www.forbes.com/companies/petrobras/,fullcontact_1369,false
http://www.forbes.com/companies/sabesp/,fullcontact_869,false
http://www.forbes.com/companies/marathon-petroleum/,fullcontact_1858,false
http://www.forbes.com/companies/toppan-printing/,fullcontact_1474,false
http://www.forbes.com/companies/koc-holding/,fullcontact_572,false
http://www.forbes.com/companies/outokumpu/,fullcontact_1212,false
http://www.forbes.com/companies/crown-resorts/,fullcontact_1139,false
http://www.forbes.com/companies/cst-brands/,fullcontact_1328,false
http://www.forbes.com/companies/li-fung/,fullcontact_1835,false
http://www.forbes.com/companies/amazon/,fullcontact_1643,false
http://www.forbes.com/companies/biogen-idec/,fullcontact_1071,false
http://www.forbes.com/companies/asustek-computer/,fullcontact_640,false
http://www.forbes.com/companies/sojitz/,fullcontact_1283,false
http://www.forbes.com/companies/dish-network/,fullcontact_110,false
http://www.forbes.com/companies/schindler-holding/,fullcontact_1068,false
http://www.forbes.com/companies/garmin/,fullcontact_1335,false
http://www.forbes.com/companies/rwe-group/,fullcontact_1269,false
http://www.forbes.com/companies/towers-watson/,fullcontact_297,false
http://www.forbes.com/companies/agl-resources/,fullcontact_1561,false
http://www.forbes.com/companies/oreilly-automotive/,fullcontact_894,false
http://www.forbes.com/companies/novozymes/,fullcontact_171,false
http://www.forbes.com/companies/vedanta-resources/,fullcontact_857,false
http://www.forbes.com/companies/skanska/,fullcontact_1778,false
http://www.forbes.com/companies/l-3-communications/,fullcontact_1067,false
http://www.forbes.com/companies/hebei-iron-steel/,fullcontact_124,false
http://www.forbes.com/companies/petsmart/,fullcontact_803,false
http://www.forbes.com/companies/kotak-mahindra-bank/,fullcontact_987,false
http://www.forbes.com/companies/banrisul/,fullcontact_1716,false
http://www.forbes.com/companies/sime-darby/,fullcontact_1240,false
http://www.forbes.com/companies/arcelormittal/,fullcontact_787,false
http://www.forbes.com/companies/nanto-bank/,fullcontact_309,false
http://www.forbes.com/companies/first-republic-bank/,fullcontact_672,false
http://www.forbes.com/companies/bendigo-adelaide-bank/,fullcontact_1262,false
http://www.forbes.com/companies/kt-corp/,fullcontact_1742,false
http://www.forbes.com/companies/scor/,fullcontact_1643,false
http://www.forbes.com/companies/invesco/,fullcontact_257,false
http://www.forbes.com/companies/motorola-solutions/,fullcontact_1580,false
http://www.forbes.com/companies/enbridge/,fullcontact_1669,false
http://www.forbes.com/companies/anadarko-petroleum/,fullcontact_1799,false
http://www.forbes.com/companies/health-care-reit/,fullcontact_1747,false
http://www.forbes.com/companies/sino-land/,fullcontact_708,false
http://www.forbes.com/companies/southwest-airlines/,fullcontact_314,false
http://www.forbes.com/companies/zimmer-holdings/,fullcontact_309,false
http://www.forbes.com/companies/jindal-steel-power/,fullcontact_26,false
http://www.forbes.com/companies/amdocs/,fullcontact_473,false
http://www.forbes.com/companies/andritz/,fullcontact_1904,false
http://www.forbes.com/companies/sk-holdings/,fullcontact_1492,false
http://www.forbes.com/companies/hellenic-petroleum/,fullcontact_1178,false
http://www.forbes.com/companies/nhpc/,fullcontact_1252,false
http://www.forbes.com/companies/wr-berkley/,fullcontact_820,false
http://www.forbes.com/companies/westlake-chemical/,fullcontact_1451,false
http://www.forbes.com/companies/abbvie/,fullcontact_938,false
http://www.forbes.com/companies/beam/,fullcontact_302,false
http://www.forbes.com/companies/smith-nephew/,fullcontact_663,false
http://www.forbes.com/companies/progressive/,fullcontact_859,false
http://www.forbes.com/companies/kotak-mahindra-bank/,fullcontact_897,false
http://www.forbes.com/companies/sanlam/,fullcontact_1453,false
http://www.forbes.com/companies/bank-hapoalim/,fullcontact_479,false
http://www.forbes.com/companies/visa/,fullcontact_1848,false
http://www.forbes.com/companies/royal-bank-of-scotland/,fullcontact_1650,false
http://www.forbes.com/companies/colruyt/,fullcontact_1612,false
http://www.forbes.com/companies/rock-tenn/,fullcontact_1271,false
http://www.forbes.com/companies/eiffage/,fullcontact_832,false
http://www.forbes.com/companies/mastercard/,fullcontact_1183,false
http://www.forbes.com/companies/glencore-international/,fullcontact_1522,false
http://www.forbes.com/companies/ncc-group/,fullcontact_1087,false
http://www.forbes.com/companies/banco-bradesco/,fullcontact_1641,false
http://www.forbes.com/companies/nabors-industries/,fullcontact_725,false
http://www.forbes.com/companies/china-coal-energy/,fullcontact_1669,false
http://www.forbes.com/companies/teck-resources/,fullcontact_600,false
http://www.forbes.com/companies/eon/,fullcontact_158,false
http://www.forbes.com/companies/general-motors/,fullcontact_1300,false
http://www.forbes.com/companies/intercontinental-hotels/,fullcontact_749,false
http://www.forbes.com/companies/valiant-holding/,fullcontact_1162,false
http://www.forbes.com/companies/reliance-industries/,fullcontact_828,false
http://www.forbes.com/companies/wm-morrison-supermarkets/,fullcontact_1323,false
http://www.forbes.com/companies/autozone/,fullcontact_977,false
http://www.forbes.com/companies/valeant-pharmaceuticals/,fullcontact_665,false
http://www.forbes.com/companies/deere-co/,fullcontact_294,false
http://www.forbes.com/companies/northrop-grumman/,fullcontact_1438,false
http://www.forbes.com/companies/industrial-bank/,fullcontact_1886,false
http://www.forbes.com/companies/guangzhou-rf/,fullcontact_1860,false
http://www.forbes.com/companies/amazon/,fullcontact_1129,false
http://www.forbes.com/companies/vienna-insurance-group/,fullcontact_1589,false
http://www.forbes.com/companies/goldcorp/,fullcontact_1577,false
http://www.forbes.com/companies/bbmg/,fullcontact_153,false
http://www.forbes.com/companies/bridgestone/,fullcontact_1820,false
http://www.forbes.com/companies/ica-gruppen/,fullcontact_339,false
http://www.forbes.com/companies/acer/,fullcontact_828,false
http://www.forbes.com/companies/cit-group/,fullcontact_1854,false
http://www.forbes.com/companies/huntsman/,fullcontact_1238,false
http://www.forbes.com/companies/nanto-bank/,fullcontact_842,false
http://www.forbes.com/companies/lig-insurance/,fullcontact_95,false
http://www.forbes.com/companies/orica/,fullcontact_1066,false
http://www.forbes.com/companies/emaar-properties/,fullcontact_1426,false
http://www.forbes.com/companies/t-rowe-price/,fullcontact_1770,false
http://www.forbes.com/companies/city-national/,fullcontact_184,false
http://www.forbes.com/companies/xcel-energy/,fullcontact_483,false
http://www.forbes.com/companies/lundbergs/,fullcontact_571,false
http://www.forbes.com/companies/iberdrola/,fullcontact_423,false
http://www.forbes.com/companies/sodexo/,fullcontact_115,false
http://www.forbes.com/companies/singapore-airlines/,fullcontact_556,false
http://www.forbes.com/companies/hellenic-petroleum/,fullcontact_973,false
http://www.forbes.com/companies/icici-bank/,fullcontact_145,false
http://www.forbes.com/companies/genuine-parts/,fullcontact_1643,false
http://www.forbes.com/companies/walt-disney/,fullcontact_902,false
http://www.forbes.com/companies/zoetis/,fullcontact_1250,false
http://www.forbes.com/companies/state-bank-of-india/,fullcontact_507,false
http://www.forbes.com/companies/waters/,fullcontact_1024,false
http://www.forbes.com/companies/alleghany/,fullcontact_1060,false
http://www.forbes.com/companies/kroger/,fullcontact_1704,false
http://www.forbes.com/companies/publicis-groupe/,fullcontact_1371,false
http://www.forbes.com/companies/hana-financial/,fullcontact_911,false
http://www.forbes.com/companies/dia/,fullcontact_1659,false
http://www.forbes.com/companies/femsa/,fullcontact_992,false
http://www.forbes.com/companies/parker-hannifin/,fullcontact_70,false
http://www.forbes.com/companies/slm/,fullcontact_1822,false
http://www.forbes.com/companies/pembina-pipeline/,fullcontact_108,false
http://www.forbes.com/companies/whole-foods-market/,fullcontact_811,false
http://www.forbes.com/companies/toyota-boshoku/,fullcontact_1592,false
http://www.forbes.com/companies/western-refining/,fullcontact_925,false
http://www.forbes.com/companies/oracle/,fullcontact_1943,false
http://www.forbes.com/companies/stora-enso/,fullcontact_1023,false
http://www.forbes.com/companies/halyk-bank/,fullcontact_1247,false
http://www.forbes.com/companies/mondelez-international/,fullcontact_194,false
http://www.forbes.com/companies/pko-bank-polski/,fullcontact_923,false
http://www.forbes.com/companies/alfa-laval/,fullcontact_1341,false
http://www.forbes.com/companies/cit-group/,fullcontact_169,false
http://www.forbes.com/companies/fluor/,fullcontact_1530,false
http://www.forbes.com/companies/tripadvisor/,fullcontact_1801,false
http://www.forbes.com/companies/abu-dhabi-islamic-bank/,fullcontact_828,false
http://www.forbes.com/companies/scana/,fullcontact_1780,false
http://www.forbes.com/companies/firstenergy/,fullcontact_428,false
http://www.forbes.com/companies/valeo/,fullcontact_945,false
http://www.forbes.com/companies/luxottica-group/,fullcontact_1727,false
http://www.forbes.com/companies/oil-gas-development/,fullcontact_1419,false
http://www.forbes.com/companies/tractor-supply/,fullcontact_1015,false
http://www.forbes.com/companies/great-wall-technology/,fullcontact_322,false
http://www.forbes.com/companies/sistema/,fullcontact_1139,false
http://www.forbes.com/companies/aia-group/,fullcontact_1184,false
http://www.forbes.com/companies/vmware/,fullcontact_1351,false
http://www.forbes.com/companies/united-rentals/,fullcontact_1260,false
http://www.forbes.com/companies/solvay/,fullcontact_655,false
http://www.forbes.com/companies/thomson-reuters/,fullcontact_1459,false
http://www.forbes.com/companies/apple/,fullcontact_1787,false
http://www.forbes.com/companies/henry-schein/,fullcontact_1782,false
http://www.forbes.com/companies/hero-motocorp/,fullcontact_496,false
http://www.forbes.com/companies/humana/,fullcontact_1236,false
http://www.forbes.com/companies/aurubis/,fullcontact_641,false
http://www.forbes.com/companies/tyco-international/,fullcontact_15,false
http://www.forbes.com/companies/doosan/,fullcontact_593,false
http://www.forbes.com/companies/amgen/,fullcontact_610,false
http://www.forbes.com/companies/linkedin/,fullcontact_29,false
http://www.forbes.com/companies/saras/,fullcontact_762,false
http://www.forbes.com/companies/posco/,fullcontact_1428,false
http://www.forbes.com/companies/canadian-natural-resources/,fullcontact_636,false
http://www.forbes.com/companies/ternium/,fullcontact_1041,false
http://www.forbes.com/companies/citigroup/,fullcontact_82,false
http://www.forbes.com/companies/aes/,fullcontact_694,false
http://www.forbes.com/companies/eni/,fullcontact_1607,false
http://www.forbes.com/companies/eurazeo/,fullcontact_1086,false
http://www.forbes.com/companies/stanley-black-decker/,fullcontact_1596,false
http://www.forbes.com/companies/jacobs-engineering/,fullcontact_696,false
http://www.forbes.com/companies/dish-network/,fullcontact_1368,false
http://www.forbes.com/companies/citigroup/,fullcontact_15,false
http://www.forbes.com/companies/hdfc/,fullcontact_1116,false
http://www.forbes.com/companies/celanese/,fullcontact_477,false
http://www.forbes.com/companies/china-vanke/,fullcontact_1282,false
http://www.forbes.com/companies/parker-hannifin/,fullcontact_1861,false
http://www.forbes.com/companies/ing-group/,fullcontact_1143,false
http://www.forbes.com/companies/agrium/,fullcontact_892,false
http://www.forbes.com/companies/sonae/,fullcontact_1336,false
http://www.forbes.com/companies/tyco-international/,fullcontact_389,false
http://www.forbes.com/companies/anadolu-efes/,fullcontact_1123,false
http://www.forbes.com/companies/dp-world/,fullcontact_1882,false
http://www.forbes.com/companies/time-warner-cable/,fullcontact_330,false
http://www.forbes.com/companies/sca/,fullcontact_1405,false
http://www.forbes.com/companies/stryker/,fullcontact_1328,false
http://www.forbes.com/companies/chiba-bank/,fullcontact_80,false
http://www.forbes.com/companies/praxair/,fullcontact_451,false
http://www.forbes.com/companies/crescent-point-energy/,fullcontact_1490,false
http://www.forbes.com/companies/smiths-group/,fullcontact_192,false
http://www.forbes.com/companies/kb-financial-group/,fullcontact_50,false
http://www.forbes.com/companies/atos/,fullcontact_228,false
http://www.forbes.com/companies/siemens/,fullcontact_844,false
http://www.forbes.com/companies/china-telecom/,fullcontact_363,false
http://www.forbes.com/companies/hitachi/,fullcontact_1438,false
http://www.forbes.com/companies/affiliated-managers-group/,fullcontact_1111,false
http://www.forbes.com/companies/inventec/,fullcontact_1518,false
http://www.forbes.com/companies/mmi-holdings/,fullcontact_678,false
http://www.forbes.com/companies/emaar-properties/,fullcontact_327,false
http://www.forbes.com/companies/gudang-garam/,fullcontact_136,false
http://www.forbes.com/companies/sigma-aldrich/,fullcontact_1423,false
http://www.forbes.com/companies/singtel/,fullcontact_307,false
http://www.forbes.com/companies/alliant-energy/,fullcontact_858,false
http://www.forbes.com/companies/industrial-alliance-insurance/,fullcontact_1840,false
http://www.forbes.com/companies/anadolu-efes/,fullcontact_1922,false
http://www.forbes.com/companies/capitaland/,fullcontact_653,false
http://www.forbes.com/companies/mediolanum/,fullcontact_1668,false
http://www.forbes.com/companies/otp-bank/,fullcontact_389,false
http://www.forbes.com/companies/mastercard/,fullcontact_369,false
http://www.forbes.com/companies/china-coal-energy/,fullcontact_555,false
http://www.forbes.com/companies/nintendo/,fullcontact_1095,false
http://www.forbes.com/companies/sigma-aldrich/,fullcontact_1145,false
http://www.forbes.com/companies/hutchison-whampoa/,fullcontact_1148,false
http://www.forbes.com/companies/transocean/,fullcontact_635,false
http://www.forbes.com/companies/intesa-sanpaolo/,fullcontact_642,false
http://www.forbes.com/companies/ubi-banca/,fullcontact_481,false
http://www.forbes.com/companies/yahoo/,fullcontact_1531,false
http://www.forbes.com/companies/sk-holdings/,fullcontact_945,false
http://www.forbes.com/companies/nitto-denko/,fullcontact_133,false
http://www.forbes.com/companies/mitsubishi-motors/,fullcontact_113,false
http://www.forbes.com/companies/anhui-conch-cement/,fullcontact_1540,false
http://www.forbes.com/companies/bajaj-auto/,fullcontact_497,false
http://www.forbes.com/companies/tata-motors/,fullcontact_738,false
http://www.forbes.com/companies/industries-qatar/,fullcontact_415,false
http://www.forbes.com/companies/agilent-technologies/,fullcontact_1255,false
http://www.forbes.com/companies/skf-group/,fullcontact_661,false
http://www.forbes.com/companies/awa-bank/,fullcontact_80,false
http://www.forbes.com/companies/dbs-group/,fullcontact_267,false
http://www.forbes.com/companies/aichi-bank/,fullcontact_80,false
http://www.forbes.com/companies/doosan-heavy-industries/,fullcontact_882,false
http://www.forbes.com/companies/cme-group/,fullcontact_1771,false
http://www.forbes.com/companies/altera/,fullcontact_1381,false
http://www.forbes.com/companies/tpv-technology/,fullcontact_1781,false
http://www.forbes.com/companies/bank-of-america/,fullcontact_135,false
http://www.forbes.com/companies/smiths-group/,fullcontact_709,false
http://www.forbes.com/companies/aia-group/,fullcontact_84,false
http://www.forbes.com/companies/bank-of-beijing/,fullcontact_852,false
http://www.forbes.com/companies/axis-bank/,fullcontact_80,false
http://www.forbes.com/companies/keiyo-bank/,fullcontact_449,false
http://www.forbes.com/companies/bank-of-beijing/,fullcontact_136,false
http://www.forbes.com/companies/public-storage/,fullcontact_609,false
http://www.forbes.com/companies/dean-foods/,fullcontact_1521,false
http://www.forbes.com/companies/catlin-group/,fullcontact_215,false
http://www.forbes.com/companies/macquarie-group/,fullcontact_1122,false
http://www.forbes.com/companies/shanghai-international-port/,fullcontact_1129,false
http://www.forbes.com/companies/tesoro/,fullcontact_737,false
http://www.forbes.com/companies/bank-of-iwate/,fullcontact_135,false
http://www.forbes.com/companies/arab-bank/,fullcontact_80,false
http://www.forbes.com/companies/evraz-group/,fullcontact_1061,false
http://www.forbes.com/companies/csn/,fullcontact_242,false
http://www.forbes.com/companies/skf-group/,fullcontact_1301,false
http://www.forbes.com/companies/canara-bank/,fullcontact_225,false
http://www.forbes.com/companies/bank-of-baroda/,fullcontact_136,false
http://www.forbes.com/companies/transocean/,fullcontact_1941,false
http://www.forbes.com/companies/invesco/,fullcontact_430,false
http://www.forbes.com/companies/chiba-bank/,fullcontact_187,false
http://www.forbes.com/companies/altria-group/,fullcontact_77,false
http://www.forbes.com/companies/agilent-technologies/,fullcontact_122,false
http://www.forbes.com/companies/swisscom/,fullcontact_712,false
http://www.forbes.com/companies/aareal-bank/,fullcontact_80,false
http://www.forbes.com/companies/fast-retailing/,fullcontact_313,false
http://www.forbes.com/companies/autonation/,fullcontact_1368,false
http://www.forbes.com/companies/valeant-pharmaceuticals/,fullcontact_805,false
http://www.forbes.com/companies/lend-lease-group/,fullcontact_1454,false
http://www.forbes.com/companies/grupo-carso/,fullcontact_364,false
http://www.forbes.com/companies/bank-of-nanjing/,fullcontact_852,false
http://www.forbes.com/companies/ioi-group/,fullcontact_1886,false
http://www.forbes.com/companies/chiba-bank/,fullcontact_184,false
http://www.forbes.com/companies/bank-of-yokohama/,fullcontact_852,false
http://www.forbes.com/companies/amcor/,fullcontact_52,false
http://www.forbes.com/companies/antero-resources/,fullcontact_60,false
http://www.forbes.com/companies/mondelez-international/,fullcontact_510,false
http://www.forbes.com/companies/next/,fullcontact_1008,false
http://www.forbes.com/companies/clariant/,fullcontact_1190,false
http://www.forbes.com/companies/inventec/,fullcontact_430,false
http://www.forbes.com/companies/skf-group/,fullcontact_1296,false
http://www.forbes.com/companies/cit-group/,fullcontact_215,false
http://www.forbes.com/companies/harbinger-group/,fullcontact_1118,false
http://www.forbes.com/companies/hormel-foods/,fullcontact_1217,false
http://www.forbes.com/companies/bunzl/,fullcontact_175,false
http://www.forbes.com/companies/comerica/,fullcontact_204,false
http://www.forbes.com/companies/united-technologies/,fullcontact_1175,false
http://www.forbes.com/companies/polyus-gold-international/,fullcontact_592,false
http://www.forbes.com/companies/grupo-carso/,fullcontact_367,false
http://www.forbes.com/companies/inditex/,fullcontact_1124,false
http://www.forbes.com/companies/telefonica/,fullcontact_729,false
http://www.forbes.com/companies/joyo-bank/,fullcontact_22,false
http://www.forbes.com/companies/bank-of-queensland/,fullcontact_136,false
http://www.forbes.com/companies/alfa-laval/,fullcontact_70,false
http://www.forbes.com/companies/luxottica-group/,fullcontact_1276,false
http://www.forbes.com/companies/mattel/,fullcontact_1393,false
http://www.forbes.com/companies/a2a/,fullcontact_1268,false
http://www.forbes.com/companies/infineon-technologies/,fullcontact_1757,false
http://www.forbes.com/companies/millicom-international/,fullcontact_516,false
http://www.forbes.com/companies/nabors-industries/,fullcontact_1631,false
http://www.forbes.com/companies/sberbank/,fullcontact_710,false
http://www.forbes.com/companies/alinma-bank/,fullcontact_80,false
http://www.forbes.com/companies/chiba-bank/,fullcontact_225,false
http://www.forbes.com/companies/canadian-natural-resources/,fullcontact_219,false
http://www.forbes.com/companies/doosan-heavy-industries/,fullcontact_247,false
http://www.forbes.com/companies/silver-wheaton/,fullcontact_674,false
http://www.forbes.com/companies/bank-of-ireland/,fullcontact_852,false
http://www.forbes.com/companies/cardinal-health/,fullcontact_1776,false
http://www.forbes.com/companies/oracle/,fullcontact_562,false
http://www.forbes.com/companies/commerzbank/,fullcontact_225,false
http://www.forbes.com/companies/bank-of-nagoya/,fullcontact_852,false
http://www.forbes.com/companies/sinopharm-group/,fullcontact_691,false
http://www.forbes.com/companies/toray-industries/,fullcontact_1883,false
http://www.forbes.com/companies/axa-group/,fullcontact_115,false
http://www.forbes.com/companies/dbs-group/,fullcontact_1033,false
http://www.forbes.com/companies/rtl-group/,fullcontact_623,false
http://www.forbes.com/companies/tauron-group/,fullcontact_1501,false
http://www.forbes.com/companies/ing-group/,fullcontact_414,false
http://www.forbes.com/companies/steinhoff-international/,fullcontact_1307,false
http://www.forbes.com/companies/ace/,fullcontact_52,false
http://www.forbes.com/companies/csl/,fullcontact_242,false
http://www.forbes.com/companies/sears-holdings/,fullcontact_913,false
http://www.forbes.com/companies/united-utilities/,fullcontact_772,false
http://www.forbes.com/companies/sk-holdings/,fullcontact_913,false
http://www.forbes.com/companies/canara-bank/,fullcontact_184,false
http://www.forbes.com/companies/aon/,fullcontact_56,false
http://www.forbes.com/companies/sharp/,fullcontact_884,false
http://www.forbes.com/companies/savola-group/,fullcontact_1296,false
http://www.forbes.com/companies/sony/,fullcontact_1314,false
http://www.forbes.com/companies/investor/,fullcontact_430,false
http://www.forbes.com/companies/cez-group/,fullcontact_215,false
http://www.forbes.com/companies/national-bank-of-canada/,fullcontact_1479,false
http://www.forbes.com/companies/ing-group/,fullcontact_1886,false
http://www.forbes.com/companies/grupo-aval/,fullcontact_363,false
http://www.forbes.com/companies/tyco-international/,fullcontact_734,false
http://www.forbes.com/companies/agl-energy/,fullcontact_1318,false
http://www.forbes.com/companies/mediatek/,fullcontact_1966,false
http://www.forbes.com/companies/ball/,fullcontact_1230,false
http://www.forbes.com/companies/sydbank/,fullcontact_710,false
http://www.forbes.com/companies/agco/,fullcontact_1567,false
http://www.forbes.com/companies/xerox/,fullcontact_1299,false
http://www.forbes.com/companies/aia-group/,fullcontact_115,false
http://www.forbes.com/companies/cic-group/,fullcontact_215,false
http://www.forbes.com/companies/amgen/,fullcontact_56,false
http://www.forbes.com/companies/east-west-bancorp/,fullcontact_1447,false
http://www.forbes.com/companies/nestle/,fullcontact_533,false
http://www.forbes.com/companies/sampo/,fullcontact_884,false
http://www.forbes.com/companies/bank-of-beijing/,fullcontact_135,false
http://www.forbes.com/companies/deutsche-boerse/,fullcontact_258,false
http://www.forbes.com/companies/metro-inc/,fullcontact_502,false
http://www.forbes.com/companies/shoprite-holdings/,fullcontact_913,false
http://www.forbes.com/companies/steinhoff-international/,fullcontact_1129,false
http://www.forbes.com/companies/bmw-group/,fullcontact_149,false
http://www.forbes.com/companies/mtn-group/,fullcontact_923,false
http://www.forbes.com/companies/imperial-tobacco-group/,fullcontact_1428,false
http://www.forbes.com/companies/xl-group/,fullcontact_904,false
http://www.forbes.com/companies/caixabank/,fullcontact_187,false
http://www.forbes.com/companies/petrobras/,fullcontact_1146,false
http://www.forbes.com/companies/bank-of-baroda/,fullcontact_852,false
http://www.forbes.com/companies/bank-of-greece/,fullcontact_136,false
http://www.forbes.com/companies/smiths-group/,fullcontact_658,false
http://www.forbes.com/companies/delek-group/,fullcontact_1033,false
http://www.forbes.com/companies/nippon-paper-industries/,fullcontact_1847,false
http://www.forbes.com/companies/pgnig-group/,fullcontact_1653,false
http://www.forbes.com/companies/ventas/,fullcontact_793,false
http://www.forbes.com/companies/coach/,fullcontact_1707,false
http://www.forbes.com/companies/mitsubishi-estate/,fullcontact_515,false
http://www.forbes.com/companies/western-refining/,fullcontact_814,false
http://www.forbes.com/companies/clp-holdings/,fullcontact_241,false
http://www.forbes.com/companies/transocean/,fullcontact_1671,false
http://www.forbes.com/companies/oge-energy/,fullcontact_1007,false
http://www.forbes.com/companies/borgwarner/,fullcontact_163,false
http://www.forbes.com/companies/mitsubishi-corp/,fullcontact_515,false
http://www.forbes.com/companies/microsoft/,fullcontact_1116,false
http://www.forbes.com/companies/bank-of-nagoya/,fullcontact_135,false
http://www.forbes.com/companies/valeo/,fullcontact_783,false
http://www.forbes.com/companies/accor/,fullcontact_52,false
http://www.forbes.com/companies/hyundai-hysco/,fullcontact_405,false
http://www.forbes.com/companies/inpex/,fullcontact_1124,false
http://www.forbes.com/companies/bank-of-montreal/,fullcontact_135,false
http://www.forbes.com/companies/bank-of-iwate/,fullcontact_136,false
http://www.forbes.com/companies/hindalco-industries/,fullcontact_1075,false
http://www.forbes.com/companies/juroku-bank/,fullcontact_22,false
http://www.forbes.com/companies/bcv-group/,fullcontact_149,false
http://www.forbes.com/companies/tele2/,fullcontact_731,false
http://www.forbes.com/companies/time-warner-cable/,fullcontact_743,false
http://www.forbes.com/companies/bunzl/,fullcontact_1230,false
http://www.forbes.com/companies/general-mills/,fullcontact_356,false
http://www.forbes.com/companies/deutsche-bank/,fullcontact_258,false
http://www.forbes.com/companies/wisconsin-energy/,fullcontact_902,false
http://www.forbes.com/companies/baxter-international/,fullcontact_859,false
http://www.forbes.com/companies/deutsche-lufthansa/,fullcontact_253,false
http://www.forbes.com/companies/nabors-industries/,fullcontact_1847,false
http://www.forbes.com/companies/daishi-bank/,fullcontact_249,false
http://www.forbes.com/companies/axa-group/,fullcontact_84,false
http://www.forbes.com/companies/novartis/,fullcontact_549,false
http://www.forbes.com/companies/hyundai-wia/,fullcontact_405,false
http://www.forbes.com/companies/constellation-brands/,fullcontact_422,false
http://www.forbes.com/companies/allahabad-bank/,fullcontact_80,false
http://www.forbes.com/companies/cbre-group/,fullcontact_215,false
http://www.forbes.com/companies/bank-of-china/,fullcontact_135,false
http://www.forbes.com/companies/aia-group/,fullcontact_47,false
http://www.forbes.com/companies/areva/,fullcontact_124,false
http://www.forbes.com/companies/agl-resources/,fullcontact_98,false
http://www.forbes.com/companies/savola-group/,fullcontact_691,false
http://www.forbes.com/companies/micron-technology/,fullcontact_1857,false
http://www.forbes.com/companies/aon/,fullcontact_1865,false
http://www.forbes.com/companies/meritz-financial-group/,fullcontact_487,false
http://www.forbes.com/companies/dia/,fullcontact_259,false
http://www.forbes.com/companies/altria-group/,fullcontact_47,false
http://www.forbes.com/companies/daishi-bank/,fullcontact_253,false
http://www.forbes.com/companies/maybank/,fullcontact_495,true
http://www.forbes.com/companies/bank-of-china/,fullcontact_852,true
http://www.forbes.com/companies/kering/,fullcontact_452,true
http://www.forbes.com/companies/nintendo/,fullcontact_541,true
http://www.forbes.com/companies/xerox/,fullcontact_833,true
http://www.forbes.com/companies/target/,fullcontact_1291,true
http://www.forbes.com/companies/staples/,fullcontact_698,true
http://www.forbes.com/companies/noble-energy/,fullcontact_1881,true
http://www.forbes.com/companies/general-growth-properties/,fullcontact_352,true
http://www.forbes.com/companies/att/,fullcontact_117,true
http://www.forbes.com/companies/nordstrom/,fullcontact_1446,true
http://www.forbes.com/companies/anglo-american/,fullcontact_97,true
http://www.forbes.com/companies/taiwan-mobile/,fullcontact_716,true
http://www.forbes.com/companies/zenith-bank/,fullcontact_1345,true
http://www.forbes.com/companies/fujitsu/,fullcontact_335,true
http://www.forbes.com/companies/general-motors/,fullcontact_356,false
http://www.forbes.com/companies/subsea-7/,fullcontact_706,true
http://www.forbes.com/companies/sasol/,fullcontact_648,true
http://www.forbes.com/companies/visa/,fullcontact_1247,true
http://www.forbes.com/companies/icici-bank/,fullcontact_1884,false
http://www.forbes.com/companies/misc/,fullcontact_495,false
http://www.forbes.com/companies/icici-bank/,fullcontact_1757,false
http://www.forbes.com/companies/japan-tobacco/,fullcontact_438,false
http://www.forbes.com/companies/credito-valtellinese/,fullcontact_1684,false
http://www.forbes.com/companies/china-railway-group/,fullcontact_214,false
http://www.forbes.com/companies/ace/,fullcontact_109,false
http://www.forbes.com/companies/china-railway-group/,fullcontact_198,false
http://www.forbes.com/companies/bouygues/,fullcontact_1230,false
http://www.forbes.com/companies/sony/,fullcontact_1947,false
http://www.forbes.com/companies/steel-authority-of-india/,fullcontact_1734,false
http://www.forbes.com/companies/loreal-group/,fullcontact_471,false
http://www.forbes.com/companies/jfe-holdings/,fullcontact_1221,false
http://www.forbes.com/companies/infosys/,fullcontact_1005,false
http://www.forbes.com/companies/empire/,fullcontact_1879,false
http://www.forbes.com/companies/empire/,fullcontact_1831,false
http://www.forbes.com/companies/grupo-acs/,fullcontact_341,false
http://www.forbes.com/companies/canara-bank/,fullcontact_1201,false
http://www.forbes.com/companies/taisei/,fullcontact_748,false
http://www.forbes.com/companies/empire/,fullcontact_1547,false
http://www.forbes.com/companies/saint-gobain/,fullcontact_686,false
http://www.forbes.com/companies/saint-gobain/,fullcontact_655,false
http://www.forbes.com/companies/teck-resources/,fullcontact_1389,false
http://www.forbes.com/companies/sandvik/,fullcontact_679,false
http://www.forbes.com/companies/sandvik/,fullcontact_650,false
http://www.forbes.com/companies/infosys/,fullcontact_1285,false
http://www.forbes.com/companies/abertis/,fullcontact_45,false
http://www.forbes.com/companies/abertis/,fullcontact_49,false
http://www.forbes.com/companies/komatsu/,fullcontact_454,false
http://www.forbes.com/companies/komatsu/,fullcontact_450,false
http://www.forbes.com/companies/christian-dior/,fullcontact_1419,false
http://www.forbes.com/companies/agrium/,fullcontact_115,false
http://www.forbes.com/companies/canadian-imperial-bank/,fullcontact_15,false
http://www.forbes.com/companies/shionogi-co/,fullcontact_1947,false
http://www.forbes.com/companies/renault/,fullcontact_623,false
http://www.forbes.com/companies/weatherford-international/,fullcontact_826,false
http://www.forbes.com/companies/asml-holding/,fullcontact_1676,false
http://www.forbes.com/companies/musashino-bank/,fullcontact_513,false
http://www.forbes.com/companies/christian-dior/,fullcontact_1639,false
http://www.forbes.com/companies/grupo-aval/,fullcontact_365,false
http://www.forbes.com/companies/icici-bank/,fullcontact_1005,false
http://www.forbes.com/companies/juroku-bank/,fullcontact_1221,false
http://www.forbes.com/companies/saic-motor/,fullcontact_1143,false
http://www.forbes.com/companies/asml-holding/,fullcontact_1255,false
http://www.forbes.com/companies/suzuki-motor/,fullcontact_688,false
http://www.forbes.com/companies/suzuki-motor/,fullcontact_690,false
http://www.forbes.com/companies/suzuki-motor/,fullcontact_666,false
http://www.forbes.com/companies/icici-bank/,fullcontact_1429,false
http://www.forbes.com/companies/sumitomo-mitsui-financial/,fullcontact_666,false
http://www.forbes.com/companies/alpha-bank/,fullcontact_1964,false
http://www.forbes.com/companies/sumitomo-mitsui-financial/,fullcontact_688,false
http://www.forbes.com/companies/sumitomo-mitsui-financial/,fullcontact_690,false
http://www.forbes.com/companies/bank-danamon-indonesia/,fullcontact_1588,false
http://www.forbes.com/companies/arkema/,fullcontact_81,false
http://www.forbes.com/companies/arkema/,fullcontact_68,false
http://www.forbes.com/companies/arkema/,fullcontact_50,false
http://www.forbes.com/companies/couche-tard/,fullcontact_2,false
http://www.forbes.com/companies/cgi-group/,fullcontact_1797,false
http://www.forbes.com/companies/cemig/,fullcontact_285,false
http://www.forbes.com/companies/kubota/,fullcontact_13,false
http://www.forbes.com/companies/aryzta/,fullcontact_43,false
http://www.forbes.com/companies/aryzta/,fullcontact_53,false
http://www.forbes.com/companies/luzerner-kantonalbank/,fullcontact_470,false
http://www.forbes.com/companies/mitsui-fudosan/,fullcontact_513,false
http://www.forbes.com/companies/seagate-technology/,fullcontact_1241,false
http://www.forbes.com/companies/cgi-group/,fullcontact_1488,false
http://www.forbes.com/companies/areva/,fullcontact_50,false
http://www.forbes.com/companies/areva/,fullcontact_68,false
http://www.forbes.com/companies/cgi-group/,fullcontact_1549,false
http://www.forbes.com/companies/syngenta/,fullcontact_1767,false
http://www.forbes.com/companies/cgi-group/,fullcontact_1754,false
http://www.forbes.com/companies/israel-discount-bank/,fullcontact_432,false
http://www.forbes.com/companies/maxis/,fullcontact_495,false
http://www.forbes.com/companies/sumitomo-rubber/,fullcontact_1947,false
http://www.forbes.com/companies/mitsui-chemicals/,fullcontact_513,false
http://www.forbes.com/companies/suzuken/,fullcontact_1943,false
http://www.forbes.com/companies/suzuken/,fullcontact_1947,false
http://www.forbes.com/companies/glencore-international/,fullcontact_345,false
http://www.forbes.com/companies/standard-bank-group/,fullcontact_644,false
http://www.forbes.com/companies/parmalat/,fullcontact_608,false
http://www.forbes.com/companies/alcatel-lucent/,fullcontact_118,false
http://www.forbes.com/companies/alcatel-lucent/,fullcontact_107,false
http://www.forbes.com/companies/smurfit-kappa-group/,fullcontact_1241,false
http://www.forbes.com/companies/hysan-development/,fullcontact_1078,false
http://www.forbes.com/companies/seb/,fullcontact_650,false
http://www.forbes.com/companies/cheung-kong-holdings/,fullcontact_198,false
http://www.forbes.com/companies/cheung-kong-holdings/,fullcontact_214,false
http://www.forbes.com/companies/accenture/,fullcontact_74,false
http://www.forbes.com/companies/accenture/,fullcontact_75,false
http://www.forbes.com/companies/bank-of-baroda/,fullcontact_1588,false
http://www.forbes.com/companies/nippon-steel-trading/,fullcontact_538,false
http://www.forbes.com/companies/nippon-steel-trading/,fullcontact_540,false
http://www.forbes.com/companies/nippon-steel-trading/,fullcontact_546,false
http://www.forbes.com/companies/turkish-airlines/,fullcontact_759,false
http://www.forbes.com/companies/east-japan-railway/,fullcontact_724,false
http://www.forbes.com/companies/shenzhen-overseas/,fullcontact_1143,false
http://www.forbes.com/companies/ericsson/,fullcontact_1112,false
http://www.forbes.com/companies/fortescue-metals-group/,fullcontact_335,false
http://www.forbes.com/companies/cnooc/,fullcontact_1150,false
http://www.forbes.com/companies/teva-pharmaceutical/,fullcontact_1495,true
http://www.forbes.com/companies/vinci/,fullcontact_788,false
http://www.forbes.com/companies/enbridge/,fullcontact_1547,false
http://www.forbes.com/companies/ageas/,fullcontact_1255,false
http://www.forbes.com/companies/enbridge/,fullcontact_1472,false
http://www.forbes.com/companies/sumitomo-mitsui-trust/,fullcontact_666,false
http://www.forbes.com/companies/sumitomo-mitsui-trust/,fullcontact_688,false
http://www.forbes.com/companies/stmicroelectronics/,fullcontact_1129,false
http://www.forbes.com/companies/tyco-international/,fullcontact_1048,false
http://www.forbes.com/companies/stmicroelectronics/,fullcontact_1185,false
http://www.forbes.com/companies/asahi-glass/,fullcontact_65,false
http://www.forbes.com/companies/stmicroelectronics/,fullcontact_1767,false
http://www.forbes.com/companies/barrick-gold/,fullcontact_1595,false
http://www.forbes.com/companies/asm-international-nv/,fullcontact_119,false
http://www.forbes.com/companies/turk-telekom/,fullcontact_760,false
http://www.forbes.com/companies/makita/,fullcontact_513,false
http://www.forbes.com/companies/nsk/,fullcontact_546,false
http://www.forbes.com/companies/nsk/,fullcontact_540,false
http://www.forbes.com/companies/nsk/,fullcontact_538,false
http://www.forbes.com/companies/china-national-building/,fullcontact_208,false
http://www.forbes.com/companies/keyence/,fullcontact_450,false
http://www.forbes.com/companies/kone/,fullcontact_453,false
http://www.forbes.com/companies/aeroports-de-paris/,fullcontact_68,false
http://www.forbes.com/companies/aeroports-de-paris/,fullcontact_50,false
http://www.forbes.com/companies/bank-of-communications/,fullcontact_852,false
http://www.forbes.com/companies/nippon-tel-tel/,fullcontact_538,false
http://www.forbes.com/companies/nippon-tel-tel/,fullcontact_540,false
http://www.forbes.com/companies/enel/,fullcontact_293,false
http://www.forbes.com/companies/toyota-industries/,fullcontact_748,false
http://www.forbes.com/companies/finatis/,fullcontact_325,false
http://www.forbes.com/companies/north-pacific-bank/,fullcontact_540,false
http://www.forbes.com/companies/north-pacific-bank/,fullcontact_541,false
http://www.forbes.com/companies/north-pacific-bank/,fullcontact_538,false
http://www.forbes.com/companies/iberdrola/,fullcontact_1162,false
http://www.forbes.com/companies/china-cinda-asset-management/,fullcontact_208,false
http://www.forbes.com/companies/crescent-point-energy/,fullcontact_15,false
http://www.forbes.com/companies/iberdrola/,fullcontact_414,false
http://www.forbes.com/companies/kagoshima-bank/,fullcontact_450,false
http://www.forbes.com/companies/kansai-electric-power/,fullcontact_13,false
http://www.forbes.com/companies/jindal-steel-power/,fullcontact_1065,false
http://www.forbes.com/companies/fortis-canada/,fullcontact_319,false
http://www.forbes.com/companies/pernod-ricard/,fullcontact_609,false
http://www.forbes.com/companies/china-resources-enterprise/,fullcontact_214,false
http://www.forbes.com/companies/china-merchants-holdings/,fullcontact_198,false
http://www.forbes.com/companies/swiss-re/,fullcontact_714,false
http://www.forbes.com/companies/barrick-gold/,fullcontact_172,false
http://www.forbes.com/companies/sodexo/,fullcontact_686,false
http://www.forbes.com/companies/swatch-group/,fullcontact_1129,false
http://www.forbes.com/companies/luzerner-kantonalbank/,fullcontact_1691,false
http://www.forbes.com/companies/cathay-pacific/,fullcontact_1150,false
http://www.forbes.com/companies/cameco/,fullcontact_1754,false
http://www.forbes.com/companies/swiss-re/,fullcontact_673,false
http://www.forbes.com/companies/swiss-re/,fullcontact_661,false
http://www.forbes.com/companies/swiss-re/,fullcontact_652,false
http://www.forbes.com/companies/luzerner-kantonalbank/,fullcontact_1486,false
http://www.forbes.com/companies/city-developments/,fullcontact_190,false
http://www.forbes.com/companies/ashikaga-holdings/,fullcontact_65,false
http://www.forbes.com/companies/cemig/,fullcontact_1611,false
http://www.forbes.com/companies/canadian-tire/,fullcontact_186,false
http://www.forbes.com/companies/china-resources-power/,fullcontact_1150,false
http://www.forbes.com/companies/securitas/,fullcontact_679,false
http://www.forbes.com/companies/securitas/,fullcontact_710,false
http://www.forbes.com/companies/cic-group/,fullcontact_1639,false
http://www.forbes.com/companies/shin-etsu-chemical/,fullcontact_666,false
http://www.forbes.com/companies/shin-etsu-chemical/,fullcontact_688,false
http://www.forbes.com/companies/luzerner-kantonalbank/,fullcontact_1889,false
http://www.forbes.com/companies/shin-etsu-chemical/,fullcontact_690,false
http://www.forbes.com/companies/sumitomo-metal-mining/,fullcontact_1943,false
http://www.forbes.com/companies/sumitomo-metal-mining/,fullcontact_1947,false
http://www.forbes.com/companies/sumitomo-electric/,fullcontact_688,false
http://www.forbes.com/companies/sumitomo-electric/,fullcontact_690,false
http://www.forbes.com/companies/carlsberg/,fullcontact_224,false
http://www.forbes.com/companies/swatch-group/,fullcontact_1767,false
http://www.forbes.com/companies/teck-resources/,fullcontact_668,false
http://www.forbes.com/companies/hm/,fullcontact_383,true
http://www.forbes.com/companies/cielo/,fullcontact_1726,false
http://www.forbes.com/companies/tata-consultancy-services/,fullcontact_1856,false
http://www.forbes.com/companies/china-mobile/,fullcontact_1150,false
http://www.forbes.com/companies/capgemini/,fullcontact_1639,false
http://www.forbes.com/companies/cielo/,fullcontact_1611,false
http://www.forbes.com/companies/amadeus-it-holdings/,fullcontact_47,false
http://www.forbes.com/companies/amadeus-it-holdings/,fullcontact_49,false
http://www.forbes.com/companies/amadeus-it-holdings/,fullcontact_45,false
http://www.forbes.com/companies/teck-resources/,fullcontact_717,false
http://www.forbes.com/companies/teck-resources/,fullcontact_731,false
http://www.forbes.com/companies/talisman-energy/,fullcontact_745,false
http://www.forbes.com/companies/talisman-energy/,fullcontact_731,false
http://www.forbes.com/companies/talisman-energy/,fullcontact_723,false
http://www.forbes.com/companies/atco/,fullcontact_1766,false
http://www.forbes.com/companies/china-national-chemical/,fullcontact_208,false
http://www.forbes.com/companies/empire/,fullcontact_290,false
http://www.forbes.com/companies/canadian-oil-sands/,fullcontact_239,false
http://www.forbes.com/companies/saputo/,fullcontact_1585,false
http://www.forbes.com/companies/teck-resources/,fullcontact_1941,false
http://www.forbes.com/companies/saputo/,fullcontact_1399,false
http://www.forbes.com/companies/dassault-systemes/,fullcontact_1485,false
http://www.forbes.com/companies/saputo/,fullcontact_1654,false
http://www.forbes.com/companies/dassault-aviation/,fullcontact_262,false
http://www.forbes.com/companies/dassault-aviation/,fullcontact_248,false
http://www.forbes.com/companies/brf-brasil-foods/,fullcontact_168,false
http://www.forbes.com/companies/keyence/,fullcontact_13,false
http://www.forbes.com/companies/schindler-holding/,fullcontact_695,false
http://www.forbes.com/companies/schindler-holding/,fullcontact_709,false
http://www.forbes.com/companies/schindler-holding/,fullcontact_712,false
http://www.forbes.com/companies/metro-inc/,fullcontact_487,false
http://www.forbes.com/companies/sojitz/,fullcontact_690,false
http://www.forbes.com/companies/sojitz/,fullcontact_688,false
http://www.forbes.com/companies/cgi-group/,fullcontact_15,false
http://www.forbes.com/companies/nec/,fullcontact_541,false
http://www.forbes.com/companies/chongqing-changan-aut/,fullcontact_208,false
http://www.forbes.com/companies/saputo/,fullcontact_1156,false
http://www.forbes.com/companies/e-l-financial/,fullcontact_289,false
http://www.forbes.com/companies/metro-inc/,fullcontact_886,false
http://www.forbes.com/companies/industrial-alliance-insurance/,fullcontact_429,false
http://www.forbes.com/companies/industrial-alliance-insurance/,fullcontact_408,false
http://www.forbes.com/companies/bbva-banco-bilbao-vizcaya/,fullcontact_131,false
http://www.forbes.com/companies/komatsu/,fullcontact_13,false
http://www.forbes.com/companies/swiss-re/,fullcontact_986,false
http://www.forbes.com/companies/nidec/,fullcontact_541,false
http://www.forbes.com/companies/air-liquide/,fullcontact_68,false
http://www.forbes.com/companies/air-liquide/,fullcontact_50,false
http://www.forbes.com/companies/suntory-beverage-food/,fullcontact_666,false
http://www.forbes.com/companies/zoomlion-heavy-industry/,fullcontact_1792,false
http://www.forbes.com/companies/sun-life-financial/,fullcontact_647,false
http://www.forbes.com/companies/canadian-pacific-railway/,fullcontact_15,false
http://www.forbes.com/companies/china-railway-construction/,fullcontact_208,false
http://www.forbes.com/companies/rexel/,fullcontact_17,false
http://www.forbes.com/companies/china-taiping-insurance/,fullcontact_1150,false
http://www.forbes.com/companies/bce/,fullcontact_172,false
http://www.forbes.com/companies/tomony-holdings/,fullcontact_748,false
http://www.forbes.com/companies/shandong-iron-and-steel/,fullcontact_1143,false
http://www.forbes.com/companies/accor/,fullcontact_81,false
http://www.forbes.com/companies/alpiq-holding/,fullcontact_53,false
http://www.forbes.com/companies/vivendi/,fullcontact_796,false
http://www.forbes.com/companies/transcanada/,fullcontact_723,false
http://www.forbes.com/companies/vivendi/,fullcontact_788,false
http://www.forbes.com/companies/vivendi/,fullcontact_784,false
http://www.forbes.com/companies/transcanada/,fullcontact_731,false
http://www.forbes.com/companies/transcanada/,fullcontact_745,false
http://www.forbes.com/companies/transcanada/,fullcontact_754,true
http://www.forbes.com/companies/alpiq-holding/,fullcontact_43,false
http://www.forbes.com/companies/transcanada/,fullcontact_717,false
http://www.forbes.com/companies/shimizu/,fullcontact_666,false
http://www.forbes.com/companies/encana/,fullcontact_289,false
http://www.forbes.com/companies/shimizu/,fullcontact_690,false
http://www.forbes.com/companies/safran/,fullcontact_638,false
http://www.forbes.com/companies/safran/,fullcontact_686,false
http://www.forbes.com/companies/safran/,fullcontact_655,false
http://www.forbes.com/companies/shanghai-international-port/,fullcontact_1143,false
http://www.forbes.com/companies/jaccs/,fullcontact_438,false
http://www.forbes.com/companies/andritz/,fullcontact_1381,false
http://www.forbes.com/companies/great-wall-technology/,fullcontact_347,false
http://www.forbes.com/companies/terumo/,fullcontact_748,false
http://www.forbes.com/companies/canadian-oil-sands/,fullcontact_2,false
http://www.forbes.com/companies/sun-life-financial/,fullcontact_1585,false
http://www.forbes.com/companies/sun-life-financial/,fullcontact_1654,false
http://www.forbes.com/companies/bankinter/,fullcontact_1448,false
http://www.forbes.com/companies/indian-oil/,fullcontact_1884,false
http://www.forbes.com/companies/couche-tard/,fullcontact_1797,false
http://www.forbes.com/companies/couche-tard/,fullcontact_1754,false
http://www.forbes.com/companies/volksbank/,fullcontact_801,false
http://www.forbes.com/companies/telekom-indonesia/,fullcontact_1777,false
http://www.forbes.com/companies/indian-oil/,fullcontact_1285,false
http://www.forbes.com/companies/akzo-nobel/,fullcontact_1255,false
http://www.forbes.com/companies/adecco/,fullcontact_53,false
http://www.forbes.com/companies/corporation-bank/,fullcontact_1201,false
http://www.forbes.com/companies/jsw-steel/,fullcontact_1065,false
http://www.forbes.com/companies/dassault-aviation/,fullcontact_1485,false
http://www.forbes.com/companies/osaka-gas/,fullcontact_558,false
http://www.forbes.com/companies/kyocera/,fullcontact_450,false
http://www.forbes.com/companies/kyocera/,fullcontact_454,false
http://www.forbes.com/companies/china-resources-enterprise/,fullcontact_1150,false
http://www.forbes.com/companies/stmicroelectronics/,fullcontact_714,false
http://www.forbes.com/companies/stmicroelectronics/,fullcontact_712,false
http://www.forbes.com/companies/kawasaki-kisen-kaisha/,fullcontact_461,false
http://www.forbes.com/companies/kawasaki-kisen-kaisha/,fullcontact_450,false
http://www.forbes.com/companies/tokyo-electric-power/,fullcontact_748,false
http://www.forbes.com/companies/stmicroelectronics/,fullcontact_986,false
http://www.forbes.com/companies/showa-shell-sekiyu/,fullcontact_688,false
http://www.forbes.com/companies/showa-shell-sekiyu/,fullcontact_690,false
http://www.forbes.com/companies/sekisui-house/,fullcontact_690,false
http://www.forbes.com/companies/sekisui-house/,fullcontact_666,false
http://www.forbes.com/companies/sumitomo-corp/,fullcontact_1943,false
http://www.forbes.com/companies/sumitomo-corp/,fullcontact_1947,false
http://www.forbes.com/companies/senshu-ikeda-holdings/,fullcontact_1947,false
http://www.forbes.com/companies/tim-hortons/,fullcontact_731,false
http://www.forbes.com/companies/capgemini/,fullcontact_196,false
http://www.forbes.com/companies/tim-hortons/,fullcontact_717,false
http://www.forbes.com/companies/tim-hortons/,fullcontact_723,false
http://www.forbes.com/companies/dubai-islamic-bank/,fullcontact_1729,false
http://www.forbes.com/companies/shin-etsu-chemical/,fullcontact_1947,false
http://www.forbes.com/companies/shin-etsu-chemical/,fullcontact_1943,false
http://www.forbes.com/companies/capgemini/,fullcontact_238,false
http://www.forbes.com/companies/banca-popolare-di-sondrio/,fullcontact_1483,false
http://www.forbes.com/companies/capgemini/,fullcontact_853,false
http://www.forbes.com/companies/danone/,fullcontact_251,false
http://www.forbes.com/companies/actavis/,fullcontact_74,false
http://www.forbes.com/companies/td-holdings/,fullcontact_748,false
http://www.forbes.com/companies/laurentian-bank/,fullcontact_1681,false
http://www.forbes.com/companies/msad-insurance/,fullcontact_513,false
http://www.forbes.com/companies/telekom-indonesia/,fullcontact_1148,false
http://www.forbes.com/companies/cheung-kong-holdings/,fullcontact_1150,false
http://www.forbes.com/companies/ackermans-van-haaren/,fullcontact_1414,false
http://www.forbes.com/companies/nokia/,fullcontact_533,false
http://www.forbes.com/companies/china-yangtze-power/,fullcontact_208,false
http://www.forbes.com/companies/air-france-klm/,fullcontact_106,false
http://www.forbes.com/companies/air-france-klm/,fullcontact_118,false
http://www.forbes.com/companies/konica-minolta/,fullcontact_13,false
http://www.forbes.com/companies/laurentian-bank/,fullcontact_1155,false
http://www.forbes.com/companies/sinohydro-group/,fullcontact_1143,false
http://www.forbes.com/companies/cathay-pacific/,fullcontact_214,false
http://www.forbes.com/companies/prada/,fullcontact_590,false
http://www.forbes.com/companies/china-mobile/,fullcontact_198,false
http://www.forbes.com/companies/china-mobile/,fullcontact_214,false
http://www.forbes.com/companies/orient/,fullcontact_558,false
http://www.forbes.com/companies/telstra/,fullcontact_751,false
http://www.forbes.com/companies/prada/,fullcontact_608,false
http://www.forbes.com/companies/dcc/,fullcontact_267,false
http://www.forbes.com/companies/oriental-land/,fullcontact_558,false
http://www.forbes.com/companies/sasol/,fullcontact_702,false
http://www.forbes.com/companies/assa-abloy/,fullcontact_71,false
http://www.forbes.com/companies/sasol/,fullcontact_644,false
http://www.forbes.com/companies/nippon-paper-industries/,fullcontact_546,false
http://www.forbes.com/companies/nippon-paper-industries/,fullcontact_541,false
http://www.forbes.com/companies/sca/,fullcontact_710,false
http://www.forbes.com/companies/orix/,fullcontact_558,false
http://www.forbes.com/companies/idbi-bank/,fullcontact_418,false
http://www.forbes.com/companies/couche-tard/,fullcontact_186,false
http://www.forbes.com/companies/crescent-point-energy/,fullcontact_1044,false
http://www.forbes.com/companies/bharat-heavy-electricals/,fullcontact_1588,false
http://www.forbes.com/companies/sumitomo-mitsui-trust/,fullcontact_1943,false
http://www.forbes.com/companies/great-wall-motor/,fullcontact_347,false
http://www.forbes.com/companies/bankinter/,fullcontact_131,false
http://www.forbes.com/companies/eurazeo/,fullcontact_292,false
http://www.forbes.com/companies/cnp-assurances/,fullcontact_188,false
http://www.forbes.com/companies/bank-of-queensland/,fullcontact_151,false
http://www.forbes.com/companies/citic-securities/,fullcontact_208,false
http://www.forbes.com/companies/lindt-sprungli/,fullcontact_470,false
http://www.forbes.com/companies/sbi-holdings/,fullcontact_690,false
http://www.forbes.com/companies/sbi-holdings/,fullcontact_688,false
http://www.forbes.com/companies/ping-an-insurance/,fullcontact_1516,true
http://www.forbes.com/companies/canadian-tire/,fullcontact_1044,false
http://www.forbes.com/companies/shikoku-bank/,fullcontact_1943,false
http://www.forbes.com/companies/banca-popolare-di-milano/,fullcontact_1483,false
http://www.forbes.com/companies/prysmian/,fullcontact_590,false
http://www.forbes.com/companies/nikon/,fullcontact_546,false
http://www.forbes.com/companies/nikon/,fullcontact_538,false
http://www.forbes.com/companies/abengoa/,fullcontact_1926,false
http://www.forbes.com/companies/cnp-assurances/,fullcontact_853,false
http://www.forbes.com/companies/crescent-point-energy/,fullcontact_1549,false
http://www.forbes.com/companies/odakyu-electric-railway/,fullcontact_558,false
http://www.forbes.com/companies/empresa-de-energia-de-bogota/,fullcontact_280,false
http://www.forbes.com/companies/canadian-tire/,fullcontact_1797,false
http://www.forbes.com/companies/canadian-tire/,fullcontact_1754,false
http://www.forbes.com/companies/goldcorp/,fullcontact_1603,false
http://www.forbes.com/companies/fortum/,fullcontact_1013,false
http://www.forbes.com/companies/abengoa/,fullcontact_49,false
http://www.forbes.com/companies/abengoa/,fullcontact_47,false
http://www.forbes.com/companies/hdfc/,fullcontact_371,false
http://www.forbes.com/companies/neste-oil/,fullcontact_545,false
http://www.forbes.com/companies/kubota/,fullcontact_450,false
http://www.forbes.com/companies/kubota/,fullcontact_461,false
http://www.forbes.com/companies/sumitomo-chemical/,fullcontact_690,false
http://www.forbes.com/companies/sumitomo-chemical/,fullcontact_688,false
http://www.forbes.com/companies/sodexo/,fullcontact_1360,false
http://www.forbes.com/companies/suning-appliance/,fullcontact_1143,false
http://www.forbes.com/companies/banca-carige/,fullcontact_1483,false
http://www.forbes.com/companies/hm/,fullcontact_19,false
http://www.forbes.com/companies/medipal-holdings/,fullcontact_513,false
http://www.forbes.com/companies/shanxi-taigang-stainless/,fullcontact_1143,false
http://www.forbes.com/companies/mizrahi-tefahot-bank/,fullcontact_1537,false
http://www.forbes.com/companies/acciona/,fullcontact_1926,false
http://www.forbes.com/companies/bajaj-auto/,fullcontact_1588,false
http://www.forbes.com/companies/china-resources-power/,fullcontact_198,false
http://www.forbes.com/companies/dassault-systemes/,fullcontact_248,false
http://www.forbes.com/companies/dassault-systemes/,fullcontact_251,false
http://www.forbes.com/companies/china-resources-power/,fullcontact_214,false
http://www.forbes.com/companies/basler-kantonalbank/,fullcontact_130,false
http://www.forbes.com/companies/nishi-nippon-city-bank/,fullcontact_546,false
http://www.forbes.com/companies/tenaga-nasional/,fullcontact_1711,true
http://www.forbes.com/companies/banco-de-sabadell/,fullcontact_1448,true
http://www.forbes.com/companies/lukoil/,fullcontact_1342,true
http://www.forbes.com/companies/vimpelcom/,fullcontact_795,true
http://www.forbes.com/companies/goldcorp/,fullcontact_357,true
http://www.forbes.com/companies/tata-motors/,fullcontact_1148,false
http://www.forbes.com/companies/mitsubishi-materials/,fullcontact_513,true
http://www.forbes.com/companies/swatch-group/,fullcontact_661,false
http://www.forbes.com/companies/swatch-group/,fullcontact_652,false
http://www.forbes.com/companies/axa-group/,fullcontact_50,false
http://www.forbes.com/companies/grupo-argos/,fullcontact_364,false
http://www.forbes.com/companies/grupo-argos/,fullcontact_365,false
http://www.forbes.com/companies/japan-airlines/,fullcontact_1221,false
http://www.forbes.com/companies/tata-steel/,fullcontact_1148,false
http://www.forbes.com/companies/lloyds-banking-group/,fullcontact_482,true
http://www.forbes.com/companies/krung-thai-bank/,fullcontact_449,false
http://www.forbes.com/companies/mitsubishi-ufj-financial/,fullcontact_513,true
http://www.forbes.com/companies/swiss-life-holding/,fullcontact_712,false
http://www.forbes.com/companies/mitsubishi-ufj-lease/,fullcontact_513,true
http://www.forbes.com/companies/shiga-bank/,fullcontact_666,false
http://www.forbes.com/companies/e-l-financial/,fullcontact_1879,false
http://www.forbes.com/companies/cenovus-energy/,fullcontact_239,false
http://www.forbes.com/companies/jsw-steel/,fullcontact_440,false
http://www.forbes.com/companies/norfolk-southern/,fullcontact_551,true
http://www.forbes.com/companies/moodys/,fullcontact_926,false
http://www.forbes.com/companies/walt-disney/,fullcontact_1258,false
http://www.forbes.com/companies/china-cnr/,fullcontact_208,false
http://www.forbes.com/companies/toyota-boshoku/,fullcontact_751,true
http://www.forbes.com/companies/china-communications-services/,fullcontact_208,false
http://www.forbes.com/companies/china-communications-construction/,fullcontact_208,false
http://www.forbes.com/companies/reliance-industries/,fullcontact_1396,false
http://www.forbes.com/companies/china-international-marine/,fullcontact_208,false
http://www.forbes.com/companies/china-merchants-property/,fullcontact_208,false
http://www.forbes.com/companies/china-citic-bank/,fullcontact_208,false
http://www.forbes.com/companies/peoples-united-financial/,fullcontact_1574,true
http://www.forbes.com/companies/beam/,fullcontact_1196,true
http://www.forbes.com/companies/motorola-solutions/,fullcontact_1756,false
http://www.forbes.com/companies/tripadvisor/,fullcontact_755,true
http://www.forbes.com/companies/nissan-motor/,fullcontact_1836,true
http://www.forbes.com/companies/bank-of-america/,fullcontact_136,false
http://www.forbes.com/companies/bank-of-america/,fullcontact_852,false
http://www.forbes.com/companies/bank-of-montreal/,fullcontact_136,false
http://www.forbes.com/companies/alaska-air-group/,fullcontact_64,false
http://www.forbes.com/companies/bank-of-montreal/,fullcontact_852,false
http://www.forbes.com/companies/bayer/,fullcontact_139,true
http://www.forbes.com/companies/remgro/,fullcontact_621,true
http://www.forbes.com/companies/capita/,fullcontact_189,true
http://www.forbes.com/companies/rockwell-collins/,fullcontact_630,true
http://www.forbes.com/companies/ibm/,fullcontact_407,true
http://www.forbes.com/companies/woolworths/,fullcontact_792,true
http://www.forbes.com/companies/etisalat/,fullcontact_303,true
http://www.forbes.com/companies/hammerson/,fullcontact_369,true
http://www.forbes.com/companies/ubs/,fullcontact_765,true
http://www.forbes.com/companies/weg/,fullcontact_811,true
http://www.forbes.com/companies/sherwin-williams/,fullcontact_663,true
http://www.forbes.com/companies/silver-wheaton/,fullcontact_1724,true
http://www.forbes.com/companies/bbt/,fullcontact_141,true
http://www.forbes.com/companies/vallourec/,fullcontact_784,true
http://www.forbes.com/companies/turkcell/,fullcontact_759,true
http://www.forbes.com/companies/tokyo-electron/,fullcontact_724,true
http://www.forbes.com/companies/sse/,fullcontact_34,true
http://www.forbes.com/companies/apple/,fullcontact_102,true
http://www.forbes.com/companies/aon/,fullcontact_101,true
http://www.forbes.com/companies/omron/,fullcontact_558,true
http://www.forbes.com/companies/shinsei-bank/,fullcontact_666,true
http://www.forbes.com/companies/finmeccanica/,fullcontact_318,true
http://www.forbes.com/companies/protective-life/,fullcontact_604,true
http://www.forbes.com/companies/salzgitter/,fullcontact_640,true
http://www.forbes.com/companies/hewlett-packard/,fullcontact_389,true
http://www.forbes.com/companies/vestas-wind-systems/,fullcontact_793,true
http://www.forbes.com/companies/assa-abloy/,fullcontact_112,true
http://www.forbes.com/companies/clorox/,fullcontact_220,true
http://www.forbes.com/companies/seb/,fullcontact_362,true
http://www.forbes.com/companies/paccar/,fullcontact_570,true
http://www.forbes.com/companies/beam/,fullcontact_145,false
http://www.forbes.com/companies/paychex/,fullcontact_576,true
http://www.forbes.com/companies/turkish-airlines/,fullcontact_760,true
http://www.forbes.com/companies/clariant/,fullcontact_218,true
http://www.forbes.com/companies/pentair/,fullcontact_579,true
http://www.forbes.com/companies/actavis/,fullcontact_75,true
http://www.forbes.com/companies/wilmar-international/,fullcontact_820,true
http://www.forbes.com/companies/eqt/,fullcontact_297,true
http://www.forbes.com/companies/telenor/,fullcontact_728,true
http://www.forbes.com/companies/iberdrola/,fullcontact_406,true
http://www.forbes.com/companies/equity-residential/,fullcontact_299,true
http://www.forbes.com/companies/bunzl/,fullcontact_176,true
http://www.forbes.com/companies/maxim-integrated-products/,fullcontact_493,true
http://www.forbes.com/companies/oreilly-automotive/,fullcontact_563,true
http://www.forbes.com/companies/pepsico/,fullcontact_580,true
http://www.forbes.com/companies/delek-group/,fullcontact_255,true
http://www.forbes.com/companies/centurylink/,fullcontact_205,true
http://www.forbes.com/companies/stora-enso/,fullcontact_703,true
http://www.forbes.com/companies/dassault-aviation/,fullcontact_251,true
http://www.forbes.com/companies/bristol-myers-squibb/,fullcontact_157,true
http://www.forbes.com/companies/bank-of-america/,fullcontact_134,true
http://www.forbes.com/companies/k-plus-s/,fullcontact_465,true
http://www.forbes.com/companies/schlumberger/,fullcontact_682,true
http://www.forbes.com/companies/manulife-financial/,fullcontact_487,true
http://www.forbes.com/companies/ecolab/,fullcontact_279,true
http://www.forbes.com/companies/hsbc-holdings/,fullcontact_390,true
http://www.forbes.com/companies/intesa-sanpaolo/,fullcontact_425,true
http://www.forbes.com/companies/two-harbors-investment/,fullcontact_762,true
http://www.forbes.com/companies/strabag/,fullcontact_704,true
http://www.forbes.com/companies/telstra/,fullcontact_730,true
http://www.forbes.com/companies/rwe-group/,fullcontact_634,true
http://www.forbes.com/companies/intuit/,fullcontact_426,true
http://www.forbes.com/companies/alcatel-lucent/,fullcontact_68,true
http://www.forbes.com/companies/visteon/,fullcontact_797,true
http://www.forbes.com/companies/gkn/,fullcontact_355,true
http://www.forbes.com/companies/sharp/,fullcontact_662,true
http://www.forbes.com/companies/schneider-electric/,fullcontact_653,true
http://www.forbes.com/companies/safran/,fullcontact_637,false
http://www.forbes.com/companies/dish-network/,fullcontact_264,true
http://www.forbes.com/companies/wells-fargo/,fullcontact_812,true
http://www.forbes.com/companies/siemens/,fullcontact_670,true
http://www.forbes.com/companies/thomson-reuters/,fullcontact_35,true
http://www.forbes.com/companies/alfa/,fullcontact_70,true
http://www.forbes.com/companies/isbank/,fullcontact_431,true
http://www.forbes.com/companies/dentsu/,fullcontact_257,true
http://www.forbes.com/companies/panasonic/,fullcontact_572,true
http://www.forbes.com/companies/nec/,fullcontact_531,true
http://www.forbes.com/companies/citigroup/,fullcontact_215,true
http://www.forbes.com/companies/vodafone/,fullcontact_800,true
http://www.forbes.com/companies/dean-foods/,fullcontact_254,true
http://www.forbes.com/companies/taiwan-semiconductor/,fullcontact_11,true
http://www.forbes.com/companies/banca-carige/,fullcontact_367,true
http://www.forbes.com/companies/hdfc/,fullcontact_372,true
http://www.forbes.com/companies/general-motors/,fullcontact_1172,true
http://www.forbes.com/companies/gazprom/,fullcontact_342,true
http://www.forbes.com/companies/aramark/,fullcontact_104,true
http://www.forbes.com/companies/diageo/,fullcontact_260,true
http://www.forbes.com/companies/saint-gobain/,fullcontact_638,true
http://www.forbes.com/companies/dsm/,fullcontact_271,true
http://www.forbes.com/companies/mapfre/,fullcontact_488,true
http://www.forbes.com/companies/markel/,fullcontact_489,true
http://www.forbes.com/companies/vmware/,fullcontact_799,true
http://www.forbes.com/companies/eutelsat-communications/,fullcontact_305,true
http://www.forbes.com/companies/pernod-ricard/,fullcontact_29,true
http://www.forbes.com/companies/southern-co/,fullcontact_694,true
http://www.forbes.com/companies/nucor/,fullcontact_554,true
http://www.forbes.com/companies/goodyear/,fullcontact_358,true
http://www.forbes.com/companies/inchcape/,fullcontact_413,true
http://www.forbes.com/companies/mtr/,fullcontact_500,true
http://www.forbes.com/companies/ncc-group/,fullcontact_529,true
http://www.forbes.com/companies/agl-resources/,fullcontact_60,true
http://www.forbes.com/companies/avnet/,fullcontact_125,true
http://www.forbes.com/companies/aurubis/,fullcontact_119,true
http://www.forbes.com/companies/public-storage/,fullcontact_610,true
http://www.forbes.com/companies/philips/,fullcontact_588,true
http://www.forbes.com/companies/genting/,fullcontact_350,true
http://www.forbes.com/companies/skanska/,fullcontact_679,true
http://www.forbes.com/companies/cathay-pacific/,fullcontact_198,true
http://www.forbes.com/companies/stryker/,fullcontact_705,true
http://www.forbes.com/companies/textron/,fullcontact_739,true
http://www.forbes.com/companies/humana/,fullcontact_402,true
http://www.forbes.com/companies/technip/,fullcontact_722,true
http://www.forbes.com/companies/cigna/,fullcontact_213,true
http://www.forbes.com/companies/bp/,fullcontact_166,true
http://www.forbes.com/companies/united-parcel-service/,fullcontact_779,true
http://www.forbes.com/companies/conagra-foods/,fullcontact_228,true
http://www.forbes.com/companies/ntpc/,fullcontact_553,true
http://www.forbes.com/companies/nidec/,fullcontact_538,true
http://www.forbes.com/companies/ingram-micro/,fullcontact_419,true
http://www.forbes.com/companies/chubb/,fullcontact_211,true
http://www.forbes.com/companies/johnson-controls/,fullcontact_443,true
http://www.forbes.com/companies/itv/,fullcontact_435,true
http://www.forbes.com/companies/seadrill/,fullcontact_657,true
http://www.forbes.com/companies/autozone/,fullcontact_121,true
http://www.forbes.com/companies/crescent-point-energy/,fullcontact_239,true
http://www.forbes.com/companies/mylan/,fullcontact_525,true
http://www.forbes.com/companies/sanofi/,fullcontact_645,true
http://www.forbes.com/companies/galaxy-entertainment/,fullcontact_337,true
http://www.forbes.com/companies/wisconsin-energy/,fullcontact_810,true
http://www.forbes.com/companies/tenaris/,fullcontact_732,true
http://www.forbes.com/companies/baywa/,fullcontact_140,true
http://www.forbes.com/companies/northrop-grumman/,fullcontact_548,true
http://www.forbes.com/companies/vale/,fullcontact_783,true
http://www.forbes.com/companies/intuitive-surgical/,fullcontact_427,true
http://www.forbes.com/companies/schroders/,fullcontact_654,true
http://www.forbes.com/companies/kotak-mahindra-bank/,fullcontact_464,true
http://www.forbes.com/companies/firstenergy/,fullcontact_319,true
http://www.forbes.com/companies/cablevision/,fullcontact_182,true
http://www.forbes.com/companies/amp/,fullcontact_721,true
http://www.forbes.com/companies/thales/,fullcontact_740,true
http://www.forbes.com/companies/electrolux-group/,fullcontact_284,true
http://www.forbes.com/companies/yahoo/,fullcontact_836,true
http://www.forbes.com/companies/astrazeneca/,fullcontact_114,true
http://www.forbes.com/companies/vinci/,fullcontact_796,true
http://www.forbes.com/companies/rexel/,fullcontact_623,true
http://www.forbes.com/companies/fresenius/,fullcontact_330,true
http://www.forbes.com/companies/sodexo/,fullcontact_687,true
http://www.forbes.com/companies/aetna/,fullcontact_58,true
http://www.forbes.com/companies/sm-investments/,fullcontact_683,true
http://www.forbes.com/companies/ameren/,fullcontact_87,true
http://www.forbes.com/companies/alpha-bank/,fullcontact_80,true
http://www.forbes.com/companies/safeway/,fullcontact_636,true
http://www.forbes.com/companies/tdk/,fullcontact_720,true
http://www.forbes.com/companies/hcl-technologies/,fullcontact_371,true
http://www.forbes.com/companies/carrefour/,fullcontact_196,true
http://www.forbes.com/companies/united-utilities/,fullcontact_774,true
http://www.forbes.com/companies/nikon/,fullcontact_540,true
http://www.forbes.com/companies/lagardere/,fullcontact_471,true
http://www.forbes.com/companies/frontier-communications/,fullcontact_331,true
http://www.forbes.com/companies/carlsberg/,fullcontact_193,true
http://www.forbes.com/companies/accenture/,fullcontact_48,true
http://www.forbes.com/companies/nike/,fullcontact_539,true
http://www.forbes.com/companies/prologis/,fullcontact_603,true
http://www.forbes.com/companies/akbank/,fullcontact_66,true
http://www.forbes.com/companies/cbs/,fullcontact_199,true
http://www.forbes.com/companies/tesco/,fullcontact_737,true
http://www.forbes.com/companies/stmicroelectronics/,fullcontact_695,true
http://www.forbes.com/companies/facebook/,fullcontact_309,true
http://www.forbes.com/companies/bridgestone/,fullcontact_170,true
http://www.forbes.com/companies/hyosung/,fullcontact_404,true
http://www.forbes.com/companies/hollyfrontier/,fullcontact_385,true
http://www.forbes.com/companies/lg-electronics/,fullcontact_476,true
http://www.forbes.com/companies/alstom/,fullcontact_81,true
http://www.forbes.com/companies/kia-motors/,fullcontact_455,true
http://www.forbes.com/companies/fbn-holdings/,fullcontact_315,true
http://www.forbes.com/companies/bbmg/,fullcontact_1,true
http://www.forbes.com/companies/hindustan-petroleum/,fullcontact_381,true
http://www.forbes.com/companies/wynn-resorts/,fullcontact_831,true
http://www.forbes.com/companies/coach/,fullcontact_38,true
http://www.forbes.com/companies/sysco/,fullcontact_715,true
http://www.forbes.com/companies/shimizu/,fullcontact_665,true
http://www.forbes.com/companies/abb/,fullcontact_43,true
http://www.forbes.com/companies/sika/,fullcontact_673,true
http://www.forbes.com/companies/lear/,fullcontact_473,true
http://www.forbes.com/companies/popular/,fullcontact_594,true
http://www.forbes.com/companies/liberty-global/,fullcontact_478,true
http://www.forbes.com/companies/ugi/,fullcontact_767,true
http://www.forbes.com/companies/chipotle-mexican-grill/,fullcontact_210,true
http://www.forbes.com/companies/american-tower/,fullcontact_89,true
http://www.forbes.com/companies/konica-minolta/,fullcontact_463,true
http://www.forbes.com/companies/delhaize-group/,fullcontact_256,true
http://www.forbes.com/companies/ppg-industries/,fullcontact_7,true
http://www.forbes.com/companies/mondelez-international/,fullcontact_516,true
http://www.forbes.com/companies/lorillard/,fullcontact_624,true
http://www.forbes.com/companies/bankinter/,fullcontact_132,true
http://www.forbes.com/companies/health-care-reit/,fullcontact_787,true
http://www.forbes.com/companies/jgc/,fullcontact_439,true
http://www.forbes.com/companies/bharat-petroleum/,fullcontact_150,true
http://www.forbes.com/companies/cameco/,fullcontact_186,true
http://www.forbes.com/companies/amdocs/,fullcontact_86,true
http://www.forbes.com/companies/holcim/,fullcontact_384,true
http://www.forbes.com/companies/mitsubishi-electric/,fullcontact_514,false
http://www.forbes.com/companies/basf/,fullcontact_138,true
http://www.forbes.com/companies/b-e-aerospace/,fullcontact_144,true
http://www.forbes.com/companies/cit-group/,fullcontact_2,true
http://www.forbes.com/companies/entergy/,fullcontact_295,true
http://www.forbes.com/companies/nippon-express/,fullcontact_542,true
http://www.forbes.com/companies/equifax/,fullcontact_298,true
http://www.forbes.com/companies/anadolu-efes/,fullcontact_95,true
http://www.forbes.com/companies/lanxess/,fullcontact_1303,false
http://www.forbes.com/companies/ebay/,fullcontact_1861,false
http://www.forbes.com/companies/deutsche-bank/,fullcontact_56,false
http://www.forbes.com/companies/secom/,fullcontact_905,false
http://www.forbes.com/companies/blackrock/,fullcontact_423,false
http://www.forbes.com/companies/concho-resources/,fullcontact_1925,false
http://www.forbes.com/companies/alleghany/,fullcontact_976,false
http://www.forbes.com/companies/lloyds-banking-group/,fullcontact_1143,false
http://www.forbes.com/companies/galp-energia/,fullcontact_1669,false
http://www.forbes.com/companies/first-quantum-minerals/,fullcontact_1034,false
http://www.forbes.com/companies/vinci/,fullcontact_619,false
http://www.forbes.com/companies/neste-oil/,fullcontact_1515,false
http://www.forbes.com/companies/canadian-natural-resources/,fullcontact_562,false
http://www.forbes.com/companies/vopak/,fullcontact_741,false
http://www.forbes.com/companies/vivendi/,fullcontact_270,false
http://www.forbes.com/companies/barclays/,fullcontact_626,false
http://www.forbes.com/companies/ls-corp/,fullcontact_1100,false
http://www.forbes.com/companies/aisin-seiki/,fullcontact_646,false
http://www.forbes.com/companies/mondelez-international/,fullcontact_1641,false
http://www.forbes.com/companies/concho-resources/,fullcontact_1381,false
http://www.forbes.com/companies/uniqa/,fullcontact_133,false
http://www.forbes.com/companies/micron-technology/,fullcontact_888,false
http://www.forbes.com/companies/aia-group/,fullcontact_1647,false
http://www.forbes.com/companies/lincoln-national/,fullcontact_1898,false
http://www.forbes.com/companies/mobily/,fullcontact_215,false
http://www.forbes.com/companies/liberbank/,fullcontact_406,false
http://www.forbes.com/companies/canadian-natural-resources/,fullcontact_1966,false
http://www.forbes.com/companies/weyerhaeuser/,fullcontact_129,false
http://www.forbes.com/companies/new-world-development/,fullcontact_184,false
http://www.forbes.com/companies/bidvest-group/,fullcontact_402,false
http://www.forbes.com/companies/vopak/,fullcontact_1109,false
http://www.forbes.com/companies/hysan-development/,fullcontact_630,false
http://www.forbes.com/companies/reliance-industries/,fullcontact_536,false
http://www.forbes.com/companies/japan-exchange-group/,fullcontact_243,false
http://www.forbes.com/companies/beiersdorf/,fullcontact_162,false
http://www.forbes.com/companies/towers-watson/,fullcontact_1571,false
http://www.forbes.com/companies/ytl/,fullcontact_1001,false
http://www.forbes.com/companies/abertis/,fullcontact_826,false
http://www.forbes.com/companies/las-vegas-sands/,fullcontact_467,false
http://www.forbes.com/companies/catamaran/,fullcontact_1738,false
http://www.forbes.com/companies/henry-schein/,fullcontact_1261,false
http://www.forbes.com/companies/suzuken/,fullcontact_344,false
http://www.forbes.com/companies/sysco/,fullcontact_1045,false
http://www.forbes.com/companies/korean-air/,fullcontact_1025,false
http://www.forbes.com/companies/toyota-tsusho/,fullcontact_933,false
http://www.forbes.com/companies/jardine-matheson/,fullcontact_230,false
http://www.forbes.com/companies/apple/,fullcontact_461,false
http://www.forbes.com/companies/wyndham-worldwide/,fullcontact_667,false
http://www.forbes.com/companies/soho-china/,fullcontact_1661,false
http://www.forbes.com/companies/bce/,fullcontact_1374,false
http://www.forbes.com/companies/sjm-holdings/,fullcontact_1586,false
http://www.forbes.com/companies/cencosud/,fullcontact_1504,false
http://www.forbes.com/companies/annaly-capital-management/,fullcontact_369,false
http://www.forbes.com/companies/beiersdorf/,fullcontact_1590,false
http://www.forbes.com/companies/hartford-financial-services/,fullcontact_655,false
http://www.forbes.com/companies/sandvik/,fullcontact_1171,false
http://www.forbes.com/companies/cameco/,fullcontact_986,false
http://www.forbes.com/companies/imperial-holdings/,fullcontact_1628,false
http://www.forbes.com/companies/deutsche-lufthansa/,fullcontact_1189,false
http://www.forbes.com/companies/cvr-energy/,fullcontact_711,false
http://www.forbes.com/companies/etisalat/,fullcontact_420,false
http://www.forbes.com/companies/randstad-holding/,fullcontact_1559,false
http://www.forbes.com/companies/praxair/,fullcontact_1366,false
http://www.forbes.com/companies/ohl-group/,fullcontact_1225,false
http://www.forbes.com/companies/union-bank-of-india/,fullcontact_1013,false
http://www.forbes.com/companies/wipro/,fullcontact_1448,false
http://www.forbes.com/companies/qatar-islamic-bank/,fullcontact_1911,false
http://www.forbes.com/companies/alcoa/,fullcontact_1292,false
http://www.forbes.com/companies/yandex-nv/,fullcontact_1066,false
http://www.forbes.com/companies/vtb-bank/,fullcontact_245,false
http://www.forbes.com/companies/siemens/,fullcontact_1495,false
http://www.forbes.com/companies/computer-sciences/,fullcontact_627,false
http://www.forbes.com/companies/technip/,fullcontact_1393,false
http://www.forbes.com/companies/csr/,fullcontact_1646,false
http://www.forbes.com/companies/pall/,fullcontact_1233,false
http://www.forbes.com/companies/atco/,fullcontact_1166,false
http://www.forbes.com/companies/a2a/,fullcontact_873,false
http://www.forbes.com/companies/surgutneftegas/,fullcontact_1087,false
http://www.forbes.com/companies/cic-group/,fullcontact_783,false
http://www.forbes.com/companies/carnival/,fullcontact_520,false
http://www.forbes.com/companies/china-pacific-insurance/,fullcontact_1829,false
http://www.forbes.com/companies/marathon-petroleum/,fullcontact_1758,false
http://www.forbes.com/companies/royal-caribbean-cruises/,fullcontact_113,false
http://www.forbes.com/companies/brown-forman/,fullcontact_1176,false
http://www.forbes.com/companies/enbridge/,fullcontact_444,false
http://www.forbes.com/companies/ingram-micro/,fullcontact_968,false
http://www.forbes.com/companies/sca/,fullcontact_573,false
http://www.forbes.com/companies/balfour-beatty/,fullcontact_1265,false
http://www.forbes.com/companies/bank-of-india/,fullcontact_550,false
http://www.forbes.com/companies/hsbc-holdings/,fullcontact_1155,false
http://www.forbes.com/companies/exxon-mobil/,fullcontact_1771,false
http://www.forbes.com/companies/neste-oil/,fullcontact_1895,false
http://www.forbes.com/companies/hiroshima-bank/,fullcontact_349,false
http://www.forbes.com/companies/bunge/,fullcontact_1568,false
http://www.forbes.com/companies/jpmorgan-chase/,fullcontact_1131,false
http://www.forbes.com/companies/ameriprise-financial/,fullcontact_1633,false
http://www.forbes.com/companies/turkish-airlines/,fullcontact_1018,false
http://www.forbes.com/companies/tokyu/,fullcontact_328,false
http://www.forbes.com/companies/seb/,fullcontact_797,false
http://www.forbes.com/companies/schindler-holding/,fullcontact_1695,false
http://www.forbes.com/companies/scripps-networks-interactive/,fullcontact_485,false
http://www.forbes.com/companies/anheuser-busch-inbev/,fullcontact_1593,false
http://www.forbes.com/companies/taiwan-mobile/,fullcontact_532,false
http://www.forbes.com/companies/liberbank/,fullcontact_702,false
http://www.forbes.com/companies/kirin-holdings/,fullcontact_1717,false
http://www.forbes.com/companies/raiffeisen-bank-international/,fullcontact_516,false
http://www.forbes.com/companies/marathon-petroleum/,fullcontact_1742,false
http://www.forbes.com/companies/tasnee/,fullcontact_1659,false
http://www.forbes.com/companies/power-finance/,fullcontact_3,false
http://www.forbes.com/companies/ace/,fullcontact_933,false
http://www.forbes.com/companies/mobily/,fullcontact_1324,false
http://www.forbes.com/companies/hanjin-shipping/,fullcontact_303,false
http://www.forbes.com/companies/varian-medical-systems/,fullcontact_1661,false
http://www.forbes.com/companies/scor/,fullcontact_776,false
http://www.forbes.com/companies/hebei-iron-steel/,fullcontact_826,false
http://www.forbes.com/companies/vf/,fullcontact_1935,false
http://www.forbes.com/companies/konica-minolta/,fullcontact_229,false
http://www.forbes.com/companies/ses/,fullcontact_871,false
http://www.forbes.com/companies/entergy/,fullcontact_1475,false
http://www.forbes.com/companies/arrow-electronics/,fullcontact_1213,false
http://www.forbes.com/companies/st-jude-medical/,fullcontact_1657,false
http://www.forbes.com/companies/renault/,fullcontact_103,false
http://www.forbes.com/companies/shinhan-financial-group/,fullcontact_285,false
http://www.forbes.com/companies/aurubis/,fullcontact_767,false
http://www.forbes.com/companies/arcelormittal/,fullcontact_711,false
http://www.forbes.com/companies/peabody-energy/,fullcontact_726,false
http://www.forbes.com/companies/vivendi/,fullcontact_448,false
http://www.forbes.com/companies/sika/,fullcontact_1639,false
http://www.forbes.com/companies/siemens/,fullcontact_1102,false
http://www.forbes.com/companies/dia/,fullcontact_3,false
http://www.forbes.com/companies/cit-group/,fullcontact_1601,false
http://www.forbes.com/companies/northern-trust/,fullcontact_460,false
http://www.forbes.com/companies/ashland/,fullcontact_25,false
http://www.forbes.com/companies/gecina/,fullcontact_1943,false
http://www.forbes.com/companies/isuzu-motors/,fullcontact_851,false
http://www.forbes.com/companies/panasonic/,fullcontact_1056,false
http://www.forbes.com/companies/lg-electronics/,fullcontact_1845,false
http://www.forbes.com/companies/coca-cola/,fullcontact_814,false
http://www.forbes.com/companies/kpn/,fullcontact_1062,false
http://www.forbes.com/companies/deutsche-bank/,fullcontact_1324,false
http://www.forbes.com/companies/wilmar-international/,fullcontact_1284,false
http://www.forbes.com/companies/solvay/,fullcontact_1002,false
http://www.forbes.com/companies/grupo-argos/,fullcontact_1467,false
http://www.forbes.com/companies/kb-financial-group/,fullcontact_1011,false
http://www.forbes.com/companies/sk-hynix/,fullcontact_1213,false
http://www.forbes.com/companies/delta-lloyd/,fullcontact_1611,false
http://www.forbes.com/companies/mcdonalds/,fullcontact_1549,false
http://www.forbes.com/companies/deutsche-boerse/,fullcontact_736,false
http://www.forbes.com/companies/conagra-foods/,fullcontact_512,false
http://www.forbes.com/companies/borgwarner/,fullcontact_1534,false
http://www.forbes.com/companies/sumitomo-corp/,fullcontact_508,false
http://www.forbes.com/companies/oi/,fullcontact_474,false
http://www.forbes.com/companies/icbc/,fullcontact_1408,false
http://www.forbes.com/companies/amdocs/,fullcontact_121,false
http://www.forbes.com/companies/american-airlines-group/,fullcontact_1500,false
http://www.forbes.com/companies/experian/,fullcontact_1217,false
http://www.forbes.com/companies/ensco/,fullcontact_1856,false
http://www.forbes.com/companies/sberbank/,fullcontact_260,false
http://www.forbes.com/companies/dangote-cement/,fullcontact_1128,false
http://www.forbes.com/companies/panasonic/,fullcontact_1236,false
http://www.forbes.com/companies/abb/,fullcontact_27,false
http://www.forbes.com/companies/oracle/,fullcontact_1524,false
http://www.forbes.com/companies/eaton/,fullcontact_987,false
http://www.forbes.com/companies/givaudan/,fullcontact_1280,false
http://www.forbes.com/companies/dcc/,fullcontact_972,false
http://www.forbes.com/companies/time-warner-cable/,fullcontact_80,false
http://www.forbes.com/companies/ibm/,fullcontact_273,false
http://www.forbes.com/companies/microchip-technology/,fullcontact_216,false
http://www.forbes.com/companies/veolia-environnement/,fullcontact_1568,false
http://www.forbes.com/companies/alcatel-lucent/,fullcontact_444,false
http://www.forbes.com/companies/reed-elsevier/,fullcontact_1634,false
http://www.forbes.com/companies/arab-bank/,fullcontact_1231,false
http://www.forbes.com/companies/resolution/,fullcontact_1713,false
http://www.forbes.com/companies/gap/,fullcontact_899,false
http://www.forbes.com/companies/bmf-bovespa/,fullcontact_659,false
http://www.forbes.com/companies/csl/,fullcontact_562,false
http://www.forbes.com/companies/microsoft/,fullcontact_994,false
http://www.forbes.com/companies/isbank/,fullcontact_1670,false
http://www.forbes.com/companies/bank-of-queensland/,fullcontact_760,false
http://www.forbes.com/companies/metlife/,fullcontact_1548,false
http://www.forbes.com/companies/kpn/,fullcontact_1632,false
http://www.forbes.com/companies/pioneer-natural-resources/,fullcontact_278,false
http://www.forbes.com/companies/korea-electric-power/,fullcontact_138,false
http://www.forbes.com/companies/varian-medical-systems/,fullcontact_1933,false
http://www.forbes.com/companies/mobily/,fullcontact_297,false
http://www.forbes.com/companies/deere-co/,fullcontact_968,false
http://www.forbes.com/companies/equity-assurance/,fullcontact_155,false
http://www.forbes.com/companies/eurazeo/,fullcontact_1583,false
http://www.forbes.com/companies/huntington-bancshares/,fullcontact_1675,false
http://www.forbes.com/companies/fuji-heavy-industries/,fullcontact_53,false
http://www.forbes.com/companies/toyota-industries/,fullcontact_1360,false
http://www.forbes.com/companies/nasdaq-omx-group/,fullcontact_1438,false
http://www.forbes.com/companies/bhp-billiton/,fullcontact_504,false
http://www.forbes.com/companies/mastercard/,fullcontact_1352,false
http://www.forbes.com/companies/naver/,fullcontact_687,false
http://www.forbes.com/companies/belgacom/,fullcontact_1478,false
http://www.forbes.com/companies/ensco/,fullcontact_1901,false
http://www.forbes.com/companies/saudi-electricity/,fullcontact_43,false
http://www.forbes.com/companies/eqt/,fullcontact_1287,false
http://www.forbes.com/companies/veolia-environnement/,fullcontact_670,false
http://www.forbes.com/companies/volkswagen-group/,fullcontact_243,false
http://www.forbes.com/companies/cvr-energy/,fullcontact_1890,false
http://www.forbes.com/companies/dcc/,fullcontact_1295,false
http://www.forbes.com/companies/ls-corp/,fullcontact_1530,false
http://www.forbes.com/companies/lotte-shopping/,fullcontact_316,false
http://www.forbes.com/companies/advance-auto-parts/,fullcontact_999,false
http://www.forbes.com/companies/ingredion/,fullcontact_193,false
http://www.forbes.com/companies/inchcape/,fullcontact_984,false
http://www.forbes.com/companies/sherwin-williams/,fullcontact_1848,false
http://www.forbes.com/companies/wal-mart-stores/,fullcontact_208,false
http://www.forbes.com/companies/higo-bank/,fullcontact_1935,false
http://www.forbes.com/companies/bilfinger/,fullcontact_1862,false
http://www.forbes.com/companies/volksbank/,fullcontact_1161,false
http://www.forbes.com/companies/ytl/,fullcontact_899,false
http://www.forbes.com/companies/hikvision/,fullcontact_588,false
http://www.forbes.com/companies/crh/,fullcontact_984,false
http://www.forbes.com/companies/zimmer-holdings/,fullcontact_840,false
http://www.forbes.com/companies/boeing/,fullcontact_984,false
http://www.forbes.com/companies/sabanci-holding/,fullcontact_1618,false
http://www.forbes.com/companies/terna/,fullcontact_1578,false
http://www.forbes.com/companies/alexion-pharmaceuticals/,fullcontact_53,false
http://www.forbes.com/companies/ace/,fullcontact_1775,false
http://www.forbes.com/companies/aozora-bank/,fullcontact_80,false
http://www.forbes.com/companies/capitaland/,fullcontact_184,false
http://www.forbes.com/companies/nextera-energy/,fullcontact_1881,false
http://www.forbes.com/companies/ppg-industries/,fullcontact_593,false
http://www.forbes.com/companies/agl-energy/,fullcontact_1961,false
http://www.forbes.com/companies/danske-bank/,fullcontact_253,false
http://www.forbes.com/companies/mt-bank/,fullcontact_495,false
http://www.forbes.com/companies/alrosa/,fullcontact_1381,false
http://www.forbes.com/companies/meritz-financial-group/,fullcontact_1589,false
http://www.forbes.com/companies/bank-of-kyoto/,fullcontact_852,false
http://www.forbes.com/companies/mitsubishi-chemical/,fullcontact_515,false
http://www.forbes.com/companies/magna-international/,fullcontact_510,false
http://www.forbes.com/companies/mtn-group/,fullcontact_507,false
http://www.forbes.com/companies/advanced-info-service/,fullcontact_55,false
http://www.forbes.com/companies/atco/,fullcontact_1567,false
http://www.forbes.com/companies/bank-of-nanjing/,fullcontact_136,false
http://www.forbes.com/companies/aeon/,fullcontact_56,false
http://www.forbes.com/companies/bank-of-baroda/,fullcontact_135,false
http://www.forbes.com/companies/al-rajhi-bank/,fullcontact_80,false
http://www.forbes.com/companies/daikin-industries/,fullcontact_247,false
http://www.forbes.com/companies/evraz-group/,fullcontact_292,false
http://www.forbes.com/companies/indian-bank/,fullcontact_415,false
http://www.forbes.com/companies/grupo-acs/,fullcontact_363,false
http://www.forbes.com/companies/baxter-international/,fullcontact_1263,false
http://www.forbes.com/companies/altria-group/,fullcontact_115,false
http://www.forbes.com/companies/enel/,fullcontact_1500,false
http://www.forbes.com/companies/millicom-international/,fullcontact_510,false
http://www.forbes.com/companies/corning/,fullcontact_1012,false
http://www.forbes.com/companies/sharp/,fullcontact_667,false
http://www.forbes.com/companies/atlantia/,fullcontact_1368,false
http://www.forbes.com/companies/fosun-international/,fullcontact_943,false
http://www.forbes.com/companies/telenor/,fullcontact_1113,false
http://www.forbes.com/companies/enka/,fullcontact_1112,false
http://www.forbes.com/companies/metro-group/,fullcontact_1122,false
http://www.forbes.com/companies/autonation/,fullcontact_1138,false
http://www.forbes.com/companies/unicredit-group/,fullcontact_773,false
http://www.forbes.com/companies/continental-resources/,fullcontact_219,false
http://www.forbes.com/companies/continental-resources/,fullcontact_229,false
http://www.forbes.com/companies/microchip-technology/,fullcontact_1857,false
http://www.forbes.com/companies/amcor/,fullcontact_1567,false
http://www.forbes.com/companies/industrivarden/,fullcontact_415,false
http://www.forbes.com/companies/baywa/,fullcontact_139,false
http://www.forbes.com/companies/nike/,fullcontact_540,false
http://www.forbes.com/companies/alcoa/,fullcontact_1381,false
http://www.forbes.com/companies/bank-of-chongqing/,fullcontact_852,false
http://www.forbes.com/companies/axiata-group/,fullcontact_77,false
http://www.forbes.com/companies/grupo-carso/,fullcontact_366,false
http://www.forbes.com/companies/devon-energy/,fullcontact_273,false
http://www.forbes.com/companies/adobe-systems/,fullcontact_1376,false
http://www.forbes.com/companies/bank-of-china/,fullcontact_136,false
http://www.forbes.com/companies/bg-group/,fullcontact_158,false
http://www.forbes.com/companies/mediatek/,fullcontact_927,false
http://www.forbes.com/companies/chang-hwa-bank/,fullcontact_187,false
http://www.forbes.com/companies/nrg-energy/,fullcontact_1881,false
http://www.forbes.com/companies/bcv-group/,fullcontact_158,false
http://www.forbes.com/companies/verisign/,fullcontact_791,false
http://www.forbes.com/companies/bank-of-india/,fullcontact_136,false
http://www.forbes.com/companies/linear-technology/,fullcontact_976,false
http://www.forbes.com/companies/northern-trust/,fullcontact_1274,false
http://www.forbes.com/companies/motor-oil/,fullcontact_1756,false
http://www.forbes.com/companies/aeon/,fullcontact_58,false
http://www.forbes.com/companies/aon/,fullcontact_1567,false
http://www.forbes.com/companies/next/,fullcontact_533,false
http://www.forbes.com/companies/grupo-acs/,fullcontact_364,false
http://www.forbes.com/companies/bt-group/,fullcontact_149,false
http://www.forbes.com/companies/aeon/,fullcontact_1567,false
http://www.forbes.com/companies/hyundai-heavy-industries/,fullcontact_1075,false
http://www.forbes.com/companies/delhaize-group/,fullcontact_255,false
http://www.forbes.com/companies/hexagon/,fullcontact_1361,false
http://www.forbes.com/companies/bank-of-nanjing/,fullcontact_135,false
http://www.forbes.com/companies/alpha-bank/,fullcontact_72,false
http://www.forbes.com/companies/marsh-mclennan/,fullcontact_888,true
http://www.forbes.com/companies/mitsubishi-motors/,fullcontact_513,false
http://www.forbes.com/companies/transneft/,fullcontact_1671,false
http://www.forbes.com/companies/telus/,fullcontact_725,false
http://www.forbes.com/companies/essar-energy/,fullcontact_1745,false
http://www.forbes.com/companies/inter-rao/,fullcontact_1082,false
http://www.forbes.com/companies/mtn-group/,fullcontact_1122,false
http://www.forbes.com/companies/bank-of-india/,fullcontact_852,false
http://www.forbes.com/companies/investor/,fullcontact_428,false
http://www.forbes.com/companies/realogy-holdings/,fullcontact_1235,true
http://www.forbes.com/companies/mitsubishi-ufj-financial/,fullcontact_1589,true
http://www.forbes.com/companies/intact-financial/,fullcontact_1280,false
http://www.forbes.com/companies/cablevision/,fullcontact_192,false
http://www.forbes.com/companies/ameren/,fullcontact_91,false
http://www.forbes.com/companies/innolux/,fullcontact_421,false
http://www.forbes.com/companies/bank-of-ireland/,fullcontact_135,false
http://www.forbes.com/companies/l-brands/,fullcontact_474,false
http://www.forbes.com/companies/orkla/,fullcontact_564,false
http://www.forbes.com/companies/novartis/,fullcontact_1738,false
http://www.forbes.com/companies/banco-santander/,fullcontact_1448,false
http://www.forbes.com/companies/areva/,fullcontact_107,false
http://www.forbes.com/companies/akamai-technologies/,fullcontact_122,false
http://www.forbes.com/companies/american-international-group/,fullcontact_1746,false
http://www.forbes.com/companies/tesla-motors/,fullcontact_718,false
http://www.forbes.com/companies/manulife-financial/,fullcontact_1696,false
http://www.forbes.com/companies/japan-tobacco/,fullcontact_1221,true
http://www.forbes.com/companies/shiseido/,fullcontact_1943,true
http://www.forbes.com/companies/origin-energy/,fullcontact_1007,true
http://www.forbes.com/companies/eog-resources/,fullcontact_296,true
http://www.forbes.com/companies/juniper-networks/,fullcontact_447,true
http://www.forbes.com/companies/exelon/,fullcontact_1541,true
http://www.forbes.com/companies/mastercard/,fullcontact_491,true
http://www.forbes.com/companies/3m/,fullcontact_41,true
http://www.forbes.com/companies/hyundai-steel/,fullcontact_405,true
http://www.forbes.com/companies/interactive-brokers-group/,fullcontact_992,true
http://www.forbes.com/companies/sap/,fullcontact_884,true
http://www.forbes.com/companies/dexia/,fullcontact_259,true
http://www.forbes.com/companies/bombardier/,fullcontact_1595,false
http://www.forbes.com/companies/sony/,fullcontact_1943,false
http://www.forbes.com/companies/crescent-point-energy/,fullcontact_186,false
http://www.forbes.com/companies/henderson-land/,fullcontact_1078,false
http://www.forbes.com/companies/empire/,fullcontact_1472,false
http://www.forbes.com/companies/infosys/,fullcontact_1429,false
http://www.forbes.com/companies/china-railway-group/,fullcontact_1150,false
http://www.forbes.com/companies/china-national-materials/,fullcontact_208,false
http://www.forbes.com/companies/bbva-banco-bilbao-vizcaya/,fullcontact_1448,false
http://www.forbes.com/companies/sandvik/,fullcontact_710,false
http://www.forbes.com/companies/asml-holding/,fullcontact_119,false
http://www.forbes.com/companies/sumitomo-electric/,fullcontact_1943,false
http://www.forbes.com/companies/cgi-group/,fullcontact_1044,false
http://www.forbes.com/companies/wendel/,fullcontact_1305,false
http://www.forbes.com/companies/country-garden-holdings/,fullcontact_1150,false
http://www.forbes.com/companies/vopak/,fullcontact_795,false
http://www.forbes.com/companies/mazda-motor/,fullcontact_513,false
http://www.forbes.com/companies/icici-bank/,fullcontact_1285,false
http://www.forbes.com/companies/safran/,fullcontact_1010,false
http://www.forbes.com/companies/safran/,fullcontact_1360,false
http://www.forbes.com/companies/kirin-holdings/,fullcontact_461,false
http://www.forbes.com/companies/suncor-energy/,fullcontact_647,false
http://www.forbes.com/companies/kirin-holdings/,fullcontact_450,false
http://www.forbes.com/companies/standard-bank-group/,fullcontact_702,false
http://www.forbes.com/companies/sumitomo-rubber/,fullcontact_1943,false
http://www.forbes.com/companies/fujitsu/,fullcontact_334,false
http://www.forbes.com/companies/kirin-holdings/,fullcontact_13,false
http://www.forbes.com/companies/fujitsu/,fullcontact_313,false
http://www.forbes.com/companies/zhejiang-zheneng-electric-power/,fullcontact_1792,false
http://www.forbes.com/companies/syngenta/,fullcontact_1185,false
http://www.forbes.com/companies/syngenta/,fullcontact_1129,false
http://www.forbes.com/companies/glencore-international/,fullcontact_353,false
http://www.forbes.com/companies/parmalat/,fullcontact_590,false
http://www.forbes.com/companies/seb/,fullcontact_710,false
http://www.forbes.com/companies/statoil/,fullcontact_637,false
http://www.forbes.com/companies/bank-of-nova-scotia/,fullcontact_1595,false
http://www.forbes.com/companies/coal-india/,fullcontact_1201,false
http://www.forbes.com/companies/actelion/,fullcontact_43,false
http://www.forbes.com/companies/delta-lloyd/,fullcontact_271,false
http://www.forbes.com/companies/cenovus-energy/,fullcontact_2,false
http://www.forbes.com/companies/taiheiyo-cement/,fullcontact_748,false
http://www.forbes.com/companies/murata-manufacturing/,fullcontact_513,false
http://www.forbes.com/companies/nippon-steel-trading/,fullcontact_541,false
http://www.forbes.com/companies/enbridge/,fullcontact_1831,false
http://www.forbes.com/companies/imperial-holdings/,fullcontact_430,false
http://www.forbes.com/companies/china-shenhua-energy/,fullcontact_208,false
http://www.forbes.com/companies/sanofi/,fullcontact_1360,false
http://www.forbes.com/companies/bharat-petroleum/,fullcontact_1588,false
http://www.forbes.com/companies/geberit/,fullcontact_353,false
http://www.forbes.com/companies/kobe-steel/,fullcontact_13,false
http://www.forbes.com/companies/japan-exchange-group/,fullcontact_438,false
http://www.forbes.com/companies/nsk/,fullcontact_541,false
http://www.forbes.com/companies/royal-boskalis/,fullcontact_616,false
http://www.forbes.com/companies/allahabad-bank/,fullcontact_1722,false
http://www.forbes.com/companies/china-aviation-oil/,fullcontact_190,false
http://www.forbes.com/companies/aeroports-de-paris/,fullcontact_81,false
http://www.forbes.com/companies/banco-santander/,fullcontact_859,false
http://www.forbes.com/companies/nippon-tel-tel/,fullcontact_541,false
http://www.forbes.com/companies/nippon-tel-tel/,fullcontact_546,false
http://www.forbes.com/companies/sumitomo-realty/,fullcontact_666,false
http://www.forbes.com/companies/sumitomo-realty/,fullcontact_690,false
http://www.forbes.com/companies/banco-santander/,fullcontact_131,false
http://www.forbes.com/companies/banco-santander/,fullcontact_132,false
http://www.forbes.com/companies/bank-mandiri/,fullcontact_1588,false
http://www.forbes.com/companies/ping-an-bank/,fullcontact_1516,true
http://www.forbes.com/companies/kagoshima-bank/,fullcontact_454,false
http://www.forbes.com/companies/aeon/,fullcontact_65,false
http://www.forbes.com/companies/tdk/,fullcontact_748,false
http://www.forbes.com/companies/jindal-steel-power/,fullcontact_1046,false
http://www.forbes.com/companies/china-merchants-holdings/,fullcontact_214,false
http://www.forbes.com/companies/chinese-estates/,fullcontact_1150,false
http://www.forbes.com/companies/kao-corp/,fullcontact_13,false
http://www.forbes.com/companies/ogaki-kyoritsu-bank/,fullcontact_558,false
http://www.forbes.com/companies/cameco/,fullcontact_1549,false
http://www.forbes.com/companies/swiss-re/,fullcontact_709,false
http://www.forbes.com/companies/cameco/,fullcontact_1488,false
http://www.forbes.com/companies/sodexo/,fullcontact_638,false
http://www.forbes.com/companies/cameco/,fullcontact_1797,false
http://www.forbes.com/companies/tata-consultancy-services/,fullcontact_1148,false
http://www.forbes.com/companies/china-shipbuilding-industry/,fullcontact_208,false
http://www.forbes.com/companies/cameco/,fullcontact_1044,false
http://www.forbes.com/companies/cemig/,fullcontact_1726,false
http://www.forbes.com/companies/sinopec-china-petroleum/,fullcontact_1143,false
http://www.forbes.com/companies/securitas/,fullcontact_650,false
http://www.forbes.com/companies/bank-of-baroda/,fullcontact_150,false
http://www.forbes.com/companies/capgemini/,fullcontact_1419,false
http://www.forbes.com/companies/sumitomo-electric/,fullcontact_666,false
http://www.forbes.com/companies/tata-consultancy-services/,fullcontact_1777,false
http://www.forbes.com/companies/sun-life-financial/,fullcontact_1156,false
http://www.forbes.com/companies/kagoshima-bank/,fullcontact_13,false
http://www.forbes.com/companies/hang-lung-group/,fullcontact_1078,false
http://www.forbes.com/companies/hong-kong-china-gas/,fullcontact_1078,false
http://www.forbes.com/companies/infosys/,fullcontact_1884,false
http://www.forbes.com/companies/canadian-oil-sands/,fullcontact_186,false
http://www.forbes.com/companies/infosys/,fullcontact_1757,false
http://www.forbes.com/companies/sinopec-engineering-group/,fullcontact_1143,false
http://www.forbes.com/companies/schindler-holding/,fullcontact_673,false
http://www.forbes.com/companies/schindler-holding/,fullcontact_661,false
http://www.forbes.com/companies/schindler-holding/,fullcontact_714,false
http://www.forbes.com/companies/nec/,fullcontact_540,false
http://www.forbes.com/companies/shimizu/,fullcontact_1943,false
http://www.forbes.com/companies/shimizu/,fullcontact_1947,false
http://www.forbes.com/companies/e-l-financial/,fullcontact_290,false
http://www.forbes.com/companies/japan-airlines/,fullcontact_438,false
http://www.forbes.com/companies/cpfl-energia/,fullcontact_285,false
http://www.forbes.com/companies/semen-indonesia/,fullcontact_1734,false
http://www.forbes.com/companies/suntory-beverage-food/,fullcontact_690,false
http://www.forbes.com/companies/china-telecom/,fullcontact_208,false
http://www.forbes.com/companies/transcanada/,fullcontact_668,false
http://www.forbes.com/companies/accor/,fullcontact_68,false
http://www.forbes.com/companies/fairfax-financial/,fullcontact_319,false
http://www.forbes.com/companies/sabesp/,fullcontact_1620,false
http://www.forbes.com/companies/moller-maersk/,fullcontact_1223,false
http://www.forbes.com/companies/shimizu/,fullcontact_688,false
http://www.forbes.com/companies/union-bank-of-india/,fullcontact_957,false
http://www.forbes.com/companies/generali-group/,fullcontact_367,false
http://www.forbes.com/companies/couche-tard/,fullcontact_1044,false
http://www.forbes.com/companies/veolia-environnement/,fullcontact_784,false
http://www.forbes.com/companies/guangdong-electric/,fullcontact_347,false
http://www.forbes.com/companies/agricultural-bank-of-china/,fullcontact_94,false
http://www.forbes.com/companies/couche-tard/,fullcontact_1549,false
http://www.forbes.com/companies/couche-tard/,fullcontact_1488,false
http://www.forbes.com/companies/jsw-steel/,fullcontact_1046,false
http://www.forbes.com/companies/indian-oil/,fullcontact_1005,false
http://www.forbes.com/companies/stmicroelectronics/,fullcontact_661,false
http://www.forbes.com/companies/stmicroelectronics/,fullcontact_652,false
http://www.forbes.com/companies/indian-oil/,fullcontact_1757,false
http://www.forbes.com/companies/stmicroelectronics/,fullcontact_709,false
http://www.forbes.com/companies/indian-oil/,fullcontact_1429,false
http://www.forbes.com/companies/kawasaki-kisen-kaisha/,fullcontact_454,false
http://www.forbes.com/companies/showa-shell-sekiyu/,fullcontact_666,false
http://www.forbes.com/companies/senshu-ikeda-holdings/,fullcontact_1943,false
http://www.forbes.com/companies/cosan/,fullcontact_1611,false
http://www.forbes.com/companies/tim-hortons/,fullcontact_754,false
http://www.forbes.com/companies/cosan/,fullcontact_1726,false
http://www.forbes.com/companies/clp-holdings/,fullcontact_1150,false
http://www.forbes.com/companies/danone/,fullcontact_262,false
http://www.forbes.com/companies/ackermans-van-haaren/,fullcontact_1368,false
http://www.forbes.com/companies/caixabank/,fullcontact_1771,false
http://www.forbes.com/companies/air-france-klm/,fullcontact_107,false
http://www.forbes.com/companies/snc-lavalin-group/,fullcontact_647,false
http://www.forbes.com/companies/storebrand/,fullcontact_637,false
http://www.forbes.com/companies/csr/,fullcontact_208,false
http://www.forbes.com/companies/china-vanke/,fullcontact_208,false
http://www.forbes.com/companies/angang-steel/,fullcontact_94,false
http://www.forbes.com/companies/china-resources-land/,fullcontact_1150,false
http://www.forbes.com/companies/porto-seguro/,fullcontact_582,false
http://www.forbes.com/companies/sumitomo-mitsui-trust/,fullcontact_1947,false
http://www.forbes.com/companies/axis-bank/,fullcontact_1722,false
http://www.forbes.com/companies/sinomach-automobile/,fullcontact_1143,false
http://www.forbes.com/companies/crescent-point-energy/,fullcontact_1488,false
http://www.forbes.com/companies/cnp-assurances/,fullcontact_238,false
http://www.forbes.com/companies/hcl-technologies/,fullcontact_376,false
http://www.forbes.com/companies/mitsubishi-electric/,fullcontact_513,true
http://www.forbes.com/companies/goldcorp/,fullcontact_1748,false
http://www.forbes.com/companies/china-merchants-securities/,fullcontact_208,false
http://www.forbes.com/companies/crescent-point-energy/,fullcontact_1797,false
http://www.forbes.com/companies/nikon/,fullcontact_541,false
http://www.forbes.com/companies/goldcorp/,fullcontact_1920,false
http://www.forbes.com/companies/canadian-tire/,fullcontact_1549,false
http://www.forbes.com/companies/kubota/,fullcontact_454,false
http://www.forbes.com/companies/air-canada/,fullcontact_115,false
http://www.forbes.com/companies/inditex/,fullcontact_414,true
http://www.forbes.com/companies/becton-dickinson/,fullcontact_143,true
http://www.forbes.com/companies/nitto-denko/,fullcontact_544,true
http://www.forbes.com/companies/mitsubishi-heavy-industries/,fullcontact_513,true
http://www.forbes.com/companies/suruga-bank/,fullcontact_666,false
http://www.forbes.com/companies/shikoku-bank/,fullcontact_666,false
http://www.forbes.com/companies/banco-popular-espanol/,fullcontact_1448,false
http://www.forbes.com/companies/shaw-communications/,fullcontact_1585,false
http://www.forbes.com/companies/northern-trust/,fullcontact_547,true
http://www.forbes.com/companies/marathon-oil/,fullcontact_1215,true
http://www.forbes.com/companies/san-in-godo-bank/,fullcontact_666,false
http://www.forbes.com/companies/bharat-heavy-electricals/,fullcontact_150,false
http://www.forbes.com/companies/china-oilfield-service/,fullcontact_208,false
http://www.forbes.com/companies/china-minsheng-banking/,fullcontact_208,false
http://www.forbes.com/companies/china-southern-airlines/,fullcontact_208,false
http://www.forbes.com/companies/china-cosco-holdings/,fullcontact_208,false
http://www.forbes.com/companies/china-state-construction/,fullcontact_208,false
http://www.forbes.com/companies/china-everbright-bank/,fullcontact_208,false
http://www.forbes.com/companies/china-construction-bank/,fullcontact_208,false
http://www.forbes.com/companies/china-longyuan-power/,fullcontact_208,false
http://www.forbes.com/companies/china-life-insurance/,fullcontact_208,false
http://www.forbes.com/companies/china-merchants-bank/,fullcontact_208,false
http://www.forbes.com/companies/swiss-life-holding/,fullcontact_1185,false
http://www.forbes.com/companies/national-bank-of-kuwait/,fullcontact_1479,false
http://www.forbes.com/companies/safran/,fullcontact_1710,false
http://www.forbes.com/companies/bank-of-kyoto/,fullcontact_136,false
http://www.forbes.com/companies/ventas/,fullcontact_787,true
http://www.forbes.com/companies/wistron/,fullcontact_823,true