"MatchingRule","Record1Identifier","Record2Identifier","TotalSimilarity","IsMatch","[0] DateComparator(date) record1Value","[0] DateComparator(date) record2Value","[0] DateComparator(date) record1PreprocessedValue","[0] DateComparator(date) record2PreprocessedValue","[0] DateComparator(date) similarity","[0] DateComparator(date) postproccesedSimilarity","[1] StringComparator(actors_actor_name, jaccard) record1Value","[1] StringComparator(actors_actor_name, jaccard) record2Value","[1] StringComparator(actors_actor_name, jaccard) record1PreprocessedValue","[1] StringComparator(actors_actor_name, jaccard) record2PreprocessedValue","[1] StringComparator(actors_actor_name, jaccard) similarity","[1] StringComparator(actors_actor_name, jaccard) postproccesedSimilarity","[2] StringComparator(title, jaccard) record1Value","[2] StringComparator(title, jaccard) record2Value","[2] StringComparator(title, jaccard) record1PreprocessedValue","[2] StringComparator(title, jaccard) record2PreprocessedValue","[2] StringComparator(title, jaccard) similarity","[2] StringComparator(title, jaccard) postproccesedSimilarity"
"RuleBasedMatcher","actors_1","golden_globes_1624","0.08333333333333333","","1929-01-01","1979-01-01","1929-01-01","1979-01-01","0.0","0.0","Janet Gaynor","","janet gaynor","","0.0","0.0","7th Heaven","Days Of Heaven","7th heaven","days of heaven","0.25","0.25"
"RuleBasedMatcher","actors_1","golden_globes_292","0.0","","1929-01-01","2006-01-01","1929-01-01","2006-01-01","0.0","0.0","Janet Gaynor","['Patrick Dempsey', 'Sandra Oh']","Janet Gaynor","['Patrick Dempsey', 'Sandra Oh']","0.0","0.0","7th Heaven","Grey's Anatomy","7th heaven","grey's anatomy","0.0","0.0"
"RuleBasedMatcher","actors_1","golden_globes_233","0.0","","1929-01-01","2007-01-01","1929-01-01","2007-01-01","0.0","0.0","Janet Gaynor","['Ellen Pompeo', 'Patrick Dempsey', 'Katherine Heigl']","Janet Gaynor","['Ellen Pompeo', 'Patrick Dempsey', 'Katherine Heigl']","0.0","0.0","7th Heaven","Grey's Anatomy","7th heaven","grey's anatomy","0.0","0.0"
"RuleBasedMatcher","actors_1","golden_globes_201","0.0","","1929-01-01","2008-01-01","1929-01-01","2008-01-01","0.0","0.0","Janet Gaynor","Katherine Heigl","janet gaynor","katherine heigl","0.0","0.0","7th Heaven","Grey's Anatomy","7th heaven","grey's anatomy","0.0","0.0"
"RuleBasedMatcher","actors_1","golden_globes_482","0.0","","1929-01-01","2002-01-01","1929-01-01","2002-01-01","0.0","0.0","Janet Gaynor","Lauren Graham","janet gaynor","lauren graham","0.0","0.0","7th Heaven","Gilmore Girls","7th heaven","gilmore girls","0.0","0.0"
"RuleBasedMatcher","actors_1","golden_globes_533","0.0","","1929-01-01","2001-01-01","1929-01-01","2001-01-01","0.0","0.0","Janet Gaynor","Jessica Alba","janet gaynor","jessica alba","0.0","0.0","7th Heaven","Dark Angel","7th heaven","dark angel","0.0","0.0"
"RuleBasedMatcher","actors_1","golden_globes_48","0.0","","1929-01-01","2011-01-01","1929-01-01","2011-01-01","0.0","0.0","Janet Gaynor","Scott Caan","janet gaynor","scott caan","0.0","0.0","7th Heaven","Hawaii Five-O","7th heaven","hawaii five-o","0.0","0.0"
"RuleBasedMatcher","actors_1","golden_globes_536","0.0","","1929-01-01","2001-01-01","1929-01-01","2001-01-01","0.0","0.0","Janet Gaynor","Sarah Michelle Gellar","janet gaynor","sarah michelle gellar","0.0","0.0","7th Heaven","Buffy The Vampire Slayer","7th heaven","buffy the vampire slayer","0.0","0.0"
"RuleBasedMatcher","actors_1","golden_globes_903","0.0","","1929-01-01","1994-01-01","1929-01-01","1994-01-01","0.0","0.0","Janet Gaynor","Will Smith","janet gaynor","will smith","0.0","0.0","7th Heaven","Fresh Prince Of Bel-Air, The","7th heaven","fresh prince of bel-air, the","0.0","0.0"
"RuleBasedMatcher","actors_1","golden_globes_955","0.0","","1929-01-01","1993-01-01","1929-01-01","1993-01-01","0.0","0.0","Janet Gaynor","Will Smith","janet gaynor","will smith","0.0","0.0","7th Heaven","Fresh Prince Of Bel-Air, The","7th heaven","fresh prince of bel-air, the","0.0","0.0"
"RuleBasedMatcher","actors_1","golden_globes_2118","0.0","","1929-01-01","1962-01-01","1929-01-01","1962-01-01","0.0","0.0","Janet Gaynor","Bob Hope","janet gaynor","bob hope","0.0","0.0","7th Heaven","Bachelor In Paradise","7th heaven","bachelor in paradise","0.0","0.0"
"RuleBasedMatcher","actors_1","golden_globes_464","0.0","","1929-01-01","2002-01-01","1929-01-01","2002-01-01","0.0","0.0","Janet Gaynor","['Thora Birch', 'Steve Buscemi']","Janet Gaynor","['Thora Birch', 'Steve Buscemi']","0.0","0.0","7th Heaven","Ghost World","7th heaven","ghost world","0.0","0.0"
"RuleBasedMatcher","actors_1","golden_globes_1498","0.0","","1929-01-01","1982-01-01","1929-01-01","1982-01-01","0.0","0.0","Janet Gaynor","","janet gaynor","","0.0","0.0","7th Heaven","Raiders Of The Lost Ark","7th heaven","raiders of the lost ark","0.0","0.0"
"RuleBasedMatcher","actors_1","golden_globes_1667","0.0","","1929-01-01","1978-01-01","1929-01-01","1978-01-01","0.0","0.0","Janet Gaynor","Kate Jackson","janet gaynor","kate jackson","0.0","0.0","7th Heaven","Charlie's Angels","7th heaven","charlie's angels","0.0","0.0"
"RuleBasedMatcher","actors_1","golden_globes_1605","0.0","","1929-01-01","1980-01-01","1929-01-01","1980-01-01","0.0","0.0","Janet Gaynor","David Doyle","janet gaynor","david doyle","0.0","0.0","7th Heaven","Charlie's Angels","7th heaven","charlie's angels","0.0","0.0"
"RuleBasedMatcher","actors_1","golden_globes_1626","0.0","","1929-01-01","1979-01-01","1929-01-01","1979-01-01","0.0","0.0","Janet Gaynor","Kate Jackson","janet gaynor","kate jackson","0.0","0.0","7th Heaven","Charlie's Angels","7th heaven","charlie's angels","0.0","0.0"
"RuleBasedMatcher","actors_1","golden_globes_1707","0.0","","1929-01-01","1977-01-01","1929-01-01","1977-01-01","0.0","0.0","Janet Gaynor","['Farrah Fawcett', 'Kate Jackson']","Janet Gaynor","['Farrah Fawcett', 'Kate Jackson']","0.0","0.0","7th Heaven","Charlie's Angels","7th heaven","charlie's angels","0.0","0.0"
"RuleBasedMatcher","actors_1","golden_globes_1365","0.0","","1929-01-01","1985-01-01","1929-01-01","1985-01-01","0.0","0.0","Janet Gaynor","Jane Curtin","janet gaynor","jane curtin","0.0","0.0","7th Heaven","Kate and Allie","7th heaven","kate and allie","0.0","0.0"
"RuleBasedMatcher","actors_1","golden_globes_341","0.0","","1929-01-01","2005-01-01","1929-01-01","2005-01-01","0.0","0.0","Janet Gaynor","Ian McShane","janet gaynor","ian mcshane","0.0","0.0","7th Heaven","Deadwood","7th heaven","deadwood","0.0","0.0"
"RuleBasedMatcher","actors_1","golden_globes_1052","0.0","","1929-01-01","1991-01-01","1929-01-01","1991-01-01","0.0","0.0","Janet Gaynor","['Kyle MacLachlan', 'Sherilyn Fenn', 'Piper Laurie']","Janet Gaynor","['Kyle MacLachlan', 'Sherilyn Fenn', 'Piper Laurie']","0.0","0.0","7th Heaven","Twin Peaks","7th heaven","twin peaks","0.0","0.0"
"RuleBasedMatcher","actors_2","golden_globes_863","0.0","","1930-01-01","1995-01-01","1930-01-01","1995-01-01","0.0","0.0","Mary Pickford","Liz Torres","mary pickford","liz torres","0.0","0.0","Coquette","John Larroquette Show, The","coquette","john larroquette show, the","0.0","0.0"
"RuleBasedMatcher","actors_2","golden_globes_1815","0.0","","1930-01-01","1974-01-01","1930-01-01","1974-01-01","0.0","0.0","Mary Pickford","Steve McQueen","mary pickford","steve mcqueen","0.0","0.0","Coquette","Papillon","coquette","papillon","0.0","0.0"
"RuleBasedMatcher","actors_2","golden_globes_385","0.0","","1930-01-01","2004-01-01","1930-01-01","2004-01-01","0.0","0.0","Mary Pickford","William H. Macy","mary pickford","william h. macy","0.0","0.0","Coquette","Seabiscuit","coquette","seabiscuit","0.0","0.0"
"RuleBasedMatcher","actors_2","golden_globes_2020","0.0","","1930-01-01","1966-01-01","1930-01-01","1966-01-01","0.0","0.0","Mary Pickford","Rod Steiger","mary pickford","rod steiger","0.0","0.0","Coquette","Pawnbroker, The","coquette","pawnbroker, the","0.0","0.0"
"RuleBasedMatcher","actors_2","golden_globes_1432","0.0","","1930-01-01","1983-01-01","1930-01-01","1983-01-01","0.0","0.0","Mary Pickford","['Jessica Lange', 'Kim Stanley']","Mary Pickford","['Jessica Lange', 'Kim Stanley']","0.0","0.0","Coquette","Frances","coquette","frances","0.0","0.0"
"RuleBasedMatcher","actors_2","golden_globes_861","0.0","","1930-01-01","1995-01-01","1930-01-01","1995-01-01","0.0","0.0","Mary Pickford","Tyne Daly","mary pickford","tyne daly","0.0","0.0","Coquette","Christy","coquette","christy","0.0","0.0"
"RuleBasedMatcher","actors_2","golden_globes_1521","0.0","","1930-01-01","1982-01-01","1930-01-01","1982-01-01","0.0","0.0","Mary Pickford","Danny Kaye","mary pickford","danny kaye","0.0","0.0","Coquette","Skokie","coquette","skokie","0.0","0.0"
"RuleBasedMatcher","actors_2","golden_globes_965","0.0","","1930-01-01","1993-01-01","1930-01-01","1993-01-01","0.0","0.0","Mary Pickford","James Woods","mary pickford","james woods","0.0","0.0","Coquette","Citizen Cohn","coquette","citizen cohn","0.0","0.0"
"RuleBasedMatcher","actors_2","golden_globes_1969","0.0","","1930-01-01","1969-01-01","1930-01-01","1969-01-01","0.0","0.0","Mary Pickford","Tony Curtis","mary pickford","tony curtis","0.0","0.0","Coquette","Boston Strangler, The","coquette","boston strangler, the","0.0","0.0"
"RuleBasedMatcher","actors_2","golden_globes_1652","0.0","","1930-01-01","1978-01-01","1930-01-01","1978-01-01","0.0","0.0","Mary Pickford","Al Pacino","mary pickford","al pacino","0.0","0.0","Coquette","Bobby Deerfield","coquette","bobby deerfield","0.0","0.0"
"RuleBasedMatcher","actors_2","golden_globes_546","0.0","","1930-01-01","2001-01-01","1930-01-01","2001-01-01","0.0","0.0","Mary Pickford","Ted Danson","mary pickford","ted danson","0.0","0.0","Coquette","Becker","coquette","becker","0.0","0.0"
"RuleBasedMatcher","actors_2","golden_globes_363","0.0","","1930-01-01","2004-01-01","1930-01-01","2004-01-01","0.0","0.0","Mary Pickford","Cate Blanchett","mary pickford","cate blanchett","0.0","0.0","Coquette","Veronica Guerin","coquette","veronica guerin","0.0","0.0"
"RuleBasedMatcher","actors_2","golden_globes_1571","0.0","","1930-01-01","1980-01-01","1930-01-01","1980-01-01","0.0","0.0","Mary Pickford","Jon Voight","mary pickford","jon voight","0.0","0.0","Coquette","Champ, The","coquette","champ, the","0.0","0.0"
"RuleBasedMatcher","actors_2","golden_globes_2113","0.0","","1930-01-01","1962-01-01","1930-01-01","1962-01-01","0.0","0.0","Mary Pickford","['Paul Newman', 'Jackie Gleason', 'George C. Scott']","Mary Pickford","['Paul Newman', 'Jackie Gleason', 'George C. Scott']","0.0","0.0","Coquette","Hustler, The","coquette","hustler, the","0.0","0.0"
"RuleBasedMatcher","actors_2","golden_globes_109","0.0","","1930-01-01","2009-01-01","1930-01-01","2009-01-01","0.0","0.0","Mary Pickford","['Mickey Rourke', 'Marisa Tomei']","Mary Pickford","['Mickey Rourke', 'Marisa Tomei']","0.0","0.0","Coquette","Wrestler, The","coquette","wrestler, the","0.0","0.0"
"RuleBasedMatcher","actors_2","golden_globes_1758","0.0","","1930-01-01","1976-01-01","1930-01-01","1976-01-01","0.0","0.0","Mary Pickford","['Barry Newman', 'Susan Howard']","Mary Pickford","['Barry Newman', 'Susan Howard']","0.0","0.0","Coquette","Petrocelli","coquette","petrocelli","0.0","0.0"
"RuleBasedMatcher","actors_2","golden_globes_413","0.0","","1930-01-01","2003-01-01","1930-01-01","2003-01-01","0.0","0.0","Mary Pickford","Salma Hayek","mary pickford","salma hayek","0.0","0.0","Coquette","Frida","coquette","frida","0.0","0.0"
"RuleBasedMatcher","actors_2","golden_globes_1797","0.0","","1930-01-01","1975-01-01","1930-01-01","1975-01-01","0.0","0.0","Mary Pickford","Peter Falk","mary pickford","peter falk","0.0","0.0","Coquette","Columbo","coquette","columbo","0.0","0.0"
"RuleBasedMatcher","actors_2","golden_globes_1756","0.0","","1930-01-01","1976-01-01","1930-01-01","1976-01-01","0.0","0.0","Mary Pickford","Peter Falk","mary pickford","peter falk","0.0","0.0","Coquette","Columbo","coquette","columbo","0.0","0.0"
"RuleBasedMatcher","actors_2","golden_globes_1673","0.0","","1930-01-01","1978-01-01","1930-01-01","1978-01-01","0.0","0.0","Mary Pickford","Peter Falk","mary pickford","peter falk","0.0","0.0","Coquette","Columbo","coquette","columbo","0.0","0.0"
"RuleBasedMatcher","actors_3","golden_globes_2098","0.0","","1931-01-01","1963-01-01","1931-01-01","1963-01-01","0.0","0.0","Norma Shearer","Marcello Mastroianni","norma shearer","marcello mastroianni","0.0","0.0","The Divorcee","Divorce","the divorcee","divorce","0.0","0.0"
"RuleBasedMatcher","actors_3","golden_globes_563","0.05555555555555555","","1931-01-01","2000-01-01","1931-01-01","2000-01-01","0.0","0.0","Norma Shearer","Julianne Moore","norma shearer","julianne moore","0.0","0.0","The Divorcee","End Of The Affair, The","the divorcee","end of the affair, the","0.16666666666666666","0.16666666666666666"
"RuleBasedMatcher","actors_3","golden_globes_899","0.0","","1931-01-01","1994-01-01","1931-01-01","1994-01-01","0.0","0.0","Norma Shearer","Katey Sagal","norma shearer","katey sagal","0.0","0.0","The Divorcee","Married","the divorcee","married","0.0","0.0"
"RuleBasedMatcher","actors_3","golden_globes_1058","0.0","","1931-01-01","1991-01-01","1931-01-01","1991-01-01","0.0","0.0","Norma Shearer","Katey Sagal","norma shearer","katey sagal","0.0","0.0","The Divorcee","Married","the divorcee","married","0.0","0.0"
"RuleBasedMatcher","actors_3","golden_globes_1003","0.0","","1931-01-01","1992-01-01","1931-01-01","1992-01-01","0.0","0.0","Norma Shearer","['Katey Sagal', "Ed O'Neill"]","Norma Shearer","['Katey Sagal', "Ed O'Neill"]","0.0","0.0","The Divorcee","Married","the divorcee","married","0.0","0.0"
"RuleBasedMatcher","actors_3","golden_globes_951","0.0","","1931-01-01","1993-01-01","1931-01-01","1993-01-01","0.0","0.0","Norma Shearer","['Katey Sagal', "Ed O'Neill"]","Norma Shearer","['Katey Sagal', "Ed O'Neill"]","0.0","0.0","The Divorcee","Married","the divorcee","married","0.0","0.0"
"RuleBasedMatcher","actors_3","golden_globes_21","0.08333333333333333","","1931-01-01","2011-01-01","1931-01-01","2011-01-01","0.0","0.0","Norma Shearer","['Julianna Margulies', 'Chris Noth']","Norma Shearer","['Julianna Margulies', 'Chris Noth']","0.0","0.0","The Divorcee","Good Wife, The","the divorcee","good wife, the","0.25","0.25"
"RuleBasedMatcher","actors_3","golden_globes_75","0.08333333333333333","","1931-01-01","2010-01-01","1931-01-01","2010-01-01","0.0","0.0","Norma Shearer","Julianna Margulies","norma shearer","julianna margulies","0.0","0.0","The Divorcee","Good Wife, The","the divorcee","good wife, the","0.25","0.25"
"RuleBasedMatcher","actors_3","golden_globes_1168","0.06666666666666667","","1931-01-01","1989-01-01","1931-01-01","1989-01-01","0.0","0.0","Norma Shearer","Jane Seymour","norma shearer","jane seymour","0.0","0.0","The Divorcee","Woman He Loved, The","the divorcee","woman he loved, the","0.2","0.2"
"RuleBasedMatcher","actors_3","golden_globes_935","0.0","","1931-01-01","1993-01-01","1931-01-01","1993-01-01","0.0","0.0","Norma Shearer","Judy Davis","norma shearer","judy davis","0.0","0.0","The Divorcee","Husbands and Wives","the divorcee","husbands and wives","0.0","0.0"
"RuleBasedMatcher","actors_3","golden_globes_1138","0.06666666666666667","","1931-01-01","1989-01-01","1931-01-01","1989-01-01","0.0","0.0","Norma Shearer","Michelle Pfeiffer","norma shearer","michelle pfeiffer","0.0","0.0","The Divorcee","Married To The Mob","the divorcee","married to the mob","0.2","0.2"
"RuleBasedMatcher","actors_3","golden_globes_134","0.08333333333333333","","1931-01-01","2009-01-01","1931-01-01","2009-01-01","0.0","0.0","Norma Shearer","Debra Messing","norma shearer","debra messing","0.0","0.0","The Divorcee","Starter Wife, The","the divorcee","starter wife, the","0.25","0.25"
"RuleBasedMatcher","actors_3","golden_globes_193","0.08333333333333333","","1931-01-01","2008-01-01","1931-01-01","2008-01-01","0.0","0.0","Norma Shearer","Debra Messing","norma shearer","debra messing","0.0","0.0","The Divorcee","Starter Wife, The","the divorcee","starter wife, the","0.25","0.25"
"RuleBasedMatcher","actors_3","golden_globes_1949","0.08333333333333333","","1931-01-01","1970-01-01","1931-01-01","1970-01-01","0.0","0.0","Norma Shearer","Jean Simmons","norma shearer","jean simmons","0.0","0.0","The Divorcee","Happy Ending, The","the divorcee","happy ending, the","0.25","0.25"
"RuleBasedMatcher","actors_3","golden_globes_1623","0.0","","1931-01-01","1979-01-01","1931-01-01","1979-01-01","0.0","0.0","Norma Shearer","Carol Burnett","norma shearer","carol burnett","0.0","0.0","The Divorcee","Wedding, a","the divorcee","wedding, a","0.0","0.0"
"RuleBasedMatcher","actors_3","golden_globes_1776","0.0","","1931-01-01","1975-01-01","1931-01-01","1975-01-01","0.0","0.0","Norma Shearer","Liv Ullmann","norma shearer","liv ullmann","0.0","0.0","The Divorcee","Scenes From a Marriage","the divorcee","scenes from a marriage","0.0","0.0"
"RuleBasedMatcher","actors_3","golden_globes_1627","0.0","","1931-01-01","1979-01-01","1931-01-01","1979-01-01","0.0","0.0","Norma Shearer","['Kristy McNichol', 'Sada Thompson']","Norma Shearer","['Kristy McNichol', 'Sada Thompson']","0.0","0.0","The Divorcee","Family","the divorcee","family","0.0","0.0"
"RuleBasedMatcher","actors_3","golden_globes_1709","0.0","","1931-01-01","1977-01-01","1931-01-01","1977-01-01","0.0","0.0","Norma Shearer","Sada Thompson","norma shearer","sada thompson","0.0","0.0","The Divorcee","Family","the divorcee","family","0.0","0.0"
"RuleBasedMatcher","actors_3","golden_globes_1586","0.0","","1931-01-01","1980-01-01","1931-01-01","1980-01-01","0.0","0.0","Norma Shearer","Sada Thompson","norma shearer","sada thompson","0.0","0.0","The Divorcee","Family","the divorcee","family","0.0","0.0"
"RuleBasedMatcher","actors_3","golden_globes_415","0.0","","1931-01-01","2003-01-01","1931-01-01","2003-01-01","0.0","0.0","Norma Shearer","Diane Lane","norma shearer","diane lane","0.0","0.0","The Divorcee","Unfaithful","the divorcee","unfaithful","0.0","0.0"
"RuleBasedMatcher","actors_4","golden_globes_1523","0.1111111111111111","","1932-01-01","1982-01-01","1932-01-01","1982-01-01","0.0","0.0","Marie Dressler","Mickey Rooney","marie dressler","mickey rooney","0.0","0.0","Min and Bill","Bill","min and bill","bill","0.3333333333333333","0.3333333333333333"
"RuleBasedMatcher","actors_4","golden_globes_1413","0.08333333333333333","","1932-01-01","1984-01-01","1932-01-01","1984-01-01","0.0","0.0","Marie Dressler","['Joanna Cassidy', 'Dabney Coleman']","Marie Dressler","['Joanna Cassidy', 'Dabney Coleman']","0.0","0.0","Min and Bill","Buffalo Bill","min and bill","buffalo bill","0.25","0.25"
"RuleBasedMatcher","actors_4","golden_globes_615","0.06666666666666667","","1932-01-01","1999-01-01","1932-01-01","1999-01-01","0.0","0.0","Marie Dressler","Emily Watson","marie dressler","emily watson","0.0","0.0","Min and Bill","Hilary and Jackie","min and bill","hilary and jackie","0.2","0.2"
"RuleBasedMatcher","actors_4","golden_globes_367","0.05555555555555555","","1932-01-01","2004-01-01","1932-01-01","2004-01-01","0.0","0.0","Marie Dressler","Uma Thurman","marie dressler","uma thurman","0.0","0.0","Min and Bill","Kill Bill (Vol. 1)","min and bill","kill bill (vol. 1)","0.16666666666666666","0.16666666666666666"
"RuleBasedMatcher","actors_4","golden_globes_317","0.05555555555555555","","1932-01-01","2005-01-01","1932-01-01","2005-01-01","0.0","0.0","Marie Dressler","['Uma Thurman', 'David Carradine']","Marie Dressler","['Uma Thurman', 'David Carradine']","0.0","0.0","Min and Bill","Kill Bill Vol. 2","min and bill","kill bill vol. 2","0.16666666666666666","0.16666666666666666"
"RuleBasedMatcher","actors_4","golden_globes_1121","0.047619047619047616","","1932-01-01","1990-01-01","1932-01-01","1990-01-01","0.0","0.0","Marie Dressler","James Woods","marie dressler","james woods","0.0","0.0","Min and Bill","My Name Is Bill W.","min and bill","my name is bill w.","0.14285714285714285","0.14285714285714285"
"RuleBasedMatcher","actors_4","golden_globes_1042","0.0","","1932-01-01","1991-01-01","1932-01-01","1991-01-01","0.0","0.0","Marie Dressler","Al Pacino","marie dressler","al pacino","0.0","0.0","Min and Bill","Dick Tracy","min and bill","dick tracy","0.0","0.0"
"RuleBasedMatcher","actors_4","golden_globes_1151","0.06666666666666667","","1932-01-01","1989-01-01","1932-01-01","1989-01-01","0.0","0.0","Marie Dressler","Sharon Gless","marie dressler","sharon gless","0.0","0.0","Min and Bill","Cagney and Lacey","min and bill","cagney and lacey","0.2","0.2"
"RuleBasedMatcher","actors_4","golden_globes_1406","0.06666666666666667","","1932-01-01","1984-01-01","1932-01-01","1984-01-01","0.0","0.0","Marie Dressler","Tyne Daly","marie dressler","tyne daly","0.0","0.0","Min and Bill","Cagney and Lacey","min and bill","cagney and lacey","0.2","0.2"
"RuleBasedMatcher","actors_4","golden_globes_1299","0.06666666666666667","","1932-01-01","1986-01-01","1932-01-01","1986-01-01","0.0","0.0","Marie Dressler","['Tyne Daly', 'Sharon Gless']","Marie Dressler","['Tyne Daly', 'Sharon Gless']","0.0","0.0","Min and Bill","Cagney and Lacey","min and bill","cagney and lacey","0.2","0.2"
"RuleBasedMatcher","actors_4","golden_globes_1257","0.06666666666666667","","1932-01-01","1987-01-01","1932-01-01","1987-01-01","0.0","0.0","Marie Dressler","['Tyne Daly', 'Sharon Gless']","Marie Dressler","['Tyne Daly', 'Sharon Gless']","0.0","0.0","Min and Bill","Cagney and Lacey","min and bill","cagney and lacey","0.2","0.2"
"RuleBasedMatcher","actors_4","golden_globes_1204","0.06666666666666667","","1932-01-01","1988-01-01","1932-01-01","1988-01-01","0.0","0.0","Marie Dressler","Sharon Gless","marie dressler","sharon gless","0.0","0.0","Min and Bill","Cagney and Lacey","min and bill","cagney and lacey","0.2","0.2"
"RuleBasedMatcher","actors_4","golden_globes_1354","0.06666666666666667","","1932-01-01","1985-01-01","1932-01-01","1985-01-01","0.0","0.0","Marie Dressler","['Tyne Daly', 'Sharon Gless']","Marie Dressler","['Tyne Daly', 'Sharon Gless']","0.0","0.0","Min and Bill","Cagney and Lacey","min and bill","cagney and lacey","0.2","0.2"
"RuleBasedMatcher","actors_4","golden_globes_1954","0.06666666666666667","","1932-01-01","1970-01-01","1932-01-01","1970-01-01","0.0","0.0","Marie Dressler","Dustin Hoffman","marie dressler","dustin hoffman","0.0","0.0","Min and Bill","John and Mary","min and bill","john and mary","0.2","0.2"
"RuleBasedMatcher","actors_4","golden_globes_1543","0.06666666666666667","","1932-01-01","1981-01-01","1932-01-01","1981-01-01","0.0","0.0","Marie Dressler","['Paul Le Mat', 'Mary Steenburgen', 'Jason Robards Jr.']","Marie Dressler","['Paul Le Mat', 'Mary Steenburgen', 'Jason Robards Jr.']","0.0","0.0","Min and Bill","Melvin and Howard","min and bill","melvin and howard","0.2","0.2"
"RuleBasedMatcher","actors_4","golden_globes_489","0.0","","1932-01-01","2002-01-01","1932-01-01","2002-01-01","0.0","0.0","Marie Dressler","Calista Flockhart","marie dressler","calista flockhart","0.0","0.0","Min and Bill","Ally McBeal","min and bill","ally mcbeal","0.0","0.0"
"RuleBasedMatcher","actors_4","golden_globes_541","0.0","","1932-01-01","2001-01-01","1932-01-01","2001-01-01","0.0","0.0","Marie Dressler","['Calista Flockhart', 'Robert Downey Jr.']","Marie Dressler","['Calista Flockhart', 'Robert Downey Jr.']","0.0","0.0","Min and Bill","Ally McBeal","min and bill","ally mcbeal","0.0","0.0"
"RuleBasedMatcher","actors_4","golden_globes_594","0.0","","1932-01-01","2000-01-01","1932-01-01","2000-01-01","0.0","0.0","Marie Dressler","Calista Flockhart","marie dressler","calista flockhart","0.0","0.0","Min and Bill","Ally McBeal","min and bill","ally mcbeal","0.0","0.0"
"RuleBasedMatcher","actors_4","golden_globes_692","0.0","","1932-01-01","1998-01-01","1932-01-01","1998-01-01","0.0","0.0","Marie Dressler","Calista Flockhart","marie dressler","calista flockhart","0.0","0.0","Min and Bill","Ally McBeal","min and bill","ally mcbeal","0.0","0.0"
"RuleBasedMatcher","actors_4","golden_globes_645","0.0","","1932-01-01","1999-01-01","1932-01-01","1999-01-01","0.0","0.0","Marie Dressler","['Calista Flockhart', 'Jane Krakowski']","Marie Dressler","['Calista Flockhart', 'Jane Krakowski']","0.0","0.0","Min and Bill","Ally McBeal","min and bill","ally mcbeal","0.0","0.0"
"RuleBasedMatcher","actors_5","golden_globes_1895","0.047619047619047616","","1933-01-01","1972-01-01","1933-01-01","1972-01-01","0.0","0.0","Helen Hayes","Gene Hackman","helen hayes","gene hackman","0.0","0.0","The Sin of Madelon Claudet","French Connection, The","the sin of madelon claudet","french connection, the","0.14285714285714285","0.14285714285714285"
"RuleBasedMatcher","actors_5","golden_globes_357","0.041666666666666664","","1933-01-01","2005-01-01","1933-01-01","2005-01-01","0.0","0.0","Helen Hayes","Mos Def","helen hayes","mos def","0.0","0.0","The Sin of Madelon Claudet","Something The Lord Made","the sin of madelon claudet","something the lord made","0.125","0.125"
"RuleBasedMatcher","actors_5","golden_globes_753","0.09523809523809523","","1933-01-01","1997-01-01","1933-01-01","1997-01-01","0.0","0.0","Helen Hayes","['Isabella Rossellini', 'Stephen Rea', 'David Paymer']","Helen Hayes","['Isabella Rossellini', 'Stephen Rea', 'David Paymer']","0.0","0.0","The Sin of Madelon Claudet","Crime Of The Century","the sin of madelon claudet","crime of the century","0.2857142857142857","0.2857142857142857"
"RuleBasedMatcher","actors_5","golden_globes_257","0.041666666666666664","","1933-01-01","2007-01-01","1933-01-01","2007-01-01","0.0","0.0","Helen Hayes","Matthew Perry","helen hayes","matthew perry","0.0","0.0","The Sin of Madelon Claudet","Ron Clark Story, The","the sin of madelon claudet","ron clark story, the","0.125","0.125"
"RuleBasedMatcher","actors_5","golden_globes_1246","0.09523809523809523","","1933-01-01","1987-01-01","1933-01-01","1987-01-01","0.0","0.0","Helen Hayes","Sissy Spacek","helen hayes","sissy spacek","0.0","0.0","The Sin of Madelon Claudet","Crimes Of The Heart","the sin of madelon claudet","crimes of the heart","0.2857142857142857","0.2857142857142857"
"RuleBasedMatcher","actors_5","golden_globes_2114","0.0","","1933-01-01","1962-01-01","1933-01-01","1962-01-01","0.0","0.0","Helen Hayes","['Maximilian Schell', 'Judy Garland', 'Montgomery Clift']","Helen Hayes","['Maximilian Schell', 'Judy Garland', 'Montgomery Clift']","0.0","0.0","The Sin of Madelon Claudet","Judgment at Nuremberg","the sin of madelon claudet","judgment at nuremberg","0.0","0.0"
"RuleBasedMatcher","actors_5","golden_globes_1394","0.09523809523809523","","1933-01-01","1984-01-01","1933-01-01","1984-01-01","0.0","0.0","Helen Hayes","Linda Ronstadt","helen hayes","linda ronstadt","0.0","0.0","The Sin of Madelon Claudet","Pirates Of Penzance, The","the sin of madelon claudet","pirates of penzance, the","0.2857142857142857","0.2857142857142857"
"RuleBasedMatcher","actors_5","golden_globes_1485","0.041666666666666664","","1933-01-01","1982-01-01","1933-01-01","1982-01-01","0.0","0.0","Helen Hayes","Meryl Streep","helen hayes","meryl streep","0.0","0.0","The Sin of Madelon Claudet","French Lieutenant's Woman, The","the sin of madelon claudet","french lieutenant's woman, the","0.125","0.125"
"RuleBasedMatcher","actors_5","golden_globes_1432","0.0","","1933-01-01","1983-01-01","1933-01-01","1983-01-01","0.0","0.0","Helen Hayes","['Jessica Lange', 'Kim Stanley']","Helen Hayes","['Jessica Lange', 'Kim Stanley']","0.0","0.0","The Sin of Madelon Claudet","Frances","the sin of madelon claudet","frances","0.0","0.0"
"RuleBasedMatcher","actors_5","golden_globes_95","0.0","","1933-01-01","2010-01-01","1933-01-01","2010-01-01","0.0","0.0","Helen Hayes","Kenneth Branagh","helen hayes","kenneth branagh","0.0","0.0","The Sin of Madelon Claudet","Wallander: One Step Behind","the sin of madelon claudet","wallander: one step behind","0.0","0.0"
"RuleBasedMatcher","actors_5","golden_globes_709","0.0","","1933-01-01","1998-01-01","1933-01-01","1998-01-01","0.0","0.0","Helen Hayes","Michael Caine","helen hayes","michael caine","0.0","0.0","The Sin of Madelon Claudet","Mandela and De Klerk","the sin of madelon claudet","mandela and de klerk","0.0","0.0"
"RuleBasedMatcher","actors_5","golden_globes_2115","0.08333333333333333","","1933-01-01","1962-01-01","1933-01-01","1962-01-01","0.0","0.0","Helen Hayes","Fred Astaire","helen hayes","fred astaire","0.0","0.0","The Sin of Madelon Claudet","Pleasure Of His Company, The","the sin of madelon claudet","pleasure of his company, the","0.25","0.25"
"RuleBasedMatcher","actors_5","golden_globes_1127","0.0","","1933-01-01","1989-01-01","1933-01-01","1989-01-01","0.0","0.0","Helen Hayes","Shirley MacLaine","helen hayes","shirley maclaine","0.0","0.0","The Sin of Madelon Claudet","Madame Sousatzka","the sin of madelon claudet","madame sousatzka","0.0","0.0"
"RuleBasedMatcher","actors_5","golden_globes_1481","0.047619047619047616","","1933-01-01","1982-01-01","1933-01-01","1982-01-01","0.0","0.0","Helen Hayes","Sally Field","helen hayes","sally field","0.0","0.0","The Sin of Madelon Claudet","Absence Of Malice","the sin of madelon claudet","absence of malice","0.14285714285714285","0.14285714285714285"
"RuleBasedMatcher","actors_5","golden_globes_1539","0.0","","1933-01-01","1981-01-01","1933-01-01","1981-01-01","0.0","0.0","Helen Hayes","Bette Midler","helen hayes","bette midler","0.0","0.0","The Sin of Madelon Claudet","Divine Madness","the sin of madelon claudet","divine madness","0.0","0.0"
"RuleBasedMatcher","actors_5","golden_globes_1330","0.0","","1933-01-01","1985-01-01","1933-01-01","1985-01-01","0.0","0.0","Helen Hayes","['F. Murray Abraham', 'Tom Hulce', 'Jeffrey Jones']","Helen Hayes","['F. Murray Abraham', 'Tom Hulce', 'Jeffrey Jones']","0.0","0.0","The Sin of Madelon Claudet","Amadeus","the sin of madelon claudet","amadeus","0.0","0.0"
"RuleBasedMatcher","actors_5","golden_globes_868","0.08333333333333333","","1933-01-01","1994-01-01","1933-01-01","1994-01-01","0.0","0.0","Helen Hayes","['Emma Thompson', 'Anthony Hopkins']","Helen Hayes","['Emma Thompson', 'Anthony Hopkins']","0.0","0.0","The Sin of Madelon Claudet","Remains Of The Day, The","the sin of madelon claudet","remains of the day, the","0.25","0.25"
"RuleBasedMatcher","actors_5","golden_globes_763","0.0","","1933-01-01","1996-01-01","1933-01-01","1996-01-01","0.0","0.0","Helen Hayes","Richard Dreyfuss","helen hayes","richard dreyfuss","0.0","0.0","The Sin of Madelon Claudet","Mr. Holland's Opus","the sin of madelon claudet","mr. holland's opus","0.0","0.0"
"RuleBasedMatcher","actors_5","golden_globes_2203","0.047619047619047616","","1933-01-01","1957-01-01","1933-01-01","1957-01-01","0.0","0.0","Helen Hayes","Charlton Heston","helen hayes","charlton heston","0.0","0.0","The Sin of Madelon Claudet","Ten Commandments, The","the sin of madelon claudet","ten commandments, the","0.14285714285714285","0.14285714285714285"
"RuleBasedMatcher","actors_5","golden_globes_1270","0.03333333333333333","","1933-01-01","1987-01-01","1933-01-01","1987-01-01","0.0","0.0","Helen Hayes","['Farrah Fawcett', 'Geraldine Page', 'Tom Conti']","Helen Hayes","['Farrah Fawcett', 'Geraldine Page', 'Tom Conti']","0.0","0.0","The Sin of Madelon Claudet","Nazi Hunter: The Beate Klarsfeld Story","the sin of madelon claudet","nazi hunter: the beate klarsfeld story","0.1","0.1"
"RuleBasedMatcher","actors_6","golden_globes_1096","0.16666666666666666","","1934-01-01","1990-01-01","1934-01-01","1990-01-01","0.0","0.0","Katharine Hepburn","Denzel Washington","katharine hepburn","denzel washington","0.0","0.0","Morning Glory","Glory","morning glory","glory","0.5","0.5"
"RuleBasedMatcher","actors_6","golden_globes_1202","0.08333333333333333","","1934-01-01","1988-01-01","1934-01-01","1988-01-01","0.0","0.0","Katharine Hepburn","","katharine hepburn","","0.0","0.0","Morning Glory","Hope and Glory","morning glory","hope and glory","0.25","0.25"
"RuleBasedMatcher","actors_6","golden_globes_1689","0.08333333333333333","","1934-01-01","1977-01-01","1934-01-01","1977-01-01","0.0","0.0","Katharine Hepburn","David Carradine","katharine hepburn","david carradine","0.0","0.0","Morning Glory","Bound For Glory","morning glory","bound for glory","0.25","0.25"
"RuleBasedMatcher","actors_6","golden_globes_1421","0.047619047619047616","","1934-01-01","1984-01-01","1934-01-01","1984-01-01","0.0","0.0","Katharine Hepburn","Susan Blakely","katharine hepburn","susan blakely","0.0","0.0","Morning Glory","Will There Really Be a Morning","morning glory","will there really be a morning","0.14285714285714285","0.14285714285714285"
"RuleBasedMatcher","actors_6","golden_globes_2188","0.0","","1934-01-01","1958-01-01","1934-01-01","1958-01-01","0.0","0.0","Katharine Hepburn","Maurice Chevalier","katharine hepburn","maurice chevalier","0.0","0.0","Morning Glory","Love In The Afternoon","morning glory","love in the afternoon","0.0","0.0"
"RuleBasedMatcher","actors_6","golden_globes_1029","0.0","","1934-01-01","1991-01-01","1934-01-01","1991-01-01","0.0","0.0","Katharine Hepburn","Robin Williams","katharine hepburn","robin williams","0.0","0.0","Morning Glory","Awakenings","morning glory","awakenings","0.0","0.0"
"RuleBasedMatcher","actors_6","golden_globes_1912","0.0","","1934-01-01","1971-01-01","1934-01-01","1971-01-01","0.0","0.0","Katharine Hepburn","Melina Mercouri","katharine hepburn","melina mercouri","0.0","0.0","Morning Glory","Promise at Dawn","morning glory","promise at dawn","0.0","0.0"
"RuleBasedMatcher","actors_6","golden_globes_2013","0.0","","1934-01-01","1966-01-01","1934-01-01","1966-01-01","0.0","0.0","Katharine Hepburn","Julie Christie","katharine hepburn","julie christie","0.0","0.0","Morning Glory","Darling","morning glory","darling","0.0","0.0"
"RuleBasedMatcher","actors_6","golden_globes_1824","0.0","","1934-01-01","1974-01-01","1934-01-01","1974-01-01","0.0","0.0","Katharine Hepburn","Valentina Cortese","katharine hepburn","valentina cortese","0.0","0.0","Morning Glory","Day For Night","morning glory","day for night","0.0","0.0"
"RuleBasedMatcher","actors_6","golden_globes_2230","0.0","","1934-01-01","1953-01-01","1934-01-01","1953-01-01","0.0","0.0","Katharine Hepburn","['Gary Cooper', 'Katy Jurado']","Katharine Hepburn","['Gary Cooper', 'Katy Jurado']","0.0","0.0","Morning Glory","High Noon","morning glory","high noon","0.0","0.0"
"RuleBasedMatcher","actors_6","golden_globes_1649","0.0","","1934-01-01","1978-01-01","1934-01-01","1978-01-01","0.0","0.0","Katharine Hepburn","['Gena Rowlands', 'Joan Blondell']","Katharine Hepburn","['Gena Rowlands', 'Joan Blondell']","0.0","0.0","Morning Glory","Opening Night","morning glory","opening night","0.0","0.0"
"RuleBasedMatcher","actors_6","golden_globes_1234","0.0","","1934-01-01","1987-01-01","1934-01-01","1987-01-01","0.0","0.0","Katharine Hepburn","Anne Bancroft","katharine hepburn","anne bancroft","0.0","0.0","Morning Glory","'Night Mother","morning glory","'night mother","0.0","0.0"
"RuleBasedMatcher","actors_6","golden_globes_2151","0.0","","1934-01-01","1960-01-01","1934-01-01","1960-01-01","0.0","0.0","Katharine Hepburn","Fredric March","katharine hepburn","fredric march","0.0","0.0","Morning Glory","Middle Of The Night","morning glory","middle of the night","0.0","0.0"
"RuleBasedMatcher","actors_6","golden_globes_1196","0.0","","1934-01-01","1988-01-01","1934-01-01","1988-01-01","0.0","0.0","Katharine Hepburn","Robin Williams","katharine hepburn","robin williams","0.0","0.0","Morning Glory","Good Morning, Vietnam","morning glory","good morning, vietnam","0.0","0.0"
"RuleBasedMatcher","actors_6","golden_globes_1223","0.0","","1934-01-01","1988-01-01","1934-01-01","1988-01-01","0.0","0.0","Katharine Hepburn","Jack Lemmon","katharine hepburn","jack lemmon","0.0","0.0","Morning Glory","Long Day's Journey Into Night","morning glory","long day's journey into night","0.0","0.0"
"RuleBasedMatcher","actors_6","golden_globes_2080","0.3333333333333333","","1934-01-01","1963-01-01","1934-01-01","1963-01-01","0.0","0.0","Katharine Hepburn","Katharine Hepburn","katharine hepburn","katharine hepburn","1.0","1.0","Morning Glory","Long Day's Journey Into Night","morning glory","long day's journey into night","0.0","0.0"
"RuleBasedMatcher","actors_6","golden_globes_2126","0.0","","1934-01-01","1961-01-01","1934-01-01","1961-01-01","0.0","0.0","Katharine Hepburn","Greer Garson","katharine hepburn","greer garson","0.0","0.0","Morning Glory","Sunrise at Campobello","morning glory","sunrise at campobello","0.0","0.0"
"RuleBasedMatcher","actors_6","golden_globes_740","0.0","","1934-01-01","1997-01-01","1934-01-01","1997-01-01","0.0","0.0","Katharine Hepburn","Brett Butler","katharine hepburn","brett butler","0.0","0.0","Morning Glory","Grace Under Fire","morning glory","grace under fire","0.0","0.0"
"RuleBasedMatcher","actors_6","golden_globes_844","0.0","","1934-01-01","1995-01-01","1934-01-01","1995-01-01","0.0","0.0","Katharine Hepburn","Brett Butler","katharine hepburn","brett butler","0.0","0.0","Morning Glory","Grace Under Fire","morning glory","grace under fire","0.0","0.0"
"RuleBasedMatcher","actors_6","golden_globes_954","0.0","","1934-01-01","1993-01-01","1934-01-01","1993-01-01","0.0","0.0","Katharine Hepburn","Burt Reynolds","katharine hepburn","burt reynolds","0.0","0.0","Morning Glory","Evening Shade","morning glory","evening shade","0.0","0.0"
"RuleBasedMatcher","actors_7","golden_globes_592","0.06666666666666667","","1935-01-01","2000-01-01","1935-01-01","2000-01-01","0.0","0.0","['Claudette Colbert', 'Clark Gable']","","['Claudette Colbert', 'Clark Gable']","","0.0","0.0","It Happened One Night","Sports Night","it happened one night","sports night","0.2","0.2"
"RuleBasedMatcher","actors_7","golden_globes_2151","0.047619047619047616","","1935-01-01","1960-01-01","1935-01-01","1960-01-01","0.0","0.0","['Claudette Colbert', 'Clark Gable']","Fredric March","['Claudette Colbert', 'Clark Gable']","Fredric March","0.0","0.0","It Happened One Night","Middle Of The Night","it happened one night","middle of the night","0.14285714285714285","0.14285714285714285"
"RuleBasedMatcher","actors_7","golden_globes_767","0.0","","1935-01-01","1996-01-01","1935-01-01","1996-01-01","0.0","0.0","['Claudette Colbert', 'Clark Gable']","Sandra Bullock","['Claudette Colbert', 'Clark Gable']","Sandra Bullock","0.0","0.0","It Happened One Night","While You Were Sleeping","it happened one night","while you were sleeping","0.0","0.0"
"RuleBasedMatcher","actors_7","golden_globes_1824","0.05555555555555555","","1935-01-01","1974-01-01","1935-01-01","1974-01-01","0.0","0.0","['Claudette Colbert', 'Clark Gable']","Valentina Cortese","['Claudette Colbert', 'Clark Gable']","Valentina Cortese","0.0","0.0","It Happened One Night","Day For Night","it happened one night","day for night","0.16666666666666666","0.16666666666666666"
"RuleBasedMatcher","actors_7","golden_globes_1649","0.06666666666666667","","1935-01-01","1978-01-01","1935-01-01","1978-01-01","0.0","0.0","['Claudette Colbert', 'Clark Gable']","['Gena Rowlands', 'Joan Blondell']","['Claudette Colbert', 'Clark Gable']","['Gena Rowlands', 'Joan Blondell']","0.0","0.0","It Happened One Night","Opening Night","it happened one night","opening night","0.2","0.2"
"RuleBasedMatcher","actors_7","golden_globes_537","0.0","","1935-01-01","2001-01-01","1935-01-01","2001-01-01","0.0","0.0","['Claudette Colbert', 'Clark Gable']","Sela Ward","['Claudette Colbert', 'Clark Gable']","Sela Ward","0.0","0.0","It Happened One Night","Once and Again","it happened one night","once and again","0.0","0.0"
"RuleBasedMatcher","actors_7","golden_globes_589","0.0","","1935-01-01","2000-01-01","1935-01-01","2000-01-01","0.0","0.0","['Claudette Colbert', 'Clark Gable']","['Sela Ward', 'William O. Campbell']","['Claudette Colbert', 'Clark Gable']","['Sela Ward', 'William O. Campbell']","0.0","0.0","It Happened One Night","Once and Again","it happened one night","once and again","0.0","0.0"
"RuleBasedMatcher","actors_7","golden_globes_484","0.0","","1935-01-01","2002-01-01","1935-01-01","2002-01-01","0.0","0.0","['Claudette Colbert', 'Clark Gable']","Sela Ward","['Claudette Colbert', 'Clark Gable']","Sela Ward","0.0","0.0","It Happened One Night","Once and Again","it happened one night","once and again","0.0","0.0"
"RuleBasedMatcher","actors_7","golden_globes_512","0.05555555555555555","","1935-01-01","2001-01-01","1935-01-01","2001-01-01","0.0","0.0","['Claudette Colbert', 'Clark Gable']","Javier Bardem","['Claudette Colbert', 'Clark Gable']","Javier Bardem","0.0","0.0","It Happened One Night","Before Night Falls","it happened one night","before night falls","0.16666666666666666","0.16666666666666666"
"RuleBasedMatcher","actors_7","golden_globes_1378","0.06666666666666667","","1935-01-01","1985-01-01","1935-01-01","1985-01-01","0.0","0.0","['Claudette Colbert', 'Clark Gable']","Selma Diamond","['Claudette Colbert', 'Clark Gable']","Selma Diamond","0.0","0.0","It Happened One Night","Night Court","it happened one night","night court","0.2","0.2"
"RuleBasedMatcher","actors_7","golden_globes_1231","0.06666666666666667","","1935-01-01","1988-01-01","1935-01-01","1988-01-01","0.0","0.0","['Claudette Colbert', 'Clark Gable']","John Larroquette","['Claudette Colbert', 'Clark Gable']","John Larroquette","0.0","0.0","It Happened One Night","Night Court","it happened one night","night court","0.2","0.2"
"RuleBasedMatcher","actors_7","golden_globes_1154","0.037037037037037035","","1935-01-01","1989-01-01","1935-01-01","1989-01-01","0.0","0.0","['Claudette Colbert', 'Clark Gable']","Carroll O'Connor","['Claudette Colbert', 'Clark Gable']","Carroll O'Connor","0.0","0.0","It Happened One Night","In The Heat Of The Night","it happened one night","in the heat of the night","0.1111111111111111","0.1111111111111111"
"RuleBasedMatcher","actors_7","golden_globes_1988","0.037037037037037035","","1935-01-01","1968-01-01","1935-01-01","1968-01-01","0.0","0.0","['Claudette Colbert', 'Clark Gable']","['Sidney Poitier', 'Rod Steiger', 'Quentin Dean', 'Lee Grant']","['Claudette Colbert', 'Clark Gable']","['Sidney Poitier', 'Rod Steiger', 'Quentin Dean', 'Lee Grant']","0.0","0.0","It Happened One Night","In The Heat Of The Night","it happened one night","in the heat of the night","0.1111111111111111","0.1111111111111111"
"RuleBasedMatcher","actors_7","golden_globes_997","0.037037037037037035","","1935-01-01","1992-01-01","1935-01-01","1992-01-01","0.0","0.0","['Claudette Colbert', 'Clark Gable']","Carroll O'Connor","['Claudette Colbert', 'Clark Gable']","Carroll O'Connor","0.0","0.0","It Happened One Night","In The Heat Of The Night","it happened one night","in the heat of the night","0.1111111111111111","0.1111111111111111"
"RuleBasedMatcher","actors_7","golden_globes_894","0.037037037037037035","","1935-01-01","1994-01-01","1935-01-01","1994-01-01","0.0","0.0","['Claudette Colbert', 'Clark Gable']","Carroll O'Connor","['Claudette Colbert', 'Clark Gable']","Carroll O'Connor","0.0","0.0","It Happened One Night","In The Heat Of The Night","it happened one night","in the heat of the night","0.1111111111111111","0.1111111111111111"
"RuleBasedMatcher","actors_7","golden_globes_1053","0.037037037037037035","","1935-01-01","1991-01-01","1935-01-01","1991-01-01","0.0","0.0","['Claudette Colbert', 'Clark Gable']","Carroll O'Connor","['Claudette Colbert', 'Clark Gable']","Carroll O'Connor","0.0","0.0","It Happened One Night","In The Heat Of The Night","it happened one night","in the heat of the night","0.1111111111111111","0.1111111111111111"
"RuleBasedMatcher","actors_7","golden_globes_1102","0.037037037037037035","","1935-01-01","1990-01-01","1935-01-01","1990-01-01","0.0","0.0","['Claudette Colbert', 'Clark Gable']","Carroll O'Connor","['Claudette Colbert', 'Clark Gable']","Carroll O'Connor","0.0","0.0","It Happened One Night","In The Heat Of The Night","it happened one night","in the heat of the night","0.1111111111111111","0.1111111111111111"
"RuleBasedMatcher","actors_7","golden_globes_788","0.06666666666666667","","1935-01-01","1996-01-01","1935-01-01","1996-01-01","0.0","0.0","['Claudette Colbert', 'Clark Gable']","Daniel Benzali","['Claudette Colbert', 'Clark Gable']","Daniel Benzali","0.0","0.0","It Happened One Night","Murder One","it happened one night","murder one","0.2","0.2"
"RuleBasedMatcher","actors_7","golden_globes_1285","0.0","","1935-01-01","1986-01-01","1935-01-01","1986-01-01","0.0","0.0","['Claudette Colbert', 'Clark Gable']","['Gene Hackman', 'Amy Madigan']","['Claudette Colbert', 'Clark Gable']","['Gene Hackman', 'Amy Madigan']","0.0","0.0","It Happened One Night","Twice In a Lifetime","it happened one night","twice in a lifetime","0.0","0.0"
"RuleBasedMatcher","actors_7","golden_globes_1234","0.0","","1935-01-01","1987-01-01","1935-01-01","1987-01-01","0.0","0.0","['Claudette Colbert', 'Clark Gable']","Anne Bancroft","['Claudette Colbert', 'Clark Gable']","Anne Bancroft","0.0","0.0","It Happened One Night","'Night Mother","it happened one night","'night mother","0.0","0.0"
"RuleBasedMatcher","actors_8","golden_globes_1398","0.0","","1936-01-01","1984-01-01","1936-01-01","1984-01-01","0.0","0.0","Bette Davis","Tom Cruise","bette davis","tom cruise","0.0","0.0","Dangerous","Risky Business","dangerous","risky business","0.0","0.0"
"RuleBasedMatcher","actors_8","golden_globes_869","0.1111111111111111","","1936-01-01","1994-01-01","1936-01-01","1994-01-01","0.0","0.0","Bette Davis","Debra Winger","bette davis","debra winger","0.0","0.0","Dangerous","Dangerous Woman, a","dangerous","dangerous woman, a","0.3333333333333333","0.3333333333333333"
"RuleBasedMatcher","actors_8","golden_globes_884","0.0","","1936-01-01","1994-01-01","1936-01-01","1994-01-01","0.0","0.0","Bette Davis","Rosie Perez","bette davis","rosie perez","0.0","0.0","Dangerous","Fearless","dangerous","fearless","0.0","0.0"
"RuleBasedMatcher","actors_8","golden_globes_2227","0.0","","1936-01-01","1953-01-01","1936-01-01","1953-01-01","0.0","0.0","Bette Davis","Joan Crawford","bette davis","joan crawford","0.0","0.0","Dangerous","Sudden Fear","dangerous","sudden fear","0.0","0.0"
"RuleBasedMatcher","actors_8","golden_globes_936","0.0","","1936-01-01","1993-01-01","1936-01-01","1993-01-01","0.0","0.0","Bette Davis","Miranda Richardson","bette davis","miranda richardson","0.0","0.0","Dangerous","Damage","dangerous","damage","0.0","0.0"
"RuleBasedMatcher","actors_8","golden_globes_1831","0.0","","1936-01-01","1974-01-01","1936-01-01","1974-01-01","0.0","0.0","Bette Davis","Julie London","bette davis","julie london","0.0","0.0","Dangerous","Emergency","dangerous","emergency","0.0","0.0"
"RuleBasedMatcher","actors_8","golden_globes_1929","0.0","","1936-01-01","1971-01-01","1936-01-01","1971-01-01","0.0","0.0","Bette Davis","Yvette Mimieux","bette davis","yvette mimieux","0.0","0.0","Dangerous","Most Deadly Game, The","dangerous","most deadly game, the","0.0","0.0"
"RuleBasedMatcher","actors_8","golden_globes_731","0.0","","1936-01-01","1997-01-01","1936-01-01","1997-01-01","0.0","0.0","Bette Davis","Edward Norton","bette davis","edward norton","0.0","0.0","Dangerous","Primal Fear","dangerous","primal fear","0.0","0.0"
"RuleBasedMatcher","actors_8","golden_globes_1401","0.0","","1936-01-01","1984-01-01","1936-01-01","1984-01-01","0.0","0.0","Bette Davis","Linda Hunt","bette davis","linda hunt","0.0","0.0","Dangerous","Year Of Living Dangerously, The","dangerous","year of living dangerously, the","0.0","0.0"
"RuleBasedMatcher","actors_8","golden_globes_702","0.0","","1936-01-01","1998-01-01","1936-01-01","1998-01-01","0.0","0.0","Bette Davis","Meryl Streep","bette davis","meryl streep","0.0","0.0","Dangerous","First Do No Harm","dangerous","first do no harm","0.0","0.0"
"RuleBasedMatcher","actors_8","golden_globes_1613","0.0","","1936-01-01","1979-01-01","1936-01-01","1979-01-01","0.0","0.0","Bette Davis","Anthony Hopkins","bette davis","anthony hopkins","0.0","0.0","Dangerous","Magic","dangerous","magic","0.0","0.0"
"RuleBasedMatcher","actors_8","golden_globes_687","0.0","","1936-01-01","1998-01-01","1936-01-01","1998-01-01","0.0","0.0","Bette Davis","Kevin Anderson","bette davis","kevin anderson","0.0","0.0","Dangerous","Nothing Sacred","dangerous","nothing sacred","0.0","0.0"
"RuleBasedMatcher","actors_8","golden_globes_502","0.0","","1936-01-01","2002-01-01","1936-01-01","2002-01-01","0.0","0.0","Bette Davis","['Kenneth Branagh', 'Stanley Tucci']","Bette Davis","['Kenneth Branagh', 'Stanley Tucci']","0.0","0.0","Dangerous","Conspiracy","dangerous","conspiracy","0.0","0.0"
"RuleBasedMatcher","actors_8","golden_globes_1403","0.0","","1936-01-01","1984-01-01","1936-01-01","1984-01-01","0.0","0.0","Bette Davis","Gene Hackman","bette davis","gene hackman","0.0","0.0","Dangerous","Under Fire","dangerous","under fire","0.0","0.0"
"RuleBasedMatcher","actors_8","golden_globes_1244","0.0","","1936-01-01","1987-01-01","1936-01-01","1987-01-01","0.0","0.0","Bette Davis","['Melanie Griffith', 'Jeff Daniels', 'Ray Liotta']","Bette Davis","['Melanie Griffith', 'Jeff Daniels', 'Ray Liotta']","0.0","0.0","Dangerous","Something Wild","dangerous","something wild","0.0","0.0"
"RuleBasedMatcher","actors_8","golden_globes_1179","0.0","","1936-01-01","1988-01-01","1936-01-01","1988-01-01","0.0","0.0","Bette Davis","['Glenn Close', 'Anne Archer']","Bette Davis","['Glenn Close', 'Anne Archer']","0.0","0.0","Dangerous","Fatal Attraction","dangerous","fatal attraction","0.0","0.0"
"RuleBasedMatcher","actors_8","golden_globes_366","0.0","","1936-01-01","2004-01-01","1936-01-01","2004-01-01","0.0","0.0","Bette Davis","Charlize Theron","bette davis","charlize theron","0.0","0.0","Dangerous","Monster","dangerous","monster","0.0","0.0"
"RuleBasedMatcher","actors_8","golden_globes_2140","0.0","","1936-01-01","1961-01-01","1936-01-01","1961-01-01","0.0","0.0","Bette Davis","Janet Leigh","bette davis","janet leigh","0.0","0.0","Dangerous","Psycho","dangerous","psycho","0.0","0.0"
"RuleBasedMatcher","actors_8","golden_globes_293","0.0","","1936-01-01","2006-01-01","1936-01-01","2006-01-01","0.0","0.0","Bette Davis","['Matthew Fox', 'Naveen Andrews']","Bette Davis","['Matthew Fox', 'Naveen Andrews']","0.0","0.0","Dangerous","Lost","dangerous","lost","0.0","0.0"
"RuleBasedMatcher","actors_8","golden_globes_232","0.0","","1936-01-01","2007-01-01","1936-01-01","2007-01-01","0.0","0.0","Bette Davis","Evangeline Lilly","bette davis","evangeline lilly","0.0","0.0","Dangerous","Lost","dangerous","lost","0.0","0.0"
"RuleBasedMatcher","actors_9","golden_globes_968","0.0","","1937-01-01","1993-01-01","1937-01-01","1993-01-01","0.0","0.0","Luise Rainer","Jason Alexander","luise rainer","jason alexander","0.0","0.0","The Great Zeigfeld","Seinfeld","the great zeigfeld","seinfeld","0.0","0.0"
"RuleBasedMatcher","actors_9","golden_globes_902","0.0","","1937-01-01","1994-01-01","1937-01-01","1994-01-01","0.0","0.0","Luise Rainer","['Jerry Seinfeld', 'Julia Louis-Dreyfus', 'Jason Alexander']","Luise Rainer","['Jerry Seinfeld', 'Julia Louis-Dreyfus', 'Jason Alexander']","0.0","0.0","The Great Zeigfeld","Seinfeld","the great zeigfeld","seinfeld","0.0","0.0"
"RuleBasedMatcher","actors_9","golden_globes_797","0.0","","1937-01-01","1996-01-01","1937-01-01","1996-01-01","0.0","0.0","Luise Rainer","Jerry Seinfeld","luise rainer","jerry seinfeld","0.0","0.0","The Great Zeigfeld","Seinfeld","the great zeigfeld","seinfeld","0.0","0.0"
"RuleBasedMatcher","actors_9","golden_globes_850","0.0","","1937-01-01","1995-01-01","1937-01-01","1995-01-01","0.0","0.0","Luise Rainer","['Jerry Seinfeld', 'Julia Louis-Dreyfus', 'Jason Alexander']","Luise Rainer","['Jerry Seinfeld', 'Julia Louis-Dreyfus', 'Jason Alexander']","0.0","0.0","The Great Zeigfeld","Seinfeld","the great zeigfeld","seinfeld","0.0","0.0"
"RuleBasedMatcher","actors_9","golden_globes_698","0.0","","1937-01-01","1998-01-01","1937-01-01","1998-01-01","0.0","0.0","Luise Rainer","['Jerry Seinfeld', 'Jason Alexander']","Luise Rainer","['Jerry Seinfeld', 'Jason Alexander']","0.0","0.0","The Great Zeigfeld","Seinfeld","the great zeigfeld","seinfeld","0.0","0.0"
"RuleBasedMatcher","actors_9","golden_globes_1277","0.16666666666666666","","1937-01-01","1987-01-01","1937-01-01","1987-01-01","0.0","0.0","Luise Rainer","['Jan Niklas', 'Lilli Palmer']","Luise Rainer","['Jan Niklas', 'Lilli Palmer']","0.0","0.0","The Great Zeigfeld","Peter The Great","the great zeigfeld","peter the great","0.5","0.5"
"RuleBasedMatcher","actors_9","golden_globes_1569","0.0","","1937-01-01","1980-01-01","1937-01-01","1980-01-01","0.0","0.0","Luise Rainer","['Dustin Hoffman', 'Jane Alexander', 'Meryl Streep', 'Justin Henry']","Luise Rainer","['Dustin Hoffman', 'Jane Alexander', 'Meryl Streep', 'Justin Henry']","0.0","0.0","The Great Zeigfeld","Kramer Vs. Kramer","the great zeigfeld","kramer vs. kramer","0.0","0.0"
"RuleBasedMatcher","actors_9","golden_globes_1270","0.041666666666666664","","1937-01-01","1987-01-01","1937-01-01","1987-01-01","0.0","0.0","Luise Rainer","['Farrah Fawcett', 'Geraldine Page', 'Tom Conti']","Luise Rainer","['Farrah Fawcett', 'Geraldine Page', 'Tom Conti']","0.0","0.0","The Great Zeigfeld","Nazi Hunter: The Beate Klarsfeld Story","the great zeigfeld","nazi hunter: the beate klarsfeld story","0.125","0.125"
"RuleBasedMatcher","actors_9","golden_globes_1397","0.0","","1937-01-01","1984-01-01","1937-01-01","1984-01-01","0.0","0.0","Luise Rainer","Woody Allen","luise rainer","woody allen","0.0","0.0","The Great Zeigfeld","Zelig","the great zeigfeld","zelig","0.0","0.0"
"RuleBasedMatcher","actors_9","golden_globes_963","0.0","","1937-01-01","1993-01-01","1937-01-01","1993-01-01","0.0","0.0","Luise Rainer","['Robert Duvall', 'Joan Plowright', 'Maximilian Schell']","Luise Rainer","['Robert Duvall', 'Joan Plowright', 'Maximilian Schell']","0.0","0.0","The Great Zeigfeld","Stalin","the great zeigfeld","stalin","0.0","0.0"
"RuleBasedMatcher","actors_9","golden_globes_1068","0.0","","1937-01-01","1991-01-01","1937-01-01","1991-01-01","0.0","0.0","Luise Rainer","Michael Caine","luise rainer","michael caine","0.0","0.0","The Great Zeigfeld","Jekyll & Hyde","the great zeigfeld","jekyll & hyde","0.0","0.0"
"RuleBasedMatcher","actors_9","golden_globes_1788","0.16666666666666666","","1937-01-01","1975-01-01","1937-01-01","1975-01-01","0.0","0.0","Luise Rainer","['Karen Black', 'Bruce Dern', 'Sam Waterston']","Luise Rainer","['Karen Black', 'Bruce Dern', 'Sam Waterston']","0.0","0.0","The Great Zeigfeld","Great Gatsby, The","the great zeigfeld","great gatsby, the","0.5","0.5"
"RuleBasedMatcher","actors_9","golden_globes_406","0.08333333333333333","","1937-01-01","2004-01-01","1937-01-01","2004-01-01","0.0","0.0","Luise Rainer","['Judy Davis', 'James Brolin']","Luise Rainer","['Judy Davis', 'James Brolin']","0.0","0.0","The Great Zeigfeld","Reagans, The","the great zeigfeld","reagans, the","0.25","0.25"
"RuleBasedMatcher","actors_9","golden_globes_2090","0.037037037037037035","","1937-01-01","1963-01-01","1937-01-01","1963-01-01","0.0","0.0","Luise Rainer","Laurence Harvey","luise rainer","laurence harvey","0.0","0.0","The Great Zeigfeld","Wonderful World Of The Brothers Grimm, The","the great zeigfeld","wonderful world of the brothers grimm, the","0.1111111111111111","0.1111111111111111"
"RuleBasedMatcher","actors_9","golden_globes_200","0.0","","1937-01-01","2008-01-01","1937-01-01","2008-01-01","0.0","0.0","Luise Rainer","James Nesbitt","luise rainer","james nesbitt","0.0","0.0","The Great Zeigfeld","Jekyll","the great zeigfeld","jekyll","0.0","0.0"
"RuleBasedMatcher","actors_9","golden_globes_1477","0.0","","1937-01-01","1983-01-01","1937-01-01","1983-01-01","0.0","0.0","Luise Rainer","Sam Waterston","luise rainer","sam waterston","0.0","0.0","The Great Zeigfeld","Oppenheimer","the great zeigfeld","oppenheimer","0.0","0.0"
"RuleBasedMatcher","actors_9","golden_globes_1695","0.08333333333333333","","1937-01-01","1977-01-01","1937-01-01","1977-01-01","0.0","0.0","Luise Rainer","['Rita Moreno', 'Jack Weston']","Luise Rainer","['Rita Moreno', 'Jack Weston']","0.0","0.0","The Great Zeigfeld","Ritz, The","the great zeigfeld","ritz, the","0.25","0.25"
"RuleBasedMatcher","actors_9","golden_globes_2238","0.047619047619047616","","1937-01-01","1953-01-01","1937-01-01","1953-01-01","0.0","0.0","Luise Rainer","","luise rainer","","0.0","0.0","The Great Zeigfeld","Greatest Show On Earth, The","the great zeigfeld","greatest show on earth, the","0.14285714285714285","0.14285714285714285"
"RuleBasedMatcher","actors_9","golden_globes_1646","0.0","","1937-01-01","1978-01-01","1937-01-01","1978-01-01","0.0","0.0","Luise Rainer","['Jane Fonda', 'Vanessa Redgrave', 'Jason Robards Jr.', 'Maximilian Schell']","Luise Rainer","['Jane Fonda', 'Vanessa Redgrave', 'Jason Robards Jr.', 'Maximilian Schell']","0.0","0.0","The Great Zeigfeld","Julia","the great zeigfeld","julia","0.0","0.0"
"RuleBasedMatcher","actors_9","golden_globes_1763","0.0","","1937-01-01","1976-01-01","1937-01-01","1976-01-01","0.0","0.0","Luise Rainer","Cloris Leachman","luise rainer","cloris leachman","0.0","0.0","The Great Zeigfeld","Phyllis","the great zeigfeld","phyllis","0.0","0.0"
"RuleBasedMatcher","actors_10","golden_globes_2236","0.047619047619047616","","1938-01-01","1953-01-01","1938-01-01","1953-01-01","0.0","0.0","Luise Rainer","['Gloria Grahame', 'Gilbert Roland']","Luise Rainer","['Gloria Grahame', 'Gilbert Roland']","0.0","0.0","The Good Earth","Bad and The Beautiful, The","the good earth","bad and the beautiful, the","0.14285714285714285","0.14285714285714285"
"RuleBasedMatcher","actors_10","golden_globes_38","0.13333333333333333","","1938-01-01","2011-01-01","1938-01-01","2011-01-01","0.0","0.0","Luise Rainer","['Hayley Atwell', 'Ian McShane']","Luise Rainer","['Hayley Atwell', 'Ian McShane']","0.0","0.0","The Good Earth","Pillars Of The Earth","the good earth","pillars of the earth","0.4","0.4"
"RuleBasedMatcher","actors_10","golden_globes_75","0.16666666666666666","","1938-01-01","2010-01-01","1938-01-01","2010-01-01","0.0","0.0","Luise Rainer","Julianna Margulies","luise rainer","julianna margulies","0.0","0.0","The Good Earth","Good Wife, The","the good earth","good wife, the","0.5","0.5"
"RuleBasedMatcher","actors_10","golden_globes_21","0.16666666666666666","","1938-01-01","2011-01-01","1938-01-01","2011-01-01","0.0","0.0","Luise Rainer","['Julianna Margulies', 'Chris Noth']","Luise Rainer","['Julianna Margulies', 'Chris Noth']","0.0","0.0","The Good Earth","Good Wife, The","the good earth","good wife, the","0.5","0.5"
"RuleBasedMatcher","actors_10","golden_globes_1037","0.0","","1938-01-01","1991-01-01","1938-01-01","1991-01-01","0.0","0.0","Luise Rainer","['Lorraine Bracco', 'Joe Pesci']","Luise Rainer","['Lorraine Bracco', 'Joe Pesci']","0.0","0.0","The Good Earth","GoodFellas","the good earth","goodfellas","0.0","0.0"
"RuleBasedMatcher","actors_10","golden_globes_1237","0.0","","1938-01-01","1987-01-01","1938-01-01","1987-01-01","0.0","0.0","Luise Rainer","Sigourney Weaver","luise rainer","sigourney weaver","0.0","0.0","The Good Earth","Aliens","the good earth","aliens","0.0","0.0"
"RuleBasedMatcher","actors_10","golden_globes_1517","0.0","","1938-01-01","1982-01-01","1938-01-01","1982-01-01","0.0","0.0","Luise Rainer","Jane Seymour","luise rainer","jane seymour","0.0","0.0","The Good Earth","East Of Eden","the good earth","east of eden","0.0","0.0"
"RuleBasedMatcher","actors_10","golden_globes_921","0.05555555555555555","","1938-01-01","1993-01-01","1938-01-01","1993-01-01","0.0","0.0","Luise Rainer","['Tom Cruise', 'Jack Nicholson']","Luise Rainer","['Tom Cruise', 'Jack Nicholson']","0.0","0.0","The Good Earth","Few Good Men, a","the good earth","few good men, a","0.16666666666666666","0.16666666666666666"
"RuleBasedMatcher","actors_10","golden_globes_2238","0.047619047619047616","","1938-01-01","1953-01-01","1938-01-01","1953-01-01","0.0","0.0","Luise Rainer","","luise rainer","","0.0","0.0","The Good Earth","Greatest Show On Earth, The","the good earth","greatest show on earth, the","0.14285714285714285","0.14285714285714285"
"RuleBasedMatcher","actors_10","golden_globes_566","0.047619047619047616","","1938-01-01","2000-01-01","1938-01-01","2000-01-01","0.0","0.0","Luise Rainer","Sigourney Weaver","luise rainer","sigourney weaver","0.0","0.0","The Good Earth","Map Of The World, a","the good earth","map of the world, a","0.14285714285714285","0.14285714285714285"
"RuleBasedMatcher","actors_10","golden_globes_2200","0.0","","1938-01-01","1957-01-01","1938-01-01","1957-01-01","0.0","0.0","Luise Rainer","['Audrey Hepburn', 'Oscar Homolka']","Luise Rainer","['Audrey Hepburn', 'Oscar Homolka']","0.0","0.0","The Good Earth","War and Peace","the good earth","war and peace","0.0","0.0"
"RuleBasedMatcher","actors_10","golden_globes_1344","0.08333333333333333","","1938-01-01","1985-01-01","1938-01-01","1985-01-01","0.0","0.0","Luise Rainer","Kim Basinger","luise rainer","kim basinger","0.0","0.0","The Good Earth","Natural, The","the good earth","natural, the","0.25","0.25"
"RuleBasedMatcher","actors_10","golden_globes_458","0.06666666666666667","","1938-01-01","2002-01-01","1938-01-01","2002-01-01","0.0","0.0","Luise Rainer","Tilda Swinton","luise rainer","tilda swinton","0.0","0.0","The Good Earth","Deep End, The","the good earth","deep end, the","0.2","0.2"
"RuleBasedMatcher","actors_10","golden_globes_2241","0.047619047619047616","","1938-01-01","1952-01-01","1938-01-01","1952-01-01","0.0","0.0","Luise Rainer","Shelley Winters","luise rainer","shelley winters","0.0","0.0","The Good Earth","Place In The Sun, a","the good earth","place in the sun, a","0.14285714285714285","0.14285714285714285"
"RuleBasedMatcher","actors_10","golden_globes_1450","0.05555555555555555","","1938-01-01","1983-01-01","1938-01-01","1983-01-01","0.0","0.0","Luise Rainer","","luise rainer","","0.0","0.0","The Good Earth","E. T.: The Extra-Terrestrial","the good earth","e. t.: the extra-terrestrial","0.16666666666666666","0.16666666666666666"
"RuleBasedMatcher","actors_10","golden_globes_2219","0.047619047619047616","","1938-01-01","1955-01-01","1938-01-01","1955-01-01","0.0","0.0","Luise Rainer","Jan Sterling","luise rainer","jan sterling","0.0","0.0","The Good Earth","High and The Mighty, The","the good earth","high and the mighty, the","0.14285714285714285","0.14285714285714285"
"RuleBasedMatcher","actors_10","golden_globes_2060","0.0","","1938-01-01","1964-01-01","1938-01-01","1964-01-01","0.0","0.0","Luise Rainer","['Stathis Giallelis', 'Linda Marsh', 'Paul Mann', 'Gregory Rozakis']","Luise Rainer","['Stathis Giallelis', 'Linda Marsh', 'Paul Mann', 'Gregory Rozakis']","0.0","0.0","The Good Earth","America, America","the good earth","america, america","0.0","0.0"
"RuleBasedMatcher","actors_10","golden_globes_330","0.06666666666666667","","1938-01-01","2005-01-01","1938-01-01","2005-01-01","0.0","0.0","Luise Rainer","Kevin Spacey","luise rainer","kevin spacey","0.0","0.0","The Good Earth","Beyond The Sea","the good earth","beyond the sea","0.2","0.2"
"RuleBasedMatcher","actors_10","golden_globes_2208","0.06666666666666667","","1938-01-01","1957-01-01","1938-01-01","1957-01-01","0.0","0.0","Luise Rainer","['Eileen Heckart', 'Patty McCormack']","Luise Rainer","['Eileen Heckart', 'Patty McCormack']","0.0","0.0","The Good Earth","Bad Seed, The","the good earth","bad seed, the","0.2","0.2"
"RuleBasedMatcher","actors_10","golden_globes_2272","0.0","","1938-01-01","1947-01-01","1938-01-01","1947-01-01","0.0","0.0","Luise Rainer","","luise rainer","","0.0","0.0","The Good Earth","It's a Wonderful Life","the good earth","it's a wonderful life","0.0","0.0"
"RuleBasedMatcher","actors_11","golden_globes_200","0.0","","1939-01-01","2008-01-01","1939-01-01","2008-01-01","0.0","0.0","['Bette Davis', 'Johnny Depp']","James Nesbitt","['Bette Davis', 'Johnny Depp']","James Nesbitt","0.0","0.0","Jezebel","Jekyll","jezebel","jekyll","0.0","0.0"
"RuleBasedMatcher","actors_11","golden_globes_2207","0.0","","1939-01-01","1957-01-01","1939-01-01","1957-01-01","0.0","0.0","['Bette Davis', 'Johnny Depp']","Danny Kaye","['Bette Davis', 'Johnny Depp']","Danny Kaye","0.0","0.0","Jezebel","Court Jester, The","jezebel","court jester, the","0.0","0.0"
"RuleBasedMatcher","actors_11","golden_globes_1397","0.0","","1939-01-01","1984-01-01","1939-01-01","1984-01-01","0.0","0.0","['Bette Davis', 'Johnny Depp']","Woody Allen","['Bette Davis', 'Johnny Depp']","Woody Allen","0.0","0.0","Jezebel","Zelig","jezebel","zelig","0.0","0.0"
"RuleBasedMatcher","actors_11","golden_globes_1068","0.0","","1939-01-01","1991-01-01","1939-01-01","1991-01-01","0.0","0.0","['Bette Davis', 'Johnny Depp']","Michael Caine","['Bette Davis', 'Johnny Depp']","Michael Caine","0.0","0.0","Jezebel","Jekyll & Hyde","jezebel","jekyll & hyde","0.0","0.0"
"RuleBasedMatcher","actors_11","golden_globes_546","0.0","","1939-01-01","2001-01-01","1939-01-01","2001-01-01","0.0","0.0","['Bette Davis', 'Johnny Depp']","Ted Danson","['Bette Davis', 'Johnny Depp']","Ted Danson","0.0","0.0","Jezebel","Becker","jezebel","becker","0.0","0.0"
"RuleBasedMatcher","actors_11","golden_globes_1386","0.0","","1939-01-01","1984-01-01","1939-01-01","1984-01-01","0.0","0.0","['Bette Davis', 'Johnny Depp']","Tom Conti","['Bette Davis', 'Johnny Depp']","Tom Conti","0.0","0.0","Jezebel","Reuben, Reuben","jezebel","reuben, reuben","0.0","0.0"
"RuleBasedMatcher","actors_11","golden_globes_1432","0.0","","1939-01-01","1983-01-01","1939-01-01","1983-01-01","0.0","0.0","['Bette Davis', 'Johnny Depp']","['Jessica Lange', 'Kim Stanley']","['Bette Davis', 'Johnny Depp']","['Jessica Lange', 'Kim Stanley']","0.0","0.0","Jezebel","Frances","jezebel","frances","0.0","0.0"
"RuleBasedMatcher","actors_11","golden_globes_1597","0.0","","1939-01-01","1980-01-01","1939-01-01","1980-01-01","0.0","0.0","['Bette Davis', 'Johnny Depp']","Donna Pescow","['Bette Davis', 'Johnny Depp']","Donna Pescow","0.0","0.0","Jezebel","Angie","jezebel","angie","0.0","0.0"
"RuleBasedMatcher","actors_11","golden_globes_555","0.0","","1939-01-01","2001-01-01","1939-01-01","2001-01-01","0.0","0.0","['Bette Davis', 'Johnny Depp']","['Alec Baldwin', 'Brian Cox']","['Bette Davis', 'Johnny Depp']","['Alec Baldwin', 'Brian Cox']","0.0","0.0","Jezebel","Nuremberg","jezebel","nuremberg","0.0","0.0"
"RuleBasedMatcher","actors_11","golden_globes_1625","0.0","","1939-01-01","1979-01-01","1939-01-01","1979-01-01","0.0","0.0","['Bette Davis', 'Johnny Depp']","['Rosemary Harris', 'Michael Moriarty']","['Bette Davis', 'Johnny Depp']","['Rosemary Harris', 'Michael Moriarty']","0.0","0.0","Jezebel","Holocaust","jezebel","holocaust","0.0","0.0"
"RuleBasedMatcher","actors_11","golden_globes_1646","0.0","","1939-01-01","1978-01-01","1939-01-01","1978-01-01","0.0","0.0","['Bette Davis', 'Johnny Depp']","['Jane Fonda', 'Vanessa Redgrave', 'Jason Robards Jr.', 'Maximilian Schell']","['Bette Davis', 'Johnny Depp']","['Jane Fonda', 'Vanessa Redgrave', 'Jason Robards Jr.', 'Maximilian Schell']","0.0","0.0","Jezebel","Julia","jezebel","julia","0.0","0.0"
"RuleBasedMatcher","actors_11","golden_globes_544","0.06666666666666667","","1939-01-01","2001-01-01","1939-01-01","2001-01-01","0.0","0.0","['Bette Davis', 'Johnny Depp']","Bette Midler","['Bette Davis', 'Johnny Depp']","Bette Midler","0.2","0.2","Jezebel","Bette","jezebel","bette","0.0","0.0"
"RuleBasedMatcher","actors_11","golden_globes_879","0.16666666666666666","","1939-01-01","1994-01-01","1939-01-01","1994-01-01","0.0","0.0","['Bette Davis', 'Johnny Depp']","Johnny Depp","['Bette Davis', 'Johnny Depp']","Johnny Depp","0.5","0.5","Jezebel","Benny & Joon","jezebel","benny & joon","0.0","0.0"
"RuleBasedMatcher","actors_11","golden_globes_659","0.0","","1939-01-01","1999-01-01","1939-01-01","1999-01-01","0.0","0.0","['Bette Davis', 'Johnny Depp']","Stanley Tucci","['Bette Davis', 'Johnny Depp']","Stanley Tucci","0.0","0.0","Jezebel","Winchell","jezebel","winchell","0.0","0.0"
"RuleBasedMatcher","actors_11","golden_globes_963","0.0","","1939-01-01","1993-01-01","1939-01-01","1993-01-01","0.0","0.0","['Bette Davis', 'Johnny Depp']","['Robert Duvall', 'Joan Plowright', 'Maximilian Schell']","['Bette Davis', 'Johnny Depp']","['Robert Duvall', 'Joan Plowright', 'Maximilian Schell']","0.0","0.0","Jezebel","Stalin","jezebel","stalin","0.0","0.0"
"RuleBasedMatcher","actors_11","golden_globes_1051","0.0","","1939-01-01","1991-01-01","1939-01-01","1991-01-01","0.0","0.0","['Bette Davis', 'Johnny Depp']","James Earl Jones","['Bette Davis', 'Johnny Depp']","James Earl Jones","0.0","0.0","Jezebel","Gabriel's Fire","jezebel","gabriel's fire","0.0","0.0"
"RuleBasedMatcher","actors_11","golden_globes_2232","0.0","","1939-01-01","1953-01-01","1939-01-01","1953-01-01","0.0","0.0","['Bette Davis', 'Johnny Depp']","Danny Kaye","['Bette Davis', 'Johnny Depp']","Danny Kaye","0.0","0.0","Jezebel","Hans Christian Andersen","jezebel","hans christian andersen","0.0","0.0"
"RuleBasedMatcher","actors_11","golden_globes_2038","0.0","","1939-01-01","1965-01-01","1939-01-01","1965-01-01","0.0","0.0","['Bette Davis', 'Johnny Depp']","['Richard Burton', "Peter O'Toole"]","['Bette Davis', 'Johnny Depp']","['Richard Burton', "Peter O'Toole"]","0.0","0.0","Jezebel","Becket","jezebel","becket","0.0","0.0"
"RuleBasedMatcher","actors_11","golden_globes_413","0.0","","1939-01-01","2003-01-01","1939-01-01","2003-01-01","0.0","0.0","['Bette Davis', 'Johnny Depp']","Salma Hayek","['Bette Davis', 'Johnny Depp']","Salma Hayek","0.0","0.0","Jezebel","Frida","jezebel","frida","0.0","0.0"
"RuleBasedMatcher","actors_11","golden_globes_1395","0.0","","1939-01-01","1984-01-01","1939-01-01","1984-01-01","0.0","0.0","['Bette Davis', 'Johnny Depp']","['Barbra Streisand', 'Mandy Patinkin']","['Bette Davis', 'Johnny Depp']","['Barbra Streisand', 'Mandy Patinkin']","0.0","0.0","Jezebel","Yentl","jezebel","yentl","0.0","0.0"
"RuleBasedMatcher","actors_12","golden_globes_2209","0.1111111111111111","","1940-01-01","1957-01-01","1940-01-01","1957-01-01","0.0","0.0","Vivien Leigh","Dorothy Malone","vivien leigh","dorothy malone","0.0","0.0","Gone With the Wind","Written On The Wind","gone with the wind","written on the wind","0.3333333333333333","0.3333333333333333"
"RuleBasedMatcher","actors_12","golden_globes_1429","0.047619047619047616","","1940-01-01","1984-01-01","1940-01-01","1984-01-01","0.0","0.0","Vivien Leigh","['Victoria Tennant', 'John Houseman', 'Jan-Michael Vincent']","Vivien Leigh","['Victoria Tennant', 'John Houseman', 'Jan-Michael Vincent']","0.0","0.0","Gone With the Wind","Winds Of War, The","gone with the wind","winds of war, the","0.14285714285714285","0.14285714285714285"
"RuleBasedMatcher","actors_12","golden_globes_1008","0.1111111111111111","","1940-01-01","1992-01-01","1940-01-01","1992-01-01","0.0","0.0","Vivien Leigh","['Judy Davis', 'Sam Neill']","Vivien Leigh","['Judy Davis', 'Sam Neill']","0.0","0.0","Gone With the Wind","One Against The Wind","gone with the wind","one against the wind","0.3333333333333333","0.3333333333333333"
"RuleBasedMatcher","actors_12","golden_globes_605","0.13333333333333333","","1940-01-01","2000-01-01","1940-01-01","2000-01-01","0.0","0.0","Vivien Leigh","Jack Lemmon","vivien leigh","jack lemmon","0.0","0.0","Gone With the Wind","Inherit The Wind","gone with the wind","inherit the wind","0.4","0.4"
"RuleBasedMatcher","actors_12","golden_globes_2132","0.13333333333333333","","1940-01-01","1961-01-01","1940-01-01","1961-01-01","0.0","0.0","Vivien Leigh","Spencer Tracy","vivien leigh","spencer tracy","0.0","0.0","Gone With the Wind","Inherit The Wind","gone with the wind","inherit the wind","0.4","0.4"
"RuleBasedMatcher","actors_12","golden_globes_2182","0.1111111111111111","","1940-01-01","1958-01-01","1940-01-01","1958-01-01","0.0","0.0","Vivien Leigh","Anna Magnani","vivien leigh","anna magnani","0.0","0.0","Gone With the Wind","Wild Is The Wind","gone with the wind","wild is the wind","0.3333333333333333","0.3333333333333333"
"RuleBasedMatcher","actors_12","golden_globes_167","0.05555555555555555","","1940-01-01","2008-01-01","1940-01-01","2008-01-01","0.0","0.0","Vivien Leigh","Amy Ryan","vivien leigh","amy ryan","0.0","0.0","Gone With the Wind","Gone Baby Gone","gone with the wind","gone baby gone","0.16666666666666666","0.16666666666666666"
"RuleBasedMatcher","actors_12","golden_globes_1657","0.05555555555555555","","1940-01-01","1978-01-01","1940-01-01","1978-01-01","0.0","0.0","Vivien Leigh","['Marsha Mason', 'Richard Dreyfuss', 'Quinn Cummings']","Vivien Leigh","['Marsha Mason', 'Richard Dreyfuss', 'Quinn Cummings']","0.0","0.0","Gone With the Wind","Goodbye Girl, The","gone with the wind","goodbye girl, the","0.16666666666666666","0.16666666666666666"
"RuleBasedMatcher","actors_12","golden_globes_97","0.05555555555555555","","1940-01-01","2010-01-01","1940-01-01","2010-01-01","0.0","0.0","Vivien Leigh","['Brendan Gleeson', 'Janet McTeer']","Vivien Leigh","['Brendan Gleeson', 'Janet McTeer']","0.0","0.0","Gone With the Wind","Into The Storm","gone with the wind","into the storm","0.16666666666666666","0.16666666666666666"
"RuleBasedMatcher","actors_12","golden_globes_212","0.06666666666666667","","1940-01-01","2007-01-01","1940-01-01","2007-01-01","0.0","0.0","Vivien Leigh","['Leonardo DiCaprio', 'Jack Nicholson', 'Mark Wahlberg']","Vivien Leigh","['Leonardo DiCaprio', 'Jack Nicholson', 'Mark Wahlberg']","0.0","0.0","Gone With the Wind","Departed, The","gone with the wind","departed, the","0.2","0.2"
"RuleBasedMatcher","actors_12","golden_globes_855","0.0","","1940-01-01","1995-01-01","1940-01-01","1995-01-01","0.0","0.0","Vivien Leigh","Diana Ross","vivien leigh","diana ross","0.0","0.0","Gone With the Wind","Out Of Darkness","gone with the wind","out of darkness","0.0","0.0"
"RuleBasedMatcher","actors_12","golden_globes_1248","0.0","","1940-01-01","1987-01-01","1940-01-01","1987-01-01","0.0","0.0","Vivien Leigh","Matthew Broderick","vivien leigh","matthew broderick","0.0","0.0","Gone With the Wind","Ferris Bueller's Day Off","gone with the wind","ferris bueller's day off","0.0","0.0"
"RuleBasedMatcher","actors_12","golden_globes_680","0.05555555555555555","","1940-01-01","1998-01-01","1940-01-01","1998-01-01","0.0","0.0","Vivien Leigh","Sigourney Weaver","vivien leigh","sigourney weaver","0.0","0.0","Gone With the Wind","Ice Storm, The","gone with the wind","ice storm, the","0.16666666666666666","0.16666666666666666"
"RuleBasedMatcher","actors_12","golden_globes_2133","0.0","","1940-01-01","1961-01-01","1940-01-01","1961-01-01","0.0","0.0","Vivien Leigh","Dirk Bogarde","vivien leigh","dirk bogarde","0.0","0.0","Gone With the Wind","Song Without End","gone with the wind","song without end","0.0","0.0"
"RuleBasedMatcher","actors_12","golden_globes_1440","0.0","","1940-01-01","1983-01-01","1940-01-01","1983-01-01","0.0","0.0","Vivien Leigh","Sally Field","vivien leigh","sally field","0.0","0.0","Gone With the Wind","Kiss Me Goodbye","gone with the wind","kiss me goodbye","0.0","0.0"
"RuleBasedMatcher","actors_12","golden_globes_1496","0.0","","1940-01-01","1982-01-01","1940-01-01","1982-01-01","0.0","0.0","Vivien Leigh","['Mary Steenburgen', 'Howard E. Rollins Jr.']","Vivien Leigh","['Mary Steenburgen', 'Howard E. Rollins Jr.']","0.0","0.0","Gone With the Wind","Ragtime","gone with the wind","ragtime","0.0","0.0"
"RuleBasedMatcher","actors_12","golden_globes_1294","0.047619047619047616","","1940-01-01","1986-01-01","1940-01-01","1986-01-01","0.0","0.0","Vivien Leigh","Michael J. Fox","vivien leigh","michael j. fox","0.0","0.0","Gone With the Wind","Back To The Future","gone with the wind","back to the future","0.14285714285714285","0.14285714285714285"
"RuleBasedMatcher","actors_12","golden_globes_2183","0.0","","1940-01-01","1958-01-01","1940-01-01","1958-01-01","0.0","0.0","Vivien Leigh","['Eva Marie Saint', 'Anthony Franciosa']","Vivien Leigh","['Eva Marie Saint', 'Anthony Franciosa']","0.0","0.0","Gone With the Wind","Hatful Of Rain, a","gone with the wind","hatful of rain, a","0.0","0.0"
"RuleBasedMatcher","actors_12","golden_globes_55","0.047619047619047616","","1940-01-01","2010-01-01","1940-01-01","2010-01-01","0.0","0.0","Vivien Leigh","['George Clooney', 'Vera Farmiga', 'Anna Kendrick']","Vivien Leigh","['George Clooney', 'Vera Farmiga', 'Anna Kendrick']","0.0","0.0","Gone With the Wind","Up In The Air","gone with the wind","up in the air","0.14285714285714285","0.14285714285714285"
"RuleBasedMatcher","actors_12","golden_globes_355","0.05555555555555555","","1940-01-01","2005-01-01","1940-01-01","2005-01-01","0.0","0.0","Vivien Leigh","Miranda Richardson","vivien leigh","miranda richardson","0.0","0.0","Gone With the Wind","Lost Prince, The","gone with the wind","lost prince, the","0.16666666666666666","0.16666666666666666"
"RuleBasedMatcher","actors_13","golden_globes_2023","0.0","","1941-01-01","1966-01-01","1941-01-01","1966-01-01","0.0","0.0","Ginger Rogers","Lee Marvin","ginger rogers","lee marvin","0.0","0.0","Kitty Foyle","Cat Ballou","kitty foyle","cat ballou","0.0","0.0"
"RuleBasedMatcher","actors_13","golden_globes_989","0.0","","1941-01-01","1992-01-01","1941-01-01","1992-01-01","0.0","0.0","Ginger Rogers","John Goodman","ginger rogers","john goodman","0.0","0.0","Kitty Foyle","Barton Fink","kitty foyle","barton fink","0.0","0.0"
"RuleBasedMatcher","actors_13","golden_globes_1758","0.0","","1941-01-01","1976-01-01","1941-01-01","1976-01-01","0.0","0.0","Ginger Rogers","['Barry Newman', 'Susan Howard']","Ginger Rogers","['Barry Newman', 'Susan Howard']","0.0","0.0","Kitty Foyle","Petrocelli","kitty foyle","petrocelli","0.0","0.0"
"RuleBasedMatcher","actors_13","golden_globes_1095","0.0","","1941-01-01","1990-01-01","1941-01-01","1990-01-01","0.0","0.0","Ginger Rogers","Ed Harris","ginger rogers","ed harris","0.0","0.0","Kitty Foyle","Jacknife","kitty foyle","jacknife","0.0","0.0"
"RuleBasedMatcher","actors_13","golden_globes_1432","0.0","","1941-01-01","1983-01-01","1941-01-01","1983-01-01","0.0","0.0","Ginger Rogers","['Jessica Lange', 'Kim Stanley']","Ginger Rogers","['Jessica Lange', 'Kim Stanley']","0.0","0.0","Kitty Foyle","Frances","kitty foyle","frances","0.0","0.0"
"RuleBasedMatcher","actors_13","golden_globes_1134","0.0","","1941-01-01","1989-01-01","1941-01-01","1989-01-01","0.0","0.0","Ginger Rogers","['Forest Whitaker', 'Diane Venora']","Ginger Rogers","['Forest Whitaker', 'Diane Venora']","0.0","0.0","Kitty Foyle","Bird","kitty foyle","bird","0.0","0.0"
"RuleBasedMatcher","actors_13","golden_globes_1147","0.0","","1941-01-01","1989-01-01","1941-01-01","1989-01-01","0.0","0.0","Ginger Rogers","Alec Guinness","ginger rogers","alec guinness","0.0","0.0","Kitty Foyle","Little Dorrit","kitty foyle","little dorrit","0.0","0.0"
"RuleBasedMatcher","actors_13","golden_globes_349","0.0","","1941-01-01","2005-01-01","1941-01-01","2005-01-01","0.0","0.0","Ginger Rogers","Matt LeBlanc","ginger rogers","matt leblanc","0.0","0.0","Kitty Foyle","Joey","kitty foyle","joey","0.0","0.0"
"RuleBasedMatcher","actors_13","golden_globes_2045","0.0","","1941-01-01","1965-01-01","1941-01-01","1965-01-01","0.0","0.0","Ginger Rogers","Peter Sellers","ginger rogers","peter sellers","0.0","0.0","Kitty Foyle","Pink Panther, The","kitty foyle","pink panther, the","0.0","0.0"
"RuleBasedMatcher","actors_13","golden_globes_413","0.0","","1941-01-01","2003-01-01","1941-01-01","2003-01-01","0.0","0.0","Ginger Rogers","Salma Hayek","ginger rogers","salma hayek","0.0","0.0","Kitty Foyle","Frida","kitty foyle","frida","0.0","0.0"
"RuleBasedMatcher","actors_13","golden_globes_1937","0.0","","1941-01-01","1971-01-01","1941-01-01","1971-01-01","0.0","0.0","Ginger Rogers","Shirley Jones","ginger rogers","shirley jones","0.0","0.0","Kitty Foyle","Partridge Family, The","kitty foyle","partridge family, the","0.0","0.0"
"RuleBasedMatcher","actors_13","golden_globes_1888","0.0","","1941-01-01","1973-01-01","1941-01-01","1973-01-01","0.0","0.0","Ginger Rogers","Susan Dey","ginger rogers","susan dey","0.0","0.0","Kitty Foyle","Partridge Family, The","kitty foyle","partridge family, the","0.0","0.0"
"RuleBasedMatcher","actors_13","golden_globes_2192","0.0","","1941-01-01","1958-01-01","1941-01-01","1958-01-01","0.0","0.0","Ginger Rogers","Frank Sinatra","ginger rogers","frank sinatra","0.0","0.0","Kitty Foyle","Pal Joey","kitty foyle","pal joey","0.0","0.0"
"RuleBasedMatcher","actors_13","golden_globes_696","0.0","","1941-01-01","1998-01-01","1941-01-01","1998-01-01","0.0","0.0","Ginger Rogers","['Kelsey Grammer', 'David Hyde-Pierce']","Ginger Rogers","['Kelsey Grammer', 'David Hyde-Pierce']","0.0","0.0","Kitty Foyle","Frasier","kitty foyle","frasier","0.0","0.0"
"RuleBasedMatcher","actors_13","golden_globes_649","0.0","","1941-01-01","1999-01-01","1941-01-01","1999-01-01","0.0","0.0","Ginger Rogers","Kelsey Grammer","ginger rogers","kelsey grammer","0.0","0.0","Kitty Foyle","Frasier","kitty foyle","frasier","0.0","0.0"
"RuleBasedMatcher","actors_13","golden_globes_748","0.0","","1941-01-01","1997-01-01","1941-01-01","1997-01-01","0.0","0.0","Ginger Rogers","['Kelsey Grammer', 'David Hyde-Pierce']","Ginger Rogers","['Kelsey Grammer', 'David Hyde-Pierce']","0.0","0.0","Kitty Foyle","Frasier","kitty foyle","frasier","0.0","0.0"
"RuleBasedMatcher","actors_13","golden_globes_848","0.0","","1941-01-01","1995-01-01","1941-01-01","1995-01-01","0.0","0.0","Ginger Rogers","['Kelsey Grammer', 'Jane Leeves', 'David Hyde-Pierce']","Ginger Rogers","['Kelsey Grammer', 'Jane Leeves', 'David Hyde-Pierce']","0.0","0.0","Kitty Foyle","Frasier","kitty foyle","frasier","0.0","0.0"
"RuleBasedMatcher","actors_13","golden_globes_900","0.0","","1941-01-01","1994-01-01","1941-01-01","1994-01-01","0.0","0.0","Ginger Rogers","['Kelsey Grammer', 'John Mahoney']","Ginger Rogers","['Kelsey Grammer', 'John Mahoney']","0.0","0.0","Kitty Foyle","Frasier","kitty foyle","frasier","0.0","0.0"
"RuleBasedMatcher","actors_13","golden_globes_796","0.0","","1941-01-01","1996-01-01","1941-01-01","1996-01-01","0.0","0.0","Ginger Rogers","['Kelsey Grammer', 'David Hyde-Pierce']","Ginger Rogers","['Kelsey Grammer', 'David Hyde-Pierce']","0.0","0.0","Kitty Foyle","Frasier","kitty foyle","frasier","0.0","0.0"
"RuleBasedMatcher","actors_13","golden_globes_547","0.0","","1941-01-01","2001-01-01","1941-01-01","2001-01-01","0.0","0.0","Ginger Rogers","['Kelsey Grammer', 'David Hyde-Pierce', 'John Mahoney']","Ginger Rogers","['Kelsey Grammer', 'David Hyde-Pierce', 'John Mahoney']","0.0","0.0","Kitty Foyle","Frasier","kitty foyle","frasier","0.0","0.0"
"RuleBasedMatcher","actors_14","golden_globes_502","0.0","","1942-01-01","2002-01-01","1942-01-01","2002-01-01","0.0","0.0","Joan Fontaine","['Kenneth Branagh', 'Stanley Tucci']","Joan Fontaine","['Kenneth Branagh', 'Stanley Tucci']","0.0","0.0","Suspicion","Conspiracy","suspicion","conspiracy","0.0","0.0"
"RuleBasedMatcher","actors_14","golden_globes_103","0.0","","1942-01-01","2009-01-01","1942-01-01","2009-01-01","0.0","0.0","Joan Fontaine","['Meryl Streep', 'Amy Adams', 'Viola Davis', 'Philip Seymour Hoffman']","Joan Fontaine","['Meryl Streep', 'Amy Adams', 'Viola Davis', 'Philip Seymour Hoffman']","0.0","0.0","Suspicion","Doubt","suspicion","doubt","0.0","0.0"
"RuleBasedMatcher","actors_14","golden_globes_993","0.0","","1942-01-01","1992-01-01","1942-01-01","1992-01-01","0.0","0.0","Joan Fontaine","['Marlee Matlin', 'Mark Harmon']","Joan Fontaine","['Marlee Matlin', 'Mark Harmon']","0.0","0.0","Suspicion","Reasonable Doubts","suspicion","reasonable doubts","0.0","0.0"
"RuleBasedMatcher","actors_14","golden_globes_942","0.0","","1942-01-01","1993-01-01","1942-01-01","1993-01-01","0.0","0.0","Joan Fontaine","['Marlee Matlin', 'Mark Harmon']","Joan Fontaine","['Marlee Matlin', 'Mark Harmon']","0.0","0.0","Suspicion","Reasonable Doubts","suspicion","reasonable doubts","0.0","0.0"
"RuleBasedMatcher","actors_14","golden_globes_1091","0.0","","1942-01-01","1990-01-01","1942-01-01","1990-01-01","0.0","0.0","Joan Fontaine","Bridget Fonda","joan fontaine","bridget fonda","0.0","0.0","Suspicion","Scandal","suspicion","scandal","0.0","0.0"
"RuleBasedMatcher","actors_14","golden_globes_2243","0.0","","1942-01-01","1952-01-01","1942-01-01","1952-01-01","0.0","0.0","Joan Fontaine","['Kirk Douglas', 'Lee Grant']","Joan Fontaine","['Kirk Douglas', 'Lee Grant']","0.0","0.0","Suspicion","Detective Story","suspicion","detective story","0.0","0.0"
"RuleBasedMatcher","actors_14","golden_globes_781","0.0","","1942-01-01","1996-01-01","1942-01-01","1996-01-01","0.0","0.0","Joan Fontaine","Kevin Spacey","joan fontaine","kevin spacey","0.0","0.0","Suspicion","Usual Suspects, The","suspicion","usual suspects, the","0.0","0.0"
"RuleBasedMatcher","actors_14","golden_globes_251","0.0","","1942-01-01","2007-01-01","1942-01-01","2007-01-01","0.0","0.0","Joan Fontaine","Helen Mirren","joan fontaine","helen mirren","0.0","0.0","Suspicion","Prime Suspect: The Final Act","suspicion","prime suspect: the final act","0.0","0.0"
"RuleBasedMatcher","actors_14","golden_globes_1855","0.0","","1942-01-01","1973-01-01","1942-01-01","1973-01-01","0.0","0.0","Joan Fontaine","['Michael Caine', 'Laurence Olivier']","Joan Fontaine","['Michael Caine', 'Laurence Olivier']","0.0","0.0","Suspicion","Sleuth","suspicion","sleuth","0.0","0.0"
"RuleBasedMatcher","actors_14","golden_globes_483","0.0","","1942-01-01","2002-01-01","1942-01-01","2002-01-01","0.0","0.0","Joan Fontaine","Marg Helgenberger","joan fontaine","marg helgenberger","0.0","0.0","Suspicion","C. S. I.: Crime Scene Investigation","suspicion","c. s. i.: crime scene investigation","0.0","0.0"
"RuleBasedMatcher","actors_14","golden_globes_435","0.0","","1942-01-01","2003-01-01","1942-01-01","2003-01-01","0.0","0.0","Joan Fontaine","Marg Helgenberger","joan fontaine","marg helgenberger","0.0","0.0","Suspicion","C. S. I.: Crime Scene Investigation","suspicion","c. s. i.: crime scene investigation","0.0","0.0"
"RuleBasedMatcher","actors_14","golden_globes_395","0.0","","1942-01-01","2004-01-01","1942-01-01","2004-01-01","0.0","0.0","Joan Fontaine","William L. Petersen","joan fontaine","william l. petersen","0.0","0.0","Suspicion","C. S. I.: Crime Scene Investigation","suspicion","c. s. i.: crime scene investigation","0.0","0.0"
"RuleBasedMatcher","actors_14","golden_globes_788","0.0","","1942-01-01","1996-01-01","1942-01-01","1996-01-01","0.0","0.0","Joan Fontaine","Daniel Benzali","joan fontaine","daniel benzali","0.0","0.0","Suspicion","Murder One","suspicion","murder one","0.0","0.0"
"RuleBasedMatcher","actors_14","golden_globes_919","0.0","","1942-01-01","1993-01-01","1942-01-01","1993-01-01","0.0","0.0","Joan Fontaine","Sharon Stone","joan fontaine","sharon stone","0.0","0.0","Suspicion","Basic Instinct","suspicion","basic instinct","0.0","0.0"
"RuleBasedMatcher","actors_14","golden_globes_394","0.0","","1942-01-01","2004-01-01","1942-01-01","2004-01-01","0.0","0.0","Joan Fontaine","Anthony LaPaglia","joan fontaine","anthony lapaglia","0.0","0.0","Suspicion","Without a Trace","suspicion","without a trace","0.0","0.0"
"RuleBasedMatcher","actors_14","golden_globes_23","0.0","","1942-01-01","2011-01-01","1942-01-01","2011-01-01","0.0","0.0","Joan Fontaine","Piper Perabo","joan fontaine","piper perabo","0.0","0.0","Suspicion","Covert Affairs","suspicion","covert affairs","0.0","0.0"
"RuleBasedMatcher","actors_14","golden_globes_1125","0.0","","1942-01-01","1989-01-01","1942-01-01","1989-01-01","0.0","0.0","Joan Fontaine","Jodie Foster","joan fontaine","jodie foster","0.0","0.0","Suspicion","Accused, The","suspicion","accused, the","0.0","0.0"
"RuleBasedMatcher","actors_14","golden_globes_439","0.0","","1942-01-01","2003-01-01","1942-01-01","2003-01-01","0.0","0.0","Joan Fontaine","['Jennifer Aniston', 'Matt LeBlanc']","Joan Fontaine","['Jennifer Aniston', 'Matt LeBlanc']","0.0","0.0","Suspicion","Friends","suspicion","friends","0.0","0.0"
"RuleBasedMatcher","actors_14","golden_globes_506","0.0","","1942-01-01","2002-01-01","1942-01-01","2002-01-01","0.0","0.0","Joan Fontaine","Jennifer Aniston","joan fontaine","jennifer aniston","0.0","0.0","Suspicion","Friends","suspicion","friends","0.0","0.0"
"RuleBasedMatcher","actors_14","golden_globes_404","0.0","","1942-01-01","2004-01-01","1942-01-01","2004-01-01","0.0","0.0","Joan Fontaine","Matt LeBlanc","joan fontaine","matt leblanc","0.0","0.0","Suspicion","Friends","suspicion","friends","0.0","0.0"
"RuleBasedMatcher","actors_15","golden_globes_1470","0.0","","1943-01-01","1983-01-01","1943-01-01","1983-01-01","0.0","0.0","Greer Garson","Lucy Gutteridge","greer garson","lucy gutteridge","0.0","0.0","Mrs. Miniver","Little Gloria","mrs. miniver","little gloria","0.0","0.0"
"RuleBasedMatcher","actors_15","golden_globes_882","0.1111111111111111","","1943-01-01","1994-01-01","1943-01-01","1994-01-01","0.0","0.0","Greer Garson","Robin Williams","greer garson","robin williams","0.0","0.0","Mrs. Miniver","Mrs. Doubtfire","mrs. miniver","mrs. doubtfire","0.3333333333333333","0.3333333333333333"
"RuleBasedMatcher","actors_15","golden_globes_662","0.0","","1943-01-01","1998-01-01","1943-01-01","1998-01-01","0.0","0.0","Greer Garson","Judi Dench","greer garson","judi dench","0.0","0.0","Mrs. Miniver","Mrs Brown","mrs. miniver","mrs brown","0.0","0.0"
"RuleBasedMatcher","actors_15","golden_globes_217","0.0","","1943-01-01","2007-01-01","1943-01-01","2007-01-01","0.0","0.0","Greer Garson","Toni Collette","greer garson","toni collette","0.0","0.0","Mrs. Miniver","Little Miss Sunshine","mrs. miniver","little miss sunshine","0.0","0.0"
"RuleBasedMatcher","actors_15","golden_globes_2276","0.1111111111111111","","1943-01-01","1945-01-01","1943-01-01","1945-01-01","0.0","0.0","Greer Garson","Agnes Moorehead","greer garson","agnes moorehead","0.0","0.0","Mrs. Miniver","Mrs. Parkington","mrs. miniver","mrs. parkington","0.3333333333333333","0.3333333333333333"
"RuleBasedMatcher","actors_15","golden_globes_2156","0.0","","1943-01-01","1960-01-01","1943-01-01","1960-01-01","0.0","0.0","Greer Garson","Dean Martin","greer garson","dean martin","0.0","0.0","Mrs. Miniver","Who Was That Lady","mrs. miniver","who was that lady","0.0","0.0"
"RuleBasedMatcher","actors_15","golden_globes_249","0.1111111111111111","","1943-01-01","2007-01-01","1943-01-01","2007-01-01","0.0","0.0","Greer Garson","['Annette Bening', 'Ben Kingsley']","Greer Garson","['Annette Bening', 'Ben Kingsley']","0.0","0.0","Mrs. Miniver","Mrs. Harris","mrs. miniver","mrs. harris","0.3333333333333333","0.3333333333333333"
"RuleBasedMatcher","actors_15","golden_globes_220","0.0","","1943-01-01","2007-01-01","1943-01-01","2007-01-01","0.0","0.0","Greer Garson","Ren�e Zellweger","greer garson","ren�e zellweger","0.0","0.0","Mrs. Miniver","Miss Potter","mrs. miniver","miss potter","0.0","0.0"
"RuleBasedMatcher","actors_15","golden_globes_134","0.0","","1943-01-01","2009-01-01","1943-01-01","2009-01-01","0.0","0.0","Greer Garson","Debra Messing","greer garson","debra messing","0.0","0.0","Mrs. Miniver","Starter Wife, The","mrs. miniver","starter wife, the","0.0","0.0"
"RuleBasedMatcher","actors_15","golden_globes_193","0.0","","1943-01-01","2008-01-01","1943-01-01","2008-01-01","0.0","0.0","Greer Garson","Debra Messing","greer garson","debra messing","0.0","0.0","Mrs. Miniver","Starter Wife, The","mrs. miniver","starter wife, the","0.0","0.0"
"RuleBasedMatcher","actors_15","golden_globes_131","0.0","","1943-01-01","2009-01-01","1943-01-01","2009-01-01","0.0","0.0","Greer Garson","Christina Applegate","greer garson","christina applegate","0.0","0.0","Mrs. Miniver","Samantha Who","mrs. miniver","samantha who","0.0","0.0"
"RuleBasedMatcher","actors_15","golden_globes_183","0.0","","1943-01-01","2008-01-01","1943-01-01","2008-01-01","0.0","0.0","Greer Garson","Christina Applegate","greer garson","christina applegate","0.0","0.0","Mrs. Miniver","Samantha Who","mrs. miniver","samantha who","0.0","0.0"
"RuleBasedMatcher","actors_15","golden_globes_1326","0.1111111111111111","","1943-01-01","1985-01-01","1943-01-01","1985-01-01","0.0","0.0","Greer Garson","Diane Keaton","greer garson","diane keaton","0.0","0.0","Mrs. Miniver","Mrs. Soffel","mrs. miniver","mrs. soffel","0.3333333333333333","0.3333333333333333"
"RuleBasedMatcher","actors_15","golden_globes_2174","0.0","","1943-01-01","1959-01-01","1943-01-01","1959-01-01","0.0","0.0","Greer Garson","Peggy Cass","greer garson","peggy cass","0.0","0.0","Mrs. Miniver","Auntie Mame","mrs. miniver","auntie mame","0.0","0.0"
"RuleBasedMatcher","actors_15","golden_globes_1010","0.0","","1943-01-01","1992-01-01","1943-01-01","1992-01-01","0.0","0.0","Greer Garson","Jessica Tandy","greer garson","jessica tandy","0.0","0.0","Mrs. Miniver","Story Lady, The","mrs. miniver","story lady, the","0.0","0.0"
"RuleBasedMatcher","actors_15","golden_globes_1024","0.06666666666666667","","1943-01-01","1991-01-01","1943-01-01","1991-01-01","0.0","0.0","Greer Garson","Joanne Woodward","greer garson","joanne woodward","0.0","0.0","Mrs. Miniver","Mr. & Mrs. Bridge","mrs. miniver","mr. & mrs. bridge","0.2","0.2"
"RuleBasedMatcher","actors_15","golden_globes_960","0.0","","1943-01-01","1993-01-01","1943-01-01","1993-01-01","0.0","0.0","Greer Garson","['Kyra Sedgwick', 'Amanda Plummer']","Greer Garson","['Kyra Sedgwick', 'Amanda Plummer']","0.0","0.0","Mrs. Miniver","Miss Rose White","mrs. miniver","miss rose white","0.0","0.0"
"RuleBasedMatcher","actors_15","golden_globes_792","0.0","","1943-01-01","1996-01-01","1943-01-01","1996-01-01","0.0","0.0","Greer Garson","Fran Drescher","greer garson","fran drescher","0.0","0.0","Mrs. Miniver","Nanny, The","mrs. miniver","nanny, the","0.0","0.0"
"RuleBasedMatcher","actors_15","golden_globes_741","0.0","","1943-01-01","1997-01-01","1943-01-01","1997-01-01","0.0","0.0","Greer Garson","Fran Drescher","greer garson","fran drescher","0.0","0.0","Mrs. Miniver","Nanny, The","mrs. miniver","nanny, the","0.0","0.0"
"RuleBasedMatcher","actors_15","golden_globes_1485","0.0","","1943-01-01","1982-01-01","1943-01-01","1982-01-01","0.0","0.0","Greer Garson","Meryl Streep","greer garson","meryl streep","0.0","0.0","Mrs. Miniver","French Lieutenant's Woman, The","mrs. miniver","french lieutenant's woman, the","0.0","0.0"
"RuleBasedMatcher","actors_16","golden_globes_2279","0.4666666666666666","1","1944-01-01","1944-01-01","1944-01-01","1944-01-01","1.0","1.0","Jennifer Jones","","jennifer jones","","0.0","0.0","Song of Bernadette","Song Of Bernadette, The","song of bernadette","song of bernadette, the","0.4","0.4"
"RuleBasedMatcher","actors_16","golden_globes_2133","0.06666666666666667","","1944-01-01","1961-01-01","1944-01-01","1961-01-01","0.0","0.0","Jennifer Jones","Dirk Bogarde","jennifer jones","dirk bogarde","0.0","0.0","Song of Bernadette","Song Without End","song of bernadette","song without end","0.2","0.2"
"RuleBasedMatcher","actors_16","golden_globes_208","0.0","","1944-01-01","2007-01-01","1944-01-01","2007-01-01","0.0","0.0","Jennifer Jones","Maggie Gyllenhaal","jennifer jones","maggie gyllenhaal","0.0","0.0","Song of Bernadette","Sherrybaby","song of bernadette","sherrybaby","0.0","0.0"
"RuleBasedMatcher","actors_16","golden_globes_564","0.05555555555555555","","1944-01-01","2000-01-01","1944-01-01","2000-01-01","0.0","0.0","Jennifer Jones","Meryl Streep","jennifer jones","meryl streep","0.0","0.0","Song of Bernadette","Music Of The Heart","song of bernadette","music of the heart","0.16666666666666666","0.16666666666666666"
"RuleBasedMatcher","actors_16","golden_globes_2233","0.0","","1944-01-01","1953-01-01","1944-01-01","1953-01-01","0.0","0.0","Jennifer Jones","Donald O'Connor","jennifer jones","donald o'connor","0.0","0.0","Song of Bernadette","Singin' In The Rain","song of bernadette","singin' in the rain","0.0","0.0"
"RuleBasedMatcher","actors_16","golden_globes_1849","0.0","","1944-01-01","1973-01-01","1944-01-01","1973-01-01","0.0","0.0","Jennifer Jones","Diana Ross","jennifer jones","diana ross","0.0","0.0","Song of Bernadette","Lady Sings The Blues","song of bernadette","lady sings the blues","0.0","0.0"
"RuleBasedMatcher","actors_16","golden_globes_313","0.041666666666666664","","1944-01-01","2005-01-01","1944-01-01","2005-01-01","0.0","0.0","Jennifer Jones","Scarlett Johansson","jennifer jones","scarlett johansson","0.0","0.0","Song of Bernadette","Love Song For Bobby Long, A","song of bernadette","love song for bobby long, a","0.125","0.125"
"RuleBasedMatcher","actors_16","golden_globes_1347","0.0","","1944-01-01","1985-01-01","1944-01-01","1985-01-01","0.0","0.0","Jennifer Jones","Lesley Ann Warren","jennifer jones","lesley ann warren","0.0","0.0","Song of Bernadette","Songwriter","song of bernadette","songwriter","0.0","0.0"
"RuleBasedMatcher","actors_16","golden_globes_1860","0.0","","1944-01-01","1973-01-01","1944-01-01","1973-01-01","0.0","0.0","Jennifer Jones","['Liza Minnelli', 'Marisa Berenson', 'Joel Grey']","Jennifer Jones","['Liza Minnelli', 'Marisa Berenson', 'Joel Grey']","0.0","0.0","Song of Bernadette","Cabaret","song of bernadette","cabaret","0.0","0.0"
"RuleBasedMatcher","actors_16","golden_globes_1297","0.0","","1944-01-01","1986-01-01","1944-01-01","1986-01-01","0.0","0.0","Jennifer Jones","","jennifer jones","","0.0","0.0","Song of Bernadette","Chorus Line: The Movie, a","song of bernadette","chorus line: the movie, a","0.0","0.0"
"RuleBasedMatcher","actors_16","golden_globes_1086","0.0","","1944-01-01","1990-01-01","1944-01-01","1990-01-01","0.0","0.0","Jennifer Jones","Meryl Streep","jennifer jones","meryl streep","0.0","0.0","Song of Bernadette","She-Devil","song of bernadette","she-devil","0.0","0.0"
"RuleBasedMatcher","actors_16","golden_globes_327","0.041666666666666664","","1944-01-01","2005-01-01","1944-01-01","2005-01-01","0.0","0.0","Jennifer Jones","Ren�e Zellweger","jennifer jones","ren�e zellweger","0.0","0.0","Song of Bernadette","Bridget Jones: The Edge Of Reason","song of bernadette","bridget jones: the edge of reason","0.125","0.125"
"RuleBasedMatcher","actors_16","golden_globes_1606","0.0","","1944-01-01","1979-01-01","1944-01-01","1979-01-01","0.0","0.0","Jennifer Jones","Ingrid Bergman","jennifer jones","ingrid bergman","0.0","0.0","Song of Bernadette","Autumn Sonata","song of bernadette","autumn sonata","0.0","0.0"
"RuleBasedMatcher","actors_16","golden_globes_1233","0.0","","1944-01-01","1987-01-01","1944-01-01","1987-01-01","0.0","0.0","Jennifer Jones","Julie Andrews","jennifer jones","julie andrews","0.0","0.0","Song of Bernadette","Duet For One","song of bernadette","duet for one","0.0","0.0"
"RuleBasedMatcher","actors_16","golden_globes_1889","0.0","","1944-01-01","1973-01-01","1944-01-01","1973-01-01","0.0","0.0","Jennifer Jones","Audra Lindley","jennifer jones","audra lindley","0.0","0.0","Song of Bernadette","Bridget Loves Bernie","song of bernadette","bridget loves bernie","0.0","0.0"
"RuleBasedMatcher","actors_16","golden_globes_1064","0.041666666666666664","","1944-01-01","1991-01-01","1944-01-01","1991-01-01","0.0","0.0","Jennifer Jones","Suzanne Pleshette","jennifer jones","suzanne pleshette","0.0","0.0","Song of Bernadette","Leona Helmsley: The Queen Of Mean","song of bernadette","leona helmsley: the queen of mean","0.125","0.125"
"RuleBasedMatcher","actors_16","golden_globes_913","0.0","","1944-01-01","1994-01-01","1944-01-01","1994-01-01","0.0","0.0","Jennifer Jones","Ann-Margret","jennifer jones","ann-margret","0.0","0.0","Song of Bernadette","Alex Haley's Queen","song of bernadette","alex haley's queen","0.0","0.0"
"RuleBasedMatcher","actors_16","golden_globes_962","0.0","","1944-01-01","1993-01-01","1944-01-01","1993-01-01","0.0","0.0","Jennifer Jones","['Philip Casnoff', 'Olympia Dukakis']","Jennifer Jones","['Philip Casnoff', 'Olympia Dukakis']","0.0","0.0","Song of Bernadette","Sinatra","song of bernadette","sinatra","0.0","0.0"
"RuleBasedMatcher","actors_16","golden_globes_2209","0.0","","1944-01-01","1957-01-01","1944-01-01","1957-01-01","0.0","0.0","Jennifer Jones","Dorothy Malone","jennifer jones","dorothy malone","0.0","0.0","Song of Bernadette","Written On The Wind","song of bernadette","written on the wind","0.0","0.0"
"RuleBasedMatcher","actors_16","golden_globes_652","0.0","","1944-01-01","1999-01-01","1944-01-01","1999-01-01","0.0","0.0","Jennifer Jones","['Stockard Channing', 'Laura Dern']","Jennifer Jones","['Stockard Channing', 'Laura Dern']","0.0","0.0","Song of Bernadette","Baby Dance, The","song of bernadette","baby dance, the","0.0","0.0"
"RuleBasedMatcher","actors_17","golden_globes_1019","0.0","","1945-01-01","1992-01-01","1945-01-01","1992-01-01","0.0","0.0","Ingrid Bergman","Jean Stapleton","ingrid bergman","jean stapleton","0.0","0.0","Gaslight","Fire In The Dark","gaslight","fire in the dark","0.0","0.0"
"RuleBasedMatcher","actors_17","golden_globes_2244","0.0","","1945-01-01","1952-01-01","1945-01-01","1952-01-01","0.0","0.0","Ingrid Bergman","Arthur Kennedy","ingrid bergman","arthur kennedy","0.0","0.0","Gaslight","Bright Victory","gaslight","bright victory","0.0","0.0"
"RuleBasedMatcher","actors_17","golden_globes_855","0.0","","1945-01-01","1995-01-01","1945-01-01","1995-01-01","0.0","0.0","Ingrid Bergman","Diana Ross","ingrid bergman","diana ross","0.0","0.0","Gaslight","Out Of Darkness","gaslight","out of darkness","0.0","0.0"
"RuleBasedMatcher","actors_17","golden_globes_1096","0.0","","1945-01-01","1990-01-01","1945-01-01","1990-01-01","0.0","0.0","Ingrid Bergman","Denzel Washington","ingrid bergman","denzel washington","0.0","0.0","Gaslight","Glory","gaslight","glory","0.0","0.0"
"RuleBasedMatcher","actors_17","golden_globes_1305","0.0","","1945-01-01","1986-01-01","1945-01-01","1986-01-01","0.0","0.0","Ingrid Bergman","['Cybill Shepherd', 'Bruce Willis']","Ingrid Bergman","['Cybill Shepherd', 'Bruce Willis']","0.0","0.0","Gaslight","Moonlighting","gaslight","moonlighting","0.0","0.0"
"RuleBasedMatcher","actors_17","golden_globes_1265","0.0","","1945-01-01","1987-01-01","1945-01-01","1987-01-01","0.0","0.0","Ingrid Bergman","['Cybill Shepherd', 'Bruce Willis']","Ingrid Bergman","['Cybill Shepherd', 'Bruce Willis']","0.0","0.0","Gaslight","Moonlighting","gaslight","moonlighting","0.0","0.0"
"RuleBasedMatcher","actors_17","golden_globes_1211","0.0","","1945-01-01","1988-01-01","1945-01-01","1988-01-01","0.0","0.0","Ingrid Bergman","['Cybill Shepherd', 'Bruce Willis', 'Allyce Beasley']","Ingrid Bergman","['Cybill Shepherd', 'Bruce Willis', 'Allyce Beasley']","0.0","0.0","Gaslight","Moonlighting","gaslight","moonlighting","0.0","0.0"
"RuleBasedMatcher","actors_17","golden_globes_957","0.0","","1945-01-01","1993-01-01","1945-01-01","1993-01-01","0.0","0.0","Ingrid Bergman","Laura Dern","ingrid bergman","laura dern","0.0","0.0","Gaslight","Afterburn","gaslight","afterburn","0.0","0.0"
"RuleBasedMatcher","actors_17","golden_globes_1483","0.0","","1945-01-01","1982-01-01","1945-01-01","1982-01-01","0.0","0.0","Ingrid Bergman","['Diane Keaton', 'Warren Beatty', 'Maureen Stapleton', 'Jack Nicholson']","Ingrid Bergman","['Diane Keaton', 'Warren Beatty', 'Maureen Stapleton', 'Jack Nicholson']","0.0","0.0","Gaslight","Reds","gaslight","reds","0.0","0.0"
"RuleBasedMatcher","actors_17","golden_globes_472","0.0","","1945-01-01","2002-01-01","1945-01-01","2002-01-01","0.0","0.0","Ingrid Bergman","Cameron Diaz","ingrid bergman","cameron diaz","0.0","0.0","Gaslight","Vanilla Sky","gaslight","vanilla sky","0.0","0.0"
"RuleBasedMatcher","actors_17","golden_globes_2167","0.0","","1945-01-01","1959-01-01","1945-01-01","1959-01-01","0.0","0.0","Ingrid Bergman","['Jean Simmons', 'Efrem Zimbalist Jr.']","Ingrid Bergman","['Jean Simmons', 'Efrem Zimbalist Jr.']","0.0","0.0","Gaslight","Home Before Dark","gaslight","home before dark","0.0","0.0"
"RuleBasedMatcher","actors_17","golden_globes_1006","0.0","","1945-01-01","1992-01-01","1945-01-01","1992-01-01","0.0","0.0","Ingrid Bergman","['Burt Reynolds', 'Michael Jeter']","Ingrid Bergman","['Burt Reynolds', 'Michael Jeter']","0.0","0.0","Gaslight","Evening Shade","gaslight","evening shade","0.0","0.0"
"RuleBasedMatcher","actors_17","golden_globes_1060","0.0","","1945-01-01","1991-01-01","1945-01-01","1991-01-01","0.0","0.0","Ingrid Bergman","Burt Reynolds","ingrid bergman","burt reynolds","0.0","0.0","Gaslight","Evening Shade","gaslight","evening shade","0.0","0.0"
"RuleBasedMatcher","actors_17","golden_globes_954","0.0","","1945-01-01","1993-01-01","1945-01-01","1993-01-01","0.0","0.0","Ingrid Bergman","Burt Reynolds","ingrid bergman","burt reynolds","0.0","0.0","Gaslight","Evening Shade","gaslight","evening shade","0.0","0.0"
"RuleBasedMatcher","actors_17","golden_globes_1866","0.0","","1945-01-01","1973-01-01","1945-01-01","1973-01-01","0.0","0.0","Ingrid Bergman","","ingrid bergman","","0.0","0.0","Gaslight","Frenzy","gaslight","frenzy","0.0","0.0"
"RuleBasedMatcher","actors_17","golden_globes_656","0.0","","1945-01-01","1999-01-01","1945-01-01","1999-01-01","0.0","0.0","Ingrid Bergman","Bill Paxton","ingrid bergman","bill paxton","0.0","0.0","Gaslight","Bright Shining Lie, a","gaslight","bright shining lie, a","0.0","0.0"
"RuleBasedMatcher","actors_17","golden_globes_1403","0.0","","1945-01-01","1984-01-01","1945-01-01","1984-01-01","0.0","0.0","Ingrid Bergman","Gene Hackman","ingrid bergman","gene hackman","0.0","0.0","Gaslight","Under Fire","gaslight","under fire","0.0","0.0"
"RuleBasedMatcher","actors_17","golden_globes_1146","0.0","","1945-01-01","1989-01-01","1945-01-01","1989-01-01","0.0","0.0","Ingrid Bergman","Lena Olin","ingrid bergman","lena olin","0.0","0.0","Gaslight","Unbearable Lightness Of Being, The","gaslight","unbearable lightness of being, the","0.0","0.0"
"RuleBasedMatcher","actors_17","golden_globes_1029","0.0","","1945-01-01","1991-01-01","1945-01-01","1991-01-01","0.0","0.0","Ingrid Bergman","Robin Williams","ingrid bergman","robin williams","0.0","0.0","Gaslight","Awakenings","gaslight","awakenings","0.0","0.0"
"RuleBasedMatcher","actors_17","golden_globes_571","0.0","","1945-01-01","2000-01-01","1945-01-01","2000-01-01","0.0","0.0","Ingrid Bergman","Janet McTeer","ingrid bergman","janet mcteer","0.0","0.0","Gaslight","Tumbleweeds","gaslight","tumbleweeds","0.0","0.0"
"RuleBasedMatcher","actors_18","golden_globes_1084","0.0","","1946-01-01","1990-01-01","1946-01-01","1990-01-01","0.0","0.0","Joan Crawford","Pauline Collins","joan crawford","pauline collins","0.0","0.0","Mildred Pierce","Shirley Valentine","mildred pierce","shirley valentine","0.0","0.0"
"RuleBasedMatcher","actors_18","golden_globes_960","0.0","","1946-01-01","1993-01-01","1946-01-01","1993-01-01","0.0","0.0","Joan Crawford","['Kyra Sedgwick', 'Amanda Plummer']","Joan Crawford","['Kyra Sedgwick', 'Amanda Plummer']","0.0","0.0","Mildred Pierce","Miss Rose White","mildred pierce","miss rose white","0.0","0.0"
"RuleBasedMatcher","actors_18","golden_globes_662","0.0","","1946-01-01","1998-01-01","1946-01-01","1998-01-01","0.0","0.0","Joan Crawford","Judi Dench","joan crawford","judi dench","0.0","0.0","Mildred Pierce","Mrs Brown","mildred pierce","mrs brown","0.0","0.0"
"RuleBasedMatcher","actors_18","golden_globes_1473","0.0","","1946-01-01","1983-01-01","1946-01-01","1983-01-01","0.0","0.0","Joan Crawford","Jean Stapleton","joan crawford","jean stapleton","0.0","0.0","Mildred Pierce","Eleanor, First Lady Of The World","mildred pierce","eleanor, first lady of the world","0.0","0.0"
"RuleBasedMatcher","actors_18","golden_globes_1381","0.0","","1946-01-01","1985-01-01","1946-01-01","1985-01-01","0.0","0.0","Joan Crawford","Pierce Brosnan","joan crawford","pierce brosnan","0.0","0.0","Mildred Pierce","Nancy Astor","mildred pierce","nancy astor","0.0","0.0"
"RuleBasedMatcher","actors_18","golden_globes_220","0.0","","1946-01-01","2007-01-01","1946-01-01","2007-01-01","0.0","0.0","Joan Crawford","Ren�e Zellweger","joan crawford","ren�e zellweger","0.0","0.0","Mildred Pierce","Miss Potter","mildred pierce","miss potter","0.0","0.0"
"RuleBasedMatcher","actors_18","golden_globes_1042","0.0","","1946-01-01","1991-01-01","1946-01-01","1991-01-01","0.0","0.0","Joan Crawford","Al Pacino","joan crawford","al pacino","0.0","0.0","Mildred Pierce","Dick Tracy","mildred pierce","dick tracy","0.0","0.0"
"RuleBasedMatcher","actors_18","golden_globes_249","0.0","","1946-01-01","2007-01-01","1946-01-01","2007-01-01","0.0","0.0","Joan Crawford","['Annette Bening', 'Ben Kingsley']","Joan Crawford","['Annette Bening', 'Ben Kingsley']","0.0","0.0","Mildred Pierce","Mrs. Harris","mildred pierce","mrs. harris","0.0","0.0"
"RuleBasedMatcher","actors_18","golden_globes_1516","0.0","","1946-01-01","1982-01-01","1946-01-01","1982-01-01","0.0","0.0","Joan Crawford","['Glenda Jackson', 'Dirk Bogarde']","Joan Crawford","['Glenda Jackson', 'Dirk Bogarde']","0.0","0.0","Mildred Pierce","Patricia Neal Story, The","mildred pierce","patricia neal story, the","0.0","0.0"
"RuleBasedMatcher","actors_18","golden_globes_904","0.0","","1946-01-01","1994-01-01","1946-01-01","1994-01-01","0.0","0.0","Joan Crawford","Helena Bonham Carter","joan crawford","helena bonham carter","0.0","0.0","Mildred Pierce","Fatal Deception: Mrs. Lee Harvey Oswald","mildred pierce","fatal deception: mrs. lee harvey oswald","0.0","0.0"
"RuleBasedMatcher","actors_18","golden_globes_2156","0.0","","1946-01-01","1960-01-01","1946-01-01","1960-01-01","0.0","0.0","Joan Crawford","Dean Martin","joan crawford","dean martin","0.0","0.0","Mildred Pierce","Who Was That Lady","mildred pierce","who was that lady","0.0","0.0"
"RuleBasedMatcher","actors_18","golden_globes_604","0.0","","1946-01-01","2000-01-01","1946-01-01","2000-01-01","0.0","0.0","Joan Crawford","['Leelee Sobieski', 'Jacqueline Bisset', "Peter O'Toole"]","Joan Crawford","['Leelee Sobieski', 'Jacqueline Bisset', "Peter O'Toole"]","0.0","0.0","Mildred Pierce","Joan Of Arc","mildred pierce","joan of arc","0.0","0.0"
"RuleBasedMatcher","actors_18","golden_globes_1518","0.0","","1946-01-01","1982-01-01","1946-01-01","1982-01-01","0.0","0.0","Joan Crawford","Jaclyn Smith","joan crawford","jaclyn smith","0.0","0.0","Mildred Pierce","Jacqueline Bouvier Kennedy","mildred pierce","jacqueline bouvier kennedy","0.0","0.0"
"RuleBasedMatcher","actors_18","golden_globes_2222","0.0","","1946-01-01","1954-01-01","1946-01-01","1954-01-01","0.0","0.0","Joan Crawford","Spencer Tracy","joan crawford","spencer tracy","0.0","0.0","Mildred Pierce","Actress, The","mildred pierce","actress, the","0.0","0.0"
"RuleBasedMatcher","actors_18","golden_globes_861","0.0","","1946-01-01","1995-01-01","1946-01-01","1995-01-01","0.0","0.0","Joan Crawford","Tyne Daly","joan crawford","tyne daly","0.0","0.0","Mildred Pierce","Christy","mildred pierce","christy","0.0","0.0"
"RuleBasedMatcher","actors_18","golden_globes_1310","0.0","","1946-01-01","1986-01-01","1946-01-01","1986-01-01","0.0","0.0","Joan Crawford","Peggy Ashcroft","joan crawford","peggy ashcroft","0.0","0.0","Mildred Pierce","Jewel In The Crown, The","mildred pierce","jewel in the crown, the","0.0","0.0"
"RuleBasedMatcher","actors_18","golden_globes_1577","0.0","","1946-01-01","1980-01-01","1946-01-01","1980-01-01","0.0","0.0","Joan Crawford","['Bette Midler', 'Frederic Forrest']","Joan Crawford","['Bette Midler', 'Frederic Forrest']","0.0","0.0","Mildred Pierce","Rose, The","mildred pierce","rose, the","0.0","0.0"
"RuleBasedMatcher","actors_18","golden_globes_2211","0.0","","1946-01-01","1956-01-01","1946-01-01","1956-01-01","0.0","0.0","Joan Crawford","['Anna Magnani', 'Marisa Pavan']","Joan Crawford","['Anna Magnani', 'Marisa Pavan']","0.0","0.0","Mildred Pierce","Rose Tattoo, The","mildred pierce","rose tattoo, the","0.0","0.0"
"RuleBasedMatcher","actors_18","golden_globes_1532","0.0","","1946-01-01","1981-01-01","1946-01-01","1981-01-01","0.0","0.0","Joan Crawford","Gena Rowlands","joan crawford","gena rowlands","0.0","0.0","Mildred Pierce","Gloria","mildred pierce","gloria","0.0","0.0"
"RuleBasedMatcher","actors_18","golden_globes_1566","0.0","","1946-01-01","1980-01-01","1946-01-01","1980-01-01","0.0","0.0","Joan Crawford","Sally Field","joan crawford","sally field","0.0","0.0","Mildred Pierce","Norma Rae","mildred pierce","norma rae","0.0","0.0"
"RuleBasedMatcher","actors_19","golden_globes_769","0.05555555555555555","","1947-01-01","1996-01-01","1947-01-01","1996-01-01","0.0","0.0","Olivia de Havilland","Nicole Kidman","olivia de havilland","nicole kidman","0.0","0.0","To Each His Own","To Die For","to each his own","to die for","0.16666666666666666","0.16666666666666666"
"RuleBasedMatcher","actors_19","golden_globes_1688","0.05555555555555555","","1947-01-01","1977-01-01","1947-01-01","1977-01-01","0.0","0.0","Olivia de Havilland","Liv Ullmann","olivia de havilland","liv ullmann","0.0","0.0","To Each His Own","Face To Face","to each his own","face to face","0.16666666666666666","0.16666666666666666"
"RuleBasedMatcher","actors_19","golden_globes_2115","0.041666666666666664","","1947-01-01","1962-01-01","1947-01-01","1962-01-01","0.0","0.0","Olivia de Havilland","Fred Astaire","olivia de havilland","fred astaire","0.0","0.0","To Each His Own","Pleasure Of His Company, The","to each his own","pleasure of his company, the","0.125","0.125"
"RuleBasedMatcher","actors_19","golden_globes_456","0.0","","1947-01-01","2002-01-01","1947-01-01","2002-01-01","0.0","0.0","Olivia de Havilland","Nicole Kidman","olivia de havilland","nicole kidman","0.0","0.0","To Each His Own","Others, The","to each his own","others, the","0.0","0.0"
"RuleBasedMatcher","actors_19","golden_globes_1587","0.047619047619047616","","1947-01-01","1980-01-01","1947-01-01","1980-01-01","0.0","0.0","Olivia de Havilland","Natalie Wood","olivia de havilland","natalie wood","0.0","0.0","To Each His Own","From Here To Eternity","to each his own","from here to eternity","0.14285714285714285","0.14285714285714285"
"RuleBasedMatcher","actors_19","golden_globes_2225","0.047619047619047616","","1947-01-01","1954-01-01","1947-01-01","1954-01-01","0.0","0.0","Olivia de Havilland","Frank Sinatra","olivia de havilland","frank sinatra","0.0","0.0","To Each His Own","From Here To Eternity","to each his own","from here to eternity","0.14285714285714285","0.14285714285714285"
"RuleBasedMatcher","actors_19","golden_globes_935","0.0","","1947-01-01","1993-01-01","1947-01-01","1993-01-01","0.0","0.0","Olivia de Havilland","Judy Davis","olivia de havilland","judy davis","0.0","0.0","To Each His Own","Husbands and Wives","to each his own","husbands and wives","0.0","0.0"
"RuleBasedMatcher","actors_19","golden_globes_926","0.0","","1947-01-01","1993-01-01","1947-01-01","1993-01-01","0.0","0.0","Olivia de Havilland","Geena Davis","olivia de havilland","geena davis","0.0","0.0","To Each His Own","League Of Their Own, a","to each his own","league of their own, a","0.0","0.0"
"RuleBasedMatcher","actors_19","golden_globes_416","0.0","","1947-01-01","2003-01-01","1947-01-01","2003-01-01","0.0","0.0","Olivia de Havilland","['Julianne Moore', 'Dennis Quaid']","Olivia de Havilland","['Julianne Moore', 'Dennis Quaid']","0.0","0.0","To Each His Own","Far From Heaven","to each his own","far from heaven","0.0","0.0"
"RuleBasedMatcher","actors_19","golden_globes_883","0.0","","1947-01-01","1994-01-01","1947-01-01","1994-01-01","0.0","0.0","Olivia de Havilland","['Penelope Ann Miller', 'Sean Penn']","Olivia de Havilland","['Penelope Ann Miller', 'Sean Penn']","0.0","0.0","To Each His Own","Carlito's Way","to each his own","carlito's way","0.0","0.0"
"RuleBasedMatcher","actors_19","golden_globes_358","0.0","","1947-01-01","2005-01-01","1947-01-01","2005-01-01","0.0","0.0","Olivia de Havilland","Jamie Foxx","olivia de havilland","jamie foxx","0.0","0.0","To Each His Own","Redemption","to each his own","redemption","0.0","0.0"
"RuleBasedMatcher","actors_19","golden_globes_1593","0.0","","1947-01-01","1980-01-01","1947-01-01","1980-01-01","0.0","0.0","Olivia de Havilland","Martin Sheen","olivia de havilland","martin sheen","0.0","0.0","To Each His Own","Blind Ambition","to each his own","blind ambition","0.0","0.0"
"RuleBasedMatcher","actors_19","golden_globes_1803","0.0","","1947-01-01","1975-01-01","1947-01-01","1975-01-01","0.0","0.0","Olivia de Havilland","['Jean Stapleton', "Carroll O'Connor", 'Betty Garrett']","Olivia de Havilland","['Jean Stapleton', "Carroll O'Connor", 'Betty Garrett']","0.0","0.0","To Each His Own","All In The Family","to each his own","all in the family","0.0","0.0"
"RuleBasedMatcher","actors_19","golden_globes_1881","0.0","","1947-01-01","1973-01-01","1947-01-01","1973-01-01","0.0","0.0","Olivia de Havilland","['Jean Stapleton', "Carroll O'Connor", 'Sally Struthers', 'Rob Reiner']","Olivia de Havilland","['Jean Stapleton', "Carroll O'Connor", 'Sally Struthers', 'Rob Reiner']","0.0","0.0","To Each His Own","All In The Family","to each his own","all in the family","0.0","0.0"
"RuleBasedMatcher","actors_19","golden_globes_1730","0.0","","1947-01-01","1977-01-01","1947-01-01","1977-01-01","0.0","0.0","Olivia de Havilland","['Sally Struthers', 'Rob Reiner']","Olivia de Havilland","['Sally Struthers', 'Rob Reiner']","0.0","0.0","To Each His Own","All In The Family","to each his own","all in the family","0.0","0.0"
"RuleBasedMatcher","actors_19","golden_globes_1680","0.0","","1947-01-01","1978-01-01","1947-01-01","1978-01-01","0.0","0.0","Olivia de Havilland","['Jean Stapleton', "Carroll O'Connor"]","Olivia de Havilland","['Jean Stapleton', "Carroll O'Connor"]","0.0","0.0","To Each His Own","All In The Family","to each his own","all in the family","0.0","0.0"
"RuleBasedMatcher","actors_19","golden_globes_1638","0.0","","1947-01-01","1979-01-01","1947-01-01","1979-01-01","0.0","0.0","Olivia de Havilland","Jean Stapleton","olivia de havilland","jean stapleton","0.0","0.0","To Each His Own","All In The Family","to each his own","all in the family","0.0","0.0"
"RuleBasedMatcher","actors_19","golden_globes_1770","0.0","","1947-01-01","1976-01-01","1947-01-01","1976-01-01","0.0","0.0","Olivia de Havilland","["Carroll O'Connor", 'Rob Reiner']","Olivia de Havilland","["Carroll O'Connor", 'Rob Reiner']","0.0","0.0","To Each His Own","All In The Family","to each his own","all in the family","0.0","0.0"
"RuleBasedMatcher","actors_19","golden_globes_1843","0.0","","1947-01-01","1974-01-01","1947-01-01","1974-01-01","0.0","0.0","Olivia de Havilland","['Jean Stapleton', "Carroll O'Connor", 'Sally Struthers', 'Rob Reiner']","Olivia de Havilland","['Jean Stapleton', "Carroll O'Connor", 'Sally Struthers', 'Rob Reiner']","0.0","0.0","To Each His Own","All In The Family","to each his own","all in the family","0.0","0.0"
"RuleBasedMatcher","actors_19","golden_globes_1598","0.0","","1947-01-01","1980-01-01","1947-01-01","1980-01-01","0.0","0.0","Olivia de Havilland","Jean Stapleton","olivia de havilland","jean stapleton","0.0","0.0","To Each His Own","All In The Family","to each his own","all in the family","0.0","0.0"
"RuleBasedMatcher","actors_20","golden_globes_1541","0.06666666666666667","","1948-01-01","1981-01-01","1948-01-01","1981-01-01","0.0","0.0","Loretta Young","['Sissy Spacek', 'Tommy Lee Jones', "Beverly D'Angelo"]","Loretta Young","['Sissy Spacek', 'Tommy Lee Jones', "Beverly D'Angelo"]","0.0","0.0","The Farmer�s Daughter","Coal Miner's Daughter","the farmer�s daughter","coal miner's daughter","0.2","0.2"
"RuleBasedMatcher","actors_20","golden_globes_551","0.0","","1948-01-01","2001-01-01","1948-01-01","2001-01-01","0.0","0.0","Loretta Young","Christine Lahti","loretta young","christine lahti","0.0","0.0","The Farmer�s Daughter","American Daughter, An","the farmer�s daughter","american daughter, an","0.0","0.0"
"RuleBasedMatcher","actors_20","golden_globes_1913","0.08333333333333333","","1948-01-01","1971-01-01","1948-01-01","1971-01-01","0.0","0.0","Loretta Young","['Sarah Miles', 'Trevor Howard', 'John Mills']","Loretta Young","['Sarah Miles', 'Trevor Howard', 'John Mills']","0.0","0.0","The Farmer�s Daughter","Ryan's Daughter","the farmer�s daughter","ryan's daughter","0.25","0.25"
"RuleBasedMatcher","actors_20","golden_globes_256","0.08333333333333333","","1948-01-01","2007-01-01","1948-01-01","2007-01-01","0.0","0.0","Loretta Young","['Bill Nighy', 'Emily Blunt']","Loretta Young","['Bill Nighy', 'Emily Blunt']","0.0","0.0","The Farmer�s Daughter","Gideon's Daughter","the farmer�s daughter","gideon's daughter","0.25","0.25"
"RuleBasedMatcher","actors_20","golden_globes_1470","0.0","","1948-01-01","1983-01-01","1948-01-01","1983-01-01","0.0","0.0","Loretta Young","Lucy Gutteridge","loretta young","lucy gutteridge","0.0","0.0","The Farmer�s Daughter","Little Gloria","the farmer�s daughter","little gloria","0.0","0.0"
"RuleBasedMatcher","actors_20","golden_globes_210","0.0","","1948-01-01","2007-01-01","1948-01-01","2007-01-01","0.0","0.0","Loretta Young","Kate Winslet","loretta young","kate winslet","0.0","0.0","The Farmer�s Daughter","Little Children","the farmer�s daughter","little children","0.0","0.0"
"RuleBasedMatcher","actors_20","golden_globes_1236","0.0","","1948-01-01","1987-01-01","1948-01-01","1987-01-01","0.0","0.0","Loretta Young","['Marlee Matlin', 'William Hurt']","Loretta Young","['Marlee Matlin', 'William Hurt']","0.0","0.0","The Farmer�s Daughter","Children Of a Lesser God","the farmer�s daughter","children of a lesser god","0.0","0.0"
"RuleBasedMatcher","actors_20","golden_globes_611","0.0","","1948-01-01","1999-01-01","1948-01-01","1999-01-01","0.0","0.0","Loretta Young","Cate Blanchett","loretta young","cate blanchett","0.0","0.0","The Farmer�s Daughter","Elizabeth","the farmer�s daughter","elizabeth","0.0","0.0"
"RuleBasedMatcher","actors_20","golden_globes_2050","0.0","","1948-01-01","1965-01-01","1948-01-01","1965-01-01","0.0","0.0","Loretta Young","["Edmond O'Brien", "Edmond O'Brien"]","Loretta Young","["Edmond O'Brien", "Edmond O'Brien"]","0.0","0.0","The Farmer�s Daughter","Cheyenne Autumn","the farmer�s daughter","cheyenne autumn","0.0","0.0"
"RuleBasedMatcher","actors_20","golden_globes_1962","0.0","","1948-01-01","1969-01-01","1948-01-01","1969-01-01","0.0","0.0","Loretta Young","['Mia Farrow', 'Ruth Gordon']","Loretta Young","['Mia Farrow', 'Ruth Gordon']","0.0","0.0","The Farmer�s Daughter","Rosemary's Baby","the farmer�s daughter","rosemary's baby","0.0","0.0"
"RuleBasedMatcher","actors_20","golden_globes_808","0.0","","1948-01-01","1996-01-01","1948-01-01","1996-01-01","0.0","0.0","Loretta Young","['Melanie Griffith', 'Sam Elliott']","Loretta Young","['Melanie Griffith', 'Sam Elliott']","0.0","0.0","The Farmer�s Daughter","Buffalo Girls","the farmer�s daughter","buffalo girls","0.0","0.0"
"RuleBasedMatcher","actors_20","golden_globes_870","0.041666666666666664","","1948-01-01","1994-01-01","1948-01-01","1994-01-01","0.0","0.0","Loretta Young","['Daniel Day-Lewis', 'Emma Thompson']","Loretta Young","['Daniel Day-Lewis', 'Emma Thompson']","0.0","0.0","The Farmer�s Daughter","In The Name Of The Father","the farmer�s daughter","in the name of the father","0.125","0.125"
"RuleBasedMatcher","actors_20","golden_globes_2037","0.0","","1948-01-01","1965-01-01","1948-01-01","1965-01-01","0.0","0.0","Loretta Young","Jean Seberg","loretta young","jean seberg","0.0","0.0","The Farmer�s Daughter","Lilith","the farmer�s daughter","lilith","0.0","0.0"
"RuleBasedMatcher","actors_20","golden_globes_193","0.06666666666666667","","1948-01-01","2008-01-01","1948-01-01","2008-01-01","0.0","0.0","Loretta Young","Debra Messing","loretta young","debra messing","0.0","0.0","The Farmer�s Daughter","Starter Wife, The","the farmer�s daughter","starter wife, the","0.2","0.2"
"RuleBasedMatcher","actors_20","golden_globes_134","0.06666666666666667","","1948-01-01","2009-01-01","1948-01-01","2009-01-01","0.0","0.0","Loretta Young","Debra Messing","loretta young","debra messing","0.0","0.0","The Farmer�s Daughter","Starter Wife, The","the farmer�s daughter","starter wife, the","0.2","0.2"
"RuleBasedMatcher","actors_20","golden_globes_217","0.0","","1948-01-01","2007-01-01","1948-01-01","2007-01-01","0.0","0.0","Loretta Young","Toni Collette","loretta young","toni collette","0.0","0.0","The Farmer�s Daughter","Little Miss Sunshine","the farmer�s daughter","little miss sunshine","0.0","0.0"
"RuleBasedMatcher","actors_20","golden_globes_1279","0.0","","1948-01-01","1986-01-01","1948-01-01","1986-01-01","0.0","0.0","Loretta Young","['Anne Bancroft', 'Meg Tilly']","Loretta Young","['Anne Bancroft', 'Meg Tilly']","0.0","0.0","The Farmer�s Daughter","Agnes Of God","the farmer�s daughter","agnes of god","0.0","0.0"
"RuleBasedMatcher","actors_20","golden_globes_1701","0.0","","1948-01-01","1977-01-01","1948-01-01","1977-01-01","0.0","0.0","Loretta Young","Piper Laurie","loretta young","piper laurie","0.0","0.0","The Farmer�s Daughter","Carrie","the farmer�s daughter","carrie","0.0","0.0"
"RuleBasedMatcher","actors_20","golden_globes_1471","0.0","","1948-01-01","1983-01-01","1948-01-01","1983-01-01","0.0","0.0","Loretta Young","Ann Jillian","loretta young","ann jillian","0.0","0.0","The Farmer�s Daughter","Mae West","the farmer�s daughter","mae west","0.0","0.0"
"RuleBasedMatcher","actors_20","golden_globes_2222","0.08333333333333333","","1948-01-01","1954-01-01","1948-01-01","1954-01-01","0.0","0.0","Loretta Young","Spencer Tracy","loretta young","spencer tracy","0.0","0.0","The Farmer�s Daughter","Actress, The","the farmer�s daughter","actress, the","0.25","0.25"
"RuleBasedMatcher","actors_21","golden_globes_982","0.08333333333333333","","1949-01-01","1992-01-01","1949-01-01","1992-01-01","0.0","0.0","Jane Wyman","Michelle Pfeiffer","jane wyman","michelle pfeiffer","0.0","0.0","Johnny Belinda","Frankie & Johnny","johnny belinda","frankie & johnny","0.25","0.25"
"RuleBasedMatcher","actors_21","golden_globes_208","0.0","","1949-01-01","2007-01-01","1949-01-01","2007-01-01","0.0","0.0","Jane Wyman","Maggie Gyllenhaal","jane wyman","maggie gyllenhaal","0.0","0.0","Johnny Belinda","Sherrybaby","johnny belinda","sherrybaby","0.0","0.0"
"RuleBasedMatcher","actors_21","golden_globes_1609","0.0","","1949-01-01","1979-01-01","1949-01-01","1979-01-01","0.0","0.0","Jane Wyman","['Glenda Jackson', 'Mona Washbourne']","Jane Wyman","['Glenda Jackson', 'Mona Washbourne']","0.0","0.0","Johnny Belinda","Stevie","johnny belinda","stevie","0.0","0.0"
"RuleBasedMatcher","actors_21","golden_globes_750","0.0","","1949-01-01","1997-01-01","1949-01-01","1997-01-01","0.0","0.0","Jane Wyman","['Ashley Judd', 'Mira Sorvino']","Jane Wyman","['Ashley Judd', 'Mira Sorvino']","0.0","0.0","Johnny Belinda","Norma Jean and Marilyn","johnny belinda","norma jean and marilyn","0.0","0.0"
"RuleBasedMatcher","actors_21","golden_globes_41","0.0","","1949-01-01","2011-01-01","1949-01-01","2011-01-01","0.0","0.0","Jane Wyman","Romola Garai","jane wyman","romola garai","0.0","0.0","Johnny Belinda","Emma","johnny belinda","emma","0.0","0.0"
"RuleBasedMatcher","actors_21","golden_globes_1954","0.0","","1949-01-01","1970-01-01","1949-01-01","1970-01-01","0.0","0.0","Jane Wyman","Dustin Hoffman","jane wyman","dustin hoffman","0.0","0.0","Johnny Belinda","John and Mary","johnny belinda","john and mary","0.0","0.0"
"RuleBasedMatcher","actors_21","golden_globes_1257","0.0","","1949-01-01","1987-01-01","1949-01-01","1987-01-01","0.0","0.0","Jane Wyman","['Tyne Daly', 'Sharon Gless']","Jane Wyman","['Tyne Daly', 'Sharon Gless']","0.0","0.0","Johnny Belinda","Cagney and Lacey","johnny belinda","cagney and lacey","0.0","0.0"
"RuleBasedMatcher","actors_21","golden_globes_1299","0.0","","1949-01-01","1986-01-01","1949-01-01","1986-01-01","0.0","0.0","Jane Wyman","['Tyne Daly', 'Sharon Gless']","Jane Wyman","['Tyne Daly', 'Sharon Gless']","0.0","0.0","Johnny Belinda","Cagney and Lacey","johnny belinda","cagney and lacey","0.0","0.0"
"RuleBasedMatcher","actors_21","golden_globes_1354","0.0","","1949-01-01","1985-01-01","1949-01-01","1985-01-01","0.0","0.0","Jane Wyman","['Tyne Daly', 'Sharon Gless']","Jane Wyman","['Tyne Daly', 'Sharon Gless']","0.0","0.0","Johnny Belinda","Cagney and Lacey","johnny belinda","cagney and lacey","0.0","0.0"
"RuleBasedMatcher","actors_21","golden_globes_1406","0.0","","1949-01-01","1984-01-01","1949-01-01","1984-01-01","0.0","0.0","Jane Wyman","Tyne Daly","jane wyman","tyne daly","0.0","0.0","Johnny Belinda","Cagney and Lacey","johnny belinda","cagney and lacey","0.0","0.0"
"RuleBasedMatcher","actors_21","golden_globes_1151","0.0","","1949-01-01","1989-01-01","1949-01-01","1989-01-01","0.0","0.0","Jane Wyman","Sharon Gless","jane wyman","sharon gless","0.0","0.0","Johnny Belinda","Cagney and Lacey","johnny belinda","cagney and lacey","0.0","0.0"
"RuleBasedMatcher","actors_21","golden_globes_1204","0.0","","1949-01-01","1988-01-01","1949-01-01","1988-01-01","0.0","0.0","Jane Wyman","Sharon Gless","jane wyman","sharon gless","0.0","0.0","Johnny Belinda","Cagney and Lacey","johnny belinda","cagney and lacey","0.0","0.0"
"RuleBasedMatcher","actors_21","golden_globes_1542","0.0","","1949-01-01","1981-01-01","1949-01-01","1981-01-01","0.0","0.0","Jane Wyman","['Neil Diamond', 'Lucie Arnaz']","Jane Wyman","['Neil Diamond', 'Lucie Arnaz']","0.0","0.0","Johnny Belinda","Jazz Singer, The","johnny belinda","jazz singer, the","0.0","0.0"
"RuleBasedMatcher","actors_21","golden_globes_1662","0.0","","1949-01-01","1978-01-01","1949-01-01","1978-01-01","0.0","0.0","Jane Wyman","Ann-Margret","jane wyman","ann-margret","0.0","0.0","Johnny Belinda","Joseph Andrews","johnny belinda","joseph andrews","0.0","0.0"
"RuleBasedMatcher","actors_21","golden_globes_611","0.0","","1949-01-01","1999-01-01","1949-01-01","1999-01-01","0.0","0.0","Jane Wyman","Cate Blanchett","jane wyman","cate blanchett","0.0","0.0","Johnny Belinda","Elizabeth","johnny belinda","elizabeth","0.0","0.0"
"RuleBasedMatcher","actors_21","golden_globes_2216","0.0","","1949-01-01","1955-01-01","1949-01-01","1955-01-01","0.0","0.0","Jane Wyman","Grace Kelly","jane wyman","grace kelly","0.0","0.0","Johnny Belinda","Country Girl, The","johnny belinda","country girl, the","0.0","0.0"
"RuleBasedMatcher","actors_21","golden_globes_879","0.0","","1949-01-01","1994-01-01","1949-01-01","1994-01-01","0.0","0.0","Jane Wyman","Johnny Depp","jane wyman","johnny depp","0.0","0.0","Johnny Belinda","Benny & Joon","johnny belinda","benny & joon","0.0","0.0"
"RuleBasedMatcher","actors_21","golden_globes_568","0.0","","1949-01-01","2000-01-01","1949-01-01","2000-01-01","0.0","0.0","Jane Wyman","['Matt Damon', 'Jude Law']","Jane Wyman","['Matt Damon', 'Jude Law']","0.0","0.0","Johnny Belinda","Talented Mr. Ripley, The","johnny belinda","talented mr. ripley, the","0.0","0.0"
"RuleBasedMatcher","actors_21","golden_globes_609","0.0","","1949-01-01","2000-01-01","1949-01-01","2000-01-01","0.0","0.0","Jane Wyman","Kathy Bates","jane wyman","kathy bates","0.0","0.0","Johnny Belinda","Annie","johnny belinda","annie","0.0","0.0"
"RuleBasedMatcher","actors_21","golden_globes_1439","0.0","","1949-01-01","1983-01-01","1949-01-01","1983-01-01","0.0","0.0","Jane Wyman","['Carol Burnett', 'Aileen Quinn']","Jane Wyman","['Carol Burnett', 'Aileen Quinn']","0.0","0.0","Johnny Belinda","Annie","johnny belinda","annie","0.0","0.0"
"RuleBasedMatcher","actors_22","golden_globes_2263","0.4444444444444444","","1950-01-01","1950-01-01","1950-01-01","1950-01-01","1.0","1.0","Olivia de Havilland","Miriam Hopkins","olivia de havilland","miriam hopkins","0.0","0.0","The Heiress","Heiress, The","the heiress","heiress, the","0.3333333333333333","0.3333333333333333"
"RuleBasedMatcher","actors_22","golden_globes_1473","0.047619047619047616","","1950-01-01","1983-01-01","1950-01-01","1983-01-01","0.0","0.0","Olivia de Havilland","Jean Stapleton","olivia de havilland","jean stapleton","0.0","0.0","The Heiress","Eleanor, First Lady Of The World","the heiress","eleanor, first lady of the world","0.14285714285714285","0.14285714285714285"
"RuleBasedMatcher","actors_22","golden_globes_2222","0.1111111111111111","","1950-01-01","1954-01-01","1950-01-01","1954-01-01","0.0","0.0","Olivia de Havilland","Spencer Tracy","olivia de havilland","spencer tracy","0.0","0.0","The Heiress","Actress, The","the heiress","actress, the","0.3333333333333333","0.3333333333333333"
"RuleBasedMatcher","actors_22","golden_globes_1653","0.0","","1950-01-01","1978-01-01","1950-01-01","1978-01-01","0.0","0.0","Olivia de Havilland","Gregory Peck","olivia de havilland","gregory peck","0.0","0.0","The Heiress","MacArthur","the heiress","macarthur","0.0","0.0"
"RuleBasedMatcher","actors_22","golden_globes_1485","0.06666666666666667","","1950-01-01","1982-01-01","1950-01-01","1982-01-01","0.0","0.0","Olivia de Havilland","Meryl Streep","olivia de havilland","meryl streep","0.0","0.0","The Heiress","French Lieutenant's Woman, The","the heiress","french lieutenant's woman, the","0.2","0.2"
"RuleBasedMatcher","actors_22","golden_globes_1775","0.05555555555555555","","1950-01-01","1975-01-01","1950-01-01","1975-01-01","0.0","0.0","Olivia de Havilland","Gena Rowlands","olivia de havilland","gena rowlands","0.0","0.0","The Heiress","Woman Under The Influence, a","the heiress","woman under the influence, a","0.16666666666666666","0.16666666666666666"
"RuleBasedMatcher","actors_22","golden_globes_1532","0.0","","1950-01-01","1981-01-01","1950-01-01","1981-01-01","0.0","0.0","Olivia de Havilland","Gena Rowlands","olivia de havilland","gena rowlands","0.0","0.0","The Heiress","Gloria","the heiress","gloria","0.0","0.0"
"RuleBasedMatcher","actors_22","golden_globes_1381","0.0","","1950-01-01","1985-01-01","1950-01-01","1985-01-01","0.0","0.0","Olivia de Havilland","Pierce Brosnan","olivia de havilland","pierce brosnan","0.0","0.0","The Heiress","Nancy Astor","the heiress","nancy astor","0.0","0.0"
"RuleBasedMatcher","actors_22","golden_globes_392","0.0","","1950-01-01","2004-01-01","1950-01-01","2004-01-01","0.0","0.0","Olivia de Havilland","Amber Tamblyn","olivia de havilland","amber tamblyn","0.0","0.0","The Heiress","Joan Of Arcadia","the heiress","joan of arcadia","0.0","0.0"
"RuleBasedMatcher","actors_22","golden_globes_632","0.0","","1950-01-01","1999-01-01","1950-01-01","1999-01-01","0.0","0.0","Olivia de Havilland","Bill Murray","olivia de havilland","bill murray","0.0","0.0","The Heiress","Rushmore","the heiress","rushmore","0.0","0.0"
"RuleBasedMatcher","actors_22","golden_globes_604","0.0","","1950-01-01","2000-01-01","1950-01-01","2000-01-01","0.0","0.0","Olivia de Havilland","['Leelee Sobieski', 'Jacqueline Bisset', "Peter O'Toole"]","Olivia de Havilland","['Leelee Sobieski', 'Jacqueline Bisset', "Peter O'Toole"]","0.0","0.0","The Heiress","Joan Of Arc","the heiress","joan of arc","0.0","0.0"
"RuleBasedMatcher","actors_22","golden_globes_1751","0.0","","1950-01-01","1976-01-01","1950-01-01","1976-01-01","0.0","0.0","Olivia de Havilland","Rosemary Harris","olivia de havilland","rosemary harris","0.0","0.0","The Heiress","Notorious Woman","the heiress","notorious woman","0.0","0.0"
"RuleBasedMatcher","actors_22","golden_globes_2156","0.0","","1950-01-01","1960-01-01","1950-01-01","1960-01-01","0.0","0.0","Olivia de Havilland","Dean Martin","olivia de havilland","dean martin","0.0","0.0","The Heiress","Who Was That Lady","the heiress","who was that lady","0.0","0.0"
"RuleBasedMatcher","actors_22","golden_globes_611","0.0","","1950-01-01","1999-01-01","1950-01-01","1999-01-01","0.0","0.0","Olivia de Havilland","Cate Blanchett","olivia de havilland","cate blanchett","0.0","0.0","The Heiress","Elizabeth","the heiress","elizabeth","0.0","0.0"
"RuleBasedMatcher","actors_22","golden_globes_2042","0.0","","1950-01-01","1965-01-01","1950-01-01","1965-01-01","0.0","0.0","Olivia de Havilland","Dick Van Dyke","olivia de havilland","dick van dyke","0.0","0.0","The Heiress","Mary Poppins","the heiress","mary poppins","0.0","0.0"
"RuleBasedMatcher","actors_22","golden_globes_792","0.1111111111111111","","1950-01-01","1996-01-01","1950-01-01","1996-01-01","0.0","0.0","Olivia de Havilland","Fran Drescher","olivia de havilland","fran drescher","0.0","0.0","The Heiress","Nanny, The","the heiress","nanny, the","0.3333333333333333","0.3333333333333333"
"RuleBasedMatcher","actors_22","golden_globes_741","0.1111111111111111","","1950-01-01","1997-01-01","1950-01-01","1997-01-01","0.0","0.0","Olivia de Havilland","Fran Drescher","olivia de havilland","fran drescher","0.0","0.0","The Heiress","Nanny, The","the heiress","nanny, the","0.3333333333333333","0.3333333333333333"
"RuleBasedMatcher","actors_22","golden_globes_1471","0.0","","1950-01-01","1983-01-01","1950-01-01","1983-01-01","0.0","0.0","Olivia de Havilland","Ann Jillian","olivia de havilland","ann jillian","0.0","0.0","The Heiress","Mae West","the heiress","mae west","0.0","0.0"
"RuleBasedMatcher","actors_22","golden_globes_1518","0.0","","1950-01-01","1982-01-01","1950-01-01","1982-01-01","0.0","0.0","Olivia de Havilland","Jaclyn Smith","olivia de havilland","jaclyn smith","0.0","0.0","The Heiress","Jacqueline Bouvier Kennedy","the heiress","jacqueline bouvier kennedy","0.0","0.0"
"RuleBasedMatcher","actors_22","golden_globes_498","0.0","","1950-01-01","2002-01-01","1950-01-01","2002-01-01","0.0","0.0","Olivia de Havilland","['Hannah Taylor Gordon', 'Ben Kingsley']","Olivia de Havilland","['Hannah Taylor Gordon', 'Ben Kingsley']","0.0","0.0","The Heiress","Anne Frank","the heiress","anne frank","0.0","0.0"
"RuleBasedMatcher","actors_23","golden_globes_2252","0.9999999999999999","","1951-01-01","1951-01-01","1951-01-01","1951-01-01","1.0","1.0","Judy Holliday","Judy Holliday","judy holliday","judy holliday","1.0","1.0","Born Yesterday","Born Yesterday","born yesterday","born yesterday","1.0","1.0"
"RuleBasedMatcher","actors_23","golden_globes_314","0.0","","1951-01-01","2005-01-01","1951-01-01","2005-01-01","0.0","0.0","Judy Holliday","Nicole Kidman","judy holliday","nicole kidman","0.0","0.0","Born Yesterday","Birth","born yesterday","birth","0.0","0.0"
"RuleBasedMatcher","actors_23","golden_globes_1079","0.047619047619047616","","1951-01-01","1990-01-01","1951-01-01","1990-01-01","0.0","0.0","Judy Holliday","Tom Cruise","judy holliday","tom cruise","0.0","0.0","Born Yesterday","Born On The Fourth Of July","born yesterday","born on the fourth of july","0.14285714285714285","0.14285714285714285"
"RuleBasedMatcher","actors_23","golden_globes_1999","0.1111111111111111","","1951-01-01","1967-01-01","1951-01-01","1967-01-01","0.0","0.0","Judy Holliday","Virginia McKenna","judy holliday","virginia mckenna","0.0","0.0","Born Yesterday","Born Free","born yesterday","born free","0.3333333333333333","0.3333333333333333"
"RuleBasedMatcher","actors_23","golden_globes_2218","0.0","","1951-01-01","1955-01-01","1951-01-01","1955-01-01","0.0","0.0","Judy Holliday","James Mason","judy holliday","james mason","0.0","0.0","Born Yesterday","Star Is Born, a","born yesterday","star is born, a","0.0","0.0"
"RuleBasedMatcher","actors_23","golden_globes_1696","0.0","","1951-01-01","1977-01-01","1951-01-01","1977-01-01","0.0","0.0","Judy Holliday","['Barbra Streisand', 'Kris Kristofferson']","Judy Holliday","['Barbra Streisand', 'Kris Kristofferson']","0.0","0.0","Born Yesterday","Star Is Born, a","born yesterday","star is born, a","0.0","0.0"
"RuleBasedMatcher","actors_23","golden_globes_497","0.0","","1951-01-01","2002-01-01","1951-01-01","2002-01-01","0.0","0.0","Judy Holliday","Bridget Fonda","judy holliday","bridget fonda","0.0","0.0","Born Yesterday","No Ordinary Baby","born yesterday","no ordinary baby","0.0","0.0"
"RuleBasedMatcher","actors_23","golden_globes_833","0.08333333333333333","","1951-01-01","1995-01-01","1951-01-01","1995-01-01","0.0","0.0","Judy Holliday","","judy holliday","","0.0","0.0","Born Yesterday","Natural Born Killers","born yesterday","natural born killers","0.25","0.25"
"RuleBasedMatcher","actors_23","golden_globes_1423","0.0","","1951-01-01","1984-01-01","1951-01-01","1984-01-01","0.0","0.0","Judy Holliday","['Gena Rowlands', 'Rob Lowe']","Judy Holliday","['Gena Rowlands', 'Rob Lowe']","0.0","0.0","Born Yesterday","Thursday's Child","born yesterday","thursday's child","0.0","0.0"
"RuleBasedMatcher","actors_23","golden_globes_1934","0.0","","1951-01-01","1971-01-01","1951-01-01","1971-01-01","0.0","0.0","Judy Holliday","Burt Reynolds","judy holliday","burt reynolds","0.0","0.0","Born Yesterday","Dan August","born yesterday","dan august","0.0","0.0"
"RuleBasedMatcher","actors_23","golden_globes_1651","0.0","","1951-01-01","1978-01-01","1951-01-01","1978-01-01","0.0","0.0","Judy Holliday","Marcello Mastroianni","judy holliday","marcello mastroianni","0.0","0.0","Born Yesterday","Special Day, a","born yesterday","special day, a","0.0","0.0"
"RuleBasedMatcher","actors_23","golden_globes_1824","0.0","","1951-01-01","1974-01-01","1951-01-01","1974-01-01","0.0","0.0","Judy Holliday","Valentina Cortese","judy holliday","valentina cortese","0.0","0.0","Born Yesterday","Day For Night","born yesterday","day for night","0.0","0.0"
"RuleBasedMatcher","actors_23","golden_globes_606","0.0","","1951-01-01","2000-01-01","1951-01-01","2000-01-01","0.0","0.0","Judy Holliday","Jack Lemmon","judy holliday","jack lemmon","0.0","0.0","Born Yesterday","Tuesdays With Morrie","born yesterday","tuesdays with morrie","0.0","0.0"
"RuleBasedMatcher","actors_23","golden_globes_373","0.0","","1951-01-01","2004-01-01","1951-01-01","2004-01-01","0.0","0.0","Judy Holliday","Jamie Lee Curtis","judy holliday","jamie lee curtis","0.0","0.0","Born Yesterday","Freaky Friday","born yesterday","freaky friday","0.0","0.0"
"RuleBasedMatcher","actors_23","golden_globes_1692","0.0","","1951-01-01","1977-01-01","1951-01-01","1977-01-01","0.0","0.0","Judy Holliday","['Jodie Foster', 'Barbara Harris']","Judy Holliday","['Jodie Foster', 'Barbara Harris']","0.0","0.0","Born Yesterday","Freaky Friday","born yesterday","freaky friday","0.0","0.0"
"RuleBasedMatcher","actors_23","golden_globes_463","0.0","","1951-01-01","2002-01-01","1951-01-01","2002-01-01","0.0","0.0","Judy Holliday","Denzel Washington","judy holliday","denzel washington","0.0","0.0","Born Yesterday","Training Day","born yesterday","training day","0.0","0.0"
"RuleBasedMatcher","actors_23","golden_globes_868","0.0","","1951-01-01","1994-01-01","1951-01-01","1994-01-01","0.0","0.0","Judy Holliday","['Emma Thompson', 'Anthony Hopkins']","Judy Holliday","['Emma Thompson', 'Anthony Hopkins']","0.0","0.0","Born Yesterday","Remains Of The Day, The","born yesterday","remains of the day, the","0.0","0.0"
"RuleBasedMatcher","actors_23","golden_globes_1069","0.0","","1951-01-01","1991-01-01","1951-01-01","1991-01-01","0.0","0.0","Judy Holliday","James Garner","judy holliday","james garner","0.0","0.0","Born Yesterday","Decoration Day","born yesterday","decoration day","0.0","0.0"
"RuleBasedMatcher","actors_23","golden_globes_1894","0.0","","1951-01-01","1972-01-01","1951-01-01","1972-01-01","0.0","0.0","Judy Holliday","Peter Finch","judy holliday","peter finch","0.0","0.0","Born Yesterday","Sunday Bloody Sunday","born yesterday","sunday bloody sunday","0.0","0.0"
"RuleBasedMatcher","actors_23","golden_globes_1783","0.0","","1951-01-01","1975-01-01","1951-01-01","1975-01-01","0.0","0.0","Judy Holliday","['Cloris Leachman', 'Madeline Kahn']","Judy Holliday","['Cloris Leachman', 'Madeline Kahn']","0.0","0.0","Born Yesterday","Young Frankenstein","born yesterday","young frankenstein","0.0","0.0"
"RuleBasedMatcher","actors_24","golden_globes_2240","0.6","1","1952-01-01","1952-01-01","1952-01-01","1952-01-01","1.0","1.0","['Vivien Leigh', 'Marlon Brando', 'Karl Malden', 'Johnny Depp']","['Vivien Leigh', 'Kim Hunter']","['Vivien Leigh', 'Marlon Brando', 'Karl Malden', 'Johnny Depp']","['Vivien Leigh', 'Kim Hunter']","0.2","0.2","A Streetcar Named Desire","Streetcar Named Desire, a","a streetcar named desire","streetcar named desire, a","0.6","0.6"
"RuleBasedMatcher","actors_24","golden_globes_1371","0.19999999999999998","","1952-01-01","1985-01-01","1952-01-01","1985-01-01","0.0","0.0","['Vivien Leigh', 'Marlon Brando', 'Karl Malden', 'Johnny Depp']","['Ann-Margret', 'Treat Williams']","['Vivien Leigh', 'Marlon Brando', 'Karl Malden', 'Johnny Depp']","['Ann-Margret', 'Treat Williams']","0.0","0.0","A Streetcar Named Desire","Streetcar Named Desire, a","a streetcar named desire","streetcar named desire, a","0.6","0.6"
"RuleBasedMatcher","actors_24","golden_globes_803","0.19999999999999998","","1952-01-01","1996-01-01","1952-01-01","1996-01-01","0.0","0.0","['Vivien Leigh', 'Marlon Brando', 'Karl Malden', 'Johnny Depp']","['Jessica Lange', 'Alec Baldwin']","['Vivien Leigh', 'Marlon Brando', 'Karl Malden', 'Johnny Depp']","['Jessica Lange', 'Alec Baldwin']","0.0","0.0","A Streetcar Named Desire","Streetcar Named Desire, a","a streetcar named desire","streetcar named desire, a","0.6","0.6"
"RuleBasedMatcher","actors_24","golden_globes_105","0.0","","1952-01-01","2009-01-01","1952-01-01","2009-01-01","0.0","0.0","['Vivien Leigh', 'Marlon Brando', 'Karl Malden', 'Johnny Depp']","['Kate Winslet', 'Leonardo DiCaprio']","['Vivien Leigh', 'Marlon Brando', 'Karl Malden', 'Johnny Depp']","['Kate Winslet', 'Leonardo DiCaprio']","0.0","0.0","A Streetcar Named Desire","Revolutionary Road","a streetcar named desire","revolutionary road","0.0","0.0"
"RuleBasedMatcher","actors_24","golden_globes_1560","0.0","","1952-01-01","1981-01-01","1952-01-01","1981-01-01","0.0","0.0","['Vivien Leigh', 'Marlon Brando', 'Karl Malden', 'Johnny Depp']","['Judd Hirsch', 'Marilu Henner', 'Danny DeVito', 'Andy Kaufman']","['Vivien Leigh', 'Marlon Brando', 'Karl Malden', 'Johnny Depp']","['Judd Hirsch', 'Marilu Henner', 'Danny DeVito', 'Andy Kaufman']","0.0","0.0","A Streetcar Named Desire","Taxi","a streetcar named desire","taxi","0.0","0.0"
"RuleBasedMatcher","actors_24","golden_globes_1640","0.0","","1952-01-01","1979-01-01","1952-01-01","1979-01-01","0.0","0.0","['Vivien Leigh', 'Marlon Brando', 'Karl Malden', 'Johnny Depp']","['Judd Hirsch', 'Marilu Henner', 'Jeff Conway', 'Danny DeVito', 'Andy Kaufman']","['Vivien Leigh', 'Marlon Brando', 'Karl Malden', 'Johnny Depp']","['Judd Hirsch', 'Marilu Henner', 'Jeff Conway', 'Danny DeVito', 'Andy Kaufman']","0.0","0.0","A Streetcar Named Desire","Taxi","a streetcar named desire","taxi","0.0","0.0"
"RuleBasedMatcher","actors_24","golden_globes_1465","0.0","","1952-01-01","1983-01-01","1952-01-01","1983-01-01","0.0","0.0","['Vivien Leigh', 'Marlon Brando', 'Karl Malden', 'Johnny Depp']","['Judd Hirsch', 'Marilu Henner', 'Carol Kane']","['Vivien Leigh', 'Marlon Brando', 'Karl Malden', 'Johnny Depp']","['Judd Hirsch', 'Marilu Henner', 'Carol Kane']","0.0","0.0","A Streetcar Named Desire","Taxi","a streetcar named desire","taxi","0.0","0.0"
"RuleBasedMatcher","actors_24","golden_globes_1600","0.0","","1952-01-01","1980-01-01","1952-01-01","1980-01-01","0.0","0.0","['Vivien Leigh', 'Marlon Brando', 'Karl Malden', 'Johnny Depp']","['Judd Hirsch', 'Marilu Henner', 'Jeff Conway', 'Tony Danza', 'Danny DeVito']","['Vivien Leigh', 'Marlon Brando', 'Karl Malden', 'Johnny Depp']","['Judd Hirsch', 'Marilu Henner', 'Jeff Conway', 'Tony Danza', 'Danny DeVito']","0.0","0.0","A Streetcar Named Desire","Taxi","a streetcar named desire","taxi","0.0","0.0"
"RuleBasedMatcher","actors_24","golden_globes_1512","0.0","","1952-01-01","1982-01-01","1952-01-01","1982-01-01","0.0","0.0","['Vivien Leigh', 'Marlon Brando', 'Karl Malden', 'Johnny Depp']","['Judd Hirsch', 'Marilu Henner', 'Danny DeVito']","['Vivien Leigh', 'Marlon Brando', 'Karl Malden', 'Johnny Depp']","['Judd Hirsch', 'Marilu Henner', 'Danny DeVito']","0.0","0.0","A Streetcar Named Desire","Taxi","a streetcar named desire","taxi","0.0","0.0"
"RuleBasedMatcher","actors_24","golden_globes_811","0.0","","1952-01-01","1995-01-01","1952-01-01","1995-01-01","0.0","0.0","['Vivien Leigh', 'Marlon Brando', 'Karl Malden', 'Johnny Depp']","Jodie Foster","['Vivien Leigh', 'Marlon Brando', 'Karl Malden', 'Johnny Depp']","Jodie Foster","0.0","0.0","A Streetcar Named Desire","Nell","a streetcar named desire","nell","0.0","0.0"
"RuleBasedMatcher","actors_24","golden_globes_1796","0.0","","1952-01-01","1975-01-01","1952-01-01","1975-01-01","0.0","0.0","['Vivien Leigh', 'Marlon Brando', 'Karl Malden', 'Johnny Depp']","Michael Douglas","['Vivien Leigh', 'Marlon Brando', 'Karl Malden', 'Johnny Depp']","Michael Douglas","0.0","0.0","A Streetcar Named Desire","Streets Of San Francisco, The","a streetcar named desire","streets of san francisco, the","0.0","0.0"
"RuleBasedMatcher","actors_24","golden_globes_1757","0.08333333333333333","","1952-01-01","1976-01-01","1952-01-01","1976-01-01","0.0","0.0","['Vivien Leigh', 'Marlon Brando', 'Karl Malden', 'Johnny Depp']","Karl Malden","['Vivien Leigh', 'Marlon Brando', 'Karl Malden', 'Johnny Depp']","Karl Malden","0.25","0.25","A Streetcar Named Desire","Streets Of San Francisco, The","a streetcar named desire","streets of san francisco, the","0.0","0.0"
"RuleBasedMatcher","actors_24","golden_globes_647","0.0","","1952-01-01","1999-01-01","1952-01-01","1999-01-01","0.0","0.0","['Vivien Leigh', 'Marlon Brando', 'Karl Malden', 'Johnny Depp']","Sarah Jessica Parker","['Vivien Leigh', 'Marlon Brando', 'Karl Malden', 'Johnny Depp']","Sarah Jessica Parker","0.0","0.0","A Streetcar Named Desire","Sex and The City","a streetcar named desire","sex and the city","0.0","0.0"
"RuleBasedMatcher","actors_24","golden_globes_443","0.0","","1952-01-01","2003-01-01","1952-01-01","2003-01-01","0.0","0.0","['Vivien Leigh', 'Marlon Brando', 'Karl Malden', 'Johnny Depp']","['Sarah Jessica Parker', 'Kim Cattrall', 'Cynthia Nixon']","['Vivien Leigh', 'Marlon Brando', 'Karl Malden', 'Johnny Depp']","['Sarah Jessica Parker', 'Kim Cattrall', 'Cynthia Nixon']","0.0","0.0","A Streetcar Named Desire","Sex and The City","a streetcar named desire","sex and the city","0.0","0.0"
"RuleBasedMatcher","actors_24","golden_globes_545","0.0","","1952-01-01","2001-01-01","1952-01-01","2001-01-01","0.0","0.0","['Vivien Leigh', 'Marlon Brando', 'Karl Malden', 'Johnny Depp']","['Sarah Jessica Parker', 'Kim Cattrall', 'Cynthia Nixon']","['Vivien Leigh', 'Marlon Brando', 'Karl Malden', 'Johnny Depp']","['Sarah Jessica Parker', 'Kim Cattrall', 'Cynthia Nixon']","0.0","0.0","A Streetcar Named Desire","Sex and The City","a streetcar named desire","sex and the city","0.0","0.0"
"RuleBasedMatcher","actors_24","golden_globes_493","0.0","","1952-01-01","2002-01-01","1952-01-01","2002-01-01","0.0","0.0","['Vivien Leigh', 'Marlon Brando', 'Karl Malden', 'Johnny Depp']","['Sarah Jessica Parker', 'John Corbett']","['Vivien Leigh', 'Marlon Brando', 'Karl Malden', 'Johnny Depp']","['Sarah Jessica Parker', 'John Corbett']","0.0","0.0","A Streetcar Named Desire","Sex and The City","a streetcar named desire","sex and the city","0.0","0.0"
"RuleBasedMatcher","actors_24","golden_globes_597","0.0","","1952-01-01","2000-01-01","1952-01-01","2000-01-01","0.0","0.0","['Vivien Leigh', 'Marlon Brando', 'Karl Malden', 'Johnny Depp']","['Sarah Jessica Parker', 'Kim Cattrall', 'Cynthia Nixon', 'Chris Noth']","['Vivien Leigh', 'Marlon Brando', 'Karl Malden', 'Johnny Depp']","['Sarah Jessica Parker', 'Kim Cattrall', 'Cynthia Nixon', 'Chris Noth']","0.0","0.0","A Streetcar Named Desire","Sex and The City","a streetcar named desire","sex and the city","0.0","0.0"
"RuleBasedMatcher","actors_24","golden_globes_400","0.0","","1952-01-01","2004-01-01","1952-01-01","2004-01-01","0.0","0.0","['Vivien Leigh', 'Marlon Brando', 'Karl Malden', 'Johnny Depp']","['Sarah Jessica Parker', 'Kim Cattrall', 'Kristin Davis', 'Cynthia Nixon']","['Vivien Leigh', 'Marlon Brando', 'Karl Malden', 'Johnny Depp']","['Sarah Jessica Parker', 'Kim Cattrall', 'Kristin Davis', 'Cynthia Nixon']","0.0","0.0","A Streetcar Named Desire","Sex and The City","a streetcar named desire","sex and the city","0.0","0.0"
"RuleBasedMatcher","actors_24","golden_globes_345","0.0","","1952-01-01","2005-01-01","1952-01-01","2005-01-01","0.0","0.0","['Vivien Leigh', 'Marlon Brando', 'Karl Malden', 'Johnny Depp']","Sarah Jessica Parker","['Vivien Leigh', 'Marlon Brando', 'Karl Malden', 'Johnny Depp']","Sarah Jessica Parker","0.0","0.0","A Streetcar Named Desire","Sex and The City","a streetcar named desire","sex and the city","0.0","0.0"
"RuleBasedMatcher","actors_24","golden_globes_1456","0.0","","1952-01-01","1983-01-01","1952-01-01","1983-01-01","0.0","0.0","['Vivien Leigh', 'Marlon Brando', 'Karl Malden', 'Johnny Depp']","Daniel J. Travanti","['Vivien Leigh', 'Marlon Brando', 'Karl Malden', 'Johnny Depp']","Daniel J. Travanti","0.0","0.0","A Streetcar Named Desire","Hill Street Blues","a streetcar named desire","hill street blues","0.0","0.0"
"RuleBasedMatcher","actors_25","golden_globes_2226","0.9999999999999999","","1953-01-01","1953-01-01","1953-01-01","1953-01-01","1.0","1.0","Shirley Booth","Shirley Booth","shirley booth","shirley booth","1.0","1.0","Come Back, Little Sheba","Come Back, Little Sheba","come back, little sheba","come back, little sheba","1.0","1.0"
"RuleBasedMatcher","actors_25","golden_globes_398","0.0","","1953-01-01","2004-01-01","1953-01-01","2004-01-01","0.0","0.0","Shirley Booth","Reba McEntire","shirley booth","reba mcentire","0.0","0.0","Come Back, Little Sheba","Reba","come back, little sheba","reba","0.0","0.0"
"RuleBasedMatcher","actors_25","golden_globes_2122","0.05555555555555555","","1953-01-01","1962-01-01","1953-01-01","1962-01-01","0.0","0.0","Shirley Booth","Tony Randall","shirley booth","tony randall","0.0","0.0","Come Back, Little Sheba","Lover Come Back","come back, little sheba","lover come back","0.16666666666666666","0.16666666666666666"
"RuleBasedMatcher","actors_25","golden_globes_167","0.0","","1953-01-01","2008-01-01","1953-01-01","2008-01-01","0.0","0.0","Shirley Booth","Amy Ryan","shirley booth","amy ryan","0.0","0.0","Come Back, Little Sheba","Gone Baby Gone","come back, little sheba","gone baby gone","0.0","0.0"
"RuleBasedMatcher","actors_25","golden_globes_1147","0.06666666666666667","","1953-01-01","1989-01-01","1953-01-01","1989-01-01","0.0","0.0","Shirley Booth","Alec Guinness","shirley booth","alec guinness","0.0","0.0","Come Back, Little Sheba","Little Dorrit","come back, little sheba","little dorrit","0.2","0.2"
"RuleBasedMatcher","actors_25","golden_globes_622","0.06666666666666667","","1953-01-01","1999-01-01","1953-01-01","1999-01-01","0.0","0.0","Shirley Booth","['Jane Horrocks', 'Michael Caine', 'Brenda Blethyn']","Shirley Booth","['Jane Horrocks', 'Michael Caine', 'Brenda Blethyn']","0.0","0.0","Come Back, Little Sheba","Little Voice","come back, little sheba","little voice","0.2","0.2"
"RuleBasedMatcher","actors_25","golden_globes_1657","0.0","","1953-01-01","1978-01-01","1953-01-01","1978-01-01","0.0","0.0","Shirley Booth","['Marsha Mason', 'Richard Dreyfuss', 'Quinn Cummings']","Shirley Booth","['Marsha Mason', 'Richard Dreyfuss', 'Quinn Cummings']","0.0","0.0","Come Back, Little Sheba","Goodbye Girl, The","come back, little sheba","goodbye girl, the","0.0","0.0"
"RuleBasedMatcher","actors_25","golden_globes_1608","0.0","","1953-01-01","1979-01-01","1953-01-01","1979-01-01","0.0","0.0","Shirley Booth","['Jane Fonda', 'Jon Voight', 'Bruce Dern']","Shirley Booth","['Jane Fonda', 'Jon Voight', 'Bruce Dern']","0.0","0.0","Come Back, Little Sheba","Coming Home","come back, little sheba","coming home","0.0","0.0"
"RuleBasedMatcher","actors_25","golden_globes_1925","0.05555555555555555","","1953-01-01","1971-01-01","1953-01-01","1971-01-01","0.0","0.0","Shirley Booth","Chief Dan George","shirley booth","chief dan george","0.0","0.0","Come Back, Little Sheba","Little Big Man","come back, little sheba","little big man","0.16666666666666666","0.16666666666666666"
"RuleBasedMatcher","actors_25","golden_globes_210","0.06666666666666667","","1953-01-01","2007-01-01","1953-01-01","2007-01-01","0.0","0.0","Shirley Booth","Kate Winslet","shirley booth","kate winslet","0.0","0.0","Come Back, Little Sheba","Little Children","come back, little sheba","little children","0.2","0.2"
"RuleBasedMatcher","actors_25","golden_globes_1470","0.06666666666666667","","1953-01-01","1983-01-01","1953-01-01","1983-01-01","0.0","0.0","Shirley Booth","Lucy Gutteridge","shirley booth","lucy gutteridge","0.0","0.0","Come Back, Little Sheba","Little Gloria","come back, little sheba","little gloria","0.2","0.2"
"RuleBasedMatcher","actors_25","golden_globes_2257","0.05555555555555555","","1953-01-01","1951-01-01","1953-01-01","1951-01-01","0.0","0.0","Shirley Booth","Fred Astaire","shirley booth","fred astaire","0.0","0.0","Come Back, Little Sheba","Three Little Words","come back, little sheba","three little words","0.16666666666666666","0.16666666666666666"
"RuleBasedMatcher","actors_25","golden_globes_1936","0.0","","1953-01-01","1971-01-01","1953-01-01","1971-01-01","0.0","0.0","Shirley Booth","Lucille Ball","shirley booth","lucille ball","0.0","0.0","Come Back, Little Sheba","Here's Lucy","come back, little sheba","here's lucy","0.0","0.0"
"RuleBasedMatcher","actors_25","golden_globes_1581","0.05555555555555555","","1953-01-01","1980-01-01","1953-01-01","1980-01-01","0.0","0.0","Shirley Booth","Laurence Olivier","shirley booth","laurence olivier","0.0","0.0","Come Back, Little Sheba","Little Romance, a","come back, little sheba","little romance, a","0.16666666666666666","0.16666666666666666"
"RuleBasedMatcher","actors_25","golden_globes_2185","0.0","","1953-01-01","1958-01-01","1953-01-01","1958-01-01","0.0","0.0","Shirley Booth","['Marlon Brando', 'Miyoshi Umeki', 'Red Buttons']","Shirley Booth","['Marlon Brando', 'Miyoshi Umeki', 'Red Buttons']","0.0","0.0","Come Back, Little Sheba","Sayonara","come back, little sheba","sayonara","0.0","0.0"
"RuleBasedMatcher","actors_25","golden_globes_217","0.05555555555555555","","1953-01-01","2007-01-01","1953-01-01","2007-01-01","0.0","0.0","Shirley Booth","Toni Collette","shirley booth","toni collette","0.0","0.0","Come Back, Little Sheba","Little Miss Sunshine","come back, little sheba","little miss sunshine","0.16666666666666666","0.16666666666666666"
"RuleBasedMatcher","actors_25","golden_globes_1907","0.0","","1953-01-01","1972-01-01","1953-01-01","1972-01-01","0.0","0.0","Shirley Booth","Jan-Michael Vincent","shirley booth","jan-michael vincent","0.0","0.0","Come Back, Little Sheba","Going Home","come back, little sheba","going home","0.0","0.0"
"RuleBasedMatcher","actors_25","golden_globes_113","0.0","","1953-01-01","2009-01-01","1953-01-01","2009-01-01","0.0","0.0","Shirley Booth","Meryl Streep","shirley booth","meryl streep","0.0","0.0","Come Back, Little Sheba","Mamma Mia!","come back, little sheba","mamma mia!","0.0","0.0"
"RuleBasedMatcher","actors_25","golden_globes_652","0.0","","1953-01-01","1999-01-01","1953-01-01","1999-01-01","0.0","0.0","Shirley Booth","['Stockard Channing', 'Laura Dern']","Shirley Booth","['Stockard Channing', 'Laura Dern']","0.0","0.0","Come Back, Little Sheba","Baby Dance, The","come back, little sheba","baby dance, the","0.0","0.0"
"RuleBasedMatcher","actors_25","golden_globes_427","0.0","","1953-01-01","2003-01-01","1953-01-01","2003-01-01","0.0","0.0","Shirley Booth","['Kieran Culkin', 'Susan Sarandon']","Shirley Booth","['Kieran Culkin', 'Susan Sarandon']","0.0","0.0","Come Back, Little Sheba","Igby Goes Down","come back, little sheba","igby goes down","0.0","0.0"
"RuleBasedMatcher","actors_26","golden_globes_2221","0.9999999999999999","","1954-01-01","1954-01-01","1954-01-01","1954-01-01","1.0","1.0","Audrey Hepburn","Audrey Hepburn","audrey hepburn","audrey hepburn","1.0","1.0","Roman Holiday","Roman Holiday","roman holiday","roman holiday","1.0","1.0"
"RuleBasedMatcher","actors_26","golden_globes_291","0.0","","1954-01-01","2006-01-01","1954-01-01","2006-01-01","0.0","0.0","Audrey Hepburn","Polly Walker","audrey hepburn","polly walker","0.0","0.0","Roman Holiday","Rome","roman holiday","rome","0.0","0.0"
"RuleBasedMatcher","actors_26","golden_globes_554","0.1111111111111111","","1954-01-01","2001-01-01","1954-01-01","2001-01-01","0.0","0.0","Audrey Hepburn","Alfre Woodard","audrey hepburn","alfre woodard","0.0","0.0","Roman Holiday","Holiday Heart","roman holiday","holiday heart","0.3333333333333333","0.3333333333333333"
"RuleBasedMatcher","actors_26","golden_globes_1274","0.0","","1954-01-01","1987-01-01","1954-01-01","1987-01-01","0.0","0.0","Audrey Hepburn","['Loretta Young', 'Trevor Howard', 'Ron Leibman']","Audrey Hepburn","['Loretta Young', 'Trevor Howard', 'Ron Leibman']","0.0","0.0","Roman Holiday","Christmas Eve","roman holiday","christmas eve","0.0","0.0"
"RuleBasedMatcher","actors_26","golden_globes_2120","0.047619047619047616","","1954-01-01","1962-01-01","1954-01-01","1962-01-01","0.0","0.0","Audrey Hepburn","Lotte Lenya","audrey hepburn","lotte lenya","0.0","0.0","Roman Holiday","Roman Spring Of Mrs. Stone, The","roman holiday","roman spring of mrs. stone, the","0.14285714285714285","0.14285714285714285"
"RuleBasedMatcher","actors_26","golden_globes_1069","0.0","","1954-01-01","1991-01-01","1954-01-01","1991-01-01","0.0","0.0","Audrey Hepburn","James Garner","audrey hepburn","james garner","0.0","0.0","Roman Holiday","Decoration Day","roman holiday","decoration day","0.0","0.0"
"RuleBasedMatcher","actors_26","golden_globes_1651","0.0","","1954-01-01","1978-01-01","1954-01-01","1978-01-01","0.0","0.0","Audrey Hepburn","Marcello Mastroianni","audrey hepburn","marcello mastroianni","0.0","0.0","Roman Holiday","Special Day, a","roman holiday","special day, a","0.0","0.0"
"RuleBasedMatcher","actors_26","golden_globes_197","0.0","","1954-01-01","2008-01-01","1954-01-01","2008-01-01","0.0","0.0","Audrey Hepburn","Ernest Borgnine","audrey hepburn","ernest borgnine","0.0","0.0","Roman Holiday","Grandpa For Christmas, A","roman holiday","grandpa for christmas, a","0.0","0.0"
"RuleBasedMatcher","actors_26","golden_globes_1919","0.0","","1954-01-01","1971-01-01","1954-01-01","1971-01-01","0.0","0.0","Audrey Hepburn","Albert Finney","audrey hepburn","albert finney","0.0","0.0","Roman Holiday","Scrooge","roman holiday","scrooge","0.0","0.0"
"RuleBasedMatcher","actors_26","golden_globes_380","0.0","","1954-01-01","2004-01-01","1954-01-01","2004-01-01","0.0","0.0","Audrey Hepburn","Billy Bob Thornton","audrey hepburn","billy bob thornton","0.0","0.0","Roman Holiday","Bad Santa","roman holiday","bad santa","0.0","0.0"
"RuleBasedMatcher","actors_26","golden_globes_1120","0.0","","1954-01-01","1990-01-01","1954-01-01","1990-01-01","0.0","0.0","Audrey Hepburn","Lane Smith","audrey hepburn","lane smith","0.0","0.0","Roman Holiday","Final Days, The","roman holiday","final days, the","0.0","0.0"
"RuleBasedMatcher","actors_26","golden_globes_1934","0.0","","1954-01-01","1971-01-01","1954-01-01","1971-01-01","0.0","0.0","Audrey Hepburn","Burt Reynolds","audrey hepburn","burt reynolds","0.0","0.0","Roman Holiday","Dan August","roman holiday","dan august","0.0","0.0"
"RuleBasedMatcher","actors_26","golden_globes_1958","0.0","","1954-01-01","1970-01-01","1954-01-01","1970-01-01","0.0","0.0","Audrey Hepburn","Anthony Quinn","audrey hepburn","anthony quinn","0.0","0.0","Roman Holiday","Secret Of Santa Vittoria, The","roman holiday","secret of santa vittoria, the","0.0","0.0"
"RuleBasedMatcher","actors_26","golden_globes_1824","0.0","","1954-01-01","1974-01-01","1954-01-01","1974-01-01","0.0","0.0","Audrey Hepburn","Valentina Cortese","audrey hepburn","valentina cortese","0.0","0.0","Roman Holiday","Day For Night","roman holiday","day for night","0.0","0.0"
"RuleBasedMatcher","actors_26","golden_globes_1828","0.0","","1954-01-01","1974-01-01","1954-01-01","1974-01-01","0.0","0.0","Audrey Hepburn","","audrey hepburn","","0.0","0.0","Roman Holiday","Day Of The Jackal, The","roman holiday","day of the jackal, the","0.0","0.0"
"RuleBasedMatcher","actors_26","golden_globes_1624","0.0","","1954-01-01","1979-01-01","1954-01-01","1979-01-01","0.0","0.0","Audrey Hepburn","","audrey hepburn","","0.0","0.0","Roman Holiday","Days Of Heaven","roman holiday","days of heaven","0.0","0.0"
"RuleBasedMatcher","actors_26","golden_globes_1682","0.0","","1954-01-01","1978-01-01","1954-01-01","1978-01-01","0.0","0.0","Audrey Hepburn","['Ron Howard', 'Henry Winkler']","Audrey Hepburn","['Ron Howard', 'Henry Winkler']","0.0","0.0","Roman Holiday","Happy Days","roman holiday","happy days","0.0","0.0"
"RuleBasedMatcher","actors_26","golden_globes_1725","0.0","","1954-01-01","1977-01-01","1954-01-01","1977-01-01","0.0","0.0","Audrey Hepburn","Henry Winkler","audrey hepburn","henry winkler","0.0","0.0","Roman Holiday","Happy Days","roman holiday","happy days","0.0","0.0"
"RuleBasedMatcher","actors_26","golden_globes_1480","0.0","","1954-01-01","1983-01-01","1954-01-01","1983-01-01","0.0","0.0","Audrey Hepburn","Anson Williams","audrey hepburn","anson williams","0.0","0.0","Roman Holiday","Happy Days","roman holiday","happy days","0.0","0.0"
"RuleBasedMatcher","actors_26","golden_globes_2061","0.0","","1954-01-01","1964-01-01","1954-01-01","1964-01-01","0.0","0.0","Audrey Hepburn","['Rex Harrison', 'Roddy McDowall']","Audrey Hepburn","['Rex Harrison', 'Roddy McDowall']","0.0","0.0","Roman Holiday","Cleopatra","roman holiday","cleopatra","0.0","0.0"
"RuleBasedMatcher","actors_27","golden_globes_2216","0.8333333333333334","1","1955-01-01","1955-01-01","1955-01-01","1955-01-01","1.0","1.0","Grace Kelly","Grace Kelly","grace kelly","grace kelly","1.0","1.0","The Country Girl","Country Girl, The","the country girl","country girl, the","0.5","0.5"
"RuleBasedMatcher","actors_27","golden_globes_1327","0.1111111111111111","","1955-01-01","1985-01-01","1955-01-01","1985-01-01","0.0","0.0","Grace Kelly","Jessica Lange","grace kelly","jessica lange","0.0","0.0","The Country Girl","Country","the country girl","country","0.3333333333333333","0.3333333333333333"
"RuleBasedMatcher","actors_27","golden_globes_2007","0.08333333333333333","","1955-01-01","1967-01-01","1955-01-01","1967-01-01","0.0","0.0","Grace Kelly","Alan Bates","grace kelly","alan bates","0.0","0.0","The Country Girl","Georgy Girl","the country girl","georgy girl","0.25","0.25"
"RuleBasedMatcher","actors_27","golden_globes_412","0.08333333333333333","","1955-01-01","2004-01-01","1955-01-01","2004-01-01","0.0","0.0","Grace Kelly","['Troy Garity', 'Lee Pace']","Grace Kelly","['Troy Garity', 'Lee Pace']","0.0","0.0","The Country Girl","Soldier's Girl","the country girl","soldier's girl","0.25","0.25"
"RuleBasedMatcher","actors_27","golden_globes_305","0.17777777777777778","","1955-01-01","2006-01-01","1955-01-01","2006-01-01","0.0","0.0","Grace Kelly","['Kelly MacDonald', 'Bill Nighy']","Grace Kelly","['Kelly MacDonald', 'Bill Nighy']","0.2","0.2","The Country Girl","Girl In The Caf�, The","the country girl","girl in the caf�, the","0.3333333333333333","0.3333333333333333"
"RuleBasedMatcher","actors_27","golden_globes_2177","0.06666666666666667","","1955-01-01","1959-01-01","1955-01-01","1959-01-01","0.0","0.0","Grace Kelly","Burl Ives","grace kelly","burl ives","0.0","0.0","The Country Girl","Big Country, The","the country girl","big country, the","0.2","0.2"
"RuleBasedMatcher","actors_27","golden_globes_169","0.047619047619047616","","1955-01-01","2008-01-01","1955-01-01","2008-01-01","0.0","0.0","Grace Kelly","Javier Bardem","grace kelly","javier bardem","0.0","0.0","The Country Girl","No Country For Old Men","the country girl","no country for old men","0.14285714285714285","0.14285714285714285"
"RuleBasedMatcher","actors_27","golden_globes_1657","0.06666666666666667","","1955-01-01","1978-01-01","1955-01-01","1978-01-01","0.0","0.0","Grace Kelly","['Marsha Mason', 'Richard Dreyfuss', 'Quinn Cummings']","Grace Kelly","['Marsha Mason', 'Richard Dreyfuss', 'Quinn Cummings']","0.0","0.0","The Country Girl","Goodbye Girl, The","the country girl","goodbye girl, the","0.2","0.2"
"RuleBasedMatcher","actors_27","golden_globes_551","0.0","","1955-01-01","2001-01-01","1955-01-01","2001-01-01","0.0","0.0","Grace Kelly","Christine Lahti","grace kelly","christine lahti","0.0","0.0","The Country Girl","American Daughter, An","the country girl","american daughter, an","0.0","0.0"
"RuleBasedMatcher","actors_27","golden_globes_227","0.0","","1955-01-01","2007-01-01","1955-01-01","2007-01-01","0.0","0.0","Grace Kelly","Ben Affleck","grace kelly","ben affleck","0.0","0.0","The Country Girl","Hollywoodland","the country girl","hollywoodland","0.0","0.0"
"RuleBasedMatcher","actors_27","golden_globes_2222","0.08333333333333333","","1955-01-01","1954-01-01","1955-01-01","1954-01-01","0.0","0.0","Grace Kelly","Spencer Tracy","grace kelly","spencer tracy","0.0","0.0","The Country Girl","Actress, The","the country girl","actress, the","0.25","0.25"
"RuleBasedMatcher","actors_27","golden_globes_1751","0.0","","1955-01-01","1976-01-01","1955-01-01","1976-01-01","0.0","0.0","Grace Kelly","Rosemary Harris","grace kelly","rosemary harris","0.0","0.0","The Country Girl","Notorious Woman","the country girl","notorious woman","0.0","0.0"
"RuleBasedMatcher","actors_27","golden_globes_562","0.0","","1955-01-01","2000-01-01","1955-01-01","2000-01-01","0.0","0.0","Grace Kelly","['Annette Bening', 'Kevin Spacey']","Grace Kelly","['Annette Bening', 'Kevin Spacey']","0.0","0.0","The Country Girl","American Beauty","the country girl","american beauty","0.0","0.0"
"RuleBasedMatcher","actors_27","golden_globes_858","0.0","","1955-01-01","1995-01-01","1955-01-01","1995-01-01","0.0","0.0","Grace Kelly","['Rutger Hauer', 'Miranda Richardson']","Grace Kelly","['Rutger Hauer', 'Miranda Richardson']","0.0","0.0","The Country Girl","Fatherland","the country girl","fatherland","0.0","0.0"
"RuleBasedMatcher","actors_27","golden_globes_2059","0.06666666666666667","","1955-01-01","1964-01-01","1955-01-01","1964-01-01","0.0","0.0","Grace Kelly","Marlon Brando","grace kelly","marlon brando","0.0","0.0","The Country Girl","Ugly American, The","the country girl","ugly american, the","0.2","0.2"
"RuleBasedMatcher","actors_27","golden_globes_1979","0.08333333333333333","","1955-01-01","1969-01-01","1955-01-01","1969-01-01","0.0","0.0","Grace Kelly","","grace kelly","","0.0","0.0","The Country Girl","Funny Girl","the country girl","funny girl","0.25","0.25"
"RuleBasedMatcher","actors_27","golden_globes_264","0.08333333333333333","","1955-01-01","2006-01-01","1955-01-01","2006-01-01","0.0","0.0","Grace Kelly","['Charlize Theron', 'Frances McDormand']","Grace Kelly","['Charlize Theron', 'Frances McDormand']","0.0","0.0","The Country Girl","North Country","the country girl","north country","0.25","0.25"
"RuleBasedMatcher","actors_27","golden_globes_1136","0.08333333333333333","","1955-01-01","1989-01-01","1955-01-01","1989-01-01","0.0","0.0","Grace Kelly","['Melanie Griffith', 'Sigourney Weaver']","Grace Kelly","['Melanie Griffith', 'Sigourney Weaver']","0.0","0.0","The Country Girl","Working Girl","the country girl","working girl","0.25","0.25"
"RuleBasedMatcher","actors_27","golden_globes_2127","0.047619047619047616","","1955-01-01","1961-01-01","1955-01-01","1961-01-01","0.0","0.0","Grace Kelly","Nancy Kwan","grace kelly","nancy kwan","0.0","0.0","The Country Girl","World Of Suzie Wong, The","the country girl","world of suzie wong, the","0.14285714285714285","0.14285714285714285"
"RuleBasedMatcher","actors_27","golden_globes_1304","0.06666666666666667","","1955-01-01","1986-01-01","1955-01-01","1986-01-01","0.0","0.0","Grace Kelly","['Beatrice Arthur', 'Estelle Getty', 'Rue McClanahan', 'Betty White']","Grace Kelly","['Beatrice Arthur', 'Estelle Getty', 'Rue McClanahan', 'Betty White']","0.0","0.0","The Country Girl","Golden Girls, The","the country girl","golden girls, the","0.2","0.2"
"RuleBasedMatcher","actors_28","golden_globes_2211","0.6666666666666666","0","1956-01-01","1956-01-01","1956-01-01","1956-01-01","1.0","1.0","Anna Magnani","['Anna Magnani', 'Marisa Pavan']","Anna Magnani","['Anna Magnani', 'Marisa Pavan']","0.5","0.5","The Rose Tattoo","Rose Tattoo, The","the rose tattoo","rose tattoo, the","0.5","0.5"
"RuleBasedMatcher","actors_28","golden_globes_1577","0.08333333333333333","","1956-01-01","1980-01-01","1956-01-01","1980-01-01","0.0","0.0","Anna Magnani","['Bette Midler', 'Frederic Forrest']","Anna Magnani","['Bette Midler', 'Frederic Forrest']","0.0","0.0","The Rose Tattoo","Rose, The","the rose tattoo","rose, the","0.25","0.25"
"RuleBasedMatcher","actors_28","golden_globes_1078","0.16666666666666666","","1956-01-01","1990-01-01","1956-01-01","1990-01-01","0.0","0.0","Anna Magnani","Liv Ullmann","anna magnani","liv ullmann","0.0","0.0","The Rose Tattoo","Rose Garden, The","the rose tattoo","rose garden, the","0.5","0.5"
"RuleBasedMatcher","actors_28","golden_globes_1290","0.1111111111111111","","1956-01-01","1986-01-01","1956-01-01","1986-01-01","0.0","0.0","Anna Magnani","['Mia Farrow', 'Jeff Daniels']","Anna Magnani","['Mia Farrow', 'Jeff Daniels']","0.0","0.0","The Rose Tattoo","Purple Rose Of Cairo, The","the rose tattoo","purple rose of cairo, the","0.3333333333333333","0.3333333333333333"
"RuleBasedMatcher","actors_28","golden_globes_1978","0.05555555555555555","","1956-01-01","1969-01-01","1956-01-01","1969-01-01","0.0","0.0","Anna Magnani","Martin Sheen","anna magnani","martin sheen","0.0","0.0","The Rose Tattoo","Subject Was Roses, The","the rose tattoo","subject was roses, the","0.16666666666666666","0.16666666666666666"
"RuleBasedMatcher","actors_28","golden_globes_1663","0.0","","1956-01-01","1978-01-01","1956-01-01","1978-01-01","0.0","0.0","Anna Magnani","Lilia Skala","anna magnani","lilia skala","0.0","0.0","The Rose Tattoo","Roseland","the rose tattoo","roseland","0.0","0.0"
"RuleBasedMatcher","actors_28","golden_globes_960","0.06666666666666667","","1956-01-01","1993-01-01","1956-01-01","1993-01-01","0.0","0.0","Anna Magnani","['Kyra Sedgwick', 'Amanda Plummer']","Anna Magnani","['Kyra Sedgwick', 'Amanda Plummer']","0.0","0.0","The Rose Tattoo","Miss Rose White","the rose tattoo","miss rose white","0.2","0.2"
"RuleBasedMatcher","actors_28","golden_globes_1088","0.047619047619047616","","1956-01-01","1990-01-01","1956-01-01","1990-01-01","0.0","0.0","Anna Magnani","['Kathleen Turner', 'Michael Douglas']","Anna Magnani","['Kathleen Turner', 'Michael Douglas']","0.0","0.0","The Rose Tattoo","War Of The Roses, The","the rose tattoo","war of the roses, the","0.14285714285714285","0.14285714285714285"
"RuleBasedMatcher","actors_28","golden_globes_2094","0.0","","1956-01-01","1963-01-01","1956-01-01","1963-01-01","0.0","0.0","Anna Magnani","['Stephen Boyd', 'Jimmy Durante', 'Martha Raye']","Anna Magnani","['Stephen Boyd', 'Jimmy Durante', 'Martha Raye']","0.0","0.0","The Rose Tattoo","Billy Rose's Jumbo","the rose tattoo","billy rose's jumbo","0.0","0.0"
"RuleBasedMatcher","actors_28","golden_globes_2084","0.0","","1956-01-01","1963-01-01","1956-01-01","1963-01-01","0.0","0.0","Anna Magnani","['Lee Remick', 'Jack Lemmon']","Anna Magnani","['Lee Remick', 'Jack Lemmon']","0.0","0.0","The Rose Tattoo","Days Of Wine and Roses","the rose tattoo","days of wine and roses","0.0","0.0"
"RuleBasedMatcher","actors_28","golden_globes_1109","0.0","","1956-01-01","1990-01-01","1956-01-01","1990-01-01","0.0","0.0","Anna Magnani","John Goodman","anna magnani","john goodman","0.0","0.0","The Rose Tattoo","Roseanne","the rose tattoo","roseanne","0.0","0.0"
"RuleBasedMatcher","actors_28","golden_globes_1057","0.0","","1956-01-01","1991-01-01","1956-01-01","1991-01-01","0.0","0.0","Anna Magnani","['Roseanne', 'John Goodman']","Anna Magnani","['Roseanne', 'John Goodman']","0.0","0.0","The Rose Tattoo","Roseanne","the rose tattoo","roseanne","0.0","0.0"
"RuleBasedMatcher","actors_28","golden_globes_862","0.0","","1956-01-01","1995-01-01","1956-01-01","1995-01-01","0.0","0.0","Anna Magnani","Laurie Metcalf","anna magnani","laurie metcalf","0.0","0.0","The Rose Tattoo","Roseanne","the rose tattoo","roseanne","0.0","0.0"
"RuleBasedMatcher","actors_28","golden_globes_1158","0.0","","1956-01-01","1989-01-01","1956-01-01","1989-01-01","0.0","0.0","Anna Magnani","['Roseanne', 'John Goodman']","Anna Magnani","['Roseanne', 'John Goodman']","0.0","0.0","The Rose Tattoo","Roseanne","the rose tattoo","roseanne","0.0","0.0"
"RuleBasedMatcher","actors_28","golden_globes_898","0.0","","1956-01-01","1994-01-01","1956-01-01","1994-01-01","0.0","0.0","Anna Magnani","Roseanne","anna magnani","roseanne","0.0","0.0","The Rose Tattoo","Roseanne","the rose tattoo","roseanne","0.0","0.0"
"RuleBasedMatcher","actors_28","golden_globes_950","0.0","","1956-01-01","1993-01-01","1956-01-01","1993-01-01","0.0","0.0","Anna Magnani","['Roseanne', 'John Goodman', 'Laurie Metcalf']","Anna Magnani","['Roseanne', 'John Goodman', 'Laurie Metcalf']","0.0","0.0","The Rose Tattoo","Roseanne","the rose tattoo","roseanne","0.0","0.0"
"RuleBasedMatcher","actors_28","golden_globes_1002","0.0","","1956-01-01","1992-01-01","1956-01-01","1992-01-01","0.0","0.0","Anna Magnani","Roseanne","anna magnani","roseanne","0.0","0.0","The Rose Tattoo","Roseanne","the rose tattoo","roseanne","0.0","0.0"
"RuleBasedMatcher","actors_28","golden_globes_973","0.08333333333333333","","1956-01-01","1992-01-01","1956-01-01","1992-01-01","0.0","0.0","Anna Magnani","['Laura Dern', 'Diane Ladd']","Anna Magnani","['Laura Dern', 'Diane Ladd']","0.0","0.0","The Rose Tattoo","Rambling Rose","the rose tattoo","rambling rose","0.25","0.25"
"RuleBasedMatcher","actors_28","golden_globes_160","0.05555555555555555","","1956-01-01","2008-01-01","1956-01-01","2008-01-01","0.0","0.0","Anna Magnani","Marion Cotillard","anna magnani","marion cotillard","0.0","0.0","The Rose Tattoo","La Vie En Rose","the rose tattoo","la vie en rose","0.16666666666666666","0.16666666666666666"
"RuleBasedMatcher","actors_28","golden_globes_1335","0.06666666666666667","","1956-01-01","1985-01-01","1956-01-01","1985-01-01","0.0","0.0","Anna Magnani","Mia Farrow","anna magnani","mia farrow","0.0","0.0","The Rose Tattoo","Broadway Danny Rose","the rose tattoo","broadway danny rose","0.2","0.2"
"RuleBasedMatcher","actors_29","golden_globes_2198","0.95","","1957-01-01","1957-01-01","1957-01-01","1957-01-01","1.0","1.0","Ingrid Bergman","['Ingrid Bergman', 'Helen Hayes']","Ingrid Bergman","['Ingrid Bergman', 'Helen Hayes']","0.5","0.5","Anastasia","Anastasia","anastasia","anastasia","1.0","1.0"
"RuleBasedMatcher","actors_29","golden_globes_1271","0.0","","1957-01-01","1987-01-01","1957-01-01","1987-01-01","0.0","0.0","Ingrid Bergman","['Amy Irving', 'Olivia de Havilland', 'Jan Niklas']","Ingrid Bergman","['Amy Irving', 'Olivia de Havilland', 'Jan Niklas']","0.0","0.0","Anastasia","Anastasia: The Mystery Of Anna","anastasia","anastasia: the mystery of anna","0.0","0.0"
"RuleBasedMatcher","actors_29","golden_globes_1181","0.0","","1957-01-01","1988-01-01","1957-01-01","1988-01-01","0.0","0.0","Ingrid Bergman","Sally Kirkland","ingrid bergman","sally kirkland","0.0","0.0","Anastasia","Anna","anastasia","anna","0.0","0.0"
"RuleBasedMatcher","actors_29","golden_globes_1434","0.0","","1957-01-01","1983-01-01","1957-01-01","1983-01-01","0.0","0.0","Ingrid Bergman","Meryl Streep","ingrid bergman","meryl streep","0.0","0.0","Anastasia","Sophie's Choice","anastasia","sophie's choice","0.0","0.0"
"RuleBasedMatcher","actors_29","golden_globes_1240","0.0","","1957-01-01","1987-01-01","1957-01-01","1987-01-01","0.0","0.0","Ingrid Bergman","['Bob Hoskins', 'Cathy Tyson']","Ingrid Bergman","['Bob Hoskins', 'Cathy Tyson']","0.0","0.0","Anastasia","Mona Lisa","anastasia","mona lisa","0.0","0.0"
"RuleBasedMatcher","actors_29","golden_globes_1964","0.0","","1957-01-01","1969-01-01","1957-01-01","1969-01-01","0.0","0.0","Ingrid Bergman","Vanessa Redgrave","ingrid bergman","vanessa redgrave","0.0","0.0","Anastasia","Isadora","anastasia","isadora","0.0","0.0"
"RuleBasedMatcher","actors_29","golden_globes_2061","0.0","","1957-01-01","1964-01-01","1957-01-01","1964-01-01","0.0","0.0","Ingrid Bergman","['Rex Harrison', 'Roddy McDowall']","Ingrid Bergman","['Rex Harrison', 'Roddy McDowall']","0.0","0.0","Anastasia","Cleopatra","anastasia","cleopatra","0.0","0.0"
"RuleBasedMatcher","actors_29","golden_globes_771","0.0","","1957-01-01","1996-01-01","1957-01-01","1996-01-01","0.0","0.0","Ingrid Bergman","Harrison Ford","ingrid bergman","harrison ford","0.0","0.0","Anastasia","Sabrina","anastasia","sabrina","0.0","0.0"
"RuleBasedMatcher","actors_29","golden_globes_41","0.0","","1957-01-01","2011-01-01","1957-01-01","2011-01-01","0.0","0.0","Ingrid Bergman","Romola Garai","ingrid bergman","romola garai","0.0","0.0","Anastasia","Emma","anastasia","emma","0.0","0.0"
"RuleBasedMatcher","actors_29","golden_globes_1127","0.0","","1957-01-01","1989-01-01","1957-01-01","1989-01-01","0.0","0.0","Ingrid Bergman","Shirley MacLaine","ingrid bergman","shirley maclaine","0.0","0.0","Anastasia","Madame Sousatzka","anastasia","madame sousatzka","0.0","0.0"
"RuleBasedMatcher","actors_29","golden_globes_562","0.0","","1957-01-01","2000-01-01","1957-01-01","2000-01-01","0.0","0.0","Ingrid Bergman","['Annette Bening', 'Kevin Spacey']","Ingrid Bergman","['Annette Bening', 'Kevin Spacey']","0.0","0.0","Anastasia","American Beauty","anastasia","american beauty","0.0","0.0"
"RuleBasedMatcher","actors_29","golden_globes_1105","0.0","","1957-01-01","1990-01-01","1957-01-01","1990-01-01","0.0","0.0","Ingrid Bergman","Stephanie Beacham","ingrid bergman","stephanie beacham","0.0","0.0","Anastasia","Sister Kate","anastasia","sister kate","0.0","0.0"
"RuleBasedMatcher","actors_29","golden_globes_913","0.0","","1957-01-01","1994-01-01","1957-01-01","1994-01-01","0.0","0.0","Ingrid Bergman","Ann-Margret","ingrid bergman","ann-margret","0.0","0.0","Anastasia","Alex Haley's Queen","anastasia","alex haley's queen","0.0","0.0"
"RuleBasedMatcher","actors_29","golden_globes_1439","0.0","","1957-01-01","1983-01-01","1957-01-01","1983-01-01","0.0","0.0","Ingrid Bergman","['Carol Burnett', 'Aileen Quinn']","Ingrid Bergman","['Carol Burnett', 'Aileen Quinn']","0.0","0.0","Anastasia","Annie","anastasia","annie","0.0","0.0"
"RuleBasedMatcher","actors_29","golden_globes_609","0.0","","1957-01-01","2000-01-01","1957-01-01","2000-01-01","0.0","0.0","Ingrid Bergman","Kathy Bates","ingrid bergman","kathy bates","0.0","0.0","Anastasia","Annie","anastasia","annie","0.0","0.0"
"RuleBasedMatcher","actors_29","golden_globes_861","0.0","","1957-01-01","1995-01-01","1957-01-01","1995-01-01","0.0","0.0","Ingrid Bergman","Tyne Daly","ingrid bergman","tyne daly","0.0","0.0","Anastasia","Christy","anastasia","christy","0.0","0.0"
"RuleBasedMatcher","actors_29","golden_globes_1526","0.0","","1957-01-01","1982-01-01","1957-01-01","1982-01-01","0.0","0.0","Ingrid Bergman","['Beth Howland', 'Vic Tayback']","Ingrid Bergman","['Beth Howland', 'Vic Tayback']","0.0","0.0","Anastasia","Alice","anastasia","alice","0.0","0.0"
"RuleBasedMatcher","actors_29","golden_globes_1557","0.0","","1957-01-01","1981-01-01","1957-01-01","1981-01-01","0.0","0.0","Ingrid Bergman","['Linda Lavin', 'Beth Howland', 'Diane Ladd', 'Vic Tayback']","Ingrid Bergman","['Linda Lavin', 'Beth Howland', 'Diane Ladd', 'Vic Tayback']","0.0","0.0","Anastasia","Alice","anastasia","alice","0.0","0.0"
"RuleBasedMatcher","actors_29","golden_globes_1635","0.0","","1957-01-01","1979-01-01","1957-01-01","1979-01-01","0.0","0.0","Ingrid Bergman","['Linda Lavin', 'Polly Holliday']","Ingrid Bergman","['Linda Lavin', 'Polly Holliday']","0.0","0.0","Anastasia","Alice","anastasia","alice","0.0","0.0"
"RuleBasedMatcher","actors_29","golden_globes_1030","0.0","","1957-01-01","1991-01-01","1957-01-01","1991-01-01","0.0","0.0","Ingrid Bergman","Mia Farrow","ingrid bergman","mia farrow","0.0","0.0","Anastasia","Alice","anastasia","alice","0.0","0.0"
"RuleBasedMatcher","actors_30","golden_globes_2184","0.7666666666666666","1","1958-01-01","1958-01-01","1958-01-01","1958-01-01","1.0","1.0","Joanne Woodward","Joanne Woodward","joanne woodward","joanne woodward","1.0","1.0","The Three Faces of Eve","Three Faces Of Eve, The","the three faces of eve","three faces of eve, the","0.6666666666666666","0.6666666666666666"
"RuleBasedMatcher","actors_30","golden_globes_2251","0.047619047619047616","","1958-01-01","1951-01-01","1958-01-01","1951-01-01","0.0","0.0","Joanne Woodward","['Bette Davis', 'Thelma Ritter', 'George Sanders']","Joanne Woodward","['Bette Davis', 'Thelma Ritter', 'George Sanders']","0.0","0.0","The Three Faces of Eve","All About Eve","the three faces of eve","all about eve","0.14285714285714285","0.14285714285714285"
"RuleBasedMatcher","actors_30","golden_globes_2037","0.0","","1958-01-01","1965-01-01","1958-01-01","1965-01-01","0.0","0.0","Joanne Woodward","Jean Seberg","joanne woodward","jean seberg","0.0","0.0","The Three Faces of Eve","Lilith","the three faces of eve","lilith","0.0","0.0"
"RuleBasedMatcher","actors_30","golden_globes_1279","0.047619047619047616","","1958-01-01","1986-01-01","1958-01-01","1986-01-01","0.0","0.0","Joanne Woodward","['Anne Bancroft', 'Meg Tilly']","Joanne Woodward","['Anne Bancroft', 'Meg Tilly']","0.0","0.0","The Three Faces of Eve","Agnes Of God","the three faces of eve","agnes of god","0.14285714285714285","0.14285714285714285"
"RuleBasedMatcher","actors_30","golden_globes_619","0.0","","1958-01-01","1999-01-01","1958-01-01","1999-01-01","0.0","0.0","Joanne Woodward","['Ian McKellen', 'Lynn Redgrave']","Joanne Woodward","['Ian McKellen', 'Lynn Redgrave']","0.0","0.0","The Three Faces of Eve","Gods and Monsters","the three faces of eve","gods and monsters","0.0","0.0"
"RuleBasedMatcher","actors_30","golden_globes_1419","0.0","","1958-01-01","1984-01-01","1958-01-01","1984-01-01","0.0","0.0","Joanne Woodward","John Ritter","joanne woodward","john ritter","0.0","0.0","The Three Faces of Eve","Three's Company","the three faces of eve","three's company","0.0","0.0"
"RuleBasedMatcher","actors_30","golden_globes_1602","0.0","","1958-01-01","1980-01-01","1958-01-01","1980-01-01","0.0","0.0","Joanne Woodward","John Ritter","joanne woodward","john ritter","0.0","0.0","The Three Faces of Eve","Three's Company","the three faces of eve","three's company","0.0","0.0"
"RuleBasedMatcher","actors_30","golden_globes_1637","0.0","","1958-01-01","1979-01-01","1958-01-01","1979-01-01","0.0","0.0","Joanne Woodward","['Suzanne Somers', 'John Ritter', 'Audra Lindley', 'Norman Fell']","Joanne Woodward","['Suzanne Somers', 'John Ritter', 'Audra Lindley', 'Norman Fell']","0.0","0.0","The Three Faces of Eve","Three's Company","the three faces of eve","three's company","0.0","0.0"
"RuleBasedMatcher","actors_30","golden_globes_1517","0.047619047619047616","","1958-01-01","1982-01-01","1958-01-01","1982-01-01","0.0","0.0","Joanne Woodward","Jane Seymour","joanne woodward","jane seymour","0.0","0.0","The Three Faces of Eve","East Of Eden","the three faces of eve","east of eden","0.14285714285714285","0.14285714285714285"
"RuleBasedMatcher","actors_30","golden_globes_148","0.041666666666666664","","1958-01-01","2008-01-01","1958-01-01","2008-01-01","0.0","0.0","Joanne Woodward","Cate Blanchett","joanne woodward","cate blanchett","0.0","0.0","The Three Faces of Eve","Elizabeth: The Golden Age","the three faces of eve","elizabeth: the golden age","0.125","0.125"
"RuleBasedMatcher","actors_30","golden_globes_1274","0.05555555555555555","","1958-01-01","1987-01-01","1958-01-01","1987-01-01","0.0","0.0","Joanne Woodward","['Loretta Young', 'Trevor Howard', 'Ron Leibman']","Joanne Woodward","['Loretta Young', 'Trevor Howard', 'Ron Leibman']","0.0","0.0","The Three Faces of Eve","Christmas Eve","the three faces of eve","christmas eve","0.16666666666666666","0.16666666666666666"
"RuleBasedMatcher","actors_30","golden_globes_611","0.0","","1958-01-01","1999-01-01","1958-01-01","1999-01-01","0.0","0.0","Joanne Woodward","Cate Blanchett","joanne woodward","cate blanchett","0.0","0.0","The Three Faces of Eve","Elizabeth","the three faces of eve","elizabeth","0.0","0.0"
"RuleBasedMatcher","actors_30","golden_globes_2260","0.0","","1958-01-01","1951-01-01","1958-01-01","1951-01-01","0.0","0.0","Joanne Woodward","Judy Holliday","joanne woodward","judy holliday","0.0","0.0","The Three Faces of Eve","Adam's Rib","the three faces of eve","adam's rib","0.0","0.0"
"RuleBasedMatcher","actors_30","golden_globes_704","0.05555555555555555","","1958-01-01","1998-01-01","1958-01-01","1998-01-01","0.0","0.0","Joanne Woodward","Armand Assante","joanne woodward","armand assante","0.0","0.0","The Three Faces of Eve","Odyssey, The","the three faces of eve","odyssey, the","0.16666666666666666","0.16666666666666666"
"RuleBasedMatcher","actors_30","golden_globes_250","0.0","","1958-01-01","2007-01-01","1958-01-01","2007-01-01","0.0","0.0","Joanne Woodward","['Helen Mirren', 'Jeremy Irons']","Joanne Woodward","['Helen Mirren', 'Jeremy Irons']","0.0","0.0","The Three Faces of Eve","Elizabeth I","the three faces of eve","elizabeth i","0.0","0.0"
"RuleBasedMatcher","actors_30","golden_globes_1665","0.07407407407407407","","1958-01-01","1978-01-01","1958-01-01","1978-01-01","0.0","0.0","Joanne Woodward","","joanne woodward","","0.0","0.0","The Three Faces of Eve","Close Encounters Of The Third Kind","the three faces of eve","close encounters of the third kind","0.2222222222222222","0.2222222222222222"
"RuleBasedMatcher","actors_30","golden_globes_728","0.08333333333333333","","1958-01-01","1997-01-01","1958-01-01","1997-01-01","0.0","0.0","Joanne Woodward","Barbara Hershey","joanne woodward","barbara hershey","0.0","0.0","The Three Faces of Eve","Portrait Of a Lady, The","the three faces of eve","portrait of a lady, the","0.25","0.25"
"RuleBasedMatcher","actors_30","golden_globes_722","0.037037037037037035","","1958-01-01","1997-01-01","1958-01-01","1997-01-01","0.0","0.0","Joanne Woodward","['Barbra Streisand', 'Lauren Bacall']","Joanne Woodward","['Barbra Streisand', 'Lauren Bacall']","0.0","0.0","The Three Faces of Eve","Mirror Has Two Faces, The","the three faces of eve","mirror has two faces, the","0.1111111111111111","0.1111111111111111"
"RuleBasedMatcher","actors_30","golden_globes_2061","0.0","","1958-01-01","1964-01-01","1958-01-01","1964-01-01","0.0","0.0","Joanne Woodward","['Rex Harrison', 'Roddy McDowall']","Joanne Woodward","['Rex Harrison', 'Roddy McDowall']","0.0","0.0","The Three Faces of Eve","Cleopatra","the three faces of eve","cleopatra","0.0","0.0"
"RuleBasedMatcher","actors_30","golden_globes_801","0.037037037037037035","","1958-01-01","1996-01-01","1958-01-01","1996-01-01","0.0","0.0","Joanne Woodward","Sally Field","joanne woodward","sally field","0.0","0.0","The Three Faces of Eve","Woman Of Independent Means, a","the three faces of eve","woman of independent means, a","0.1111111111111111","0.1111111111111111"
"RuleBasedMatcher","actors_31","golden_globes_2164","0.9999999999999999","","1959-01-01","1959-01-01","1959-01-01","1959-01-01","1.0","1.0","Susan Hayward","Susan Hayward","susan hayward","susan hayward","1.0","1.0","I Want to Live!","I Want To Live!","i want to live!","i want to live!","1.0","1.0"
"RuleBasedMatcher","actors_31","golden_globes_474","0.0","","1959-01-01","2002-01-01","1959-01-01","2002-01-01","0.0","0.0","Susan Hayward","Hayden Christensen","susan hayward","hayden christensen","0.0","0.0","I Want to Live!","Life as a House","i want to live!","life as a house","0.0","0.0"
"RuleBasedMatcher","actors_31","golden_globes_1243","0.0","","1959-01-01","1987-01-01","1959-01-01","1987-01-01","0.0","0.0","Susan Hayward","['Julie Andrews', 'Jack Lemmon']","Susan Hayward","['Julie Andrews', 'Jack Lemmon']","0.0","0.0","I Want to Live!","That's Life!","i want to live!","that's life!","0.0","0.0"
"RuleBasedMatcher","actors_31","golden_globes_1311","0.047619047619047616","","1959-01-01","1986-01-01","1959-01-01","1986-01-01","0.0","0.0","Susan Hayward","Liza Minnelli","susan hayward","liza minnelli","0.0","0.0","I Want to Live!","Time To Live, a","i want to live!","time to live, a","0.14285714285714285","0.14285714285714285"
"RuleBasedMatcher","actors_31","golden_globes_769","0.05555555555555555","","1959-01-01","1996-01-01","1959-01-01","1996-01-01","0.0","0.0","Susan Hayward","Nicole Kidman","susan hayward","nicole kidman","0.0","0.0","I Want to Live!","To Die For","i want to live!","to die for","0.16666666666666666","0.16666666666666666"
"RuleBasedMatcher","actors_31","golden_globes_1220","0.05555555555555555","","1959-01-01","1988-01-01","1959-01-01","1988-01-01","0.0","0.0","Susan Hayward","Raquel Welch","susan hayward","raquel welch","0.0","0.0","I Want to Live!","Right To Die","i want to live!","right to die","0.16666666666666666","0.16666666666666666"
"RuleBasedMatcher","actors_31","golden_globes_447","0.0","","1959-01-01","2003-01-01","1959-01-01","2003-01-01","0.0","0.0","Susan Hayward","['Helena Bonham Carter', 'Michael Keaton']","Susan Hayward","['Helena Bonham Carter', 'Michael Keaton']","0.0","0.0","I Want to Live!","Live From Baghdad","i want to live!","live from baghdad","0.0","0.0"
"RuleBasedMatcher","actors_31","golden_globes_835","0.0","","1959-01-01","1995-01-01","1959-01-01","1995-01-01","0.0","0.0","Susan Hayward","Claire Danes","susan hayward","claire danes","0.0","0.0","I Want to Live!","My So-Called Life","i want to live!","my so-called life","0.0","0.0"
"RuleBasedMatcher","actors_31","golden_globes_1812","0.0","","1959-01-01","1974-01-01","1959-01-01","1974-01-01","0.0","0.0","Susan Hayward","['Joanne Woodward', 'Sylvia Sidney', 'Martin Balsam']","Susan Hayward","['Joanne Woodward', 'Sylvia Sidney', 'Martin Balsam']","0.0","0.0","I Want to Live!","Summer Wishes, Winter Dreams","i want to live!","summer wishes, winter dreams","0.0","0.0"
"RuleBasedMatcher","actors_31","golden_globes_1401","0.0","","1959-01-01","1984-01-01","1959-01-01","1984-01-01","0.0","0.0","Susan Hayward","Linda Hunt","susan hayward","linda hunt","0.0","0.0","I Want to Live!","Year Of Living Dangerously, The","i want to live!","year of living dangerously, the","0.0","0.0"
"RuleBasedMatcher","actors_31","golden_globes_2149","0.0","","1959-01-01","1960-01-01","1959-01-01","1960-01-01","0.0","0.0","Susan Hayward","Anthony Franciosa","susan hayward","anthony franciosa","0.0","0.0","I Want to Live!","Career","i want to live!","career","0.0","0.0"
"RuleBasedMatcher","actors_31","golden_globes_29","0.0","","1959-01-01","2011-01-01","1959-01-01","2011-01-01","0.0","0.0","Susan Hayward","Hugh Laurie","susan hayward","hugh laurie","0.0","0.0","I Want to Live!","House","i want to live!","house","0.0","0.0"
"RuleBasedMatcher","actors_31","golden_globes_129","0.0","","1959-01-01","2009-01-01","1959-01-01","2009-01-01","0.0","0.0","Susan Hayward","Hugh Laurie","susan hayward","hugh laurie","0.0","0.0","I Want to Live!","House","i want to live!","house","0.0","0.0"
"RuleBasedMatcher","actors_31","golden_globes_294","0.0","","1959-01-01","2006-01-01","1959-01-01","2006-01-01","0.0","0.0","Susan Hayward","Hugh Laurie","susan hayward","hugh laurie","0.0","0.0","I Want to Live!","House","i want to live!","house","0.0","0.0"
"RuleBasedMatcher","actors_31","golden_globes_236","0.0","","1959-01-01","2007-01-01","1959-01-01","2007-01-01","0.0","0.0","Susan Hayward","Hugh Laurie","susan hayward","hugh laurie","0.0","0.0","I Want to Live!","House","i want to live!","house","0.0","0.0"
"RuleBasedMatcher","actors_31","golden_globes_180","0.0","","1959-01-01","2008-01-01","1959-01-01","2008-01-01","0.0","0.0","Susan Hayward","Hugh Laurie","susan hayward","hugh laurie","0.0","0.0","I Want to Live!","House","i want to live!","house","0.0","0.0"
"RuleBasedMatcher","actors_31","golden_globes_80","0.0","","1959-01-01","2010-01-01","1959-01-01","2010-01-01","0.0","0.0","Susan Hayward","Hugh Laurie","susan hayward","hugh laurie","0.0","0.0","I Want to Live!","House","i want to live!","house","0.0","0.0"
"RuleBasedMatcher","actors_31","golden_globes_2272","0.0","","1959-01-01","1947-01-01","1959-01-01","1947-01-01","0.0","0.0","Susan Hayward","","susan hayward","","0.0","0.0","I Want to Live!","It's a Wonderful Life","i want to live!","it's a wonderful life","0.0","0.0"
"RuleBasedMatcher","actors_31","golden_globes_2202","0.0","","1959-01-01","1957-01-01","1959-01-01","1957-01-01","0.0","0.0","Susan Hayward","['Kirk Douglas', 'Anthony Quinn']","Susan Hayward","['Kirk Douglas', 'Anthony Quinn']","0.0","0.0","I Want to Live!","Lust For Life","i want to live!","lust for life","0.0","0.0"
"RuleBasedMatcher","actors_31","golden_globes_192","0.0","","1959-01-01","2008-01-01","1959-01-01","2008-01-01","0.0","0.0","Susan Hayward","Queen Latifah","susan hayward","queen latifah","0.0","0.0","I Want to Live!","Life Support","i want to live!","life support","0.0","0.0"
"RuleBasedMatcher","actors_32","golden_globes_2147","0.9999999999999999","","1960-01-01","1960-01-01","1960-01-01","1960-01-01","1.0","1.0","Simone Signoret","Simone Signoret","simone signoret","simone signoret","1.0","1.0","Room at the Top","Room at The Top","room at the top","room at the top","1.0","1.0"
"RuleBasedMatcher","actors_32","golden_globes_2052","0.05555555555555555","","1960-01-01","1964-01-01","1960-01-01","1964-01-01","0.0","0.0","Simone Signoret","Leslie Caron","simone signoret","leslie caron","0.0","0.0","Room at the Top","L-Shaped Room, The","room at the top","l-shaped room, the","0.16666666666666666","0.16666666666666666"
"RuleBasedMatcher","actors_32","golden_globes_1930","0.06666666666666667","","1960-01-01","1971-01-01","1960-01-01","1971-01-01","0.0","0.0","Simone Signoret","Denise Nicholas","simone signoret","denise nicholas","0.0","0.0","Room at the Top","Room 222","room at the top","room 222","0.2","0.2"
"RuleBasedMatcher","actors_32","golden_globes_1251","0.041666666666666664","","1960-01-01","1987-01-01","1960-01-01","1987-01-01","0.0","0.0","Simone Signoret","Maggie Smith","simone signoret","maggie smith","0.0","0.0","Room at the Top","Room With a View, a","room at the top","room with a view, a","0.125","0.125"
"RuleBasedMatcher","actors_32","golden_globes_457","0.05555555555555555","","1960-01-01","2002-01-01","1960-01-01","2002-01-01","0.0","0.0","Simone Signoret","['Sissy Spacek', 'Marisa Tomei']","Simone Signoret","['Sissy Spacek', 'Marisa Tomei']","0.0","0.0","Room at the Top","In The Bedroom","room at the top","in the bedroom","0.16666666666666666","0.16666666666666666"
"RuleBasedMatcher","actors_32","golden_globes_712","0.06666666666666667","","1960-01-01","1997-01-01","1960-01-01","1997-01-01","0.0","0.0","Simone Signoret","Meryl Streep","simone signoret","meryl streep","0.0","0.0","Room at the Top","Marvin's Room","room at the top","marvin's room","0.2","0.2"
"RuleBasedMatcher","actors_32","golden_globes_1610","0.0","","1960-01-01","1979-01-01","1960-01-01","1979-01-01","0.0","0.0","Simone Signoret","['Geraldine Page', 'Maureen Stapleton']","Simone Signoret","['Geraldine Page', 'Maureen Stapleton']","0.0","0.0","Room at the Top","Interiors","room at the top","interiors","0.0","0.0"
"RuleBasedMatcher","actors_32","golden_globes_180","0.0","","1960-01-01","2008-01-01","1960-01-01","2008-01-01","0.0","0.0","Simone Signoret","Hugh Laurie","simone signoret","hugh laurie","0.0","0.0","Room at the Top","House","room at the top","house","0.0","0.0"
"RuleBasedMatcher","actors_32","golden_globes_80","0.0","","1960-01-01","2010-01-01","1960-01-01","2010-01-01","0.0","0.0","Simone Signoret","Hugh Laurie","simone signoret","hugh laurie","0.0","0.0","Room at the Top","House","room at the top","house","0.0","0.0"
"RuleBasedMatcher","actors_32","golden_globes_236","0.0","","1960-01-01","2007-01-01","1960-01-01","2007-01-01","0.0","0.0","Simone Signoret","Hugh Laurie","simone signoret","hugh laurie","0.0","0.0","Room at the Top","House","room at the top","house","0.0","0.0"
"RuleBasedMatcher","actors_32","golden_globes_29","0.0","","1960-01-01","2011-01-01","1960-01-01","2011-01-01","0.0","0.0","Simone Signoret","Hugh Laurie","simone signoret","hugh laurie","0.0","0.0","Room at the Top","House","room at the top","house","0.0","0.0"
"RuleBasedMatcher","actors_32","golden_globes_294","0.0","","1960-01-01","2006-01-01","1960-01-01","2006-01-01","0.0","0.0","Simone Signoret","Hugh Laurie","simone signoret","hugh laurie","0.0","0.0","Room at the Top","House","room at the top","house","0.0","0.0"
"RuleBasedMatcher","actors_32","golden_globes_129","0.0","","1960-01-01","2009-01-01","1960-01-01","2009-01-01","0.0","0.0","Simone Signoret","Hugh Laurie","simone signoret","hugh laurie","0.0","0.0","Room at the Top","House","room at the top","house","0.0","0.0"
"RuleBasedMatcher","actors_32","golden_globes_318","0.05555555555555555","","1960-01-01","2005-01-01","1960-01-01","2005-01-01","0.0","0.0","Simone Signoret","Javier Bardem","simone signoret","javier bardem","0.0","0.0","Room at the Top","Sea Inside, The","room at the top","sea inside, the","0.16666666666666666","0.16666666666666666"
"RuleBasedMatcher","actors_32","golden_globes_1944","0.047619047619047616","","1960-01-01","1971-01-01","1960-01-01","1971-01-01","0.0","0.0","Simone Signoret","Danny Thomas","simone signoret","danny thomas","0.0","0.0","Room at the Top","Make Room For Granddaddy","room at the top","make room for granddaddy","0.14285714285714285","0.14285714285714285"
"RuleBasedMatcher","actors_32","golden_globes_2137","0.06666666666666667","","1960-01-01","1961-01-01","1960-01-01","1961-01-01","0.0","0.0","Simone Signoret","Jack Lemmon","simone signoret","jack lemmon","0.0","0.0","Room at the Top","Apartment, The","room at the top","apartment, the","0.2","0.2"
"RuleBasedMatcher","actors_32","golden_globes_1115","0.0","","1960-01-01","1990-01-01","1960-01-01","1990-01-01","0.0","0.0","Simone Signoret","Christine Lahti","simone signoret","christine lahti","0.0","0.0","Room at the Top","No Place Like Home","room at the top","no place like home","0.0","0.0"
"RuleBasedMatcher","actors_32","golden_globes_1259","0.0","","1960-01-01","1987-01-01","1960-01-01","1987-01-01","0.0","0.0","Simone Signoret","Connie Sellecca","simone signoret","connie sellecca","0.0","0.0","Room at the Top","Hotel","room at the top","hotel","0.0","0.0"
"RuleBasedMatcher","actors_32","golden_globes_1409","0.0","","1960-01-01","1984-01-01","1960-01-01","1984-01-01","0.0","0.0","Simone Signoret","James Brolin","simone signoret","james brolin","0.0","0.0","Room at the Top","Hotel","room at the top","hotel","0.0","0.0"
"RuleBasedMatcher","actors_32","golden_globes_1357","0.0","","1960-01-01","1985-01-01","1960-01-01","1985-01-01","0.0","0.0","Simone Signoret","James Brolin","simone signoret","james brolin","0.0","0.0","Room at the Top","Hotel","room at the top","hotel","0.0","0.0"
"RuleBasedMatcher","actors_33","golden_globes_2129","0.9333333333333332","","1961-01-01","1961-01-01","1961-01-01","1961-01-01","1.0","1.0","Elisabeth Taylor","Elizabeth Taylor","elisabeth taylor","elizabeth taylor","0.3333333333333333","0.3333333333333333","Butterfield 8","Butterfield 8","butterfield 8","butterfield 8","1.0","1.0"
"RuleBasedMatcher","actors_33","golden_globes_917","0.0","","1961-01-01","1993-01-01","1961-01-01","1993-01-01","0.0","0.0","Elisabeth Taylor","Michelle Pfeiffer","elisabeth taylor","michelle pfeiffer","0.0","0.0","Butterfield 8","Love Field","butterfield 8","love field","0.0","0.0"
"RuleBasedMatcher","actors_33","golden_globes_1026","0.0","","1961-01-01","1991-01-01","1961-01-01","1991-01-01","0.0","0.0","Elisabeth Taylor","Richard Harris","elisabeth taylor","richard harris","0.0","0.0","Butterfield 8","Field, The","butterfield 8","field, the","0.0","0.0"
"RuleBasedMatcher","actors_33","golden_globes_1652","0.0","","1961-01-01","1978-01-01","1961-01-01","1978-01-01","0.0","0.0","Elisabeth Taylor","Al Pacino","elisabeth taylor","al pacino","0.0","0.0","Butterfield 8","Bobby Deerfield","butterfield 8","bobby deerfield","0.0","0.0"
"RuleBasedMatcher","actors_33","golden_globes_583","0.0","","1961-01-01","2000-01-01","1961-01-01","2000-01-01","0.0","0.0","Elisabeth Taylor","Tom Cruise","elisabeth taylor","tom cruise","0.0","0.0","Butterfield 8","Magnolia","butterfield 8","magnolia","0.0","0.0"
"RuleBasedMatcher","actors_33","golden_globes_1391","0.0","","1961-01-01","1984-01-01","1961-01-01","1984-01-01","0.0","0.0","Elisabeth Taylor","Eric Roberts","elisabeth taylor","eric roberts","0.0","0.0","Butterfield 8","Star 80","butterfield 8","star 80","0.0","0.0"
"RuleBasedMatcher","actors_33","golden_globes_771","0.0","","1961-01-01","1996-01-01","1961-01-01","1996-01-01","0.0","0.0","Elisabeth Taylor","Harrison Ford","elisabeth taylor","harrison ford","0.0","0.0","Butterfield 8","Sabrina","butterfield 8","sabrina","0.0","0.0"
"RuleBasedMatcher","actors_33","golden_globes_670","0.0","","1961-01-01","1998-01-01","1961-01-01","1998-01-01","0.0","0.0","Elisabeth Taylor","Joey Lauren Adams","elisabeth taylor","joey lauren adams","0.0","0.0","Butterfield 8","Chasing Amy","butterfield 8","chasing amy","0.0","0.0"
"RuleBasedMatcher","actors_33","golden_globes_1500","0.0","","1961-01-01","1982-01-01","1961-01-01","1982-01-01","0.0","0.0","Elisabeth Taylor","Morgan Fairchild","elisabeth taylor","morgan fairchild","0.0","0.0","Butterfield 8","Flamingo Road","butterfield 8","flamingo road","0.0","0.0"
"RuleBasedMatcher","actors_33","golden_globes_60","0.0","","1961-01-01","2010-01-01","1961-01-01","2010-01-01","0.0","0.0","Elisabeth Taylor","['Marion Cotillard', 'Daniel Day-Lewis', 'Pen�lope Cruz']","Elisabeth Taylor","['Marion Cotillard', 'Daniel Day-Lewis', 'Pen�lope Cruz']","0.0","0.0","Butterfield 8","Nine","butterfield 8","nine","0.0","0.0"
"RuleBasedMatcher","actors_33","golden_globes_385","0.0","","1961-01-01","2004-01-01","1961-01-01","2004-01-01","0.0","0.0","Elisabeth Taylor","William H. Macy","elisabeth taylor","william h. macy","0.0","0.0","Butterfield 8","Seabiscuit","butterfield 8","seabiscuit","0.0","0.0"
"RuleBasedMatcher","actors_33","golden_globes_1324","0.0","","1961-01-01","1986-01-01","1961-01-01","1986-01-01","0.0","0.0","Elisabeth Taylor","Richard Farnsworth","elisabeth taylor","richard farnsworth","0.0","0.0","Butterfield 8","Chase","butterfield 8","chase","0.0","0.0"
"RuleBasedMatcher","actors_33","golden_globes_1618","0.0","","1961-01-01","1979-01-01","1961-01-01","1979-01-01","0.0","0.0","Elisabeth Taylor","['Olivia Newton-John', 'John Travolta']","Elisabeth Taylor","['Olivia Newton-John', 'John Travolta']","0.0","0.0","Butterfield 8","Grease","butterfield 8","grease","0.0","0.0"
"RuleBasedMatcher","actors_33","golden_globes_1962","0.0","","1961-01-01","1969-01-01","1961-01-01","1969-01-01","0.0","0.0","Elisabeth Taylor","['Mia Farrow', 'Ruth Gordon']","Elisabeth Taylor","['Mia Farrow', 'Ruth Gordon']","0.0","0.0","Butterfield 8","Rosemary's Baby","butterfield 8","rosemary's baby","0.0","0.0"
"RuleBasedMatcher","actors_33","golden_globes_1540","0.0","","1961-01-01","1981-01-01","1961-01-01","1981-01-01","0.0","0.0","Elisabeth Taylor","Dolly Parton","elisabeth taylor","dolly parton","0.0","0.0","Butterfield 8","9-To-5","butterfield 8","9-to-5","0.0","0.0"
"RuleBasedMatcher","actors_33","golden_globes_1461","0.0","","1961-01-01","1983-01-01","1961-01-01","1983-01-01","0.0","0.0","Elisabeth Taylor","Rita Moreno","elisabeth taylor","rita moreno","0.0","0.0","Butterfield 8","9-To-5","butterfield 8","9-to-5","0.0","0.0"
"RuleBasedMatcher","actors_33","golden_globes_1497","0.0","","1961-01-01","1982-01-01","1961-01-01","1982-01-01","0.0","0.0","Elisabeth Taylor","Orson Welles","elisabeth taylor","orson welles","0.0","0.0","Butterfield 8","Butterfly","butterfield 8","butterfly","0.0","0.0"
"RuleBasedMatcher","actors_33","golden_globes_1084","0.0","","1961-01-01","1990-01-01","1961-01-01","1990-01-01","0.0","0.0","Elisabeth Taylor","Pauline Collins","elisabeth taylor","pauline collins","0.0","0.0","Butterfield 8","Shirley Valentine","butterfield 8","shirley valentine","0.0","0.0"
"RuleBasedMatcher","actors_33","golden_globes_106","0.0","","1961-01-01","2009-01-01","1961-01-01","2009-01-01","0.0","0.0","Elisabeth Taylor","Frank Langella","elisabeth taylor","frank langella","0.0","0.0","Butterfield 8","Frost/Nixon","butterfield 8","frost/nixon","0.0","0.0"
"RuleBasedMatcher","actors_33","golden_globes_472","0.0","","1961-01-01","2002-01-01","1961-01-01","2002-01-01","0.0","0.0","Elisabeth Taylor","Cameron Diaz","elisabeth taylor","cameron diaz","0.0","0.0","Butterfield 8","Vanilla Sky","butterfield 8","vanilla sky","0.0","0.0"
"RuleBasedMatcher","actors_34","golden_globes_1910","0.08333333333333333","","1962-01-01","1971-01-01","1962-01-01","1971-01-01","0.0","0.0","Sophia Loren","Glenda Jackson","sophia loren","glenda jackson","0.0","0.0","Two Women","Women In Love","two women","women in love","0.25","0.25"
"RuleBasedMatcher","actors_34","golden_globes_1997","0.0","","1962-01-01","1967-01-01","1962-01-01","1967-01-01","0.0","0.0","Sophia Loren","Anouk Aim�e","sophia loren","anouk aim�e","0.0","0.0","Two Women","Man and a Woman, a","two women","man and a woman, a","0.0","0.0"
"RuleBasedMatcher","actors_34","golden_globes_1476","0.06666666666666667","","1962-01-01","1983-01-01","1962-01-01","1983-01-01","0.0","0.0","Sophia Loren","Robby Benson","sophia loren","robby benson","0.0","0.0","Two Women","Two Of a Kind","two women","two of a kind","0.2","0.2"
"RuleBasedMatcher","actors_34","golden_globes_615","0.0","","1962-01-01","1999-01-01","1962-01-01","1999-01-01","0.0","0.0","Sophia Loren","Emily Watson","sophia loren","emily watson","0.0","0.0","Two Women","Hilary and Jackie","two women","hilary and jackie","0.0","0.0"
"RuleBasedMatcher","actors_34","golden_globes_303","0.05555555555555555","","1962-01-01","2006-01-01","1962-01-01","2006-01-01","0.0","0.0","Sophia Loren","Charlie Sheen","sophia loren","charlie sheen","0.0","0.0","Two Women","Two and a Half Men","two women","two and a half men","0.16666666666666666","0.16666666666666666"
"RuleBasedMatcher","actors_34","golden_globes_351","0.05555555555555555","","1962-01-01","2005-01-01","1962-01-01","2005-01-01","0.0","0.0","Sophia Loren","Charlie Sheen","sophia loren","charlie sheen","0.0","0.0","Two Women","Two and a Half Men","two women","two and a half men","0.16666666666666666","0.16666666666666666"
"RuleBasedMatcher","actors_34","golden_globes_1775","0.0","","1962-01-01","1975-01-01","1962-01-01","1975-01-01","0.0","0.0","Sophia Loren","Gena Rowlands","sophia loren","gena rowlands","0.0","0.0","Two Women","Woman Under The Influence, a","two women","woman under the influence, a","0.0","0.0"
"RuleBasedMatcher","actors_34","golden_globes_526","0.08333333333333333","","1962-01-01","2001-01-01","1962-01-01","2001-01-01","0.0","0.0","Sophia Loren","Mel Gibson","sophia loren","mel gibson","0.0","0.0","Two Women","What Women Want","two women","what women want","0.25","0.25"
"RuleBasedMatcher","actors_34","golden_globes_801","0.0","","1962-01-01","1996-01-01","1962-01-01","1996-01-01","0.0","0.0","Sophia Loren","Sally Field","sophia loren","sally field","0.0","0.0","Two Women","Woman Of Independent Means, a","two women","woman of independent means, a","0.0","0.0"
"RuleBasedMatcher","actors_34","golden_globes_1666","0.0","","1962-01-01","1978-01-01","1962-01-01","1978-01-01","0.0","0.0","Sophia Loren","Angie Dickinson","sophia loren","angie dickinson","0.0","0.0","Two Women","Police Woman","two women","police woman","0.0","0.0"
"RuleBasedMatcher","actors_34","golden_globes_1790","0.0","","1962-01-01","1975-01-01","1962-01-01","1975-01-01","0.0","0.0","Sophia Loren","Angie Dickinson","sophia loren","angie dickinson","0.0","0.0","Two Women","Police Woman","two women","police woman","0.0","0.0"
"RuleBasedMatcher","actors_34","golden_globes_1750","0.0","","1962-01-01","1976-01-01","1962-01-01","1976-01-01","0.0","0.0","Sophia Loren","Angie Dickinson","sophia loren","angie dickinson","0.0","0.0","Two Women","Police Woman","two women","police woman","0.0","0.0"
"RuleBasedMatcher","actors_34","golden_globes_1706","0.0","","1962-01-01","1977-01-01","1962-01-01","1977-01-01","0.0","0.0","Sophia Loren","Angie Dickinson","sophia loren","angie dickinson","0.0","0.0","Two Women","Police Woman","two women","police woman","0.0","0.0"
"RuleBasedMatcher","actors_34","golden_globes_1669","0.0","","1962-01-01","1978-01-01","1962-01-01","1978-01-01","0.0","0.0","Sophia Loren","Lindsay Wagner","sophia loren","lindsay wagner","0.0","0.0","Two Women","Bionic Woman, The","two women","bionic woman, the","0.0","0.0"
"RuleBasedMatcher","actors_34","golden_globes_1710","0.0","","1962-01-01","1977-01-01","1962-01-01","1977-01-01","0.0","0.0","Sophia Loren","Lindsay Wagner","sophia loren","lindsay wagner","0.0","0.0","Two Women","Bionic Woman, The","two women","bionic woman, the","0.0","0.0"
"RuleBasedMatcher","actors_34","golden_globes_1607","0.0","","1962-01-01","1979-01-01","1962-01-01","1979-01-01","0.0","0.0","Sophia Loren","Jill Clayburgh","sophia loren","jill clayburgh","0.0","0.0","Two Women","Unmarried Woman, An","two women","unmarried woman, an","0.0","0.0"
"RuleBasedMatcher","actors_34","golden_globes_869","0.0","","1962-01-01","1994-01-01","1962-01-01","1994-01-01","0.0","0.0","Sophia Loren","Debra Winger","sophia loren","debra winger","0.0","0.0","Two Women","Dangerous Woman, a","two women","dangerous woman, a","0.0","0.0"
"RuleBasedMatcher","actors_34","golden_globes_2156","0.0","","1962-01-01","1960-01-01","1962-01-01","1960-01-01","0.0","0.0","Sophia Loren","Dean Martin","sophia loren","dean martin","0.0","0.0","Two Women","Who Was That Lady","two women","who was that lady","0.0","0.0"
"RuleBasedMatcher","actors_34","golden_globes_1365","0.0","","1962-01-01","1985-01-01","1962-01-01","1985-01-01","0.0","0.0","Sophia Loren","Jane Curtin","sophia loren","jane curtin","0.0","0.0","Two Women","Kate and Allie","two women","kate and allie","0.0","0.0"
"RuleBasedMatcher","actors_34","golden_globes_891","0.0","","1962-01-01","1994-01-01","1962-01-01","1994-01-01","0.0","0.0","Sophia Loren","Sela Ward","sophia loren","sela ward","0.0","0.0","Two Women","Sisters","two women","sisters","0.0","0.0"
"RuleBasedMatcher","actors_35","golden_globes_2078","0.6666666666666666","1","1963-01-01","1963-01-01","1963-01-01","1963-01-01","1.0","1.0","Anne Bancroft","['Anne Bancroft', 'Patty Duke']","Anne Bancroft","['Anne Bancroft', 'Patty Duke']","0.5","0.5","The Miracle Worker","Miracle Worker, The","the miracle worker","miracle worker, the","0.5","0.5"
"RuleBasedMatcher","actors_35","golden_globes_2117","0.0","","1963-01-01","1962-01-01","1963-01-01","1962-01-01","0.0","0.0","Anne Bancroft","Glenn Ford","anne bancroft","glenn ford","0.0","0.0","The Miracle Worker","Pocketful Of Miracles","the miracle worker","pocketful of miracles","0.0","0.0"
"RuleBasedMatcher","actors_35","golden_globes_2270","0.05555555555555555","","1963-01-01","1948-01-01","1963-01-01","1948-01-01","0.0","0.0","Anne Bancroft","Edmund Gwenn","anne bancroft","edmund gwenn","0.0","0.0","The Miracle Worker","Miracle On 34Th Street","the miracle worker","miracle on 34th street","0.16666666666666666","0.16666666666666666"
"RuleBasedMatcher","actors_35","golden_globes_1268","0.06666666666666667","","1963-01-01","1987-01-01","1963-01-01","1987-01-01","0.0","0.0","Anne Bancroft","Tony Danza","anne bancroft","tony danza","0.0","0.0","The Miracle Worker","Who's The Boss","the miracle worker","who's the boss","0.2","0.2"
"RuleBasedMatcher","actors_35","golden_globes_1321","0.06666666666666667","","1963-01-01","1986-01-01","1963-01-01","1986-01-01","0.0","0.0","Anne Bancroft","Katherine Helmond","anne bancroft","katherine helmond","0.0","0.0","The Miracle Worker","Who's The Boss","the miracle worker","who's the boss","0.2","0.2"
"RuleBasedMatcher","actors_35","golden_globes_1161","0.06666666666666667","","1963-01-01","1989-01-01","1963-01-01","1989-01-01","0.0","0.0","Anne Bancroft","['Tony Danza', 'Katherine Helmond']","Anne Bancroft","['Tony Danza', 'Katherine Helmond']","0.0","0.0","The Miracle Worker","Who's The Boss","the miracle worker","who's the boss","0.2","0.2"
"RuleBasedMatcher","actors_35","golden_globes_1315","0.0","","1963-01-01","1986-01-01","1963-01-01","1986-01-01","0.0","0.0","Anne Bancroft","Richard Chamberlain","anne bancroft","richard chamberlain","0.0","0.0","The Miracle Worker","Wallenberg: a Hero's Story","the miracle worker","wallenberg: a hero's story","0.0","0.0"
"RuleBasedMatcher","actors_35","golden_globes_84","0.0","","1963-01-01","2010-01-01","1963-01-01","2010-01-01","0.0","0.0","Anne Bancroft","Edie Falco","anne bancroft","edie falco","0.0","0.0","The Miracle Worker","Nurse Jackie","the miracle worker","nurse jackie","0.0","0.0"
"RuleBasedMatcher","actors_35","golden_globes_31","0.0","","1963-01-01","2011-01-01","1963-01-01","2011-01-01","0.0","0.0","Anne Bancroft","Edie Falco","anne bancroft","edie falco","0.0","0.0","The Miracle Worker","Nurse Jackie","the miracle worker","nurse jackie","0.0","0.0"
"RuleBasedMatcher","actors_35","golden_globes_567","0.08333333333333333","","1963-01-01","2000-01-01","1963-01-01","2000-01-01","0.0","0.0","Anne Bancroft","Russell Crowe","anne bancroft","russell crowe","0.0","0.0","The Miracle Worker","Insider, The","the miracle worker","insider, the","0.25","0.25"
"RuleBasedMatcher","actors_35","golden_globes_2232","0.0","","1963-01-01","1953-01-01","1963-01-01","1953-01-01","0.0","0.0","Anne Bancroft","Danny Kaye","anne bancroft","danny kaye","0.0","0.0","The Miracle Worker","Hans Christian Andersen","the miracle worker","hans christian andersen","0.0","0.0"
"RuleBasedMatcher","actors_35","golden_globes_521","0.0","","1963-01-01","2001-01-01","1963-01-01","2001-01-01","0.0","0.0","Anne Bancroft","Ren�e Zellweger","anne bancroft","ren�e zellweger","0.0","0.0","The Miracle Worker","Nurse Betty","the miracle worker","nurse betty","0.0","0.0"
"RuleBasedMatcher","actors_35","golden_globes_1536","0.06666666666666667","","1963-01-01","1981-01-01","1963-01-01","1981-01-01","0.0","0.0","Anne Bancroft","Peter O'Toole","anne bancroft","peter o'toole","0.0","0.0","The Miracle Worker","Stunt Man, The","the miracle worker","stunt man, the","0.2","0.2"
"RuleBasedMatcher","actors_35","golden_globes_78","0.08333333333333333","","1963-01-01","2010-01-01","1963-01-01","2010-01-01","0.0","0.0","Anne Bancroft","Simon Baker","anne bancroft","simon baker","0.0","0.0","The Miracle Worker","Mentalist, The","the miracle worker","mentalist, the","0.25","0.25"
"RuleBasedMatcher","actors_35","golden_globes_1539","0.0","","1963-01-01","1981-01-01","1963-01-01","1981-01-01","0.0","0.0","Anne Bancroft","Bette Midler","anne bancroft","bette midler","0.0","0.0","The Miracle Worker","Divine Madness","the miracle worker","divine madness","0.0","0.0"
"RuleBasedMatcher","actors_35","golden_globes_792","0.08333333333333333","","1963-01-01","1996-01-01","1963-01-01","1996-01-01","0.0","0.0","Anne Bancroft","Fran Drescher","anne bancroft","fran drescher","0.0","0.0","The Miracle Worker","Nanny, The","the miracle worker","nanny, the","0.25","0.25"
"RuleBasedMatcher","actors_35","golden_globes_741","0.08333333333333333","","1963-01-01","1997-01-01","1963-01-01","1997-01-01","0.0","0.0","Anne Bancroft","Fran Drescher","anne bancroft","fran drescher","0.0","0.0","The Miracle Worker","Nanny, The","the miracle worker","nanny, the","0.25","0.25"
"RuleBasedMatcher","actors_35","golden_globes_713","0.06666666666666667","","1963-01-01","1997-01-01","1963-01-01","1997-01-01","0.0","0.0","Anne Bancroft","['Kristin Scott Thomas', 'Ralph Fiennes', 'Juliette Binoche']","Anne Bancroft","['Kristin Scott Thomas', 'Ralph Fiennes', 'Juliette Binoche']","0.0","0.0","The Miracle Worker","English Patient, The","the miracle worker","english patient, the","0.2","0.2"
"RuleBasedMatcher","actors_35","golden_globes_2051","0.08333333333333333","","1963-01-01","1964-01-01","1963-01-01","1964-01-01","0.0","0.0","Anne Bancroft","Polly Bergen","anne bancroft","polly bergen","0.0","0.0","The Miracle Worker","Caretakers, The","the miracle worker","caretakers, the","0.25","0.25"
"RuleBasedMatcher","actors_35","golden_globes_1651","0.0","","1963-01-01","1978-01-01","1963-01-01","1978-01-01","0.0","0.0","Anne Bancroft","Marcello Mastroianni","anne bancroft","marcello mastroianni","0.0","0.0","The Miracle Worker","Special Day, a","the miracle worker","special day, a","0.0","0.0"
"RuleBasedMatcher","actors_36","golden_globes_2062","0.9333333333333332","","1964-01-01","1964-01-01","1964-01-01","1964-01-01","1.0","1.0","Patricia Neal","['Paul Newman', 'Patricia Neal', 'Melvyn Douglas']","Patricia Neal","['Paul Newman', 'Patricia Neal', 'Melvyn Douglas']","0.3333333333333333","0.3333333333333333","Hud","Hud","hud","hud","1.0","1.0"
"RuleBasedMatcher","actors_36","golden_globes_2150","0.0","","1964-01-01","1960-01-01","1964-01-01","1960-01-01","0.0","0.0","Patricia Neal","['Charlton Heston', 'Stephen Boyd']","Patricia Neal","['Charlton Heston', 'Stephen Boyd']","0.0","0.0","Hud","Ben-Hur","hud","ben-hur","0.0","0.0"
"RuleBasedMatcher","actors_36","golden_globes_2113","0.0","","1964-01-01","1962-01-01","1964-01-01","1962-01-01","0.0","0.0","Patricia Neal","['Paul Newman', 'Jackie Gleason', 'George C. Scott']","Patricia Neal","['Paul Newman', 'Jackie Gleason', 'George C. Scott']","0.0","0.0","Hud","Hustler, The","hud","hustler, the","0.0","0.0"
"RuleBasedMatcher","actors_36","golden_globes_494","0.0","","1964-01-01","2002-01-01","1964-01-01","2002-01-01","0.0","0.0","Patricia Neal","Tom Cavanagh","patricia neal","tom cavanagh","0.0","0.0","Hud","Ed","hud","ed","0.0","0.0"
"RuleBasedMatcher","actors_36","golden_globes_923","0.0","","1964-01-01","1993-01-01","1964-01-01","1993-01-01","0.0","0.0","Patricia Neal","Jack Nicholson","patricia neal","jack nicholson","0.0","0.0","Hud","Hoffa","hud","hoffa","0.0","0.0"
"RuleBasedMatcher","actors_36","golden_globes_505","0.0","","1964-01-01","2002-01-01","1964-01-01","2002-01-01","0.0","0.0","Patricia Neal","Barry Pepper","patricia neal","barry pepper","0.0","0.0","Hud","61*","hud","61*","0.0","0.0"
"RuleBasedMatcher","actors_36","golden_globes_1254","0.0","","1964-01-01","1987-01-01","1964-01-01","1987-01-01","0.0","0.0","Patricia Neal","Dennis Hopper","patricia neal","dennis hopper","0.0","0.0","Hud","Hoosiers","hud","hoosiers","0.0","0.0"
"RuleBasedMatcher","actors_36","golden_globes_717","0.0","","1964-01-01","1997-01-01","1964-01-01","1997-01-01","0.0","0.0","Patricia Neal","Geoffrey Rush","patricia neal","geoffrey rush","0.0","0.0","Hud","Shine","hud","shine","0.0","0.0"
"RuleBasedMatcher","actors_36","golden_globes_268","0.0","","1964-01-01","2006-01-01","1964-01-01","2006-01-01","0.0","0.0","Patricia Neal","Terrence Howard","patricia neal","terrence howard","0.0","0.0","Hud","Hustle & Flow","hud","hustle & flow","0.0","0.0"
"RuleBasedMatcher","actors_36","golden_globes_1688","0.0","","1964-01-01","1977-01-01","1964-01-01","1977-01-01","0.0","0.0","Patricia Neal","Liv Ullmann","patricia neal","liv ullmann","0.0","0.0","Hud","Face To Face","hud","face to face","0.0","0.0"
"RuleBasedMatcher","actors_36","golden_globes_978","0.0","","1964-01-01","1992-01-01","1964-01-01","1992-01-01","0.0","0.0","Patricia Neal","Ellen Barkin","patricia neal","ellen barkin","0.0","0.0","Hud","Switch","hud","switch","0.0","0.0"
"RuleBasedMatcher","actors_36","golden_globes_1831","0.0","","1964-01-01","1974-01-01","1964-01-01","1974-01-01","0.0","0.0","Patricia Neal","Julie London","patricia neal","julie london","0.0","0.0","Hud","Emergency","hud","emergency","0.0","0.0"
"RuleBasedMatcher","actors_36","golden_globes_676","0.0","","1964-01-01","1998-01-01","1964-01-01","1998-01-01","0.0","0.0","Patricia Neal","Dustin Hoffman","patricia neal","dustin hoffman","0.0","0.0","Hud","Wag The Dog","hud","wag the dog","0.0","0.0"
"RuleBasedMatcher","actors_36","golden_globes_952","0.0","","1964-01-01","1993-01-01","1964-01-01","1993-01-01","0.0","0.0","Patricia Neal","Tim Allen","patricia neal","tim allen","0.0","0.0","Hud","Home Improvement","hud","home improvement","0.0","0.0"
"RuleBasedMatcher","actors_36","golden_globes_847","0.06666666666666667","","1964-01-01","1995-01-01","1964-01-01","1995-01-01","0.0","0.0","Patricia Neal","['Patricia Richardson', 'Tim Allen']","Patricia Neal","['Patricia Richardson', 'Tim Allen']","0.2","0.2","Hud","Home Improvement","hud","home improvement","0.0","0.0"
"RuleBasedMatcher","actors_36","golden_globes_746","0.0","","1964-01-01","1997-01-01","1964-01-01","1997-01-01","0.0","0.0","Patricia Neal","Tim Allen","patricia neal","tim allen","0.0","0.0","Hud","Home Improvement","hud","home improvement","0.0","0.0"
"RuleBasedMatcher","actors_36","golden_globes_795","0.0","","1964-01-01","1996-01-01","1964-01-01","1996-01-01","0.0","0.0","Patricia Neal","Tim Allen","patricia neal","tim allen","0.0","0.0","Hud","Home Improvement","hud","home improvement","0.0","0.0"
"RuleBasedMatcher","actors_36","golden_globes_897","0.06666666666666667","","1964-01-01","1994-01-01","1964-01-01","1994-01-01","0.0","0.0","Patricia Neal","['Patricia Richardson', 'Tim Allen']","Patricia Neal","['Patricia Richardson', 'Tim Allen']","0.2","0.2","Hud","Home Improvement","hud","home improvement","0.0","0.0"
"RuleBasedMatcher","actors_36","golden_globes_827","0.0","","1964-01-01","1995-01-01","1964-01-01","1995-01-01","0.0","0.0","Patricia Neal","['Johnny Depp', 'Martin Landau']","Patricia Neal","['Johnny Depp', 'Martin Landau']","0.0","0.0","Hud","Ed Wood","hud","ed wood","0.0","0.0"
"RuleBasedMatcher","actors_36","golden_globes_1941","0.0","","1964-01-01","1971-01-01","1964-01-01","1971-01-01","0.0","0.0","Patricia Neal","Herschel Bernardi","patricia neal","herschel bernardi","0.0","0.0","Hud","Arnie","hud","arnie","0.0","0.0"
"RuleBasedMatcher","actors_37","golden_globes_2042","0.8999999999999999","","1965-01-01","1965-01-01","1965-01-01","1965-01-01","1.0","1.0","Julie Andrews","Dick Van Dyke","julie andrews","dick van dyke","0.0","0.0","Mary Poppins","Mary Poppins","mary poppins","mary poppins","1.0","1.0"
"RuleBasedMatcher","actors_37","golden_globes_1892","0.0","","1965-01-01","1972-01-01","1965-01-01","1972-01-01","0.0","0.0","Julie Andrews","['Glenda Jackson', 'Vanessa Redgrave']","Julie Andrews","['Glenda Jackson', 'Vanessa Redgrave']","0.0","0.0","Mary Poppins","Mary, Queen Of Scots","mary poppins","mary, queen of scots","0.0","0.0"
"RuleBasedMatcher","actors_37","golden_globes_14","0.0","","1965-01-01","2011-01-01","1965-01-01","2011-01-01","0.0","0.0","Julie Andrews","Johnny Depp","julie andrews","johnny depp","0.0","0.0","Mary Poppins","Alice in Wonderland","mary poppins","alice in wonderland","0.0","0.0"
"RuleBasedMatcher","actors_37","golden_globes_621","0.06666666666666667","","1965-01-01","1999-01-01","1965-01-01","1999-01-01","0.0","0.0","Julie Andrews","Cameron Diaz","julie andrews","cameron diaz","0.0","0.0","Mary Poppins","There's Something About Mary","mary poppins","there's something about mary","0.2","0.2"
"RuleBasedMatcher","actors_37","golden_globes_220","0.0","","1965-01-01","2007-01-01","1965-01-01","2007-01-01","0.0","0.0","Julie Andrews","Ren�e Zellweger","julie andrews","ren�e zellweger","0.0","0.0","Mary Poppins","Miss Potter","mary poppins","miss potter","0.0","0.0"
"RuleBasedMatcher","actors_37","golden_globes_665","0.0","","1965-01-01","1998-01-01","1965-01-01","1998-01-01","0.0","0.0","Julie Andrews","['Kate Winslet', 'Leonardo DiCaprio', 'Gloria Stuart']","Julie Andrews","['Kate Winslet', 'Leonardo DiCaprio', 'Gloria Stuart']","0.0","0.0","Mary Poppins","Titanic","mary poppins","titanic","0.0","0.0"
"RuleBasedMatcher","actors_37","golden_globes_1733","0.0","","1965-01-01","1976-01-01","1965-01-01","1976-01-01","0.0","0.0","Julie Andrews","['Louise Fletcher', 'Jack Nicholson']","Julie Andrews","['Louise Fletcher', 'Jack Nicholson']","0.0","0.0","Mary Poppins","One Flew Over The Cuckoo''s Nest","mary poppins","one flew over the cuckoo''s nest","0.0","0.0"
"RuleBasedMatcher","actors_37","golden_globes_1279","0.0","","1965-01-01","1986-01-01","1965-01-01","1986-01-01","0.0","0.0","Julie Andrews","['Anne Bancroft', 'Meg Tilly']","Julie Andrews","['Anne Bancroft', 'Meg Tilly']","0.0","0.0","Mary Poppins","Agnes Of God","mary poppins","agnes of god","0.0","0.0"
"RuleBasedMatcher","actors_37","golden_globes_1656","0.0","","1965-01-01","1978-01-01","1965-01-01","1978-01-01","0.0","0.0","Julie Andrews","['Diane Keaton', 'Woody Allen']","Julie Andrews","['Diane Keaton', 'Woody Allen']","0.0","0.0","Mary Poppins","Annie Hall","mary poppins","annie hall","0.0","0.0"
"RuleBasedMatcher","actors_37","golden_globes_611","0.0","","1965-01-01","1999-01-01","1965-01-01","1999-01-01","0.0","0.0","Julie Andrews","Cate Blanchett","julie andrews","cate blanchett","0.0","0.0","Mary Poppins","Elizabeth","mary poppins","elizabeth","0.0","0.0"
"RuleBasedMatcher","actors_37","golden_globes_1084","0.0","","1965-01-01","1990-01-01","1965-01-01","1990-01-01","0.0","0.0","Julie Andrews","Pauline Collins","julie andrews","pauline collins","0.0","0.0","Mary Poppins","Shirley Valentine","mary poppins","shirley valentine","0.0","0.0"
"RuleBasedMatcher","actors_37","golden_globes_195","0.0","","1965-01-01","2008-01-01","1965-01-01","2008-01-01","0.0","0.0","Julie Andrews","Ruth Wilson","julie andrews","ruth wilson","0.0","0.0","Mary Poppins","Jane Eyre","mary poppins","jane eyre","0.0","0.0"
"RuleBasedMatcher","actors_37","golden_globes_1087","0.0","","1965-01-01","1990-01-01","1965-01-01","1990-01-01","0.0","0.0","Julie Andrews","['Jessica Tandy', 'Morgan Freeman']","Julie Andrews","['Jessica Tandy', 'Morgan Freeman']","0.0","0.0","Mary Poppins","Driving Miss Daisy","mary poppins","driving miss daisy","0.0","0.0"
"RuleBasedMatcher","actors_37","golden_globes_2027","0.0","","1965-01-01","1966-01-01","1965-01-01","1966-01-01","0.0","0.0","Julie Andrews","Ruth Gordon","julie andrews","ruth gordon","0.0","0.0","Mary Poppins","Inside Daisy Clover","mary poppins","inside daisy clover","0.0","0.0"
"RuleBasedMatcher","actors_37","golden_globes_661","0.0","","1965-01-01","1998-01-01","1965-01-01","1998-01-01","0.0","0.0","Julie Andrews","Helena Bonham Carter","julie andrews","helena bonham carter","0.0","0.0","Mary Poppins","Wings Of The Dove, The","mary poppins","wings of the dove, the","0.0","0.0"
"RuleBasedMatcher","actors_37","golden_globes_521","0.0","","1965-01-01","2001-01-01","1965-01-01","2001-01-01","0.0","0.0","Julie Andrews","Ren�e Zellweger","julie andrews","ren�e zellweger","0.0","0.0","Mary Poppins","Nurse Betty","mary poppins","nurse betty","0.0","0.0"
"RuleBasedMatcher","actors_37","golden_globes_1134","0.0","","1965-01-01","1989-01-01","1965-01-01","1989-01-01","0.0","0.0","Julie Andrews","['Forest Whitaker', 'Diane Venora']","Julie Andrews","['Forest Whitaker', 'Diane Venora']","0.0","0.0","Mary Poppins","Bird","mary poppins","bird","0.0","0.0"
"RuleBasedMatcher","actors_37","golden_globes_1355","0.0","","1965-01-01","1985-01-01","1965-01-01","1985-01-01","0.0","0.0","Julie Andrews","Kate Jackson","julie andrews","kate jackson","0.0","0.0","Mary Poppins","Scarecrow and Mrs. King","mary poppins","scarecrow and mrs. king","0.0","0.0"
"RuleBasedMatcher","actors_37","golden_globes_498","0.0","","1965-01-01","2002-01-01","1965-01-01","2002-01-01","0.0","0.0","Julie Andrews","['Hannah Taylor Gordon', 'Ben Kingsley']","Julie Andrews","['Hannah Taylor Gordon', 'Ben Kingsley']","0.0","0.0","Mary Poppins","Anne Frank","mary poppins","anne frank","0.0","0.0"
"RuleBasedMatcher","actors_37","golden_globes_1954","0.08333333333333333","","1965-01-01","1970-01-01","1965-01-01","1970-01-01","0.0","0.0","Julie Andrews","Dustin Hoffman","julie andrews","dustin hoffman","0.0","0.0","Mary Poppins","John and Mary","mary poppins","john and mary","0.25","0.25"
"RuleBasedMatcher","actors_38","golden_globes_2013","0.9999999999999999","","1966-01-01","1966-01-01","1966-01-01","1966-01-01","1.0","1.0","Julie Christie","Julie Christie","julie christie","julie christie","1.0","1.0","Darling","Darling","darling","darling","1.0","1.0"
"RuleBasedMatcher","actors_38","golden_globes_2188","0.0","","1966-01-01","1958-01-01","1966-01-01","1958-01-01","0.0","0.0","Julie Christie","Maurice Chevalier","julie christie","maurice chevalier","0.0","0.0","Darling","Love In The Afternoon","darling","love in the afternoon","0.0","0.0"
"RuleBasedMatcher","actors_38","golden_globes_1096","0.0","","1966-01-01","1990-01-01","1966-01-01","1990-01-01","0.0","0.0","Julie Christie","Denzel Washington","julie christie","denzel washington","0.0","0.0","Darling","Glory","darling","glory","0.0","0.0"
"RuleBasedMatcher","actors_38","golden_globes_2244","0.0","","1966-01-01","1952-01-01","1966-01-01","1952-01-01","0.0","0.0","Julie Christie","Arthur Kennedy","julie christie","arthur kennedy","0.0","0.0","Darling","Bright Victory","darling","bright victory","0.0","0.0"
"RuleBasedMatcher","actors_38","golden_globes_324","0.0","","1966-01-01","2005-01-01","1966-01-01","2005-01-01","0.0","0.0","Julie Christie","['Ashley Judd', 'Kevin Kline']","Julie Christie","['Ashley Judd', 'Kevin Kline']","0.0","0.0","Darling","De-Lovely","darling","de-lovely","0.0","0.0"
"RuleBasedMatcher","actors_38","golden_globes_1535","0.0","","1966-01-01","1981-01-01","1966-01-01","1981-01-01","0.0","0.0","Julie Christie","Jack Lemmon","julie christie","jack lemmon","0.0","0.0","Darling","Tribute","darling","tribute","0.0","0.0"
"RuleBasedMatcher","actors_38","golden_globes_1169","0.0","","1966-01-01","1989-01-01","1966-01-01","1989-01-01","0.0","0.0","Julie Christie","JoBeth Williams","julie christie","jobeth williams","0.0","0.0","Darling","Baby M.","darling","baby m.","0.0","0.0"
"RuleBasedMatcher","actors_38","golden_globes_237","0.0","","1966-01-01","2007-01-01","1966-01-01","2007-01-01","0.0","0.0","Julie Christie","Bill Paxton","julie christie","bill paxton","0.0","0.0","Darling","Big Love","darling","big love","0.0","0.0"
"RuleBasedMatcher","actors_38","golden_globes_181","0.0","","1966-01-01","2008-01-01","1966-01-01","2008-01-01","0.0","0.0","Julie Christie","Bill Paxton","julie christie","bill paxton","0.0","0.0","Darling","Big Love","darling","big love","0.0","0.0"
"RuleBasedMatcher","actors_38","golden_globes_81","0.0","","1966-01-01","2010-01-01","1966-01-01","2010-01-01","0.0","0.0","Julie Christie","['Bill Paxton', 'Chlo� Sevigny']","Julie Christie","['Bill Paxton', 'Chlo� Sevigny']","0.0","0.0","Darling","Big Love","darling","big love","0.0","0.0"
"RuleBasedMatcher","actors_38","golden_globes_2249","0.0","","1966-01-01","1952-01-01","1966-01-01","1952-01-01","0.0","0.0","Julie Christie","Thelma Ritter","julie christie","thelma ritter","0.0","0.0","Darling","Mating Season, The","darling","mating season, the","0.0","0.0"
"RuleBasedMatcher","actors_38","golden_globes_2197","0.0","","1966-01-01","1957-01-01","1966-01-01","1957-01-01","0.0","0.0","Julie Christie","['Carroll Baker', 'Karl Malden', 'Mildred Dunnock', 'Eli Wallach']","Julie Christie","['Carroll Baker', 'Karl Malden', 'Mildred Dunnock', 'Eli Wallach']","0.0","0.0","Darling","Baby Doll","darling","baby doll","0.0","0.0"
"RuleBasedMatcher","actors_38","golden_globes_444","0.0","","1966-01-01","2003-01-01","1966-01-01","2003-01-01","0.0","0.0","Julie Christie","Larry David","julie christie","larry david","0.0","0.0","Darling","Curb Your Enthusiasm","darling","curb your enthusiasm","0.0","0.0"
"RuleBasedMatcher","actors_38","golden_globes_301","0.0","","1966-01-01","2006-01-01","1966-01-01","2006-01-01","0.0","0.0","Julie Christie","Larry David","julie christie","larry david","0.0","0.0","Darling","Curb Your Enthusiasm","darling","curb your enthusiasm","0.0","0.0"
"RuleBasedMatcher","actors_38","golden_globes_348","0.0","","1966-01-01","2005-01-01","1966-01-01","2005-01-01","0.0","0.0","Julie Christie","Larry David","julie christie","larry david","0.0","0.0","Darling","Curb Your Enthusiasm","darling","curb your enthusiasm","0.0","0.0"
"RuleBasedMatcher","actors_38","golden_globes_1480","0.0","","1966-01-01","1983-01-01","1966-01-01","1983-01-01","0.0","0.0","Julie Christie","Anson Williams","julie christie","anson williams","0.0","0.0","Darling","Happy Days","darling","happy days","0.0","0.0"
"RuleBasedMatcher","actors_38","golden_globes_1682","0.0","","1966-01-01","1978-01-01","1966-01-01","1978-01-01","0.0","0.0","Julie Christie","['Ron Howard', 'Henry Winkler']","Julie Christie","['Ron Howard', 'Henry Winkler']","0.0","0.0","Darling","Happy Days","darling","happy days","0.0","0.0"
"RuleBasedMatcher","actors_38","golden_globes_1725","0.0","","1966-01-01","1977-01-01","1966-01-01","1977-01-01","0.0","0.0","Julie Christie","Henry Winkler","julie christie","henry winkler","0.0","0.0","Darling","Happy Days","darling","happy days","0.0","0.0"
"RuleBasedMatcher","actors_38","golden_globes_578","0.0","","1966-01-01","2000-01-01","1966-01-01","2000-01-01","0.0","0.0","Julie Christie","['Sean Penn', 'Samantha Morton']","Julie Christie","['Sean Penn', 'Samantha Morton']","0.0","0.0","Darling","Sweet and Lowdown","darling","sweet and lowdown","0.0","0.0"
"RuleBasedMatcher","actors_38","golden_globes_973","0.0","","1966-01-01","1992-01-01","1966-01-01","1992-01-01","0.0","0.0","Julie Christie","['Laura Dern', 'Diane Ladd']","Julie Christie","['Laura Dern', 'Diane Ladd']","0.0","0.0","Darling","Rambling Rose","darling","rambling rose","0.0","0.0"
"RuleBasedMatcher","actors_39","golden_globes_2000","0.6388888888888888","","1967-01-01","1967-01-01","1967-01-01","1967-01-01","1.0","1.0","Elizabeth Taylor","['Elizabeth Taylor', 'Richard Burton', 'Sandy Dennis', 'George Segal']","Elizabeth Taylor","['Elizabeth Taylor', 'Richard Burton', 'Sandy Dennis', 'George Segal']","0.25","0.25","Who�s Afraid of Virginia Woolf","Who's Afraid Of Virginia Woolf","who�s afraid of virginia woolf","who's afraid of virginia woolf","0.6666666666666666","0.6666666666666666"
"RuleBasedMatcher","actors_39","golden_globes_2227","0.0","","1967-01-01","1953-01-01","1967-01-01","1953-01-01","0.0","0.0","Elizabeth Taylor","Joan Crawford","elizabeth taylor","joan crawford","0.0","0.0","Who�s Afraid of Virginia Woolf","Sudden Fear","who�s afraid of virginia woolf","sudden fear","0.0","0.0"
"RuleBasedMatcher","actors_39","golden_globes_731","0.0","","1967-01-01","1997-01-01","1967-01-01","1997-01-01","0.0","0.0","Elizabeth Taylor","Edward Norton","elizabeth taylor","edward norton","0.0","0.0","Who�s Afraid of Virginia Woolf","Primal Fear","who�s afraid of virginia woolf","primal fear","0.0","0.0"
"RuleBasedMatcher","actors_39","golden_globes_829","0.0","","1967-01-01","1995-01-01","1967-01-01","1995-01-01","0.0","0.0","Elizabeth Taylor","Kirsten Dunst","elizabeth taylor","kirsten dunst","0.0","0.0","Who�s Afraid of Virginia Woolf","Interview With The Vampire (The Vampire Chronicles)","who�s afraid of virginia woolf","interview with the vampire (the vampire chronicles)","0.0","0.0"
"RuleBasedMatcher","actors_39","golden_globes_1047","0.0","","1967-01-01","1991-01-01","1967-01-01","1991-01-01","0.0","0.0","Elizabeth Taylor","Angela Lansbury","elizabeth taylor","angela lansbury","0.0","0.0","Who�s Afraid of Virginia Woolf","Murder, She Wrote","who�s afraid of virginia woolf","murder, she wrote","0.0","0.0"
"RuleBasedMatcher","actors_39","golden_globes_992","0.0","","1967-01-01","1992-01-01","1967-01-01","1992-01-01","0.0","0.0","Elizabeth Taylor","Angela Lansbury","elizabeth taylor","angela lansbury","0.0","0.0","Who�s Afraid of Virginia Woolf","Murder, She Wrote","who�s afraid of virginia woolf","murder, she wrote","0.0","0.0"
"RuleBasedMatcher","actors_39","golden_globes_1300","0.0","","1967-01-01","1986-01-01","1967-01-01","1986-01-01","0.0","0.0","Elizabeth Taylor","Angela Lansbury","elizabeth taylor","angela lansbury","0.0","0.0","Who�s Afraid of Virginia Woolf","Murder, She Wrote","who�s afraid of virginia woolf","murder, she wrote","0.0","0.0"
"RuleBasedMatcher","actors_39","golden_globes_1356","0.0","","1967-01-01","1985-01-01","1967-01-01","1985-01-01","0.0","0.0","Elizabeth Taylor","Angela Lansbury","elizabeth taylor","angela lansbury","0.0","0.0","Who�s Afraid of Virginia Woolf","Murder, She Wrote","who�s afraid of virginia woolf","murder, she wrote","0.0","0.0"
"RuleBasedMatcher","actors_39","golden_globes_1153","0.0","","1967-01-01","1989-01-01","1967-01-01","1989-01-01","0.0","0.0","Elizabeth Taylor","Angela Lansbury","elizabeth taylor","angela lansbury","0.0","0.0","Who�s Afraid of Virginia Woolf","Murder, She Wrote","who�s afraid of virginia woolf","murder, she wrote","0.0","0.0"
"RuleBasedMatcher","actors_39","golden_globes_1206","0.0","","1967-01-01","1988-01-01","1967-01-01","1988-01-01","0.0","0.0","Elizabeth Taylor","Angela Lansbury","elizabeth taylor","angela lansbury","0.0","0.0","Who�s Afraid of Virginia Woolf","Murder, She Wrote","who�s afraid of virginia woolf","murder, she wrote","0.0","0.0"
"RuleBasedMatcher","actors_39","golden_globes_1258","0.0","","1967-01-01","1987-01-01","1967-01-01","1987-01-01","0.0","0.0","Elizabeth Taylor","Angela Lansbury","elizabeth taylor","angela lansbury","0.0","0.0","Who�s Afraid of Virginia Woolf","Murder, She Wrote","who�s afraid of virginia woolf","murder, she wrote","0.0","0.0"
"RuleBasedMatcher","actors_39","golden_globes_941","0.0","","1967-01-01","1993-01-01","1967-01-01","1993-01-01","0.0","0.0","Elizabeth Taylor","Angela Lansbury","elizabeth taylor","angela lansbury","0.0","0.0","Who�s Afraid of Virginia Woolf","Murder, She Wrote","who�s afraid of virginia woolf","murder, she wrote","0.0","0.0"
"RuleBasedMatcher","actors_39","golden_globes_1101","0.0","","1967-01-01","1990-01-01","1967-01-01","1990-01-01","0.0","0.0","Elizabeth Taylor","Angela Lansbury","elizabeth taylor","angela lansbury","0.0","0.0","Who�s Afraid of Virginia Woolf","Murder, She Wrote","who�s afraid of virginia woolf","murder, she wrote","0.0","0.0"
"RuleBasedMatcher","actors_39","golden_globes_836","0.0","","1967-01-01","1995-01-01","1967-01-01","1995-01-01","0.0","0.0","Elizabeth Taylor","Angela Lansbury","elizabeth taylor","angela lansbury","0.0","0.0","Who�s Afraid of Virginia Woolf","Murder, She Wrote","who�s afraid of virginia woolf","murder, she wrote","0.0","0.0"
"RuleBasedMatcher","actors_39","golden_globes_220","0.0","","1967-01-01","2007-01-01","1967-01-01","2007-01-01","0.0","0.0","Elizabeth Taylor","Ren�e Zellweger","elizabeth taylor","ren�e zellweger","0.0","0.0","Who�s Afraid of Virginia Woolf","Miss Potter","who�s afraid of virginia woolf","miss potter","0.0","0.0"
"RuleBasedMatcher","actors_39","golden_globes_884","0.0","","1967-01-01","1994-01-01","1967-01-01","1994-01-01","0.0","0.0","Elizabeth Taylor","Rosie Perez","elizabeth taylor","rosie perez","0.0","0.0","Who�s Afraid of Virginia Woolf","Fearless","who�s afraid of virginia woolf","fearless","0.0","0.0"
"RuleBasedMatcher","actors_39","golden_globes_1434","0.0","","1967-01-01","1983-01-01","1967-01-01","1983-01-01","0.0","0.0","Elizabeth Taylor","Meryl Streep","elizabeth taylor","meryl streep","0.0","0.0","Who�s Afraid of Virginia Woolf","Sophie's Choice","who�s afraid of virginia woolf","sophie's choice","0.0","0.0"
"RuleBasedMatcher","actors_39","golden_globes_782","0.0","","1967-01-01","1996-01-01","1967-01-01","1996-01-01","0.0","0.0","Elizabeth Taylor","","elizabeth taylor","","0.0","0.0","Who�s Afraid of Virginia Woolf","Braveheart","who�s afraid of virginia woolf","braveheart","0.0","0.0"
"RuleBasedMatcher","actors_39","golden_globes_869","0.0","","1967-01-01","1994-01-01","1967-01-01","1994-01-01","0.0","0.0","Elizabeth Taylor","Debra Winger","elizabeth taylor","debra winger","0.0","0.0","Who�s Afraid of Virginia Woolf","Dangerous Woman, a","who�s afraid of virginia woolf","dangerous woman, a","0.0","0.0"
"RuleBasedMatcher","actors_39","golden_globes_195","0.0","","1967-01-01","2008-01-01","1967-01-01","2008-01-01","0.0","0.0","Elizabeth Taylor","Ruth Wilson","elizabeth taylor","ruth wilson","0.0","0.0","Who�s Afraid of Virginia Woolf","Jane Eyre","who�s afraid of virginia woolf","jane eyre","0.0","0.0"
"RuleBasedMatcher","actors_40","golden_globes_1983","0.7","","1968-01-01","1968-01-01","1968-01-01","1968-01-01","1.0","1.0","Katharine Hepburn","['Katharine Hepburn', 'Spencer Tracy', 'Beah Richards']","Katharine Hepburn","['Katharine Hepburn', 'Spencer Tracy', 'Beah Richards']","0.3333333333333333","0.3333333333333333","Guess Who�s Coming to Dinner","Guess Who's Coming To Dinner","guess who�s coming to dinner","guess who's coming to dinner","0.6666666666666666","0.6666666666666666"
"RuleBasedMatcher","actors_40","golden_globes_1608","0.05555555555555555","","1968-01-01","1979-01-01","1968-01-01","1979-01-01","0.0","0.0","Katharine Hepburn","['Jane Fonda', 'Jon Voight', 'Bruce Dern']","Katharine Hepburn","['Jane Fonda', 'Jon Voight', 'Bruce Dern']","0.0","0.0","Guess Who�s Coming to Dinner","Coming Home","guess who�s coming to dinner","coming home","0.16666666666666666","0.16666666666666666"
"RuleBasedMatcher","actors_40","golden_globes_2215","0.0","","1968-01-01","1956-01-01","1968-01-01","1956-01-01","0.0","0.0","Katharine Hepburn","","katharine hepburn","","0.0","0.0","Guess Who�s Coming to Dinner","Picnic","guess who�s coming to dinner","picnic","0.0","0.0"
"RuleBasedMatcher","actors_40","golden_globes_781","0.0","","1968-01-01","1996-01-01","1968-01-01","1996-01-01","0.0","0.0","Katharine Hepburn","Kevin Spacey","katharine hepburn","kevin spacey","0.0","0.0","Guess Who�s Coming to Dinner","Usual Suspects, The","guess who�s coming to dinner","usual suspects, the","0.0","0.0"
"RuleBasedMatcher","actors_40","golden_globes_404","0.0","","1968-01-01","2004-01-01","1968-01-01","2004-01-01","0.0","0.0","Katharine Hepburn","Matt LeBlanc","katharine hepburn","matt leblanc","0.0","0.0","Guess Who�s Coming to Dinner","Friends","guess who�s coming to dinner","friends","0.0","0.0"
"RuleBasedMatcher","actors_40","golden_globes_809","0.0","","1968-01-01","1996-01-01","1968-01-01","1996-01-01","0.0","0.0","Katharine Hepburn","Lisa Kudrow","katharine hepburn","lisa kudrow","0.0","0.0","Guess Who�s Coming to Dinner","Friends","guess who�s coming to dinner","friends","0.0","0.0"
"RuleBasedMatcher","actors_40","golden_globes_506","0.0","","1968-01-01","2002-01-01","1968-01-01","2002-01-01","0.0","0.0","Katharine Hepburn","Jennifer Aniston","katharine hepburn","jennifer aniston","0.0","0.0","Guess Who�s Coming to Dinner","Friends","guess who�s coming to dinner","friends","0.0","0.0"
"RuleBasedMatcher","actors_40","golden_globes_439","0.0","","1968-01-01","2003-01-01","1968-01-01","2003-01-01","0.0","0.0","Katharine Hepburn","['Jennifer Aniston', 'Matt LeBlanc']","Katharine Hepburn","['Jennifer Aniston', 'Matt LeBlanc']","0.0","0.0","Guess Who�s Coming to Dinner","Friends","guess who�s coming to dinner","friends","0.0","0.0"
"RuleBasedMatcher","actors_40","golden_globes_1907","0.0","","1968-01-01","1972-01-01","1968-01-01","1972-01-01","0.0","0.0","Katharine Hepburn","Jan-Michael Vincent","katharine hepburn","jan-michael vincent","0.0","0.0","Guess Who�s Coming to Dinner","Going Home","guess who�s coming to dinner","going home","0.0","0.0"
"RuleBasedMatcher","actors_40","golden_globes_2246","0.0","","1968-01-01","1952-01-01","1968-01-01","1952-01-01","0.0","0.0","Katharine Hepburn","Bing Crosby","katharine hepburn","bing crosby","0.0","0.0","Guess Who�s Coming to Dinner","Here Comes The Groom","guess who�s coming to dinner","here comes the groom","0.0","0.0"
"RuleBasedMatcher","actors_40","golden_globes_1623","0.0","","1968-01-01","1979-01-01","1968-01-01","1979-01-01","0.0","0.0","Katharine Hepburn","Carol Burnett","katharine hepburn","carol burnett","0.0","0.0","Guess Who�s Coming to Dinner","Wedding, a","guess who�s coming to dinner","wedding, a","0.0","0.0"
"RuleBasedMatcher","actors_40","golden_globes_2006","0.0","","1968-01-01","1967-01-01","1968-01-01","1967-01-01","0.0","0.0","Katharine Hepburn","Alan Arkin","katharine hepburn","alan arkin","0.0","0.0","Guess Who�s Coming to Dinner","Russians Are Coming, The Russians Are Coming, The","guess who�s coming to dinner","russians are coming, the russians are coming, the","0.0","0.0"
"RuleBasedMatcher","actors_40","golden_globes_1766","0.0","","1968-01-01","1976-01-01","1968-01-01","1976-01-01","0.0","0.0","Katharine Hepburn","Johnny Carson","katharine hepburn","johnny carson","0.0","0.0","Guess Who�s Coming to Dinner","Tonight Show, The","guess who�s coming to dinner","tonight show, the","0.0","0.0"
"RuleBasedMatcher","actors_40","golden_globes_1860","0.0","","1968-01-01","1973-01-01","1968-01-01","1973-01-01","0.0","0.0","Katharine Hepburn","['Liza Minnelli', 'Marisa Berenson', 'Joel Grey']","Katharine Hepburn","['Liza Minnelli', 'Marisa Berenson', 'Joel Grey']","0.0","0.0","Guess Who�s Coming to Dinner","Cabaret","guess who�s coming to dinner","cabaret","0.0","0.0"
"RuleBasedMatcher","actors_40","golden_globes_932","0.0","","1968-01-01","1993-01-01","1968-01-01","1993-01-01","0.0","0.0","Katharine Hepburn","['Billy Crystal', 'David Paymer']","Katharine Hepburn","['Billy Crystal', 'David Paymer']","0.0","0.0","Guess Who�s Coming to Dinner","Mr. Saturday Night","guess who�s coming to dinner","mr. saturday night","0.0","0.0"
"RuleBasedMatcher","actors_40","golden_globes_2173","0.0","","1968-01-01","1959-01-01","1968-01-01","1959-01-01","0.0","0.0","Katharine Hepburn","Danny Kaye","katharine hepburn","danny kaye","0.0","0.0","Guess Who�s Coming to Dinner","Me and The Colonel","guess who�s coming to dinner","me and the colonel","0.0","0.0"
"RuleBasedMatcher","actors_40","golden_globes_424","0.0","","1968-01-01","2003-01-01","1968-01-01","2003-01-01","0.0","0.0","Katharine Hepburn","Nia Vardalos","katharine hepburn","nia vardalos","0.0","0.0","Guess Who�s Coming to Dinner","My Big Fat Greek Wedding","guess who�s coming to dinner","my big fat greek wedding","0.0","0.0"
"RuleBasedMatcher","actors_40","golden_globes_1237","0.0","","1968-01-01","1987-01-01","1968-01-01","1987-01-01","0.0","0.0","Katharine Hepburn","Sigourney Weaver","katharine hepburn","sigourney weaver","0.0","0.0","Guess Who�s Coming to Dinner","Aliens","guess who�s coming to dinner","aliens","0.0","0.0"
"RuleBasedMatcher","actors_40","golden_globes_891","0.0","","1968-01-01","1994-01-01","1968-01-01","1994-01-01","0.0","0.0","Katharine Hepburn","Sela Ward","katharine hepburn","sela ward","0.0","0.0","Guess Who�s Coming to Dinner","Sisters","guess who�s coming to dinner","sisters","0.0","0.0"
"RuleBasedMatcher","actors_40","golden_globes_674","0.0","","1968-01-01","1998-01-01","1968-01-01","1998-01-01","0.0","0.0","Katharine Hepburn","['Julia Roberts', 'Rupert Everett']","Katharine Hepburn","['Julia Roberts', 'Rupert Everett']","0.0","0.0","Guess Who�s Coming to Dinner","My Best Friend's Wedding","guess who�s coming to dinner","my best friend's wedding","0.0","0.0"
"RuleBasedMatcher","actors_41","golden_globes_1979","0.8999999999999999","","1969-01-01","1969-01-01","1969-01-01","1969-01-01","1.0","1.0","Barbra Streisand","","barbra streisand","","0.0","0.0","Funny Girl","Funny Girl","funny girl","funny girl","1.0","1.0"
"RuleBasedMatcher","actors_41","golden_globes_1743","0.27777777777777773","","1969-01-01","1976-01-01","1969-01-01","1976-01-01","0.0","0.0","Barbra Streisand","['Barbra Streisand', 'James Caan']","Barbra Streisand","['Barbra Streisand', 'James Caan']","0.5","0.5","Funny Girl","Funny Lady","funny girl","funny lady","0.3333333333333333","0.3333333333333333"
"RuleBasedMatcher","actors_41","golden_globes_1136","0.1111111111111111","","1969-01-01","1989-01-01","1969-01-01","1989-01-01","0.0","0.0","Barbra Streisand","['Melanie Griffith', 'Sigourney Weaver']","Barbra Streisand","['Melanie Griffith', 'Sigourney Weaver']","0.0","0.0","Funny Girl","Working Girl","funny girl","working girl","0.3333333333333333","0.3333333333333333"
"RuleBasedMatcher","actors_41","golden_globes_580","0.0","","1969-01-01","2000-01-01","1969-01-01","2000-01-01","0.0","0.0","Barbra Streisand","Angelina Jolie","barbra streisand","angelina jolie","0.0","0.0","Funny Girl","Girl, Interrupted","funny girl","girl, interrupted","0.0","0.0"
"RuleBasedMatcher","actors_41","golden_globes_412","0.1111111111111111","","1969-01-01","2004-01-01","1969-01-01","2004-01-01","0.0","0.0","Barbra Streisand","['Troy Garity', 'Lee Pace']","Barbra Streisand","['Troy Garity', 'Lee Pace']","0.0","0.0","Funny Girl","Soldier's Girl","funny girl","soldier's girl","0.3333333333333333","0.3333333333333333"
"RuleBasedMatcher","actors_41","golden_globes_2007","0.1111111111111111","0","1969-01-01","1967-01-01","1969-01-01","1967-01-01","0.0","0.0","Barbra Streisand","Alan Bates","barbra streisand","alan bates","0.0","0.0","Funny Girl","Georgy Girl","funny girl","georgy girl","0.3333333333333333","0.3333333333333333"
"RuleBasedMatcher","actors_41","golden_globes_2043","0.0","","1969-01-01","1965-01-01","1969-01-01","1965-01-01","0.0","0.0","Barbra Streisand","['Rex Harrison', 'Stanley Holloway']","Barbra Streisand","['Rex Harrison', 'Stanley Holloway']","0.0","0.0","Funny Girl","My Fair Lady","funny girl","my fair lady","0.0","0.0"
"RuleBasedMatcher","actors_41","golden_globes_2216","0.0","","1969-01-01","1955-01-01","1969-01-01","1955-01-01","0.0","0.0","Barbra Streisand","Grace Kelly","barbra streisand","grace kelly","0.0","0.0","Funny Girl","Country Girl, The","funny girl","country girl, the","0.0","0.0"
"RuleBasedMatcher","actors_41","golden_globes_1742","0.0","","1969-01-01","1976-01-01","1969-01-01","1976-01-01","0.0","0.0","Barbra Streisand","Liza Minnelli","barbra streisand","liza minnelli","0.0","0.0","Funny Girl","Lucky Lady","funny girl","lucky lady","0.0","0.0"
"RuleBasedMatcher","actors_41","golden_globes_1033","0.0","","1969-01-01","1991-01-01","1969-01-01","1991-01-01","0.0","0.0","Barbra Streisand","['Julia Roberts', 'Richard Gere', 'Hector Elizondo']","Barbra Streisand","['Julia Roberts', 'Richard Gere', 'Hector Elizondo']","0.0","0.0","Funny Girl","Pretty Woman","funny girl","pretty woman","0.0","0.0"
"RuleBasedMatcher","actors_41","golden_globes_1058","0.0","","1969-01-01","1991-01-01","1969-01-01","1991-01-01","0.0","0.0","Barbra Streisand","Katey Sagal","barbra streisand","katey sagal","0.0","0.0","Funny Girl","Married","funny girl","married","0.0","0.0"
"RuleBasedMatcher","actors_41","golden_globes_1003","0.0","","1969-01-01","1992-01-01","1969-01-01","1992-01-01","0.0","0.0","Barbra Streisand","['Katey Sagal', "Ed O'Neill"]","Barbra Streisand","['Katey Sagal', "Ed O'Neill"]","0.0","0.0","Funny Girl","Married","funny girl","married","0.0","0.0"
"RuleBasedMatcher","actors_41","golden_globes_899","0.0","","1969-01-01","1994-01-01","1969-01-01","1994-01-01","0.0","0.0","Barbra Streisand","Katey Sagal","barbra streisand","katey sagal","0.0","0.0","Funny Girl","Married","funny girl","married","0.0","0.0"
"RuleBasedMatcher","actors_41","golden_globes_951","0.0","","1969-01-01","1993-01-01","1969-01-01","1993-01-01","0.0","0.0","Barbra Streisand","['Katey Sagal', "Ed O'Neill"]","Barbra Streisand","['Katey Sagal', "Ed O'Neill"]","0.0","0.0","Funny Girl","Married","funny girl","married","0.0","0.0"
"RuleBasedMatcher","actors_41","golden_globes_808","0.0","","1969-01-01","1996-01-01","1969-01-01","1996-01-01","0.0","0.0","Barbra Streisand","['Melanie Griffith', 'Sam Elliott']","Barbra Streisand","['Melanie Griffith', 'Sam Elliott']","0.0","0.0","Funny Girl","Buffalo Girls","funny girl","buffalo girls","0.0","0.0"
"RuleBasedMatcher","actors_41","golden_globes_1705","0.0","","1969-01-01","1977-01-01","1969-01-01","1977-01-01","0.0","0.0","Barbra Streisand","['Susan Blakely', 'Nick Nolte', 'Peter Strauss', 'Josette Banzet', 'Ed Asner']","Barbra Streisand","['Susan Blakely', 'Nick Nolte', 'Peter Strauss', 'Josette Banzet', 'Ed Asner']","0.0","0.0","Funny Girl","Rich Man, Poor Man","funny girl","rich man, poor man","0.0","0.0"
"RuleBasedMatcher","actors_41","golden_globes_305","0.05555555555555555","","1969-01-01","2006-01-01","1969-01-01","2006-01-01","0.0","0.0","Barbra Streisand","['Kelly MacDonald', 'Bill Nighy']","Barbra Streisand","['Kelly MacDonald', 'Bill Nighy']","0.0","0.0","Funny Girl","Girl In The Caf�, The","funny girl","girl in the caf�, the","0.16666666666666666","0.16666666666666666"
"RuleBasedMatcher","actors_41","golden_globes_1657","0.0","","1969-01-01","1978-01-01","1969-01-01","1978-01-01","0.0","0.0","Barbra Streisand","['Marsha Mason', 'Richard Dreyfuss', 'Quinn Cummings']","Barbra Streisand","['Marsha Mason', 'Richard Dreyfuss', 'Quinn Cummings']","0.0","0.0","Funny Girl","Goodbye Girl, The","funny girl","goodbye girl, the","0.0","0.0"
"RuleBasedMatcher","actors_41","golden_globes_1622","0.0","","1969-01-01","1979-01-01","1969-01-01","1979-01-01","0.0","0.0","Barbra Streisand","George C. Scott","barbra streisand","george c. scott","0.0","0.0","Funny Girl","Movie, Movie","funny girl","movie, movie","0.0","0.0"
"RuleBasedMatcher","actors_41","golden_globes_1751","0.0","","1969-01-01","1976-01-01","1969-01-01","1976-01-01","0.0","0.0","Barbra Streisand","Rosemary Harris","barbra streisand","rosemary harris","0.0","0.0","Funny Girl","Notorious Woman","funny girl","notorious woman","0.0","0.0"
"RuleBasedMatcher","actors_42","golden_globes_352","0.26666666666666666","","1969-01-01","2005-01-01","1969-01-01","2005-01-01","0.0","0.0","Katharine Hepburn","['Glenn Close', 'Patrick Stewart']","Katharine Hepburn","['Glenn Close', 'Patrick Stewart']","0.0","0.0","The Lion in Winter","Lion In Winter (2004), The","the lion in winter","lion in winter (2004), the","0.8","0.8"
"RuleBasedMatcher","actors_42","golden_globes_1963","0.7933333333333333","1","1969-01-01","1969-01-01","1969-01-01","1969-01-01","1.0","1.0","Katharine Hepburn","['Katharine Hepburn', "Peter O'Toole", 'Jane Morrow']","Katharine Hepburn","['Katharine Hepburn', "Peter O'Toole", 'Jane Morrow']","0.3333333333333333","0.3333333333333333","The Lion in Winter","Lion In Winter (1969), The","the lion in winter","lion in winter (1969), the","0.8","0.8"
"RuleBasedMatcher","actors_42","golden_globes_3","0.0","","1969-01-01","2011-01-01","1969-01-01","2011-01-01","0.0","0.0","Katharine Hepburn","Jennifer Lawrence","katharine hepburn","jennifer lawrence","0.0","0.0","The Lion in Winter","Winter's Bone","the lion in winter","winter's bone","0.0","0.0"
"RuleBasedMatcher","actors_42","golden_globes_1312","0.0","","1969-01-01","1986-01-01","1969-01-01","1986-01-01","0.0","0.0","Katharine Hepburn","['Gena Rowlands', 'Sylvia Sidney']","Katharine Hepburn","['Gena Rowlands', 'Sylvia Sidney']","0.0","0.0","The Lion in Winter","an Early Frost","the lion in winter","an early frost","0.0","0.0"
"RuleBasedMatcher","actors_42","golden_globes_680","0.05555555555555555","","1969-01-01","1998-01-01","1969-01-01","1998-01-01","0.0","0.0","Katharine Hepburn","Sigourney Weaver","katharine hepburn","sigourney weaver","0.0","0.0","The Lion in Winter","Ice Storm, The","the lion in winter","ice storm, the","0.16666666666666666","0.16666666666666666"
"RuleBasedMatcher","actors_42","golden_globes_1745","0.037037037037037035","","1969-01-01","1976-01-01","1969-01-01","1976-01-01","0.0","0.0","Katharine Hepburn","Peter Sellers","katharine hepburn","peter sellers","0.0","0.0","The Lion in Winter","Return Of The Pink Panther, The","the lion in winter","return of the pink panther, the","0.1111111111111111","0.1111111111111111"
"RuleBasedMatcher","actors_42","golden_globes_531","0.0","","1969-01-01","2001-01-01","1969-01-01","2001-01-01","0.0","0.0","Katharine Hepburn","","katharine hepburn","","0.0","0.0","The Lion in Winter","Crouching Tiger, Hidden Dragon","the lion in winter","crouching tiger, hidden dragon","0.0","0.0"
"RuleBasedMatcher","actors_42","golden_globes_2045","0.05555555555555555","","1969-01-01","1965-01-01","1969-01-01","1965-01-01","0.0","0.0","Katharine Hepburn","Peter Sellers","katharine hepburn","peter sellers","0.0","0.0","The Lion in Winter","Pink Panther, The","the lion in winter","pink panther, the","0.16666666666666666","0.16666666666666666"
"RuleBasedMatcher","actors_42","golden_globes_2032","0.06666666666666667","","1969-01-01","1966-01-01","1969-01-01","1966-01-01","0.0","0.0","Katharine Hepburn","Oskar Werner","katharine hepburn","oskar werner","0.0","0.0","The Lion in Winter","Spy Who Came In From The Cold, The","the lion in winter","spy who came in from the cold, the","0.2","0.2"
"RuleBasedMatcher","actors_42","golden_globes_1389","0.05555555555555555","","1969-01-01","1984-01-01","1969-01-01","1984-01-01","0.0","0.0","Katharine Hepburn","Richard Farnsworth","katharine hepburn","richard farnsworth","0.0","0.0","The Lion in Winter","Grey Fox, The","the lion in winter","grey fox, the","0.16666666666666666","0.16666666666666666"
"RuleBasedMatcher","actors_42","golden_globes_365","0.0","","1969-01-01","2004-01-01","1969-01-01","2004-01-01","0.0","0.0","Katharine Hepburn","['Nicole Kidman', 'Jude Law', 'Ren�e Zellweger']","Katharine Hepburn","['Nicole Kidman', 'Jude Law', 'Ren�e Zellweger']","0.0","0.0","The Lion in Winter","Cold Mountain","the lion in winter","cold mountain","0.0","0.0"
"RuleBasedMatcher","actors_42","golden_globes_570","0.06666666666666667","","1969-01-01","2000-01-01","1969-01-01","2000-01-01","0.0","0.0","Katharine Hepburn","Denzel Washington","katharine hepburn","denzel washington","0.0","0.0","The Lion in Winter","Hurricane, The","the lion in winter","hurricane, the","0.2","0.2"
"RuleBasedMatcher","actors_42","golden_globes_1814","0.05555555555555555","","1969-01-01","1974-01-01","1969-01-01","1974-01-01","0.0","0.0","Katharine Hepburn","['Jack Lemmon', 'Jack Gilford']","Katharine Hepburn","['Jack Lemmon', 'Jack Gilford']","0.0","0.0","The Lion in Winter","Save The Tiger","the lion in winter","save the tiger","0.16666666666666666","0.16666666666666666"
"RuleBasedMatcher","actors_42","golden_globes_1812","0.047619047619047616","","1969-01-01","1974-01-01","1969-01-01","1974-01-01","0.0","0.0","Katharine Hepburn","['Joanne Woodward', 'Sylvia Sidney', 'Martin Balsam']","Katharine Hepburn","['Joanne Woodward', 'Sylvia Sidney', 'Martin Balsam']","0.0","0.0","The Lion in Winter","Summer Wishes, Winter Dreams","the lion in winter","summer wishes, winter dreams","0.14285714285714285","0.14285714285714285"
"RuleBasedMatcher","actors_42","golden_globes_1985","0.06666666666666667","","1969-01-01","1968-01-01","1969-01-01","1968-01-01","0.0","0.0","Katharine Hepburn","Anne Heywood","katharine hepburn","anne heywood","0.0","0.0","The Lion in Winter","Fox, The","the lion in winter","fox, the","0.2","0.2"
"RuleBasedMatcher","actors_42","golden_globes_2009","0.037037037037037035","","1969-01-01","1967-01-01","1969-01-01","1967-01-01","0.0","0.0","Katharine Hepburn","Lionel Jeffries","katharine hepburn","lionel jeffries","0.0","0.0","The Lion in Winter","Spy With a Cold Nose, The","the lion in winter","spy with a cold nose, the","0.1111111111111111","0.1111111111111111"
"RuleBasedMatcher","actors_42","golden_globes_2249","0.05555555555555555","","1969-01-01","1952-01-01","1969-01-01","1952-01-01","0.0","0.0","Katharine Hepburn","Thelma Ritter","katharine hepburn","thelma ritter","0.0","0.0","The Lion in Winter","Mating Season, The","the lion in winter","mating season, the","0.16666666666666666","0.16666666666666666"
"RuleBasedMatcher","actors_42","golden_globes_1296","0.047619047619047616","","1969-01-01","1986-01-01","1969-01-01","1986-01-01","0.0","0.0","Katharine Hepburn","John Lone","katharine hepburn","john lone","0.0","0.0","The Lion in Winter","Year Of The Dragon","the lion in winter","year of the dragon","0.14285714285714285","0.14285714285714285"
"RuleBasedMatcher","actors_42","golden_globes_266","0.0","","1969-01-01","2006-01-01","1969-01-01","2006-01-01","0.0","0.0","Katharine Hepburn","['Russell Crowe', 'Paul Giamatti']","Katharine Hepburn","['Russell Crowe', 'Paul Giamatti']","0.0","0.0","The Lion in Winter","Cinderella Man","the lion in winter","cinderella man","0.0","0.0"
"RuleBasedMatcher","actors_42","golden_globes_661","0.041666666666666664","","1969-01-01","1998-01-01","1969-01-01","1998-01-01","0.0","0.0","Katharine Hepburn","Helena Bonham Carter","katharine hepburn","helena bonham carter","0.0","0.0","The Lion in Winter","Wings Of The Dove, The","the lion in winter","wings of the dove, the","0.125","0.125"
"RuleBasedMatcher","actors_43","golden_globes_1950","0.7999999999999999","1","1970-01-01","1970-01-01","1970-01-01","1970-01-01","1.0","1.0","Maggie Smith","Maggie Smith","maggie smith","maggie smith","1.0","1.0","The Prime of Miss Jean Brodie","Prime Of Miss Jean Brodie, The","the prime of miss jean brodie","prime of miss jean brodie, the","0.7142857142857143","0.7142857142857143"
"RuleBasedMatcher","actors_43","golden_globes_220","0.047619047619047616","","1970-01-01","2007-01-01","1970-01-01","2007-01-01","0.0","0.0","Maggie Smith","Ren�e Zellweger","maggie smith","ren�e zellweger","0.0","0.0","The Prime of Miss Jean Brodie","Miss Potter","the prime of miss jean brodie","miss potter","0.14285714285714285","0.14285714285714285"
"RuleBasedMatcher","actors_43","golden_globes_1292","0.0","","1970-01-01","1986-01-01","1970-01-01","1986-01-01","0.0","0.0","Maggie Smith","['Kathleen Turner', 'Jack Nicholson', 'Anjelica Huston']","Maggie Smith","['Kathleen Turner', 'Jack Nicholson', 'Anjelica Huston']","0.0","0.0","The Prime of Miss Jean Brodie","Prizzi's Honor","the prime of miss jean brodie","prizzi's honor","0.0","0.0"
"RuleBasedMatcher","actors_43","golden_globes_519","0.047619047619047616","","1970-01-01","2001-01-01","1970-01-01","2001-01-01","0.0","0.0","Maggie Smith","Sandra Bullock","maggie smith","sandra bullock","0.0","0.0","The Prime of Miss Jean Brodie","Miss Congeniality","the prime of miss jean brodie","miss congeniality","0.14285714285714285","0.14285714285714285"
"RuleBasedMatcher","actors_43","golden_globes_960","0.041666666666666664","","1970-01-01","1993-01-01","1970-01-01","1993-01-01","0.0","0.0","Maggie Smith","['Kyra Sedgwick', 'Amanda Plummer']","Maggie Smith","['Kyra Sedgwick', 'Amanda Plummer']","0.0","0.0","The Prime of Miss Jean Brodie","Miss Rose White","the prime of miss jean brodie","miss rose white","0.125","0.125"
"RuleBasedMatcher","actors_43","golden_globes_2198","0.0","","1970-01-01","1957-01-01","1970-01-01","1957-01-01","0.0","0.0","Maggie Smith","['Ingrid Bergman', 'Helen Hayes']","Maggie Smith","['Ingrid Bergman', 'Helen Hayes']","0.0","0.0","The Prime of Miss Jean Brodie","Anastasia","the prime of miss jean brodie","anastasia","0.0","0.0"
"RuleBasedMatcher","actors_43","golden_globes_49","0.041666666666666664","","1970-01-01","2010-01-01","1970-01-01","2010-01-01","0.0","0.0","Maggie Smith","Emily Blunt","maggie smith","emily blunt","0.0","0.0","The Prime of Miss Jean Brodie","Young Victoria, The","the prime of miss jean brodie","young victoria, the","0.125","0.125"
"RuleBasedMatcher","actors_43","golden_globes_662","0.0","","1970-01-01","1998-01-01","1970-01-01","1998-01-01","0.0","0.0","Maggie Smith","Judi Dench","maggie smith","judi dench","0.0","0.0","The Prime of Miss Jean Brodie","Mrs Brown","the prime of miss jean brodie","mrs brown","0.0","0.0"
"RuleBasedMatcher","actors_43","golden_globes_750","0.037037037037037035","","1970-01-01","1997-01-01","1970-01-01","1997-01-01","0.0","0.0","Maggie Smith","['Ashley Judd', 'Mira Sorvino']","Maggie Smith","['Ashley Judd', 'Mira Sorvino']","0.0","0.0","The Prime of Miss Jean Brodie","Norma Jean and Marilyn","the prime of miss jean brodie","norma jean and marilyn","0.1111111111111111","0.1111111111111111"
"RuleBasedMatcher","actors_43","golden_globes_490","0.037037037037037035","","1970-01-01","2002-01-01","1970-01-01","2002-01-01","0.0","0.0","Maggie Smith","['Jane Kaczmarek', 'Frankie Muniz']","Maggie Smith","['Jane Kaczmarek', 'Frankie Muniz']","0.0","0.0","The Prime of Miss Jean Brodie","Malcolm In The Middle","the prime of miss jean brodie","malcolm in the middle","0.1111111111111111","0.1111111111111111"
"RuleBasedMatcher","actors_43","golden_globes_542","0.037037037037037035","","1970-01-01","2001-01-01","1970-01-01","2001-01-01","0.0","0.0","Maggie Smith","['Jane Kaczmarek', 'Frankie Muniz']","Maggie Smith","['Jane Kaczmarek', 'Frankie Muniz']","0.0","0.0","The Prime of Miss Jean Brodie","Malcolm In The Middle","the prime of miss jean brodie","malcolm in the middle","0.1111111111111111","0.1111111111111111"
"RuleBasedMatcher","actors_43","golden_globes_441","0.037037037037037035","","1970-01-01","2003-01-01","1970-01-01","2003-01-01","0.0","0.0","Maggie Smith","['Jane Kaczmarek', 'Bryan Cranston']","Maggie Smith","['Jane Kaczmarek', 'Bryan Cranston']","0.0","0.0","The Prime of Miss Jean Brodie","Malcolm In The Middle","the prime of miss jean brodie","malcolm in the middle","0.1111111111111111","0.1111111111111111"
"RuleBasedMatcher","actors_43","golden_globes_527","0.0","","1970-01-01","2001-01-01","1970-01-01","2001-01-01","0.0","0.0","Maggie Smith","['Kate Hudson', 'Frances McDormand']","Maggie Smith","['Kate Hudson', 'Frances McDormand']","0.0","0.0","The Prime of Miss Jean Brodie","Almost Famous","the prime of miss jean brodie","almost famous","0.0","0.0"
"RuleBasedMatcher","actors_43","golden_globes_251","0.07407407407407407","","1970-01-01","2007-01-01","1970-01-01","2007-01-01","0.0","0.0","Maggie Smith","Helen Mirren","maggie smith","helen mirren","0.0","0.0","The Prime of Miss Jean Brodie","Prime Suspect: The Final Act","the prime of miss jean brodie","prime suspect: the final act","0.2222222222222222","0.2222222222222222"
"RuleBasedMatcher","actors_43","golden_globes_1271","0.07407407407407407","","1970-01-01","1987-01-01","1970-01-01","1987-01-01","0.0","0.0","Maggie Smith","['Amy Irving', 'Olivia de Havilland', 'Jan Niklas']","Maggie Smith","['Amy Irving', 'Olivia de Havilland', 'Jan Niklas']","0.0","0.0","The Prime of Miss Jean Brodie","Anastasia: The Mystery Of Anna","the prime of miss jean brodie","anastasia: the mystery of anna","0.2222222222222222","0.2222222222222222"
"RuleBasedMatcher","actors_43","golden_globes_1566","0.0","","1970-01-01","1980-01-01","1970-01-01","1980-01-01","0.0","0.0","Maggie Smith","Sally Field","maggie smith","sally field","0.0","0.0","The Prime of Miss Jean Brodie","Norma Rae","the prime of miss jean brodie","norma rae","0.0","0.0"
"RuleBasedMatcher","actors_43","golden_globes_2222","0.047619047619047616","","1970-01-01","1954-01-01","1970-01-01","1954-01-01","0.0","0.0","Maggie Smith","Spencer Tracy","maggie smith","spencer tracy","0.0","0.0","The Prime of Miss Jean Brodie","Actress, The","the prime of miss jean brodie","actress, the","0.14285714285714285","0.14285714285714285"
"RuleBasedMatcher","actors_43","golden_globes_2156","0.0","","1970-01-01","1960-01-01","1970-01-01","1960-01-01","0.0","0.0","Maggie Smith","Dean Martin","maggie smith","dean martin","0.0","0.0","The Prime of Miss Jean Brodie","Who Was That Lady","the prime of miss jean brodie","who was that lady","0.0","0.0"
"RuleBasedMatcher","actors_43","golden_globes_703","0.041666666666666664","","1970-01-01","1998-01-01","1970-01-01","1998-01-01","0.0","0.0","Maggie Smith","Alfre Woodard","maggie smith","alfre woodard","0.0","0.0","The Prime of Miss Jean Brodie","Miss Evers' Boys","the prime of miss jean brodie","miss evers' boys","0.125","0.125"
"RuleBasedMatcher","actors_43","golden_globes_217","0.041666666666666664","","1970-01-01","2007-01-01","1970-01-01","2007-01-01","0.0","0.0","Maggie Smith","Toni Collette","maggie smith","toni collette","0.0","0.0","The Prime of Miss Jean Brodie","Little Miss Sunshine","the prime of miss jean brodie","little miss sunshine","0.125","0.125"
"RuleBasedMatcher","actors_44","golden_globes_1910","0.9999999999999999","","1971-01-01","1971-01-01","1971-01-01","1971-01-01","1.0","1.0","Glenda Jackson","Glenda Jackson","glenda jackson","glenda jackson","1.0","1.0","Women In Love","Women In Love","women in love","women in love","1.0","1.0"
"RuleBasedMatcher","actors_44","golden_globes_526","0.06666666666666667","","1971-01-01","2001-01-01","1971-01-01","2001-01-01","0.0","0.0","Glenda Jackson","Mel Gibson","glenda jackson","mel gibson","0.0","0.0","Women In Love","What Women Want","women in love","what women want","0.2","0.2"
"RuleBasedMatcher","actors_44","golden_globes_1911","0.4166666666666667","","1971-01-01","1971-01-01","1971-01-01","1971-01-01","1.0","1.0","Glenda Jackson","['Ali MacGraw', "Ryan O'Neal", 'John Marley']","Glenda Jackson","['Ali MacGraw', "Ryan O'Neal", 'John Marley']","0.0","0.0","Women In Love","Love Story","women in love","love story","0.25","0.25"
"RuleBasedMatcher","actors_44","golden_globes_1226","0.13333333333333333","","1971-01-01","1988-01-01","1971-01-01","1988-01-01","0.0","0.0","Glenda Jackson","James Woods","glenda jackson","james woods","0.0","0.0","Women In Love","In Love and War","women in love","in love and war","0.4","0.4"
"RuleBasedMatcher","actors_44","golden_globes_924","0.0","","1971-01-01","1993-01-01","1971-01-01","1993-01-01","0.0","0.0","Glenda Jackson","['Al Pacino', "Chris O'Donnell"]","Glenda Jackson","['Al Pacino', "Chris O'Donnell"]","0.0","0.0","Women In Love","Scent Of a Woman","women in love","scent of a woman","0.0","0.0"
"RuleBasedMatcher","actors_44","golden_globes_874","0.037037037037037035","","1971-01-01","1994-01-01","1971-01-01","1994-01-01","0.0","0.0","Glenda Jackson","Angela Bassett","glenda jackson","angela bassett","0.0","0.0","Women In Love","What's Love Got To Do With It","women in love","what's love got to do with it","0.1111111111111111","0.1111111111111111"
"RuleBasedMatcher","actors_44","golden_globes_1531","0.06666666666666667","","1971-01-01","1981-01-01","1971-01-01","1981-01-01","0.0","0.0","Glenda Jackson","Deborah Raffin","glenda jackson","deborah raffin","0.0","0.0","Women In Love","Touched By Love","women in love","touched by love","0.2","0.2"
"RuleBasedMatcher","actors_44","golden_globes_967","0.16666666666666666","","1971-01-01","1993-01-01","1971-01-01","1993-01-01","0.0","0.0","Glenda Jackson","Gena Rowlands","glenda jackson","gena rowlands","0.0","0.0","Women In Love","Crazy In Love","women in love","crazy in love","0.5","0.5"
"RuleBasedMatcher","actors_44","golden_globes_623","0.16666666666666666","","1971-01-01","1999-01-01","1971-01-01","1999-01-01","0.0","0.0","Glenda Jackson","['Gwyneth Paltrow', 'Judi Dench', 'Geoffrey Rush']","Glenda Jackson","['Gwyneth Paltrow', 'Judi Dench', 'Geoffrey Rush']","0.0","0.0","Women In Love","Shakespeare In Love","women in love","shakespeare in love","0.5","0.5"
"RuleBasedMatcher","actors_44","golden_globes_2188","0.13333333333333333","","1971-01-01","1958-01-01","1971-01-01","1958-01-01","0.0","0.0","Glenda Jackson","Maurice Chevalier","glenda jackson","maurice chevalier","0.0","0.0","Women In Love","Love In The Afternoon","women in love","love in the afternoon","0.4","0.4"
"RuleBasedMatcher","actors_44","golden_globes_1168","0.0","","1971-01-01","1989-01-01","1971-01-01","1989-01-01","0.0","0.0","Glenda Jackson","Jane Seymour","glenda jackson","jane seymour","0.0","0.0","Women In Love","Woman He Loved, The","women in love","woman he loved, the","0.0","0.0"
"RuleBasedMatcher","actors_44","golden_globes_1578","0.05555555555555555","","1971-01-01","1980-01-01","1971-01-01","1980-01-01","0.0","0.0","Glenda Jackson","George Hamilton","glenda jackson","george hamilton","0.0","0.0","Women In Love","Love at First Bite","women in love","love at first bite","0.16666666666666666","0.16666666666666666"
"RuleBasedMatcher","actors_44","golden_globes_181","0.08333333333333333","","1971-01-01","2008-01-01","1971-01-01","2008-01-01","0.0","0.0","Glenda Jackson","Bill Paxton","glenda jackson","bill paxton","0.0","0.0","Women In Love","Big Love","women in love","big love","0.25","0.25"
"RuleBasedMatcher","actors_44","golden_globes_237","0.08333333333333333","","1971-01-01","2007-01-01","1971-01-01","2007-01-01","0.0","0.0","Glenda Jackson","Bill Paxton","glenda jackson","bill paxton","0.0","0.0","Women In Love","Big Love","women in love","big love","0.25","0.25"
"RuleBasedMatcher","actors_44","golden_globes_81","0.08333333333333333","","1971-01-01","2010-01-01","1971-01-01","2010-01-01","0.0","0.0","Glenda Jackson","['Bill Paxton', 'Chlo� Sevigny']","Glenda Jackson","['Bill Paxton', 'Chlo� Sevigny']","0.0","0.0","Women In Love","Big Love","women in love","big love","0.25","0.25"
"RuleBasedMatcher","actors_44","golden_globes_1082","0.06666666666666667","","1971-01-01","1990-01-01","1971-01-01","1990-01-01","0.0","0.0","Glenda Jackson","Al Pacino","glenda jackson","al pacino","0.0","0.0","Women In Love","Sea Of Love","women in love","sea of love","0.2","0.2"
"RuleBasedMatcher","actors_44","golden_globes_1033","0.0","","1971-01-01","1991-01-01","1971-01-01","1991-01-01","0.0","0.0","Glenda Jackson","['Julia Roberts', 'Richard Gere', 'Hector Elizondo']","Glenda Jackson","['Julia Roberts', 'Richard Gere', 'Hector Elizondo']","0.0","0.0","Women In Love","Pretty Woman","women in love","pretty woman","0.0","0.0"
"RuleBasedMatcher","actors_44","golden_globes_917","0.08333333333333333","","1971-01-01","1993-01-01","1971-01-01","1993-01-01","0.0","0.0","Glenda Jackson","Michelle Pfeiffer","glenda jackson","michelle pfeiffer","0.0","0.0","Women In Love","Love Field","women in love","love field","0.25","0.25"
"RuleBasedMatcher","actors_44","golden_globes_869","0.0","","1971-01-01","1994-01-01","1971-01-01","1994-01-01","0.0","0.0","Glenda Jackson","Debra Winger","glenda jackson","debra winger","0.0","0.0","Women In Love","Dangerous Woman, a","women in love","dangerous woman, a","0.0","0.0"
"RuleBasedMatcher","actors_44","golden_globes_281","0.06666666666666667","","1971-01-01","2006-01-01","1971-01-01","2006-01-01","0.0","0.0","Glenda Jackson","Shirley MacLaine","glenda jackson","shirley maclaine","0.0","0.0","Women In Love","In Her Shoes","women in love","in her shoes","0.2","0.2"
"RuleBasedMatcher","actors_45","golden_globes_1891","0.9999999999999999","","1972-01-01","1972-01-01","1972-01-01","1972-01-01","1.0","1.0","Jane Fonda","Jane Fonda","jane fonda","jane fonda","1.0","1.0","Klute","Klute","klute","klute","1.0","1.0"
"RuleBasedMatcher","actors_45","golden_globes_1901","0.3333333333333333","","1972-01-01","1972-01-01","1972-01-01","1972-01-01","1.0","1.0","Jane Fonda","Walter Matthau","jane fonda","walter matthau","0.0","0.0","Klute","Kotch","klute","kotch","0.0","0.0"
"RuleBasedMatcher","actors_45","golden_globes_1741","0.0","","1972-01-01","1976-01-01","1972-01-01","1976-01-01","0.0","0.0","Jane Fonda","['Julie Christie', 'Goldie Hawn', 'Warren Beatty', 'Lee Grant']","Jane Fonda","['Julie Christie', 'Goldie Hawn', 'Warren Beatty', 'Lee Grant']","0.0","0.0","Klute","Shampoo","klute","shampoo","0.0","0.0"
"RuleBasedMatcher","actors_45","golden_globes_1675","0.0","","1972-01-01","1978-01-01","1972-01-01","1978-01-01","0.0","0.0","Jane Fonda","Telly Savalas","jane fonda","telly savalas","0.0","0.0","Klute","Kojak","klute","kojak","0.0","0.0"
"RuleBasedMatcher","actors_45","golden_globes_1759","0.0","","1972-01-01","1976-01-01","1972-01-01","1976-01-01","0.0","0.0","Jane Fonda","Telly Savalas","jane fonda","telly savalas","0.0","0.0","Klute","Kojak","klute","kojak","0.0","0.0"
"RuleBasedMatcher","actors_45","golden_globes_1713","0.0","","1972-01-01","1977-01-01","1972-01-01","1977-01-01","0.0","0.0","Jane Fonda","Telly Savalas","jane fonda","telly savalas","0.0","0.0","Klute","Kojak","klute","kojak","0.0","0.0"
"RuleBasedMatcher","actors_45","golden_globes_1798","0.0","","1972-01-01","1975-01-01","1972-01-01","1975-01-01","0.0","0.0","Jane Fonda","Telly Savalas","jane fonda","telly savalas","0.0","0.0","Klute","Kojak","klute","kojak","0.0","0.0"
"RuleBasedMatcher","actors_45","golden_globes_1521","0.0","","1972-01-01","1982-01-01","1972-01-01","1982-01-01","0.0","0.0","Jane Fonda","Danny Kaye","jane fonda","danny kaye","0.0","0.0","Klute","Skokie","klute","skokie","0.0","0.0"
"RuleBasedMatcher","actors_45","golden_globes_1781","0.0","","1972-01-01","1975-01-01","1972-01-01","1975-01-01","0.0","0.0","Jane Fonda","['Diahann Carroll', 'James Earl Jones']","Jane Fonda","['Diahann Carroll', 'James Earl Jones']","0.0","0.0","Klute","Claudine","klute","claudine","0.0","0.0"
"RuleBasedMatcher","actors_45","golden_globes_1186","0.0","","1972-01-01","1988-01-01","1972-01-01","1988-01-01","0.0","0.0","Jane Fonda","Jack Nicholson","jane fonda","jack nicholson","0.0","0.0","Klute","Ironweed","klute","ironweed","0.0","0.0"
"RuleBasedMatcher","actors_45","golden_globes_517","0.0","","1972-01-01","2001-01-01","1972-01-01","2001-01-01","0.0","0.0","Jane Fonda","['Juliette Binoche', 'Judi Dench']","Jane Fonda","['Juliette Binoche', 'Judi Dench']","0.0","0.0","Klute","Chocolat","klute","chocolat","0.0","0.0"
"RuleBasedMatcher","actors_45","golden_globes_158","0.0","","1972-01-01","2008-01-01","1972-01-01","2008-01-01","0.0","0.0","Jane Fonda","['Nikki  Blonsky', 'John Travolta']","Jane Fonda","['Nikki  Blonsky', 'John Travolta']","0.0","0.0","Klute","Hairspray","klute","hairspray","0.0","0.0"
"RuleBasedMatcher","actors_45","golden_globes_1183","0.0","","1972-01-01","1988-01-01","1972-01-01","1988-01-01","0.0","0.0","Jane Fonda","['Barbra Streisand', 'Richard Dreyfuss']","Jane Fonda","['Barbra Streisand', 'Richard Dreyfuss']","0.0","0.0","Klute","Nuts","klute","nuts","0.0","0.0"
"RuleBasedMatcher","actors_45","golden_globes_1385","0.0","","1972-01-01","1984-01-01","1972-01-01","1984-01-01","0.0","0.0","Jane Fonda","['Meryl Streep', 'Cher', 'Kurt Russell']","Jane Fonda","['Meryl Streep', 'Cher', 'Kurt Russell']","0.0","0.0","Klute","Silkwood","klute","silkwood","0.0","0.0"
"RuleBasedMatcher","actors_45","golden_globes_107","0.0","","1972-01-01","2009-01-01","1972-01-01","2009-01-01","0.0","0.0","Jane Fonda","Sean Penn","jane fonda","sean penn","0.0","0.0","Klute","Milk","klute","milk","0.0","0.0"
"RuleBasedMatcher","actors_45","golden_globes_1618","0.0","","1972-01-01","1979-01-01","1972-01-01","1979-01-01","0.0","0.0","Jane Fonda","['Olivia Newton-John', 'John Travolta']","Jane Fonda","['Olivia Newton-John', 'John Travolta']","0.0","0.0","Klute","Grease","klute","grease","0.0","0.0"
"RuleBasedMatcher","actors_45","golden_globes_1864","0.0","","1972-01-01","1973-01-01","1972-01-01","1973-01-01","0.0","0.0","Jane Fonda","Helena Kallianiotes","jane fonda","helena kallianiotes","0.0","0.0","Klute","Kansas City Bomber","klute","kansas city bomber","0.0","0.0"
"RuleBasedMatcher","actors_45","golden_globes_2082","0.0","","1972-01-01","1963-01-01","1972-01-01","1963-01-01","0.0","0.0","Jane Fonda","Melina Mercouri","jane fonda","melina mercouri","0.0","0.0","Klute","Ph","klute","ph","0.0","0.0"
"RuleBasedMatcher","actors_45","golden_globes_571","0.0","","1972-01-01","2000-01-01","1972-01-01","2000-01-01","0.0","0.0","Jane Fonda","Janet McTeer","jane fonda","janet mcteer","0.0","0.0","Klute","Tumbleweeds","klute","tumbleweeds","0.0","0.0"
"RuleBasedMatcher","actors_45","golden_globes_544","0.0","","1972-01-01","2001-01-01","1972-01-01","2001-01-01","0.0","0.0","Jane Fonda","Bette Midler","jane fonda","bette midler","0.0","0.0","Klute","Bette","klute","bette","0.0","0.0"
"RuleBasedMatcher","actors_46","golden_globes_1860","0.9333333333333332","","1973-01-01","1973-01-01","1973-01-01","1973-01-01","1.0","1.0","Liza Minnelli","['Liza Minnelli', 'Marisa Berenson', 'Joel Grey']","Liza Minnelli","['Liza Minnelli', 'Marisa Berenson', 'Joel Grey']","0.3333333333333333","0.3333333333333333","Cabaret","Cabaret","cabaret","cabaret","1.0","1.0"
"RuleBasedMatcher","actors_46","golden_globes_417","0.0","","1973-01-01","2003-01-01","1973-01-01","2003-01-01","0.0","0.0","Liza Minnelli","Adrien Brody","liza minnelli","adrien brody","0.0","0.0","Cabaret","Pianist, The","cabaret","pianist, the","0.0","0.0"
"RuleBasedMatcher","actors_46","golden_globes_866","0.0","","1973-01-01","1994-01-01","1973-01-01","1994-01-01","0.0","0.0","Liza Minnelli","['Holly Hunter', 'Anna Paquin']","Liza Minnelli","['Holly Hunter', 'Anna Paquin']","0.0","0.0","Cabaret","Piano, The","cabaret","piano, the","0.0","0.0"
"RuleBasedMatcher","actors_46","golden_globes_110","0.0","","1973-01-01","2009-01-01","1973-01-01","2009-01-01","0.0","0.0","Liza Minnelli","['Rebecca Hall', 'Javier Bardem', 'Pen�lope Cruz']","Liza Minnelli","['Rebecca Hall', 'Javier Bardem', 'Pen�lope Cruz']","0.0","0.0","Cabaret","Vicky Cristina Barcelona","cabaret","vicky cristina barcelona","0.0","0.0"
"RuleBasedMatcher","actors_46","golden_globes_1387","0.0","","1973-01-01","1984-01-01","1973-01-01","1984-01-01","0.0","0.0","Liza Minnelli","['Tom Courtenay', 'Albert Finney']","Liza Minnelli","['Tom Courtenay', 'Albert Finney']","0.0","0.0","Cabaret","Dresser, The","cabaret","dresser, the","0.0","0.0"
"RuleBasedMatcher","actors_46","golden_globes_1545","0.0","","1973-01-01","1981-01-01","1973-01-01","1981-01-01","0.0","0.0","Liza Minnelli","Ray Sharkey","liza minnelli","ray sharkey","0.0","0.0","Cabaret","Idolmaker, The","cabaret","idolmaker, the","0.0","0.0"
"RuleBasedMatcher","actors_46","golden_globes_1347","0.0","","1973-01-01","1985-01-01","1973-01-01","1985-01-01","0.0","0.0","Liza Minnelli","Lesley Ann Warren","liza minnelli","lesley ann warren","0.0","0.0","Cabaret","Songwriter","cabaret","songwriter","0.0","0.0"
"RuleBasedMatcher","actors_46","golden_globes_1773","0.0","","1973-01-01","1975-01-01","1973-01-01","1975-01-01","0.0","0.0","Liza Minnelli","['Faye Dunaway', 'Jack Nicholson', 'John Huston']","Liza Minnelli","['Faye Dunaway', 'Jack Nicholson', 'John Huston']","0.0","0.0","Cabaret","Chinatown","cabaret","chinatown","0.0","0.0"
"RuleBasedMatcher","actors_46","golden_globes_652","0.0","","1973-01-01","1999-01-01","1973-01-01","1999-01-01","0.0","0.0","Liza Minnelli","['Stockard Channing', 'Laura Dern']","Liza Minnelli","['Stockard Channing', 'Laura Dern']","0.0","0.0","Cabaret","Baby Dance, The","cabaret","baby dance, the","0.0","0.0"
"RuleBasedMatcher","actors_46","golden_globes_466","0.0","","1973-01-01","2002-01-01","1973-01-01","2002-01-01","0.0","0.0","Liza Minnelli","['Nicole Kidman', 'Ewan McGregor']","Liza Minnelli","['Nicole Kidman', 'Ewan McGregor']","0.0","0.0","Cabaret","Moulin Rouge!","cabaret","moulin rouge!","0.0","0.0"
"RuleBasedMatcher","actors_46","golden_globes_14","0.0","","1973-01-01","2011-01-01","1973-01-01","2011-01-01","0.0","0.0","Liza Minnelli","Johnny Depp","liza minnelli","johnny depp","0.0","0.0","Cabaret","Alice in Wonderland","cabaret","alice in wonderland","0.0","0.0"
"RuleBasedMatcher","actors_46","golden_globes_969","0.0","","1973-01-01","1993-01-01","1973-01-01","1993-01-01","0.0","0.0","Liza Minnelli","Hume Cronyn","liza minnelli","hume cronyn","0.0","0.0","Cabaret","Broadway Bound","cabaret","broadway bound","0.0","0.0"
"RuleBasedMatcher","actors_46","golden_globes_1201","0.0","","1973-01-01","1988-01-01","1973-01-01","1988-01-01","0.0","0.0","Liza Minnelli","Rob Lowe","liza minnelli","rob lowe","0.0","0.0","Cabaret","Square Dance","cabaret","square dance","0.0","0.0"
"RuleBasedMatcher","actors_46","golden_globes_341","0.0","","1973-01-01","2005-01-01","1973-01-01","2005-01-01","0.0","0.0","Liza Minnelli","Ian McShane","liza minnelli","ian mcshane","0.0","0.0","Cabaret","Deadwood","cabaret","deadwood","0.0","0.0"
"RuleBasedMatcher","actors_46","golden_globes_1656","0.0","","1973-01-01","1978-01-01","1973-01-01","1978-01-01","0.0","0.0","Liza Minnelli","['Diane Keaton', 'Woody Allen']","Liza Minnelli","['Diane Keaton', 'Woody Allen']","0.0","0.0","Cabaret","Annie Hall","cabaret","annie hall","0.0","0.0"
"RuleBasedMatcher","actors_46","golden_globes_735","0.0","","1973-01-01","1997-01-01","1973-01-01","1997-01-01","0.0","0.0","Liza Minnelli","Heather Locklear","liza minnelli","heather locklear","0.0","0.0","Cabaret","Melrose Place","cabaret","melrose place","0.0","0.0"
"RuleBasedMatcher","actors_46","golden_globes_837","0.0","","1973-01-01","1995-01-01","1973-01-01","1995-01-01","0.0","0.0","Liza Minnelli","['Heather Locklear', 'Laura Leighton']","Liza Minnelli","['Heather Locklear', 'Laura Leighton']","0.0","0.0","Cabaret","Melrose Place","cabaret","melrose place","0.0","0.0"
"RuleBasedMatcher","actors_46","golden_globes_785","0.0","","1973-01-01","1996-01-01","1973-01-01","1996-01-01","0.0","0.0","Liza Minnelli","Heather Locklear","liza minnelli","heather locklear","0.0","0.0","Cabaret","Melrose Place","cabaret","melrose place","0.0","0.0"
"RuleBasedMatcher","actors_46","golden_globes_888","0.0","","1973-01-01","1994-01-01","1973-01-01","1994-01-01","0.0","0.0","Liza Minnelli","Heather Locklear","liza minnelli","heather locklear","0.0","0.0","Cabaret","Melrose Place","cabaret","melrose place","0.0","0.0"
"RuleBasedMatcher","actors_46","golden_globes_1190","0.0","","1973-01-01","1988-01-01","1973-01-01","1988-01-01","0.0","0.0","Liza Minnelli","['Jennifer Grey', 'Patrick Swayze']","Liza Minnelli","['Jennifer Grey', 'Patrick Swayze']","0.0","0.0","Cabaret","Dirty Dancing","cabaret","dirty dancing","0.0","0.0"
"RuleBasedMatcher","actors_47","golden_globes_1819","0.7000000000000001","1","1974-01-01","1974-01-01","1974-01-01","1974-01-01","1.0","1.0","Glenda Jackson","['Glenda Jackson', 'George Segal']","Glenda Jackson","['Glenda Jackson', 'George Segal']","0.5","0.5","A Touch of Class","Touch Of Class, a","a touch of class","touch of class, a","0.6","0.6"
"RuleBasedMatcher","actors_47","golden_globes_52","0.0","","1974-01-01","2010-01-01","1974-01-01","2010-01-01","0.0","0.0","Glenda Jackson","Carey Mulligan","glenda jackson","carey mulligan","0.0","0.0","A Touch of Class","Education, An","a touch of class","education, an","0.0","0.0"
"RuleBasedMatcher","actors_47","golden_globes_2171","0.0","","1974-01-01","1959-01-01","1974-01-01","1959-01-01","0.0","0.0","Glenda Jackson","['Clark Gable', 'Gig Young']","Glenda Jackson","['Clark Gable', 'Gig Young']","0.0","0.0","A Touch of Class","Teacher's Pet","a touch of class","teacher's pet","0.0","0.0"
"RuleBasedMatcher","actors_47","golden_globes_804","0.0","","1974-01-01","1996-01-01","1974-01-01","1996-01-01","0.0","0.0","Glenda Jackson","Charles S. Dutton","glenda jackson","charles s. dutton","0.0","0.0","A Touch of Class","Piano Lesson, The","a touch of class","piano lesson, the","0.0","0.0"
"RuleBasedMatcher","actors_47","golden_globes_1531","0.0","","1974-01-01","1981-01-01","1974-01-01","1981-01-01","0.0","0.0","Glenda Jackson","Deborah Raffin","glenda jackson","deborah raffin","0.0","0.0","A Touch of Class","Touched By Love","a touch of class","touched by love","0.0","0.0"
"RuleBasedMatcher","actors_47","golden_globes_591","0.0","","1974-01-01","2000-01-01","1974-01-01","2000-01-01","0.0","0.0","Glenda Jackson","Dylan McDermott","glenda jackson","dylan mcdermott","0.0","0.0","A Touch of Class","Practice, The","a touch of class","practice, the","0.0","0.0"
"RuleBasedMatcher","actors_47","golden_globes_540","0.0","","1974-01-01","2001-01-01","1974-01-01","2001-01-01","0.0","0.0","Glenda Jackson","Dylan McDermott","glenda jackson","dylan mcdermott","0.0","0.0","A Touch of Class","Practice, The","a touch of class","practice, the","0.0","0.0"
"RuleBasedMatcher","actors_47","golden_globes_642","0.0","","1974-01-01","1999-01-01","1974-01-01","1999-01-01","0.0","0.0","Glenda Jackson","['Dylan McDermott', 'Camryn Manheim']","Glenda Jackson","['Dylan McDermott', 'Camryn Manheim']","0.0","0.0","A Touch of Class","Practice, The","a touch of class","practice, the","0.0","0.0"
"RuleBasedMatcher","actors_47","golden_globes_638","0.0","","1974-01-01","1999-01-01","1974-01-01","1999-01-01","0.0","0.0","Glenda Jackson","Roma Downey","glenda jackson","roma downey","0.0","0.0","A Touch of Class","Touched By an Angel","a touch of class","touched by an angel","0.0","0.0"
"RuleBasedMatcher","actors_47","golden_globes_684","0.0","","1974-01-01","1998-01-01","1974-01-01","1998-01-01","0.0","0.0","Glenda Jackson","['Roma Downey', 'Della Reese']","Glenda Jackson","['Roma Downey', 'Della Reese']","0.0","0.0","A Touch of Class","Touched By an Angel","a touch of class","touched by an angel","0.0","0.0"
"RuleBasedMatcher","actors_47","golden_globes_1992","0.0","","1974-01-01","1968-01-01","1974-01-01","1968-01-01","0.0","0.0","Glenda Jackson","Dustin Hoffman","glenda jackson","dustin hoffman","0.0","0.0","A Touch of Class","Graduate, The","a touch of class","graduate, the","0.0","0.0"
"RuleBasedMatcher","actors_47","golden_globes_2119","0.0","","1974-01-01","1962-01-01","1974-01-01","1962-01-01","0.0","0.0","Glenda Jackson","Fred MacMurray","glenda jackson","fred macmurray","0.0","0.0","A Touch of Class","Absent-Minded Professor, The","a touch of class","absent-minded professor, the","0.0","0.0"
"RuleBasedMatcher","actors_47","golden_globes_2095","0.1111111111111111","","1974-01-01","1963-01-01","1974-01-01","1963-01-01","0.0","0.0","Glenda Jackson","Cary Grant","glenda jackson","cary grant","0.0","0.0","A Touch of Class","That Touch Of Mink","a touch of class","that touch of mink","0.3333333333333333","0.3333333333333333"
"RuleBasedMatcher","actors_47","golden_globes_463","0.0","","1974-01-01","2002-01-01","1974-01-01","2002-01-01","0.0","0.0","Glenda Jackson","Denzel Washington","glenda jackson","denzel washington","0.0","0.0","A Touch of Class","Training Day","a touch of class","training day","0.0","0.0"
"RuleBasedMatcher","actors_47","golden_globes_1987","0.0","","1974-01-01","1968-01-01","1974-01-01","1968-01-01","0.0","0.0","Glenda Jackson","['Paul Newman', 'George Kennedy']","Glenda Jackson","['Paul Newman', 'George Kennedy']","0.0","0.0","A Touch of Class","Cool Hand Luke","a touch of class","cool hand luke","0.0","0.0"
"RuleBasedMatcher","actors_47","golden_globes_825","0.0","","1974-01-01","1995-01-01","1974-01-01","1995-01-01","0.0","0.0","Glenda Jackson","['Emma Thompson', 'Arnold Schwarzenegger']","Glenda Jackson","['Emma Thompson', 'Arnold Schwarzenegger']","0.0","0.0","A Touch of Class","Junior","a touch of class","junior","0.0","0.0"
"RuleBasedMatcher","actors_47","golden_globes_1213","0.0","","1974-01-01","1988-01-01","1974-01-01","1988-01-01","0.0","0.0","Glenda Jackson","Dabney Coleman","glenda jackson","dabney coleman","0.0","0.0","A Touch of Class","'Slap' Maxwell Story, The","a touch of class","'slap' maxwell story, the","0.0","0.0"
"RuleBasedMatcher","actors_47","golden_globes_927","0.0","","1974-01-01","1993-01-01","1974-01-01","1993-01-01","0.0","0.0","Glenda Jackson","Whoopi Goldberg","glenda jackson","whoopi goldberg","0.0","0.0","A Touch of Class","Sister Act","a touch of class","sister act","0.0","0.0"
"RuleBasedMatcher","actors_47","golden_globes_1778","0.0","","1974-01-01","1975-01-01","1974-01-01","1975-01-01","0.0","0.0","Glenda Jackson","Gene Hackman","glenda jackson","gene hackman","0.0","0.0","A Touch of Class","Conversation, The","a touch of class","conversation, the","0.0","0.0"
"RuleBasedMatcher","actors_47","golden_globes_1396","0.0","","1974-01-01","1984-01-01","1974-01-01","1984-01-01","0.0","0.0","Glenda Jackson","['Julie Walters', 'Michael Caine']","Glenda Jackson","['Julie Walters', 'Michael Caine']","0.0","0.0","A Touch of Class","Educating Rita","a touch of class","educating rita","0.0","0.0"
"RuleBasedMatcher","actors_48","golden_globes_1772","0.6428571428571429","1","1975-01-01","1975-01-01","1975-01-01","1975-01-01","1.0","1.0","Ellen Burstyn","['Ellen Burstyn', 'Diane Ladd']","Ellen Burstyn","['Ellen Burstyn', 'Diane Ladd']","0.5","0.5","Alice Doesn�t live Here Anymor","Alice Doesn't Live Here Anymore","alice doesn�t live here anymor","alice doesn't live here anymore","0.42857142857142855","0.42857142857142855"
"RuleBasedMatcher","actors_48","golden_globes_1030","0.06666666666666667","","1975-01-01","1991-01-01","1975-01-01","1991-01-01","0.0","0.0","Ellen Burstyn","Mia Farrow","ellen burstyn","mia farrow","0.0","0.0","Alice Doesn�t live Here Anymor","Alice","alice doesn�t live here anymor","alice","0.2","0.2"
"RuleBasedMatcher","actors_48","golden_globes_1526","0.06666666666666667","","1975-01-01","1982-01-01","1975-01-01","1982-01-01","0.0","0.0","Ellen Burstyn","['Beth Howland', 'Vic Tayback']","Ellen Burstyn","['Beth Howland', 'Vic Tayback']","0.0","0.0","Alice Doesn�t live Here Anymor","Alice","alice doesn�t live here anymor","alice","0.2","0.2"
"RuleBasedMatcher","actors_48","golden_globes_1557","0.06666666666666667","","1975-01-01","1981-01-01","1975-01-01","1981-01-01","0.0","0.0","Ellen Burstyn","['Linda Lavin', 'Beth Howland', 'Diane Ladd', 'Vic Tayback']","Ellen Burstyn","['Linda Lavin', 'Beth Howland', 'Diane Ladd', 'Vic Tayback']","0.0","0.0","Alice Doesn�t live Here Anymor","Alice","alice doesn�t live here anymor","alice","0.2","0.2"
"RuleBasedMatcher","actors_48","golden_globes_1595","0.06666666666666667","","1975-01-01","1980-01-01","1975-01-01","1980-01-01","0.0","0.0","Ellen Burstyn","['Linda Lavin', 'Polly Holliday', 'Beth Howland', 'Vic Tayback']","Ellen Burstyn","['Linda Lavin', 'Polly Holliday', 'Beth Howland', 'Vic Tayback']","0.0","0.0","Alice Doesn�t live Here Anymor","Alice","alice doesn�t live here anymor","alice","0.2","0.2"
"RuleBasedMatcher","actors_48","golden_globes_1635","0.06666666666666667","","1975-01-01","1979-01-01","1975-01-01","1979-01-01","0.0","0.0","Ellen Burstyn","['Linda Lavin', 'Polly Holliday']","Ellen Burstyn","['Linda Lavin', 'Polly Holliday']","0.0","0.0","Alice Doesn�t live Here Anymor","Alice","alice doesn�t live here anymor","alice","0.2","0.2"
"RuleBasedMatcher","actors_48","golden_globes_1478","0.06666666666666667","","1975-01-01","1983-01-01","1975-01-01","1983-01-01","0.0","0.0","Ellen Burstyn","Beth Howland","ellen burstyn","beth howland","0.0","0.0","Alice Doesn�t live Here Anymor","Alice","alice doesn�t live here anymor","alice","0.2","0.2"
"RuleBasedMatcher","actors_48","golden_globes_14","0.047619047619047616","","1975-01-01","2011-01-01","1975-01-01","2011-01-01","0.0","0.0","Ellen Burstyn","Johnny Depp","ellen burstyn","johnny depp","0.0","0.0","Alice Doesn�t live Here Anymor","Alice in Wonderland","alice doesn�t live here anymor","alice in wonderland","0.14285714285714285","0.14285714285714285"
"RuleBasedMatcher","actors_48","golden_globes_1","0.047619047619047616","","1975-01-01","2011-01-01","1975-01-01","2011-01-01","0.0","0.0","Ellen Burstyn","Halle Berry","ellen burstyn","halle berry","0.0","0.0","Alice Doesn�t live Here Anymor","Frankie and Alice","alice doesn�t live here anymor","frankie and alice","0.14285714285714285","0.14285714285714285"
"RuleBasedMatcher","actors_48","golden_globes_1936","0.0","","1975-01-01","1971-01-01","1975-01-01","1971-01-01","0.0","0.0","Ellen Burstyn","Lucille Ball","ellen burstyn","lucille ball","0.0","0.0","Alice Doesn�t live Here Anymor","Here's Lucy","alice doesn�t live here anymor","here's lucy","0.0","0.0"
"RuleBasedMatcher","actors_48","golden_globes_1115","0.0","","1975-01-01","1990-01-01","1975-01-01","1990-01-01","0.0","0.0","Ellen Burstyn","Christine Lahti","ellen burstyn","christine lahti","0.0","0.0","Alice Doesn�t live Here Anymor","No Place Like Home","alice doesn�t live here anymor","no place like home","0.0","0.0"
"RuleBasedMatcher","actors_48","golden_globes_1372","0.0","","1975-01-01","1985-01-01","1975-01-01","1985-01-01","0.0","0.0","Ellen Burstyn","['Glenn Close', 'Ted Danson', 'Roxana Zal']","Ellen Burstyn","['Glenn Close', 'Ted Danson', 'Roxana Zal']","0.0","0.0","Alice Doesn�t live Here Anymor","Something About Amelia","alice doesn�t live here anymor","something about amelia","0.0","0.0"
"RuleBasedMatcher","actors_48","golden_globes_1181","0.0","","1975-01-01","1988-01-01","1975-01-01","1988-01-01","0.0","0.0","Ellen Burstyn","Sally Kirkland","ellen burstyn","sally kirkland","0.0","0.0","Alice Doesn�t live Here Anymor","Anna","alice doesn�t live here anymor","anna","0.0","0.0"
"RuleBasedMatcher","actors_48","golden_globes_416","0.0","","1975-01-01","2003-01-01","1975-01-01","2003-01-01","0.0","0.0","Ellen Burstyn","['Julianne Moore', 'Dennis Quaid']","Ellen Burstyn","['Julianne Moore', 'Dennis Quaid']","0.0","0.0","Alice Doesn�t live Here Anymor","Far From Heaven","alice doesn�t live here anymor","far from heaven","0.0","0.0"
"RuleBasedMatcher","actors_48","golden_globes_1620","0.0","","1975-01-01","1979-01-01","1975-01-01","1979-01-01","0.0","0.0","Ellen Burstyn","['Warren Beatty', 'Dyan Cannon']","Ellen Burstyn","['Warren Beatty', 'Dyan Cannon']","0.0","0.0","Alice Doesn�t live Here Anymor","Heaven Can Wait","alice doesn�t live here anymor","heaven can wait","0.0","0.0"
"RuleBasedMatcher","actors_48","golden_globes_640","0.0","","1975-01-01","1999-01-01","1975-01-01","1999-01-01","0.0","0.0","Ellen Burstyn","Keri Russell","ellen burstyn","keri russell","0.0","0.0","Alice Doesn�t live Here Anymor","Felicity","alice doesn�t live here anymor","felicity","0.0","0.0"
"RuleBasedMatcher","actors_48","golden_globes_811","0.0","","1975-01-01","1995-01-01","1975-01-01","1995-01-01","0.0","0.0","Ellen Burstyn","Jodie Foster","ellen burstyn","jodie foster","0.0","0.0","Alice Doesn�t live Here Anymor","Nell","alice doesn�t live here anymor","nell","0.0","0.0"
"RuleBasedMatcher","actors_48","golden_globes_1769","0.0","","1975-01-01","1976-01-01","1975-01-01","1976-01-01","0.0","0.0","Ellen Burstyn","Bob Newhart","ellen burstyn","bob newhart","0.0","0.0","Alice Doesn�t live Here Anymor","Bob Newhart Show, The","alice doesn�t live here anymor","bob newhart show, the","0.0","0.0"
"RuleBasedMatcher","actors_48","golden_globes_1806","0.3333333333333333","","1975-01-01","1975-01-01","1975-01-01","1975-01-01","1.0","1.0","Ellen Burstyn","Bob Newhart","ellen burstyn","bob newhart","0.0","0.0","Alice Doesn�t live Here Anymor","Bob Newhart Show, The","alice doesn�t live here anymor","bob newhart show, the","0.0","0.0"
"RuleBasedMatcher","actors_48","golden_globes_1108","0.0","","1975-01-01","1990-01-01","1975-01-01","1990-01-01","0.0","0.0","Ellen Burstyn","Tracey Ullman","ellen burstyn","tracey ullman","0.0","0.0","Alice Doesn�t live Here Anymor","Tracey Ullman Show, The","alice doesn�t live here anymor","tracey ullman show, the","0.0","0.0"
"RuleBasedMatcher","actors_49","golden_globes_1733","0.6666666666666666","1","1976-01-01","1976-01-01","1976-01-01","1976-01-01","1.0","1.0","Louise Fletcher","['Louise Fletcher', 'Jack Nicholson']","Louise Fletcher","['Louise Fletcher', 'Jack Nicholson']","0.5","0.5","One Flew Over The Cockoo�s Nes","One Flew Over The Cuckoo''s Nest","one flew over the cockoo�s nes","one flew over the cuckoo''s nest","0.5","0.5"
"RuleBasedMatcher","actors_49","golden_globes_1134","0.0","","1976-01-01","1989-01-01","1976-01-01","1989-01-01","0.0","0.0","Louise Fletcher","['Forest Whitaker', 'Diane Venora']","Louise Fletcher","['Forest Whitaker', 'Diane Venora']","0.0","0.0","One Flew Over The Cockoo�s Nes","Bird","one flew over the cockoo�s nes","bird","0.0","0.0"
"RuleBasedMatcher","actors_49","golden_globes_661","0.03333333333333333","","1976-01-01","1998-01-01","1976-01-01","1998-01-01","0.0","0.0","Louise Fletcher","Helena Bonham Carter","louise fletcher","helena bonham carter","0.0","0.0","One Flew Over The Cockoo�s Nes","Wings Of The Dove, The","one flew over the cockoo�s nes","wings of the dove, the","0.1","0.1"
"RuleBasedMatcher","actors_49","golden_globes_2053","0.037037037037037035","","1976-01-01","1964-01-01","1976-01-01","1964-01-01","0.0","0.0","Louise Fletcher","['Geraldine Page', 'Wendy Hiller']","Louise Fletcher","['Geraldine Page', 'Wendy Hiller']","0.0","0.0","One Flew Over The Cockoo�s Nes","Toys In The Attic","one flew over the cockoo�s nes","toys in the attic","0.1111111111111111","0.1111111111111111"
"RuleBasedMatcher","actors_49","golden_globes_2036","0.037037037037037035","","1976-01-01","1965-01-01","1976-01-01","1965-01-01","0.0","0.0","Louise Fletcher","Geraldine Page","louise fletcher","geraldine page","0.0","0.0","One Flew Over The Cockoo�s Nes","Toys In The Attic","one flew over the cockoo�s nes","toys in the attic","0.1111111111111111","0.1111111111111111"
"RuleBasedMatcher","actors_49","golden_globes_2025","0.0","","1976-01-01","1966-01-01","1976-01-01","1966-01-01","0.0","0.0","Louise Fletcher","Alberto Sordi","louise fletcher","alberto sordi","0.0","0.0","One Flew Over The Cockoo�s Nes","Those Magnificent Men In Their Flying Machines","one flew over the cockoo�s nes","those magnificent men in their flying machines","0.0","0.0"
"RuleBasedMatcher","actors_49","golden_globes_725","0.047619047619047616","","1976-01-01","1997-01-01","1976-01-01","1997-01-01","0.0","0.0","Louise Fletcher","Nathan Lane","louise fletcher","nathan lane","0.0","0.0","One Flew Over The Cockoo�s Nes","Birdcage, The","one flew over the cockoo�s nes","birdcage, the","0.14285714285714285","0.14285714285714285"
"RuleBasedMatcher","actors_49","golden_globes_2030","0.03333333333333333","","1976-01-01","1966-01-01","1976-01-01","1966-01-01","0.0","0.0","Louise Fletcher","['Frank Finlay', 'Frank Finlay']","Louise Fletcher","['Frank Finlay', 'Frank Finlay']","0.0","0.0","One Flew Over The Cockoo�s Nes","Flight Of The Phoenix, The","one flew over the cockoo�s nes","flight of the phoenix, the","0.1","0.1"
"RuleBasedMatcher","actors_49","golden_globes_170","0.030303030303030304","","1976-01-01","2008-01-01","1976-01-01","2008-01-01","0.0","0.0","Louise Fletcher","","louise fletcher","","0.0","0.0","One Flew Over The Cockoo�s Nes","Diving Bell And The Butterfly, The","one flew over the cockoo�s nes","diving bell and the butterfly, the","0.09090909090909091","0.09090909090909091"
"RuleBasedMatcher","actors_49","golden_globes_699","0.0","","1976-01-01","1998-01-01","1976-01-01","1998-01-01","0.0","0.0","Louise Fletcher","Ellen Barkin","louise fletcher","ellen barkin","0.0","0.0","One Flew Over The Cockoo�s Nes","Before Women Had Wings","one flew over the cockoo�s nes","before women had wings","0.0","0.0"
"RuleBasedMatcher","actors_49","golden_globes_285","0.0","","1976-01-01","2006-01-01","1976-01-01","2006-01-01","0.0","0.0","Louise Fletcher","","louise fletcher","","0.0","0.0","One Flew Over The Cockoo�s Nes","King Kong","one flew over the cockoo�s nes","king kong","0.0","0.0"
"RuleBasedMatcher","actors_49","golden_globes_2096","0.03333333333333333","","1976-01-01","1963-01-01","1976-01-01","1963-01-01","0.0","0.0","Louise Fletcher","['Charlton Heston', 'Gabriella Pallotta', 'Harry Guardino']","Louise Fletcher","['Charlton Heston', 'Gabriella Pallotta', 'Harry Guardino']","0.0","0.0","One Flew Over The Cockoo�s Nes","Pigeon That Took Rome, The","one flew over the cockoo�s nes","pigeon that took rome, the","0.1","0.1"
"RuleBasedMatcher","actors_49","golden_globes_1864","0.0","","1976-01-01","1973-01-01","1976-01-01","1973-01-01","0.0","0.0","Louise Fletcher","Helena Kallianiotes","louise fletcher","helena kallianiotes","0.0","0.0","One Flew Over The Cockoo�s Nes","Kansas City Bomber","one flew over the cockoo�s nes","kansas city bomber","0.0","0.0"
"RuleBasedMatcher","actors_49","golden_globes_454","0.0","","1976-01-01","2002-01-01","1976-01-01","2002-01-01","0.0","0.0","Louise Fletcher","Halle Berry","louise fletcher","halle berry","0.0","0.0","One Flew Over The Cockoo�s Nes","Monster's Ball","one flew over the cockoo�s nes","monster's ball","0.0","0.0"
"RuleBasedMatcher","actors_49","golden_globes_1948","0.041666666666666664","","1976-01-01","1970-01-01","1976-01-01","1970-01-01","0.0","0.0","Louise Fletcher","Liza Minnelli","louise fletcher","liza minnelli","0.0","0.0","One Flew Over The Cockoo�s Nes","Sterile Cuckoo, The","one flew over the cockoo�s nes","sterile cuckoo, the","0.125","0.125"
"RuleBasedMatcher","actors_49","golden_globes_1008","0.08333333333333333","","1976-01-01","1992-01-01","1976-01-01","1992-01-01","0.0","0.0","Louise Fletcher","['Judy Davis', 'Sam Neill']","Louise Fletcher","['Judy Davis', 'Sam Neill']","0.0","0.0","One Flew Over The Cockoo�s Nes","One Against The Wind","one flew over the cockoo�s nes","one against the wind","0.25","0.25"
"RuleBasedMatcher","actors_49","golden_globes_1727","0.0","","1976-01-01","1977-01-01","1976-01-01","1977-01-01","0.0","0.0","Louise Fletcher","Darleen Carr","louise fletcher","darleen carr","0.0","0.0","One Flew Over The Cockoo�s Nes","Once an Eagle","one flew over the cockoo�s nes","once an eagle","0.0","0.0"
"RuleBasedMatcher","actors_49","golden_globes_711","0.03333333333333333","","1976-01-01","1997-01-01","1976-01-01","1997-01-01","0.0","0.0","Louise Fletcher","['Courtney Love', 'Woody Harrelson']","Louise Fletcher","['Courtney Love', 'Woody Harrelson']","0.0","0.0","One Flew Over The Cockoo�s Nes","People Vs. Larry Flynt, The","one flew over the cockoo�s nes","people vs. larry flynt, the","0.1","0.1"
"RuleBasedMatcher","actors_49","golden_globes_1900","0.0","","1976-01-01","1972-01-01","1976-01-01","1972-01-01","0.0","0.0","Louise Fletcher","Dean Jones","louise fletcher","dean jones","0.0","0.0","One Flew Over The Cockoo�s Nes","$1,000,000 Duck","one flew over the cockoo�s nes","$1,000,000 duck","0.0","0.0"
"RuleBasedMatcher","actors_49","golden_globes_2055","0.047619047619047616","","1976-01-01","1964-01-01","1976-01-01","1964-01-01","0.0","0.0","Louise Fletcher","['Romy Schneider', 'Tom Tryon', 'John Huston']","Louise Fletcher","['Romy Schneider', 'Tom Tryon', 'John Huston']","0.0","0.0","One Flew Over The Cockoo�s Nes","Cardinal, The","one flew over the cockoo�s nes","cardinal, the","0.14285714285714285","0.14285714285714285"
"RuleBasedMatcher","actors_50","golden_globes_1684","0.9999999999999999","","1977-01-01","1977-01-01","1977-01-01","1977-01-01","1.0","1.0","['Faye Dunaway', 'Peter Finch']","['Faye Dunaway', 'Peter Finch']","['Faye Dunaway', 'Peter Finch']","['Faye Dunaway', 'Peter Finch']","1.0","1.0","Network","Network","network","network","1.0","1.0"
"RuleBasedMatcher","actors_50","golden_globes_6","0.0","","1977-01-01","2011-01-01","1977-01-01","2011-01-01","0.0","0.0","['Faye Dunaway', 'Peter Finch']","['Jesse Eisenberg', 'Andrew Garfield']","['Faye Dunaway', 'Peter Finch']","['Jesse Eisenberg', 'Andrew Garfield']","0.0","0.0","Network","Social Network, The","network","social network, the","0.0","0.0"
"RuleBasedMatcher","actors_50","golden_globes_529","0.0","","1977-01-01","2001-01-01","1977-01-01","2001-01-01","0.0","0.0","['Faye Dunaway', 'Peter Finch']","['Catherine Zeta-Jones', 'Benicio Del Toro']","['Faye Dunaway', 'Peter Finch']","['Catherine Zeta-Jones', 'Benicio Del Toro']","0.0","0.0","Network","Traffic","network","traffic","0.0","0.0"
"RuleBasedMatcher","actors_50","golden_globes_68","0.0","","1977-01-01","2010-01-01","1977-01-01","2010-01-01","0.0","0.0","['Faye Dunaway', 'Peter Finch']","Woody Harrelson","['Faye Dunaway', 'Peter Finch']","Woody Harrelson","0.0","0.0","Network","Messenger, The","network","messenger, the","0.0","0.0"
"RuleBasedMatcher","actors_50","golden_globes_20","0.0","","1977-01-01","2011-01-01","1977-01-01","2011-01-01","0.0","0.0","['Faye Dunaway', 'Peter Finch']","","['Faye Dunaway', 'Peter Finch']","","0.0","0.0","Network","Inception","network","inception","0.0","0.0"
"RuleBasedMatcher","actors_50","golden_globes_1184","0.0","","1977-01-01","1988-01-01","1977-01-01","1988-01-01","0.0","0.0","['Faye Dunaway', 'Peter Finch']","Michael Douglas","['Faye Dunaway', 'Peter Finch']","Michael Douglas","0.0","0.0","Network","Wall Street","network","wall street","0.0","0.0"
"RuleBasedMatcher","actors_50","golden_globes_809","0.0","","1977-01-01","1996-01-01","1977-01-01","1996-01-01","0.0","0.0","['Faye Dunaway', 'Peter Finch']","Lisa Kudrow","['Faye Dunaway', 'Peter Finch']","Lisa Kudrow","0.0","0.0","Network","Friends","network","friends","0.0","0.0"
"RuleBasedMatcher","actors_50","golden_globes_404","0.0","","1977-01-01","2004-01-01","1977-01-01","2004-01-01","0.0","0.0","['Faye Dunaway', 'Peter Finch']","Matt LeBlanc","['Faye Dunaway', 'Peter Finch']","Matt LeBlanc","0.0","0.0","Network","Friends","network","friends","0.0","0.0"
"RuleBasedMatcher","actors_50","golden_globes_439","0.0","","1977-01-01","2003-01-01","1977-01-01","2003-01-01","0.0","0.0","['Faye Dunaway', 'Peter Finch']","['Jennifer Aniston', 'Matt LeBlanc']","['Faye Dunaway', 'Peter Finch']","['Jennifer Aniston', 'Matt LeBlanc']","0.0","0.0","Network","Friends","network","friends","0.0","0.0"
"RuleBasedMatcher","actors_50","golden_globes_506","0.0","","1977-01-01","2002-01-01","1977-01-01","2002-01-01","0.0","0.0","['Faye Dunaway', 'Peter Finch']","Jennifer Aniston","['Faye Dunaway', 'Peter Finch']","Jennifer Aniston","0.0","0.0","Network","Friends","network","friends","0.0","0.0"
"RuleBasedMatcher","actors_50","golden_globes_232","0.0","","1977-01-01","2007-01-01","1977-01-01","2007-01-01","0.0","0.0","['Faye Dunaway', 'Peter Finch']","Evangeline Lilly","['Faye Dunaway', 'Peter Finch']","Evangeline Lilly","0.0","0.0","Network","Lost","network","lost","0.0","0.0"
"RuleBasedMatcher","actors_50","golden_globes_293","0.0","","1977-01-01","2006-01-01","1977-01-01","2006-01-01","0.0","0.0","['Faye Dunaway', 'Peter Finch']","['Matthew Fox', 'Naveen Andrews']","['Faye Dunaway', 'Peter Finch']","['Matthew Fox', 'Naveen Andrews']","0.0","0.0","Network","Lost","network","lost","0.0","0.0"
"RuleBasedMatcher","actors_50","golden_globes_98","0.0","","1977-01-01","2010-01-01","1977-01-01","2010-01-01","0.0","0.0","['Faye Dunaway', 'Peter Finch']","Michael Emerson","['Faye Dunaway', 'Peter Finch']","Michael Emerson","0.0","0.0","Network","Lost","network","lost","0.0","0.0"
"RuleBasedMatcher","actors_50","golden_globes_978","0.0","","1977-01-01","1992-01-01","1977-01-01","1992-01-01","0.0","0.0","['Faye Dunaway', 'Peter Finch']","Ellen Barkin","['Faye Dunaway', 'Peter Finch']","Ellen Barkin","0.0","0.0","Network","Switch","network","switch","0.0","0.0"
"RuleBasedMatcher","actors_50","golden_globes_236","0.0","","1977-01-01","2007-01-01","1977-01-01","2007-01-01","0.0","0.0","['Faye Dunaway', 'Peter Finch']","Hugh Laurie","['Faye Dunaway', 'Peter Finch']","Hugh Laurie","0.0","0.0","Network","House","network","house","0.0","0.0"
"RuleBasedMatcher","actors_50","golden_globes_29","0.0","","1977-01-01","2011-01-01","1977-01-01","2011-01-01","0.0","0.0","['Faye Dunaway', 'Peter Finch']","Hugh Laurie","['Faye Dunaway', 'Peter Finch']","Hugh Laurie","0.0","0.0","Network","House","network","house","0.0","0.0"
"RuleBasedMatcher","actors_50","golden_globes_80","0.0","","1977-01-01","2010-01-01","1977-01-01","2010-01-01","0.0","0.0","['Faye Dunaway', 'Peter Finch']","Hugh Laurie","['Faye Dunaway', 'Peter Finch']","Hugh Laurie","0.0","0.0","Network","House","network","house","0.0","0.0"
"RuleBasedMatcher","actors_50","golden_globes_129","0.0","","1977-01-01","2009-01-01","1977-01-01","2009-01-01","0.0","0.0","['Faye Dunaway', 'Peter Finch']","Hugh Laurie","['Faye Dunaway', 'Peter Finch']","Hugh Laurie","0.0","0.0","Network","House","network","house","0.0","0.0"
"RuleBasedMatcher","actors_50","golden_globes_294","0.0","","1977-01-01","2006-01-01","1977-01-01","2006-01-01","0.0","0.0","['Faye Dunaway', 'Peter Finch']","Hugh Laurie","['Faye Dunaway', 'Peter Finch']","Hugh Laurie","0.0","0.0","Network","House","network","house","0.0","0.0"
"RuleBasedMatcher","actors_50","golden_globes_180","0.0","","1977-01-01","2008-01-01","1977-01-01","2008-01-01","0.0","0.0","['Faye Dunaway', 'Peter Finch']","Hugh Laurie","['Faye Dunaway', 'Peter Finch']","Hugh Laurie","0.0","0.0","Network","House","network","house","0.0","0.0"
"RuleBasedMatcher","actors_51","golden_globes_1656","0.95","","1978-01-01","1978-01-01","1978-01-01","1978-01-01","1.0","1.0","Diane Keaton","['Diane Keaton', 'Woody Allen']","Diane Keaton","['Diane Keaton', 'Woody Allen']","0.5","0.5","Annie Hall","Annie Hall","annie hall","annie hall","1.0","1.0"
"RuleBasedMatcher","actors_51","golden_globes_609","0.16666666666666666","","1978-01-01","2000-01-01","1978-01-01","2000-01-01","0.0","0.0","Diane Keaton","Kathy Bates","diane keaton","kathy bates","0.0","0.0","Annie Hall","Annie","annie hall","annie","0.5","0.5"
"RuleBasedMatcher","actors_51","golden_globes_1439","0.16666666666666666","","1978-01-01","1983-01-01","1978-01-01","1983-01-01","0.0","0.0","Diane Keaton","['Carol Burnett', 'Aileen Quinn']","Diane Keaton","['Carol Burnett', 'Aileen Quinn']","0.0","0.0","Annie Hall","Annie","annie hall","annie","0.5","0.5"
"RuleBasedMatcher","actors_51","golden_globes_498","0.0","","1978-01-01","2002-01-01","1978-01-01","2002-01-01","0.0","0.0","Diane Keaton","['Hannah Taylor Gordon', 'Ben Kingsley']","Diane Keaton","['Hannah Taylor Gordon', 'Ben Kingsley']","0.0","0.0","Annie Hall","Anne Frank","annie hall","anne frank","0.0","0.0"
"RuleBasedMatcher","actors_51","golden_globes_1471","0.0","","1978-01-01","1983-01-01","1978-01-01","1983-01-01","0.0","0.0","Diane Keaton","Ann Jillian","diane keaton","ann jillian","0.0","0.0","Annie Hall","Mae West","annie hall","mae west","0.0","0.0"
"RuleBasedMatcher","actors_51","golden_globes_41","0.0","","1978-01-01","2011-01-01","1978-01-01","2011-01-01","0.0","0.0","Diane Keaton","Romola Garai","diane keaton","romola garai","0.0","0.0","Annie Hall","Emma","annie hall","emma","0.0","0.0"
"RuleBasedMatcher","actors_51","golden_globes_1181","0.0","","1978-01-01","1988-01-01","1978-01-01","1988-01-01","0.0","0.0","Diane Keaton","Sally Kirkland","diane keaton","sally kirkland","0.0","0.0","Annie Hall","Anna","annie hall","anna","0.0","0.0"
"RuleBasedMatcher","actors_51","golden_globes_1701","0.0","","1978-01-01","1977-01-01","1978-01-01","1977-01-01","0.0","0.0","Diane Keaton","Piper Laurie","diane keaton","piper laurie","0.0","0.0","Annie Hall","Carrie","annie hall","carrie","0.0","0.0"
"RuleBasedMatcher","actors_51","golden_globes_1084","0.0","","1978-01-01","1990-01-01","1978-01-01","1990-01-01","0.0","0.0","Diane Keaton","Pauline Collins","diane keaton","pauline collins","0.0","0.0","Annie Hall","Shirley Valentine","annie hall","shirley valentine","0.0","0.0"
"RuleBasedMatcher","actors_51","golden_globes_670","0.0","","1978-01-01","1998-01-01","1978-01-01","1998-01-01","0.0","0.0","Diane Keaton","Joey Lauren Adams","diane keaton","joey lauren adams","0.0","0.0","Annie Hall","Chasing Amy","annie hall","chasing amy","0.0","0.0"
"RuleBasedMatcher","actors_51","golden_globes_1740","0.0","","1978-01-01","1976-01-01","1978-01-01","1976-01-01","0.0","0.0","Diane Keaton","Ann-Margret","diane keaton","ann-margret","0.0","0.0","Annie Hall","Tommy","annie hall","tommy","0.0","0.0"
"RuleBasedMatcher","actors_51","golden_globes_690","0.0","","1978-01-01","1998-01-01","1978-01-01","1998-01-01","0.0","0.0","Diane Keaton","['Ellen DeGeneres', 'Joely Fisher']","Diane Keaton","['Ellen DeGeneres', 'Joely Fisher']","0.0","0.0","Annie Hall","Ellen","annie hall","ellen","0.0","0.0"
"RuleBasedMatcher","actors_51","golden_globes_791","0.0","","1978-01-01","1996-01-01","1978-01-01","1996-01-01","0.0","0.0","Diane Keaton","Ellen DeGeneres","diane keaton","ellen degeneres","0.0","0.0","Annie Hall","Ellen","annie hall","ellen","0.0","0.0"
"RuleBasedMatcher","actors_51","golden_globes_845","0.0","","1978-01-01","1995-01-01","1978-01-01","1995-01-01","0.0","0.0","Diane Keaton","Ellen DeGeneres","diane keaton","ellen degeneres","0.0","0.0","Annie Hall","Ellen","annie hall","ellen","0.0","0.0"
"RuleBasedMatcher","actors_51","golden_globes_2222","0.0","","1978-01-01","1954-01-01","1978-01-01","1954-01-01","0.0","0.0","Diane Keaton","Spencer Tracy","diane keaton","spencer tracy","0.0","0.0","Annie Hall","Actress, The","annie hall","actress, the","0.0","0.0"
"RuleBasedMatcher","actors_51","golden_globes_14","0.0","","1978-01-01","2011-01-01","1978-01-01","2011-01-01","0.0","0.0","Diane Keaton","Johnny Depp","diane keaton","johnny depp","0.0","0.0","Annie Hall","Alice in Wonderland","annie hall","alice in wonderland","0.0","0.0"
"RuleBasedMatcher","actors_51","golden_globes_583","0.0","","1978-01-01","2000-01-01","1978-01-01","2000-01-01","0.0","0.0","Diane Keaton","Tom Cruise","diane keaton","tom cruise","0.0","0.0","Annie Hall","Magnolia","annie hall","magnolia","0.0","0.0"
"RuleBasedMatcher","actors_51","golden_globes_1566","0.0","","1978-01-01","1980-01-01","1978-01-01","1980-01-01","0.0","0.0","Diane Keaton","Sally Field","diane keaton","sally field","0.0","0.0","Annie Hall","Norma Rae","annie hall","norma rae","0.0","0.0"
"RuleBasedMatcher","actors_51","golden_globes_913","0.0","","1978-01-01","1994-01-01","1978-01-01","1994-01-01","0.0","0.0","Diane Keaton","Ann-Margret","diane keaton","ann-margret","0.0","0.0","Annie Hall","Alex Haley's Queen","annie hall","alex haley's queen","0.0","0.0"
"RuleBasedMatcher","actors_51","golden_globes_2042","0.0","","1978-01-01","1965-01-01","1978-01-01","1965-01-01","0.0","0.0","Diane Keaton","Dick Van Dyke","diane keaton","dick van dyke","0.0","0.0","Annie Hall","Mary Poppins","annie hall","mary poppins","0.0","0.0"
"RuleBasedMatcher","actors_52","golden_globes_1608","0.9666666666666666","","1979-01-01","1979-01-01","1979-01-01","1979-01-01","1.0","1.0","['Jane Fonda', 'Jon Voight']","['Jane Fonda', 'Jon Voight', 'Bruce Dern']","['Jane Fonda', 'Jon Voight']","['Jane Fonda', 'Jon Voight', 'Bruce Dern']","0.6666666666666666","0.6666666666666666","Coming Home","Coming Home","coming home","coming home","1.0","1.0"
"RuleBasedMatcher","actors_52","golden_globes_1907","0.1111111111111111","0","1979-01-01","1972-01-01","1979-01-01","1972-01-01","0.0","0.0","['Jane Fonda', 'Jon Voight']","Jan-Michael Vincent","['Jane Fonda', 'Jon Voight']","Jan-Michael Vincent","0.0","0.0","Coming Home","Going Home","coming home","going home","0.3333333333333333","0.3333333333333333"
"RuleBasedMatcher","actors_52","golden_globes_1035","0.1111111111111111","","1979-01-01","1991-01-01","1979-01-01","1991-01-01","0.0","0.0","['Jane Fonda', 'Jon Voight']","Macaulay Culkin","['Jane Fonda', 'Jon Voight']","Macaulay Culkin","0.0","0.0","Coming Home","Home Alone","coming home","home alone","0.3333333333333333","0.3333333333333333"
"RuleBasedMatcher","actors_52","golden_globes_80","0.0","","1979-01-01","2010-01-01","1979-01-01","2010-01-01","0.0","0.0","['Jane Fonda', 'Jon Voight']","Hugh Laurie","['Jane Fonda', 'Jon Voight']","Hugh Laurie","0.0","0.0","Coming Home","House","coming home","house","0.0","0.0"
"RuleBasedMatcher","actors_52","golden_globes_129","0.0","","1979-01-01","2009-01-01","1979-01-01","2009-01-01","0.0","0.0","['Jane Fonda', 'Jon Voight']","Hugh Laurie","['Jane Fonda', 'Jon Voight']","Hugh Laurie","0.0","0.0","Coming Home","House","coming home","house","0.0","0.0"
"RuleBasedMatcher","actors_52","golden_globes_180","0.0","","1979-01-01","2008-01-01","1979-01-01","2008-01-01","0.0","0.0","['Jane Fonda', 'Jon Voight']","Hugh Laurie","['Jane Fonda', 'Jon Voight']","Hugh Laurie","0.0","0.0","Coming Home","House","coming home","house","0.0","0.0"
"RuleBasedMatcher","actors_52","golden_globes_236","0.0","","1979-01-01","2007-01-01","1979-01-01","2007-01-01","0.0","0.0","['Jane Fonda', 'Jon Voight']","Hugh Laurie","['Jane Fonda', 'Jon Voight']","Hugh Laurie","0.0","0.0","Coming Home","House","coming home","house","0.0","0.0"
"RuleBasedMatcher","actors_52","golden_globes_29","0.0","","1979-01-01","2011-01-01","1979-01-01","2011-01-01","0.0","0.0","['Jane Fonda', 'Jon Voight']","Hugh Laurie","['Jane Fonda', 'Jon Voight']","Hugh Laurie","0.0","0.0","Coming Home","House","coming home","house","0.0","0.0"
"RuleBasedMatcher","actors_52","golden_globes_294","0.0","","1979-01-01","2006-01-01","1979-01-01","2006-01-01","0.0","0.0","['Jane Fonda', 'Jon Voight']","Hugh Laurie","['Jane Fonda', 'Jon Voight']","Hugh Laurie","0.0","0.0","Coming Home","House","coming home","house","0.0","0.0"
"RuleBasedMatcher","actors_52","golden_globes_1575","0.0","","1979-01-01","1980-01-01","1979-01-01","1980-01-01","0.0","0.0","['Jane Fonda', 'Jon Voight']","['Shirley MacLaine', 'Peter Sellers', 'Melvyn Douglas']","['Jane Fonda', 'Jon Voight']","['Shirley MacLaine', 'Peter Sellers', 'Melvyn Douglas']","0.0","0.0","Coming Home","Being There","coming home","being there","0.0","0.0"
"RuleBasedMatcher","actors_52","golden_globes_1520","0.0","","1979-01-01","1982-01-01","1979-01-01","1982-01-01","0.0","0.0","['Jane Fonda', 'Jon Voight']","Timothy Hutton","['Jane Fonda', 'Jon Voight']","Timothy Hutton","0.0","0.0","Coming Home","Long Way Home, a","coming home","long way home, a","0.0","0.0"
"RuleBasedMatcher","actors_52","golden_globes_2071","0.0","","1979-01-01","1964-01-01","1979-01-01","1964-01-01","0.0","0.0","['Jane Fonda', 'Jon Voight']","Alberto Sordi","['Jane Fonda', 'Jon Voight']","Alberto Sordi","0.0","0.0","Coming Home","To Bed","coming home","to bed","0.0","0.0"
"RuleBasedMatcher","actors_52","golden_globes_2277","0.0","","1979-01-01","1945-01-01","1979-01-01","1945-01-01","0.0","0.0","['Jane Fonda', 'Jon Voight']","Barry Fitzgerald","['Jane Fonda', 'Jon Voight']","Barry Fitzgerald","0.0","0.0","Coming Home","Going My Way","coming home","going my way","0.0","0.0"
"RuleBasedMatcher","actors_52","golden_globes_2167","0.08333333333333333","","1979-01-01","1959-01-01","1979-01-01","1959-01-01","0.0","0.0","['Jane Fonda', 'Jon Voight']","['Jean Simmons', 'Efrem Zimbalist Jr.']","['Jane Fonda', 'Jon Voight']","['Jean Simmons', 'Efrem Zimbalist Jr.']","0.0","0.0","Coming Home","Home Before Dark","coming home","home before dark","0.25","0.25"
"RuleBasedMatcher","actors_52","golden_globes_1649","0.0","","1979-01-01","1978-01-01","1979-01-01","1978-01-01","0.0","0.0","['Jane Fonda', 'Jon Voight']","['Gena Rowlands', 'Joan Blondell']","['Jane Fonda', 'Jon Voight']","['Gena Rowlands', 'Joan Blondell']","0.0","0.0","Coming Home","Opening Night","coming home","opening night","0.0","0.0"
"RuleBasedMatcher","actors_52","golden_globes_1115","0.06666666666666667","","1979-01-01","1990-01-01","1979-01-01","1990-01-01","0.0","0.0","['Jane Fonda', 'Jon Voight']","Christine Lahti","['Jane Fonda', 'Jon Voight']","Christine Lahti","0.0","0.0","Coming Home","No Place Like Home","coming home","no place like home","0.2","0.2"
"RuleBasedMatcher","actors_52","golden_globes_1574","0.0","","1979-01-01","1980-01-01","1979-01-01","1980-01-01","0.0","0.0","['Jane Fonda', 'Jon Voight']","['Jill Clayburgh', 'Burt Reynolds', 'Candice Bergen']","['Jane Fonda', 'Jon Voight']","['Jill Clayburgh', 'Burt Reynolds', 'Candice Bergen']","0.0","0.0","Coming Home","Starting Over","coming home","starting over","0.0","0.0"
"RuleBasedMatcher","actors_52","golden_globes_1016","0.0","","1979-01-01","1992-01-01","1979-01-01","1992-01-01","0.0","0.0","['Jane Fonda', 'Jon Voight']","Sammi Davis-Voss","['Jane Fonda', 'Jon Voight']","Sammi Davis-Voss","0.0","0.0","Coming Home","Homefront","coming home","homefront","0.0","0.0"
"RuleBasedMatcher","actors_52","golden_globes_2258","0.05555555555555555","","1979-01-01","1951-01-01","1979-01-01","1951-01-01","0.0","0.0","['Jane Fonda', 'Jon Voight']","Dan Dailey","['Jane Fonda', 'Jon Voight']","Dan Dailey","0.0","0.0","Coming Home","When Willie Comes Marching Home","coming home","when willie comes marching home","0.16666666666666666","0.16666666666666666"
"RuleBasedMatcher","actors_52","golden_globes_1983","0.05555555555555555","","1979-01-01","1968-01-01","1979-01-01","1968-01-01","0.0","0.0","['Jane Fonda', 'Jon Voight']","['Katharine Hepburn', 'Spencer Tracy', 'Beah Richards']","['Jane Fonda', 'Jon Voight']","['Katharine Hepburn', 'Spencer Tracy', 'Beah Richards']","0.0","0.0","Coming Home","Guess Who's Coming To Dinner","coming home","guess who's coming to dinner","0.16666666666666666","0.16666666666666666"
"RuleBasedMatcher","actors_53","golden_globes_1566","0.9999999999999999","","1980-01-01","1980-01-01","1980-01-01","1980-01-01","1.0","1.0","Sally Field","Sally Field","sally field","sally field","1.0","1.0","Norma Rae","Norma Rae","norma rae","norma rae","1.0","1.0"
"RuleBasedMatcher","actors_53","golden_globes_750","0.06666666666666667","","1980-01-01","1997-01-01","1980-01-01","1997-01-01","0.0","0.0","Sally Field","['Ashley Judd', 'Mira Sorvino']","Sally Field","['Ashley Judd', 'Mira Sorvino']","0.0","0.0","Norma Rae","Norma Jean and Marilyn","norma rae","norma jean and marilyn","0.2","0.2"
"RuleBasedMatcher","actors_53","golden_globes_1471","0.0","","1980-01-01","1983-01-01","1980-01-01","1983-01-01","0.0","0.0","Sally Field","Ann Jillian","sally field","ann jillian","0.0","0.0","Norma Rae","Mae West","norma rae","mae west","0.0","0.0"
"RuleBasedMatcher","actors_53","golden_globes_861","0.0","","1980-01-01","1995-01-01","1980-01-01","1995-01-01","0.0","0.0","Sally Field","Tyne Daly","sally field","tyne daly","0.0","0.0","Norma Rae","Christy","norma rae","christy","0.0","0.0"
"RuleBasedMatcher","actors_53","golden_globes_1381","0.0","","1980-01-01","1985-01-01","1980-01-01","1985-01-01","0.0","0.0","Sally Field","Pierce Brosnan","sally field","pierce brosnan","0.0","0.0","Norma Rae","Nancy Astor","norma rae","nancy astor","0.0","0.0"
"RuleBasedMatcher","actors_53","golden_globes_1597","0.3333333333333333","","1980-01-01","1980-01-01","1980-01-01","1980-01-01","1.0","1.0","Sally Field","Donna Pescow","sally field","donna pescow","0.0","0.0","Norma Rae","Angie","norma rae","angie","0.0","0.0"
"RuleBasedMatcher","actors_53","golden_globes_1518","0.0","","1980-01-01","1982-01-01","1980-01-01","1982-01-01","0.0","0.0","Sally Field","Jaclyn Smith","sally field","jaclyn smith","0.0","0.0","Norma Rae","Jacqueline Bouvier Kennedy","norma rae","jacqueline bouvier kennedy","0.0","0.0"
"RuleBasedMatcher","actors_53","golden_globes_1656","0.0","","1980-01-01","1978-01-01","1980-01-01","1978-01-01","0.0","0.0","Sally Field","['Diane Keaton', 'Woody Allen']","Sally Field","['Diane Keaton', 'Woody Allen']","0.0","0.0","Norma Rae","Annie Hall","norma rae","annie hall","0.0","0.0"
"RuleBasedMatcher","actors_53","golden_globes_2222","0.0","","1980-01-01","1954-01-01","1980-01-01","1954-01-01","0.0","0.0","Sally Field","Spencer Tracy","sally field","spencer tracy","0.0","0.0","Norma Rae","Actress, The","norma rae","actress, the","0.0","0.0"
"RuleBasedMatcher","actors_53","golden_globes_183","0.0","","1980-01-01","2008-01-01","1980-01-01","2008-01-01","0.0","0.0","Sally Field","Christina Applegate","sally field","christina applegate","0.0","0.0","Norma Rae","Samantha Who","norma rae","samantha who","0.0","0.0"
"RuleBasedMatcher","actors_53","golden_globes_131","0.0","","1980-01-01","2009-01-01","1980-01-01","2009-01-01","0.0","0.0","Sally Field","Christina Applegate","sally field","christina applegate","0.0","0.0","Norma Rae","Samantha Who","norma rae","samantha who","0.0","0.0"
"RuleBasedMatcher","actors_53","golden_globes_1701","0.0","","1980-01-01","1977-01-01","1980-01-01","1977-01-01","0.0","0.0","Sally Field","Piper Laurie","sally field","piper laurie","0.0","0.0","Norma Rae","Carrie","norma rae","carrie","0.0","0.0"
"RuleBasedMatcher","actors_53","golden_globes_1473","0.0","","1980-01-01","1983-01-01","1980-01-01","1983-01-01","0.0","0.0","Sally Field","Jean Stapleton","sally field","jean stapleton","0.0","0.0","Norma Rae","Eleanor, First Lady Of The World","norma rae","eleanor, first lady of the world","0.0","0.0"
"RuleBasedMatcher","actors_53","golden_globes_498","0.0","","1980-01-01","2002-01-01","1980-01-01","2002-01-01","0.0","0.0","Sally Field","['Hannah Taylor Gordon', 'Ben Kingsley']","Sally Field","['Hannah Taylor Gordon', 'Ben Kingsley']","0.0","0.0","Norma Rae","Anne Frank","norma rae","anne frank","0.0","0.0"
"RuleBasedMatcher","actors_53","golden_globes_1181","0.1111111111111111","","1980-01-01","1988-01-01","1980-01-01","1988-01-01","0.0","0.0","Sally Field","Sally Kirkland","sally field","sally kirkland","0.3333333333333333","0.3333333333333333","Norma Rae","Anna","norma rae","anna","0.0","0.0"
"RuleBasedMatcher","actors_53","golden_globes_31","0.0","","1980-01-01","2011-01-01","1980-01-01","2011-01-01","0.0","0.0","Sally Field","Edie Falco","sally field","edie falco","0.0","0.0","Norma Rae","Nurse Jackie","norma rae","nurse jackie","0.0","0.0"
"RuleBasedMatcher","actors_53","golden_globes_84","0.0","","1980-01-01","2010-01-01","1980-01-01","2010-01-01","0.0","0.0","Sally Field","Edie Falco","sally field","edie falco","0.0","0.0","Norma Rae","Nurse Jackie","norma rae","nurse jackie","0.0","0.0"
"RuleBasedMatcher","actors_53","golden_globes_791","0.0","","1980-01-01","1996-01-01","1980-01-01","1996-01-01","0.0","0.0","Sally Field","Ellen DeGeneres","sally field","ellen degeneres","0.0","0.0","Norma Rae","Ellen","norma rae","ellen","0.0","0.0"
"RuleBasedMatcher","actors_53","golden_globes_690","0.0","","1980-01-01","1998-01-01","1980-01-01","1998-01-01","0.0","0.0","Sally Field","['Ellen DeGeneres', 'Joely Fisher']","Sally Field","['Ellen DeGeneres', 'Joely Fisher']","0.0","0.0","Norma Rae","Ellen","norma rae","ellen","0.0","0.0"
"RuleBasedMatcher","actors_53","golden_globes_845","0.0","","1980-01-01","1995-01-01","1980-01-01","1995-01-01","0.0","0.0","Sally Field","Ellen DeGeneres","sally field","ellen degeneres","0.0","0.0","Norma Rae","Ellen","norma rae","ellen","0.0","0.0"
"RuleBasedMatcher","actors_54","golden_globes_1541","0.5952380952380952","1","1981-01-01","1981-01-01","1981-01-01","1981-01-01","1.0","1.0","Sissy Spacek","['Sissy Spacek', 'Tommy Lee Jones', "Beverly D'Angelo"]","Sissy Spacek","['Sissy Spacek', 'Tommy Lee Jones', "Beverly D'Angelo"]","0.2857142857142857","0.2857142857142857","Coal Miner�s Daughter","Coal Miner's Daughter","coal miner�s daughter","coal miner's daughter","0.5","0.5"
"RuleBasedMatcher","actors_54","golden_globes_551","0.0","","1981-01-01","2001-01-01","1981-01-01","2001-01-01","0.0","0.0","Sissy Spacek","Christine Lahti","sissy spacek","christine lahti","0.0","0.0","Coal Miner�s Daughter","American Daughter, An","coal miner�s daughter","american daughter, an","0.0","0.0"
"RuleBasedMatcher","actors_54","golden_globes_1913","0.08333333333333333","","1981-01-01","1971-01-01","1981-01-01","1971-01-01","0.0","0.0","Sissy Spacek","['Sarah Miles', 'Trevor Howard', 'John Mills']","Sissy Spacek","['Sarah Miles', 'Trevor Howard', 'John Mills']","0.0","0.0","Coal Miner�s Daughter","Ryan's Daughter","coal miner�s daughter","ryan's daughter","0.25","0.25"
"RuleBasedMatcher","actors_54","golden_globes_256","0.08333333333333333","","1981-01-01","2007-01-01","1981-01-01","2007-01-01","0.0","0.0","Sissy Spacek","['Bill Nighy', 'Emily Blunt']","Sissy Spacek","['Bill Nighy', 'Emily Blunt']","0.0","0.0","Coal Miner�s Daughter","Gideon's Daughter","coal miner�s daughter","gideon's daughter","0.25","0.25"
"RuleBasedMatcher","actors_54","golden_globes_1136","0.0","","1981-01-01","1989-01-01","1981-01-01","1989-01-01","0.0","0.0","Sissy Spacek","['Melanie Griffith', 'Sigourney Weaver']","Sissy Spacek","['Melanie Griffith', 'Sigourney Weaver']","0.0","0.0","Coal Miner�s Daughter","Working Girl","coal miner�s daughter","working girl","0.0","0.0"
"RuleBasedMatcher","actors_54","golden_globes_131","0.0","","1981-01-01","2009-01-01","1981-01-01","2009-01-01","0.0","0.0","Sissy Spacek","Christina Applegate","sissy spacek","christina applegate","0.0","0.0","Coal Miner�s Daughter","Samantha Who","coal miner�s daughter","samantha who","0.0","0.0"
"RuleBasedMatcher","actors_54","golden_globes_183","0.0","","1981-01-01","2008-01-01","1981-01-01","2008-01-01","0.0","0.0","Sissy Spacek","Christina Applegate","sissy spacek","christina applegate","0.0","0.0","Coal Miner�s Daughter","Samantha Who","coal miner�s daughter","samantha who","0.0","0.0"
"RuleBasedMatcher","actors_54","golden_globes_721","0.0","","1981-01-01","1997-01-01","1981-01-01","1997-01-01","0.0","0.0","Sissy Spacek","Debbie Reynolds","sissy spacek","debbie reynolds","0.0","0.0","Coal Miner�s Daughter","Mother","coal miner�s daughter","mother","0.0","0.0"
"RuleBasedMatcher","actors_54","golden_globes_852","0.0","","1981-01-01","1995-01-01","1981-01-01","1995-01-01","0.0","0.0","Sissy Spacek","Kirstie Alley","sissy spacek","kirstie alley","0.0","0.0","Coal Miner�s Daughter","David's Mother","coal miner�s daughter","david's mother","0.0","0.0"
"RuleBasedMatcher","actors_54","golden_globes_193","0.0","","1981-01-01","2008-01-01","1981-01-01","2008-01-01","0.0","0.0","Sissy Spacek","Debra Messing","sissy spacek","debra messing","0.0","0.0","Coal Miner�s Daughter","Starter Wife, The","coal miner�s daughter","starter wife, the","0.0","0.0"
"RuleBasedMatcher","actors_54","golden_globes_134","0.0","","1981-01-01","2009-01-01","1981-01-01","2009-01-01","0.0","0.0","Sissy Spacek","Debra Messing","sissy spacek","debra messing","0.0","0.0","Coal Miner�s Daughter","Starter Wife, The","coal miner�s daughter","starter wife, the","0.0","0.0"
"RuleBasedMatcher","actors_54","golden_globes_2228","0.0","","1981-01-01","1953-01-01","1981-01-01","1953-01-01","0.0","0.0","Sissy Spacek","Olivia de Havilland","sissy spacek","olivia de havilland","0.0","0.0","Coal Miner�s Daughter","My Cousin Rachel","coal miner�s daughter","my cousin rachel","0.0","0.0"
"RuleBasedMatcher","actors_54","golden_globes_2222","0.0","","1981-01-01","1954-01-01","1981-01-01","1954-01-01","0.0","0.0","Sissy Spacek","Spencer Tracy","sissy spacek","spencer tracy","0.0","0.0","Coal Miner�s Daughter","Actress, The","coal miner�s daughter","actress, the","0.0","0.0"
"RuleBasedMatcher","actors_54","golden_globes_412","0.0","","1981-01-01","2004-01-01","1981-01-01","2004-01-01","0.0","0.0","Sissy Spacek","['Troy Garity', 'Lee Pace']","Sissy Spacek","['Troy Garity', 'Lee Pace']","0.0","0.0","Coal Miner�s Daughter","Soldier's Girl","coal miner�s daughter","soldier's girl","0.0","0.0"
"RuleBasedMatcher","actors_54","golden_globes_305","0.0","","1981-01-01","2006-01-01","1981-01-01","2006-01-01","0.0","0.0","Sissy Spacek","['Kelly MacDonald', 'Bill Nighy']","Sissy Spacek","['Kelly MacDonald', 'Bill Nighy']","0.0","0.0","Coal Miner�s Daughter","Girl In The Caf�, The","coal miner�s daughter","girl in the caf�, the","0.0","0.0"
"RuleBasedMatcher","actors_54","golden_globes_423","0.0","","1981-01-01","2003-01-01","1981-01-01","2003-01-01","0.0","0.0","Sissy Spacek","Goldie Hawn","sissy spacek","goldie hawn","0.0","0.0","Coal Miner�s Daughter","Banger Sisters, The","coal miner�s daughter","banger sisters, the","0.0","0.0"
"RuleBasedMatcher","actors_54","golden_globes_249","0.0","","1981-01-01","2007-01-01","1981-01-01","2007-01-01","0.0","0.0","Sissy Spacek","['Annette Bening', 'Ben Kingsley']","Sissy Spacek","['Annette Bening', 'Ben Kingsley']","0.0","0.0","Coal Miner�s Daughter","Mrs. Harris","coal miner�s daughter","mrs. harris","0.0","0.0"
"RuleBasedMatcher","actors_54","golden_globes_662","0.0","","1981-01-01","1998-01-01","1981-01-01","1998-01-01","0.0","0.0","Sissy Spacek","Judi Dench","sissy spacek","judi dench","0.0","0.0","Coal Miner�s Daughter","Mrs Brown","coal miner�s daughter","mrs brown","0.0","0.0"
"RuleBasedMatcher","actors_54","golden_globes_1526","0.0","","1981-01-01","1982-01-01","1981-01-01","1982-01-01","0.0","0.0","Sissy Spacek","['Beth Howland', 'Vic Tayback']","Sissy Spacek","['Beth Howland', 'Vic Tayback']","0.0","0.0","Coal Miner�s Daughter","Alice","coal miner�s daughter","alice","0.0","0.0"
"RuleBasedMatcher","actors_54","golden_globes_1030","0.0","","1981-01-01","1991-01-01","1981-01-01","1991-01-01","0.0","0.0","Sissy Spacek","Mia Farrow","sissy spacek","mia farrow","0.0","0.0","Coal Miner�s Daughter","Alice","coal miner�s daughter","alice","0.0","0.0"
"RuleBasedMatcher","actors_55","golden_globes_1482","0.9666666666666666","","1982-01-01","1982-01-01","1982-01-01","1982-01-01","1.0","1.0","['Katharine Hepburn', 'Henry Fonda']","['Katharine Hepburn', 'Henry Fonda', 'Jane Fonda']","['Katharine Hepburn', 'Henry Fonda']","['Katharine Hepburn', 'Henry Fonda', 'Jane Fonda']","0.6666666666666666","0.6666666666666666","On Golden Pond","On Golden Pond","on golden pond","on golden pond","1.0","1.0"
"RuleBasedMatcher","actors_55","golden_globes_2217","0.06666666666666667","","1982-01-01","1955-01-01","1982-01-01","1955-01-01","0.0","0.0","['Katharine Hepburn', 'Henry Fonda']","Marlon Brando","['Katharine Hepburn', 'Henry Fonda']","Marlon Brando","0.0","0.0","On Golden Pond","On The Waterfront","on golden pond","on the waterfront","0.2","0.2"
"RuleBasedMatcher","actors_55","golden_globes_553","0.06666666666666667","","1982-01-01","2001-01-01","1982-01-01","2001-01-01","0.0","0.0","['Katharine Hepburn', 'Henry Fonda']","Rachel Ward","['Katharine Hepburn', 'Henry Fonda']","Rachel Ward","0.0","0.0","On Golden Pond","On The Beach","on golden pond","on the beach","0.2","0.2"
"RuleBasedMatcher","actors_55","golden_globes_2160","0.06666666666666667","","1982-01-01","1960-01-01","1982-01-01","1960-01-01","0.0","0.0","['Katharine Hepburn', 'Henry Fonda']","Fred Astaire","['Katharine Hepburn', 'Henry Fonda']","Fred Astaire","0.0","0.0","On Golden Pond","On The Beach","on golden pond","on the beach","0.2","0.2"
"RuleBasedMatcher","actors_55","golden_globes_770","0.0","","1982-01-01","1996-01-01","1982-01-01","1996-01-01","0.0","0.0","['Katharine Hepburn', 'Henry Fonda']","Vanessa Redgrave","['Katharine Hepburn', 'Henry Fonda']","Vanessa Redgrave","0.0","0.0","On Golden Pond","Month By The Lake, a","on golden pond","month by the lake, a","0.0","0.0"
"RuleBasedMatcher","actors_55","golden_globes_1402","0.0","","1982-01-01","1984-01-01","1982-01-01","1984-01-01","0.0","0.0","['Katharine Hepburn', 'Henry Fonda']","Joanna Pacula","['Katharine Hepburn', 'Henry Fonda']","Joanna Pacula","0.0","0.0","On Golden Pond","Gorky Park","on golden pond","gorky park","0.0","0.0"
"RuleBasedMatcher","actors_55","golden_globes_2138","0.0","","1982-01-01","1961-01-01","1982-01-01","1961-01-01","0.0","0.0","['Katharine Hepburn', 'Henry Fonda']","Ina Balin","['Katharine Hepburn', 'Henry Fonda']","Ina Balin","0.0","0.0","On Golden Pond","From The Terrace","on golden pond","from the terrace","0.0","0.0"
"RuleBasedMatcher","actors_55","golden_globes_1527","0.3333333333333333","","1982-01-01","1982-01-01","1982-01-01","1982-01-01","1.0","1.0","['Katharine Hepburn', 'Henry Fonda']","Herve Villechaize","['Katharine Hepburn', 'Henry Fonda']","Herve Villechaize","0.0","0.0","On Golden Pond","Fantasy Island","on golden pond","fantasy island","0.0","0.0"
"RuleBasedMatcher","actors_55","golden_globes_1971","0.0","","1982-01-01","1969-01-01","1982-01-01","1969-01-01","0.0","0.0","['Katharine Hepburn', 'Henry Fonda']","['Fred Astaire', 'Barbara Hancock']","['Katharine Hepburn', 'Henry Fonda']","['Fred Astaire', 'Barbara Hancock']","0.0","0.0","On Golden Pond","Finian's Rainbow","on golden pond","finian's rainbow","0.0","0.0"
"RuleBasedMatcher","actors_55","golden_globes_1837","0.0","","1982-01-01","1974-01-01","1982-01-01","1974-01-01","0.0","0.0","['Katharine Hepburn', 'Henry Fonda']","['James Stewart', 'Strother Martin']","['Katharine Hepburn', 'Henry Fonda']","['James Stewart', 'Strother Martin']","0.0","0.0","On Golden Pond","Hawkins","on golden pond","hawkins","0.0","0.0"
"RuleBasedMatcher","actors_55","golden_globes_2247","0.06666666666666667","","1982-01-01","1952-01-01","1982-01-01","1952-01-01","0.0","0.0","['Katharine Hepburn', 'Henry Fonda']","Danny Kaye","['Katharine Hepburn', 'Henry Fonda']","Danny Kaye","0.0","0.0","On Golden Pond","On The Riviera","on golden pond","on the riviera","0.2","0.2"
"RuleBasedMatcher","actors_55","golden_globes_2241","0.0","","1982-01-01","1952-01-01","1982-01-01","1952-01-01","0.0","0.0","['Katharine Hepburn', 'Henry Fonda']","Shelley Winters","['Katharine Hepburn', 'Henry Fonda']","Shelley Winters","0.0","0.0","On Golden Pond","Place In The Sun, a","on golden pond","place in the sun, a","0.0","0.0"
"RuleBasedMatcher","actors_55","golden_globes_39","0.0","","1982-01-01","2011-01-01","1982-01-01","2011-01-01","0.0","0.0","['Katharine Hepburn', 'Henry Fonda']","['Claire Danes', 'David Strathairn']","['Katharine Hepburn', 'Henry Fonda']","['Claire Danes', 'David Strathairn']","0.0","0.0","On Golden Pond","Temple Grandin","on golden pond","temple grandin","0.0","0.0"
"RuleBasedMatcher","actors_55","golden_globes_91","0.0","","1982-01-01","2010-01-01","1982-01-01","2010-01-01","0.0","0.0","['Katharine Hepburn', 'Henry Fonda']","['Drew Barrymore', 'Jessica Lange']","['Katharine Hepburn', 'Henry Fonda']","['Drew Barrymore', 'Jessica Lange']","0.0","0.0","On Golden Pond","Grey Gardens","on golden pond","grey gardens","0.0","0.0"
"RuleBasedMatcher","actors_55","golden_globes_1500","0.3333333333333333","","1982-01-01","1982-01-01","1982-01-01","1982-01-01","1.0","1.0","['Katharine Hepburn', 'Henry Fonda']","Morgan Fairchild","['Katharine Hepburn', 'Henry Fonda']","Morgan Fairchild","0.0","0.0","On Golden Pond","Flamingo Road","on golden pond","flamingo road","0.0","0.0"
"RuleBasedMatcher","actors_55","golden_globes_1329","0.0","","1982-01-01","1985-01-01","1982-01-01","1985-01-01","0.0","0.0","['Katharine Hepburn', 'Henry Fonda']","Sissy Spacek","['Katharine Hepburn', 'Henry Fonda']","Sissy Spacek","0.0","0.0","On Golden Pond","River, The","on golden pond","river, the","0.0","0.0"
"RuleBasedMatcher","actors_55","golden_globes_532","0.0","","1982-01-01","2001-01-01","1982-01-01","2001-01-01","0.0","0.0","['Katharine Hepburn', 'Henry Fonda']","","['Katharine Hepburn', 'Henry Fonda']","","0.0","0.0","On Golden Pond","Sunshine","on golden pond","sunshine","0.0","0.0"
"RuleBasedMatcher","actors_55","golden_globes_2187","0.041666666666666664","","1982-01-01","1958-01-01","1982-01-01","1958-01-01","0.0","0.0","['Katharine Hepburn', 'Henry Fonda']","['Alec Guinness', 'Sessue Hayakawa']","['Katharine Hepburn', 'Henry Fonda']","['Alec Guinness', 'Sessue Hayakawa']","0.0","0.0","On Golden Pond","Bridge On The River Kwai, The","on golden pond","bridge on the river kwai, the","0.125","0.125"
"RuleBasedMatcher","actors_55","golden_globes_4","0.0","","1982-01-01","2011-01-01","1982-01-01","2011-01-01","0.0","0.0","['Katharine Hepburn', 'Henry Fonda']","['Natalie Portman', 'Mila Kunis']","['Katharine Hepburn', 'Henry Fonda']","['Natalie Portman', 'Mila Kunis']","0.0","0.0","On Golden Pond","Black Swan","on golden pond","black swan","0.0","0.0"
"RuleBasedMatcher","actors_55","golden_globes_372","0.0","","1982-01-01","2004-01-01","1982-01-01","2004-01-01","0.0","0.0","['Katharine Hepburn', 'Henry Fonda']","['Sean Penn', 'Tim Robbins']","['Katharine Hepburn', 'Henry Fonda']","['Sean Penn', 'Tim Robbins']","0.0","0.0","On Golden Pond","Mystic River","on golden pond","mystic river","0.0","0.0"
"RuleBasedMatcher","actors_56","golden_globes_1434","0.7777777777777777","1","1983-01-01","1983-01-01","1983-01-01","1983-01-01","1.0","1.0","Meryl Streep","Meryl Streep","meryl streep","meryl streep","1.0","1.0","Sophie�s Choice","Sophie's Choice","sophie�s choice","sophie's choice","0.3333333333333333","0.3333333333333333"
"RuleBasedMatcher","actors_56","golden_globes_2198","0.0","","1983-01-01","1957-01-01","1983-01-01","1957-01-01","0.0","0.0","Meryl Streep","['Ingrid Bergman', 'Helen Hayes']","Meryl Streep","['Ingrid Bergman', 'Helen Hayes']","0.0","0.0","Sophie�s Choice","Anastasia","sophie�s choice","anastasia","0.0","0.0"
"RuleBasedMatcher","actors_56","golden_globes_1271","0.0","","1983-01-01","1987-01-01","1983-01-01","1987-01-01","0.0","0.0","Meryl Streep","['Amy Irving', 'Olivia de Havilland', 'Jan Niklas']","Meryl Streep","['Amy Irving', 'Olivia de Havilland', 'Jan Niklas']","0.0","0.0","Sophie�s Choice","Anastasia: The Mystery Of Anna","sophie�s choice","anastasia: the mystery of anna","0.0","0.0"
"RuleBasedMatcher","actors_56","golden_globes_1181","0.0","","1983-01-01","1988-01-01","1983-01-01","1988-01-01","0.0","0.0","Meryl Streep","Sally Kirkland","meryl streep","sally kirkland","0.0","0.0","Sophie�s Choice","Anna","sophie�s choice","anna","0.0","0.0"
"RuleBasedMatcher","actors_56","golden_globes_1906","0.0","","1983-01-01","1972-01-01","1983-01-01","1972-01-01","0.0","0.0","Meryl Streep","Tom Baker","meryl streep","tom baker","0.0","0.0","Sophie�s Choice","Nicholas and Alexandra","sophie�s choice","nicholas and alexandra","0.0","0.0"
"RuleBasedMatcher","actors_56","golden_globes_41","0.0","","1983-01-01","2011-01-01","1983-01-01","2011-01-01","0.0","0.0","Meryl Streep","Romola Garai","meryl streep","romola garai","0.0","0.0","Sophie�s Choice","Emma","sophie�s choice","emma","0.0","0.0"
"RuleBasedMatcher","actors_56","golden_globes_1964","0.0","","1983-01-01","1969-01-01","1983-01-01","1969-01-01","0.0","0.0","Meryl Streep","Vanessa Redgrave","meryl streep","vanessa redgrave","0.0","0.0","Sophie�s Choice","Isadora","sophie�s choice","isadora","0.0","0.0"
"RuleBasedMatcher","actors_56","golden_globes_1240","0.0","","1983-01-01","1987-01-01","1983-01-01","1987-01-01","0.0","0.0","Meryl Streep","['Bob Hoskins', 'Cathy Tyson']","Meryl Streep","['Bob Hoskins', 'Cathy Tyson']","0.0","0.0","Sophie�s Choice","Mona Lisa","sophie�s choice","mona lisa","0.0","0.0"
"RuleBasedMatcher","actors_56","golden_globes_2029","0.0","","1983-01-01","1966-01-01","1983-01-01","1966-01-01","0.0","0.0","Meryl Streep","Red Buttons","meryl streep","red buttons","0.0","0.0","Sophie�s Choice","Harlow","sophie�s choice","harlow","0.0","0.0"
"RuleBasedMatcher","actors_56","golden_globes_771","0.0","","1983-01-01","1996-01-01","1983-01-01","1996-01-01","0.0","0.0","Meryl Streep","Harrison Ford","meryl streep","harrison ford","0.0","0.0","Sophie�s Choice","Sabrina","sophie�s choice","sabrina","0.0","0.0"
"RuleBasedMatcher","actors_56","golden_globes_2140","0.0","","1983-01-01","1961-01-01","1983-01-01","1961-01-01","0.0","0.0","Meryl Streep","Janet Leigh","meryl streep","janet leigh","0.0","0.0","Sophie�s Choice","Psycho","sophie�s choice","psycho","0.0","0.0"
"RuleBasedMatcher","actors_56","golden_globes_509","0.0","","1983-01-01","2001-01-01","1983-01-01","2001-01-01","0.0","0.0","Meryl Streep","Ellen Burstyn","meryl streep","ellen burstyn","0.0","0.0","Sophie�s Choice","Requiem For a Dream","sophie�s choice","requiem for a dream","0.0","0.0"
"RuleBasedMatcher","actors_56","golden_globes_1584","0.0","","1983-01-01","1980-01-01","1983-01-01","1980-01-01","0.0","0.0","Meryl Streep","Kate Mulgrew","meryl streep","kate mulgrew","0.0","0.0","Sophie�s Choice","Kate Columbo","sophie�s choice","kate columbo","0.0","0.0"
"RuleBasedMatcher","actors_56","golden_globes_1438","0.3333333333333333","","1983-01-01","1983-01-01","1983-01-01","1983-01-01","1.0","1.0","Meryl Streep","['Julie Andrews', 'Robert Preston', 'Lesley Ann Warren']","Meryl Streep","['Julie Andrews', 'Robert Preston', 'Lesley Ann Warren']","0.0","0.0","Sophie�s Choice","Victor/Victoria","sophie�s choice","victor/victoria","0.0","0.0"
"RuleBasedMatcher","actors_56","golden_globes_1286","0.0","","1983-01-01","1986-01-01","1983-01-01","1986-01-01","0.0","0.0","Meryl Streep","['William Hurt', 'Raul Julia', 'Sonia Braga']","Meryl Streep","['William Hurt', 'Raul Julia', 'Sonia Braga']","0.0","0.0","Sophie�s Choice","Kiss Of The Spider Woman","sophie�s choice","kiss of the spider woman","0.0","0.0"
"RuleBasedMatcher","actors_56","golden_globes_1355","0.0","","1983-01-01","1985-01-01","1983-01-01","1985-01-01","0.0","0.0","Meryl Streep","Kate Jackson","meryl streep","kate jackson","0.0","0.0","Sophie�s Choice","Scarecrow and Mrs. King","sophie�s choice","scarecrow and mrs. king","0.0","0.0"
"RuleBasedMatcher","actors_56","golden_globes_1205","0.0","","1983-01-01","1988-01-01","1983-01-01","1988-01-01","0.0","0.0","Meryl Streep","Linda Hamilton","meryl streep","linda hamilton","0.0","0.0","Sophie�s Choice","Beauty and The Beast","sophie�s choice","beauty and the beast","0.0","0.0"
"RuleBasedMatcher","actors_56","golden_globes_1152","0.0","","1983-01-01","1989-01-01","1983-01-01","1989-01-01","0.0","0.0","Meryl Streep","['Linda Hamilton', 'Ron Perlman']","Meryl Streep","['Linda Hamilton', 'Ron Perlman']","0.0","0.0","Sophie�s Choice","Beauty and The Beast","sophie�s choice","beauty and the beast","0.0","0.0"
"RuleBasedMatcher","actors_56","golden_globes_470","0.0","","1983-01-01","2002-01-01","1983-01-01","2002-01-01","0.0","0.0","Meryl Streep","Hugh Jackman","meryl streep","hugh jackman","0.0","0.0","Sophie�s Choice","Kate & Leopold","sophie�s choice","kate & leopold","0.0","0.0"
"RuleBasedMatcher","actors_56","golden_globes_195","0.0","","1983-01-01","2008-01-01","1983-01-01","2008-01-01","0.0","0.0","Meryl Streep","Ruth Wilson","meryl streep","ruth wilson","0.0","0.0","Sophie�s Choice","Jane Eyre","sophie�s choice","jane eyre","0.0","0.0"
"RuleBasedMatcher","actors_57","golden_globes_1384","0.9333333333333332","","1984-01-01","1984-01-01","1984-01-01","1984-01-01","1.0","1.0","Shirley MacLaine","['Shirley MacLaine', 'Debra Winger', 'Jack Nicholson']","Shirley MacLaine","['Shirley MacLaine', 'Debra Winger', 'Jack Nicholson']","0.3333333333333333","0.3333333333333333","Terms of Endearment","Terms Of Endearment","terms of endearment","terms of endearment","1.0","1.0"
"RuleBasedMatcher","actors_57","golden_globes_1364","0.0","","1984-01-01","1985-01-01","1984-01-01","1985-01-01","0.0","0.0","Shirley MacLaine","Susan Clark","shirley maclaine","susan clark","0.0","0.0","Terms of Endearment","Webster","terms of endearment","webster","0.0","0.0"
"RuleBasedMatcher","actors_57","golden_globes_96","0.0","","1984-01-01","2010-01-01","1984-01-01","2010-01-01","0.0","0.0","Shirley MacLaine","Chiwetel Ejiofor","shirley maclaine","chiwetel ejiofor","0.0","0.0","Terms of Endearment","Endgame","terms of endearment","endgame","0.0","0.0"
"RuleBasedMatcher","actors_57","golden_globes_1949","0.0","","1984-01-01","1970-01-01","1984-01-01","1970-01-01","0.0","0.0","Shirley MacLaine","Jean Simmons","shirley maclaine","jean simmons","0.0","0.0","Terms of Endearment","Happy Ending, The","terms of endearment","happy ending, the","0.0","0.0"
"RuleBasedMatcher","actors_57","golden_globes_1179","0.0","","1984-01-01","1988-01-01","1984-01-01","1988-01-01","0.0","0.0","Shirley MacLaine","['Glenn Close', 'Anne Archer']","Shirley MacLaine","['Glenn Close', 'Anne Archer']","0.0","0.0","Terms of Endearment","Fatal Attraction","terms of endearment","fatal attraction","0.0","0.0"
"RuleBasedMatcher","actors_57","golden_globes_1993","0.0","","1984-01-01","1968-01-01","1984-01-01","1968-01-01","0.0","0.0","Shirley MacLaine","Ugo Tognazzi","shirley maclaine","ugo tognazzi","0.0","0.0","Terms of Endearment","Climax, The","terms of endearment","climax, the","0.0","0.0"
"RuleBasedMatcher","actors_57","golden_globes_624","0.05555555555555555","","1984-01-01","1999-01-01","1984-01-01","1999-01-01","0.0","0.0","Shirley MacLaine","Christina Ricci","shirley maclaine","christina ricci","0.0","0.0","Terms of Endearment","Opposite Of Sex, The","terms of endearment","opposite of sex, the","0.16666666666666666","0.16666666666666666"
"RuleBasedMatcher","actors_57","golden_globes_324","0.0","","1984-01-01","2005-01-01","1984-01-01","2005-01-01","0.0","0.0","Shirley MacLaine","['Ashley Judd', 'Kevin Kline']","Shirley MacLaine","['Ashley Judd', 'Kevin Kline']","0.0","0.0","Terms of Endearment","De-Lovely","terms of endearment","de-lovely","0.0","0.0"
"RuleBasedMatcher","actors_57","golden_globes_2133","0.0","","1984-01-01","1961-01-01","1984-01-01","1961-01-01","0.0","0.0","Shirley MacLaine","Dirk Bogarde","shirley maclaine","dirk bogarde","0.0","0.0","Terms of Endearment","Song Without End","terms of endearment","song without end","0.0","0.0"
"RuleBasedMatcher","actors_57","golden_globes_214","0.05555555555555555","","1984-01-01","2007-01-01","1984-01-01","2007-01-01","0.0","0.0","Shirley MacLaine","Will Smith","shirley maclaine","will smith","0.0","0.0","Terms of Endearment","Pursuit Of Happyness, The","terms of endearment","pursuit of happyness, the","0.16666666666666666","0.16666666666666666"
"RuleBasedMatcher","actors_57","golden_globes_563","0.047619047619047616","","1984-01-01","2000-01-01","1984-01-01","2000-01-01","0.0","0.0","Shirley MacLaine","Julianne Moore","shirley maclaine","julianne moore","0.0","0.0","Terms of Endearment","End Of The Affair, The","terms of endearment","end of the affair, the","0.14285714285714285","0.14285714285714285"
"RuleBasedMatcher","actors_57","golden_globes_1235","0.0","","1984-01-01","1987-01-01","1984-01-01","1987-01-01","0.0","0.0","Shirley MacLaine","Farrah Fawcett","shirley maclaine","farrah fawcett","0.0","0.0","Terms of Endearment","Extremities","terms of endearment","extremities","0.0","0.0"
"RuleBasedMatcher","actors_57","golden_globes_2236","0.0","","1984-01-01","1953-01-01","1984-01-01","1953-01-01","0.0","0.0","Shirley MacLaine","['Gloria Grahame', 'Gilbert Roland']","Shirley MacLaine","['Gloria Grahame', 'Gilbert Roland']","0.0","0.0","Terms of Endearment","Bad and The Beautiful, The","terms of endearment","bad and the beautiful, the","0.0","0.0"
"RuleBasedMatcher","actors_57","golden_globes_459","0.0","","1984-01-01","2002-01-01","1984-01-01","2002-01-01","0.0","0.0","Shirley MacLaine","['Russell Crowe', 'Jennifer Connelly']","Shirley MacLaine","['Russell Crowe', 'Jennifer Connelly']","0.0","0.0","Terms of Endearment","Beautiful Mind, a","terms of endearment","beautiful mind, a","0.0","0.0"
"RuleBasedMatcher","actors_58","golden_globes_1325","0.9999999999999999","","1985-01-01","1985-01-01","1985-01-01","1985-01-01","1.0","1.0","Sally Field","Sally Field","sally field","sally field","1.0","1.0","Places in the Heart","Places In The Heart","places in the heart","places in the heart","1.0","1.0"
"RuleBasedMatcher","actors_58","golden_globes_564","0.1111111111111111","","1985-01-01","2000-01-01","1985-01-01","2000-01-01","0.0","0.0","Sally Field","Meryl Streep","sally field","meryl streep","0.0","0.0","Places in the Heart","Music Of The Heart","places in the heart","music of the heart","0.3333333333333333","0.3333333333333333"
"RuleBasedMatcher","actors_58","golden_globes_1246","0.1111111111111111","0","1985-01-01","1987-01-01","1985-01-01","1987-01-01","0.0","0.0","Sally Field","Sissy Spacek","sally field","sissy spacek","0.0","0.0","Places in the Heart","Crimes Of The Heart","places in the heart","crimes of the heart","0.3333333333333333","0.3333333333333333"
"RuleBasedMatcher","actors_58","golden_globes_1967","0.08333333333333333","","1985-01-01","1969-01-01","1985-01-01","1969-01-01","0.0","0.0","Sally Field","['Alan Arkin', 'Sondra Locke']","Sally Field","['Alan Arkin', 'Sondra Locke']","0.0","0.0","Places in the Heart","Heart Is a Lonely Hunter, The","places in the heart","heart is a lonely hunter, the","0.25","0.25"
"RuleBasedMatcher","actors_58","golden_globes_1376","0.3333333333333333","","1985-01-01","1985-01-01","1985-01-01","1985-01-01","1.0","1.0","Sally Field","James Garner","sally field","james garner","0.0","0.0","Places in the Heart","Heartsounds","places in the heart","heartsounds","0.0","0.0"
"RuleBasedMatcher","actors_58","golden_globes_1430","0.05555555555555555","","1985-01-01","1984-01-01","1985-01-01","1984-01-01","0.0","0.0","Sally Field","Perry King","sally field","perry king","0.0","0.0","Places in the Heart","Hasty Heart, The","places in the heart","hasty heart, the","0.16666666666666666","0.16666666666666666"
"RuleBasedMatcher","actors_58","golden_globes_554","0.06666666666666667","","1985-01-01","2001-01-01","1985-01-01","2001-01-01","0.0","0.0","Sally Field","Alfre Woodard","sally field","alfre woodard","0.0","0.0","Places in the Heart","Holiday Heart","places in the heart","holiday heart","0.2","0.2"
"RuleBasedMatcher","actors_58","golden_globes_1427","0.05555555555555555","","1985-01-01","1984-01-01","1985-01-01","1984-01-01","0.0","0.0","Sally Field","Peter Strauss","sally field","peter strauss","0.0","0.0","Places in the Heart","Heart Of Steel","places in the heart","heart of steel","0.16666666666666666","0.16666666666666666"
"RuleBasedMatcher","actors_58","golden_globes_864","0.05555555555555555","","1985-01-01","1995-01-01","1985-01-01","1995-01-01","0.0","0.0","Sally Field","John Malkovich","sally field","john malkovich","0.0","0.0","Places in the Heart","Heart Of Darkness","places in the heart","heart of darkness","0.16666666666666666","0.16666666666666666"
"RuleBasedMatcher","actors_58","golden_globes_1148","0.06666666666666667","","1985-01-01","1989-01-01","1985-01-01","1989-01-01","0.0","0.0","Sally Field","Neil Patrick Harris","sally field","neil patrick harris","0.0","0.0","Places in the Heart","Clara's Heart","places in the heart","clara's heart","0.2","0.2"
"RuleBasedMatcher","actors_58","golden_globes_151","0.0","","1985-01-01","2008-01-01","1985-01-01","2008-01-01","0.0","0.0","Sally Field","Angelina Jolie","sally field","angelina jolie","0.0","0.0","Places in the Heart","Mighty Heart, A","places in the heart","mighty heart, a","0.0","0.0"
"RuleBasedMatcher","actors_58","golden_globes_54","0.06666666666666667","","1985-01-01","2010-01-01","1985-01-01","2010-01-01","0.0","0.0","Sally Field","Jeff Bridges","sally field","jeff bridges","0.0","0.0","Places in the Heart","Crazy Heart","places in the heart","crazy heart","0.2","0.2"
"RuleBasedMatcher","actors_58","golden_globes_1383","0.047619047619047616","","1985-01-01","1984-01-01","1985-01-01","1984-01-01","0.0","0.0","Sally Field","Bonnie Bedelia","sally field","bonnie bedelia","0.0","0.0","Places in the Heart","Heart Like a Wheel","places in the heart","heart like a wheel","0.14285714285714285","0.14285714285714285"
"RuleBasedMatcher","actors_58","golden_globes_1399","0.06666666666666667","","1985-01-01","1984-01-01","1985-01-01","1984-01-01","0.0","0.0","Sally Field","Eddie Murphy","sally field","eddie murphy","0.0","0.0","Places in the Heart","Trading Places","places in the heart","trading places","0.2","0.2"
"RuleBasedMatcher","actors_58","golden_globes_886","0.09523809523809523","","1985-01-01","1994-01-01","1985-01-01","1994-01-01","0.0","0.0","Sally Field","John Malkovich","sally field","john malkovich","0.0","0.0","Places in the Heart","In The Line Of Fire","places in the heart","in the line of fire","0.2857142857142857","0.2857142857142857"
"RuleBasedMatcher","actors_58","golden_globes_2163","0.037037037037037035","","1985-01-01","1959-01-01","1985-01-01","1959-01-01","0.0","0.0","Sally Field","['Ingrid Bergman', 'Robert Donat']","Sally Field","['Ingrid Bergman', 'Robert Donat']","0.0","0.0","Places in the Heart","Inn Of The Sixth Happiness, The","places in the heart","inn of the sixth happiness, the","0.1111111111111111","0.1111111111111111"
"RuleBasedMatcher","actors_58","golden_globes_196","0.037037037037037035","","1985-01-01","2008-01-01","1985-01-01","2008-01-01","0.0","0.0","Sally Field","['Adam Beach', 'Anna Paquin']","Sally Field","['Adam Beach', 'Anna Paquin']","0.0","0.0","Places in the Heart","Bury My Heart at Wounded Knee","places in the heart","bury my heart at wounded knee","0.1111111111111111","0.1111111111111111"
"RuleBasedMatcher","actors_58","golden_globes_457","0.13333333333333333","","1985-01-01","2002-01-01","1985-01-01","2002-01-01","0.0","0.0","Sally Field","['Sissy Spacek', 'Marisa Tomei']","Sally Field","['Sissy Spacek', 'Marisa Tomei']","0.0","0.0","Places in the Heart","In The Bedroom","places in the heart","in the bedroom","0.4","0.4"
"RuleBasedMatcher","actors_58","golden_globes_2241","0.09523809523809523","","1985-01-01","1952-01-01","1985-01-01","1952-01-01","0.0","0.0","Sally Field","Shelley Winters","sally field","shelley winters","0.0","0.0","Places in the Heart","Place In The Sun, a","places in the heart","place in the sun, a","0.2857142857142857","0.2857142857142857"
"RuleBasedMatcher","actors_58","golden_globes_409","0.047619047619047616","","1985-01-01","2004-01-01","1985-01-01","2004-01-01","0.0","0.0","Sally Field","Maggie Smith","sally field","maggie smith","0.0","0.0","Places in the Heart","My House In Umbria","places in the heart","my house in umbria","0.14285714285714285","0.14285714285714285"
"RuleBasedMatcher","actors_59","golden_globes_1282","0.7999999999999999","1","1986-01-01","1986-01-01","1986-01-01","1986-01-01","1.0","1.0","Geraldine Page","Geraldine Page","geraldine page","geraldine page","1.0","1.0","Trip to Bountiful","Trip To Bountiful, The","trip to bountiful","trip to bountiful, the","0.4","0.4"
"RuleBasedMatcher","actors_59","golden_globes_2104","0.0","","1986-01-01","1963-01-01","1986-01-01","1963-01-01","0.0","0.0","Geraldine Page","Tarita","geraldine page","tarita","0.0","0.0","Trip to Bountiful","Mutiny On The Bounty","trip to bountiful","mutiny on the bounty","0.0","0.0"
"RuleBasedMatcher","actors_59","golden_globes_12","0.0","","1986-01-01","2011-01-01","1986-01-01","2011-01-01","0.0","0.0","Geraldine Page","['Angelina Jolie', 'Johnny Depp']","Geraldine Page","['Angelina Jolie', 'Johnny Depp']","0.0","0.0","Trip to Bountiful","Tourist, The","trip to bountiful","tourist, the","0.0","0.0"
"RuleBasedMatcher","actors_59","golden_globes_2112","0.0","","1986-01-01","1962-01-01","1986-01-01","1962-01-01","0.0","0.0","Geraldine Page","['Natalie Wood', 'Warren Beatty']","Geraldine Page","['Natalie Wood', 'Warren Beatty']","0.0","0.0","Trip to Bountiful","Splendor In The Grass","trip to bountiful","splendor in the grass","0.0","0.0"
"RuleBasedMatcher","actors_59","golden_globes_1700","0.0","","1986-01-01","1977-01-01","1986-01-01","1977-01-01","0.0","0.0","Geraldine Page","['Lee Grant', 'Katharine Ross', 'Oskar Werner']","Geraldine Page","['Lee Grant', 'Katharine Ross', 'Oskar Werner']","0.0","0.0","Trip to Bountiful","Voyage Of The Damned","trip to bountiful","voyage of the damned","0.0","0.0"
"RuleBasedMatcher","actors_59","golden_globes_1388","0.0","","1986-01-01","1984-01-01","1986-01-01","1984-01-01","0.0","0.0","Geraldine Page","['Robert Duvall', 'Tess Harper']","Geraldine Page","['Robert Duvall', 'Tess Harper']","0.0","0.0","Trip to Bountiful","Tender Mercies","trip to bountiful","tender mercies","0.0","0.0"
"RuleBasedMatcher","actors_59","golden_globes_465","0.0","","1986-01-01","2002-01-01","1986-01-01","2002-01-01","0.0","0.0","Geraldine Page","['Cate Blanchett', 'Billy Bob Thornton']","Geraldine Page","['Cate Blanchett', 'Billy Bob Thornton']","0.0","0.0","Trip to Bountiful","Bandits","trip to bountiful","bandits","0.0","0.0"
"RuleBasedMatcher","actors_59","golden_globes_1193","0.0","","1986-01-01","1988-01-01","1986-01-01","1988-01-01","0.0","0.0","Geraldine Page","Bette Midler","geraldine page","bette midler","0.0","0.0","Trip to Bountiful","Outrageous Fortune","trip to bountiful","outrageous fortune","0.0","0.0"
"RuleBasedMatcher","actors_59","golden_globes_358","0.0","","1986-01-01","2005-01-01","1986-01-01","2005-01-01","0.0","0.0","Geraldine Page","Jamie Foxx","geraldine page","jamie foxx","0.0","0.0","Trip to Bountiful","Redemption","trip to bountiful","redemption","0.0","0.0"
"RuleBasedMatcher","actors_59","golden_globes_324","0.0","","1986-01-01","2005-01-01","1986-01-01","2005-01-01","0.0","0.0","Geraldine Page","['Ashley Judd', 'Kevin Kline']","Geraldine Page","['Ashley Judd', 'Kevin Kline']","0.0","0.0","Trip to Bountiful","De-Lovely","trip to bountiful","de-lovely","0.0","0.0"
"RuleBasedMatcher","actors_59","golden_globes_2202","0.0","","1986-01-01","1957-01-01","1986-01-01","1957-01-01","0.0","0.0","Geraldine Page","['Kirk Douglas', 'Anthony Quinn']","Geraldine Page","['Kirk Douglas', 'Anthony Quinn']","0.0","0.0","Trip to Bountiful","Lust For Life","trip to bountiful","lust for life","0.0","0.0"
"RuleBasedMatcher","actors_59","golden_globes_552","0.0","","1986-01-01","2001-01-01","1986-01-01","2001-01-01","0.0","0.0","Geraldine Page","Frances O'Connor","geraldine page","frances o'connor","0.0","0.0","Trip to Bountiful","Madame Bovary","trip to bountiful","madame bovary","0.0","0.0"
"RuleBasedMatcher","actors_59","golden_globes_173","0.0","","1986-01-01","2008-01-01","1986-01-01","2008-01-01","0.0","0.0","Geraldine Page","Minnie Driver","geraldine page","minnie driver","0.0","0.0","Trip to Bountiful","Riches, The","trip to bountiful","riches, the","0.0","0.0"
"RuleBasedMatcher","actors_59","golden_globes_2236","0.0","","1986-01-01","1953-01-01","1986-01-01","1953-01-01","0.0","0.0","Geraldine Page","['Gloria Grahame', 'Gilbert Roland']","Geraldine Page","['Gloria Grahame', 'Gilbert Roland']","0.0","0.0","Trip to Bountiful","Bad and The Beautiful, The","trip to bountiful","bad and the beautiful, the","0.0","0.0"
"RuleBasedMatcher","actors_59","golden_globes_1921","0.0","","1986-01-01","1971-01-01","1986-01-01","1971-01-01","0.0","0.0","Geraldine Page","Jack Lemmon","geraldine page","jack lemmon","0.0","0.0","Trip to Bountiful","Out-Of-Towners, The","trip to bountiful","out-of-towners, the","0.0","0.0"
"RuleBasedMatcher","actors_59","golden_globes_2215","0.0","","1986-01-01","1956-01-01","1986-01-01","1956-01-01","0.0","0.0","Geraldine Page","","geraldine page","","0.0","0.0","Trip to Bountiful","Picnic","trip to bountiful","picnic","0.0","0.0"
"RuleBasedMatcher","actors_59","golden_globes_1179","0.0","","1986-01-01","1988-01-01","1986-01-01","1988-01-01","0.0","0.0","Geraldine Page","['Glenn Close', 'Anne Archer']","Geraldine Page","['Glenn Close', 'Anne Archer']","0.0","0.0","Trip to Bountiful","Fatal Attraction","trip to bountiful","fatal attraction","0.0","0.0"
"RuleBasedMatcher","actors_60","golden_globes_1236","0.95","","1987-01-01","1987-01-01","1987-01-01","1987-01-01","1.0","1.0","Marlee Matlin","['Marlee Matlin', 'William Hurt']","Marlee Matlin","['Marlee Matlin', 'William Hurt']","0.5","0.5","Children of a Lesser God","Children Of a Lesser God","children of a lesser god","children of a lesser god","1.0","1.0"
"RuleBasedMatcher","actors_60","golden_globes_210","0.05555555555555555","","1987-01-01","2007-01-01","1987-01-01","2007-01-01","0.0","0.0","Marlee Matlin","Kate Winslet","marlee matlin","kate winslet","0.0","0.0","Children of a Lesser God","Little Children","children of a lesser god","little children","0.16666666666666666","0.16666666666666666"
"RuleBasedMatcher","actors_60","golden_globes_619","0.0","","1987-01-01","1999-01-01","1987-01-01","1999-01-01","0.0","0.0","Marlee Matlin","['Ian McKellen', 'Lynn Redgrave']","Marlee Matlin","['Ian McKellen', 'Lynn Redgrave']","0.0","0.0","Children of a Lesser God","Gods and Monsters","children of a lesser god","gods and monsters","0.0","0.0"
"RuleBasedMatcher","actors_60","golden_globes_1279","0.1111111111111111","","1987-01-01","1986-01-01","1987-01-01","1986-01-01","0.0","0.0","Marlee Matlin","['Anne Bancroft', 'Meg Tilly']","Marlee Matlin","['Anne Bancroft', 'Meg Tilly']","0.0","0.0","Children of a Lesser God","Agnes Of God","children of a lesser god","agnes of god","0.3333333333333333","0.3333333333333333"
"RuleBasedMatcher","actors_60","golden_globes_256","0.0","","1987-01-01","2007-01-01","1987-01-01","2007-01-01","0.0","0.0","Marlee Matlin","['Bill Nighy', 'Emily Blunt']","Marlee Matlin","['Bill Nighy', 'Emily Blunt']","0.0","0.0","Children of a Lesser God","Gideon's Daughter","children of a lesser god","gideon's daughter","0.0","0.0"
"RuleBasedMatcher","actors_60","golden_globes_1382","0.0","","1987-01-01","1984-01-01","1987-01-01","1984-01-01","0.0","0.0","Marlee Matlin","Jane Alexander","marlee matlin","jane alexander","0.0","0.0","Children of a Lesser God","Testament","children of a lesser god","testament","0.0","0.0"
"RuleBasedMatcher","actors_60","golden_globes_2130","0.0","","1987-01-01","1961-01-01","1987-01-01","1961-01-01","0.0","0.0","Marlee Matlin","['Trevor Howard', 'Dean Stockwell', 'Mary Ure']","Marlee Matlin","['Trevor Howard', 'Dean Stockwell', 'Mary Ure']","0.0","0.0","Children of a Lesser God","Sons and Lovers","children of a lesser god","sons and lovers","0.0","0.0"
"RuleBasedMatcher","actors_60","golden_globes_1420","0.037037037037037035","","1987-01-01","1984-01-01","1987-01-01","1984-01-01","0.0","0.0","Marlee Matlin","Ann-Margret","marlee matlin","ann-margret","0.0","0.0","Children of a Lesser God","Who Will Love My Children","children of a lesser god","who will love my children","0.1111111111111111","0.1111111111111111"
"RuleBasedMatcher","actors_60","golden_globes_304","0.037037037037037035","","1987-01-01","2006-01-01","1987-01-01","2006-01-01","0.0","0.0","Marlee Matlin","Halle Berry","marlee matlin","halle berry","0.0","0.0","Children of a Lesser God","Their Eyes Were Watching God","children of a lesser god","their eyes were watching god","0.1111111111111111","0.1111111111111111"
"RuleBasedMatcher","actors_60","golden_globes_870","0.03333333333333333","","1987-01-01","1994-01-01","1987-01-01","1994-01-01","0.0","0.0","Marlee Matlin","['Daniel Day-Lewis', 'Emma Thompson']","Marlee Matlin","['Daniel Day-Lewis', 'Emma Thompson']","0.0","0.0","Children of a Lesser God","In The Name Of The Father","children of a lesser god","in the name of the father","0.1","0.1"
"RuleBasedMatcher","actors_60","golden_globes_2083","0.041666666666666664","","1987-01-01","1963-01-01","1987-01-01","1963-01-01","0.0","0.0","Marlee Matlin","['Geraldine Page', 'Paul Newman', 'Shirley Knight', 'Ed Begley']","Marlee Matlin","['Geraldine Page', 'Paul Newman', 'Shirley Knight', 'Ed Begley']","0.0","0.0","Children of a Lesser God","Sweet Bird Of Youth","children of a lesser god","sweet bird of youth","0.125","0.125"
"RuleBasedMatcher","actors_60","golden_globes_622","0.0","","1987-01-01","1999-01-01","1987-01-01","1999-01-01","0.0","0.0","Marlee Matlin","['Jane Horrocks', 'Michael Caine', 'Brenda Blethyn']","Marlee Matlin","['Jane Horrocks', 'Michael Caine', 'Brenda Blethyn']","0.0","0.0","Children of a Lesser God","Little Voice","children of a lesser god","little voice","0.0","0.0"
"RuleBasedMatcher","actors_60","golden_globes_1273","0.3333333333333333","","1987-01-01","1987-01-01","1987-01-01","1987-01-01","1.0","1.0","Marlee Matlin","Marlo Thomas","marlee matlin","marlo thomas","0.0","0.0","Children of a Lesser God","Nobody's Child","children of a lesser god","nobody's child","0.0","0.0"
"RuleBasedMatcher","actors_60","golden_globes_1909","0.08333333333333333","","1987-01-01","1971-01-01","1987-01-01","1971-01-01","0.0","0.0","Marlee Matlin","Faye Dunaway","marlee matlin","faye dunaway","0.0","0.0","Children of a Lesser God","Puzzle Of a Downfall Child","children of a lesser god","puzzle of a downfall child","0.25","0.25"
"RuleBasedMatcher","actors_60","golden_globes_802","0.047619047619047616","","1987-01-01","1996-01-01","1987-01-01","1996-01-01","0.0","0.0","Marlee Matlin","Linda Hamilton","marlee matlin","linda hamilton","0.0","0.0","Children of a Lesser God","Mother's Prayer, a","children of a lesser god","mother's prayer, a","0.14285714285714285","0.14285714285714285"
"RuleBasedMatcher","actors_60","golden_globes_217","0.0","","1987-01-01","2007-01-01","1987-01-01","2007-01-01","0.0","0.0","Marlee Matlin","Toni Collette","marlee matlin","toni collette","0.0","0.0","Children of a Lesser God","Little Miss Sunshine","children of a lesser god","little miss sunshine","0.0","0.0"
"RuleBasedMatcher","actors_60","golden_globes_1470","0.0","","1987-01-01","1983-01-01","1987-01-01","1983-01-01","0.0","0.0","Marlee Matlin","Lucy Gutteridge","marlee matlin","lucy gutteridge","0.0","0.0","Children of a Lesser God","Little Gloria","children of a lesser god","little gloria","0.0","0.0"
"RuleBasedMatcher","actors_60","golden_globes_24","0.047619047619047616","","1987-01-01","2011-01-01","1987-01-01","2011-01-01","0.0","0.0","Marlee Matlin","Katey Sagal","marlee matlin","katey sagal","0.0","0.0","Children of a Lesser God","Sons Of Anarchy","children of a lesser god","sons of anarchy","0.14285714285714285","0.14285714285714285"
"RuleBasedMatcher","actors_60","golden_globes_980","0.0","","1987-01-01","1992-01-01","1987-01-01","1992-01-01","0.0","0.0","Marlee Matlin","Anjelica Huston","marlee matlin","anjelica huston","0.0","0.0","Children of a Lesser God","Addams Family, The","children of a lesser god","addams family, the","0.0","0.0"
"RuleBasedMatcher","actors_60","golden_globes_1770","0.0","","1987-01-01","1976-01-01","1987-01-01","1976-01-01","0.0","0.0","Marlee Matlin","["Carroll O'Connor", 'Rob Reiner']","Marlee Matlin","["Carroll O'Connor", 'Rob Reiner']","0.0","0.0","Children of a Lesser God","All In The Family","children of a lesser god","all in the family","0.0","0.0"
"RuleBasedMatcher","actors_61","golden_globes_1189","0.9199999999999999","","1988-01-01","1988-01-01","1988-01-01","1988-01-01","1.0","1.0","Cher","['Cher', 'Nicolas Cage', 'Olympia Dukakis']","Cher","['Cher', 'Nicolas Cage', 'Olympia Dukakis']","0.2","0.2","Moonstruck","Moonstruck","moonstruck","moonstruck","1.0","1.0"
"RuleBasedMatcher","actors_61","golden_globes_1564","0.0","","1988-01-01","1980-01-01","1988-01-01","1980-01-01","0.0","0.0","Cher","Jill Clayburgh","cher","jill clayburgh","0.0","0.0","Moonstruck","Luna","moonstruck","luna","0.0","0.0"
"RuleBasedMatcher","actors_61","golden_globes_1431","0.0","","1988-01-01","1983-01-01","1988-01-01","1983-01-01","0.0","0.0","Cher","['Diane Keaton', 'Albert Finney']","Cher","['Diane Keaton', 'Albert Finney']","0.0","0.0","Moonstruck","Shoot The Moon","moonstruck","shoot the moon","0.0","0.0"
"RuleBasedMatcher","actors_61","golden_globes_385","0.0","","1988-01-01","2004-01-01","1988-01-01","2004-01-01","0.0","0.0","Cher","William H. Macy","cher","william h. macy","0.0","0.0","Moonstruck","Seabiscuit","moonstruck","seabiscuit","0.0","0.0"
"RuleBasedMatcher","actors_61","golden_globes_1144","0.0","","1988-01-01","1989-01-01","1988-01-01","1989-01-01","0.0","0.0","Cher","['Sonia Braga', 'Raul Julia']","Cher","['Sonia Braga', 'Raul Julia']","0.0","0.0","Moonstruck","Moon Over Parador","moonstruck","moon over parador","0.0","0.0"
"RuleBasedMatcher","actors_61","golden_globes_1180","0.3333333333333333","","1988-01-01","1988-01-01","1988-01-01","1988-01-01","1.0","1.0","Cher","Faye Dunaway","cher","faye dunaway","0.0","0.0","Moonstruck","Barfly","moonstruck","barfly","0.0","0.0"
"RuleBasedMatcher","actors_61","golden_globes_576","0.0","","1988-01-01","2000-01-01","1988-01-01","2000-01-01","0.0","0.0","Cher","Jim Carrey","cher","jim carrey","0.0","0.0","Moonstruck","Man On The Moon","moonstruck","man on the moon","0.0","0.0"
"RuleBasedMatcher","actors_61","golden_globes_1821","0.0","","1988-01-01","1974-01-01","1988-01-01","1974-01-01","0.0","0.0","Cher","["Tatum O'Neal", "Ryan O'Neal", 'Madeline Kahn']","Cher","["Tatum O'Neal", "Ryan O'Neal", 'Madeline Kahn']","0.0","0.0","Moonstruck","Paper Moon","moonstruck","paper moon","0.0","0.0"
"RuleBasedMatcher","actors_61","golden_globes_1926","0.0","","1988-01-01","1971-01-01","1988-01-01","1971-01-01","0.0","0.0","Cher","Amanda Blake","cher","amanda blake","0.0","0.0","Moonstruck","Gunsmoke","moonstruck","gunsmoke","0.0","0.0"
"RuleBasedMatcher","actors_61","golden_globes_1422","0.0","","1988-01-01","1984-01-01","1988-01-01","1984-01-01","0.0","0.0","Cher","['Blair Brown', 'Martin Sheen']","Cher","['Blair Brown', 'Martin Sheen']","0.0","0.0","Moonstruck","Kennedy","moonstruck","kennedy","0.0","0.0"
"RuleBasedMatcher","actors_61","golden_globes_1521","0.0","","1988-01-01","1982-01-01","1988-01-01","1982-01-01","0.0","0.0","Cher","Danny Kaye","cher","danny kaye","0.0","0.0","Moonstruck","Skokie","moonstruck","skokie","0.0","0.0"
"RuleBasedMatcher","actors_61","golden_globes_1265","0.0","","1988-01-01","1987-01-01","1988-01-01","1987-01-01","0.0","0.0","Cher","['Cybill Shepherd', 'Bruce Willis']","Cher","['Cybill Shepherd', 'Bruce Willis']","0.0","0.0","Moonstruck","Moonlighting","moonstruck","moonlighting","0.0","0.0"
"RuleBasedMatcher","actors_61","golden_globes_1305","0.0","","1988-01-01","1986-01-01","1988-01-01","1986-01-01","0.0","0.0","Cher","['Cybill Shepherd', 'Bruce Willis']","Cher","['Cybill Shepherd', 'Bruce Willis']","0.0","0.0","Moonstruck","Moonlighting","moonstruck","moonlighting","0.0","0.0"
"RuleBasedMatcher","actors_61","golden_globes_1211","0.3333333333333333","","1988-01-01","1988-01-01","1988-01-01","1988-01-01","1.0","1.0","Cher","['Cybill Shepherd', 'Bruce Willis', 'Allyce Beasley']","Cher","['Cybill Shepherd', 'Bruce Willis', 'Allyce Beasley']","0.0","0.0","Moonstruck","Moonlighting","moonstruck","moonlighting","0.0","0.0"
"RuleBasedMatcher","actors_61","golden_globes_2223","0.0","","1988-01-01","1954-01-01","1988-01-01","1954-01-01","0.0","0.0","Cher","David Niven","cher","david niven","0.0","0.0","Moonstruck","Moon Is Blue, The","moonstruck","moon is blue, the","0.0","0.0"
"RuleBasedMatcher","actors_61","golden_globes_679","0.0","","1988-01-01","1998-01-01","1988-01-01","1998-01-01","0.0","0.0","Cher","['Julianne Moore', 'Burt Reynolds']","Cher","['Julianne Moore', 'Burt Reynolds']","0.0","0.0","Moonstruck","Boogie Nights","moonstruck","boogie nights","0.0","0.0"
"RuleBasedMatcher","actors_61","golden_globes_2066","0.0","","1988-01-01","1964-01-01","1988-01-01","1964-01-01","0.0","0.0","Cher","James Garner","cher","james garner","0.0","0.0","Moonstruck","Wheeler Dealers, The","moonstruck","wheeler dealers, the","0.0","0.0"
"RuleBasedMatcher","actors_61","golden_globes_306","0.0","","1988-01-01","2006-01-01","1988-01-01","2006-01-01","0.0","0.0","Cher","S. Epatha Merkerson","cher","s. epatha merkerson","0.0","0.0","Moonstruck","Lackawanna Blues","moonstruck","lackawanna blues","0.0","0.0"
"RuleBasedMatcher","actors_61","golden_globes_1066","0.0","","1988-01-01","1991-01-01","1988-01-01","1991-01-01","0.0","0.0","Cher","Stephanie Zimbalist","cher","stephanie zimbalist","0.0","0.0","Moonstruck","Caroline","moonstruck","caroline","0.0","0.0"
"RuleBasedMatcher","actors_61","golden_globes_310","0.0","","1988-01-01","2006-01-01","1988-01-01","2006-01-01","0.0","0.0","Cher","['Jonathan Rhys Meyers', 'Camryn Manheim', 'Randy Quaid']","Cher","['Jonathan Rhys Meyers', 'Camryn Manheim', 'Randy Quaid']","0.0","0.0","Moonstruck","Elvis","moonstruck","elvis","0.0","0.0"
"RuleBasedMatcher","actors_62","golden_globes_1125","0.7777777777777777","","1989-01-01","1989-01-01","1989-01-01","1989-01-01","1.0","1.0","Jodie Foster","Jodie Foster","jodie foster","jodie foster","1.0","1.0","The Accused","Accused, The","the accused","accused, the","0.3333333333333333","0.3333333333333333"
"RuleBasedMatcher","actors_62","golden_globes_2180","0.06666666666666667","","1989-01-01","1958-01-01","1989-01-01","1958-01-01","0.0","0.0","Jodie Foster","['Marlene Dietrich', 'Charles Laughton', 'Elsa Lanchester']","Jodie Foster","['Marlene Dietrich', 'Charles Laughton', 'Elsa Lanchester']","0.0","0.0","The Accused","Witness For The Prosecution","the accused","witness for the prosecution","0.2","0.2"
"RuleBasedMatcher","actors_62","golden_globes_2214","0.0","","1989-01-01","1956-01-01","1989-01-01","1956-01-01","0.0","0.0","Jodie Foster","Arthur Kennedy","jodie foster","arthur kennedy","0.0","0.0","The Accused","Trial","the accused","trial","0.0","0.0"
"RuleBasedMatcher","actors_62","golden_globes_1284","0.0","","1989-01-01","1986-01-01","1989-01-01","1986-01-01","0.0","0.0","Jodie Foster","['Harrison Ford', 'Kelly McGillis']","Jodie Foster","['Harrison Ford', 'Kelly McGillis']","0.0","0.0","The Accused","Witness","the accused","witness","0.0","0.0"
"RuleBasedMatcher","actors_62","golden_globes_64","0.1111111111111111","","1989-01-01","2010-01-01","1989-01-01","2010-01-01","0.0","0.0","Jodie Foster","Matt Damon","jodie foster","matt damon","0.0","0.0","The Accused","Informant!, The","the accused","informant!, the","0.3333333333333333","0.3333333333333333"
"RuleBasedMatcher","actors_62","golden_globes_2207","0.08333333333333333","","1989-01-01","1957-01-01","1989-01-01","1957-01-01","0.0","0.0","Jodie Foster","Danny Kaye","jodie foster","danny kaye","0.0","0.0","The Accused","Court Jester, The","the accused","court jester, the","0.25","0.25"
"RuleBasedMatcher","actors_62","golden_globes_807","0.06666666666666667","","1989-01-01","1996-01-01","1989-01-01","1996-01-01","0.0","0.0","Jodie Foster","['James Woods', 'Shirley Knight', 'Henry Thomas']","Jodie Foster","['James Woods', 'Shirley Knight', 'Henry Thomas']","0.0","0.0","The Accused","Indictment: The McMartin Trial","the accused","indictment: the mcmartin trial","0.2","0.2"
"RuleBasedMatcher","actors_62","golden_globes_608","0.0","","1989-01-01","2000-01-01","1989-01-01","2000-01-01","0.0","0.0","Jodie Foster","Tom Sizemore","jodie foster","tom sizemore","0.0","0.0","The Accused","Witness Protection","the accused","witness protection","0.0","0.0"
"RuleBasedMatcher","actors_62","golden_globes_1073","0.0","","1989-01-01","1991-01-01","1989-01-01","1991-01-01","0.0","0.0","Jodie Foster","Barry Miller","jodie foster","barry miller","0.0","0.0","The Accused","Equal Justice","the accused","equal justice","0.0","0.0"
"RuleBasedMatcher","actors_62","golden_globes_2231","0.1111111111111111","","1989-01-01","1953-01-01","1989-01-01","1953-01-01","0.0","0.0","Jodie Foster","Ray Milland","jodie foster","ray milland","0.0","0.0","The Accused","Thief, The","the accused","thief, the","0.3333333333333333","0.3333333333333333"
"RuleBasedMatcher","actors_62","golden_globes_2243","0.0","","1989-01-01","1952-01-01","1989-01-01","1952-01-01","0.0","0.0","Jodie Foster","['Kirk Douglas', 'Lee Grant']","Jodie Foster","['Kirk Douglas', 'Lee Grant']","0.0","0.0","The Accused","Detective Story","the accused","detective story","0.0","0.0"
"RuleBasedMatcher","actors_62","golden_globes_871","0.1111111111111111","","1989-01-01","1994-01-01","1989-01-01","1994-01-01","0.0","0.0","Jodie Foster","['Harrison Ford', 'Tommy Lee Jones']","Jodie Foster","['Harrison Ford', 'Tommy Lee Jones']","0.0","0.0","The Accused","Fugitive, The","the accused","fugitive, the","0.3333333333333333","0.3333333333333333"
"RuleBasedMatcher","actors_62","golden_globes_1751","0.0","","1989-01-01","1976-01-01","1989-01-01","1976-01-01","0.0","0.0","Jodie Foster","Rosemary Harris","jodie foster","rosemary harris","0.0","0.0","The Accused","Notorious Woman","the accused","notorious woman","0.0","0.0"
"RuleBasedMatcher","actors_62","golden_globes_253","0.0","","1989-01-01","2007-01-01","1989-01-01","2007-01-01","0.0","0.0","Jodie Foster","Andr� Braugher","jodie foster","andr� braugher","0.0","0.0","The Accused","Thief","the accused","thief","0.0","0.0"
"RuleBasedMatcher","actors_62","golden_globes_251","0.05555555555555555","","1989-01-01","2007-01-01","1989-01-01","2007-01-01","0.0","0.0","Jodie Foster","Helen Mirren","jodie foster","helen mirren","0.0","0.0","The Accused","Prime Suspect: The Final Act","the accused","prime suspect: the final act","0.16666666666666666","0.16666666666666666"
"RuleBasedMatcher","actors_62","golden_globes_1437","0.1111111111111111","","1989-01-01","1983-01-01","1989-01-01","1983-01-01","0.0","0.0","Jodie Foster","['Paul Newman', 'James Mason']","Jodie Foster","['Paul Newman', 'James Mason']","0.0","0.0","The Accused","Verdict, The","the accused","verdict, the","0.3333333333333333","0.3333333333333333"
"RuleBasedMatcher","actors_62","golden_globes_2114","0.0","","1989-01-01","1962-01-01","1989-01-01","1962-01-01","0.0","0.0","Jodie Foster","['Maximilian Schell', 'Judy Garland', 'Montgomery Clift']","Jodie Foster","['Maximilian Schell', 'Judy Garland', 'Montgomery Clift']","0.0","0.0","The Accused","Judgment at Nuremberg","the accused","judgment at nuremberg","0.0","0.0"
"RuleBasedMatcher","actors_62","golden_globes_1790","0.0","","1989-01-01","1975-01-01","1989-01-01","1975-01-01","0.0","0.0","Jodie Foster","Angie Dickinson","jodie foster","angie dickinson","0.0","0.0","The Accused","Police Woman","the accused","police woman","0.0","0.0"
"RuleBasedMatcher","actors_62","golden_globes_1706","0.0","","1989-01-01","1977-01-01","1989-01-01","1977-01-01","0.0","0.0","Jodie Foster","Angie Dickinson","jodie foster","angie dickinson","0.0","0.0","The Accused","Police Woman","the accused","police woman","0.0","0.0"
"RuleBasedMatcher","actors_62","golden_globes_1750","0.0","","1989-01-01","1976-01-01","1989-01-01","1976-01-01","0.0","0.0","Jodie Foster","Angie Dickinson","jodie foster","angie dickinson","0.0","0.0","The Accused","Police Woman","the accused","police woman","0.0","0.0"
"RuleBasedMatcher","actors_63","golden_globes_1087","0.95","","1990-01-01","1990-01-01","1990-01-01","1990-01-01","1.0","1.0","Jessica Tandy","['Jessica Tandy', 'Morgan Freeman']","Jessica Tandy","['Jessica Tandy', 'Morgan Freeman']","0.5","0.5","Driving Miss Daisy","Driving Miss Daisy","driving miss daisy","driving miss daisy","1.0","1.0"
"RuleBasedMatcher","actors_63","golden_globes_2027","0.06666666666666667","","1990-01-01","1966-01-01","1990-01-01","1966-01-01","0.0","0.0","Jessica Tandy","Ruth Gordon","jessica tandy","ruth gordon","0.0","0.0","Driving Miss Daisy","Inside Daisy Clover","driving miss daisy","inside daisy clover","0.2","0.2"
"RuleBasedMatcher","actors_63","golden_globes_217","0.06666666666666667","","1990-01-01","2007-01-01","1990-01-01","2007-01-01","0.0","0.0","Jessica Tandy","Toni Collette","jessica tandy","toni collette","0.0","0.0","Driving Miss Daisy","Little Miss Sunshine","driving miss daisy","little miss sunshine","0.2","0.2"
"RuleBasedMatcher","actors_63","golden_globes_220","0.08333333333333333","","1990-01-01","2007-01-01","1990-01-01","2007-01-01","0.0","0.0","Jessica Tandy","Ren�e Zellweger","jessica tandy","ren�e zellweger","0.0","0.0","Driving Miss Daisy","Miss Potter","driving miss daisy","miss potter","0.25","0.25"
"RuleBasedMatcher","actors_63","golden_globes_960","0.06666666666666667","","1990-01-01","1993-01-01","1990-01-01","1993-01-01","0.0","0.0","Jessica Tandy","['Kyra Sedgwick', 'Amanda Plummer']","Jessica Tandy","['Kyra Sedgwick', 'Amanda Plummer']","0.0","0.0","Driving Miss Daisy","Miss Rose White","driving miss daisy","miss rose white","0.2","0.2"
"RuleBasedMatcher","actors_63","golden_globes_402","0.08333333333333333","","1990-01-01","2004-01-01","1990-01-01","2004-01-01","0.0","0.0","Jessica Tandy","Alicia Silverstone","jessica tandy","alicia silverstone","0.0","0.0","Driving Miss Daisy","Miss Match","driving miss daisy","miss match","0.25","0.25"
"RuleBasedMatcher","actors_63","golden_globes_703","0.06666666666666667","","1990-01-01","1998-01-01","1990-01-01","1998-01-01","0.0","0.0","Jessica Tandy","Alfre Woodard","jessica tandy","alfre woodard","0.0","0.0","Driving Miss Daisy","Miss Evers' Boys","driving miss daisy","miss evers' boys","0.2","0.2"
"RuleBasedMatcher","actors_63","golden_globes_2042","0.0","","1990-01-01","1965-01-01","1990-01-01","1965-01-01","0.0","0.0","Jessica Tandy","Dick Van Dyke","jessica tandy","dick van dyke","0.0","0.0","Driving Miss Daisy","Mary Poppins","driving miss daisy","mary poppins","0.0","0.0"
"RuleBasedMatcher","actors_63","golden_globes_670","0.0","","1990-01-01","1998-01-01","1990-01-01","1998-01-01","0.0","0.0","Jessica Tandy","Joey Lauren Adams","jessica tandy","joey lauren adams","0.0","0.0","Driving Miss Daisy","Chasing Amy","driving miss daisy","chasing amy","0.0","0.0"
"RuleBasedMatcher","actors_63","golden_globes_1118","0.3333333333333333","","1990-01-01","1990-01-01","1990-01-01","1990-01-01","1.0","1.0","Jessica Tandy","['Robert Duvall', 'Anjelica Huston', 'Tommy Lee Jones']","Jessica Tandy","['Robert Duvall', 'Anjelica Huston', 'Tommy Lee Jones']","0.0","0.0","Driving Miss Daisy","Lonesome Dove","driving miss daisy","lonesome dove","0.0","0.0"
"RuleBasedMatcher","actors_63","golden_globes_195","0.0","","1990-01-01","2008-01-01","1990-01-01","2008-01-01","0.0","0.0","Jessica Tandy","Ruth Wilson","jessica tandy","ruth wilson","0.0","0.0","Driving Miss Daisy","Jane Eyre","driving miss daisy","jane eyre","0.0","0.0"
"RuleBasedMatcher","actors_63","golden_globes_1697","0.0","","1990-01-01","1977-01-01","1990-01-01","1977-01-01","0.0","0.0","Jessica Tandy","['Mel Brooks', 'Bernadette Peters', 'Marty Feldman']","Jessica Tandy","['Mel Brooks', 'Bernadette Peters', 'Marty Feldman']","0.0","0.0","Driving Miss Daisy","Silent Movie","driving miss daisy","silent movie","0.0","0.0"
"RuleBasedMatcher","actors_63","golden_globes_327","0.0","","1990-01-01","2005-01-01","1990-01-01","2005-01-01","0.0","0.0","Jessica Tandy","Ren�e Zellweger","jessica tandy","ren�e zellweger","0.0","0.0","Driving Miss Daisy","Bridget Jones: The Edge Of Reason","driving miss daisy","bridget jones: the edge of reason","0.0","0.0"
"RuleBasedMatcher","actors_63","golden_globes_14","0.0","","1990-01-01","2011-01-01","1990-01-01","2011-01-01","0.0","0.0","Jessica Tandy","Johnny Depp","jessica tandy","johnny depp","0.0","0.0","Driving Miss Daisy","Alice in Wonderland","driving miss daisy","alice in wonderland","0.0","0.0"
"RuleBasedMatcher","actors_63","golden_globes_2216","0.0","","1990-01-01","1955-01-01","1990-01-01","1955-01-01","0.0","0.0","Jessica Tandy","Grace Kelly","jessica tandy","grace kelly","0.0","0.0","Driving Miss Daisy","Country Girl, The","driving miss daisy","country girl, the","0.0","0.0"
"RuleBasedMatcher","actors_63","golden_globes_113","0.0","","1990-01-01","2009-01-01","1990-01-01","2009-01-01","0.0","0.0","Jessica Tandy","Meryl Streep","jessica tandy","meryl streep","0.0","0.0","Driving Miss Daisy","Mamma Mia!","driving miss daisy","mamma mia!","0.0","0.0"
"RuleBasedMatcher","actors_63","golden_globes_272","0.0","","1990-01-01","2006-01-01","1990-01-01","2006-01-01","0.0","0.0","Jessica Tandy","Keira Knightley","jessica tandy","keira knightley","0.0","0.0","Driving Miss Daisy","Pride & Prejudice","driving miss daisy","pride & prejudice","0.0","0.0"
"RuleBasedMatcher","actors_63","golden_globes_519","0.08333333333333333","","1990-01-01","2001-01-01","1990-01-01","2001-01-01","0.0","0.0","Jessica Tandy","Sandra Bullock","jessica tandy","sandra bullock","0.0","0.0","Driving Miss Daisy","Miss Congeniality","driving miss daisy","miss congeniality","0.25","0.25"
"RuleBasedMatcher","actors_63","golden_globes_1341","0.0","","1990-01-01","1985-01-01","1990-01-01","1985-01-01","0.0","0.0","Jessica Tandy","Bill Murray","jessica tandy","bill murray","0.0","0.0","Driving Miss Daisy","Ghostbusters","driving miss daisy","ghostbusters","0.0","0.0"
"RuleBasedMatcher","actors_63","golden_globes_468","0.0","","1990-01-01","2002-01-01","1990-01-01","2002-01-01","0.0","0.0","Jessica Tandy","Ren�e Zellweger","jessica tandy","ren�e zellweger","0.0","0.0","Driving Miss Daisy","Bridget Jones''s Diary","driving miss daisy","bridget jones''s diary","0.0","0.0"
"RuleBasedMatcher","actors_64","golden_globes_1020","0.9999999999999999","","1991-01-01","1991-01-01","1991-01-01","1991-01-01","1.0","1.0","Kathy Bates","Kathy Bates","kathy bates","kathy bates","1.0","1.0","Misery","Misery","misery","misery","1.0","1.0"
"RuleBasedMatcher","actors_64","golden_globes_214","0.0","","1991-01-01","2007-01-01","1991-01-01","2007-01-01","0.0","0.0","Kathy Bates","Will Smith","kathy bates","will smith","0.0","0.0","Misery","Pursuit Of Happyness, The","misery","pursuit of happyness, the","0.0","0.0"
"RuleBasedMatcher","actors_64","golden_globes_2200","0.0","","1991-01-01","1957-01-01","1991-01-01","1957-01-01","0.0","0.0","Kathy Bates","['Audrey Hepburn', 'Oscar Homolka']","Kathy Bates","['Audrey Hepburn', 'Oscar Homolka']","0.0","0.0","Misery","War and Peace","misery","war and peace","0.0","0.0"
"RuleBasedMatcher","actors_64","golden_globes_2018","0.0","","1991-01-01","1966-01-01","1991-01-01","1966-01-01","0.0","0.0","Kathy Bates","Rex Harrison","kathy bates","rex harrison","0.0","0.0","Misery","Agony and The Ecstasy, The","misery","agony and the ecstasy, the","0.0","0.0"
"RuleBasedMatcher","actors_64","golden_globes_2163","0.0","","1991-01-01","1959-01-01","1991-01-01","1959-01-01","0.0","0.0","Kathy Bates","['Ingrid Bergman', 'Robert Donat']","Kathy Bates","['Ingrid Bergman', 'Robert Donat']","0.0","0.0","Misery","Inn Of The Sixth Happiness, The","misery","inn of the sixth happiness, the","0.0","0.0"
"RuleBasedMatcher","actors_64","golden_globes_620","0.0","","1991-01-01","1999-01-01","1991-01-01","1999-01-01","0.0","0.0","Kathy Bates","Nick Nolte","kathy bates","nick nolte","0.0","0.0","Misery","Affliction","misery","affliction","0.0","0.0"
"RuleBasedMatcher","actors_64","golden_globes_1949","0.0","","1991-01-01","1970-01-01","1991-01-01","1970-01-01","0.0","0.0","Kathy Bates","Jean Simmons","kathy bates","jean simmons","0.0","0.0","Misery","Happy Ending, The","misery","happy ending, the","0.0","0.0"
"RuleBasedMatcher","actors_64","golden_globes_2175","0.0","","1991-01-01","1959-01-01","1991-01-01","1959-01-01","0.0","0.0","Kathy Bates","Maureen Stapleton","kathy bates","maureen stapleton","0.0","0.0","Misery","Lonelyhearts","misery","lonelyhearts","0.0","0.0"
"RuleBasedMatcher","actors_64","golden_globes_500","0.0","","1991-01-01","2002-01-01","1991-01-01","2002-01-01","0.0","0.0","Kathy Bates","Leelee Sobieski","kathy bates","leelee sobieski","0.0","0.0","Misery","Uprising","misery","uprising","0.0","0.0"
"RuleBasedMatcher","actors_64","golden_globes_98","0.0","","1991-01-01","2010-01-01","1991-01-01","2010-01-01","0.0","0.0","Kathy Bates","Michael Emerson","kathy bates","michael emerson","0.0","0.0","Misery","Lost","misery","lost","0.0","0.0"
"RuleBasedMatcher","actors_64","golden_globes_293","0.0","","1991-01-01","2006-01-01","1991-01-01","2006-01-01","0.0","0.0","Kathy Bates","['Matthew Fox', 'Naveen Andrews']","Kathy Bates","['Matthew Fox', 'Naveen Andrews']","0.0","0.0","Misery","Lost","misery","lost","0.0","0.0"
"RuleBasedMatcher","actors_64","golden_globes_232","0.0","","1991-01-01","2007-01-01","1991-01-01","2007-01-01","0.0","0.0","Kathy Bates","Evangeline Lilly","kathy bates","evangeline lilly","0.0","0.0","Misery","Lost","misery","lost","0.0","0.0"
"RuleBasedMatcher","actors_64","golden_globes_1539","0.0","","1991-01-01","1981-01-01","1991-01-01","1981-01-01","0.0","0.0","Kathy Bates","Bette Midler","kathy bates","bette midler","0.0","0.0","Misery","Divine Madness","misery","divine madness","0.0","0.0"
"RuleBasedMatcher","actors_64","golden_globes_2236","0.0","","1991-01-01","1953-01-01","1991-01-01","1953-01-01","0.0","0.0","Kathy Bates","['Gloria Grahame', 'Gilbert Roland']","Kathy Bates","['Gloria Grahame', 'Gilbert Roland']","0.0","0.0","Misery","Bad and The Beautiful, The","misery","bad and the beautiful, the","0.0","0.0"
"RuleBasedMatcher","actors_64","golden_globes_1580","0.0","","1991-01-01","1980-01-01","1991-01-01","1980-01-01","0.0","0.0","Kathy Bates","Robert Duvall","kathy bates","robert duvall","0.0","0.0","Misery","Apocalypse Now","misery","apocalypse now","0.0","0.0"
"RuleBasedMatcher","actors_64","golden_globes_561","0.0","","1991-01-01","2001-01-01","1991-01-01","2001-01-01","0.0","0.0","Kathy Bates","Christopher Plummer","kathy bates","christopher plummer","0.0","0.0","Misery","American Tragedy","misery","american tragedy","0.0","0.0"
"RuleBasedMatcher","actors_64","golden_globes_248","0.0","","1991-01-01","2007-01-01","1991-01-01","2007-01-01","0.0","0.0","Kathy Bates","Gillian Anderson","kathy bates","gillian anderson","0.0","0.0","Misery","Bleak House","misery","bleak house","0.0","0.0"
"RuleBasedMatcher","actors_64","golden_globes_532","0.0","","1991-01-01","2001-01-01","1991-01-01","2001-01-01","0.0","0.0","Kathy Bates","","kathy bates","","0.0","0.0","Misery","Sunshine","misery","sunshine","0.0","0.0"
"RuleBasedMatcher","actors_64","golden_globes_2140","0.0","","1991-01-01","1961-01-01","1991-01-01","1961-01-01","0.0","0.0","Kathy Bates","Janet Leigh","kathy bates","janet leigh","0.0","0.0","Misery","Psycho","misery","psycho","0.0","0.0"
"RuleBasedMatcher","actors_64","golden_globes_1188","0.0","","1991-01-01","1988-01-01","1991-01-01","1988-01-01","0.0","0.0","Kathy Bates","Denzel Washington","kathy bates","denzel washington","0.0","0.0","Misery","Cry Freedom","misery","cry freedom","0.0","0.0"
"RuleBasedMatcher","actors_65","golden_globes_974","0.7666666666666666","1","1992-01-01","1992-01-01","1992-01-01","1992-01-01","1.0","1.0","['Jodie Foster', 'Anthony Hopkins']","['Jodie Foster', 'Anthony Hopkins']","['Jodie Foster', 'Anthony Hopkins']","['Jodie Foster', 'Anthony Hopkins']","1.0","1.0","The Silence of the Lambs","Silence Of The Lambs, The","the silence of the lambs","silence of the lambs, the","0.6666666666666666","0.6666666666666666"
"RuleBasedMatcher","actors_65","golden_globes_1697","0.0","","1992-01-01","1977-01-01","1992-01-01","1977-01-01","0.0","0.0","['Jodie Foster', 'Anthony Hopkins']","['Mel Brooks', 'Bernadette Peters', 'Marty Feldman']","['Jodie Foster', 'Anthony Hopkins']","['Mel Brooks', 'Bernadette Peters', 'Marty Feldman']","0.0","0.0","The Silence of the Lambs","Silent Movie","the silence of the lambs","silent movie","0.0","0.0"
"RuleBasedMatcher","actors_65","golden_globes_2175","0.0","","1992-01-01","1959-01-01","1992-01-01","1959-01-01","0.0","0.0","['Jodie Foster', 'Anthony Hopkins']","Maureen Stapleton","['Jodie Foster', 'Anthony Hopkins']","Maureen Stapleton","0.0","0.0","The Silence of the Lambs","Lonelyhearts","the silence of the lambs","lonelyhearts","0.0","0.0"
"RuleBasedMatcher","actors_65","golden_globes_661","0.14285714285714285","","1992-01-01","1998-01-01","1992-01-01","1998-01-01","0.0","0.0","['Jodie Foster', 'Anthony Hopkins']","Helena Bonham Carter","['Jodie Foster', 'Anthony Hopkins']","Helena Bonham Carter","0.0","0.0","The Silence of the Lambs","Wings Of The Dove, The","the silence of the lambs","wings of the dove, the","0.42857142857142855","0.42857142857142855"
"RuleBasedMatcher","actors_65","golden_globes_864","0.047619047619047616","","1992-01-01","1995-01-01","1992-01-01","1995-01-01","0.0","0.0","['Jodie Foster', 'Anthony Hopkins']","John Malkovich","['Jodie Foster', 'Anthony Hopkins']","John Malkovich","0.0","0.0","The Silence of the Lambs","Heart Of Darkness","the silence of the lambs","heart of darkness","0.14285714285714285","0.14285714285714285"
"RuleBasedMatcher","actors_65","golden_globes_1025","0.0","","1992-01-01","1991-01-01","1992-01-01","1991-01-01","0.0","0.0","['Jodie Foster', 'Anthony Hopkins']","['Kevin Costner', 'Mary McDonnell']","['Jodie Foster', 'Anthony Hopkins']","['Kevin Costner', 'Mary McDonnell']","0.0","0.0","The Silence of the Lambs","Dances With Wolves","the silence of the lambs","dances with wolves","0.0","0.0"
"RuleBasedMatcher","actors_65","golden_globes_509","0.0","","1992-01-01","2001-01-01","1992-01-01","2001-01-01","0.0","0.0","['Jodie Foster', 'Anthony Hopkins']","Ellen Burstyn","['Jodie Foster', 'Anthony Hopkins']","Ellen Burstyn","0.0","0.0","The Silence of the Lambs","Requiem For a Dream","the silence of the lambs","requiem for a dream","0.0","0.0"
"RuleBasedMatcher","actors_65","golden_globes_855","0.047619047619047616","","1992-01-01","1995-01-01","1992-01-01","1995-01-01","0.0","0.0","['Jodie Foster', 'Anthony Hopkins']","Diana Ross","['Jodie Foster', 'Anthony Hopkins']","Diana Ross","0.0","0.0","The Silence of the Lambs","Out Of Darkness","the silence of the lambs","out of darkness","0.14285714285714285","0.14285714285714285"
"RuleBasedMatcher","actors_65","golden_globes_873","0.0","","1992-01-01","1994-01-01","1992-01-01","1994-01-01","0.0","0.0","['Jodie Foster', 'Anthony Hopkins']","['Liam Neeson', 'Ralph Fiennes']","['Jodie Foster', 'Anthony Hopkins']","['Liam Neeson', 'Ralph Fiennes']","0.0","0.0","The Silence of the Lambs","Schindler''s List","the silence of the lambs","schindler''s list","0.0","0.0"
"RuleBasedMatcher","actors_65","golden_globes_1145","0.08333333333333333","","1992-01-01","1989-01-01","1992-01-01","1989-01-01","0.0","0.0","['Jodie Foster', 'Anthony Hopkins']","Barbara Hershey","['Jodie Foster', 'Anthony Hopkins']","Barbara Hershey","0.0","0.0","The Silence of the Lambs","Last Temptation Of Christ, The","the silence of the lambs","last temptation of christ, the","0.25","0.25"
"RuleBasedMatcher","actors_65","golden_globes_564","0.09523809523809523","","1992-01-01","2000-01-01","1992-01-01","2000-01-01","0.0","0.0","['Jodie Foster', 'Anthony Hopkins']","Meryl Streep","['Jodie Foster', 'Anthony Hopkins']","Meryl Streep","0.0","0.0","The Silence of the Lambs","Music Of The Heart","the silence of the lambs","music of the heart","0.2857142857142857","0.2857142857142857"
"RuleBasedMatcher","actors_65","golden_globes_1094","0.03333333333333333","","1992-01-01","1990-01-01","1992-01-01","1990-01-01","0.0","0.0","['Jodie Foster', 'Anthony Hopkins']","Sean Connery","['Jodie Foster', 'Anthony Hopkins']","Sean Connery","0.0","0.0","The Silence of the Lambs","Indiana Jones and The Last Crusade","the silence of the lambs","indiana jones and the last crusade","0.1","0.1"
"RuleBasedMatcher","actors_65","golden_globes_1962","0.0","","1992-01-01","1969-01-01","1992-01-01","1969-01-01","0.0","0.0","['Jodie Foster', 'Anthony Hopkins']","['Mia Farrow', 'Ruth Gordon']","['Jodie Foster', 'Anthony Hopkins']","['Mia Farrow', 'Ruth Gordon']","0.0","0.0","The Silence of the Lambs","Rosemary's Baby","the silence of the lambs","rosemary's baby","0.0","0.0"
"RuleBasedMatcher","actors_65","golden_globes_782","0.0","","1992-01-01","1996-01-01","1992-01-01","1996-01-01","0.0","0.0","['Jodie Foster', 'Anthony Hopkins']","","['Jodie Foster', 'Anthony Hopkins']","","0.0","0.0","The Silence of the Lambs","Braveheart","the silence of the lambs","braveheart","0.0","0.0"
"RuleBasedMatcher","actors_65","golden_globes_2077","0.05555555555555555","","1992-01-01","1964-01-01","1992-01-01","1964-01-01","0.0","0.0","['Jodie Foster', 'Anthony Hopkins']","","['Jodie Foster', 'Anthony Hopkins']","","0.0","0.0","The Silence of the Lambs","Haunting, The","the silence of the lambs","haunting, the","0.16666666666666666","0.16666666666666666"
"RuleBasedMatcher","actors_65","golden_globes_418","0.047619047619047616","","1992-01-01","2003-01-01","1992-01-01","2003-01-01","0.0","0.0","['Jodie Foster', 'Anthony Hopkins']","Michael Caine","['Jodie Foster', 'Anthony Hopkins']","Michael Caine","0.0","0.0","The Silence of the Lambs","Quiet American, The","the silence of the lambs","quiet american, the","0.14285714285714285","0.14285714285714285"
"RuleBasedMatcher","actors_65","golden_globes_530","0.09523809523809523","","1992-01-01","2001-01-01","1992-01-01","2001-01-01","0.0","0.0","['Jodie Foster', 'Anthony Hopkins']","Willem Dafoe","['Jodie Foster', 'Anthony Hopkins']","Willem Dafoe","0.0","0.0","The Silence of the Lambs","Shadow Of The Vampire","the silence of the lambs","shadow of the vampire","0.2857142857142857","0.2857142857142857"
"RuleBasedMatcher","actors_65","golden_globes_1498","0.08333333333333333","","1992-01-01","1982-01-01","1992-01-01","1982-01-01","0.0","0.0","['Jodie Foster', 'Anthony Hopkins']","","['Jodie Foster', 'Anthony Hopkins']","","0.0","0.0","The Silence of the Lambs","Raiders Of The Lost Ark","the silence of the lambs","raiders of the lost ark","0.25","0.25"
"RuleBasedMatcher","actors_65","golden_globes_1672","0.0","","1992-01-01","1978-01-01","1992-01-01","1978-01-01","0.0","0.0","['Jodie Foster', 'Anthony Hopkins']","Robert Conrad","['Jodie Foster', 'Anthony Hopkins']","Robert Conrad","0.0","0.0","The Silence of the Lambs","Baa Baa Black Sheep","the silence of the lambs","baa baa black sheep","0.0","0.0"
"RuleBasedMatcher","actors_65","golden_globes_1524","0.08333333333333333","","1992-01-01","1982-01-01","1992-01-01","1982-01-01","0.0","0.0","['Jodie Foster', 'Anthony Hopkins']","Ray Sharkey","['Jodie Foster', 'Anthony Hopkins']","Ray Sharkey","0.0","0.0","The Silence of the Lambs","Ordeal Of Bill Carney, The","the silence of the lambs","ordeal of bill carney, the","0.25","0.25"
"RuleBasedMatcher","actors_66","golden_globes_920","0.9999999999999999","","1993-01-01","1993-01-01","1993-01-01","1993-01-01","1.0","1.0","Emma Thompson","Emma Thompson","emma thompson","emma thompson","1.0","1.0","Howards End","Howards End","howards end","howards end","1.0","1.0"
"RuleBasedMatcher","actors_66","golden_globes_1543","0.0","","1993-01-01","1981-01-01","1993-01-01","1981-01-01","0.0","0.0","Emma Thompson","['Paul Le Mat', 'Mary Steenburgen', 'Jason Robards Jr.']","Emma Thompson","['Paul Le Mat', 'Mary Steenburgen', 'Jason Robards Jr.']","0.0","0.0","Howards End","Melvin and Howard","howards end","melvin and howard","0.0","0.0"
"RuleBasedMatcher","actors_66","golden_globes_2133","0.08333333333333333","","1993-01-01","1961-01-01","1993-01-01","1961-01-01","0.0","0.0","Emma Thompson","Dirk Bogarde","emma thompson","dirk bogarde","0.0","0.0","Howards End","Song Without End","howards end","song without end","0.25","0.25"
"RuleBasedMatcher","actors_66","golden_globes_96","0.0","","1993-01-01","2010-01-01","1993-01-01","2010-01-01","0.0","0.0","Emma Thompson","Chiwetel Ejiofor","emma thompson","chiwetel ejiofor","0.0","0.0","Howards End","Endgame","howards end","endgame","0.0","0.0"
"RuleBasedMatcher","actors_66","golden_globes_1949","0.0","","1993-01-01","1970-01-01","1993-01-01","1970-01-01","0.0","0.0","Emma Thompson","Jean Simmons","emma thompson","jean simmons","0.0","0.0","Howards End","Happy Ending, The","howards end","happy ending, the","0.0","0.0"
"RuleBasedMatcher","actors_66","golden_globes_563","0.05555555555555555","","1993-01-01","2000-01-01","1993-01-01","2000-01-01","0.0","0.0","Emma Thompson","Julianne Moore","emma thompson","julianne moore","0.0","0.0","Howards End","End Of The Affair, The","howards end","end of the affair, the","0.16666666666666666","0.16666666666666666"
"RuleBasedMatcher","actors_66","golden_globes_1261","0.0","","1993-01-01","1987-01-01","1993-01-01","1987-01-01","0.0","0.0","Emma Thompson","Don Johnson","emma thompson","don johnson","0.0","0.0","Howards End","Miami Vice","howards end","miami vice","0.0","0.0"
"RuleBasedMatcher","actors_66","golden_globes_1178","0.0","","1993-01-01","1989-01-01","1993-01-01","1989-01-01","0.0","0.0","Emma Thompson","Edward James Olmos","emma thompson","edward james olmos","0.0","0.0","Howards End","Miami Vice","howards end","miami vice","0.0","0.0"
"RuleBasedMatcher","actors_66","golden_globes_1301","0.0","","1993-01-01","1986-01-01","1993-01-01","1986-01-01","0.0","0.0","Emma Thompson","['Don Johnson', 'Philip Michael Thomas', 'Edward James Olmos']","Emma Thompson","['Don Johnson', 'Philip Michael Thomas', 'Edward James Olmos']","0.0","0.0","Howards End","Miami Vice","howards end","miami vice","0.0","0.0"
"RuleBasedMatcher","actors_66","golden_globes_1724","0.0","","1993-01-01","1977-01-01","1993-01-01","1977-01-01","0.0","0.0","Emma Thompson","Tony Randall","emma thompson","tony randall","0.0","0.0","Howards End","Tony Randall Show, The","howards end","tony randall show, the","0.0","0.0"
"RuleBasedMatcher","actors_66","golden_globes_1120","0.0","","1993-01-01","1990-01-01","1993-01-01","1990-01-01","0.0","0.0","Emma Thompson","Lane Smith","emma thompson","lane smith","0.0","0.0","Howards End","Final Days, The","howards end","final days, the","0.0","0.0"
"RuleBasedMatcher","actors_66","golden_globes_933","0.3333333333333333","","1993-01-01","1993-01-01","1993-01-01","1993-01-01","1.0","1.0","Emma Thompson","Tim Robbins","emma thompson","tim robbins","0.0","0.0","Howards End","Bob Roberts","howards end","bob roberts","0.0","0.0"
"RuleBasedMatcher","actors_66","golden_globes_1514","0.0","","1993-01-01","1982-01-01","1993-01-01","1982-01-01","0.0","0.0","Emma Thompson","Tony Randall","emma thompson","tony randall","0.0","0.0","Howards End","Love, Sidney","howards end","love, sidney","0.0","0.0"
"RuleBasedMatcher","actors_66","golden_globes_1467","0.0","","1993-01-01","1983-01-01","1993-01-01","1983-01-01","0.0","0.0","Emma Thompson","Tony Randall","emma thompson","tony randall","0.0","0.0","Howards End","Love, Sidney","howards end","love, sidney","0.0","0.0"
"RuleBasedMatcher","actors_66","golden_globes_1574","0.0","","1993-01-01","1980-01-01","1993-01-01","1980-01-01","0.0","0.0","Emma Thompson","['Jill Clayburgh', 'Burt Reynolds', 'Candice Bergen']","Emma Thompson","['Jill Clayburgh', 'Burt Reynolds', 'Candice Bergen']","0.0","0.0","Howards End","Starting Over","howards end","starting over","0.0","0.0"
"RuleBasedMatcher","actors_66","golden_globes_592","0.0","","1993-01-01","2000-01-01","1993-01-01","2000-01-01","0.0","0.0","Emma Thompson","","emma thompson","","0.0","0.0","Howards End","Sports Night","howards end","sports night","0.0","0.0"
"RuleBasedMatcher","actors_66","golden_globes_759","0.0","","1993-01-01","1996-01-01","1993-01-01","1996-01-01","0.0","0.0","Emma Thompson","['Elisabeth Shue', 'Nicolas Cage']","Emma Thompson","['Elisabeth Shue', 'Nicolas Cage']","0.0","0.0","Howards End","Leaving Las Vegas","howards end","leaving las vegas","0.0","0.0"
"RuleBasedMatcher","actors_66","golden_globes_872","0.0","","1993-01-01","1994-01-01","1993-01-01","1994-01-01","0.0","0.0","Emma Thompson","Tom Hanks","emma thompson","tom hanks","0.0","0.0","Howards End","Philadelphia","howards end","philadelphia","0.0","0.0"
"RuleBasedMatcher","actors_66","golden_globes_751","0.0","","1993-01-01","1997-01-01","1993-01-01","1997-01-01","0.0","0.0","Emma Thompson","['Helen Mirren', 'Beau Bridges']","Emma Thompson","['Helen Mirren', 'Beau Bridges']","0.0","0.0","Howards End","Losing Chase","howards end","losing chase","0.0","0.0"
"RuleBasedMatcher","actors_66","golden_globes_458","0.0","","1993-01-01","2002-01-01","1993-01-01","2002-01-01","0.0","0.0","Emma Thompson","Tilda Swinton","emma thompson","tilda swinton","0.0","0.0","Howards End","Deep End, The","howards end","deep end, the","0.0","0.0"
"RuleBasedMatcher","actors_67","golden_globes_866","0.611111111111111","","1994-01-01","1994-01-01","1994-01-01","1994-01-01","1.0","1.0","Holly Hunter","['Holly Hunter', 'Anna Paquin']","Holly Hunter","['Holly Hunter', 'Anna Paquin']","0.5","0.5","The Piano","Piano, The","the piano","piano, the","0.3333333333333333","0.3333333333333333"
"RuleBasedMatcher","actors_67","golden_globes_417","0.1111111111111111","","1994-01-01","2003-01-01","1994-01-01","2003-01-01","0.0","0.0","Holly Hunter","Adrien Brody","holly hunter","adrien brody","0.0","0.0","The Piano","Pianist, The","the piano","pianist, the","0.3333333333333333","0.3333333333333333"
"RuleBasedMatcher","actors_67","golden_globes_804","0.2222222222222222","","1994-01-01","1996-01-01","1994-01-01","1996-01-01","0.0","0.0","Holly Hunter","Charles S. Dutton","holly hunter","charles s. dutton","0.0","0.0","The Piano","Piano Lesson, The","the piano","piano lesson, the","0.6666666666666666","0.6666666666666666"
"RuleBasedMatcher","actors_67","golden_globes_1330","0.0","","1994-01-01","1985-01-01","1994-01-01","1985-01-01","0.0","0.0","Holly Hunter","['F. Murray Abraham', 'Tom Hulce', 'Jeffrey Jones']","Holly Hunter","['F. Murray Abraham', 'Tom Hulce', 'Jeffrey Jones']","0.0","0.0","The Piano","Amadeus","the piano","amadeus","0.0","0.0"
"RuleBasedMatcher","actors_67","golden_globes_2028","0.06666666666666667","","1994-01-01","1966-01-01","1994-01-01","1966-01-01","0.0","0.0","Holly Hunter","Peggy Wood","holly hunter","peggy wood","0.0","0.0","The Piano","Sound Of Music, The","the piano","sound of music, the","0.2","0.2"
"RuleBasedMatcher","actors_67","golden_globes_1075","0.08333333333333333","","1994-01-01","1990-01-01","1994-01-01","1990-01-01","0.0","0.0","Holly Hunter","Jessica Lange","holly hunter","jessica lange","0.0","0.0","The Piano","Music Box, The","the piano","music box, the","0.25","0.25"
"RuleBasedMatcher","actors_67","golden_globes_1860","0.0","","1994-01-01","1973-01-01","1994-01-01","1973-01-01","0.0","0.0","Holly Hunter","['Liza Minnelli', 'Marisa Berenson', 'Joel Grey']","Holly Hunter","['Liza Minnelli', 'Marisa Berenson', 'Joel Grey']","0.0","0.0","The Piano","Cabaret","the piano","cabaret","0.0","0.0"
"RuleBasedMatcher","actors_67","golden_globes_564","0.06666666666666667","","1994-01-01","2000-01-01","1994-01-01","2000-01-01","0.0","0.0","Holly Hunter","Meryl Streep","holly hunter","meryl streep","0.0","0.0","The Piano","Music Of The Heart","the piano","music of the heart","0.2","0.2"
"RuleBasedMatcher","actors_67","golden_globes_1606","0.0","","1994-01-01","1979-01-01","1994-01-01","1979-01-01","0.0","0.0","Holly Hunter","Ingrid Bergman","holly hunter","ingrid bergman","0.0","0.0","The Piano","Autumn Sonata","the piano","autumn sonata","0.0","0.0"
"RuleBasedMatcher","actors_67","golden_globes_1347","0.0","","1994-01-01","1985-01-01","1994-01-01","1985-01-01","0.0","0.0","Holly Hunter","Lesley Ann Warren","holly hunter","lesley ann warren","0.0","0.0","The Piano","Songwriter","the piano","songwriter","0.0","0.0"
"RuleBasedMatcher","actors_67","golden_globes_652","0.08333333333333333","","1994-01-01","1999-01-01","1994-01-01","1999-01-01","0.0","0.0","Holly Hunter","['Stockard Channing', 'Laura Dern']","Holly Hunter","['Stockard Channing', 'Laura Dern']","0.0","0.0","The Piano","Baby Dance, The","the piano","baby dance, the","0.25","0.25"
"RuleBasedMatcher","actors_67","golden_globes_574","0.1111111111111111","","1994-01-01","2000-01-01","1994-01-01","2000-01-01","0.0","0.0","Holly Hunter","Sharon Stone","holly hunter","sharon stone","0.0","0.0","The Piano","Muse, The","the piano","muse, the","0.3333333333333333","0.3333333333333333"
"RuleBasedMatcher","actors_67","golden_globes_1542","0.08333333333333333","","1994-01-01","1981-01-01","1994-01-01","1981-01-01","0.0","0.0","Holly Hunter","['Neil Diamond', 'Lucie Arnaz']","Holly Hunter","['Neil Diamond', 'Lucie Arnaz']","0.0","0.0","The Piano","Jazz Singer, The","the piano","jazz singer, the","0.25","0.25"
"RuleBasedMatcher","actors_67","golden_globes_2020","0.1111111111111111","","1994-01-01","1966-01-01","1994-01-01","1966-01-01","0.0","0.0","Holly Hunter","Rod Steiger","holly hunter","rod steiger","0.0","0.0","The Piano","Pawnbroker, The","the piano","pawnbroker, the","0.3333333333333333","0.3333333333333333"
"RuleBasedMatcher","actors_67","golden_globes_509","0.0","","1994-01-01","2001-01-01","1994-01-01","2001-01-01","0.0","0.0","Holly Hunter","Ellen Burstyn","holly hunter","ellen burstyn","0.0","0.0","The Piano","Requiem For a Dream","the piano","requiem for a dream","0.0","0.0"
"RuleBasedMatcher","actors_67","golden_globes_969","0.0","","1994-01-01","1993-01-01","1994-01-01","1993-01-01","0.0","0.0","Holly Hunter","Hume Cronyn","holly hunter","hume cronyn","0.0","0.0","The Piano","Broadway Bound","the piano","broadway bound","0.0","0.0"
"RuleBasedMatcher","actors_67","golden_globes_1472","0.1111111111111111","","1994-01-01","1983-01-01","1994-01-01","1983-01-01","0.0","0.0","Holly Hunter","Lee Remick","holly hunter","lee remick","0.0","0.0","The Piano","Letter, The","the piano","letter, the","0.3333333333333333","0.3333333333333333"
"RuleBasedMatcher","actors_67","golden_globes_1609","0.0","","1994-01-01","1979-01-01","1994-01-01","1979-01-01","0.0","0.0","Holly Hunter","['Glenda Jackson', 'Mona Washbourne']","Holly Hunter","['Glenda Jackson', 'Mona Washbourne']","0.0","0.0","The Piano","Stevie","the piano","stevie","0.0","0.0"
"RuleBasedMatcher","actors_67","golden_globes_1201","0.0","","1994-01-01","1988-01-01","1994-01-01","1988-01-01","0.0","0.0","Holly Hunter","Rob Lowe","holly hunter","rob lowe","0.0","0.0","The Piano","Square Dance","the piano","square dance","0.0","0.0"
"RuleBasedMatcher","actors_67","golden_globes_1233","0.0","","1994-01-01","1987-01-01","1994-01-01","1987-01-01","0.0","0.0","Holly Hunter","Julie Andrews","holly hunter","julie andrews","0.0","0.0","The Piano","Duet For One","the piano","duet for one","0.0","0.0"
"RuleBasedMatcher","actors_68","golden_globes_812","0.9999999999999999","","1995-01-01","1995-01-01","1995-01-01","1995-01-01","1.0","1.0","Jessica Lange","Jessica Lange","jessica lange","jessica lange","1.0","1.0","Blue Sky","Blue Sky","blue sky","blue sky","1.0","1.0"
"RuleBasedMatcher","actors_68","golden_globes_865","0.16666666666666666","0","1995-01-01","1994-01-01","1995-01-01","1994-01-01","0.0","0.0","Jessica Lange","Juliette Binoche","jessica lange","juliette binoche","0.0","0.0","Blue Sky","Blue","blue sky","blue","0.5","0.5"
"RuleBasedMatcher","actors_68","golden_globes_472","0.1111111111111111","","1995-01-01","2002-01-01","1995-01-01","2002-01-01","0.0","0.0","Jessica Lange","Cameron Diaz","jessica lange","cameron diaz","0.0","0.0","Blue Sky","Vanilla Sky","blue sky","vanilla sky","0.3333333333333333","0.3333333333333333"
"RuleBasedMatcher","actors_68","golden_globes_2223","0.0","","1995-01-01","1954-01-01","1995-01-01","1954-01-01","0.0","0.0","Jessica Lange","David Niven","jessica lange","david niven","0.0","0.0","Blue Sky","Moon Is Blue, The","blue sky","moon is blue, the","0.0","0.0"
"RuleBasedMatcher","actors_68","golden_globes_2242","0.08333333333333333","","1995-01-01","1952-01-01","1995-01-01","1952-01-01","0.0","0.0","Jessica Lange","Jane Wyman","jessica lange","jane wyman","0.0","0.0","Blue Sky","Blue Veil, The","blue sky","blue veil, the","0.25","0.25"
"RuleBasedMatcher","actors_68","golden_globes_2015","0.0","","1995-01-01","1966-01-01","1995-01-01","1966-01-01","0.0","0.0","Jessica Lange","['Elizabeth Hartman', 'Sidney Poitier']","Jessica Lange","['Elizabeth Hartman', 'Sidney Poitier']","0.0","0.0","Blue Sky","Patch Of Blue, a","blue sky","patch of blue, a","0.0","0.0"
"RuleBasedMatcher","actors_68","golden_globes_1043","0.0","","1995-01-01","1991-01-01","1995-01-01","1991-01-01","0.0","0.0","Jessica Lange","","jessica lange","","0.0","0.0","Blue Sky","Sheltering Sky, The","blue sky","sheltering sky, the","0.0","0.0"
"RuleBasedMatcher","actors_68","golden_globes_1833","0.08333333333333333","","1995-01-01","1974-01-01","1995-01-01","1974-01-01","0.0","0.0","Jessica Lange","Lee Remick","jessica lange","lee remick","0.0","0.0","Blue Sky","Blue Knight, The","blue sky","blue knight, the","0.25","0.25"
"RuleBasedMatcher","actors_68","golden_globes_5","0.1111111111111111","","1995-01-01","2011-01-01","1995-01-01","2011-01-01","0.0","0.0","Jessica Lange","['Michelle Williams', 'Ryan Gosling']","Jessica Lange","['Michelle Williams', 'Ryan Gosling']","0.0","0.0","Blue Sky","Blue Valentine","blue sky","blue valentine","0.3333333333333333","0.3333333333333333"
"RuleBasedMatcher","actors_68","golden_globes_532","0.0","","1995-01-01","2001-01-01","1995-01-01","2001-01-01","0.0","0.0","Jessica Lange","","jessica lange","","0.0","0.0","Blue Sky","Sunshine","blue sky","sunshine","0.0","0.0"
"RuleBasedMatcher","actors_68","golden_globes_1908","0.0","","1995-01-01","1972-01-01","1995-01-01","1972-01-01","0.0","0.0","Jessica Lange","","jessica lange","","0.0","0.0","Blue Sky","Summer Of '42","blue sky","summer of '42","0.0","0.0"
"RuleBasedMatcher","actors_68","golden_globes_637","0.1111111111111111","","1995-01-01","1999-01-01","1995-01-01","1999-01-01","0.0","0.0","Jessica Lange","['Kim Delaney', 'Jimmy Smits']","Jessica Lange","['Kim Delaney', 'Jimmy Smits']","0.0","0.0","Blue Sky","Nypd Blue","blue sky","nypd blue","0.3333333333333333","0.3333333333333333"
"RuleBasedMatcher","actors_68","golden_globes_839","0.4444444444444444","","1995-01-01","1995-01-01","1995-01-01","1995-01-01","1.0","1.0","Jessica Lange","Dennis Franz","jessica lange","dennis franz","0.0","0.0","Blue Sky","Nypd Blue","blue sky","nypd blue","0.3333333333333333","0.3333333333333333"
"RuleBasedMatcher","actors_68","golden_globes_683","0.1111111111111111","","1995-01-01","1998-01-01","1995-01-01","1998-01-01","0.0","0.0","Jessica Lange","Kim Delaney","jessica lange","kim delaney","0.0","0.0","Blue Sky","Nypd Blue","blue sky","nypd blue","0.3333333333333333","0.3333333333333333"
"RuleBasedMatcher","actors_68","golden_globes_789","0.1111111111111111","","1995-01-01","1996-01-01","1995-01-01","1996-01-01","0.0","0.0","Jessica Lange","Jimmy Smits","jessica lange","jimmy smits","0.0","0.0","Blue Sky","Nypd Blue","blue sky","nypd blue","0.3333333333333333","0.3333333333333333"
"RuleBasedMatcher","actors_68","golden_globes_892","0.1111111111111111","","1995-01-01","1994-01-01","1995-01-01","1994-01-01","0.0","0.0","Jessica Lange","['David Caruso', 'Dennis Franz']","Jessica Lange","['David Caruso', 'Dennis Franz']","0.0","0.0","Blue Sky","Nypd Blue","blue sky","nypd blue","0.3333333333333333","0.3333333333333333"
"RuleBasedMatcher","actors_68","golden_globes_739","0.1111111111111111","","1995-01-01","1997-01-01","1995-01-01","1997-01-01","0.0","0.0","Jessica Lange","Jimmy Smits","jessica lange","jimmy smits","0.0","0.0","Blue Sky","Nypd Blue","blue sky","nypd blue","0.3333333333333333","0.3333333333333333"
"RuleBasedMatcher","actors_68","golden_globes_306","0.0","","1995-01-01","2006-01-01","1995-01-01","2006-01-01","0.0","0.0","Jessica Lange","S. Epatha Merkerson","jessica lange","s. epatha merkerson","0.0","0.0","Blue Sky","Lackawanna Blues","blue sky","lackawanna blues","0.0","0.0"
"RuleBasedMatcher","actors_68","golden_globes_1180","0.0","","1995-01-01","1988-01-01","1995-01-01","1988-01-01","0.0","0.0","Jessica Lange","Faye Dunaway","jessica lange","faye dunaway","0.0","0.0","Blue Sky","Barfly","blue sky","barfly","0.0","0.0"
"RuleBasedMatcher","actors_68","golden_globes_1411","0.0","","1995-01-01","1984-01-01","1995-01-01","1984-01-01","0.0","0.0","Jessica Lange","Daniel J. Travanti","jessica lange","daniel j. travanti","0.0","0.0","Blue Sky","Hill Street Blues","blue sky","hill street blues","0.0","0.0"
"RuleBasedMatcher","actors_69","golden_globes_758","0.95","","1996-01-01","1996-01-01","1996-01-01","1996-01-01","1.0","1.0","Susan Sarandon","['Susan Sarandon', 'Sean Penn']","Susan Sarandon","['Susan Sarandon', 'Sean Penn']","0.5","0.5","Dead Man Walking","Dead Man Walking","dead man walking","dead man walking","1.0","1.0"
"RuleBasedMatcher","actors_69","golden_globes_275","0.0","","1996-01-01","2006-01-01","1996-01-01","2006-01-01","0.0","0.0","Susan Sarandon","['Reese Witherspoon', 'Joaquin Phoenix']","Susan Sarandon","['Reese Witherspoon', 'Joaquin Phoenix']","0.0","0.0","Dead Man Walking","Walk The Line","dead man walking","walk the line","0.0","0.0"
"RuleBasedMatcher","actors_69","golden_globes_1032","0.0","","1996-01-01","1991-01-01","1996-01-01","1991-01-01","0.0","0.0","Susan Sarandon","['Demi Moore', 'Patrick Swayze', 'Whoopi Goldberg']","Susan Sarandon","['Demi Moore', 'Patrick Swayze', 'Whoopi Goldberg']","0.0","0.0","Dead Man Walking","Ghost","dead man walking","ghost","0.0","0.0"
"RuleBasedMatcher","actors_69","golden_globes_1083","0.06666666666666667","","1996-01-01","1990-01-01","1996-01-01","1990-01-01","0.0","0.0","Susan Sarandon","Robin Williams","susan sarandon","robin williams","0.0","0.0","Dead Man Walking","Dead Poets Society","dead man walking","dead poets society","0.2","0.2"
"RuleBasedMatcher","actors_69","golden_globes_1528","0.0","","1996-01-01","1981-01-01","1996-01-01","1981-01-01","0.0","0.0","Susan Sarandon","Ellen Burstyn","susan sarandon","ellen burstyn","0.0","0.0","Dead Man Walking","Resurrection","dead man walking","resurrection","0.0","0.0"
"RuleBasedMatcher","actors_70","golden_globes_720","0.9999999999999999","","1997-01-01","1997-01-01","1997-01-01","1997-01-01","1.0","1.0","Frances McDormand","Frances McDormand","frances mcdormand","frances mcdormand","1.0","1.0","Fargo","Fargo","fargo","fargo","1.0","1.0"
"RuleBasedMatcher","actors_70","golden_globes_425","0.0","","1997-01-01","2003-01-01","1997-01-01","2003-01-01","0.0","0.0","Frances McDormand","['Ren�e Zellweger', 'Catherine Zeta-Jones', 'Richard Gere', 'Queen Latifah', 'John C. Reilly']","Frances McDormand","['Ren�e Zellweger', 'Catherine Zeta-Jones', 'Richard Gere', 'Queen Latifah', 'John C. Reilly']","0.0","0.0","Fargo","Chicago","fargo","chicago","0.0","0.0"
"RuleBasedMatcher","actors_70","golden_globes_1413","0.0","","1997-01-01","1984-01-01","1997-01-01","1984-01-01","0.0","0.0","Frances McDormand","['Joanna Cassidy', 'Dabney Coleman']","Frances McDormand","['Joanna Cassidy', 'Dabney Coleman']","0.0","0.0","Fargo","Buffalo Bill","fargo","buffalo bill","0.0","0.0"
"RuleBasedMatcher","actors_70","golden_globes_970","0.0","","1997-01-01","1993-01-01","1997-01-01","1993-01-01","0.0","0.0","Frances McDormand","Earl Holliman","frances mcdormand","earl holliman","0.0","0.0","Fargo","Delta","fargo","delta","0.0","0.0"
"RuleBasedMatcher","actors_70","golden_globes_1805","0.0","","1997-01-01","1975-01-01","1997-01-01","1975-01-01","0.0","0.0","Frances McDormand","['Redd Foxx', 'Whitman Mayo']","Frances McDormand","['Redd Foxx', 'Whitman Mayo']","0.0","0.0","Fargo","Sanford and Son","fargo","sanford and son","0.0","0.0"
"RuleBasedMatcher","actors_70","golden_globes_1846","0.0","","1997-01-01","1974-01-01","1997-01-01","1974-01-01","0.0","0.0","Frances McDormand","Redd Foxx","frances mcdormand","redd foxx","0.0","0.0","Fargo","Sanford and Son","fargo","sanford and son","0.0","0.0"
"RuleBasedMatcher","actors_70","golden_globes_1884","0.0","","1997-01-01","1973-01-01","1997-01-01","1973-01-01","0.0","0.0","Frances McDormand","Redd Foxx","frances mcdormand","redd foxx","0.0","0.0","Fargo","Sanford and Son","fargo","sanford and son","0.0","0.0"
"RuleBasedMatcher","actors_70","golden_globes_1767","0.0","","1997-01-01","1976-01-01","1997-01-01","1976-01-01","0.0","0.0","Frances McDormand","Redd Foxx","frances mcdormand","redd foxx","0.0","0.0","Fargo","Sanford and Son","fargo","sanford and son","0.0","0.0"
"RuleBasedMatcher","actors_70","golden_globes_1746","0.0","","1997-01-01","1976-01-01","1997-01-01","1976-01-01","0.0","0.0","Frances McDormand","['Ronee Blakley', 'Geraldine Chaplin', 'Barbara Harris', 'Lily Tomlin', 'Henry Gibson']","Frances McDormand","['Ronee Blakley', 'Geraldine Chaplin', 'Barbara Harris', 'Lily Tomlin', 'Henry Gibson']","0.0","0.0","Fargo","Nashville","fargo","nashville","0.0","0.0"
"RuleBasedMatcher","actors_70","golden_globes_1517","0.0","","1997-01-01","1982-01-01","1997-01-01","1982-01-01","0.0","0.0","Frances McDormand","Jane Seymour","frances mcdormand","jane seymour","0.0","0.0","Fargo","East Of Eden","fargo","east of eden","0.0","0.0"
"RuleBasedMatcher","actors_70","golden_globes_1379","0.0","","1997-01-01","1985-01-01","1997-01-01","1985-01-01","0.0","0.0","Frances McDormand","['Faye Dunaway', 'Ben Vereen']","Frances McDormand","['Faye Dunaway', 'Ben Vereen']","0.0","0.0","Fargo","Ellis Island","fargo","ellis island","0.0","0.0"
"RuleBasedMatcher","actors_70","golden_globes_1052","0.0","","1997-01-01","1991-01-01","1997-01-01","1991-01-01","0.0","0.0","Frances McDormand","['Kyle MacLachlan', 'Sherilyn Fenn', 'Piper Laurie']","Frances McDormand","['Kyle MacLachlan', 'Sherilyn Fenn', 'Piper Laurie']","0.0","0.0","Fargo","Twin Peaks","fargo","twin peaks","0.0","0.0"
"RuleBasedMatcher","actors_70","golden_globes_536","0.0","","1997-01-01","2001-01-01","1997-01-01","2001-01-01","0.0","0.0","Frances McDormand","Sarah Michelle Gellar","frances mcdormand","sarah michelle gellar","0.0","0.0","Fargo","Buffy The Vampire Slayer","fargo","buffy the vampire slayer","0.0","0.0"
"RuleBasedMatcher","actors_70","golden_globes_341","0.0","","1997-01-01","2005-01-01","1997-01-01","2005-01-01","0.0","0.0","Frances McDormand","Ian McShane","frances mcdormand","ian mcshane","0.0","0.0","Fargo","Deadwood","fargo","deadwood","0.0","0.0"
"RuleBasedMatcher","actors_70","golden_globes_1717","0.0","","1997-01-01","1977-01-01","1997-01-01","1977-01-01","0.0","0.0","Frances McDormand","Isabel Sanford","frances mcdormand","isabel sanford","0.0","0.0","Fargo","Jeffersons, The","fargo","jeffersons, the","0.0","0.0"
"RuleBasedMatcher","actors_70","golden_globes_1462","0.0","","1997-01-01","1983-01-01","1997-01-01","1983-01-01","0.0","0.0","Frances McDormand","Isabel Sanford","frances mcdormand","isabel sanford","0.0","0.0","Fargo","Jeffersons, The","fargo","jeffersons, the","0.0","0.0"
"RuleBasedMatcher","actors_70","golden_globes_1367","0.0","","1997-01-01","1985-01-01","1997-01-01","1985-01-01","0.0","0.0","Frances McDormand","['Isabel Sanford', 'Sherman Hemsley', 'Marla Gibbs']","Frances McDormand","['Isabel Sanford', 'Sherman Hemsley', 'Marla Gibbs']","0.0","0.0","Fargo","Jeffersons, The","fargo","jeffersons, the","0.0","0.0"
"RuleBasedMatcher","actors_70","golden_globes_1679","0.0","","1997-01-01","1978-01-01","1997-01-01","1978-01-01","0.0","0.0","Frances McDormand","Isabel Sanford","frances mcdormand","isabel sanford","0.0","0.0","Fargo","Jeffersons, The","fargo","jeffersons, the","0.0","0.0"
"RuleBasedMatcher","actors_70","golden_globes_1416","0.0","","1997-01-01","1984-01-01","1997-01-01","1984-01-01","0.0","0.0","Frances McDormand","Isabel Sanford","frances mcdormand","isabel sanford","0.0","0.0","Fargo","Jeffersons, The","fargo","jeffersons, the","0.0","0.0"
"RuleBasedMatcher","actors_70","golden_globes_521","0.0","","1997-01-01","2001-01-01","1997-01-01","2001-01-01","0.0","0.0","Frances McDormand","Ren�e Zellweger","frances mcdormand","ren�e zellweger","0.0","0.0","Fargo","Nurse Betty","fargo","nurse betty","0.0","0.0"
"RuleBasedMatcher","actors_71","golden_globes_672","0.9333333333333332","","1998-01-01","1998-01-01","1998-01-01","1998-01-01","1.0","1.0","Helen Hunt","['Helen Hunt', 'Jack Nicholson', 'Greg Kinnear']","Helen Hunt","['Helen Hunt', 'Jack Nicholson', 'Greg Kinnear']","0.3333333333333333","0.3333333333333333","As Good As It Gets","as Good as It Gets","as good as it gets","as good as it gets","1.0","1.0"
"RuleBasedMatcher","actors_71","golden_globes_191","0.09523809523809523","","1998-01-01","2008-01-01","1998-01-01","2008-01-01","0.0","0.0","Helen Hunt","Bryce Dallas Howard","helen hunt","bryce dallas howard","0.0","0.0","As Good As It Gets","as You Like It","as good as it gets","as you like it","0.2857142857142857","0.2857142857142857"
"RuleBasedMatcher","actors_71","golden_globes_1008","0.0","","1998-01-01","1992-01-01","1998-01-01","1992-01-01","0.0","0.0","Helen Hunt","['Judy Davis', 'Sam Neill']","Helen Hunt","['Judy Davis', 'Sam Neill']","0.0","0.0","As Good As It Gets","One Against The Wind","as good as it gets","one against the wind","0.0","0.0"
"RuleBasedMatcher","actors_71","golden_globes_2155","0.041666666666666664","","1998-01-01","1960-01-01","1998-01-01","1960-01-01","0.0","0.0","Helen Hunt","Jack Lemmon","helen hunt","jack lemmon","0.0","0.0","As Good As It Gets","Some Like It Hot","as good as it gets","some like it hot","0.125","0.125"
"RuleBasedMatcher","actors_71","golden_globes_1403","0.0","","1998-01-01","1984-01-01","1998-01-01","1984-01-01","0.0","0.0","Helen Hunt","Gene Hackman","helen hunt","gene hackman","0.0","0.0","As Good As It Gets","Under Fire","as good as it gets","under fire","0.0","0.0"
"RuleBasedMatcher","actors_71","golden_globes_2208","0.0","","1998-01-01","1957-01-01","1998-01-01","1957-01-01","0.0","0.0","Helen Hunt","['Eileen Heckart', 'Patty McCormack']","Helen Hunt","['Eileen Heckart', 'Patty McCormack']","0.0","0.0","As Good As It Gets","Bad Seed, The","as good as it gets","bad seed, the","0.0","0.0"
"RuleBasedMatcher","actors_71","golden_globes_270","0.037037037037037035","","1998-01-01","2006-01-01","1998-01-01","2006-01-01","0.0","0.0","Helen Hunt","David Strathairn","helen hunt","david strathairn","0.0","0.0","As Good As It Gets","Good Night, And Good Luck","as good as it gets","good night, and good luck","0.1111111111111111","0.1111111111111111"
"RuleBasedMatcher","actors_71","golden_globes_1587","0.0","","1998-01-01","1980-01-01","1998-01-01","1980-01-01","0.0","0.0","Helen Hunt","Natalie Wood","helen hunt","natalie wood","0.0","0.0","As Good As It Gets","From Here To Eternity","as good as it gets","from here to eternity","0.0","0.0"
"RuleBasedMatcher","actors_71","golden_globes_2225","0.0","","1998-01-01","1954-01-01","1998-01-01","1954-01-01","0.0","0.0","Helen Hunt","Frank Sinatra","helen hunt","frank sinatra","0.0","0.0","As Good As It Gets","From Here To Eternity","as good as it gets","from here to eternity","0.0","0.0"
"RuleBasedMatcher","actors_71","golden_globes_1461","0.0","","1998-01-01","1983-01-01","1998-01-01","1983-01-01","0.0","0.0","Helen Hunt","Rita Moreno","helen hunt","rita moreno","0.0","0.0","As Good As It Gets","9-To-5","as good as it gets","9-to-5","0.0","0.0"
"RuleBasedMatcher","actors_71","golden_globes_1540","0.0","","1998-01-01","1981-01-01","1998-01-01","1981-01-01","0.0","0.0","Helen Hunt","Dolly Parton","helen hunt","dolly parton","0.0","0.0","As Good As It Gets","9-To-5","as good as it gets","9-to-5","0.0","0.0"
"RuleBasedMatcher","actors_71","golden_globes_2236","0.0","","1998-01-01","1953-01-01","1998-01-01","1953-01-01","0.0","0.0","Helen Hunt","['Gloria Grahame', 'Gilbert Roland']","Helen Hunt","['Gloria Grahame', 'Gilbert Roland']","0.0","0.0","As Good As It Gets","Bad and The Beautiful, The","as good as it gets","bad and the beautiful, the","0.0","0.0"
"RuleBasedMatcher","actors_72","golden_globes_623","0.9333333333333332","","1999-01-01","1999-01-01","1999-01-01","1999-01-01","1.0","1.0","Gwyneth Paltrow","['Gwyneth Paltrow', 'Judi Dench', 'Geoffrey Rush']","Gwyneth Paltrow","['Gwyneth Paltrow', 'Judi Dench', 'Geoffrey Rush']","0.3333333333333333","0.3333333333333333","Shakespeare in Love","Shakespeare In Love","shakespeare in love","shakespeare in love","1.0","1.0"
"RuleBasedMatcher","actors_72","golden_globes_1980","0.0","","1999-01-01","1969-01-01","1999-01-01","1969-01-01","0.0","0.0","Gwyneth Paltrow","","gwyneth paltrow","","0.0","0.0","Shakespeare in Love","Romeo and Juliet","shakespeare in love","romeo and juliet","0.0","0.0"
"RuleBasedMatcher","actors_72","golden_globes_1226","0.13333333333333333","","1999-01-01","1988-01-01","1999-01-01","1988-01-01","0.0","0.0","Gwyneth Paltrow","James Woods","gwyneth paltrow","james woods","0.0","0.0","Shakespeare in Love","In Love and War","shakespeare in love","in love and war","0.4","0.4"
"RuleBasedMatcher","actors_72","golden_globes_1082","0.06666666666666667","","1999-01-01","1990-01-01","1999-01-01","1990-01-01","0.0","0.0","Gwyneth Paltrow","Al Pacino","gwyneth paltrow","al pacino","0.0","0.0","Shakespeare in Love","Sea Of Love","shakespeare in love","sea of love","0.2","0.2"
"RuleBasedMatcher","actors_72","golden_globes_1911","0.08333333333333333","","1999-01-01","1971-01-01","1999-01-01","1971-01-01","0.0","0.0","Gwyneth Paltrow","['Ali MacGraw', "Ryan O'Neal", 'John Marley']","Gwyneth Paltrow","['Ali MacGraw', "Ryan O'Neal", 'John Marley']","0.0","0.0","Shakespeare in Love","Love Story","shakespeare in love","love story","0.25","0.25"
"RuleBasedMatcher","actors_72","golden_globes_1776","0.0","","1999-01-01","1975-01-01","1999-01-01","1975-01-01","0.0","0.0","Gwyneth Paltrow","Liv Ullmann","gwyneth paltrow","liv ullmann","0.0","0.0","Shakespeare in Love","Scenes From a Marriage","shakespeare in love","scenes from a marriage","0.0","0.0"
"RuleBasedMatcher","actors_72","golden_globes_2188","0.13333333333333333","","1999-01-01","1958-01-01","1999-01-01","1958-01-01","0.0","0.0","Gwyneth Paltrow","Maurice Chevalier","gwyneth paltrow","maurice chevalier","0.0","0.0","Shakespeare in Love","Love In The Afternoon","shakespeare in love","love in the afternoon","0.4","0.4"
"RuleBasedMatcher","actors_72","golden_globes_1467","0.0","","1999-01-01","1983-01-01","1999-01-01","1983-01-01","0.0","0.0","Gwyneth Paltrow","Tony Randall","gwyneth paltrow","tony randall","0.0","0.0","Shakespeare in Love","Love, Sidney","shakespeare in love","love, sidney","0.0","0.0"
"RuleBasedMatcher","actors_72","golden_globes_1514","0.0","","1999-01-01","1982-01-01","1999-01-01","1982-01-01","0.0","0.0","Gwyneth Paltrow","Tony Randall","gwyneth paltrow","tony randall","0.0","0.0","Shakespeare in Love","Love, Sidney","shakespeare in love","love, sidney","0.0","0.0"
"RuleBasedMatcher","actors_72","golden_globes_917","0.08333333333333333","","1999-01-01","1993-01-01","1999-01-01","1993-01-01","0.0","0.0","Gwyneth Paltrow","Michelle Pfeiffer","gwyneth paltrow","michelle pfeiffer","0.0","0.0","Shakespeare in Love","Love Field","shakespeare in love","love field","0.25","0.25"
"RuleBasedMatcher","actors_72","golden_globes_1531","0.06666666666666667","","1999-01-01","1981-01-01","1999-01-01","1981-01-01","0.0","0.0","Gwyneth Paltrow","Deborah Raffin","gwyneth paltrow","deborah raffin","0.0","0.0","Shakespeare in Love","Touched By Love","shakespeare in love","touched by love","0.2","0.2"
"RuleBasedMatcher","actors_72","golden_globes_1168","0.0","","1999-01-01","1989-01-01","1999-01-01","1989-01-01","0.0","0.0","Gwyneth Paltrow","Jane Seymour","gwyneth paltrow","jane seymour","0.0","0.0","Shakespeare in Love","Woman He Loved, The","shakespeare in love","woman he loved, the","0.0","0.0"
"RuleBasedMatcher","actors_72","golden_globes_1291","0.0","","1999-01-01","1986-01-01","1999-01-01","1986-01-01","0.0","0.0","Gwyneth Paltrow","['Sally Field', 'James Garner']","Gwyneth Paltrow","['Sally Field', 'James Garner']","0.0","0.0","Shakespeare in Love","Murphy's Romance","shakespeare in love","murphy's romance","0.0","0.0"
"RuleBasedMatcher","actors_72","golden_globes_181","0.08333333333333333","","1999-01-01","2008-01-01","1999-01-01","2008-01-01","0.0","0.0","Gwyneth Paltrow","Bill Paxton","gwyneth paltrow","bill paxton","0.0","0.0","Shakespeare in Love","Big Love","shakespeare in love","big love","0.25","0.25"
"RuleBasedMatcher","actors_72","golden_globes_237","0.08333333333333333","","1999-01-01","2007-01-01","1999-01-01","2007-01-01","0.0","0.0","Gwyneth Paltrow","Bill Paxton","gwyneth paltrow","bill paxton","0.0","0.0","Shakespeare in Love","Big Love","shakespeare in love","big love","0.25","0.25"
"RuleBasedMatcher","actors_72","golden_globes_81","0.08333333333333333","","1999-01-01","2010-01-01","1999-01-01","2010-01-01","0.0","0.0","Gwyneth Paltrow","['Bill Paxton', 'Chlo� Sevigny']","Gwyneth Paltrow","['Bill Paxton', 'Chlo� Sevigny']","0.0","0.0","Shakespeare in Love","Big Love","shakespeare in love","big love","0.25","0.25"
"RuleBasedMatcher","actors_72","golden_globes_1314","0.05555555555555555","","1999-01-01","1986-01-01","1999-01-01","1986-01-01","0.0","0.0","Gwyneth Paltrow","Joanne Woodward","gwyneth paltrow","joanne woodward","0.0","0.0","Shakespeare in Love","Do You Remember Love","shakespeare in love","do you remember love","0.16666666666666666","0.16666666666666666"
"RuleBasedMatcher","actors_72","golden_globes_2058","0.047619047619047616","","1999-01-01","1964-01-01","1999-01-01","1964-01-01","0.0","0.0","Gwyneth Paltrow","['Natalie Wood', 'Steve McQueen']","Gwyneth Paltrow","['Natalie Wood', 'Steve McQueen']","0.0","0.0","Shakespeare in Love","Love With The Proper Stranger","shakespeare in love","love with the proper stranger","0.14285714285714285","0.14285714285714285"
"RuleBasedMatcher","actors_72","golden_globes_1910","0.16666666666666666","","1999-01-01","1971-01-01","1999-01-01","1971-01-01","0.0","0.0","Gwyneth Paltrow","Glenda Jackson","gwyneth paltrow","glenda jackson","0.0","0.0","Shakespeare in Love","Women In Love","shakespeare in love","women in love","0.5","0.5"
"RuleBasedMatcher","actors_72","golden_globes_655","0.3333333333333333","","1999-01-01","1999-01-01","1999-01-01","1999-01-01","1.0","1.0","Gwyneth Paltrow","Peter Fonda","gwyneth paltrow","peter fonda","0.0","0.0","Shakespeare in Love","Tempest, The","shakespeare in love","tempest, the","0.0","0.0"
"RuleBasedMatcher","actors_73","golden_globes_565","0.95","","2000-01-01","2000-01-01","2000-01-01","2000-01-01","1.0","1.0","Hilary Swank","['Hilary Swank', 'Chlo� Sevigny']","Hilary Swank","['Hilary Swank', 'Chlo� Sevigny']","0.5","0.5","Boys Don't Cry","Boys Don't Cry","boys don't cry","boys don't cry","1.0","1.0"
"RuleBasedMatcher","actors_73","golden_globes_1188","0.08333333333333333","","2000-01-01","1988-01-01","2000-01-01","1988-01-01","0.0","0.0","Hilary Swank","Denzel Washington","hilary swank","denzel washington","0.0","0.0","Boys Don't Cry","Cry Freedom","boys don't cry","cry freedom","0.25","0.25"
"RuleBasedMatcher","actors_73","golden_globes_981","0.06666666666666667","","2000-01-01","1992-01-01","2000-01-01","1992-01-01","0.0","0.0","Hilary Swank","Bette Midler","hilary swank","bette midler","0.0","0.0","Boys Don't Cry","For The Boys","boys don't cry","for the boys","0.2","0.2"
"RuleBasedMatcher","actors_73","golden_globes_1128","0.047619047619047616","","2000-01-01","1989-01-01","2000-01-01","1989-01-01","0.0","0.0","Hilary Swank","Meryl Streep","hilary swank","meryl streep","0.0","0.0","Boys Don't Cry","Cry In The Dark, a","boys don't cry","cry in the dark, a","0.14285714285714285","0.14285714285714285"
"RuleBasedMatcher","actors_73","golden_globes_1862","0.0","","2000-01-01","1973-01-01","2000-01-01","1973-01-01","0.0","0.0","Hilary Swank","['Charles Grodin', 'Jeannie Berlin']","Hilary Swank","['Charles Grodin', 'Jeannie Berlin']","0.0","0.0","Boys Don't Cry","Heartbreak Kid, The","boys don't cry","heartbreak kid, the","0.0","0.0"
"RuleBasedMatcher","actors_73","golden_globes_1273","0.0","","2000-01-01","1987-01-01","2000-01-01","1987-01-01","0.0","0.0","Hilary Swank","Marlo Thomas","hilary swank","marlo thomas","0.0","0.0","Boys Don't Cry","Nobody's Child","boys don't cry","nobody's child","0.0","0.0"
"RuleBasedMatcher","actors_73","golden_globes_514","0.08333333333333333","","2000-01-01","2001-01-01","2000-01-01","2001-01-01","0.0","0.0","Hilary Swank","Michael Douglas","hilary swank","michael douglas","0.0","0.0","Boys Don't Cry","Wonder Boys","boys don't cry","wonder boys","0.25","0.25"
"RuleBasedMatcher","actors_73","golden_globes_912","0.06666666666666667","","2000-01-01","1994-01-01","2000-01-01","1994-01-01","0.0","0.0","Hilary Swank","Peter Strauss","hilary swank","peter strauss","0.0","0.0","Boys Don't Cry","Men Don't Tell","boys don't cry","men don't tell","0.2","0.2"
"RuleBasedMatcher","actors_73","golden_globes_428","0.0","","2000-01-01","2003-01-01","2000-01-01","2003-01-01","0.0","0.0","Hilary Swank","Hugh Grant","hilary swank","hugh grant","0.0","0.0","Boys Don't Cry","About a Boy","boys don't cry","about a boy","0.0","0.0"
"RuleBasedMatcher","actors_73","golden_globes_1614","0.05555555555555555","","2000-01-01","1979-01-01","2000-01-01","1979-01-01","0.0","0.0","Hilary Swank","Gregory Peck","hilary swank","gregory peck","0.0","0.0","Boys Don't Cry","Boys From Brazil, The","boys don't cry","boys from brazil, the","0.16666666666666666","0.16666666666666666"
"RuleBasedMatcher","actors_73","golden_globes_703","0.06666666666666667","","2000-01-01","1998-01-01","2000-01-01","1998-01-01","0.0","0.0","Hilary Swank","Alfre Woodard","hilary swank","alfre woodard","0.0","0.0","Boys Don't Cry","Miss Evers' Boys","boys don't cry","miss evers' boys","0.2","0.2"
"RuleBasedMatcher","actors_73","golden_globes_1224","0.06666666666666667","","2000-01-01","1988-01-01","2000-01-01","1988-01-01","0.0","0.0","Hilary Swank","['Judd Nelson', 'Brian McNamara']","Hilary Swank","['Judd Nelson', 'Brian McNamara']","0.0","0.0","Boys Don't Cry","Billionaire Boys Club","boys don't cry","billionaire boys club","0.2","0.2"
"RuleBasedMatcher","actors_73","golden_globes_368","0.0","","2000-01-01","2004-01-01","2000-01-01","2004-01-01","0.0","0.0","Hilary Swank","['Evan Rachel Wood', 'Holly Hunter']","Hilary Swank","['Evan Rachel Wood', 'Holly Hunter']","0.0","0.0","Boys Don't Cry","Thirteen","boys don't cry","thirteen","0.0","0.0"
"RuleBasedMatcher","actors_73","golden_globes_210","0.0","","2000-01-01","2007-01-01","2000-01-01","2007-01-01","0.0","0.0","Hilary Swank","Kate Winslet","hilary swank","kate winslet","0.0","0.0","Boys Don't Cry","Little Children","boys don't cry","little children","0.0","0.0"
"RuleBasedMatcher","actors_73","golden_globes_22","0.0","","2000-01-01","2011-01-01","2000-01-01","2011-01-01","0.0","0.0","Hilary Swank","['Elisabeth Moss', 'Jon Hamm']","Hilary Swank","['Elisabeth Moss', 'Jon Hamm']","0.0","0.0","Boys Don't Cry","Mad Men","boys don't cry","mad men","0.0","0.0"
"RuleBasedMatcher","actors_73","golden_globes_179","0.0","","2000-01-01","2008-01-01","2000-01-01","2008-01-01","0.0","0.0","Hilary Swank","Jon Hamm","hilary swank","jon hamm","0.0","0.0","Boys Don't Cry","Mad Men","boys don't cry","mad men","0.0","0.0"
"RuleBasedMatcher","actors_73","golden_globes_74","0.0","","2000-01-01","2010-01-01","2000-01-01","2010-01-01","0.0","0.0","Hilary Swank","['January Jones', 'Jon Hamm']","Hilary Swank","['January Jones', 'Jon Hamm']","0.0","0.0","Boys Don't Cry","Mad Men","boys don't cry","mad men","0.0","0.0"
"RuleBasedMatcher","actors_73","golden_globes_124","0.0","","2000-01-01","2009-01-01","2000-01-01","2009-01-01","0.0","0.0","Hilary Swank","['January Jones', 'Jon Hamm']","Hilary Swank","['January Jones', 'Jon Hamm']","0.0","0.0","Boys Don't Cry","Mad Men","boys don't cry","mad men","0.0","0.0"
"RuleBasedMatcher","actors_73","golden_globes_58","0.0","","2000-01-01","2010-01-01","2000-01-01","2010-01-01","0.0","0.0","Hilary Swank","Tobey  Maguire","hilary swank","tobey  maguire","0.0","0.0","Boys Don't Cry","Brothers","boys don't cry","brothers","0.0","0.0"
"RuleBasedMatcher","actors_73","golden_globes_2011","0.0","","2000-01-01","1967-01-01","2000-01-01","1967-01-01","0.0","0.0","Hilary Swank","Geraldine Page","hilary swank","geraldine page","0.0","0.0","Boys Don't Cry","You'Re a Big Boy Now","boys don't cry","you're a big boy now","0.0","0.0"
"RuleBasedMatcher","actors_74","golden_globes_511","0.95","","2001-01-01","2001-01-01","2001-01-01","2001-01-01","1.0","1.0","Julia Roberts","['Julia Roberts', 'Albert Finney']","Julia Roberts","['Julia Roberts', 'Albert Finney']","0.5","0.5","Erin Brockovich","Erin Brockovich","erin brockovich","erin brockovich","1.0","1.0"
"RuleBasedMatcher","actors_74","golden_globes_41","0.0","","2001-01-01","2011-01-01","2001-01-01","2011-01-01","0.0","0.0","Julia Roberts","Romola Garai","julia roberts","romola garai","0.0","0.0","Erin Brockovich","Emma","erin brockovich","emma","0.0","0.0"
"RuleBasedMatcher","actors_74","golden_globes_771","0.0","","2001-01-01","1996-01-01","2001-01-01","1996-01-01","0.0","0.0","Julia Roberts","Harrison Ford","julia roberts","harrison ford","0.0","0.0","Erin Brockovich","Sabrina","erin brockovich","sabrina","0.0","0.0"
"RuleBasedMatcher","actors_74","golden_globes_1646","0.0","","2001-01-01","1978-01-01","2001-01-01","1978-01-01","0.0","0.0","Julia Roberts","['Jane Fonda', 'Vanessa Redgrave', 'Jason Robards Jr.', 'Maximilian Schell']","Julia Roberts","['Jane Fonda', 'Vanessa Redgrave', 'Jason Robards Jr.', 'Maximilian Schell']","0.0","0.0","Erin Brockovich","Julia","erin brockovich","julia","0.0","0.0"
"RuleBasedMatcher","actors_74","golden_globes_1422","0.0","","2001-01-01","1984-01-01","2001-01-01","1984-01-01","0.0","0.0","Julia Roberts","['Blair Brown', 'Martin Sheen']","Julia Roberts","['Blair Brown', 'Martin Sheen']","0.0","0.0","Erin Brockovich","Kennedy","erin brockovich","kennedy","0.0","0.0"
"RuleBasedMatcher","actors_74","golden_globes_950","0.0","","2001-01-01","1993-01-01","2001-01-01","1993-01-01","0.0","0.0","Julia Roberts","['Roseanne', 'John Goodman', 'Laurie Metcalf']","Julia Roberts","['Roseanne', 'John Goodman', 'Laurie Metcalf']","0.0","0.0","Erin Brockovich","Roseanne","erin brockovich","roseanne","0.0","0.0"
"RuleBasedMatcher","actors_74","golden_globes_1057","0.0","","2001-01-01","1991-01-01","2001-01-01","1991-01-01","0.0","0.0","Julia Roberts","['Roseanne', 'John Goodman']","Julia Roberts","['Roseanne', 'John Goodman']","0.0","0.0","Erin Brockovich","Roseanne","erin brockovich","roseanne","0.0","0.0"
"RuleBasedMatcher","actors_74","golden_globes_898","0.0","","2001-01-01","1994-01-01","2001-01-01","1994-01-01","0.0","0.0","Julia Roberts","Roseanne","julia roberts","roseanne","0.0","0.0","Erin Brockovich","Roseanne","erin brockovich","roseanne","0.0","0.0"
"RuleBasedMatcher","actors_74","golden_globes_1158","0.0","","2001-01-01","1989-01-01","2001-01-01","1989-01-01","0.0","0.0","Julia Roberts","['Roseanne', 'John Goodman']","Julia Roberts","['Roseanne', 'John Goodman']","0.0","0.0","Erin Brockovich","Roseanne","erin brockovich","roseanne","0.0","0.0"
"RuleBasedMatcher","actors_74","golden_globes_1109","0.0","","2001-01-01","1990-01-01","2001-01-01","1990-01-01","0.0","0.0","Julia Roberts","John Goodman","julia roberts","john goodman","0.0","0.0","Erin Brockovich","Roseanne","erin brockovich","roseanne","0.0","0.0"
"RuleBasedMatcher","actors_74","golden_globes_862","0.0","","2001-01-01","1995-01-01","2001-01-01","1995-01-01","0.0","0.0","Julia Roberts","Laurie Metcalf","julia roberts","laurie metcalf","0.0","0.0","Erin Brockovich","Roseanne","erin brockovich","roseanne","0.0","0.0"
"RuleBasedMatcher","actors_74","golden_globes_1002","0.0","","2001-01-01","1992-01-01","2001-01-01","1992-01-01","0.0","0.0","Julia Roberts","Roseanne","julia roberts","roseanne","0.0","0.0","Erin Brockovich","Roseanne","erin brockovich","roseanne","0.0","0.0"
"RuleBasedMatcher","actors_74","golden_globes_640","0.0","","2001-01-01","1999-01-01","2001-01-01","1999-01-01","0.0","0.0","Julia Roberts","Keri Russell","julia roberts","keri russell","0.0","0.0","Erin Brockovich","Felicity","erin brockovich","felicity","0.0","0.0"
"RuleBasedMatcher","actors_74","golden_globes_109","0.0","","2001-01-01","2009-01-01","2001-01-01","2009-01-01","0.0","0.0","Julia Roberts","['Mickey Rourke', 'Marisa Tomei']","Julia Roberts","['Mickey Rourke', 'Marisa Tomei']","0.0","0.0","Erin Brockovich","Wrestler, The","erin brockovich","wrestler, the","0.0","0.0"
"RuleBasedMatcher","actors_74","golden_globes_845","0.0","","2001-01-01","1995-01-01","2001-01-01","1995-01-01","0.0","0.0","Julia Roberts","Ellen DeGeneres","julia roberts","ellen degeneres","0.0","0.0","Erin Brockovich","Ellen","erin brockovich","ellen","0.0","0.0"
"RuleBasedMatcher","actors_74","golden_globes_690","0.0","","2001-01-01","1998-01-01","2001-01-01","1998-01-01","0.0","0.0","Julia Roberts","['Ellen DeGeneres', 'Joely Fisher']","Julia Roberts","['Ellen DeGeneres', 'Joely Fisher']","0.0","0.0","Erin Brockovich","Ellen","erin brockovich","ellen","0.0","0.0"
"RuleBasedMatcher","actors_74","golden_globes_791","0.0","","2001-01-01","1996-01-01","2001-01-01","1996-01-01","0.0","0.0","Julia Roberts","Ellen DeGeneres","julia roberts","ellen degeneres","0.0","0.0","Erin Brockovich","Ellen","erin brockovich","ellen","0.0","0.0"
"RuleBasedMatcher","actors_74","golden_globes_2007","0.0","","2001-01-01","1967-01-01","2001-01-01","1967-01-01","0.0","0.0","Julia Roberts","Alan Bates","julia roberts","alan bates","0.0","0.0","Erin Brockovich","Georgy Girl","erin brockovich","georgy girl","0.0","0.0"
"RuleBasedMatcher","actors_74","golden_globes_692","0.0","","2001-01-01","1998-01-01","2001-01-01","1998-01-01","0.0","0.0","Julia Roberts","Calista Flockhart","julia roberts","calista flockhart","0.0","0.0","Erin Brockovich","Ally McBeal","erin brockovich","ally mcbeal","0.0","0.0"
"RuleBasedMatcher","actors_74","golden_globes_594","0.0","","2001-01-01","2000-01-01","2001-01-01","2000-01-01","0.0","0.0","Julia Roberts","Calista Flockhart","julia roberts","calista flockhart","0.0","0.0","Erin Brockovich","Ally McBeal","erin brockovich","ally mcbeal","0.0","0.0"
"RuleBasedMatcher","actors_75","golden_globes_454","0.7777777777777777","","2002-01-01","2002-01-01","2002-01-01","2002-01-01","1.0","1.0","Halle Berry","Halle Berry","halle berry","halle berry","1.0","1.0","Monsters Ball","Monster's Ball","monsters ball","monster's ball","0.3333333333333333","0.3333333333333333"
"RuleBasedMatcher","actors_75","golden_globes_366","0.0","","2002-01-01","2004-01-01","2002-01-01","2004-01-01","0.0","0.0","Halle Berry","Charlize Theron","halle berry","charlize theron","0.0","0.0","Monsters Ball","Monster","monsters ball","monster","0.0","0.0"
"RuleBasedMatcher","actors_75","golden_globes_2023","0.0","","2002-01-01","1966-01-01","2002-01-01","1966-01-01","0.0","0.0","Halle Berry","Lee Marvin","halle berry","lee marvin","0.0","0.0","Monsters Ball","Cat Ballou","monsters ball","cat ballou","0.0","0.0"
"RuleBasedMatcher","actors_75","golden_globes_619","0.08333333333333333","","2002-01-01","1999-01-01","2002-01-01","1999-01-01","0.0","0.0","Halle Berry","['Ian McKellen', 'Lynn Redgrave']","Halle Berry","['Ian McKellen', 'Lynn Redgrave']","0.0","0.0","Monsters Ball","Gods and Monsters","monsters ball","gods and monsters","0.25","0.25"
"RuleBasedMatcher","actors_75","golden_globes_285","0.0","","2002-01-01","2006-01-01","2002-01-01","2006-01-01","0.0","0.0","Halle Berry","","halle berry","","0.0","0.0","Monsters Ball","King Kong","monsters ball","king kong","0.0","0.0"
"RuleBasedMatcher","actors_75","golden_globes_1497","0.0","","2002-01-01","1982-01-01","2002-01-01","1982-01-01","0.0","0.0","Halle Berry","Orson Welles","halle berry","orson welles","0.0","0.0","Monsters Ball","Butterfly","monsters ball","butterfly","0.0","0.0"
"RuleBasedMatcher","actors_75","golden_globes_1617","0.0","","2002-01-01","1979-01-01","2002-01-01","1979-01-01","0.0","0.0","Halle Berry","['Goldie Hawn', 'Chevy Chase', 'Dudley Moore']","Halle Berry","['Goldie Hawn', 'Chevy Chase', 'Dudley Moore']","0.0","0.0","Monsters Ball","Foul Play","monsters ball","foul play","0.0","0.0"
"RuleBasedMatcher","actors_75","golden_globes_211","0.0","","2002-01-01","2007-01-01","2002-01-01","2007-01-01","0.0","0.0","Halle Berry","Leonardo DiCaprio","halle berry","leonardo dicaprio","0.0","0.0","Monsters Ball","Blood Diamond","monsters ball","blood diamond","0.0","0.0"
"RuleBasedMatcher","actors_75","golden_globes_1929","0.0","","2002-01-01","1971-01-01","2002-01-01","1971-01-01","0.0","0.0","Halle Berry","Yvette Mimieux","halle berry","yvette mimieux","0.0","0.0","Monsters Ball","Most Deadly Game, The","monsters ball","most deadly game, the","0.0","0.0"
"RuleBasedMatcher","actors_75","golden_globes_2031","0.0","","2002-01-01","1966-01-01","2002-01-01","1966-01-01","0.0","0.0","Halle Berry","Telly Savalas","halle berry","telly savalas","0.0","0.0","Monsters Ball","Battle Of The Bulge","monsters ball","battle of the bulge","0.0","0.0"
"RuleBasedMatcher","actors_75","golden_globes_2210","0.0","","2002-01-01","1957-01-01","2002-01-01","1957-01-01","0.0","0.0","Halle Berry","","halle berry","","0.0","0.0","Monsters Ball","Giant","monsters ball","giant","0.0","0.0"
"RuleBasedMatcher","actors_75","golden_globes_533","0.0","","2002-01-01","2001-01-01","2002-01-01","2001-01-01","0.0","0.0","Halle Berry","Jessica Alba","halle berry","jessica alba","0.0","0.0","Monsters Ball","Dark Angel","monsters ball","dark angel","0.0","0.0"
"RuleBasedMatcher","actors_75","golden_globes_1134","0.0","","2002-01-01","1989-01-01","2002-01-01","1989-01-01","0.0","0.0","Halle Berry","['Forest Whitaker', 'Diane Venora']","Halle Berry","['Forest Whitaker', 'Diane Venora']","0.0","0.0","Monsters Ball","Bird","monsters ball","bird","0.0","0.0"
"RuleBasedMatcher","actors_75","golden_globes_1527","0.0","","2002-01-01","1982-01-01","2002-01-01","1982-01-01","0.0","0.0","Halle Berry","Herve Villechaize","halle berry","herve villechaize","0.0","0.0","Monsters Ball","Fantasy Island","monsters ball","fantasy island","0.0","0.0"
"RuleBasedMatcher","actors_75","golden_globes_1783","0.0","","2002-01-01","1975-01-01","2002-01-01","1975-01-01","0.0","0.0","Halle Berry","['Cloris Leachman', 'Madeline Kahn']","Halle Berry","['Cloris Leachman', 'Madeline Kahn']","0.0","0.0","Monsters Ball","Young Frankenstein","monsters ball","young frankenstein","0.0","0.0"
"RuleBasedMatcher","actors_75","golden_globes_2094","0.0","","2002-01-01","1963-01-01","2002-01-01","1963-01-01","0.0","0.0","Halle Berry","['Stephen Boyd', 'Jimmy Durante', 'Martha Raye']","Halle Berry","['Stephen Boyd', 'Jimmy Durante', 'Martha Raye']","0.0","0.0","Monsters Ball","Billy Rose's Jumbo","monsters ball","billy rose's jumbo","0.0","0.0"
"RuleBasedMatcher","actors_75","golden_globes_2197","0.0","","2002-01-01","1957-01-01","2002-01-01","1957-01-01","0.0","0.0","Halle Berry","['Carroll Baker', 'Karl Malden', 'Mildred Dunnock', 'Eli Wallach']","Halle Berry","['Carroll Baker', 'Karl Malden', 'Mildred Dunnock', 'Eli Wallach']","0.0","0.0","Monsters Ball","Baby Doll","monsters ball","baby doll","0.0","0.0"
"RuleBasedMatcher","actors_75","golden_globes_2054","0.0","","2002-01-01","1964-01-01","2002-01-01","1964-01-01","0.0","0.0","Halle Berry","Rachel Roberts","halle berry","rachel roberts","0.0","0.0","Monsters Ball","This Sporting Life","monsters ball","this sporting life","0.0","0.0"
"RuleBasedMatcher","actors_75","golden_globes_1180","0.0","","2002-01-01","1988-01-01","2002-01-01","1988-01-01","0.0","0.0","Halle Berry","Faye Dunaway","halle berry","faye dunaway","0.0","0.0","Monsters Ball","Barfly","monsters ball","barfly","0.0","0.0"
"RuleBasedMatcher","actors_75","golden_globes_1818","0.0","","2002-01-01","1974-01-01","2002-01-01","1974-01-01","0.0","0.0","Halle Berry","['Yvonne Elliman', 'Carl Anderson', 'Ted Neely']","Halle Berry","['Yvonne Elliman', 'Carl Anderson', 'Ted Neely']","0.0","0.0","Monsters Ball","Jesus Christ Superstar","monsters ball","jesus christ superstar","0.0","0.0"
"RuleBasedMatcher","actors_76","golden_globes_414","0.5555555555555555","","2003-01-01","2003-01-01","2003-01-01","2003-01-01","1.0","1.0","Nicole Kidman","['Nicole Kidman', 'Meryl Streep', 'Ed Harris']","Nicole Kidman","['Nicole Kidman', 'Meryl Streep', 'Ed Harris']","0.3333333333333333","0.3333333333333333","The Hours","Hours, The","the hours","hours, the","0.3333333333333333","0.3333333333333333"
"RuleBasedMatcher","actors_76","golden_globes_1293","0.1111111111111111","","2003-01-01","1986-01-01","2003-01-01","1986-01-01","0.0","0.0","Nicole Kidman","Griffin Dunne","nicole kidman","griffin dunne","0.0","0.0","The Hours","After Hours","the hours","after hours","0.3333333333333333","0.3333333333333333"
"RuleBasedMatcher","actors_76","golden_globes_8","0.1111111111111111","","2003-01-01","2011-01-01","2003-01-01","2011-01-01","0.0","0.0","Nicole Kidman","James Franco","nicole kidman","james franco","0.0","0.0","The Hours","127 Hours","the hours","127 hours","0.3333333333333333","0.3333333333333333"
"RuleBasedMatcher","actors_76","golden_globes_2109","0.08333333333333333","","2003-01-01","1962-01-01","2003-01-01","1962-01-01","0.0","0.0","Nicole Kidman","['Shirley MacLaine', 'Fay Bainter']","Nicole Kidman","['Shirley MacLaine', 'Fay Bainter']","0.0","0.0","The Hours","Children's Hour, The","the hours","children's hour, the","0.25","0.25"
"RuleBasedMatcher","actors_76","golden_globes_2151","0.06666666666666667","","2003-01-01","1960-01-01","2003-01-01","1960-01-01","0.0","0.0","Nicole Kidman","Fredric March","nicole kidman","fredric march","0.0","0.0","The Hours","Middle Of The Night","the hours","middle of the night","0.2","0.2"
"RuleBasedMatcher","actors_76","golden_globes_1120","0.08333333333333333","","2003-01-01","1990-01-01","2003-01-01","1990-01-01","0.0","0.0","Nicole Kidman","Lane Smith","nicole kidman","lane smith","0.0","0.0","The Hours","Final Days, The","the hours","final days, the","0.25","0.25"
"RuleBasedMatcher","actors_76","golden_globes_1877","0.06666666666666667","","2003-01-01","1973-01-01","2003-01-01","1973-01-01","0.0","0.0","Nicole Kidman","Julie Andrews","nicole kidman","julie andrews","0.0","0.0","The Hours","Julie Andrews Hour, The","the hours","julie andrews hour, the","0.2","0.2"
"RuleBasedMatcher","actors_76","golden_globes_2147","0.06666666666666667","","2003-01-01","1960-01-01","2003-01-01","1960-01-01","0.0","0.0","Nicole Kidman","Simone Signoret","nicole kidman","simone signoret","0.0","0.0","The Hours","Room at The Top","the hours","room at the top","0.2","0.2"
"RuleBasedMatcher","actors_76","golden_globes_1824","0.0","","2003-01-01","1974-01-01","2003-01-01","1974-01-01","0.0","0.0","Nicole Kidman","Valentina Cortese","nicole kidman","valentina cortese","0.0","0.0","The Hours","Day For Night","the hours","day for night","0.0","0.0"
"RuleBasedMatcher","actors_76","golden_globes_300","0.1111111111111111","","2003-01-01","2006-01-01","2003-01-01","2006-01-01","0.0","0.0","Nicole Kidman","Steve Carell","nicole kidman","steve carell","0.0","0.0","The Hours","Office, The","the hours","office, the","0.3333333333333333","0.3333333333333333"
"RuleBasedMatcher","actors_76","golden_globes_35","0.1111111111111111","","2003-01-01","2011-01-01","2003-01-01","2011-01-01","0.0","0.0","Nicole Kidman","Steve Carell","nicole kidman","steve carell","0.0","0.0","The Hours","Office, The","the hours","office, the","0.3333333333333333","0.3333333333333333"
"RuleBasedMatcher","actors_76","golden_globes_188","0.1111111111111111","","2003-01-01","2008-01-01","2003-01-01","2008-01-01","0.0","0.0","Nicole Kidman","Steve Carell","nicole kidman","steve carell","0.0","0.0","The Hours","Office, The","the hours","office, the","0.3333333333333333","0.3333333333333333"
"RuleBasedMatcher","actors_76","golden_globes_136","0.1111111111111111","","2003-01-01","2009-01-01","2003-01-01","2009-01-01","0.0","0.0","Nicole Kidman","Steve Carell","nicole kidman","steve carell","0.0","0.0","The Hours","Office, The","the hours","office, the","0.3333333333333333","0.3333333333333333"
"RuleBasedMatcher","actors_76","golden_globes_245","0.1111111111111111","","2003-01-01","2007-01-01","2003-01-01","2007-01-01","0.0","0.0","Nicole Kidman","Steve Carell","nicole kidman","steve carell","0.0","0.0","The Hours","Office, The","the hours","office, the","0.3333333333333333","0.3333333333333333"
"RuleBasedMatcher","actors_76","golden_globes_87","0.1111111111111111","","2003-01-01","2010-01-01","2003-01-01","2010-01-01","0.0","0.0","Nicole Kidman","Steve Carell","nicole kidman","steve carell","0.0","0.0","The Hours","Office, The","the hours","office, the","0.3333333333333333","0.3333333333333333"
"RuleBasedMatcher","actors_76","golden_globes_403","0.1111111111111111","","2003-01-01","2004-01-01","2003-01-01","2004-01-01","0.0","0.0","Nicole Kidman","Ricky Gervais","nicole kidman","ricky gervais","0.0","0.0","The Hours","Office, The","the hours","office, the","0.3333333333333333","0.3333333333333333"
"RuleBasedMatcher","actors_76","golden_globes_2230","0.0","","2003-01-01","1953-01-01","2003-01-01","1953-01-01","0.0","0.0","Nicole Kidman","['Gary Cooper', 'Katy Jurado']","Nicole Kidman","['Gary Cooper', 'Katy Jurado']","0.0","0.0","The Hours","High Noon","the hours","high noon","0.0","0.0"
"RuleBasedMatcher","actors_76","golden_globes_1141","0.0","","2003-01-01","1989-01-01","2003-01-01","1989-01-01","0.0","0.0","Nicole Kidman","Robert De Niro","nicole kidman","robert de niro","0.0","0.0","The Hours","Midnight Run","the hours","midnight run","0.0","0.0"
"RuleBasedMatcher","actors_76","golden_globes_1311","0.0","","2003-01-01","1986-01-01","2003-01-01","1986-01-01","0.0","0.0","Nicole Kidman","Liza Minnelli","nicole kidman","liza minnelli","0.0","0.0","The Hours","Time To Live, a","the hours","time to live, a","0.0","0.0"
"RuleBasedMatcher","actors_76","golden_globes_730","0.0","","2003-01-01","1997-01-01","2003-01-01","1997-01-01","0.0","0.0","Nicole Kidman","Samuel L. Jackson","nicole kidman","samuel l. jackson","0.0","0.0","The Hours","Time To Kill, a","the hours","time to kill, a","0.0","0.0"
"RuleBasedMatcher","actors_77","golden_globes_366","0.9999999999999999","","2004-01-01","2004-01-01","2004-01-01","2004-01-01","1.0","1.0","Charlize Theron","Charlize Theron","charlize theron","charlize theron","1.0","1.0","Monster","Monster","monster","monster","1.0","1.0"
"RuleBasedMatcher","actors_77","golden_globes_454","0.0","","2004-01-01","2002-01-01","2004-01-01","2002-01-01","0.0","0.0","Charlize Theron","Halle Berry","charlize theron","halle berry","0.0","0.0","Monster","Monster's Ball","monster","monster's ball","0.0","0.0"
"RuleBasedMatcher","actors_77","golden_globes_619","0.0","","2004-01-01","1999-01-01","2004-01-01","1999-01-01","0.0","0.0","Charlize Theron","['Ian McKellen', 'Lynn Redgrave']","Charlize Theron","['Ian McKellen', 'Lynn Redgrave']","0.0","0.0","Monster","Gods and Monsters","monster","gods and monsters","0.0","0.0"
"RuleBasedMatcher","actors_77","golden_globes_475","0.0","","2004-01-01","2002-01-01","2004-01-01","2002-01-01","0.0","0.0","Charlize Theron","Ben Kingsley","charlize theron","ben kingsley","0.0","0.0","Monster","Sexy Beast","monster","sexy beast","0.0","0.0"
"RuleBasedMatcher","actors_77","golden_globes_2210","0.0","","2004-01-01","1957-01-01","2004-01-01","1957-01-01","0.0","0.0","Charlize Theron","","charlize theron","","0.0","0.0","Monster","Giant","monster","giant","0.0","0.0"
"RuleBasedMatcher","actors_77","golden_globes_1783","0.0","","2004-01-01","1975-01-01","2004-01-01","1975-01-01","0.0","0.0","Charlize Theron","['Cloris Leachman', 'Madeline Kahn']","Charlize Theron","['Cloris Leachman', 'Madeline Kahn']","0.0","0.0","Monster","Young Frankenstein","monster","young frankenstein","0.0","0.0"
"RuleBasedMatcher","actors_77","golden_globes_1654","0.0","","2004-01-01","1978-01-01","2004-01-01","1978-01-01","0.0","0.0","Charlize Theron","Henry Winkler","charlize theron","henry winkler","0.0","0.0","Monster","Heroes","monster","heroes","0.0","0.0"
"RuleBasedMatcher","actors_77","golden_globes_259","0.0","","2004-01-01","2007-01-01","2004-01-01","2007-01-01","0.0","0.0","Charlize Theron","Masi Oka","charlize theron","masi oka","0.0","0.0","Monster","Heroes","monster","heroes","0.0","0.0"
"RuleBasedMatcher","actors_77","golden_globes_2140","0.0","","2004-01-01","1961-01-01","2004-01-01","1961-01-01","0.0","0.0","Charlize Theron","Janet Leigh","charlize theron","janet leigh","0.0","0.0","Monster","Psycho","monster","psycho","0.0","0.0"
"RuleBasedMatcher","actors_77","golden_globes_1497","0.0","","2004-01-01","1982-01-01","2004-01-01","1982-01-01","0.0","0.0","Charlize Theron","Orson Welles","charlize theron","orson welles","0.0","0.0","Monster","Butterfly","monster","butterfly","0.0","0.0"
"RuleBasedMatcher","actors_77","golden_globes_533","0.0","","2004-01-01","2001-01-01","2004-01-01","2001-01-01","0.0","0.0","Charlize Theron","Jessica Alba","charlize theron","jessica alba","0.0","0.0","Monster","Dark Angel","monster","dark angel","0.0","0.0"
"RuleBasedMatcher","actors_77","golden_globes_1032","0.0","","2004-01-01","1991-01-01","2004-01-01","1991-01-01","0.0","0.0","Charlize Theron","['Demi Moore', 'Patrick Swayze', 'Whoopi Goldberg']","Charlize Theron","['Demi Moore', 'Patrick Swayze', 'Whoopi Goldberg']","0.0","0.0","Monster","Ghost","monster","ghost","0.0","0.0"
"RuleBasedMatcher","actors_77","golden_globes_285","0.0","","2004-01-01","2006-01-01","2004-01-01","2006-01-01","0.0","0.0","Charlize Theron","","charlize theron","","0.0","0.0","Monster","King Kong","monster","king kong","0.0","0.0"
"RuleBasedMatcher","actors_77","golden_globes_266","0.0","","2004-01-01","2006-01-01","2004-01-01","2006-01-01","0.0","0.0","Charlize Theron","['Russell Crowe', 'Paul Giamatti']","Charlize Theron","['Russell Crowe', 'Paul Giamatti']","0.0","0.0","Monster","Cinderella Man","monster","cinderella man","0.0","0.0"
"RuleBasedMatcher","actors_77","golden_globes_971","0.0","","2004-01-01","1992-01-01","2004-01-01","1992-01-01","0.0","0.0","Charlize Theron","['Annette Bening', 'Warren Beatty', 'Harvey Keitel', 'Ben Kingsley']","Charlize Theron","['Annette Bening', 'Warren Beatty', 'Harvey Keitel', 'Ben Kingsley']","0.0","0.0","Monster","Bugsy","monster","bugsy","0.0","0.0"
"RuleBasedMatcher","actors_77","golden_globes_1268","0.0","","2004-01-01","1987-01-01","2004-01-01","1987-01-01","0.0","0.0","Charlize Theron","Tony Danza","charlize theron","tony danza","0.0","0.0","Monster","Who's The Boss","monster","who's the boss","0.0","0.0"
"RuleBasedMatcher","actors_77","golden_globes_1161","0.0","","2004-01-01","1989-01-01","2004-01-01","1989-01-01","0.0","0.0","Charlize Theron","['Tony Danza', 'Katherine Helmond']","Charlize Theron","['Tony Danza', 'Katherine Helmond']","0.0","0.0","Monster","Who's The Boss","monster","who's the boss","0.0","0.0"
"RuleBasedMatcher","actors_77","golden_globes_1321","0.0","","2004-01-01","1986-01-01","2004-01-01","1986-01-01","0.0","0.0","Charlize Theron","Katherine Helmond","charlize theron","katherine helmond","0.0","0.0","Monster","Who's The Boss","monster","who's the boss","0.0","0.0"
"RuleBasedMatcher","actors_77","golden_globes_1749","0.0","","2004-01-01","1976-01-01","2004-01-01","1976-01-01","0.0","0.0","Charlize Theron","","charlize theron","","0.0","0.0","Monster","Jaws","monster","jaws","0.0","0.0"
"RuleBasedMatcher","actors_77","golden_globes_439","0.0","","2004-01-01","2003-01-01","2004-01-01","2003-01-01","0.0","0.0","Charlize Theron","['Jennifer Aniston', 'Matt LeBlanc']","Charlize Theron","['Jennifer Aniston', 'Matt LeBlanc']","0.0","0.0","Monster","Friends","monster","friends","0.0","0.0"
"RuleBasedMatcher","actors_78","golden_globes_316","0.95","","2005-01-01","2005-01-01","2005-01-01","2005-01-01","1.0","1.0","Hilary Swank","['Hilary Swank', 'Morgan Freeman']","Hilary Swank","['Hilary Swank', 'Morgan Freeman']","0.5","0.5","Million Dollar Baby","Million Dollar Baby","million dollar baby","million dollar baby","1.0","1.0"
"RuleBasedMatcher","actors_78","golden_globes_1712","0.1111111111111111","","2005-01-01","1977-01-01","2005-01-01","1977-01-01","0.0","0.0","Hilary Swank","Lee Majors","hilary swank","lee majors","0.0","0.0","Million Dollar Baby","Six Million Dollar Man, The","million dollar baby","six million dollar man, the","0.3333333333333333","0.3333333333333333"
"RuleBasedMatcher","actors_78","golden_globes_1169","0.08333333333333333","","2005-01-01","1989-01-01","2005-01-01","1989-01-01","0.0","0.0","Hilary Swank","JoBeth Williams","hilary swank","jobeth williams","0.0","0.0","Million Dollar Baby","Baby M.","million dollar baby","baby m.","0.25","0.25"
"RuleBasedMatcher","actors_78","golden_globes_2197","0.08333333333333333","","2005-01-01","1957-01-01","2005-01-01","1957-01-01","0.0","0.0","Hilary Swank","['Carroll Baker', 'Karl Malden', 'Mildred Dunnock', 'Eli Wallach']","Hilary Swank","['Carroll Baker', 'Karl Malden', 'Mildred Dunnock', 'Eli Wallach']","0.0","0.0","Million Dollar Baby","Baby Doll","million dollar baby","baby doll","0.25","0.25"
"RuleBasedMatcher","actors_78","golden_globes_181","0.0","","2005-01-01","2008-01-01","2005-01-01","2008-01-01","0.0","0.0","Hilary Swank","Bill Paxton","hilary swank","bill paxton","0.0","0.0","Million Dollar Baby","Big Love","million dollar baby","big love","0.0","0.0"
"RuleBasedMatcher","actors_78","golden_globes_81","0.0","","2005-01-01","2010-01-01","2005-01-01","2010-01-01","0.0","0.0","Hilary Swank","['Bill Paxton', 'Chlo� Sevigny']","Hilary Swank","['Bill Paxton', 'Chlo� Sevigny']","0.0","0.0","Million Dollar Baby","Big Love","million dollar baby","big love","0.0","0.0"
"RuleBasedMatcher","actors_78","golden_globes_237","0.0","","2005-01-01","2007-01-01","2005-01-01","2007-01-01","0.0","0.0","Hilary Swank","Bill Paxton","hilary swank","bill paxton","0.0","0.0","Million Dollar Baby","Big Love","million dollar baby","big love","0.0","0.0"
"RuleBasedMatcher","actors_78","golden_globes_1192","0.08333333333333333","","2005-01-01","1988-01-01","2005-01-01","1988-01-01","0.0","0.0","Hilary Swank","Diane Keaton","hilary swank","diane keaton","0.0","0.0","Million Dollar Baby","Baby Boom","million dollar baby","baby boom","0.25","0.25"
"RuleBasedMatcher","actors_78","golden_globes_121","0.0","","2005-01-01","2009-01-01","2005-01-01","2009-01-01","0.0","0.0","Hilary Swank","","hilary swank","","0.0","0.0","Million Dollar Baby","Slumdog Millionaire","million dollar baby","slumdog millionaire","0.0","0.0"
"RuleBasedMatcher","actors_78","golden_globes_1925","0.0","","2005-01-01","1971-01-01","2005-01-01","1971-01-01","0.0","0.0","Hilary Swank","Chief Dan George","hilary swank","chief dan george","0.0","0.0","Million Dollar Baby","Little Big Man","million dollar baby","little big man","0.0","0.0"
"RuleBasedMatcher","actors_78","golden_globes_314","0.3333333333333333","","2005-01-01","2005-01-01","2005-01-01","2005-01-01","1.0","1.0","Hilary Swank","Nicole Kidman","hilary swank","nicole kidman","0.0","0.0","Million Dollar Baby","Birth","million dollar baby","birth","0.0","0.0"
"RuleBasedMatcher","actors_78","golden_globes_1900","0.0","","2005-01-01","1972-01-01","2005-01-01","1972-01-01","0.0","0.0","Hilary Swank","Dean Jones","hilary swank","dean jones","0.0","0.0","Million Dollar Baby","$1,000,000 Duck","million dollar baby","$1,000,000 duck","0.0","0.0"
"RuleBasedMatcher","actors_78","golden_globes_18","0.0","","2005-01-01","2011-01-01","2005-01-01","2011-01-01","0.0","0.0","Hilary Swank","Michael Douglas","hilary swank","michael douglas","0.0","0.0","Million Dollar Baby","Wall Street: Money Never Sleeps","million dollar baby","wall street: money never sleeps","0.0","0.0"
"RuleBasedMatcher","actors_78","golden_globes_497","0.06666666666666667","","2005-01-01","2002-01-01","2005-01-01","2002-01-01","0.0","0.0","Hilary Swank","Bridget Fonda","hilary swank","bridget fonda","0.0","0.0","Million Dollar Baby","No Ordinary Baby","million dollar baby","no ordinary baby","0.2","0.2"
"RuleBasedMatcher","actors_78","golden_globes_205","0.0","","2005-01-01","2008-01-01","2005-01-01","2008-01-01","0.0","0.0","Hilary Swank","Donald Sutherland","hilary swank","donald sutherland","0.0","0.0","Million Dollar Baby","Dirty Sexy Money","million dollar baby","dirty sexy money","0.0","0.0"
"RuleBasedMatcher","actors_78","golden_globes_664","0.0","","2005-01-01","1998-01-01","2005-01-01","1998-01-01","0.0","0.0","Hilary Swank","Jessica Lange","hilary swank","jessica lange","0.0","0.0","Million Dollar Baby","Thousand Acres, a","million dollar baby","thousand acres, a","0.0","0.0"
"RuleBasedMatcher","actors_78","golden_globes_173","0.0","","2005-01-01","2008-01-01","2005-01-01","2008-01-01","0.0","0.0","Hilary Swank","Minnie Driver","hilary swank","minnie driver","0.0","0.0","Million Dollar Baby","Riches, The","million dollar baby","riches, the","0.0","0.0"
"RuleBasedMatcher","actors_78","golden_globes_2210","0.0","","2005-01-01","1957-01-01","2005-01-01","1957-01-01","0.0","0.0","Hilary Swank","","hilary swank","","0.0","0.0","Million Dollar Baby","Giant","million dollar baby","giant","0.0","0.0"
"RuleBasedMatcher","actors_78","golden_globes_1242","0.0","","2005-01-01","1987-01-01","2005-01-01","1987-01-01","0.0","0.0","Hilary Swank","['Paul Newman', 'Mary Elizabeth Mastrantonio']","Hilary Swank","['Paul Newman', 'Mary Elizabeth Mastrantonio']","0.0","0.0","Million Dollar Baby","Color Of Money, The","million dollar baby","color of money, the","0.0","0.0"
"RuleBasedMatcher","actors_78","golden_globes_1193","0.0","","2005-01-01","1988-01-01","2005-01-01","1988-01-01","0.0","0.0","Hilary Swank","Bette Midler","hilary swank","bette midler","0.0","0.0","Million Dollar Baby","Outrageous Fortune","million dollar baby","outrageous fortune","0.0","0.0"
"RuleBasedMatcher","actors_79","golden_globes_2030","0.09999999999999999","","1929-01-01","1966-01-01","1929-01-01","1966-01-01","0.0","0.0","Emil Jannings","['Frank Finlay', 'Frank Finlay']","Emil Jannings","['Frank Finlay', 'Frank Finlay']","0.0","0.0","The Way of All Flesh & The Las","Flight Of The Phoenix, The","the way of all flesh & the las","flight of the phoenix, the","0.3","0.3"
"RuleBasedMatcher","actors_79","golden_globes_894","0.0909090909090909","","1929-01-01","1994-01-01","1929-01-01","1994-01-01","0.0","0.0","Emil Jannings","Carroll O'Connor","emil jannings","carroll o'connor","0.0","0.0","The Way of All Flesh & The Las","In The Heat Of The Night","the way of all flesh & the las","in the heat of the night","0.2727272727272727","0.2727272727272727"
"RuleBasedMatcher","actors_79","golden_globes_1053","0.0909090909090909","","1929-01-01","1991-01-01","1929-01-01","1991-01-01","0.0","0.0","Emil Jannings","Carroll O'Connor","emil jannings","carroll o'connor","0.0","0.0","The Way of All Flesh & The Las","In The Heat Of The Night","the way of all flesh & the las","in the heat of the night","0.2727272727272727","0.2727272727272727"
"RuleBasedMatcher","actors_79","golden_globes_1154","0.0909090909090909","","1929-01-01","1989-01-01","1929-01-01","1989-01-01","0.0","0.0","Emil Jannings","Carroll O'Connor","emil jannings","carroll o'connor","0.0","0.0","The Way of All Flesh & The Las","In The Heat Of The Night","the way of all flesh & the las","in the heat of the night","0.2727272727272727","0.2727272727272727"
"RuleBasedMatcher","actors_79","golden_globes_997","0.0909090909090909","","1929-01-01","1992-01-01","1929-01-01","1992-01-01","0.0","0.0","Emil Jannings","Carroll O'Connor","emil jannings","carroll o'connor","0.0","0.0","The Way of All Flesh & The Las","In The Heat Of The Night","the way of all flesh & the las","in the heat of the night","0.2727272727272727","0.2727272727272727"
"RuleBasedMatcher","actors_79","golden_globes_1102","0.0909090909090909","","1929-01-01","1990-01-01","1929-01-01","1990-01-01","0.0","0.0","Emil Jannings","Carroll O'Connor","emil jannings","carroll o'connor","0.0","0.0","The Way of All Flesh & The Las","In The Heat Of The Night","the way of all flesh & the las","in the heat of the night","0.2727272727272727","0.2727272727272727"
"RuleBasedMatcher","actors_79","golden_globes_1988","0.0909090909090909","","1929-01-01","1968-01-01","1929-01-01","1968-01-01","0.0","0.0","Emil Jannings","['Sidney Poitier', 'Rod Steiger', 'Quentin Dean', 'Lee Grant']","Emil Jannings","['Sidney Poitier', 'Rod Steiger', 'Quentin Dean', 'Lee Grant']","0.0","0.0","The Way of All Flesh & The Las","In The Heat Of The Night","the way of all flesh & the las","in the heat of the night","0.2727272727272727","0.2727272727272727"
"RuleBasedMatcher","actors_79","golden_globes_1082","0.03333333333333333","","1929-01-01","1990-01-01","1929-01-01","1990-01-01","0.0","0.0","Emil Jannings","Al Pacino","emil jannings","al pacino","0.0","0.0","The Way of All Flesh & The Las","Sea Of Love","the way of all flesh & the las","sea of love","0.1","0.1"
"RuleBasedMatcher","actors_79","golden_globes_222","0.05128205128205129","","1929-01-01","2007-01-01","1929-01-01","2007-01-01","0.0","0.0","Emil Jannings","Johnny Depp","emil jannings","johnny depp","0.0","0.0","The Way of All Flesh & The Las","Pirates Of The Caribbean: Dead Man's Chest","the way of all flesh & the las","pirates of the caribbean: dead man's chest","0.15384615384615385","0.15384615384615385"
"RuleBasedMatcher","actors_79","golden_globes_330","0.03333333333333333","","1929-01-01","2005-01-01","1929-01-01","2005-01-01","0.0","0.0","Emil Jannings","Kevin Spacey","emil jannings","kevin spacey","0.0","0.0","The Way of All Flesh & The Las","Beyond The Sea","the way of all flesh & the las","beyond the sea","0.1","0.1"
"RuleBasedMatcher","actors_79","golden_globes_910","0.027777777777777776","","1929-01-01","1994-01-01","1929-01-01","1994-01-01","0.0","0.0","Emil Jannings","Jack Lemmon","emil jannings","jack lemmon","0.0","0.0","The Way of All Flesh & The Las","Life In The Theatre, a","the way of all flesh & the las","life in the theatre, a","0.08333333333333333","0.08333333333333333"
"RuleBasedMatcher","actors_79","golden_globes_1587","0.0","","1929-01-01","1980-01-01","1929-01-01","1980-01-01","0.0","0.0","Emil Jannings","Natalie Wood","emil jannings","natalie wood","0.0","0.0","The Way of All Flesh & The Las","From Here To Eternity","the way of all flesh & the las","from here to eternity","0.0","0.0"
"RuleBasedMatcher","actors_79","golden_globes_2225","0.0","","1929-01-01","1954-01-01","1929-01-01","1954-01-01","0.0","0.0","Emil Jannings","Frank Sinatra","emil jannings","frank sinatra","0.0","0.0","The Way of All Flesh & The Las","From Here To Eternity","the way of all flesh & the las","from here to eternity","0.0","0.0"
"RuleBasedMatcher","actors_79","golden_globes_1325","0.030303030303030304","","1929-01-01","1985-01-01","1929-01-01","1985-01-01","0.0","0.0","Emil Jannings","Sally Field","emil jannings","sally field","0.0","0.0","The Way of All Flesh & The Las","Places In The Heart","the way of all flesh & the las","places in the heart","0.09090909090909091","0.09090909090909091"
"RuleBasedMatcher","actors_79","golden_globes_886","0.06060606060606061","","1929-01-01","1994-01-01","1929-01-01","1994-01-01","0.0","0.0","Emil Jannings","John Malkovich","emil jannings","john malkovich","0.0","0.0","The Way of All Flesh & The Las","In The Line Of Fire","the way of all flesh & the las","in the line of fire","0.18181818181818182","0.18181818181818182"
"RuleBasedMatcher","actors_79","golden_globes_655","0.037037037037037035","","1929-01-01","1999-01-01","1929-01-01","1999-01-01","0.0","0.0","Emil Jannings","Peter Fonda","emil jannings","peter fonda","0.0","0.0","The Way of All Flesh & The Las","Tempest, The","the way of all flesh & the las","tempest, the","0.1111111111111111","0.1111111111111111"
"RuleBasedMatcher","actors_79","golden_globes_416","0.0","","1929-01-01","2003-01-01","1929-01-01","2003-01-01","0.0","0.0","Emil Jannings","['Julianne Moore', 'Dennis Quaid']","Emil Jannings","['Julianne Moore', 'Dennis Quaid']","0.0","0.0","The Way of All Flesh & The Las","Far From Heaven","the way of all flesh & the las","far from heaven","0.0","0.0"
"RuleBasedMatcher","actors_79","golden_globes_1145","0.06060606060606061","","1929-01-01","1989-01-01","1929-01-01","1989-01-01","0.0","0.0","Emil Jannings","Barbara Hershey","emil jannings","barbara hershey","0.0","0.0","The Way of All Flesh & The Las","Last Temptation Of Christ, The","the way of all flesh & the las","last temptation of christ, the","0.18181818181818182","0.18181818181818182"
"RuleBasedMatcher","actors_79","golden_globes_661","0.09999999999999999","","1929-01-01","1998-01-01","1929-01-01","1998-01-01","0.0","0.0","Emil Jannings","Helena Bonham Carter","emil jannings","helena bonham carter","0.0","0.0","The Way of All Flesh & The Las","Wings Of The Dove, The","the way of all flesh & the las","wings of the dove, the","0.3","0.3"
"RuleBasedMatcher","actors_79","golden_globes_1152","0.030303030303030304","","1929-01-01","1989-01-01","1929-01-01","1989-01-01","0.0","0.0","Emil Jannings","['Linda Hamilton', 'Ron Perlman']","Emil Jannings","['Linda Hamilton', 'Ron Perlman']","0.0","0.0","The Way of All Flesh & The Las","Beauty and The Beast","the way of all flesh & the las","beauty and the beast","0.09090909090909091","0.09090909090909091"
"RuleBasedMatcher","actors_80","golden_globes_2160","0.0","","1930-01-01","1960-01-01","1930-01-01","1960-01-01","0.0","0.0","Warner Baxter","Fred Astaire","warner baxter","fred astaire","0.0","0.0","In Old Arizona","On The Beach","in old arizona","on the beach","0.0","0.0"
"RuleBasedMatcher","actors_80","golden_globes_553","0.0","","1930-01-01","2001-01-01","1930-01-01","2001-01-01","0.0","0.0","Warner Baxter","Rachel Ward","warner baxter","rachel ward","0.0","0.0","In Old Arizona","On The Beach","in old arizona","on the beach","0.0","0.0"
"RuleBasedMatcher","actors_80","golden_globes_1245","0.041666666666666664","","1930-01-01","1987-01-01","1930-01-01","1987-01-01","0.0","0.0","Warner Baxter","Bette Midler","warner baxter","bette midler","0.0","0.0","In Old Arizona","Down and Out In Beverly Hills","in old arizona","down and out in beverly hills","0.125","0.125"
"RuleBasedMatcher","actors_80","golden_globes_376","0.0","","1930-01-01","2004-01-01","1930-01-01","2004-01-01","0.0","0.0","Warner Baxter","Diane Lane","warner baxter","diane lane","0.0","0.0","In Old Arizona","Under The Tuscan Sun","in old arizona","under the tuscan sun","0.0","0.0"
"RuleBasedMatcher","actors_80","golden_globes_2005","0.0","","1930-01-01","1967-01-01","1930-01-01","1967-01-01","0.0","0.0","Warner Baxter","['Max von Sydow', 'Jocelyn Lagarde']","Warner Baxter","['Max von Sydow', 'Jocelyn Lagarde']","0.0","0.0","In Old Arizona","Hawaii","in old arizona","hawaii","0.0","0.0"
"RuleBasedMatcher","actors_80","golden_globes_2138","0.0","","1930-01-01","1961-01-01","1930-01-01","1961-01-01","0.0","0.0","Warner Baxter","Ina Balin","warner baxter","ina balin","0.0","0.0","In Old Arizona","From The Terrace","in old arizona","from the terrace","0.0","0.0"
"RuleBasedMatcher","actors_80","golden_globes_872","0.0","","1930-01-01","1994-01-01","1930-01-01","1994-01-01","0.0","0.0","Warner Baxter","Tom Hanks","warner baxter","tom hanks","0.0","0.0","In Old Arizona","Philadelphia","in old arizona","philadelphia","0.0","0.0"
"RuleBasedMatcher","actors_80","golden_globes_581","0.0","","1930-01-01","2000-01-01","1930-01-01","2000-01-01","0.0","0.0","Warner Baxter","Natalie Portman","warner baxter","natalie portman","0.0","0.0","In Old Arizona","Anywhere But Here","in old arizona","anywhere but here","0.0","0.0"
"RuleBasedMatcher","actors_80","golden_globes_1500","0.0","","1930-01-01","1982-01-01","1930-01-01","1982-01-01","0.0","0.0","Warner Baxter","Morgan Fairchild","warner baxter","morgan fairchild","0.0","0.0","In Old Arizona","Flamingo Road","in old arizona","flamingo road","0.0","0.0"
"RuleBasedMatcher","actors_80","golden_globes_409","0.05555555555555555","","1930-01-01","2004-01-01","1930-01-01","2004-01-01","0.0","0.0","Warner Baxter","Maggie Smith","warner baxter","maggie smith","0.0","0.0","In Old Arizona","My House In Umbria","in old arizona","my house in umbria","0.16666666666666666","0.16666666666666666"
"RuleBasedMatcher","actors_80","golden_globes_1619","0.0","","1930-01-01","1979-01-01","1930-01-01","1979-01-01","0.0","0.0","Warner Baxter","Maggie Smith","warner baxter","maggie smith","0.0","0.0","In Old Arizona","California Suite","in old arizona","california suite","0.0","0.0"
"RuleBasedMatcher","actors_80","golden_globes_1482","0.0","","1930-01-01","1982-01-01","1930-01-01","1982-01-01","0.0","0.0","Warner Baxter","['Katharine Hepburn', 'Henry Fonda', 'Jane Fonda']","Warner Baxter","['Katharine Hepburn', 'Henry Fonda', 'Jane Fonda']","0.0","0.0","In Old Arizona","On Golden Pond","in old arizona","on golden pond","0.0","0.0"
"RuleBasedMatcher","actors_80","golden_globes_2217","0.0","","1930-01-01","1955-01-01","1930-01-01","1955-01-01","0.0","0.0","Warner Baxter","Marlon Brando","warner baxter","marlon brando","0.0","0.0","In Old Arizona","On The Waterfront","in old arizona","on the waterfront","0.0","0.0"
"RuleBasedMatcher","actors_80","golden_globes_1097","0.08333333333333333","","1930-01-01","1990-01-01","1930-01-01","1990-01-01","0.0","0.0","Warner Baxter","Bruce Willis","warner baxter","bruce willis","0.0","0.0","In Old Arizona","In Country","in old arizona","in country","0.25","0.25"
"RuleBasedMatcher","actors_80","golden_globes_1670","0.0","","1930-01-01","1978-01-01","1930-01-01","1978-01-01","0.0","0.0","Warner Baxter","Lesley Ann Warren","warner baxter","lesley ann warren","0.0","0.0","In Old Arizona","79 Park Avenue","in old arizona","79 park avenue","0.0","0.0"
"RuleBasedMatcher","actors_80","golden_globes_2241","0.047619047619047616","","1930-01-01","1952-01-01","1930-01-01","1952-01-01","0.0","0.0","Warner Baxter","Shelley Winters","warner baxter","shelley winters","0.0","0.0","In Old Arizona","Place In The Sun, a","in old arizona","place in the sun, a","0.14285714285714285","0.14285714285714285"
"RuleBasedMatcher","actors_80","golden_globes_1589","0.0","","1930-01-01","1980-01-01","1930-01-01","1980-01-01","0.0","0.0","Warner Baxter","Richard Chamberlain","warner baxter","richard chamberlain","0.0","0.0","In Old Arizona","Centennial","in old arizona","centennial","0.0","0.0"
"RuleBasedMatcher","actors_80","golden_globes_1332","0.0","","1930-01-01","1985-01-01","1930-01-01","1985-01-01","0.0","0.0","Warner Baxter","['Albert Finney', 'Jacqueline Bisset']","Warner Baxter","['Albert Finney', 'Jacqueline Bisset']","0.0","0.0","In Old Arizona","Under The Volcano","in old arizona","under the volcano","0.0","0.0"
"RuleBasedMatcher","actors_80","golden_globes_1746","0.0","","1930-01-01","1976-01-01","1930-01-01","1976-01-01","0.0","0.0","Warner Baxter","['Ronee Blakley', 'Geraldine Chaplin', 'Barbara Harris', 'Lily Tomlin', 'Henry Gibson']","Warner Baxter","['Ronee Blakley', 'Geraldine Chaplin', 'Barbara Harris', 'Lily Tomlin', 'Henry Gibson']","0.0","0.0","In Old Arizona","Nashville","in old arizona","nashville","0.0","0.0"
"RuleBasedMatcher","actors_80","golden_globes_2253","0.0","","1930-01-01","1951-01-01","1930-01-01","1951-01-01","0.0","0.0","Warner Baxter","['Gloria Swanson', 'Erich von Stroheim']","Warner Baxter","['Gloria Swanson', 'Erich von Stroheim']","0.0","0.0","In Old Arizona","Sunset Boulevard","in old arizona","sunset boulevard","0.0","0.0"
"RuleBasedMatcher","actors_81","golden_globes_1436","0.0","","1931-01-01","1983-01-01","1931-01-01","1983-01-01","0.0","0.0","George Arliss","Ben Kingsley","george arliss","ben kingsley","0.0","0.0","Disraeli","Gandhi","disraeli","gandhi","0.0","0.0"
"RuleBasedMatcher","actors_81","golden_globes_1330","0.0","","1931-01-01","1985-01-01","1931-01-01","1985-01-01","0.0","0.0","George Arliss","['F. Murray Abraham', 'Tom Hulce', 'Jeffrey Jones']","George Arliss","['F. Murray Abraham', 'Tom Hulce', 'Jeffrey Jones']","0.0","0.0","Disraeli","Amadeus","disraeli","amadeus","0.0","0.0"
"RuleBasedMatcher","actors_81","golden_globes_1951","0.0","","1931-01-01","1970-01-01","1931-01-01","1970-01-01","0.0","0.0","George Arliss","Alan Arkin","george arliss","alan arkin","0.0","0.0","Disraeli","Popi","disraeli","popi","0.0","0.0"
"RuleBasedMatcher","actors_81","golden_globes_925","0.0","","1931-01-01","1993-01-01","1931-01-01","1993-01-01","0.0","0.0","George Arliss","Denzel Washington","george arliss","denzel washington","0.0","0.0","Disraeli","Malcolm X","disraeli","malcolm x","0.0","0.0"
"RuleBasedMatcher","actors_81","golden_globes_1181","0.0","","1931-01-01","1988-01-01","1931-01-01","1988-01-01","0.0","0.0","George Arliss","Sally Kirkland","george arliss","sally kirkland","0.0","0.0","Disraeli","Anna","disraeli","anna","0.0","0.0"
"RuleBasedMatcher","actors_81","golden_globes_2061","0.0","","1931-01-01","1964-01-01","1931-01-01","1964-01-01","0.0","0.0","George Arliss","['Rex Harrison', 'Roddy McDowall']","George Arliss","['Rex Harrison', 'Roddy McDowall']","0.0","0.0","Disraeli","Cleopatra","disraeli","cleopatra","0.0","0.0"
"RuleBasedMatcher","actors_81","golden_globes_1514","0.0","","1931-01-01","1982-01-01","1931-01-01","1982-01-01","0.0","0.0","George Arliss","Tony Randall","george arliss","tony randall","0.0","0.0","Disraeli","Love, Sidney","disraeli","love, sidney","0.0","0.0"
"RuleBasedMatcher","actors_81","golden_globes_1467","0.0","","1931-01-01","1983-01-01","1931-01-01","1983-01-01","0.0","0.0","George Arliss","Tony Randall","george arliss","tony randall","0.0","0.0","Disraeli","Love, Sidney","disraeli","love, sidney","0.0","0.0"
"RuleBasedMatcher","actors_81","golden_globes_1646","0.0","","1931-01-01","1978-01-01","1931-01-01","1978-01-01","0.0","0.0","George Arliss","['Jane Fonda', 'Vanessa Redgrave', 'Jason Robards Jr.', 'Maximilian Schell']","George Arliss","['Jane Fonda', 'Vanessa Redgrave', 'Jason Robards Jr.', 'Maximilian Schell']","0.0","0.0","Disraeli","Julia","disraeli","julia","0.0","0.0"
"RuleBasedMatcher","actors_81","golden_globes_1432","0.0","","1931-01-01","1983-01-01","1931-01-01","1983-01-01","0.0","0.0","George Arliss","['Jessica Lange', 'Kim Stanley']","George Arliss","['Jessica Lange', 'Kim Stanley']","0.0","0.0","Disraeli","Frances","disraeli","frances","0.0","0.0"
"RuleBasedMatcher","actors_81","golden_globes_1522","0.0","","1931-01-01","1982-01-01","1931-01-01","1982-01-01","0.0","0.0","George Arliss","["Peter O'Toole", 'Peter Strauss']","George Arliss","["Peter O'Toole", 'Peter Strauss']","0.0","0.0","Disraeli","Masada","disraeli","masada","0.0","0.0"
"RuleBasedMatcher","actors_81","golden_globes_1386","0.0","","1931-01-01","1984-01-01","1931-01-01","1984-01-01","0.0","0.0","George Arliss","Tom Conti","george arliss","tom conti","0.0","0.0","Disraeli","Reuben, Reuben","disraeli","reuben, reuben","0.0","0.0"
"RuleBasedMatcher","actors_81","golden_globes_1625","0.0","","1931-01-01","1979-01-01","1931-01-01","1979-01-01","0.0","0.0","George Arliss","['Rosemary Harris', 'Michael Moriarty']","George Arliss","['Rosemary Harris', 'Michael Moriarty']","0.0","0.0","Disraeli","Holocaust","disraeli","holocaust","0.0","0.0"
"RuleBasedMatcher","actors_81","golden_globes_542","0.0","","1931-01-01","2001-01-01","1931-01-01","2001-01-01","0.0","0.0","George Arliss","['Jane Kaczmarek', 'Frankie Muniz']","George Arliss","['Jane Kaczmarek', 'Frankie Muniz']","0.0","0.0","Disraeli","Malcolm In The Middle","disraeli","malcolm in the middle","0.0","0.0"
"RuleBasedMatcher","actors_81","golden_globes_441","0.0","","1931-01-01","2003-01-01","1931-01-01","2003-01-01","0.0","0.0","George Arliss","['Jane Kaczmarek', 'Bryan Cranston']","George Arliss","['Jane Kaczmarek', 'Bryan Cranston']","0.0","0.0","Disraeli","Malcolm In The Middle","disraeli","malcolm in the middle","0.0","0.0"
"RuleBasedMatcher","actors_81","golden_globes_490","0.0","","1931-01-01","2002-01-01","1931-01-01","2002-01-01","0.0","0.0","George Arliss","['Jane Kaczmarek', 'Frankie Muniz']","George Arliss","['Jane Kaczmarek', 'Frankie Muniz']","0.0","0.0","Disraeli","Malcolm In The Middle","disraeli","malcolm in the middle","0.0","0.0"
"RuleBasedMatcher","actors_81","golden_globes_852","0.0","","1931-01-01","1995-01-01","1931-01-01","1995-01-01","0.0","0.0","George Arliss","Kirstie Alley","george arliss","kirstie alley","0.0","0.0","Disraeli","David's Mother","disraeli","david's mother","0.0","0.0"
"RuleBasedMatcher","actors_81","golden_globes_611","0.0","","1931-01-01","1999-01-01","1931-01-01","1999-01-01","0.0","0.0","George Arliss","Cate Blanchett","george arliss","cate blanchett","0.0","0.0","Disraeli","Elizabeth","disraeli","elizabeth","0.0","0.0"
"RuleBasedMatcher","actors_81","golden_globes_250","0.0","","1931-01-01","2007-01-01","1931-01-01","2007-01-01","0.0","0.0","George Arliss","['Helen Mirren', 'Jeremy Irons']","George Arliss","['Helen Mirren', 'Jeremy Irons']","0.0","0.0","Disraeli","Elizabeth I","disraeli","elizabeth i","0.0","0.0"
"RuleBasedMatcher","actors_81","golden_globes_283","0.1111111111111111","","1931-01-01","2006-01-01","1931-01-01","2006-01-01","0.0","0.0","George Arliss","George Clooney","george arliss","george clooney","0.3333333333333333","0.3333333333333333","Disraeli","Syriana","disraeli","syriana","0.0","0.0"
"RuleBasedMatcher","actors_82","golden_globes_1999","0.08333333333333333","","1932-01-01","1967-01-01","1932-01-01","1967-01-01","0.0","0.0","Lionel Barrymore","Virginia McKenna","lionel barrymore","virginia mckenna","0.0","0.0","A Free Soul","Born Free","a free soul","born free","0.25","0.25"
"RuleBasedMatcher","actors_82","golden_globes_1858","0.06666666666666667","","1932-01-01","1973-01-01","1932-01-01","1973-01-01","0.0","0.0","Lionel Barrymore","['Goldie Hawn', 'Edward Albert']","Lionel Barrymore","['Goldie Hawn', 'Edward Albert']","0.0","0.0","A Free Soul","Butterflies Are Free","a free soul","butterflies are free","0.2","0.2"
"RuleBasedMatcher","actors_82","golden_globes_1188","0.0","","1932-01-01","1988-01-01","1932-01-01","1988-01-01","0.0","0.0","Lionel Barrymore","Denzel Washington","lionel barrymore","denzel washington","0.0","0.0","A Free Soul","Cry Freedom","a free soul","cry freedom","0.0","0.0"
"RuleBasedMatcher","actors_82","golden_globes_2214","0.0","","1932-01-01","1956-01-01","1932-01-01","1956-01-01","0.0","0.0","Lionel Barrymore","Arthur Kennedy","lionel barrymore","arthur kennedy","0.0","0.0","A Free Soul","Trial","a free soul","trial","0.0","0.0"
"RuleBasedMatcher","actors_82","golden_globes_1564","0.0","","1932-01-01","1980-01-01","1932-01-01","1980-01-01","0.0","0.0","Lionel Barrymore","Jill Clayburgh","lionel barrymore","jill clayburgh","0.0","0.0","A Free Soul","Luna","a free soul","luna","0.0","0.0"
"RuleBasedMatcher","actors_82","golden_globes_1020","0.0","","1932-01-01","1991-01-01","1932-01-01","1991-01-01","0.0","0.0","Lionel Barrymore","Kathy Bates","lionel barrymore","kathy bates","0.0","0.0","A Free Soul","Misery","a free soul","misery","0.0","0.0"
"RuleBasedMatcher","actors_82","golden_globes_1218","0.05555555555555555","","1932-01-01","1988-01-01","1932-01-01","1988-01-01","0.0","0.0","Lionel Barrymore","Shirley MacLaine","lionel barrymore","shirley maclaine","0.0","0.0","A Free Soul","Out On a Limb","a free soul","out on a limb","0.16666666666666666","0.16666666666666666"
"RuleBasedMatcher","actors_82","golden_globes_1528","0.0","","1932-01-01","1981-01-01","1932-01-01","1981-01-01","0.0","0.0","Lionel Barrymore","Ellen Burstyn","lionel barrymore","ellen burstyn","0.0","0.0","A Free Soul","Resurrection","a free soul","resurrection","0.0","0.0"
"RuleBasedMatcher","actors_82","golden_globes_253","0.0","","1932-01-01","2007-01-01","1932-01-01","2007-01-01","0.0","0.0","Lionel Barrymore","Andr� Braugher","lionel barrymore","andr� braugher","0.0","0.0","A Free Soul","Thief","a free soul","thief","0.0","0.0"
"RuleBasedMatcher","actors_82","golden_globes_358","0.0","","1932-01-01","2005-01-01","1932-01-01","2005-01-01","0.0","0.0","Lionel Barrymore","Jamie Foxx","lionel barrymore","jamie foxx","0.0","0.0","A Free Soul","Redemption","a free soul","redemption","0.0","0.0"
"RuleBasedMatcher","actors_82","golden_globes_1689","0.0","","1932-01-01","1977-01-01","1932-01-01","1977-01-01","0.0","0.0","Lionel Barrymore","David Carradine","lionel barrymore","david carradine","0.0","0.0","A Free Soul","Bound For Glory","a free soul","bound for glory","0.0","0.0"
"RuleBasedMatcher","actors_82","golden_globes_154","0.0","","1932-01-01","2008-01-01","1932-01-01","2008-01-01","0.0","0.0","Lionel Barrymore","Daniel Day-Lewis","lionel barrymore","daniel day-lewis","0.0","0.0","A Free Soul","There Will Be Blood","a free soul","there will be blood","0.0","0.0"
"RuleBasedMatcher","actors_82","golden_globes_459","0.06666666666666667","","1932-01-01","2002-01-01","1932-01-01","2002-01-01","0.0","0.0","Lionel Barrymore","['Russell Crowe', 'Jennifer Connelly']","Lionel Barrymore","['Russell Crowe', 'Jennifer Connelly']","0.0","0.0","A Free Soul","Beautiful Mind, a","a free soul","beautiful mind, a","0.2","0.2"
"RuleBasedMatcher","actors_82","golden_globes_1481","0.0","","1932-01-01","1982-01-01","1932-01-01","1982-01-01","0.0","0.0","Lionel Barrymore","Sally Field","lionel barrymore","sally field","0.0","0.0","A Free Soul","Absence Of Malice","a free soul","absence of malice","0.0","0.0"
"RuleBasedMatcher","actors_82","golden_globes_864","0.0","","1932-01-01","1995-01-01","1932-01-01","1995-01-01","0.0","0.0","Lionel Barrymore","John Malkovich","lionel barrymore","john malkovich","0.0","0.0","A Free Soul","Heart Of Darkness","a free soul","heart of darkness","0.0","0.0"
"RuleBasedMatcher","actors_82","golden_globes_176","0.0","","1932-01-01","2008-01-01","1932-01-01","2008-01-01","0.0","0.0","Lionel Barrymore","Holly Hunter","lionel barrymore","holly hunter","0.0","0.0","A Free Soul","Saving Grace","a free soul","saving grace","0.0","0.0"
"RuleBasedMatcher","actors_82","golden_globes_518","0.0","","1932-01-01","2001-01-01","1932-01-01","2001-01-01","0.0","0.0","Lionel Barrymore","Brenda Blethyn","lionel barrymore","brenda blethyn","0.0","0.0","A Free Soul","Saving Grace","a free soul","saving grace","0.0","0.0"
"RuleBasedMatcher","actors_82","golden_globes_769","0.0","","1932-01-01","1996-01-01","1932-01-01","1996-01-01","0.0","0.0","Lionel Barrymore","Nicole Kidman","lionel barrymore","nicole kidman","0.0","0.0","A Free Soul","To Die For","a free soul","to die for","0.0","0.0"
"RuleBasedMatcher","actors_82","golden_globes_1246","0.0","","1932-01-01","1987-01-01","1932-01-01","1987-01-01","0.0","0.0","Lionel Barrymore","Sissy Spacek","lionel barrymore","sissy spacek","0.0","0.0","A Free Soul","Crimes Of The Heart","a free soul","crimes of the heart","0.0","0.0"
"RuleBasedMatcher","actors_82","golden_globes_855","0.0","","1932-01-01","1995-01-01","1932-01-01","1995-01-01","0.0","0.0","Lionel Barrymore","Diana Ross","lionel barrymore","diana ross","0.0","0.0","A Free Soul","Out Of Darkness","a free soul","out of darkness","0.0","0.0"
"RuleBasedMatcher","actors_83","golden_globes_1068","0.1111111111111111","","1933-01-01","1991-01-01","1933-01-01","1991-01-01","0.0","0.0","Fredric March","Michael Caine","fredric march","michael caine","0.0","0.0","Dr. Jekyll and Mr. Hyde","Jekyll & Hyde","dr. jekyll and mr. hyde","jekyll & hyde","0.3333333333333333","0.3333333333333333"
"RuleBasedMatcher","actors_83","golden_globes_200","0.06666666666666667","","1933-01-01","2008-01-01","1933-01-01","2008-01-01","0.0","0.0","Fredric March","James Nesbitt","fredric march","james nesbitt","0.0","0.0","Dr. Jekyll and Mr. Hyde","Jekyll","dr. jekyll and mr. hyde","jekyll","0.2","0.2"
"RuleBasedMatcher","actors_83","golden_globes_1733","0.0","","1933-01-01","1976-01-01","1933-01-01","1976-01-01","0.0","0.0","Fredric March","['Louise Fletcher', 'Jack Nicholson']","Fredric March","['Louise Fletcher', 'Jack Nicholson']","0.0","0.0","Dr. Jekyll and Mr. Hyde","One Flew Over The Cuckoo''s Nest","dr. jekyll and mr. hyde","one flew over the cuckoo''s nest","0.0","0.0"
"RuleBasedMatcher","actors_83","golden_globes_1899","0.047619047619047616","","1933-01-01","1972-01-01","1933-01-01","1972-01-01","0.0","0.0","Fredric March","Bud Cort","fredric march","bud cort","0.0","0.0","Dr. Jekyll and Mr. Hyde","Harold and Maude","dr. jekyll and mr. hyde","harold and maude","0.14285714285714285","0.14285714285714285"
"RuleBasedMatcher","actors_83","golden_globes_817","0.0","","1933-01-01","1995-01-01","1933-01-01","1995-01-01","0.0","0.0","Fredric March","['Tom Hanks', 'Robin Wright Penn', 'Gary Sinise']","Fredric March","['Tom Hanks', 'Robin Wright Penn', 'Gary Sinise']","0.0","0.0","Dr. Jekyll and Mr. Hyde","Forrest Gump","dr. jekyll and mr. hyde","forrest gump","0.0","0.0"
"RuleBasedMatcher","actors_83","golden_globes_1875","0.0","","1933-01-01","1973-01-01","1933-01-01","1973-01-01","0.0","0.0","Fredric March","David Hartman","fredric march","david hartman","0.0","0.0","Dr. Jekyll and Mr. Hyde","Bold Ones: The New Doctors, The","dr. jekyll and mr. hyde","bold ones: the new doctors, the","0.0","0.0"
"RuleBasedMatcher","actors_83","golden_globes_1991","0.0","","1933-01-01","1968-01-01","1933-01-01","1968-01-01","0.0","0.0","Fredric March","['Rex Harrison', 'Richard Attenborough']","Fredric March","['Rex Harrison', 'Richard Attenborough']","0.0","0.0","Dr. Jekyll and Mr. Hyde","Doctor Dolittle","dr. jekyll and mr. hyde","doctor dolittle","0.0","0.0"
"RuleBasedMatcher","actors_83","golden_globes_478","0.05555555555555555","","1933-01-01","2002-01-01","1933-01-01","2002-01-01","0.0","0.0","Fredric March","","fredric march","","0.0","0.0","Dr. Jekyll and Mr. Hyde","Mulholland Dr.","dr. jekyll and mr. hyde","mulholland dr.","0.16666666666666666","0.16666666666666666"
"RuleBasedMatcher","actors_83","golden_globes_1939","0.0","","1933-01-01","1971-01-01","1933-01-01","1971-01-01","0.0","0.0","Fredric March","Elizabeth Montgomery","fredric march","elizabeth montgomery","0.0","0.0","Dr. Jekyll and Mr. Hyde","Bewitched","dr. jekyll and mr. hyde","bewitched","0.0","0.0"
"RuleBasedMatcher","actors_83","golden_globes_332","0.0","","1933-01-01","2005-01-01","1933-01-01","2005-01-01","0.0","0.0","Fredric March","Meryl Streep","fredric march","meryl streep","0.0","0.0","Dr. Jekyll and Mr. Hyde","Manchurian Candidate (2005), The","dr. jekyll and mr. hyde","manchurian candidate (2005), the","0.0","0.0"
"RuleBasedMatcher","actors_83","golden_globes_1884","0.047619047619047616","","1933-01-01","1973-01-01","1933-01-01","1973-01-01","0.0","0.0","Fredric March","Redd Foxx","fredric march","redd foxx","0.0","0.0","Dr. Jekyll and Mr. Hyde","Sanford and Son","dr. jekyll and mr. hyde","sanford and son","0.14285714285714285","0.14285714285714285"
"RuleBasedMatcher","actors_83","golden_globes_1805","0.047619047619047616","","1933-01-01","1975-01-01","1933-01-01","1975-01-01","0.0","0.0","Fredric March","['Redd Foxx', 'Whitman Mayo']","Fredric March","['Redd Foxx', 'Whitman Mayo']","0.0","0.0","Dr. Jekyll and Mr. Hyde","Sanford and Son","dr. jekyll and mr. hyde","sanford and son","0.14285714285714285","0.14285714285714285"
"RuleBasedMatcher","actors_83","golden_globes_1846","0.047619047619047616","","1933-01-01","1974-01-01","1933-01-01","1974-01-01","0.0","0.0","Fredric March","Redd Foxx","fredric march","redd foxx","0.0","0.0","Dr. Jekyll and Mr. Hyde","Sanford and Son","dr. jekyll and mr. hyde","sanford and son","0.14285714285714285","0.14285714285714285"
"RuleBasedMatcher","actors_83","golden_globes_1767","0.047619047619047616","","1933-01-01","1976-01-01","1933-01-01","1976-01-01","0.0","0.0","Fredric March","Redd Foxx","fredric march","redd foxx","0.0","0.0","Dr. Jekyll and Mr. Hyde","Sanford and Son","dr. jekyll and mr. hyde","sanford and son","0.14285714285714285","0.14285714285714285"
"RuleBasedMatcher","actors_83","golden_globes_225","0.0","","1933-01-01","2007-01-01","1933-01-01","2007-01-01","0.0","0.0","Fredric March","Will Ferrell","fredric march","will ferrell","0.0","0.0","Dr. Jekyll and Mr. Hyde","Stranger Than Fiction","dr. jekyll and mr. hyde","stranger than fiction","0.0","0.0"
"RuleBasedMatcher","actors_83","golden_globes_2207","0.0","","1933-01-01","1957-01-01","1933-01-01","1957-01-01","0.0","0.0","Fredric March","Danny Kaye","fredric march","danny kaye","0.0","0.0","Dr. Jekyll and Mr. Hyde","Court Jester, The","dr. jekyll and mr. hyde","court jester, the","0.0","0.0"
"RuleBasedMatcher","actors_83","golden_globes_1683","0.0","","1933-01-01","1978-01-01","1933-01-01","1978-01-01","0.0","0.0","Fredric March","Hal Linden","fredric march","hal linden","0.0","0.0","Dr. Jekyll and Mr. Hyde","Barney Miller","dr. jekyll and mr. hyde","barney miller","0.0","0.0"
"RuleBasedMatcher","actors_83","golden_globes_1561","0.0","","1933-01-01","1981-01-01","1933-01-01","1981-01-01","0.0","0.0","Fredric March","Hal Linden","fredric march","hal linden","0.0","0.0","Dr. Jekyll and Mr. Hyde","Barney Miller","dr. jekyll and mr. hyde","barney miller","0.0","0.0"
"RuleBasedMatcher","actors_83","golden_globes_1722","0.0","","1933-01-01","1977-01-01","1933-01-01","1977-01-01","0.0","0.0","Fredric March","Hal Linden","fredric march","hal linden","0.0","0.0","Dr. Jekyll and Mr. Hyde","Barney Miller","dr. jekyll and mr. hyde","barney miller","0.0","0.0"
"RuleBasedMatcher","actors_83","golden_globes_1768","0.0","","1933-01-01","1976-01-01","1933-01-01","1976-01-01","0.0","0.0","Fredric March","Hal Linden","fredric march","hal linden","0.0","0.0","Dr. Jekyll and Mr. Hyde","Barney Miller","dr. jekyll and mr. hyde","barney miller","0.0","0.0"
"RuleBasedMatcher","actors_84","golden_globes_1571","0.1111111111111111","","1933-01-01","1980-01-01","1933-01-01","1980-01-01","0.0","0.0","Wallace Beery","Jon Voight","wallace beery","jon voight","0.0","0.0","The Champ","Champ, The","the champ","champ, the","0.3333333333333333","0.3333333333333333"
"RuleBasedMatcher","actors_84","golden_globes_109","0.1111111111111111","","1933-01-01","2009-01-01","1933-01-01","2009-01-01","0.0","0.0","Wallace Beery","['Mickey Rourke', 'Marisa Tomei']","Wallace Beery","['Mickey Rourke', 'Marisa Tomei']","0.0","0.0","The Champ","Wrestler, The","the champ","wrestler, the","0.3333333333333333","0.3333333333333333"
"RuleBasedMatcher","actors_84","golden_globes_507","0.1111111111111111","","1933-01-01","2001-01-01","1933-01-01","2001-01-01","0.0","0.0","Wallace Beery","['Joan Allen', 'Jeff Bridges']","Wallace Beery","['Joan Allen', 'Jeff Bridges']","0.0","0.0","The Champ","Contender, The","the champ","contender, the","0.3333333333333333","0.3333333333333333"
"RuleBasedMatcher","actors_84","golden_globes_9","0.1111111111111111","","1933-01-01","2011-01-01","1933-01-01","2011-01-01","0.0","0.0","Wallace Beery","['Mark Wahlberg', 'Amy Adams', 'Melissa Leo', 'Christian Bale']","Wallace Beery","['Mark Wahlberg', 'Amy Adams', 'Melissa Leo', 'Christian Bale']","0.0","0.0","The Champ","Fighter, The","the champ","fighter, the","0.3333333333333333","0.3333333333333333"
"RuleBasedMatcher","actors_84","golden_globes_667","0.1111111111111111","","1933-01-01","1998-01-01","1933-01-01","1998-01-01","0.0","0.0","Wallace Beery","Daniel Day-Lewis","wallace beery","daniel day-lewis","0.0","0.0","The Champ","Boxer, The","the champ","boxer, the","0.3333333333333333","0.3333333333333333"
"RuleBasedMatcher","actors_84","golden_globes_934","0.1111111111111111","","1933-01-01","1993-01-01","1933-01-01","1993-01-01","0.0","0.0","Wallace Beery","Tim Robbins","wallace beery","tim robbins","0.0","0.0","The Champ","Player, The","the champ","player, the","0.3333333333333333","0.3333333333333333"
"RuleBasedMatcher","actors_84","golden_globes_1321","0.08333333333333333","","1933-01-01","1986-01-01","1933-01-01","1986-01-01","0.0","0.0","Wallace Beery","Katherine Helmond","wallace beery","katherine helmond","0.0","0.0","The Champ","Who's The Boss","the champ","who's the boss","0.25","0.25"
"RuleBasedMatcher","actors_84","golden_globes_1268","0.08333333333333333","","1933-01-01","1987-01-01","1933-01-01","1987-01-01","0.0","0.0","Wallace Beery","Tony Danza","wallace beery","tony danza","0.0","0.0","The Champ","Who's The Boss","the champ","who's the boss","0.25","0.25"
"RuleBasedMatcher","actors_84","golden_globes_1161","0.08333333333333333","","1933-01-01","1989-01-01","1933-01-01","1989-01-01","0.0","0.0","Wallace Beery","['Tony Danza', 'Katherine Helmond']","Wallace Beery","['Tony Danza', 'Katherine Helmond']","0.0","0.0","The Champ","Who's The Boss","the champ","who's the boss","0.25","0.25"
"RuleBasedMatcher","actors_84","golden_globes_1818","0.0","","1933-01-01","1974-01-01","1933-01-01","1974-01-01","0.0","0.0","Wallace Beery","['Yvonne Elliman', 'Carl Anderson', 'Ted Neely']","Wallace Beery","['Yvonne Elliman', 'Carl Anderson', 'Ted Neely']","0.0","0.0","The Champ","Jesus Christ Superstar","the champ","jesus christ superstar","0.0","0.0"
"RuleBasedMatcher","actors_84","golden_globes_339","0.1111111111111111","","1933-01-01","2005-01-01","1933-01-01","2005-01-01","0.0","0.0","Wallace Beery","Michael Chiklis","wallace beery","michael chiklis","0.0","0.0","The Champ","Shield, The","the champ","shield, the","0.3333333333333333","0.3333333333333333"
"RuleBasedMatcher","actors_84","golden_globes_437","0.1111111111111111","","1933-01-01","2003-01-01","1933-01-01","2003-01-01","0.0","0.0","Wallace Beery","Michael Chiklis","wallace beery","michael chiklis","0.0","0.0","The Champ","Shield, The","the champ","shield, the","0.3333333333333333","0.3333333333333333"
"RuleBasedMatcher","actors_84","golden_globes_393","0.1111111111111111","","1933-01-01","2004-01-01","1933-01-01","2004-01-01","0.0","0.0","Wallace Beery","Michael Chiklis","wallace beery","michael chiklis","0.0","0.0","The Champ","Shield, The","the champ","shield, the","0.3333333333333333","0.3333333333333333"
"RuleBasedMatcher","actors_84","golden_globes_288","0.1111111111111111","","1933-01-01","2006-01-01","1933-01-01","2006-01-01","0.0","0.0","Wallace Beery","Glenn Close","wallace beery","glenn close","0.0","0.0","The Champ","Shield, The","the champ","shield, the","0.3333333333333333","0.3333333333333333"
"RuleBasedMatcher","actors_84","golden_globes_1412","0.0","","1933-01-01","1984-01-01","1933-01-01","1984-01-01","0.0","0.0","Wallace Beery","Debbie Allen","wallace beery","debbie allen","0.0","0.0","The Champ","Fame","the champ","fame","0.0","0.0"
"RuleBasedMatcher","actors_84","golden_globes_1537","0.0","","1933-01-01","1981-01-01","1933-01-01","1981-01-01","0.0","0.0","Wallace Beery","Irene Cara","wallace beery","irene cara","0.0","0.0","The Champ","Fame","the champ","fame","0.0","0.0"
"RuleBasedMatcher","actors_84","golden_globes_1457","0.0","","1933-01-01","1983-01-01","1933-01-01","1983-01-01","0.0","0.0","Wallace Beery","Debbie Allen","wallace beery","debbie allen","0.0","0.0","The Champ","Fame","the champ","fame","0.0","0.0"
"RuleBasedMatcher","actors_84","golden_globes_1362","0.0","","1933-01-01","1985-01-01","1933-01-01","1985-01-01","0.0","0.0","Wallace Beery","Debbie Allen","wallace beery","debbie allen","0.0","0.0","The Champ","Fame","the champ","fame","0.0","0.0"
"RuleBasedMatcher","actors_84","golden_globes_209","0.1111111111111111","","1933-01-01","2007-01-01","1933-01-01","2007-01-01","0.0","0.0","Wallace Beery","Helen Mirren","wallace beery","helen mirren","0.0","0.0","The Champ","Queen, The","the champ","queen, the","0.3333333333333333","0.3333333333333333"
"RuleBasedMatcher","actors_84","golden_globes_826","0.1111111111111111","","1933-01-01","1995-01-01","1933-01-01","1995-01-01","0.0","0.0","Wallace Beery","Jim Carrey","wallace beery","jim carrey","0.0","0.0","The Champ","Mask, The","the champ","mask, the","0.3333333333333333","0.3333333333333333"
"RuleBasedMatcher","actors_85","golden_globes_182","0.047619047619047616","","1934-01-01","2008-01-01","1934-01-01","2008-01-01","0.0","0.0","Charles Laughton","Jonathan Rhys Meyers","charles laughton","jonathan rhys meyers","0.0","0.0","The Private Life of Henry VIII","Tudors, The","the private life of henry viii","tudors, the","0.14285714285714285","0.14285714285714285"
"RuleBasedMatcher","actors_85","golden_globes_130","0.047619047619047616","","1934-01-01","2009-01-01","1934-01-01","2009-01-01","0.0","0.0","Charles Laughton","Jonathan Rhys Meyers","charles laughton","jonathan rhys meyers","0.0","0.0","The Private Life of Henry VIII","Tudors, The","the private life of henry viii","tudors, the","0.14285714285714285","0.14285714285714285"
"RuleBasedMatcher","actors_85","golden_globes_1116","0.027777777777777776","","1934-01-01","1990-01-01","1934-01-01","1990-01-01","0.0","0.0","Charles Laughton","['Jane Seymour', 'John Gielgud']","Charles Laughton","['Jane Seymour', 'John Gielgud']","0.0","0.0","The Private Life of Henry VIII","War and Remembrance (Parts Viii - Xii)","the private life of henry viii","war and remembrance (parts viii - xii)","0.08333333333333333","0.08333333333333333"
"RuleBasedMatcher","actors_85","golden_globes_1946","0.07407407407407407","","1934-01-01","1970-01-01","1934-01-01","1970-01-01","0.0","0.0","Charles Laughton","['Genevi�ve Bujold', 'Richard Burton', 'Anthony Quayle']","Charles Laughton","['Genevi�ve Bujold', 'Richard Burton', 'Anthony Quayle']","0.0","0.0","The Private Life of Henry VIII","Anne Of The Thousand Days","the private life of henry viii","anne of the thousand days","0.2222222222222222","0.2222222222222222"
"RuleBasedMatcher","actors_85","golden_globes_148","0.037037037037037035","","1934-01-01","2008-01-01","1934-01-01","2008-01-01","0.0","0.0","Charles Laughton","Cate Blanchett","charles laughton","cate blanchett","0.0","0.0","The Private Life of Henry VIII","Elizabeth: The Golden Age","the private life of henry viii","elizabeth: the golden age","0.1111111111111111","0.1111111111111111"
"RuleBasedMatcher","actors_85","golden_globes_1469","0.0909090909090909","","1934-01-01","1983-01-01","1934-01-01","1983-01-01","0.0","0.0","Charles Laughton","Carol Burnett","charles laughton","carol burnett","0.0","0.0","The Private Life of Henry VIII","Life Of The Party: The Story Of Beatrice","the private life of henry viii","life of the party: the story of beatrice","0.2727272727272727","0.2727272727272727"
"RuleBasedMatcher","actors_85","golden_globes_910","0.07407407407407407","","1934-01-01","1994-01-01","1934-01-01","1994-01-01","0.0","0.0","Charles Laughton","Jack Lemmon","charles laughton","jack lemmon","0.0","0.0","The Private Life of Henry VIII","Life In The Theatre, a","the private life of henry viii","life in the theatre, a","0.2222222222222222","0.2222222222222222"
"RuleBasedMatcher","actors_85","golden_globes_7","0.041666666666666664","","1934-01-01","2011-01-01","1934-01-01","2011-01-01","0.0","0.0","Charles Laughton","['Colin Firth', 'Helena Bonham Carter', 'Geoffrey Rush']","Charles Laughton","['Colin Firth', 'Helena Bonham Carter', 'Geoffrey Rush']","0.0","0.0","The Private Life of Henry VIII","King's Speech, The","the private life of henry viii","king's speech, the","0.125","0.125"
"RuleBasedMatcher","actors_85","golden_globes_392","0.041666666666666664","","1934-01-01","2004-01-01","1934-01-01","2004-01-01","0.0","0.0","Charles Laughton","Amber Tamblyn","charles laughton","amber tamblyn","0.0","0.0","The Private Life of Henry VIII","Joan Of Arcadia","the private life of henry viii","joan of arcadia","0.125","0.125"
"RuleBasedMatcher","actors_85","golden_globes_1119","0.027777777777777776","","1934-01-01","1990-01-01","1934-01-01","1990-01-01","0.0","0.0","Charles Laughton","Ben Kinglsey","charles laughton","ben kinglsey","0.0","0.0","The Private Life of Henry VIII","Murderers Among Us: The Simon Wiesenthal Story","the private life of henry viii","murderers among us: the simon wiesenthal story","0.08333333333333333","0.08333333333333333"
"RuleBasedMatcher","actors_85","golden_globes_753","0.08333333333333333","","1934-01-01","1997-01-01","1934-01-01","1997-01-01","0.0","0.0","Charles Laughton","['Isabella Rossellini', 'Stephen Rea', 'David Paymer']","Charles Laughton","['Isabella Rossellini', 'Stephen Rea', 'David Paymer']","0.0","0.0","The Private Life of Henry VIII","Crime Of The Century","the private life of henry viii","crime of the century","0.25","0.25"
"RuleBasedMatcher","actors_85","golden_globes_604","0.041666666666666664","","1934-01-01","2000-01-01","1934-01-01","2000-01-01","0.0","0.0","Charles Laughton","['Leelee Sobieski', 'Jacqueline Bisset', "Peter O'Toole"]","Charles Laughton","['Leelee Sobieski', 'Jacqueline Bisset', "Peter O'Toole"]","0.0","0.0","The Private Life of Henry VIII","Joan Of Arc","the private life of henry viii","joan of arc","0.125","0.125"
"RuleBasedMatcher","actors_85","golden_globes_611","0.0","","1934-01-01","1999-01-01","1934-01-01","1999-01-01","0.0","0.0","Charles Laughton","Cate Blanchett","charles laughton","cate blanchett","0.0","0.0","The Private Life of Henry VIII","Elizabeth","the private life of henry viii","elizabeth","0.0","0.0"
"RuleBasedMatcher","actors_85","golden_globes_870","0.06666666666666667","","1934-01-01","1994-01-01","1934-01-01","1994-01-01","0.0","0.0","Charles Laughton","['Daniel Day-Lewis', 'Emma Thompson']","Charles Laughton","['Daniel Day-Lewis', 'Emma Thompson']","0.0","0.0","The Private Life of Henry VIII","In The Name Of The Father","the private life of henry viii","in the name of the father","0.2","0.2"
"RuleBasedMatcher","actors_85","golden_globes_47","0.0","","1934-01-01","2011-01-01","1934-01-01","2011-01-01","0.0","0.0","Charles Laughton","['Sofia Vergara', 'Eric Stonestreet']","Charles Laughton","['Sofia Vergara', 'Eric Stonestreet']","0.0","0.0","The Private Life of Henry VIII","Modern Family","the private life of henry viii","modern family","0.0","0.0"
"RuleBasedMatcher","actors_85","golden_globes_1094","0.030303030303030304","","1934-01-01","1990-01-01","1934-01-01","1990-01-01","0.0","0.0","Charles Laughton","Sean Connery","charles laughton","sean connery","0.0","0.0","The Private Life of Henry VIII","Indiana Jones and The Last Crusade","the private life of henry viii","indiana jones and the last crusade","0.09090909090909091","0.09090909090909091"
"RuleBasedMatcher","actors_85","golden_globes_360","0.09999999999999999","","1934-01-01","2005-01-01","1934-01-01","2005-01-01","0.0","0.0","Charles Laughton","['Geoffrey Rush', 'Charlize Theron', 'Emily Watson']","Charles Laughton","['Geoffrey Rush', 'Charlize Theron', 'Emily Watson']","0.0","0.0","The Private Life of Henry VIII","Life and Death Of Peter Sellers, The","the private life of henry viii","life and death of peter sellers, the","0.3","0.3"
"RuleBasedMatcher","actors_85","golden_globes_65","0.0","","1934-01-01","2010-01-01","1934-01-01","2010-01-01","0.0","0.0","Charles Laughton","Robert Downey Jr.","charles laughton","robert downey jr.","0.0","0.0","The Private Life of Henry VIII","Sherlock Holmes","the private life of henry viii","sherlock holmes","0.0","0.0"
"RuleBasedMatcher","actors_85","golden_globes_250","0.0","","1934-01-01","2007-01-01","1934-01-01","2007-01-01","0.0","0.0","Charles Laughton","['Helen Mirren', 'Jeremy Irons']","Charles Laughton","['Helen Mirren', 'Jeremy Irons']","0.0","0.0","The Private Life of Henry VIII","Elizabeth I","the private life of henry viii","elizabeth i","0.0","0.0"
"RuleBasedMatcher","actors_85","golden_globes_119","0.047619047619047616","","1934-01-01","2009-01-01","1934-01-01","2009-01-01","0.0","0.0","Charles Laughton","Ralph Fiennes","charles laughton","ralph fiennes","0.0","0.0","The Private Life of Henry VIII","Duchess, The","the private life of henry viii","duchess, the","0.14285714285714285","0.14285714285714285"
"RuleBasedMatcher","actors_86","golden_globes_1968","0.1111111111111111","","1936-01-01","1969-01-01","1936-01-01","1969-01-01","0.0","0.0","Victor McLaglen","Alan Bates","victor mclaglen","alan bates","0.0","0.0","The Informer","Fixer, The","the informer","fixer, the","0.3333333333333333","0.3333333333333333"
"RuleBasedMatcher","actors_86","golden_globes_117","0.1111111111111111","","1936-01-01","2009-01-01","1936-01-01","2009-01-01","0.0","0.0","Victor McLaglen","Kate Winslet","victor mclaglen","kate winslet","0.0","0.0","The Informer","Reader, The","the informer","reader, the","0.3333333333333333","0.3333333333333333"
"RuleBasedMatcher","actors_86","golden_globes_567","0.1111111111111111","","1936-01-01","2000-01-01","1936-01-01","2000-01-01","0.0","0.0","Victor McLaglen","Russell Crowe","victor mclaglen","russell crowe","0.0","0.0","The Informer","Insider, The","the informer","insider, the","0.3333333333333333","0.3333333333333333"
"RuleBasedMatcher","actors_86","golden_globes_64","0.1111111111111111","","1936-01-01","2010-01-01","1936-01-01","2010-01-01","0.0","0.0","Victor McLaglen","Matt Damon","victor mclaglen","matt damon","0.0","0.0","The Informer","Informant!, The","the informer","informant!, the","0.3333333333333333","0.3333333333333333"
"RuleBasedMatcher","actors_86","golden_globes_1982","0.1111111111111111","","1936-01-01","1968-01-01","1936-01-01","1968-01-01","0.0","0.0","Victor McLaglen","Edith Evans","victor mclaglen","edith evans","0.0","0.0","The Informer","Whisperers, The","the informer","whisperers, the","0.3333333333333333","0.3333333333333333"
"RuleBasedMatcher","actors_86","golden_globes_678","0.0","","1936-01-01","1998-01-01","1936-01-01","1998-01-01","0.0","0.0","Victor McLaglen","Kim Basinger","victor mclaglen","kim basinger","0.0","0.0","The Informer","L. a. Confidential","the informer","l. a. confidential","0.0","0.0"
"RuleBasedMatcher","actors_86","golden_globes_1191","0.0","","1936-01-01","1988-01-01","1936-01-01","1988-01-01","0.0","0.0","Victor McLaglen","['Holly Hunter', 'William Hurt']","Victor McLaglen","['Holly Hunter', 'William Hurt']","0.0","0.0","The Informer","Broadcast News","the informer","broadcast news","0.0","0.0"
"RuleBasedMatcher","actors_86","golden_globes_2014","0.1111111111111111","","1936-01-01","1966-01-01","1936-01-01","1966-01-01","0.0","0.0","Victor McLaglen","Samantha Eggar","victor mclaglen","samantha eggar","0.0","0.0","The Informer","Collector, The","the informer","collector, the","0.3333333333333333","0.3333333333333333"
"RuleBasedMatcher","actors_86","golden_globes_1850","0.0","","1936-01-01","1973-01-01","1936-01-01","1973-01-01","0.0","0.0","Victor McLaglen","Cicely Tyson","victor mclaglen","cicely tyson","0.0","0.0","The Informer","Sounder","the informer","sounder","0.0","0.0"
"RuleBasedMatcher","actors_86","golden_globes_87","0.1111111111111111","","1936-01-01","2010-01-01","1936-01-01","2010-01-01","0.0","0.0","Victor McLaglen","Steve Carell","victor mclaglen","steve carell","0.0","0.0","The Informer","Office, The","the informer","office, the","0.3333333333333333","0.3333333333333333"
"RuleBasedMatcher","actors_86","golden_globes_245","0.1111111111111111","","1936-01-01","2007-01-01","1936-01-01","2007-01-01","0.0","0.0","Victor McLaglen","Steve Carell","victor mclaglen","steve carell","0.0","0.0","The Informer","Office, The","the informer","office, the","0.3333333333333333","0.3333333333333333"
"RuleBasedMatcher","actors_86","golden_globes_188","0.1111111111111111","","1936-01-01","2008-01-01","1936-01-01","2008-01-01","0.0","0.0","Victor McLaglen","Steve Carell","victor mclaglen","steve carell","0.0","0.0","The Informer","Office, The","the informer","office, the","0.3333333333333333","0.3333333333333333"
"RuleBasedMatcher","actors_86","golden_globes_136","0.1111111111111111","","1936-01-01","2009-01-01","1936-01-01","2009-01-01","0.0","0.0","Victor McLaglen","Steve Carell","victor mclaglen","steve carell","0.0","0.0","The Informer","Office, The","the informer","office, the","0.3333333333333333","0.3333333333333333"
"RuleBasedMatcher","actors_86","golden_globes_300","0.1111111111111111","","1936-01-01","2006-01-01","1936-01-01","2006-01-01","0.0","0.0","Victor McLaglen","Steve Carell","victor mclaglen","steve carell","0.0","0.0","The Informer","Office, The","the informer","office, the","0.3333333333333333","0.3333333333333333"
"RuleBasedMatcher","actors_86","golden_globes_403","0.1111111111111111","","1936-01-01","2004-01-01","1936-01-01","2004-01-01","0.0","0.0","Victor McLaglen","Ricky Gervais","victor mclaglen","ricky gervais","0.0","0.0","The Informer","Office, The","the informer","office, the","0.3333333333333333","0.3333333333333333"
"RuleBasedMatcher","actors_86","golden_globes_35","0.1111111111111111","","1936-01-01","2011-01-01","1936-01-01","2011-01-01","0.0","0.0","Victor McLaglen","Steve Carell","victor mclaglen","steve carell","0.0","0.0","The Informer","Office, The","the informer","office, the","0.3333333333333333","0.3333333333333333"
"RuleBasedMatcher","actors_86","golden_globes_915","0.1111111111111111","","1936-01-01","1994-01-01","1936-01-01","1994-01-01","0.0","0.0","Victor McLaglen","Theresa Saldana","victor mclaglen","theresa saldana","0.0","0.0","The Informer","Commish, The","the informer","commish, the","0.3333333333333333","0.3333333333333333"
"RuleBasedMatcher","actors_86","golden_globes_476","0.0","","1936-01-01","2002-01-01","1936-01-01","2002-01-01","0.0","0.0","Victor McLaglen","Jude Law","victor mclaglen","jude law","0.0","0.0","The Informer","A. I.: Artificial Intelligence","the informer","a. i.: artificial intelligence","0.0","0.0"
"RuleBasedMatcher","actors_86","golden_globes_2081","0.08333333333333333","","1936-01-01","1963-01-01","1936-01-01","1963-01-01","0.0","0.0","Victor McLaglen","['Glynis Johns', 'Harold J. Stone']","Victor McLaglen","['Glynis Johns', 'Harold J. Stone']","0.0","0.0","The Informer","Chapman Report, The","the informer","chapman report, the","0.25","0.25"
"RuleBasedMatcher","actors_86","golden_globes_1472","0.1111111111111111","","1936-01-01","1983-01-01","1936-01-01","1983-01-01","0.0","0.0","Victor McLaglen","Lee Remick","victor mclaglen","lee remick","0.0","0.0","The Informer","Letter, The","the informer","letter, the","0.3333333333333333","0.3333333333333333"
"RuleBasedMatcher","actors_87","golden_globes_1315","0.041666666666666664","","1937-01-01","1986-01-01","1937-01-01","1986-01-01","0.0","0.0","Paul Muni","Richard Chamberlain","paul muni","richard chamberlain","0.0","0.0","The Story of Louis Pasteur","Wallenberg: a Hero's Story","the story of louis pasteur","wallenberg: a hero's story","0.125","0.125"
"RuleBasedMatcher","actors_87","golden_globes_257","0.041666666666666664","","1937-01-01","2007-01-01","1937-01-01","2007-01-01","0.0","0.0","Paul Muni","Matthew Perry","paul muni","matthew perry","0.0","0.0","The Story of Louis Pasteur","Ron Clark Story, The","the story of louis pasteur","ron clark story, the","0.125","0.125"
"RuleBasedMatcher","actors_87","golden_globes_1011","0.041666666666666664","","1937-01-01","1992-01-01","1937-01-01","1992-01-01","0.0","0.0","Paul Muni","['Lynn Whitfield', 'Louis Gossett Jr.']","Paul Muni","['Lynn Whitfield', 'Louis Gossett Jr.']","0.0","0.0","The Story of Louis Pasteur","Josephine Baker Story, The","the story of louis pasteur","josephine baker story, the","0.125","0.125"
"RuleBasedMatcher","actors_87","golden_globes_2194","0.14285714285714285","","1937-01-01","1958-01-01","1937-01-01","1958-01-01","0.0","0.0","Paul Muni","Heather Sears","paul muni","heather sears","0.0","0.0","The Story of Louis Pasteur","Story Of Esther Costello, The","the story of louis pasteur","story of esther costello, the","0.42857142857142855","0.42857142857142855"
"RuleBasedMatcher","actors_87","golden_globes_763","0.0","","1937-01-01","1996-01-01","1937-01-01","1996-01-01","0.0","0.0","Paul Muni","Richard Dreyfuss","paul muni","richard dreyfuss","0.0","0.0","The Story of Louis Pasteur","Mr. Holland's Opus","the story of louis pasteur","mr. holland's opus","0.0","0.0"
"RuleBasedMatcher","actors_87","golden_globes_557","0.06060606060606061","","1937-01-01","2001-01-01","1937-01-01","2001-01-01","0.0","0.0","Paul Muni","Andy Garcia","paul muni","andy garcia","0.0","0.0","The Story of Louis Pasteur","For Love Or Country: The Arturo Sandoval Story","the story of louis pasteur","for love or country: the arturo sandoval story","0.18181818181818182","0.18181818181818182"
"RuleBasedMatcher","actors_87","golden_globes_1270","0.07407407407407407","","1937-01-01","1987-01-01","1937-01-01","1987-01-01","0.0","0.0","Paul Muni","['Farrah Fawcett', 'Geraldine Page', 'Tom Conti']","Paul Muni","['Farrah Fawcett', 'Geraldine Page', 'Tom Conti']","0.0","0.0","The Story of Louis Pasteur","Nazi Hunter: The Beate Klarsfeld Story","the story of louis pasteur","nazi hunter: the beate klarsfeld story","0.2222222222222222","0.2222222222222222"
"RuleBasedMatcher","actors_87","golden_globes_1516","0.041666666666666664","","1937-01-01","1982-01-01","1937-01-01","1982-01-01","0.0","0.0","Paul Muni","['Glenda Jackson', 'Dirk Bogarde']","Paul Muni","['Glenda Jackson', 'Dirk Bogarde']","0.0","0.0","The Story of Louis Pasteur","Patricia Neal Story, The","the story of louis pasteur","patricia neal story, the","0.125","0.125"
"RuleBasedMatcher","actors_87","golden_globes_799","0.06666666666666667","","1937-01-01","1996-01-01","1937-01-01","1996-01-01","0.0","0.0","Paul Muni","['Glenn Close', 'Judy Davis']","Paul Muni","['Glenn Close', 'Judy Davis']","0.0","0.0","The Story of Louis Pasteur","Serving In Silence: The Margarethe Cammermeyer Story","the story of louis pasteur","serving in silence: the margarethe cammermeyer story","0.2","0.2"
"RuleBasedMatcher","actors_87","golden_globes_1010","0.1111111111111111","","1937-01-01","1992-01-01","1937-01-01","1992-01-01","0.0","0.0","Paul Muni","Jessica Tandy","paul muni","jessica tandy","0.0","0.0","The Story of Louis Pasteur","Story Lady, The","the story of louis pasteur","story lady, the","0.3333333333333333","0.3333333333333333"
"RuleBasedMatcher","actors_87","golden_globes_7","0.047619047619047616","","1937-01-01","2011-01-01","1937-01-01","2011-01-01","0.0","0.0","Paul Muni","['Colin Firth', 'Helena Bonham Carter', 'Geoffrey Rush']","Paul Muni","['Colin Firth', 'Helena Bonham Carter', 'Geoffrey Rush']","0.0","0.0","The Story of Louis Pasteur","King's Speech, The","the story of louis pasteur","king's speech, the","0.14285714285714285","0.14285714285714285"
"RuleBasedMatcher","actors_87","golden_globes_1127","0.0","","1937-01-01","1989-01-01","1937-01-01","1989-01-01","0.0","0.0","Paul Muni","Shirley MacLaine","paul muni","shirley maclaine","0.0","0.0","The Story of Louis Pasteur","Madame Sousatzka","the story of louis pasteur","madame sousatzka","0.0","0.0"
"RuleBasedMatcher","actors_87","golden_globes_310","0.0","","1937-01-01","2006-01-01","1937-01-01","2006-01-01","0.0","0.0","Paul Muni","['Jonathan Rhys Meyers', 'Camryn Manheim', 'Randy Quaid']","Paul Muni","['Jonathan Rhys Meyers', 'Camryn Manheim', 'Randy Quaid']","0.0","0.0","The Story of Louis Pasteur","Elvis","the story of louis pasteur","elvis","0.0","0.0"
"RuleBasedMatcher","actors_87","golden_globes_2243","0.05555555555555555","","1937-01-01","1952-01-01","1937-01-01","1952-01-01","0.0","0.0","Paul Muni","['Kirk Douglas', 'Lee Grant']","Paul Muni","['Kirk Douglas', 'Lee Grant']","0.0","0.0","The Story of Louis Pasteur","Detective Story","the story of louis pasteur","detective story","0.16666666666666666","0.16666666666666666"
"RuleBasedMatcher","actors_87","golden_globes_1469","0.09999999999999999","","1937-01-01","1983-01-01","1937-01-01","1983-01-01","0.0","0.0","Paul Muni","Carol Burnett","paul muni","carol burnett","0.0","0.0","The Story of Louis Pasteur","Life Of The Party: The Story Of Beatrice","the story of louis pasteur","life of the party: the story of beatrice","0.3","0.3"
"RuleBasedMatcher","actors_87","golden_globes_1711","0.037037037037037035","","1937-01-01","1977-01-01","1937-01-01","1977-01-01","0.0","0.0","Paul Muni","['Richard Jordan', 'Charles Durning']","Paul Muni","['Richard Jordan', 'Charles Durning']","0.0","0.0","The Story of Louis Pasteur","Captains and The Kings, The","the story of louis pasteur","captains and the kings, the","0.1111111111111111","0.1111111111111111"
"RuleBasedMatcher","actors_87","golden_globes_709","0.0","","1937-01-01","1998-01-01","1937-01-01","1998-01-01","0.0","0.0","Paul Muni","Michael Caine","paul muni","michael caine","0.0","0.0","The Story of Louis Pasteur","Mandela and De Klerk","the story of louis pasteur","mandela and de klerk","0.0","0.0"
"RuleBasedMatcher","actors_87","golden_globes_1895","0.047619047619047616","","1937-01-01","1972-01-01","1937-01-01","1972-01-01","0.0","0.0","Paul Muni","Gene Hackman","paul muni","gene hackman","0.0","0.0","The Story of Louis Pasteur","French Connection, The","the story of louis pasteur","french connection, the","0.14285714285714285","0.14285714285714285"
"RuleBasedMatcher","actors_87","golden_globes_1036","0.0","","1937-01-01","1991-01-01","1937-01-01","1991-01-01","0.0","0.0","Paul Muni","Johnny Depp","paul muni","johnny depp","0.0","0.0","The Story of Louis Pasteur","Edward Scissorhands","the story of louis pasteur","edward scissorhands","0.0","0.0"
"RuleBasedMatcher","actors_87","golden_globes_753","0.09523809523809523","","1937-01-01","1997-01-01","1937-01-01","1997-01-01","0.0","0.0","Paul Muni","['Isabella Rossellini', 'Stephen Rea', 'David Paymer']","Paul Muni","['Isabella Rossellini', 'Stephen Rea', 'David Paymer']","0.0","0.0","The Story of Louis Pasteur","Crime Of The Century","the story of louis pasteur","crime of the century","0.2857142857142857","0.2857142857142857"
"RuleBasedMatcher","actors_88","golden_globes_1711","0.05555555555555555","","1938-01-01","1977-01-01","1938-01-01","1977-01-01","0.0","0.0","Spencer Tracy","['Richard Jordan', 'Charles Durning']","Spencer Tracy","['Richard Jordan', 'Charles Durning']","0.0","0.0","Captains Courageous","Captains and The Kings, The","captains courageous","captains and the kings, the","0.16666666666666666","0.16666666666666666"
"RuleBasedMatcher","actors_88","golden_globes_289","0.0","","1938-01-01","2006-01-01","1938-01-01","2006-01-01","0.0","0.0","Spencer Tracy","['Geena Davis', 'Donald Sutherland']","Spencer Tracy","['Geena Davis', 'Donald Sutherland']","0.0","0.0","Captains Courageous","Commander In Chief","captains courageous","commander in chief","0.0","0.0"
"RuleBasedMatcher","actors_88","golden_globes_369","0.0","","1938-01-01","2004-01-01","1938-01-01","2004-01-01","0.0","0.0","Spencer Tracy","Russell Crowe","spencer tracy","russell crowe","0.0","0.0","Captains Courageous","Master and Commander: The Far Side Of The World","captains courageous","master and commander: the far side of the world","0.0","0.0"
"RuleBasedMatcher","actors_88","golden_globes_782","0.0","","1938-01-01","1996-01-01","1938-01-01","1996-01-01","0.0","0.0","Spencer Tracy","","spencer tracy","","0.0","0.0","Captains Courageous","Braveheart","captains courageous","braveheart","0.0","0.0"
"RuleBasedMatcher","actors_88","golden_globes_150","0.0","","1938-01-01","2008-01-01","1938-01-01","2008-01-01","0.0","0.0","Spencer Tracy","Jodie Foster","spencer tracy","jodie foster","0.0","0.0","Captains Courageous","Brave One, The","captains courageous","brave one, the","0.0","0.0"
"RuleBasedMatcher","actors_88","golden_globes_92","0.05555555555555555","","1938-01-01","2010-01-01","1938-01-01","2010-01-01","0.0","0.0","Spencer Tracy","Anna Paquin","spencer tracy","anna paquin","0.0","0.0","Captains Courageous","Courageous Heart Of Irena, The","captains courageous","courageous heart of irena, the","0.16666666666666666","0.16666666666666666"
"RuleBasedMatcher","actors_88","golden_globes_2063","0.0","","1938-01-01","1964-01-01","1938-01-01","1964-01-01","0.0","0.0","Spencer Tracy","['Gregory Peck', 'Bobby Darin']","Spencer Tracy","['Gregory Peck', 'Bobby Darin']","0.0","0.0","Captains Courageous","Captain Newman, M.D.","captains courageous","captain newman, m.d.","0.0","0.0"
"RuleBasedMatcher","actors_88","golden_globes_884","0.0","","1938-01-01","1994-01-01","1938-01-01","1994-01-01","0.0","0.0","Spencer Tracy","Rosie Perez","spencer tracy","rosie perez","0.0","0.0","Captains Courageous","Fearless","captains courageous","fearless","0.0","0.0"
"RuleBasedMatcher","actors_88","golden_globes_1653","0.0","","1938-01-01","1978-01-01","1938-01-01","1978-01-01","0.0","0.0","Spencer Tracy","Gregory Peck","spencer tracy","gregory peck","0.0","0.0","Captains Courageous","MacArthur","captains courageous","macarthur","0.0","0.0"
"RuleBasedMatcher","actors_88","golden_globes_1654","0.0","","1938-01-01","1978-01-01","1938-01-01","1978-01-01","0.0","0.0","Spencer Tracy","Henry Winkler","spencer tracy","henry winkler","0.0","0.0","Captains Courageous","Heroes","captains courageous","heroes","0.0","0.0"
"RuleBasedMatcher","actors_88","golden_globes_259","0.0","","1938-01-01","2007-01-01","1938-01-01","2007-01-01","0.0","0.0","Spencer Tracy","Masi Oka","spencer tracy","masi oka","0.0","0.0","Captains Courageous","Heroes","captains courageous","heroes","0.0","0.0"
"RuleBasedMatcher","actors_88","golden_globes_1686","0.0","","1938-01-01","1977-01-01","1938-01-01","1977-01-01","0.0","0.0","Spencer Tracy","Sylvia Miles","spencer tracy","sylvia miles","0.0","0.0","Captains Courageous","Sailor Who Fell From Grace With The Sea, The","captains courageous","sailor who fell from grace with the sea, the","0.0","0.0"
"RuleBasedMatcher","actors_88","golden_globes_976","0.0","","1938-01-01","1992-01-01","1938-01-01","1992-01-01","0.0","0.0","Spencer Tracy","['Robert De Niro', 'Juliette Lewis']","Spencer Tracy","['Robert De Niro', 'Juliette Lewis']","0.0","0.0","Captains Courageous","Cape Fear","captains courageous","cape fear","0.0","0.0"
"RuleBasedMatcher","actors_88","golden_globes_2178","0.0","","1938-01-01","1959-01-01","1938-01-01","1959-01-01","0.0","0.0","Spencer Tracy","David Ladd","spencer tracy","david ladd","0.0","0.0","Captains Courageous","Proud Rebel, The","captains courageous","proud rebel, the","0.0","0.0"
"RuleBasedMatcher","actors_88","golden_globes_2025","0.0","","1938-01-01","1966-01-01","1938-01-01","1966-01-01","0.0","0.0","Spencer Tracy","Alberto Sordi","spencer tracy","alberto sordi","0.0","0.0","Captains Courageous","Those Magnificent Men In Their Flying Machines","captains courageous","those magnificent men in their flying machines","0.0","0.0"
"RuleBasedMatcher","actors_88","golden_globes_655","0.0","","1938-01-01","1999-01-01","1938-01-01","1999-01-01","0.0","0.0","Spencer Tracy","Peter Fonda","spencer tracy","peter fonda","0.0","0.0","Captains Courageous","Tempest, The","captains courageous","tempest, the","0.0","0.0"
"RuleBasedMatcher","actors_88","golden_globes_2016","0.0","","1938-01-01","1966-01-01","1938-01-01","1966-01-01","0.0","0.0","Spencer Tracy","['Simone Signoret', 'Oskar Werner']","Spencer Tracy","['Simone Signoret', 'Oskar Werner']","0.0","0.0","Captains Courageous","Ship Of Fools","captains courageous","ship of fools","0.0","0.0"
"RuleBasedMatcher","actors_88","golden_globes_805","0.0","","1938-01-01","1996-01-01","1938-01-01","1996-01-01","0.0","0.0","Spencer Tracy","Laurence Fishburne","spencer tracy","laurence fishburne","0.0","0.0","Captains Courageous","Tuskegee Airmen, The","captains courageous","tuskegee airmen, the","0.0","0.0"
"RuleBasedMatcher","actors_88","golden_globes_1241","0.0","","1938-01-01","1987-01-01","1938-01-01","1987-01-01","0.0","0.0","Spencer Tracy","Jeremy Irons","spencer tracy","jeremy irons","0.0","0.0","Captains Courageous","Mission, The","captains courageous","mission, the","0.0","0.0"
"RuleBasedMatcher","actors_88","golden_globes_2244","0.0","","1938-01-01","1952-01-01","1938-01-01","1952-01-01","0.0","0.0","Spencer Tracy","Arthur Kennedy","spencer tracy","arthur kennedy","0.0","0.0","Captains Courageous","Bright Victory","captains courageous","bright victory","0.0","0.0"
"RuleBasedMatcher","actors_89","golden_globes_1224","0.08333333333333333","","1939-01-01","1988-01-01","1939-01-01","1988-01-01","0.0","0.0","Spencer Tracy","['Judd Nelson', 'Brian McNamara']","Spencer Tracy","['Judd Nelson', 'Brian McNamara']","0.0","0.0","Boys Town","Billionaire Boys Club","boys town","billionaire boys club","0.25","0.25"
"RuleBasedMatcher","actors_89","golden_globes_19","0.0","","1939-01-01","2011-01-01","1939-01-01","2011-01-01","0.0","0.0","Spencer Tracy","Jeremy Renner","spencer tracy","jeremy renner","0.0","0.0","Boys Town","Town, The","boys town","town, the","0.0","0.0"
"RuleBasedMatcher","actors_89","golden_globes_514","0.1111111111111111","","1939-01-01","2001-01-01","1939-01-01","2001-01-01","0.0","0.0","Spencer Tracy","Michael Douglas","spencer tracy","michael douglas","0.0","0.0","Boys Town","Wonder Boys","boys town","wonder boys","0.3333333333333333","0.3333333333333333"
"RuleBasedMatcher","actors_89","golden_globes_981","0.08333333333333333","","1939-01-01","1992-01-01","1939-01-01","1992-01-01","0.0","0.0","Spencer Tracy","Bette Midler","spencer tracy","bette midler","0.0","0.0","Boys Town","For The Boys","boys town","for the boys","0.25","0.25"
"RuleBasedMatcher","actors_89","golden_globes_1744","0.0","","1939-01-01","1976-01-01","1939-01-01","1976-01-01","0.0","0.0","Spencer Tracy","['George Burns', 'Walter Matthau', 'Richard Benjamin']","Spencer Tracy","['George Burns', 'Walter Matthau', 'Richard Benjamin']","0.0","0.0","Boys Town","Sunshine Boys, The","boys town","sunshine boys, the","0.0","0.0"
"RuleBasedMatcher","actors_89","golden_globes_2130","0.0","","1939-01-01","1961-01-01","1939-01-01","1961-01-01","0.0","0.0","Spencer Tracy","['Trevor Howard', 'Dean Stockwell', 'Mary Ure']","Spencer Tracy","['Trevor Howard', 'Dean Stockwell', 'Mary Ure']","0.0","0.0","Boys Town","Sons and Lovers","boys town","sons and lovers","0.0","0.0"
"RuleBasedMatcher","actors_89","golden_globes_58","0.0","","1939-01-01","2010-01-01","1939-01-01","2010-01-01","0.0","0.0","Spencer Tracy","Tobey  Maguire","spencer tracy","tobey  maguire","0.0","0.0","Boys Town","Brothers","boys town","brothers","0.0","0.0"
"RuleBasedMatcher","actors_89","golden_globes_504","0.0","","1939-01-01","2002-01-01","1939-01-01","2002-01-01","0.0","0.0","Spencer Tracy","['Damian Lewis', 'Ron Livingston']","Spencer Tracy","['Damian Lewis', 'Ron Livingston']","0.0","0.0","Boys Town","Band Of Brothers","boys town","band of brothers","0.0","0.0"
"RuleBasedMatcher","actors_89","golden_globes_428","0.0","","1939-01-01","2003-01-01","1939-01-01","2003-01-01","0.0","0.0","Spencer Tracy","Hugh Grant","spencer tracy","hugh grant","0.0","0.0","Boys Town","About a Boy","boys town","about a boy","0.0","0.0"
"RuleBasedMatcher","actors_89","golden_globes_595","0.0","","1939-01-01","2000-01-01","1939-01-01","2000-01-01","0.0","0.0","Spencer Tracy","['Heather Locklear', 'Michael J. Fox']","Spencer Tracy","['Heather Locklear', 'Michael J. Fox']","0.0","0.0","Boys Town","Spin City","boys town","spin city","0.0","0.0"
"RuleBasedMatcher","actors_89","golden_globes_491","0.0","","1939-01-01","2002-01-01","1939-01-01","2002-01-01","0.0","0.0","Spencer Tracy","['Heather Locklear', 'Charlie Sheen']","Spencer Tracy","['Heather Locklear', 'Charlie Sheen']","0.0","0.0","Boys Town","Spin City","boys town","spin city","0.0","0.0"
"RuleBasedMatcher","actors_89","golden_globes_747","0.0","","1939-01-01","1997-01-01","1939-01-01","1997-01-01","0.0","0.0","Spencer Tracy","Michael J. Fox","spencer tracy","michael j. fox","0.0","0.0","Boys Town","Spin City","boys town","spin city","0.0","0.0"
"RuleBasedMatcher","actors_89","golden_globes_648","0.0","","1939-01-01","1999-01-01","1939-01-01","1999-01-01","0.0","0.0","Spencer Tracy","Michael J. Fox","spencer tracy","michael j. fox","0.0","0.0","Boys Town","Spin City","boys town","spin city","0.0","0.0"
"RuleBasedMatcher","actors_89","golden_globes_695","0.0","","1939-01-01","1998-01-01","1939-01-01","1998-01-01","0.0","0.0","Spencer Tracy","Michael J. Fox","spencer tracy","michael j. fox","0.0","0.0","Boys Town","Spin City","boys town","spin city","0.0","0.0"
"RuleBasedMatcher","actors_89","golden_globes_703","0.08333333333333333","","1939-01-01","1998-01-01","1939-01-01","1998-01-01","0.0","0.0","Spencer Tracy","Alfre Woodard","spencer tracy","alfre woodard","0.0","0.0","Boys Town","Miss Evers' Boys","boys town","miss evers' boys","0.25","0.25"
"RuleBasedMatcher","actors_89","golden_globes_83","0.1111111111111111","","1939-01-01","2010-01-01","1939-01-01","2010-01-01","0.0","0.0","Spencer Tracy","Courteney Cox","spencer tracy","courteney cox","0.0","0.0","Boys Town","Cougar Town","boys town","cougar town","0.3333333333333333","0.3333333333333333"
"RuleBasedMatcher","actors_89","golden_globes_1077","0.0","","1939-01-01","1990-01-01","1939-01-01","1990-01-01","0.0","0.0","Spencer Tracy","Michelle Pfeiffer","spencer tracy","michelle pfeiffer","0.0","0.0","Boys Town","Fabulous Baker Boys, The","boys town","fabulous baker boys, the","0.0","0.0"
"RuleBasedMatcher","actors_89","golden_globes_2107","0.0","","1939-01-01","1963-01-01","1939-01-01","1963-01-01","0.0","0.0","Spencer Tracy","","spencer tracy","","0.0","0.0","Boys Town","Brothers, The","boys town","brothers, the","0.0","0.0"
"RuleBasedMatcher","actors_89","golden_globes_24","0.0","","1939-01-01","2011-01-01","1939-01-01","2011-01-01","0.0","0.0","Spencer Tracy","Katey Sagal","spencer tracy","katey sagal","0.0","0.0","Boys Town","Sons Of Anarchy","boys town","sons of anarchy","0.0","0.0"
"RuleBasedMatcher","actors_89","golden_globes_808","0.0","","1939-01-01","1996-01-01","1939-01-01","1996-01-01","0.0","0.0","Spencer Tracy","['Melanie Griffith', 'Sam Elliott']","Spencer Tracy","['Melanie Griffith', 'Sam Elliott']","0.0","0.0","Boys Town","Buffalo Girls","boys town","buffalo girls","0.0","0.0"
"RuleBasedMatcher","actors_90","golden_globes_1957","0.7","","1940-01-01","1970-01-01","1940-01-01","1970-01-01","0.0","0.0","Robert Donat","["Peter O'Toole", 'Si Phillips']","Robert Donat","["Peter O'Toole", 'Si Phillips']","0.0","0.0","Goodbye, Mr. Chips","Goodbye, Mr. Chips","goodbye, mr. chips","goodbye, mr. chips","1.0","1.0"
"RuleBasedMatcher","actors_90","golden_globes_1590","0.1111111111111111","","1940-01-01","1980-01-01","1940-01-01","1980-01-01","0.0","0.0","Robert Donat","Erik Estrada","robert donat","erik estrada","0.0","0.0","Goodbye, Mr. Chips","ChiPs","goodbye, mr. chips","chips","0.3333333333333333","0.3333333333333333"
"RuleBasedMatcher","actors_90","golden_globes_1440","0.0","","1940-01-01","1983-01-01","1940-01-01","1983-01-01","0.0","0.0","Robert Donat","Sally Field","robert donat","sally field","0.0","0.0","Goodbye, Mr. Chips","Kiss Me Goodbye","goodbye, mr. chips","kiss me goodbye","0.0","0.0"
"RuleBasedMatcher","actors_90","golden_globes_1657","0.0","","1940-01-01","1978-01-01","1940-01-01","1978-01-01","0.0","0.0","Robert Donat","['Marsha Mason', 'Richard Dreyfuss', 'Quinn Cummings']","Robert Donat","['Marsha Mason', 'Richard Dreyfuss', 'Quinn Cummings']","0.0","0.0","Goodbye, Mr. Chips","Goodbye Girl, The","goodbye, mr. chips","goodbye girl, the","0.0","0.0"
"RuleBasedMatcher","actors_90","golden_globes_998","0.0","","1940-01-01","1992-01-01","1940-01-01","1992-01-01","0.0","0.0","Robert Donat","Sam Waterston","robert donat","sam waterston","0.0","0.0","Goodbye, Mr. Chips","I'Ll Fly Away","goodbye, mr. chips","i'll fly away","0.0","0.0"
"RuleBasedMatcher","actors_90","golden_globes_943","0.0","","1940-01-01","1993-01-01","1940-01-01","1993-01-01","0.0","0.0","Robert Donat","['Regina Taylor', 'Sam Waterston']","Robert Donat","['Regina Taylor', 'Sam Waterston']","0.0","0.0","Goodbye, Mr. Chips","I'Ll Fly Away","goodbye, mr. chips","i'll fly away","0.0","0.0"
"RuleBasedMatcher","actors_90","golden_globes_2133","0.0","","1940-01-01","1961-01-01","1940-01-01","1961-01-01","0.0","0.0","Robert Donat","Dirk Bogarde","robert donat","dirk bogarde","0.0","0.0","Goodbye, Mr. Chips","Song Without End","goodbye, mr. chips","song without end","0.0","0.0"
"RuleBasedMatcher","actors_90","golden_globes_93","0.0","","1940-01-01","2010-01-01","1940-01-01","2010-01-01","0.0","0.0","Robert Donat","Sigourney Weaver","robert donat","sigourney weaver","0.0","0.0","Goodbye, Mr. Chips","Prayers For Bobby","goodbye, mr. chips","prayers for bobby","0.0","0.0"
"RuleBasedMatcher","actors_90","golden_globes_167","0.0","","1940-01-01","2008-01-01","1940-01-01","2008-01-01","0.0","0.0","Robert Donat","Amy Ryan","robert donat","amy ryan","0.0","0.0","Goodbye, Mr. Chips","Gone Baby Gone","goodbye, mr. chips","gone baby gone","0.0","0.0"
"RuleBasedMatcher","actors_90","golden_globes_212","0.0","","1940-01-01","2007-01-01","1940-01-01","2007-01-01","0.0","0.0","Robert Donat","['Leonardo DiCaprio', 'Jack Nicholson', 'Mark Wahlberg']","Robert Donat","['Leonardo DiCaprio', 'Jack Nicholson', 'Mark Wahlberg']","0.0","0.0","Goodbye, Mr. Chips","Departed, The","goodbye, mr. chips","departed, the","0.0","0.0"
"RuleBasedMatcher","actors_90","golden_globes_2049","0.0","","1940-01-01","1965-01-01","1940-01-01","1965-01-01","0.0","0.0","Robert Donat","['Ann Sothern', 'Lee Tracy']","Robert Donat","['Ann Sothern', 'Lee Tracy']","0.0","0.0","Goodbye, Mr. Chips","Best Man, The","goodbye, mr. chips","best man, the","0.0","0.0"
"RuleBasedMatcher","actors_90","golden_globes_2010","0.0","","1940-01-01","1967-01-01","1940-01-01","1967-01-01","0.0","0.0","Robert Donat","Walter Matthau","robert donat","walter matthau","0.0","0.0","Goodbye, Mr. Chips","Fortune Cookie, The","goodbye, mr. chips","fortune cookie, the","0.0","0.0"
"RuleBasedMatcher","actors_90","golden_globes_2239","0.0","","1940-01-01","1953-01-01","1940-01-01","1953-01-01","0.0","0.0","Robert Donat","","robert donat","","0.0","0.0","Goodbye, Mr. Chips","Quiet Man, The","goodbye, mr. chips","quiet man, the","0.0","0.0"
"RuleBasedMatcher","actors_90","golden_globes_1447","0.0","","1940-01-01","1983-01-01","1940-01-01","1983-01-01","0.0","0.0","Robert Donat","Cher","robert donat","cher","0.0","0.0","Goodbye, Mr. Chips","Come Back To The Five and Dime, Jimmy Dean, Jimmy Dean","goodbye, mr. chips","come back to the five and dime, jimmy dean, jimmy dean","0.0","0.0"
"RuleBasedMatcher","actors_90","golden_globes_1802","0.0","","1940-01-01","1975-01-01","1940-01-01","1975-01-01","0.0","0.0","Robert Donat","['Esther Rolle', 'Jimmy Walker']","Robert Donat","['Esther Rolle', 'Jimmy Walker']","0.0","0.0","Goodbye, Mr. Chips","Good Times","goodbye, mr. chips","good times","0.0","0.0"
"RuleBasedMatcher","actors_90","golden_globes_1771","0.0","","1940-01-01","1976-01-01","1940-01-01","1976-01-01","0.0","0.0","Robert Donat","Jimmy Walker","robert donat","jimmy walker","0.0","0.0","Goodbye, Mr. Chips","Good Times","goodbye, mr. chips","good times","0.0","0.0"
"RuleBasedMatcher","actors_90","golden_globes_411","0.0","","1940-01-01","2004-01-01","1940-01-01","2004-01-01","0.0","0.0","Robert Donat","Antonio Banderas","robert donat","antonio banderas","0.0","0.0","Goodbye, Mr. Chips","And Starring Pancho Villa as Himself","goodbye, mr. chips","and starring pancho villa as himself","0.0","0.0"
"RuleBasedMatcher","actors_90","golden_globes_1949","0.0","","1940-01-01","1970-01-01","1940-01-01","1970-01-01","0.0","0.0","Robert Donat","Jean Simmons","robert donat","jean simmons","0.0","0.0","Goodbye, Mr. Chips","Happy Ending, The","goodbye, mr. chips","happy ending, the","0.0","0.0"
"RuleBasedMatcher","actors_90","golden_globes_1294","0.0","","1940-01-01","1986-01-01","1940-01-01","1986-01-01","0.0","0.0","Robert Donat","Michael J. Fox","robert donat","michael j. fox","0.0","0.0","Goodbye, Mr. Chips","Back To The Future","goodbye, mr. chips","back to the future","0.0","0.0"
"RuleBasedMatcher","actors_90","golden_globes_932","0.06666666666666667","","1940-01-01","1993-01-01","1940-01-01","1993-01-01","0.0","0.0","Robert Donat","['Billy Crystal', 'David Paymer']","Robert Donat","['Billy Crystal', 'David Paymer']","0.0","0.0","Goodbye, Mr. Chips","Mr. Saturday Night","goodbye, mr. chips","mr. saturday night","0.2","0.2"
"RuleBasedMatcher","actors_91","golden_globes_872","0.1111111111111111","","1941-01-01","1994-01-01","1941-01-01","1994-01-01","0.0","0.0","James Stewart","Tom Hanks","james stewart","tom hanks","0.0","0.0","The Philadelphia Story","Philadelphia","the philadelphia story","philadelphia","0.3333333333333333","0.3333333333333333"
"RuleBasedMatcher","actors_91","golden_globes_2162","0.06666666666666667","","1941-01-01","1960-01-01","1941-01-01","1960-01-01","0.0","0.0","James Stewart","Robert Vaughn","james stewart","robert vaughn","0.0","0.0","The Philadelphia Story","Young Philadelphians, The","the philadelphia story","young philadelphians, the","0.2","0.2"
"RuleBasedMatcher","actors_91","golden_globes_1516","0.05555555555555555","","1941-01-01","1982-01-01","1941-01-01","1982-01-01","0.0","0.0","James Stewart","['Glenda Jackson', 'Dirk Bogarde']","James Stewart","['Glenda Jackson', 'Dirk Bogarde']","0.0","0.0","The Philadelphia Story","Patricia Neal Story, The","the philadelphia story","patricia neal story, the","0.16666666666666666","0.16666666666666666"
"RuleBasedMatcher","actors_91","golden_globes_257","0.05555555555555555","","1941-01-01","2007-01-01","1941-01-01","2007-01-01","0.0","0.0","James Stewart","Matthew Perry","james stewart","matthew perry","0.0","0.0","The Philadelphia Story","Ron Clark Story, The","the philadelphia story","ron clark story, the","0.16666666666666666","0.16666666666666666"
"RuleBasedMatcher","actors_91","golden_globes_561","0.0","","1941-01-01","2001-01-01","1941-01-01","2001-01-01","0.0","0.0","James Stewart","Christopher Plummer","james stewart","christopher plummer","0.0","0.0","The Philadelphia Story","American Tragedy","the philadelphia story","american tragedy","0.0","0.0"
"RuleBasedMatcher","actors_91","golden_globes_2243","0.08333333333333333","","1941-01-01","1952-01-01","1941-01-01","1952-01-01","0.0","0.0","James Stewart","['Kirk Douglas', 'Lee Grant']","James Stewart","['Kirk Douglas', 'Lee Grant']","0.0","0.0","The Philadelphia Story","Detective Story","the philadelphia story","detective story","0.25","0.25"
"RuleBasedMatcher","actors_91","golden_globes_1315","0.05555555555555555","","1941-01-01","1986-01-01","1941-01-01","1986-01-01","0.0","0.0","James Stewart","Richard Chamberlain","james stewart","richard chamberlain","0.0","0.0","The Philadelphia Story","Wallenberg: a Hero's Story","the philadelphia story","wallenberg: a hero's story","0.16666666666666666","0.16666666666666666"
"RuleBasedMatcher","actors_91","golden_globes_545","0.05555555555555555","","1941-01-01","2001-01-01","1941-01-01","2001-01-01","0.0","0.0","James Stewart","['Sarah Jessica Parker', 'Kim Cattrall', 'Cynthia Nixon']","James Stewart","['Sarah Jessica Parker', 'Kim Cattrall', 'Cynthia Nixon']","0.0","0.0","The Philadelphia Story","Sex and The City","the philadelphia story","sex and the city","0.16666666666666666","0.16666666666666666"
"RuleBasedMatcher","actors_91","golden_globes_647","0.05555555555555555","","1941-01-01","1999-01-01","1941-01-01","1999-01-01","0.0","0.0","James Stewart","Sarah Jessica Parker","james stewart","sarah jessica parker","0.0","0.0","The Philadelphia Story","Sex and The City","the philadelphia story","sex and the city","0.16666666666666666","0.16666666666666666"
"RuleBasedMatcher","actors_91","golden_globes_443","0.05555555555555555","","1941-01-01","2003-01-01","1941-01-01","2003-01-01","0.0","0.0","James Stewart","['Sarah Jessica Parker', 'Kim Cattrall', 'Cynthia Nixon']","James Stewart","['Sarah Jessica Parker', 'Kim Cattrall', 'Cynthia Nixon']","0.0","0.0","The Philadelphia Story","Sex and The City","the philadelphia story","sex and the city","0.16666666666666666","0.16666666666666666"
"RuleBasedMatcher","actors_91","golden_globes_493","0.05555555555555555","","1941-01-01","2002-01-01","1941-01-01","2002-01-01","0.0","0.0","James Stewart","['Sarah Jessica Parker', 'John Corbett']","James Stewart","['Sarah Jessica Parker', 'John Corbett']","0.0","0.0","The Philadelphia Story","Sex and The City","the philadelphia story","sex and the city","0.16666666666666666","0.16666666666666666"
"RuleBasedMatcher","actors_91","golden_globes_597","0.05555555555555555","","1941-01-01","2000-01-01","1941-01-01","2000-01-01","0.0","0.0","James Stewart","['Sarah Jessica Parker', 'Kim Cattrall', 'Cynthia Nixon', 'Chris Noth']","James Stewart","['Sarah Jessica Parker', 'Kim Cattrall', 'Cynthia Nixon', 'Chris Noth']","0.0","0.0","The Philadelphia Story","Sex and The City","the philadelphia story","sex and the city","0.16666666666666666","0.16666666666666666"
"RuleBasedMatcher","actors_91","golden_globes_345","0.05555555555555555","","1941-01-01","2005-01-01","1941-01-01","2005-01-01","0.0","0.0","James Stewart","Sarah Jessica Parker","james stewart","sarah jessica parker","0.0","0.0","The Philadelphia Story","Sex and The City","the philadelphia story","sex and the city","0.16666666666666666","0.16666666666666666"
"RuleBasedMatcher","actors_91","golden_globes_400","0.05555555555555555","","1941-01-01","2004-01-01","1941-01-01","2004-01-01","0.0","0.0","James Stewart","['Sarah Jessica Parker', 'Kim Cattrall', 'Kristin Davis', 'Cynthia Nixon']","James Stewart","['Sarah Jessica Parker', 'Kim Cattrall', 'Kristin Davis', 'Cynthia Nixon']","0.0","0.0","The Philadelphia Story","Sex and The City","the philadelphia story","sex and the city","0.16666666666666666","0.16666666666666666"
"RuleBasedMatcher","actors_91","golden_globes_557","0.07407407407407407","","1941-01-01","2001-01-01","1941-01-01","2001-01-01","0.0","0.0","James Stewart","Andy Garcia","james stewart","andy garcia","0.0","0.0","The Philadelphia Story","For Love Or Country: The Arturo Sandoval Story","the philadelphia story","for love or country: the arturo sandoval story","0.2222222222222222","0.2222222222222222"
"RuleBasedMatcher","actors_91","golden_globes_1219","0.05555555555555555","","1941-01-01","1988-01-01","1941-01-01","1988-01-01","0.0","0.0","James Stewart","Gena Rowlands","james stewart","gena rowlands","0.0","0.0","The Philadelphia Story","Betty Ford Story, The","the philadelphia story","betty ford story, the","0.16666666666666666","0.16666666666666666"
"RuleBasedMatcher","actors_91","golden_globes_1488","0.05555555555555555","","1941-01-01","1982-01-01","1941-01-01","1982-01-01","0.0","0.0","James Stewart","Treat Williams","james stewart","treat williams","0.0","0.0","The Philadelphia Story","Prince Of The City","the philadelphia story","prince of the city","0.16666666666666666","0.16666666666666666"
"RuleBasedMatcher","actors_91","golden_globes_165","0.09523809523809523","","1941-01-01","2008-01-01","1941-01-01","2008-01-01","0.0","0.0","James Stewart","John C. Reilly","james stewart","john c. reilly","0.0","0.0","The Philadelphia Story","Walk Hard: The Dewey Cox Story","the philadelphia story","walk hard: the dewey cox story","0.2857142857142857","0.2857142857142857"
"RuleBasedMatcher","actors_91","golden_globes_1012","0.09523809523809523","","1941-01-01","1992-01-01","1941-01-01","1992-01-01","0.0","0.0","James Stewart","Beau Bridges","james stewart","beau bridges","0.0","0.0","The Philadelphia Story","Without Warning: The James Brady Story","the philadelphia story","without warning: the james brady story","0.2857142857142857","0.2857142857142857"
"RuleBasedMatcher","actors_91","golden_globes_1165","0.05555555555555555","","1941-01-01","1989-01-01","1941-01-01","1989-01-01","0.0","0.0","James Stewart","Ann Jillian","james stewart","ann jillian","0.0","0.0","The Philadelphia Story","Ann Jillian Story, The","the philadelphia story","ann jillian story, the","0.16666666666666666","0.16666666666666666"
"RuleBasedMatcher","actors_92","golden_globes_1253","0.0","","1942-01-01","1987-01-01","1942-01-01","1987-01-01","0.0","0.0","Gary Cooper","Tom Berenger","gary cooper","tom berenger","0.0","0.0","Sergeant York","Platoon","sergeant york","platoon","0.0","0.0"
"RuleBasedMatcher","actors_92","golden_globes_419","0.06666666666666667","","1942-01-01","2003-01-01","1942-01-01","2003-01-01","0.0","0.0","Gary Cooper","['Daniel Day-Lewis', 'Cameron Diaz']","Gary Cooper","['Daniel Day-Lewis', 'Cameron Diaz']","0.0","0.0","Sergeant York","Gangs Of New York","sergeant york","gangs of new york","0.2","0.2"
"RuleBasedMatcher","actors_92","golden_globes_289","0.0","","1942-01-01","2006-01-01","1942-01-01","2006-01-01","0.0","0.0","Gary Cooper","['Geena Davis', 'Donald Sutherland']","Gary Cooper","['Geena Davis', 'Donald Sutherland']","0.0","0.0","Sergeant York","Commander In Chief","sergeant york","commander in chief","0.0","0.0"
"RuleBasedMatcher","actors_92","golden_globes_2254","0.0","","1942-01-01","1951-01-01","1942-01-01","1951-01-01","0.0","0.0","Gary Cooper","Louis Calhern","gary cooper","louis calhern","0.0","0.0","Sergeant York","Magnificent Yankee, The","sergeant york","magnificent yankee, the","0.0","0.0"
"RuleBasedMatcher","actors_92","golden_globes_1658","0.06666666666666667","","1942-01-01","1978-01-01","1942-01-01","1978-01-01","0.0","0.0","Gary Cooper","['Liza Minnelli', 'Robert De Niro']","Gary Cooper","['Liza Minnelli', 'Robert De Niro']","0.0","0.0","Sergeant York","New York, New York","sergeant york","new york, new york","0.2","0.2"
"RuleBasedMatcher","actors_92","golden_globes_839","0.0","","1942-01-01","1995-01-01","1942-01-01","1995-01-01","0.0","0.0","Gary Cooper","Dennis Franz","gary cooper","dennis franz","0.0","0.0","Sergeant York","Nypd Blue","sergeant york","nypd blue","0.0","0.0"
"RuleBasedMatcher","actors_92","golden_globes_789","0.0","","1942-01-01","1996-01-01","1942-01-01","1996-01-01","0.0","0.0","Gary Cooper","Jimmy Smits","gary cooper","jimmy smits","0.0","0.0","Sergeant York","Nypd Blue","sergeant york","nypd blue","0.0","0.0"
"RuleBasedMatcher","actors_92","golden_globes_892","0.0","","1942-01-01","1994-01-01","1942-01-01","1994-01-01","0.0","0.0","Gary Cooper","['David Caruso', 'Dennis Franz']","Gary Cooper","['David Caruso', 'Dennis Franz']","0.0","0.0","Sergeant York","Nypd Blue","sergeant york","nypd blue","0.0","0.0"
"RuleBasedMatcher","actors_92","golden_globes_683","0.0","","1942-01-01","1998-01-01","1942-01-01","1998-01-01","0.0","0.0","Gary Cooper","Kim Delaney","gary cooper","kim delaney","0.0","0.0","Sergeant York","Nypd Blue","sergeant york","nypd blue","0.0","0.0"
"RuleBasedMatcher","actors_92","golden_globes_637","0.0","","1942-01-01","1999-01-01","1942-01-01","1999-01-01","0.0","0.0","Gary Cooper","['Kim Delaney', 'Jimmy Smits']","Gary Cooper","['Kim Delaney', 'Jimmy Smits']","0.0","0.0","Sergeant York","Nypd Blue","sergeant york","nypd blue","0.0","0.0"
"RuleBasedMatcher","actors_92","golden_globes_739","0.0","","1942-01-01","1997-01-01","1942-01-01","1997-01-01","0.0","0.0","Gary Cooper","Jimmy Smits","gary cooper","jimmy smits","0.0","0.0","Sergeant York","Nypd Blue","sergeant york","nypd blue","0.0","0.0"
"RuleBasedMatcher","actors_92","golden_globes_412","0.0","","1942-01-01","2004-01-01","1942-01-01","2004-01-01","0.0","0.0","Gary Cooper","['Troy Garity', 'Lee Pace']","Gary Cooper","['Troy Garity', 'Lee Pace']","0.0","0.0","Sergeant York","Soldier's Girl","sergeant york","soldier's girl","0.0","0.0"
"RuleBasedMatcher","actors_92","golden_globes_1653","0.0","","1942-01-01","1978-01-01","1942-01-01","1978-01-01","0.0","0.0","Gary Cooper","Gregory Peck","gary cooper","gregory peck","0.0","0.0","Sergeant York","MacArthur","sergeant york","macarthur","0.0","0.0"
"RuleBasedMatcher","actors_92","golden_globes_2063","0.0","","1942-01-01","1964-01-01","1942-01-01","1964-01-01","0.0","0.0","Gary Cooper","['Gregory Peck', 'Bobby Darin']","Gary Cooper","['Gregory Peck', 'Bobby Darin']","0.0","0.0","Sergeant York","Captain Newman, M.D.","sergeant york","captain newman, m.d.","0.0","0.0"
"RuleBasedMatcher","actors_92","golden_globes_156","0.0","","1942-01-01","2008-01-01","1942-01-01","2008-01-01","0.0","0.0","Gary Cooper","Denzel Washington","gary cooper","denzel washington","0.0","0.0","Sergeant York","American Gangster","sergeant york","american gangster","0.0","0.0"
"RuleBasedMatcher","actors_92","golden_globes_1917","0.0","","1942-01-01","1971-01-01","1942-01-01","1971-01-01","0.0","0.0","Gary Cooper","George C. Scott","gary cooper","george c. scott","0.0","0.0","Sergeant York","Patton","sergeant york","patton","0.0","0.0"
"RuleBasedMatcher","actors_92","golden_globes_369","0.0","","1942-01-01","2004-01-01","1942-01-01","2004-01-01","0.0","0.0","Gary Cooper","Russell Crowe","gary cooper","russell crowe","0.0","0.0","Sergeant York","Master and Commander: The Far Side Of The World","sergeant york","master and commander: the far side of the world","0.0","0.0"
"RuleBasedMatcher","actors_92","golden_globes_1348","0.0","","1942-01-01","1985-01-01","1942-01-01","1985-01-01","0.0","0.0","Gary Cooper","Adolph Caesar","gary cooper","adolph caesar","0.0","0.0","Sergeant York","Soldier''s Story, a","sergeant york","soldier''s story, a","0.0","0.0"
"RuleBasedMatcher","actors_92","golden_globes_877","0.0","","1942-01-01","1994-01-01","1942-01-01","1994-01-01","0.0","0.0","Gary Cooper","Diane Keaton","gary cooper","diane keaton","0.0","0.0","Sergeant York","Manhattan Murder Mystery","sergeant york","manhattan murder mystery","0.0","0.0"
"RuleBasedMatcher","actors_92","golden_globes_1435","0.0","","1942-01-01","1983-01-01","1942-01-01","1983-01-01","0.0","0.0","Gary Cooper","['Debra Winger', 'Richard Gere', 'Louis Gossett Jr.', 'David Keith']","Gary Cooper","['Debra Winger', 'Richard Gere', 'Louis Gossett Jr.', 'David Keith']","0.0","0.0","Sergeant York","Officer and a Gentleman, An","sergeant york","officer and a gentleman, an","0.0","0.0"
"RuleBasedMatcher","actors_93","golden_globes_2254","0.0","","1943-01-01","1951-01-01","1943-01-01","1951-01-01","0.0","0.0","James Cagney","Louis Calhern","james cagney","louis calhern","0.0","0.0","Yankee Doodle Dandy","Magnificent Yankee, The","yankee doodle dandy","magnificent yankee, the","0.0","0.0"
"RuleBasedMatcher","actors_93","golden_globes_1004","0.0","","1943-01-01","1992-01-01","1943-01-01","1992-01-01","0.0","0.0","James Cagney","Neil Patrick Harris","james cagney","neil patrick harris","0.0","0.0","Yankee Doodle Dandy","Doogie Howser, M.D.","yankee doodle dandy","doogie howser, m.d.","0.0","0.0"
"RuleBasedMatcher","actors_93","golden_globes_1565","0.0","","1943-01-01","1980-01-01","1943-01-01","1980-01-01","0.0","0.0","James Cagney","Lisa Eichhorn","james cagney","lisa eichhorn","0.0","0.0","Yankee Doodle Dandy","Yanks","yankee doodle dandy","yanks","0.0","0.0"
"RuleBasedMatcher","actors_93","golden_globes_2128","0.0","","1943-01-01","1961-01-01","1943-01-01","1961-01-01","0.0","0.0","James Cagney","['Jean Simmons', 'Burt Lancaster', 'Shirley Jones']","James Cagney","['Jean Simmons', 'Burt Lancaster', 'Shirley Jones']","0.0","0.0","Yankee Doodle Dandy","Elmer Gantry","yankee doodle dandy","elmer gantry","0.0","0.0"
"RuleBasedMatcher","actors_93","golden_globes_1095","0.0","","1943-01-01","1990-01-01","1943-01-01","1990-01-01","0.0","0.0","James Cagney","Ed Harris","james cagney","ed harris","0.0","0.0","Yankee Doodle Dandy","Jacknife","yankee doodle dandy","jacknife","0.0","0.0"
"RuleBasedMatcher","actors_93","golden_globes_1521","0.0","","1943-01-01","1982-01-01","1943-01-01","1982-01-01","0.0","0.0","James Cagney","Danny Kaye","james cagney","danny kaye","0.0","0.0","Yankee Doodle Dandy","Skokie","yankee doodle dandy","skokie","0.0","0.0"
"RuleBasedMatcher","actors_93","golden_globes_2094","0.0","","1943-01-01","1963-01-01","1943-01-01","1963-01-01","0.0","0.0","James Cagney","['Stephen Boyd', 'Jimmy Durante', 'Martha Raye']","James Cagney","['Stephen Boyd', 'Jimmy Durante', 'Martha Raye']","0.0","0.0","Yankee Doodle Dandy","Billy Rose's Jumbo","yankee doodle dandy","billy rose's jumbo","0.0","0.0"
"RuleBasedMatcher","actors_93","golden_globes_385","0.0","","1943-01-01","2004-01-01","1943-01-01","2004-01-01","0.0","0.0","James Cagney","William H. Macy","james cagney","william h. macy","0.0","0.0","Yankee Doodle Dandy","Seabiscuit","yankee doodle dandy","seabiscuit","0.0","0.0"
"RuleBasedMatcher","actors_93","golden_globes_658","0.0","","1943-01-01","1999-01-01","1943-01-01","1999-01-01","0.0","0.0","James Cagney","['Patrick Stewart', 'Gregory Peck']","James Cagney","['Patrick Stewart', 'Gregory Peck']","0.0","0.0","Yankee Doodle Dandy","Moby Dick","yankee doodle dandy","moby dick","0.0","0.0"
"RuleBasedMatcher","actors_93","golden_globes_796","0.0","","1943-01-01","1996-01-01","1943-01-01","1996-01-01","0.0","0.0","James Cagney","['Kelsey Grammer', 'David Hyde-Pierce']","James Cagney","['Kelsey Grammer', 'David Hyde-Pierce']","0.0","0.0","Yankee Doodle Dandy","Frasier","yankee doodle dandy","frasier","0.0","0.0"
"RuleBasedMatcher","actors_93","golden_globes_547","0.0","","1943-01-01","2001-01-01","1943-01-01","2001-01-01","0.0","0.0","James Cagney","['Kelsey Grammer', 'David Hyde-Pierce', 'John Mahoney']","James Cagney","['Kelsey Grammer', 'David Hyde-Pierce', 'John Mahoney']","0.0","0.0","Yankee Doodle Dandy","Frasier","yankee doodle dandy","frasier","0.0","0.0"
"RuleBasedMatcher","actors_93","golden_globes_696","0.0","","1943-01-01","1998-01-01","1943-01-01","1998-01-01","0.0","0.0","James Cagney","['Kelsey Grammer', 'David Hyde-Pierce']","James Cagney","['Kelsey Grammer', 'David Hyde-Pierce']","0.0","0.0","Yankee Doodle Dandy","Frasier","yankee doodle dandy","frasier","0.0","0.0"
"RuleBasedMatcher","actors_93","golden_globes_495","0.0","","1943-01-01","2002-01-01","1943-01-01","2002-01-01","0.0","0.0","James Cagney","Kelsey Grammer","james cagney","kelsey grammer","0.0","0.0","Yankee Doodle Dandy","Frasier","yankee doodle dandy","frasier","0.0","0.0"
"RuleBasedMatcher","actors_93","golden_globes_748","0.0","","1943-01-01","1997-01-01","1943-01-01","1997-01-01","0.0","0.0","James Cagney","['Kelsey Grammer', 'David Hyde-Pierce']","James Cagney","['Kelsey Grammer', 'David Hyde-Pierce']","0.0","0.0","Yankee Doodle Dandy","Frasier","yankee doodle dandy","frasier","0.0","0.0"
"RuleBasedMatcher","actors_93","golden_globes_649","0.0","","1943-01-01","1999-01-01","1943-01-01","1999-01-01","0.0","0.0","James Cagney","Kelsey Grammer","james cagney","kelsey grammer","0.0","0.0","Yankee Doodle Dandy","Frasier","yankee doodle dandy","frasier","0.0","0.0"
"RuleBasedMatcher","actors_93","golden_globes_848","0.0","","1943-01-01","1995-01-01","1943-01-01","1995-01-01","0.0","0.0","James Cagney","['Kelsey Grammer', 'Jane Leeves', 'David Hyde-Pierce']","James Cagney","['Kelsey Grammer', 'Jane Leeves', 'David Hyde-Pierce']","0.0","0.0","Yankee Doodle Dandy","Frasier","yankee doodle dandy","frasier","0.0","0.0"
"RuleBasedMatcher","actors_93","golden_globes_900","0.0","","1943-01-01","1994-01-01","1943-01-01","1994-01-01","0.0","0.0","James Cagney","['Kelsey Grammer', 'John Mahoney']","James Cagney","['Kelsey Grammer', 'John Mahoney']","0.0","0.0","Yankee Doodle Dandy","Frasier","yankee doodle dandy","frasier","0.0","0.0"
"RuleBasedMatcher","actors_93","golden_globes_987","0.0","","1943-01-01","1992-01-01","1943-01-01","1992-01-01","0.0","0.0","James Cagney","Nicole Kidman","james cagney","nicole kidman","0.0","0.0","Yankee Doodle Dandy","Billy Bathgate","yankee doodle dandy","billy bathgate","0.0","0.0"
"RuleBasedMatcher","actors_93","golden_globes_1828","0.0","","1943-01-01","1974-01-01","1943-01-01","1974-01-01","0.0","0.0","James Cagney","","james cagney","","0.0","0.0","Yankee Doodle Dandy","Day Of The Jackal, The","yankee doodle dandy","day of the jackal, the","0.0","0.0"
"RuleBasedMatcher","actors_93","golden_globes_1857","0.0","","1943-01-01","1973-01-01","1943-01-01","1973-01-01","0.0","0.0","James Cagney","['Carol Burnett', 'Walter Matthau', 'Geraldine Page']","James Cagney","['Carol Burnett', 'Walter Matthau', 'Geraldine Page']","0.0","0.0","Yankee Doodle Dandy","Pete 'n' Tillie","yankee doodle dandy","pete 'n' tillie","0.0","0.0"
"RuleBasedMatcher","actors_94","golden_globes_555","0.0","","1944-01-01","2001-01-01","1944-01-01","2001-01-01","0.0","0.0","Paul Lukas","['Alec Baldwin', 'Brian Cox']","Paul Lukas","['Alec Baldwin', 'Brian Cox']","0.0","0.0","Watch on the Rhine","Nuremberg","watch on the rhine","nuremberg","0.0","0.0"
"RuleBasedMatcher","actors_94","golden_globes_1885","0.15873015873015872","","1944-01-01","1973-01-01","1944-01-01","1973-01-01","0.0","0.0","Paul Lukas","Paul Lynde","paul lukas","paul lynde","0.3333333333333333","0.3333333333333333","Watch on the Rhine","Paul Lynde Show, The","watch on the rhine","paul lynde show, the","0.14285714285714285","0.14285714285714285"
"RuleBasedMatcher","actors_94","golden_globes_2114","0.0","","1944-01-01","1962-01-01","1944-01-01","1962-01-01","0.0","0.0","Paul Lukas","['Maximilian Schell', 'Judy Garland', 'Montgomery Clift']","Paul Lukas","['Maximilian Schell', 'Judy Garland', 'Montgomery Clift']","0.0","0.0","Watch on the Rhine","Judgment at Nuremberg","watch on the rhine","judgment at nuremberg","0.0","0.0"
"RuleBasedMatcher","actors_94","golden_globes_286","0.0","","1944-01-01","2006-01-01","1944-01-01","2006-01-01","0.0","0.0","Paul Lukas","","paul lukas","","0.0","0.0","Watch on the Rhine","Munich","watch on the rhine","munich","0.0","0.0"
"RuleBasedMatcher","actors_94","golden_globes_1946","0.041666666666666664","","1944-01-01","1970-01-01","1944-01-01","1970-01-01","0.0","0.0","Paul Lukas","['Genevi�ve Bujold', 'Richard Burton', 'Anthony Quayle']","Paul Lukas","['Genevi�ve Bujold', 'Richard Burton', 'Anthony Quayle']","0.0","0.0","Watch on the Rhine","Anne Of The Thousand Days","watch on the rhine","anne of the thousand days","0.125","0.125"
"RuleBasedMatcher","actors_94","golden_globes_1975","0.0","","1944-01-01","1969-01-01","1944-01-01","1969-01-01","0.0","0.0","Paul Lukas","['Abbey Lincoln', 'Beau Bridges']","Paul Lukas","['Abbey Lincoln', 'Beau Bridges']","0.0","0.0","Watch on the Rhine","For Love Of Ivy","watch on the rhine","for love of ivy","0.0","0.0"
"RuleBasedMatcher","actors_94","golden_globes_392","0.0","","1944-01-01","2004-01-01","1944-01-01","2004-01-01","0.0","0.0","Paul Lukas","Amber Tamblyn","paul lukas","amber tamblyn","0.0","0.0","Watch on the Rhine","Joan Of Arcadia","watch on the rhine","joan of arcadia","0.0","0.0"
"RuleBasedMatcher","actors_94","golden_globes_309","0.047619047619047616","","1944-01-01","2006-01-01","1944-01-01","2006-01-01","0.0","0.0","Paul Lukas","['Ed Harris', 'Joanne Woodward', 'Paul Newman']","Paul Lukas","['Ed Harris', 'Joanne Woodward', 'Paul Newman']","0.14285714285714285","0.14285714285714285","Watch on the Rhine","Empire Falls","watch on the rhine","empire falls","0.0","0.0"
"RuleBasedMatcher","actors_94","golden_globes_2077","0.06666666666666667","","1944-01-01","1964-01-01","1944-01-01","1964-01-01","0.0","0.0","Paul Lukas","","paul lukas","","0.0","0.0","Watch on the Rhine","Haunting, The","watch on the rhine","haunting, the","0.2","0.2"
"RuleBasedMatcher","actors_94","golden_globes_909","0.047619047619047616","","1944-01-01","1994-01-01","1944-01-01","1994-01-01","0.0","0.0","Paul Lukas","['James Garner', 'Jonathan Pryce']","Paul Lukas","['James Garner', 'Jonathan Pryce']","0.0","0.0","Watch on the Rhine","Barbarians at The Gate","watch on the rhine","barbarians at the gate","0.14285714285714285","0.14285714285714285"
"RuleBasedMatcher","actors_94","golden_globes_1071","0.041666666666666664","","1944-01-01","1991-01-01","1944-01-01","1991-01-01","0.0","0.0","Paul Lukas","Burt Lancaster","paul lukas","burt lancaster","0.0","0.0","Watch on the Rhine","Phantom Of The Opera, The","watch on the rhine","phantom of the opera, the","0.125","0.125"
"RuleBasedMatcher","actors_94","golden_globes_325","0.041666666666666664","","1944-01-01","2005-01-01","1944-01-01","2005-01-01","0.0","0.0","Paul Lukas","Emmy Rossum","paul lukas","emmy rossum","0.0","0.0","Watch on the Rhine","Phantom Of The Opera, The","watch on the rhine","phantom of the opera, the","0.125","0.125"
"RuleBasedMatcher","actors_94","golden_globes_1329","0.06666666666666667","","1944-01-01","1985-01-01","1944-01-01","1985-01-01","0.0","0.0","Paul Lukas","Sissy Spacek","paul lukas","sissy spacek","0.0","0.0","Watch on the Rhine","River, The","watch on the rhine","river, the","0.2","0.2"
"RuleBasedMatcher","actors_94","golden_globes_1270","0.037037037037037035","","1944-01-01","1987-01-01","1944-01-01","1987-01-01","0.0","0.0","Paul Lukas","['Farrah Fawcett', 'Geraldine Page', 'Tom Conti']","Paul Lukas","['Farrah Fawcett', 'Geraldine Page', 'Tom Conti']","0.0","0.0","Watch on the Rhine","Nazi Hunter: The Beate Klarsfeld Story","watch on the rhine","nazi hunter: the beate klarsfeld story","0.1111111111111111","0.1111111111111111"
"RuleBasedMatcher","actors_94","golden_globes_291","0.0","","1944-01-01","2006-01-01","1944-01-01","2006-01-01","0.0","0.0","Paul Lukas","Polly Walker","paul lukas","polly walker","0.0","0.0","Watch on the Rhine","Rome","watch on the rhine","rome","0.0","0.0"
"RuleBasedMatcher","actors_94","golden_globes_873","0.0","","1944-01-01","1994-01-01","1944-01-01","1994-01-01","0.0","0.0","Paul Lukas","['Liam Neeson', 'Ralph Fiennes']","Paul Lukas","['Liam Neeson', 'Ralph Fiennes']","0.0","0.0","Watch on the Rhine","Schindler''s List","watch on the rhine","schindler''s list","0.0","0.0"
"RuleBasedMatcher","actors_94","golden_globes_327","0.037037037037037035","","1944-01-01","2005-01-01","1944-01-01","2005-01-01","0.0","0.0","Paul Lukas","Ren�e Zellweger","paul lukas","ren�e zellweger","0.0","0.0","Watch on the Rhine","Bridget Jones: The Edge Of Reason","watch on the rhine","bridget jones: the edge of reason","0.1111111111111111","0.1111111111111111"
"RuleBasedMatcher","actors_94","golden_globes_604","0.0","","1944-01-01","2000-01-01","1944-01-01","2000-01-01","0.0","0.0","Paul Lukas","['Leelee Sobieski', 'Jacqueline Bisset', "Peter O'Toole"]","Paul Lukas","['Leelee Sobieski', 'Jacqueline Bisset', "Peter O'Toole"]","0.0","0.0","Watch on the Rhine","Joan Of Arc","watch on the rhine","joan of arc","0.0","0.0"
"RuleBasedMatcher","actors_94","golden_globes_2035","0.0","","1944-01-01","1965-01-01","1944-01-01","1965-01-01","0.0","0.0","Paul Lukas","Rita Hayworth","paul lukas","rita hayworth","0.0","0.0","Watch on the Rhine","Circus World","watch on the rhine","circus world","0.0","0.0"
"RuleBasedMatcher","actors_94","golden_globes_574","0.06666666666666667","","1944-01-01","2000-01-01","1944-01-01","2000-01-01","0.0","0.0","Paul Lukas","Sharon Stone","paul lukas","sharon stone","0.0","0.0","Watch on the Rhine","Muse, The","watch on the rhine","muse, the","0.2","0.2"
"RuleBasedMatcher","actors_95","golden_globes_2277","0.8999999999999999","","1945-01-01","1945-01-01","1945-01-01","1945-01-01","1.0","1.0","Bing Crosby","Barry Fitzgerald","bing crosby","barry fitzgerald","0.0","0.0","Going My Way","Going My Way","going my way","going my way","1.0","1.0"
"RuleBasedMatcher","actors_95","golden_globes_1907","0.08333333333333333","","1945-01-01","1972-01-01","1945-01-01","1972-01-01","0.0","0.0","Bing Crosby","Jan-Michael Vincent","bing crosby","jan-michael vincent","0.0","0.0","Going My Way","Going Home","going my way","going home","0.25","0.25"
"RuleBasedMatcher","actors_95","golden_globes_1608","0.0","","1945-01-01","1979-01-01","1945-01-01","1979-01-01","0.0","0.0","Bing Crosby","['Jane Fonda', 'Jon Voight', 'Bruce Dern']","Bing Crosby","['Jane Fonda', 'Jon Voight', 'Bruce Dern']","0.0","0.0","Going My Way","Coming Home","going my way","coming home","0.0","0.0"
"RuleBasedMatcher","actors_95","golden_globes_1520","0.05555555555555555","","1945-01-01","1982-01-01","1945-01-01","1982-01-01","0.0","0.0","Bing Crosby","Timothy Hutton","bing crosby","timothy hutton","0.0","0.0","Going My Way","Long Way Home, a","going my way","long way home, a","0.16666666666666666","0.16666666666666666"
"RuleBasedMatcher","actors_95","golden_globes_449","0.0","","1945-01-01","2003-01-01","1945-01-01","2003-01-01","0.0","0.0","Bing Crosby","['Helen Mirren', 'William H. Macy']","Bing Crosby","['Helen Mirren', 'William H. Macy']","0.0","0.0","Going My Way","Door To Door","going my way","door to door","0.0","0.0"
"RuleBasedMatcher","actors_95","golden_globes_883","0.08333333333333333","","1945-01-01","1994-01-01","1945-01-01","1994-01-01","0.0","0.0","Bing Crosby","['Penelope Ann Miller', 'Sean Penn']","Bing Crosby","['Penelope Ann Miller', 'Sean Penn']","0.0","0.0","Going My Way","Carlito's Way","going my way","carlito's way","0.25","0.25"
"RuleBasedMatcher","actors_95","golden_globes_1645","0.0","","1945-01-01","1978-01-01","1945-01-01","1978-01-01","0.0","0.0","Bing Crosby","['Anne Bancroft', 'Leslie Browne', 'Mikhail Baryshnikov']","Bing Crosby","['Anne Bancroft', 'Leslie Browne', 'Mikhail Baryshnikov']","0.0","0.0","Going My Way","Turning Point, The","going my way","turning point, the","0.0","0.0"
"RuleBasedMatcher","actors_95","golden_globes_275","0.0","","1945-01-01","2006-01-01","1945-01-01","2006-01-01","0.0","0.0","Bing Crosby","['Reese Witherspoon', 'Joaquin Phoenix']","Bing Crosby","['Reese Witherspoon', 'Joaquin Phoenix']","0.0","0.0","Going My Way","Walk The Line","going my way","walk the line","0.0","0.0"
"RuleBasedMatcher","actors_95","golden_globes_1575","0.0","","1945-01-01","1980-01-01","1945-01-01","1980-01-01","0.0","0.0","Bing Crosby","['Shirley MacLaine', 'Peter Sellers', 'Melvyn Douglas']","Bing Crosby","['Shirley MacLaine', 'Peter Sellers', 'Melvyn Douglas']","0.0","0.0","Going My Way","Being There","going my way","being there","0.0","0.0"
"RuleBasedMatcher","actors_95","golden_globes_1810","0.05555555555555555","","1945-01-01","1974-01-01","1945-01-01","1974-01-01","0.0","0.0","Bing Crosby","Barbra Streisand","bing crosby","barbra streisand","0.0","0.0","Going My Way","Way We Were, The","going my way","way we were, the","0.16666666666666666","0.16666666666666666"
"RuleBasedMatcher","actors_95","golden_globes_1123","0.0","","1945-01-01","1990-01-01","1945-01-01","1990-01-01","0.0","0.0","Bing Crosby","Christopher Burke","bing crosby","christopher burke","0.0","0.0","Going My Way","Life Goes On","going my way","life goes on","0.0","0.0"
"RuleBasedMatcher","actors_95","golden_globes_1275","0.0","","1945-01-01","1987-01-01","1945-01-01","1987-01-01","0.0","0.0","Bing Crosby","['James Garner', 'James Woods', 'Piper Laurie']","Bing Crosby","['James Garner', 'James Woods', 'Piper Laurie']","0.0","0.0","Going My Way","Promise, The","going my way","promise, the","0.0","0.0"
"RuleBasedMatcher","actors_95","golden_globes_452","0.0","","1945-01-01","2003-01-01","1945-01-01","2003-01-01","0.0","0.0","Bing Crosby","['Michael Gambon', 'Alec Baldwin', 'Donald Sutherland']","Bing Crosby","['Michael Gambon', 'Alec Baldwin', 'Donald Sutherland']","0.0","0.0","Going My Way","Path To War","going my way","path to war","0.0","0.0"
"RuleBasedMatcher","actors_95","golden_globes_1657","0.0","","1945-01-01","1978-01-01","1945-01-01","1978-01-01","0.0","0.0","Bing Crosby","['Marsha Mason', 'Richard Dreyfuss', 'Quinn Cummings']","Bing Crosby","['Marsha Mason', 'Richard Dreyfuss', 'Quinn Cummings']","0.0","0.0","Going My Way","Goodbye Girl, The","going my way","goodbye girl, the","0.0","0.0"
"RuleBasedMatcher","actors_95","golden_globes_1574","0.0","","1945-01-01","1980-01-01","1945-01-01","1980-01-01","0.0","0.0","Bing Crosby","['Jill Clayburgh', 'Burt Reynolds', 'Candice Bergen']","Bing Crosby","['Jill Clayburgh', 'Burt Reynolds', 'Candice Bergen']","0.0","0.0","Going My Way","Starting Over","going my way","starting over","0.0","0.0"
"RuleBasedMatcher","actors_95","golden_globes_988","0.06666666666666667","","1945-01-01","1992-01-01","1945-01-01","1992-01-01","0.0","0.0","Bing Crosby","Ned Beatty","bing crosby","ned beatty","0.0","0.0","Going My Way","Hear My Song","going my way","hear my song","0.2","0.2"
"RuleBasedMatcher","actors_95","golden_globes_2196","0.0","","1945-01-01","1958-01-01","1945-01-01","1958-01-01","0.0","0.0","Bing Crosby","Ed Wynn","bing crosby","ed wynn","0.0","0.0","Going My Way","Great Man, The","going my way","great man, the","0.0","0.0"
"RuleBasedMatcher","actors_95","golden_globes_415","0.0","","1945-01-01","2003-01-01","1945-01-01","2003-01-01","0.0","0.0","Bing Crosby","Diane Lane","bing crosby","diane lane","0.0","0.0","Going My Way","Unfaithful","going my way","unfaithful","0.0","0.0"
"RuleBasedMatcher","actors_95","golden_globes_613","0.0","","1945-01-01","1999-01-01","1945-01-01","1999-01-01","0.0","0.0","Bing Crosby","Susan Sarandon","bing crosby","susan sarandon","0.0","0.0","Going My Way","Stepmom","going my way","stepmom","0.0","0.0"
"RuleBasedMatcher","actors_95","golden_globes_1500","0.0","","1945-01-01","1982-01-01","1945-01-01","1982-01-01","0.0","0.0","Bing Crosby","Morgan Fairchild","bing crosby","morgan fairchild","0.0","0.0","Going My Way","Flamingo Road","going my way","flamingo road","0.0","0.0"
"RuleBasedMatcher","actors_96","golden_globes_2275","0.5","1","1946-01-01","1946-01-01","1946-01-01","1946-01-01","1.0","1.0","Ray Milland","","ray milland","","0.0","0.0","The Lost Weekend","Lost Weekend, The","the lost weekend","lost weekend, the","0.5","0.5"
"RuleBasedMatcher","actors_96","golden_globes_98","0.1111111111111111","","1946-01-01","2010-01-01","1946-01-01","2010-01-01","0.0","0.0","Ray Milland","Michael Emerson","ray milland","michael emerson","0.0","0.0","The Lost Weekend","Lost","the lost weekend","lost","0.3333333333333333","0.3333333333333333"
"RuleBasedMatcher","actors_96","golden_globes_232","0.1111111111111111","","1946-01-01","2007-01-01","1946-01-01","2007-01-01","0.0","0.0","Ray Milland","Evangeline Lilly","ray milland","evangeline lilly","0.0","0.0","The Lost Weekend","Lost","the lost weekend","lost","0.3333333333333333","0.3333333333333333"
"RuleBasedMatcher","actors_96","golden_globes_293","0.1111111111111111","","1946-01-01","2006-01-01","1946-01-01","2006-01-01","0.0","0.0","Ray Milland","['Matthew Fox', 'Naveen Andrews']","Ray Milland","['Matthew Fox', 'Naveen Andrews']","0.0","0.0","The Lost Weekend","Lost","the lost weekend","lost","0.3333333333333333","0.3333333333333333"
"RuleBasedMatcher","actors_96","golden_globes_355","0.16666666666666666","","1946-01-01","2005-01-01","1946-01-01","2005-01-01","0.0","0.0","Ray Milland","Miranda Richardson","ray milland","miranda richardson","0.0","0.0","The Lost Weekend","Lost Prince, The","the lost weekend","lost prince, the","0.5","0.5"
"RuleBasedMatcher","actors_96","golden_globes_1120","0.06666666666666667","","1946-01-01","1990-01-01","1946-01-01","1990-01-01","0.0","0.0","Ray Milland","Lane Smith","ray milland","lane smith","0.0","0.0","The Lost Weekend","Final Days, The","the lost weekend","final days, the","0.2","0.2"
"RuleBasedMatcher","actors_96","golden_globes_1498","0.1111111111111111","","1946-01-01","1982-01-01","1946-01-01","1982-01-01","0.0","0.0","Ray Milland","","ray milland","","0.0","0.0","The Lost Weekend","Raiders Of The Lost Ark","the lost weekend","raiders of the lost ark","0.3333333333333333","0.3333333333333333"
"RuleBasedMatcher","actors_96","golden_globes_819","0.05555555555555555","","1946-01-01","1995-01-01","1946-01-01","1995-01-01","0.0","0.0","Ray Milland","Brad Pitt","ray milland","brad pitt","0.0","0.0","The Lost Weekend","Legends Of The Fall","the lost weekend","legends of the fall","0.16666666666666666","0.16666666666666666"
"RuleBasedMatcher","actors_96","golden_globes_1894","0.0","","1946-01-01","1972-01-01","1946-01-01","1972-01-01","0.0","0.0","Ray Milland","Peter Finch","ray milland","peter finch","0.0","0.0","The Lost Weekend","Sunday Bloody Sunday","the lost weekend","sunday bloody sunday","0.0","0.0"
"RuleBasedMatcher","actors_96","golden_globes_932","0.0","","1946-01-01","1993-01-01","1946-01-01","1993-01-01","0.0","0.0","Ray Milland","['Billy Crystal', 'David Paymer']","Ray Milland","['Billy Crystal', 'David Paymer']","0.0","0.0","The Lost Weekend","Mr. Saturday Night","the lost weekend","mr. saturday night","0.0","0.0"
"RuleBasedMatcher","actors_96","golden_globes_373","0.0","","1946-01-01","2004-01-01","1946-01-01","2004-01-01","0.0","0.0","Ray Milland","Jamie Lee Curtis","ray milland","jamie lee curtis","0.0","0.0","The Lost Weekend","Freaky Friday","the lost weekend","freaky friday","0.0","0.0"
"RuleBasedMatcher","actors_96","golden_globes_1692","0.0","","1946-01-01","1977-01-01","1946-01-01","1977-01-01","0.0","0.0","Ray Milland","['Jodie Foster', 'Barbara Harris']","Ray Milland","['Jodie Foster', 'Barbara Harris']","0.0","0.0","The Lost Weekend","Freaky Friday","the lost weekend","freaky friday","0.0","0.0"
"RuleBasedMatcher","actors_96","golden_globes_606","0.0","","1946-01-01","2000-01-01","1946-01-01","2000-01-01","0.0","0.0","Ray Milland","Jack Lemmon","ray milland","jack lemmon","0.0","0.0","The Lost Weekend","Tuesdays With Morrie","the lost weekend","tuesdays with morrie","0.0","0.0"
"RuleBasedMatcher","actors_96","golden_globes_1661","0.0","","1946-01-01","1978-01-01","1946-01-01","1978-01-01","0.0","0.0","Ray Milland","John Travolta","ray milland","john travolta","0.0","0.0","The Lost Weekend","Saturday Night Fever","the lost weekend","saturday night fever","0.0","0.0"
"RuleBasedMatcher","actors_96","golden_globes_1766","0.06666666666666667","","1946-01-01","1976-01-01","1946-01-01","1976-01-01","0.0","0.0","Ray Milland","Johnny Carson","ray milland","johnny carson","0.0","0.0","The Lost Weekend","Tonight Show, The","the lost weekend","tonight show, the","0.2","0.2"
"RuleBasedMatcher","actors_96","golden_globes_295","0.0","","1946-01-01","2006-01-01","1946-01-01","2006-01-01","0.0","0.0","Ray Milland","Wentworth Miller","ray milland","wentworth miller","0.0","0.0","The Lost Weekend","Prison Break","the lost weekend","prison break","0.0","0.0"
"RuleBasedMatcher","actors_96","golden_globes_1659","0.06666666666666667","","1946-01-01","1978-01-01","1946-01-01","1978-01-01","0.0","0.0","Ray Milland","Lily Tomlin","ray milland","lily tomlin","0.0","0.0","The Lost Weekend","Late Show, The","the lost weekend","late show, the","0.2","0.2"
"RuleBasedMatcher","actors_96","golden_globes_1828","0.047619047619047616","","1946-01-01","1974-01-01","1946-01-01","1974-01-01","0.0","0.0","Ray Milland","","ray milland","","0.0","0.0","The Lost Weekend","Day Of The Jackal, The","the lost weekend","day of the jackal, the","0.14285714285714285","0.14285714285714285"
"RuleBasedMatcher","actors_96","golden_globes_1624","0.0","","1946-01-01","1979-01-01","1946-01-01","1979-01-01","0.0","0.0","Ray Milland","","ray milland","","0.0","0.0","The Lost Weekend","Days Of Heaven","the lost weekend","days of heaven","0.0","0.0"
"RuleBasedMatcher","actors_96","golden_globes_212","0.08333333333333333","","1946-01-01","2007-01-01","1946-01-01","2007-01-01","0.0","0.0","Ray Milland","['Leonardo DiCaprio', 'Jack Nicholson', 'Mark Wahlberg']","Ray Milland","['Leonardo DiCaprio', 'Jack Nicholson', 'Mark Wahlberg']","0.0","0.0","The Lost Weekend","Departed, The","the lost weekend","departed, the","0.25","0.25"
"RuleBasedMatcher","actors_97","golden_globes_1207","0.03333333333333333","","1947-01-01","1988-01-01","1947-01-01","1988-01-01","0.0","0.0","Fredric March","Richard Kiley","fredric march","richard kiley","0.0","0.0","The Best Years of Our Lives","Year In The Life, a","the best years of our lives","year in the life, a","0.1","0.1"
"RuleBasedMatcher","actors_97","golden_globes_1444","0.0","","1947-01-01","1983-01-01","1947-01-01","1983-01-01","0.0","0.0","Fredric March","["Peter O'Toole", 'Lainie Kazan']","Fredric March","["Peter O'Toole", 'Lainie Kazan']","0.0","0.0","The Best Years of Our Lives","My Favorite Year","the best years of our lives","my favorite year","0.0","0.0"
"RuleBasedMatcher","actors_97","golden_globes_1401","0.07407407407407407","","1947-01-01","1984-01-01","1947-01-01","1984-01-01","0.0","0.0","Fredric March","Linda Hunt","fredric march","linda hunt","0.0","0.0","The Best Years of Our Lives","Year Of Living Dangerously, The","the best years of our lives","year of living dangerously, the","0.2222222222222222","0.2222222222222222"
"RuleBasedMatcher","actors_97","golden_globes_353","0.0","","1947-01-01","2005-01-01","1947-01-01","2005-01-01","0.0","0.0","Fredric March","Blythe Danner","fredric march","blythe danner","0.0","0.0","The Best Years of Our Lives","Back When We Were Grown Ups","the best years of our lives","back when we were grown ups","0.0","0.0"
"RuleBasedMatcher","actors_97","golden_globes_2272","0.3333333333333333","","1947-01-01","1947-01-01","1947-01-01","1947-01-01","1.0","1.0","Fredric March","","fredric march","","0.0","0.0","The Best Years of Our Lives","It's a Wonderful Life","the best years of our lives","it's a wonderful life","0.0","0.0"
"RuleBasedMatcher","actors_97","golden_globes_1296","0.08333333333333333","","1947-01-01","1986-01-01","1947-01-01","1986-01-01","0.0","0.0","Fredric March","John Lone","fredric march","john lone","0.0","0.0","The Best Years of Our Lives","Year Of The Dragon","the best years of our lives","year of the dragon","0.25","0.25"
"RuleBasedMatcher","actors_97","golden_globes_1112","0.041666666666666664","","1947-01-01","1990-01-01","1947-01-01","1990-01-01","0.0","0.0","Fredric March","Fred Savage","fredric march","fred savage","0.0","0.0","The Best Years of Our Lives","Wonder Years, The","the best years of our lives","wonder years, the","0.125","0.125"
"RuleBasedMatcher","actors_97","golden_globes_1061","0.041666666666666664","","1947-01-01","1991-01-01","1947-01-01","1991-01-01","0.0","0.0","Fredric March","Fred Savage","fredric march","fred savage","0.0","0.0","The Best Years of Our Lives","Wonder Years, The","the best years of our lives","wonder years, the","0.125","0.125"
"RuleBasedMatcher","actors_97","golden_globes_2049","0.09523809523809523","","1947-01-01","1965-01-01","1947-01-01","1965-01-01","0.0","0.0","Fredric March","['Ann Sothern', 'Lee Tracy']","Fredric March","['Ann Sothern', 'Lee Tracy']","0.0","0.0","The Best Years of Our Lives","Best Man, The","the best years of our lives","best man, the","0.2857142857142857","0.2857142857142857"
"RuleBasedMatcher","actors_97","golden_globes_2238","0.03333333333333333","","1947-01-01","1953-01-01","1947-01-01","1953-01-01","0.0","0.0","Fredric March","","fredric march","","0.0","0.0","The Best Years of Our Lives","Greatest Show On Earth, The","the best years of our lives","greatest show on earth, the","0.1","0.1"
"RuleBasedMatcher","actors_97","golden_globes_674","0.037037037037037035","","1947-01-01","1998-01-01","1947-01-01","1998-01-01","0.0","0.0","Fredric March","['Julia Roberts', 'Rupert Everett']","Fredric March","['Julia Roberts', 'Rupert Everett']","0.0","0.0","The Best Years of Our Lives","My Best Friend's Wedding","the best years of our lives","my best friend's wedding","0.1111111111111111","0.1111111111111111"
"RuleBasedMatcher","actors_97","golden_globes_314","0.0","","1947-01-01","2005-01-01","1947-01-01","2005-01-01","0.0","0.0","Fredric March","Nicole Kidman","fredric march","nicole kidman","0.0","0.0","The Best Years of Our Lives","Birth","the best years of our lives","birth","0.0","0.0"
"RuleBasedMatcher","actors_97","golden_globes_1441","0.047619047619047616","","1947-01-01","1983-01-01","1947-01-01","1983-01-01","0.0","0.0","Fredric March","Goldie Hawn","fredric march","goldie hawn","0.0","0.0","The Best Years of Our Lives","Best Friends","the best years of our lives","best friends","0.14285714285714285","0.14285714285714285"
"RuleBasedMatcher","actors_97","golden_globes_835","0.0","","1947-01-01","1995-01-01","1947-01-01","1995-01-01","0.0","0.0","Fredric March","Claire Danes","fredric march","claire danes","0.0","0.0","The Best Years of Our Lives","My So-Called Life","the best years of our lives","my so-called life","0.0","0.0"
"RuleBasedMatcher","actors_97","golden_globes_2136","0.08333333333333333","","1947-01-01","1961-01-01","1947-01-01","1961-01-01","0.0","0.0","Fredric March","Bob Hope","fredric march","bob hope","0.0","0.0","The Best Years of Our Lives","Facts Of Life, The","the best years of our lives","facts of life, the","0.25","0.25"
"RuleBasedMatcher","actors_97","golden_globes_860","0.041666666666666664","","1947-01-01","1995-01-01","1947-01-01","1995-01-01","0.0","0.0","Fredric March","['Raul Julia', 'Sonia Braga', 'Edward James Olmos']","Fredric March","['Raul Julia', 'Sonia Braga', 'Edward James Olmos']","0.0","0.0","The Best Years of Our Lives","Burning Season, The","the best years of our lives","burning season, the","0.125","0.125"
"RuleBasedMatcher","actors_97","golden_globes_1243","0.0","","1947-01-01","1987-01-01","1947-01-01","1987-01-01","0.0","0.0","Fredric March","['Julie Andrews', 'Jack Lemmon']","Fredric March","['Julie Andrews', 'Jack Lemmon']","0.0","0.0","The Best Years of Our Lives","That's Life!","the best years of our lives","that's life!","0.0","0.0"
"RuleBasedMatcher","actors_97","golden_globes_1294","0.037037037037037035","","1947-01-01","1986-01-01","1947-01-01","1986-01-01","0.0","0.0","Fredric March","Michael J. Fox","fredric march","michael j. fox","0.0","0.0","The Best Years of Our Lives","Back To The Future","the best years of our lives","back to the future","0.1111111111111111","0.1111111111111111"
"RuleBasedMatcher","actors_97","golden_globes_2163","0.06666666666666667","","1947-01-01","1959-01-01","1947-01-01","1959-01-01","0.0","0.0","Fredric March","['Ingrid Bergman', 'Robert Donat']","Fredric March","['Ingrid Bergman', 'Robert Donat']","0.0","0.0","The Best Years of Our Lives","Inn Of The Sixth Happiness, The","the best years of our lives","inn of the sixth happiness, the","0.2","0.2"
"RuleBasedMatcher","actors_97","golden_globes_1908","0.041666666666666664","","1947-01-01","1972-01-01","1947-01-01","1972-01-01","0.0","0.0","Fredric March","","fredric march","","0.0","0.0","The Best Years of Our Lives","Summer Of '42","the best years of our lives","summer of '42","0.125","0.125"
"RuleBasedMatcher","actors_98","golden_globes_1285","0.05555555555555555","","1948-01-01","1986-01-01","1948-01-01","1986-01-01","0.0","0.0","Ronald Colman","['Gene Hackman', 'Amy Madigan']","Ronald Colman","['Gene Hackman', 'Amy Madigan']","0.0","0.0","A Double Life","Twice In a Lifetime","a double life","twice in a lifetime","0.16666666666666666","0.16666666666666666"
"RuleBasedMatcher","actors_98","golden_globes_1345","0.08333333333333333","","1948-01-01","1985-01-01","1948-01-01","1985-01-01","0.0","0.0","Ronald Colman","Melanie Griffith","ronald colman","melanie griffith","0.0","0.0","A Double Life","Body Double","a double life","body double","0.25","0.25"
"RuleBasedMatcher","actors_98","golden_globes_1476","0.05555555555555555","","1948-01-01","1983-01-01","1948-01-01","1983-01-01","0.0","0.0","Ronald Colman","Robby Benson","ronald colman","robby benson","0.0","0.0","A Double Life","Two Of a Kind","a double life","two of a kind","0.16666666666666666","0.16666666666666666"
"RuleBasedMatcher","actors_98","golden_globes_835","0.06666666666666667","","1948-01-01","1995-01-01","1948-01-01","1995-01-01","0.0","0.0","Ronald Colman","Claire Danes","ronald colman","claire danes","0.0","0.0","A Double Life","My So-Called Life","a double life","my so-called life","0.2","0.2"
"RuleBasedMatcher","actors_98","golden_globes_1207","0.047619047619047616","","1948-01-01","1988-01-01","1948-01-01","1988-01-01","0.0","0.0","Ronald Colman","Richard Kiley","ronald colman","richard kiley","0.0","0.0","A Double Life","Year In The Life, a","a double life","year in the life, a","0.14285714285714285","0.14285714285714285"
"RuleBasedMatcher","actors_98","golden_globes_2159","0.06666666666666667","","1948-01-01","1960-01-01","1948-01-01","1960-01-01","0.0","0.0","Ronald Colman","['Susan Kohner', 'Juanita Moore']","Ronald Colman","['Susan Kohner', 'Juanita Moore']","0.0","0.0","A Double Life","Imitation Of Life","a double life","imitation of life","0.2","0.2"
"RuleBasedMatcher","actors_98","golden_globes_1123","0.06666666666666667","","1948-01-01","1990-01-01","1948-01-01","1990-01-01","0.0","0.0","Ronald Colman","Christopher Burke","ronald colman","christopher burke","0.0","0.0","A Double Life","Life Goes On","a double life","life goes on","0.2","0.2"
"RuleBasedMatcher","actors_98","golden_globes_192","0.08333333333333333","","1948-01-01","2008-01-01","1948-01-01","2008-01-01","0.0","0.0","Ronald Colman","Queen Latifah","ronald colman","queen latifah","0.0","0.0","A Double Life","Life Support","a double life","life support","0.25","0.25"
"RuleBasedMatcher","actors_98","golden_globes_2202","0.06666666666666667","","1948-01-01","1957-01-01","1948-01-01","1957-01-01","0.0","0.0","Ronald Colman","['Kirk Douglas', 'Anthony Quinn']","Ronald Colman","['Kirk Douglas', 'Anthony Quinn']","0.0","0.0","A Double Life","Lust For Life","a double life","lust for life","0.2","0.2"
"RuleBasedMatcher","actors_98","golden_globes_2272","0.13333333333333333","","1948-01-01","1947-01-01","1948-01-01","1947-01-01","0.0","0.0","Ronald Colman","","ronald colman","","0.0","0.0","A Double Life","It's a Wonderful Life","a double life","it's a wonderful life","0.4","0.4"
"RuleBasedMatcher","actors_98","golden_globes_474","0.13333333333333333","","1948-01-01","2002-01-01","1948-01-01","2002-01-01","0.0","0.0","Ronald Colman","Hayden Christensen","ronald colman","hayden christensen","0.0","0.0","A Double Life","Life as a House","a double life","life as a house","0.4","0.4"
"RuleBasedMatcher","actors_98","golden_globes_1243","0.0","","1948-01-01","1987-01-01","1948-01-01","1987-01-01","0.0","0.0","Ronald Colman","['Julie Andrews', 'Jack Lemmon']","Ronald Colman","['Julie Andrews', 'Jack Lemmon']","0.0","0.0","A Double Life","That's Life!","a double life","that's life!","0.0","0.0"
"RuleBasedMatcher","actors_98","golden_globes_1352","0.041666666666666664","","1948-01-01","1985-01-01","1948-01-01","1985-01-01","0.0","0.0","Ronald Colman","","ronald colman","","0.0","0.0","A Double Life","Once Upon a Time In America","a double life","once upon a time in america","0.125","0.125"
"RuleBasedMatcher","actors_98","golden_globes_910","0.1111111111111111","","1948-01-01","1994-01-01","1948-01-01","1994-01-01","0.0","0.0","Ronald Colman","Jack Lemmon","ronald colman","jack lemmon","0.0","0.0","A Double Life","Life In The Theatre, a","a double life","life in the theatre, a","0.3333333333333333","0.3333333333333333"
"RuleBasedMatcher","actors_98","golden_globes_2136","0.0","","1948-01-01","1961-01-01","1948-01-01","1961-01-01","0.0","0.0","Ronald Colman","Bob Hope","ronald colman","bob hope","0.0","0.0","A Double Life","Facts Of Life, The","a double life","facts of life, the","0.0","0.0"
"RuleBasedMatcher","actors_98","golden_globes_788","0.0","","1948-01-01","1996-01-01","1948-01-01","1996-01-01","0.0","0.0","Ronald Colman","Daniel Benzali","ronald colman","daniel benzali","0.0","0.0","A Double Life","Murder One","a double life","murder one","0.0","0.0"
"RuleBasedMatcher","actors_98","golden_globes_1508","0.047619047619047616","","1948-01-01","1982-01-01","1948-01-01","1982-01-01","0.0","0.0","Ronald Colman","['Bonnie Franklin', 'Valerie Bertinelli', 'Pat Harrington']","Ronald Colman","['Bonnie Franklin', 'Valerie Bertinelli', 'Pat Harrington']","0.0","0.0","A Double Life","One Day at a Time","a double life","one day at a time","0.14285714285714285","0.14285714285714285"
"RuleBasedMatcher","actors_98","golden_globes_1460","0.047619047619047616","","1948-01-01","1983-01-01","1948-01-01","1983-01-01","0.0","0.0","Ronald Colman","['Bonnie Franklin', 'Valerie Bertinelli', 'Pat Harrington']","Ronald Colman","['Bonnie Franklin', 'Valerie Bertinelli', 'Pat Harrington']","0.0","0.0","A Double Life","One Day at a Time","a double life","one day at a time","0.14285714285714285","0.14285714285714285"
"RuleBasedMatcher","actors_98","golden_globes_1563","0.047619047619047616","","1948-01-01","1981-01-01","1948-01-01","1981-01-01","0.0","0.0","Ronald Colman","['Valerie Bertinelli', 'Pat Harrington']","Ronald Colman","['Valerie Bertinelli', 'Pat Harrington']","0.0","0.0","A Double Life","One Day at a Time","a double life","one day at a time","0.14285714285714285","0.14285714285714285"
"RuleBasedMatcher","actors_98","golden_globes_1644","0.047619047619047616","","1948-01-01","1979-01-01","1948-01-01","1979-01-01","0.0","0.0","Ronald Colman","Pat Harrington","ronald colman","pat harrington","0.0","0.0","A Double Life","One Day at a Time","a double life","one day at a time","0.14285714285714285","0.14285714285714285"
"RuleBasedMatcher","actors_99","golden_globes_623","0.0","","1949-01-01","1999-01-01","1949-01-01","1999-01-01","0.0","0.0","Laurence Olivier","['Gwyneth Paltrow', 'Judi Dench', 'Geoffrey Rush']","Laurence Olivier","['Gwyneth Paltrow', 'Judi Dench', 'Geoffrey Rush']","0.0","0.0","Hamlet","Shakespeare In Love","hamlet","shakespeare in love","0.0","0.0"
"RuleBasedMatcher","actors_99","golden_globes_1980","0.0","","1949-01-01","1969-01-01","1949-01-01","1969-01-01","0.0","0.0","Laurence Olivier","","laurence olivier","","0.0","0.0","Hamlet","Romeo and Juliet","hamlet","romeo and juliet","0.0","0.0"
"RuleBasedMatcher","actors_99","golden_globes_1037","0.0","","1949-01-01","1991-01-01","1949-01-01","1991-01-01","0.0","0.0","Laurence Olivier","['Lorraine Bracco', 'Joe Pesci']","Laurence Olivier","['Lorraine Bracco', 'Joe Pesci']","0.0","0.0","Hamlet","GoodFellas","hamlet","goodfellas","0.0","0.0"
"RuleBasedMatcher","actors_99","golden_globes_417","0.0","","1949-01-01","2003-01-01","1949-01-01","2003-01-01","0.0","0.0","Laurence Olivier","Adrien Brody","laurence olivier","adrien brody","0.0","0.0","Hamlet","Pianist, The","hamlet","pianist, the","0.0","0.0"
"RuleBasedMatcher","actors_99","golden_globes_1492","0.0","","1949-01-01","1982-01-01","1949-01-01","1982-01-01","0.0","0.0","Laurence Olivier","['Liza Minnelli', 'Dudley Moore', 'John Gielgud']","Laurence Olivier","['Liza Minnelli', 'Dudley Moore', 'John Gielgud']","0.0","0.0","Hamlet","Arthur","hamlet","arthur","0.0","0.0"
"RuleBasedMatcher","actors_99","golden_globes_910","0.0","","1949-01-01","1994-01-01","1949-01-01","1994-01-01","0.0","0.0","Laurence Olivier","Jack Lemmon","laurence olivier","jack lemmon","0.0","0.0","Hamlet","Life In The Theatre, a","hamlet","life in the theatre, a","0.0","0.0"
"RuleBasedMatcher","actors_99","golden_globes_195","0.0","","1949-01-01","2008-01-01","1949-01-01","2008-01-01","0.0","0.0","Laurence Olivier","Ruth Wilson","laurence olivier","ruth wilson","0.0","0.0","Hamlet","Jane Eyre","hamlet","jane eyre","0.0","0.0"
"RuleBasedMatcher","actors_99","golden_globes_2131","0.1111111111111111","","1949-01-01","1961-01-01","1949-01-01","1961-01-01","0.0","0.0","Laurence Olivier","['Laurence Olivier', 'Woody Strode', 'Peter Ustinov']","Laurence Olivier","['Laurence Olivier', 'Woody Strode', 'Peter Ustinov']","0.3333333333333333","0.3333333333333333","Hamlet","Spartacus","hamlet","spartacus","0.0","0.0"
"RuleBasedMatcher","actors_99","golden_globes_1330","0.0","","1949-01-01","1985-01-01","1949-01-01","1985-01-01","0.0","0.0","Laurence Olivier","['F. Murray Abraham', 'Tom Hulce', 'Jeffrey Jones']","Laurence Olivier","['F. Murray Abraham', 'Tom Hulce', 'Jeffrey Jones']","0.0","0.0","Hamlet","Amadeus","hamlet","amadeus","0.0","0.0"
"RuleBasedMatcher","actors_99","golden_globes_1171","0.0","","1949-01-01","1989-01-01","1949-01-01","1989-01-01","0.0","0.0","Laurence Olivier","Richard Chamberlain","laurence olivier","richard chamberlain","0.0","0.0","Hamlet","Bourne Identity, The","hamlet","bourne identity, the","0.0","0.0"
"RuleBasedMatcher","actors_99","golden_globes_2020","0.0","","1949-01-01","1966-01-01","1949-01-01","1966-01-01","0.0","0.0","Laurence Olivier","Rod Steiger","laurence olivier","rod steiger","0.0","0.0","Hamlet","Pawnbroker, The","hamlet","pawnbroker, the","0.0","0.0"
"RuleBasedMatcher","actors_99","golden_globes_225","0.0","","1949-01-01","2007-01-01","1949-01-01","2007-01-01","0.0","0.0","Laurence Olivier","Will Ferrell","laurence olivier","will ferrell","0.0","0.0","Hamlet","Stranger Than Fiction","hamlet","stranger than fiction","0.0","0.0"
"RuleBasedMatcher","actors_99","golden_globes_2093","0.0","","1949-01-01","1963-01-01","1949-01-01","1963-01-01","0.0","0.0","Laurence Olivier","Gregory Peck","laurence olivier","gregory peck","0.0","0.0","Hamlet","To Kill a Mockingbird","hamlet","to kill a mockingbird","0.0","0.0"
"RuleBasedMatcher","actors_99","golden_globes_655","0.0","","1949-01-01","1999-01-01","1949-01-01","1999-01-01","0.0","0.0","Laurence Olivier","Peter Fonda","laurence olivier","peter fonda","0.0","0.0","Hamlet","Tempest, The","hamlet","tempest, the","0.0","0.0"
"RuleBasedMatcher","actors_99","golden_globes_563","0.0","","1949-01-01","2000-01-01","1949-01-01","2000-01-01","0.0","0.0","Laurence Olivier","Julianne Moore","laurence olivier","julianne moore","0.0","0.0","Hamlet","End Of The Affair, The","hamlet","end of the affair, the","0.0","0.0"
"RuleBasedMatcher","actors_99","golden_globes_1084","0.0","","1949-01-01","1990-01-01","1949-01-01","1990-01-01","0.0","0.0","Laurence Olivier","Pauline Collins","laurence olivier","pauline collins","0.0","0.0","Hamlet","Shirley Valentine","hamlet","shirley valentine","0.0","0.0"
"RuleBasedMatcher","actors_99","golden_globes_1448","0.0","","1949-01-01","1983-01-01","1949-01-01","1983-01-01","0.0","0.0","Laurence Olivier","Raul Julia","laurence olivier","raul julia","0.0","0.0","Hamlet","Tempest","hamlet","tempest","0.0","0.0"
"RuleBasedMatcher","actors_99","golden_globes_392","0.0","","1949-01-01","2004-01-01","1949-01-01","2004-01-01","0.0","0.0","Laurence Olivier","Amber Tamblyn","laurence olivier","amber tamblyn","0.0","0.0","Hamlet","Joan Of Arcadia","hamlet","joan of arcadia","0.0","0.0"
"RuleBasedMatcher","actors_99","golden_globes_1701","0.0","","1949-01-01","1977-01-01","1949-01-01","1977-01-01","0.0","0.0","Laurence Olivier","Piper Laurie","laurence olivier","piper laurie","0.0","0.0","Hamlet","Carrie","hamlet","carrie","0.0","0.0"
"RuleBasedMatcher","actors_99","golden_globes_1276","0.0","","1949-01-01","1987-01-01","1949-01-01","1987-01-01","0.0","0.0","Laurence Olivier","Mark Harmon","laurence olivier","mark harmon","0.0","0.0","Hamlet","Deliberate Stranger, The","hamlet","deliberate stranger, the","0.0","0.0"
"RuleBasedMatcher","actors_100","golden_globes_2264","0.8999999999999999","","1950-01-01","1950-01-01","1950-01-01","1950-01-01","1.0","1.0","Broderick Crawford","Mercedes McCambridge","broderick crawford","mercedes mccambridge","0.0","0.0","All the King's Men","All The King's Men","all the king's men","all the king's men","1.0","1.0"
"RuleBasedMatcher","actors_100","golden_globes_2205","0.047619047619047616","","1950-01-01","1957-01-01","1950-01-01","1957-01-01","0.0","0.0","Broderick Crawford","Yul Brynner","broderick crawford","yul brynner","0.0","0.0","All the King's Men","King and I, The","all the king's men","king and i, the","0.14285714285714285","0.14285714285714285"
"RuleBasedMatcher","actors_100","golden_globes_1711","0.041666666666666664","","1950-01-01","1977-01-01","1950-01-01","1977-01-01","0.0","0.0","Broderick Crawford","['Richard Jordan', 'Charles Durning']","Broderick Crawford","['Richard Jordan', 'Charles Durning']","0.0","0.0","All the King's Men","Captains and The Kings, The","all the king's men","captains and the kings, the","0.125","0.125"
"RuleBasedMatcher","actors_100","golden_globes_1704","0.19999999999999998","","1950-01-01","1977-01-01","1950-01-01","1977-01-01","0.0","0.0","Broderick Crawford","Jason Robards Jr.","broderick crawford","jason robards jr.","0.0","0.0","All the King's Men","All The President's Men","all the king's men","all the president's men","0.6","0.6"
"RuleBasedMatcher","actors_100","golden_globes_7","0.13333333333333333","","1950-01-01","2011-01-01","1950-01-01","2011-01-01","0.0","0.0","Broderick Crawford","['Colin Firth', 'Helena Bonham Carter', 'Geoffrey Rush']","Broderick Crawford","['Colin Firth', 'Helena Bonham Carter', 'Geoffrey Rush']","0.0","0.0","All the King's Men","King's Speech, The","all the king's men","king's speech, the","0.4","0.4"
"RuleBasedMatcher","actors_100","golden_globes_209","0.06666666666666667","","1950-01-01","2007-01-01","1950-01-01","2007-01-01","0.0","0.0","Broderick Crawford","Helen Mirren","broderick crawford","helen mirren","0.0","0.0","All the King's Men","Queen, The","all the king's men","queen, the","0.2","0.2"
"RuleBasedMatcher","actors_100","golden_globes_387","0.025641025641025644","","1950-01-01","2004-01-01","1950-01-01","2004-01-01","0.0","0.0","Broderick Crawford","","broderick crawford","","0.0","0.0","All the King's Men","Lord Of The Rings: The Return Of The King, The","all the king's men","lord of the rings: the return of the king, the","0.07692307692307693","0.07692307692307693"
"RuleBasedMatcher","actors_100","golden_globes_707","0.0","","1950-01-01","1998-01-01","1950-01-01","1998-01-01","0.0","0.0","Broderick Crawford","Ving Rhames","broderick crawford","ving rhames","0.0","0.0","All the King's Men","Don King: Only In America","all the king's men","don king: only in america","0.0","0.0"
"RuleBasedMatcher","actors_100","golden_globes_983","0.05555555555555555","","1950-01-01","1992-01-01","1950-01-01","1992-01-01","0.0","0.0","Broderick Crawford","['Jeff Bridges', 'Robin Williams', 'Mercedes Ruehl']","Broderick Crawford","['Jeff Bridges', 'Robin Williams', 'Mercedes Ruehl']","0.0","0.0","All the King's Men","Fisher King, The","all the king's men","fisher king, the","0.16666666666666666","0.16666666666666666"
"RuleBasedMatcher","actors_100","golden_globes_1843","0.1111111111111111","","1950-01-01","1974-01-01","1950-01-01","1974-01-01","0.0","0.0","Broderick Crawford","['Jean Stapleton', "Carroll O'Connor", 'Sally Struthers', 'Rob Reiner']","Broderick Crawford","['Jean Stapleton', "Carroll O'Connor", 'Sally Struthers', 'Rob Reiner']","0.0","0.0","All the King's Men","All In The Family","all the king's men","all in the family","0.3333333333333333","0.3333333333333333"
"RuleBasedMatcher","actors_100","golden_globes_1730","0.1111111111111111","","1950-01-01","1977-01-01","1950-01-01","1977-01-01","0.0","0.0","Broderick Crawford","['Sally Struthers', 'Rob Reiner']","Broderick Crawford","['Sally Struthers', 'Rob Reiner']","0.0","0.0","All the King's Men","All In The Family","all the king's men","all in the family","0.3333333333333333","0.3333333333333333"
"RuleBasedMatcher","actors_100","golden_globes_1770","0.1111111111111111","","1950-01-01","1976-01-01","1950-01-01","1976-01-01","0.0","0.0","Broderick Crawford","["Carroll O'Connor", 'Rob Reiner']","Broderick Crawford","["Carroll O'Connor", 'Rob Reiner']","0.0","0.0","All the King's Men","All In The Family","all the king's men","all in the family","0.3333333333333333","0.3333333333333333"
"RuleBasedMatcher","actors_100","golden_globes_1638","0.1111111111111111","","1950-01-01","1979-01-01","1950-01-01","1979-01-01","0.0","0.0","Broderick Crawford","Jean Stapleton","broderick crawford","jean stapleton","0.0","0.0","All the King's Men","All In The Family","all the king's men","all in the family","0.3333333333333333","0.3333333333333333"
"RuleBasedMatcher","actors_100","golden_globes_1881","0.1111111111111111","","1950-01-01","1973-01-01","1950-01-01","1973-01-01","0.0","0.0","Broderick Crawford","['Jean Stapleton', "Carroll O'Connor", 'Sally Struthers', 'Rob Reiner']","Broderick Crawford","['Jean Stapleton', "Carroll O'Connor", 'Sally Struthers', 'Rob Reiner']","0.0","0.0","All the King's Men","All In The Family","all the king's men","all in the family","0.3333333333333333","0.3333333333333333"
"RuleBasedMatcher","actors_100","golden_globes_1803","0.1111111111111111","","1950-01-01","1975-01-01","1950-01-01","1975-01-01","0.0","0.0","Broderick Crawford","['Jean Stapleton', "Carroll O'Connor", 'Betty Garrett']","Broderick Crawford","['Jean Stapleton', "Carroll O'Connor", 'Betty Garrett']","0.0","0.0","All the King's Men","All In The Family","all the king's men","all in the family","0.3333333333333333","0.3333333333333333"
"RuleBasedMatcher","actors_100","golden_globes_1598","0.1111111111111111","","1950-01-01","1980-01-01","1950-01-01","1980-01-01","0.0","0.0","Broderick Crawford","Jean Stapleton","broderick crawford","jean stapleton","0.0","0.0","All the King's Men","All In The Family","all the king's men","all in the family","0.3333333333333333","0.3333333333333333"
"RuleBasedMatcher","actors_100","golden_globes_1680","0.1111111111111111","","1950-01-01","1978-01-01","1950-01-01","1978-01-01","0.0","0.0","Broderick Crawford","['Jean Stapleton', "Carroll O'Connor"]","Broderick Crawford","['Jean Stapleton', "Carroll O'Connor"]","0.0","0.0","All the King's Men","All In The Family","all the king's men","all in the family","0.3333333333333333","0.3333333333333333"
"RuleBasedMatcher","actors_100","golden_globes_215","0.041666666666666664","","1950-01-01","2007-01-01","1950-01-01","2007-01-01","0.0","0.0","Broderick Crawford","Forest Whitaker","broderick crawford","forest whitaker","0.0","0.0","All the King's Men","Last King Of Scotland, The","all the king's men","last king of scotland, the","0.125","0.125"
"RuleBasedMatcher","actors_100","golden_globes_182","0.06666666666666667","","1950-01-01","2008-01-01","1950-01-01","2008-01-01","0.0","0.0","Broderick Crawford","Jonathan Rhys Meyers","broderick crawford","jonathan rhys meyers","0.0","0.0","All the King's Men","Tudors, The","all the king's men","tudors, the","0.2","0.2"
"RuleBasedMatcher","actors_100","golden_globes_130","0.06666666666666667","","1950-01-01","2009-01-01","1950-01-01","2009-01-01","0.0","0.0","Broderick Crawford","Jonathan Rhys Meyers","broderick crawford","jonathan rhys meyers","0.0","0.0","All the King's Men","Tudors, The","all the king's men","tudors, the","0.2","0.2"
"RuleBasedMatcher","actors_101","golden_globes_2255","0.9333333333333332","","1951-01-01","1951-01-01","1951-01-01","1951-01-01","1.0","1.0","Jose Ferrer","Jos Ferrer","jose ferrer","jos ferrer","0.3333333333333333","0.3333333333333333","Cyrano de Bergerac","Cyrano De Bergerac","cyrano de bergerac","cyrano de bergerac","1.0","1.0"
"RuleBasedMatcher","actors_101","golden_globes_653","0.0","","1951-01-01","1999-01-01","1951-01-01","1999-01-01","0.0","0.0","Jose Ferrer","['Angelina Jolie', 'Faye Dunaway']","Jose Ferrer","['Angelina Jolie', 'Faye Dunaway']","0.0","0.0","Cyrano de Bergerac","Gia","cyrano de bergerac","gia","0.0","0.0"
"RuleBasedMatcher","actors_101","golden_globes_1127","0.0","","1951-01-01","1989-01-01","1951-01-01","1989-01-01","0.0","0.0","Jose Ferrer","Shirley MacLaine","jose ferrer","shirley maclaine","0.0","0.0","Cyrano de Bergerac","Madame Sousatzka","cyrano de bergerac","madame sousatzka","0.0","0.0"
"RuleBasedMatcher","actors_101","golden_globes_1854","0.0","","1951-01-01","1973-01-01","1951-01-01","1973-01-01","0.0","0.0","Jose Ferrer","['Marlon Brando', 'Al Pacino', 'James Caan']","Jose Ferrer","['Marlon Brando', 'Al Pacino', 'James Caan']","0.0","0.0","Cyrano de Bergerac","Godfather, The","cyrano de bergerac","godfather, the","0.0","0.0"
"RuleBasedMatcher","actors_101","golden_globes_883","0.0","","1951-01-01","1994-01-01","1951-01-01","1994-01-01","0.0","0.0","Jose Ferrer","['Penelope Ann Miller', 'Sean Penn']","Jose Ferrer","['Penelope Ann Miller', 'Sean Penn']","0.0","0.0","Cyrano de Bergerac","Carlito's Way","cyrano de bergerac","carlito's way","0.0","0.0"
"RuleBasedMatcher","actors_101","golden_globes_669","0.0","","1951-01-01","1998-01-01","1951-01-01","1998-01-01","0.0","0.0","Jose Ferrer","['Djimon Hounsou', 'Anthony Hopkins']","Jose Ferrer","['Djimon Hounsou', 'Anthony Hopkins']","0.0","0.0","Cyrano de Bergerac","Amistad","cyrano de bergerac","amistad","0.0","0.0"
"RuleBasedMatcher","actors_101","golden_globes_110","0.0","","1951-01-01","2009-01-01","1951-01-01","2009-01-01","0.0","0.0","Jose Ferrer","['Rebecca Hall', 'Javier Bardem', 'Pen�lope Cruz']","Jose Ferrer","['Rebecca Hall', 'Javier Bardem', 'Pen�lope Cruz']","0.0","0.0","Cyrano de Bergerac","Vicky Cristina Barcelona","cyrano de bergerac","vicky cristina barcelona","0.0","0.0"
"RuleBasedMatcher","actors_101","golden_globes_1028","0.0","","1951-01-01","1991-01-01","1951-01-01","1991-01-01","0.0","0.0","Jose Ferrer","['Al Pacino', 'Andy Garcia']","Jose Ferrer","['Al Pacino', 'Andy Garcia']","0.0","0.0","Cyrano de Bergerac","Godfather Part Iii, The","cyrano de bergerac","godfather part iii, the","0.0","0.0"
"RuleBasedMatcher","actors_101","golden_globes_1779","0.0","","1951-01-01","1975-01-01","1951-01-01","1975-01-01","0.0","0.0","Jose Ferrer","Al Pacino","jose ferrer","al pacino","0.0","0.0","Cyrano de Bergerac","Godfather Part Ii, The","cyrano de bergerac","godfather part ii, the","0.0","0.0"
"RuleBasedMatcher","actors_101","golden_globes_2220","0.0","","1951-01-01","1955-01-01","1951-01-01","1955-01-01","0.0","0.0","Jose Ferrer","Edmond O'Brien","jose ferrer","edmond o'brien","0.0","0.0","Cyrano de Bergerac","Barefoot Contessa, The","cyrano de bergerac","barefoot contessa, the","0.0","0.0"
"RuleBasedMatcher","actors_101","golden_globes_2134","0.0","","1951-01-01","1961-01-01","1951-01-01","1961-01-01","0.0","0.0","Jose Ferrer","Cantinflas","jose ferrer","cantinflas","0.0","0.0","Cyrano de Bergerac","Pepe","cyrano de bergerac","pepe","0.0","0.0"
"RuleBasedMatcher","actors_101","golden_globes_144","0.0","","1951-01-01","2009-01-01","1951-01-01","2009-01-01","0.0","0.0","Jose Ferrer","['Susan Sarandon', 'Ralph Fiennes']","Jose Ferrer","['Susan Sarandon', 'Ralph Fiennes']","0.0","0.0","Cyrano de Bergerac","Bernard And Doris","cyrano de bergerac","bernard and doris","0.0","0.0"
"RuleBasedMatcher","actors_101","golden_globes_160","0.0","","1951-01-01","2008-01-01","1951-01-01","2008-01-01","0.0","0.0","Jose Ferrer","Marion Cotillard","jose ferrer","marion cotillard","0.0","0.0","Cyrano de Bergerac","La Vie En Rose","cyrano de bergerac","la vie en rose","0.0","0.0"
"RuleBasedMatcher","actors_101","golden_globes_363","0.0","","1951-01-01","2004-01-01","1951-01-01","2004-01-01","0.0","0.0","Jose Ferrer","Cate Blanchett","jose ferrer","cate blanchett","0.0","0.0","Cyrano de Bergerac","Veronica Guerin","cyrano de bergerac","veronica guerin","0.0","0.0"
"RuleBasedMatcher","actors_101","golden_globes_1529","0.0","","1951-01-01","1981-01-01","1951-01-01","1981-01-01","0.0","0.0","Jose Ferrer","Nastassja Kinski","jose ferrer","nastassja kinski","0.0","0.0","Cyrano de Bergerac","Tess","cyrano de bergerac","tess","0.0","0.0"
"RuleBasedMatcher","actors_101","golden_globes_1827","0.0","","1951-01-01","1974-01-01","1951-01-01","1974-01-01","0.0","0.0","Jose Ferrer","","jose ferrer","","0.0","0.0","Cyrano de Bergerac","Last Tango In Paris","cyrano de bergerac","last tango in paris","0.0","0.0"
"RuleBasedMatcher","actors_101","golden_globes_1701","0.0","","1951-01-01","1977-01-01","1951-01-01","1977-01-01","0.0","0.0","Jose Ferrer","Piper Laurie","jose ferrer","piper laurie","0.0","0.0","Cyrano de Bergerac","Carrie","cyrano de bergerac","carrie","0.0","0.0"
"RuleBasedMatcher","actors_101","golden_globes_1148","0.0","","1951-01-01","1989-01-01","1951-01-01","1989-01-01","0.0","0.0","Jose Ferrer","Neil Patrick Harris","jose ferrer","neil patrick harris","0.0","0.0","Cyrano de Bergerac","Clara's Heart","cyrano de bergerac","clara's heart","0.0","0.0"
"RuleBasedMatcher","actors_101","golden_globes_1646","0.0","","1951-01-01","1978-01-01","1951-01-01","1978-01-01","0.0","0.0","Jose Ferrer","['Jane Fonda', 'Vanessa Redgrave', 'Jason Robards Jr.', 'Maximilian Schell']","Jose Ferrer","['Jane Fonda', 'Vanessa Redgrave', 'Jason Robards Jr.', 'Maximilian Schell']","0.0","0.0","Cyrano de Bergerac","Julia","cyrano de bergerac","julia","0.0","0.0"
"RuleBasedMatcher","actors_101","golden_globes_544","0.0","","1951-01-01","2001-01-01","1951-01-01","2001-01-01","0.0","0.0","Jose Ferrer","Bette Midler","jose ferrer","bette midler","0.0","0.0","Cyrano de Bergerac","Bette","cyrano de bergerac","bette","0.0","0.0"
"RuleBasedMatcher","actors_102","golden_globes_2061","0.0","","1952-01-01","1964-01-01","1952-01-01","1964-01-01","0.0","0.0","Humphrey Bogart","['Rex Harrison', 'Roddy McDowall']","Humphrey Bogart","['Rex Harrison', 'Roddy McDowall']","0.0","0.0","The African Queen","Cleopatra","the african queen","cleopatra","0.0","0.0"
"RuleBasedMatcher","actors_102","golden_globes_209","0.08333333333333333","","1952-01-01","2007-01-01","1952-01-01","2007-01-01","0.0","0.0","Humphrey Bogart","Helen Mirren","humphrey bogart","helen mirren","0.0","0.0","The African Queen","Queen, The","the african queen","queen, the","0.25","0.25"
"RuleBasedMatcher","actors_102","golden_globes_611","0.0","","1952-01-01","1999-01-01","1952-01-01","1999-01-01","0.0","0.0","Humphrey Bogart","Cate Blanchett","humphrey bogart","cate blanchett","0.0","0.0","The African Queen","Elizabeth","the african queen","elizabeth","0.0","0.0"
"RuleBasedMatcher","actors_102","golden_globes_250","0.0","","1952-01-01","2007-01-01","1952-01-01","2007-01-01","0.0","0.0","Humphrey Bogart","['Helen Mirren', 'Jeremy Irons']","Humphrey Bogart","['Helen Mirren', 'Jeremy Irons']","0.0","0.0","The African Queen","Elizabeth I","the african queen","elizabeth i","0.0","0.0"
"RuleBasedMatcher","actors_102","golden_globes_2156","0.0","","1952-01-01","1960-01-01","1952-01-01","1960-01-01","0.0","0.0","Humphrey Bogart","Dean Martin","humphrey bogart","dean martin","0.0","0.0","The African Queen","Who Was That Lady","the african queen","who was that lady","0.0","0.0"
"RuleBasedMatcher","actors_102","golden_globes_913","0.06666666666666667","","1952-01-01","1994-01-01","1952-01-01","1994-01-01","0.0","0.0","Humphrey Bogart","Ann-Margret","humphrey bogart","ann-margret","0.0","0.0","The African Queen","Alex Haley's Queen","the african queen","alex haley's queen","0.2","0.2"
"RuleBasedMatcher","actors_102","golden_globes_2198","0.0","","1952-01-01","1957-01-01","1952-01-01","1957-01-01","0.0","0.0","Humphrey Bogart","['Ingrid Bergman', 'Helen Hayes']","Humphrey Bogart","['Ingrid Bergman', 'Helen Hayes']","0.0","0.0","The African Queen","Anastasia","the african queen","anastasia","0.0","0.0"
"RuleBasedMatcher","actors_102","golden_globes_2037","0.0","","1952-01-01","1965-01-01","1952-01-01","1965-01-01","0.0","0.0","Humphrey Bogart","Jean Seberg","humphrey bogart","jean seberg","0.0","0.0","The African Queen","Lilith","the african queen","lilith","0.0","0.0"
"RuleBasedMatcher","actors_102","golden_globes_1892","0.05555555555555555","","1952-01-01","1972-01-01","1952-01-01","1972-01-01","0.0","0.0","Humphrey Bogart","['Glenda Jackson', 'Vanessa Redgrave']","Humphrey Bogart","['Glenda Jackson', 'Vanessa Redgrave']","0.0","0.0","The African Queen","Mary, Queen Of Scots","the african queen","mary, queen of scots","0.16666666666666666","0.16666666666666666"
"RuleBasedMatcher","actors_102","golden_globes_1279","0.0","","1952-01-01","1986-01-01","1952-01-01","1986-01-01","0.0","0.0","Humphrey Bogart","['Anne Bancroft', 'Meg Tilly']","Humphrey Bogart","['Anne Bancroft', 'Meg Tilly']","0.0","0.0","The African Queen","Agnes Of God","the african queen","agnes of god","0.0","0.0"
"RuleBasedMatcher","actors_102","golden_globes_2222","0.08333333333333333","","1952-01-01","1954-01-01","1952-01-01","1954-01-01","0.0","0.0","Humphrey Bogart","Spencer Tracy","humphrey bogart","spencer tracy","0.0","0.0","The African Queen","Actress, The","the african queen","actress, the","0.25","0.25"
"RuleBasedMatcher","actors_102","golden_globes_1283","0.0","","1952-01-01","1986-01-01","1952-01-01","1986-01-01","0.0","0.0","Humphrey Bogart","['Meryl Streep', 'Klaus Maria Brandauer']","Humphrey Bogart","['Meryl Streep', 'Klaus Maria Brandauer']","0.0","0.0","The African Queen","Out Of Africa","the african queen","out of africa","0.0","0.0"
"RuleBasedMatcher","actors_102","golden_globes_2174","0.0","","1952-01-01","1959-01-01","1952-01-01","1959-01-01","0.0","0.0","Humphrey Bogart","Peggy Cass","humphrey bogart","peggy cass","0.0","0.0","The African Queen","Auntie Mame","the african queen","auntie mame","0.0","0.0"
"RuleBasedMatcher","actors_102","golden_globes_148","0.05555555555555555","","1952-01-01","2008-01-01","1952-01-01","2008-01-01","0.0","0.0","Humphrey Bogart","Cate Blanchett","humphrey bogart","cate blanchett","0.0","0.0","The African Queen","Elizabeth: The Golden Age","the african queen","elizabeth: the golden age","0.16666666666666666","0.16666666666666666"
"RuleBasedMatcher","actors_102","golden_globes_1751","0.0","","1952-01-01","1976-01-01","1952-01-01","1976-01-01","0.0","0.0","Humphrey Bogart","Rosemary Harris","humphrey bogart","rosemary harris","0.0","0.0","The African Queen","Notorious Woman","the african queen","notorious woman","0.0","0.0"
"RuleBasedMatcher","actors_102","golden_globes_1473","0.041666666666666664","","1952-01-01","1983-01-01","1952-01-01","1983-01-01","0.0","0.0","Humphrey Bogart","Jean Stapleton","humphrey bogart","jean stapleton","0.0","0.0","The African Queen","Eleanor, First Lady Of The World","the african queen","eleanor, first lady of the world","0.125","0.125"
"RuleBasedMatcher","actors_102","golden_globes_1064","0.09523809523809523","","1952-01-01","1991-01-01","1952-01-01","1991-01-01","0.0","0.0","Humphrey Bogart","Suzanne Pleshette","humphrey bogart","suzanne pleshette","0.0","0.0","The African Queen","Leona Helmsley: The Queen Of Mean","the african queen","leona helmsley: the queen of mean","0.2857142857142857","0.2857142857142857"
"RuleBasedMatcher","actors_102","golden_globes_1471","0.0","","1952-01-01","1983-01-01","1952-01-01","1983-01-01","0.0","0.0","Humphrey Bogart","Ann Jillian","humphrey bogart","ann jillian","0.0","0.0","The African Queen","Mae West","the african queen","mae west","0.0","0.0"
"RuleBasedMatcher","actors_102","golden_globes_552","0.0","","1952-01-01","2001-01-01","1952-01-01","2001-01-01","0.0","0.0","Humphrey Bogart","Frances O'Connor","humphrey bogart","frances o'connor","0.0","0.0","The African Queen","Madame Bovary","the african queen","madame bovary","0.0","0.0"
"RuleBasedMatcher","actors_102","golden_globes_662","0.0","","1952-01-01","1998-01-01","1952-01-01","1998-01-01","0.0","0.0","Humphrey Bogart","Judi Dench","humphrey bogart","judi dench","0.0","0.0","The African Queen","Mrs Brown","the african queen","mrs brown","0.0","0.0"
"RuleBasedMatcher","actors_103","golden_globes_2230","0.9333333333333332","","1953-01-01","1953-01-01","1953-01-01","1953-01-01","1.0","1.0","['Gary Cooper', 'Johnny Depp']","['Gary Cooper', 'Katy Jurado']","['Gary Cooper', 'Johnny Depp']","['Gary Cooper', 'Katy Jurado']","0.3333333333333333","0.3333333333333333","High Noon","High Noon","high noon","high noon","1.0","1.0"
"RuleBasedMatcher","actors_103","golden_globes_2151","0.0","","1953-01-01","1960-01-01","1953-01-01","1960-01-01","0.0","0.0","['Gary Cooper', 'Johnny Depp']","Fredric March","['Gary Cooper', 'Johnny Depp']","Fredric March","0.0","0.0","High Noon","Middle Of The Night","high noon","middle of the night","0.0","0.0"
"RuleBasedMatcher","actors_103","golden_globes_2219","0.05555555555555555","","1953-01-01","1955-01-01","1953-01-01","1955-01-01","0.0","0.0","['Gary Cooper', 'Johnny Depp']","Jan Sterling","['Gary Cooper', 'Johnny Depp']","Jan Sterling","0.0","0.0","High Noon","High and The Mighty, The","high noon","high and the mighty, the","0.16666666666666666","0.16666666666666666"
"RuleBasedMatcher","actors_103","golden_globes_1239","0.0","","1953-01-01","1987-01-01","1953-01-01","1987-01-01","0.0","0.0","['Gary Cooper', 'Johnny Depp']","Dexter Gordon","['Gary Cooper', 'Johnny Depp']","Dexter Gordon","0.0","0.0","High Noon","'Round Midnight","high noon","'round midnight","0.0","0.0"
"RuleBasedMatcher","actors_103","golden_globes_2188","0.0","","1953-01-01","1958-01-01","1953-01-01","1958-01-01","0.0","0.0","['Gary Cooper', 'Johnny Depp']","Maurice Chevalier","['Gary Cooper', 'Johnny Depp']","Maurice Chevalier","0.0","0.0","High Noon","Love In The Afternoon","high noon","love in the afternoon","0.0","0.0"
"RuleBasedMatcher","actors_103","golden_globes_1141","0.0","","1953-01-01","1989-01-01","1953-01-01","1989-01-01","0.0","0.0","['Gary Cooper', 'Johnny Depp']","Robert De Niro","['Gary Cooper', 'Johnny Depp']","Robert De Niro","0.0","0.0","High Noon","Midnight Run","high noon","midnight run","0.0","0.0"
"RuleBasedMatcher","actors_103","golden_globes_1737","0.0","","1953-01-01","1976-01-01","1953-01-01","1976-01-01","0.0","0.0","['Gary Cooper', 'Johnny Depp']","['Al Pacino', 'John Cazale', 'Charles Durning']","['Gary Cooper', 'Johnny Depp']","['Al Pacino', 'John Cazale', 'Charles Durning']","0.0","0.0","High Noon","Dog Day Afternoon","high noon","dog day afternoon","0.0","0.0"
"RuleBasedMatcher","actors_103","golden_globes_2109","0.0","","1953-01-01","1962-01-01","1953-01-01","1962-01-01","0.0","0.0","['Gary Cooper', 'Johnny Depp']","['Shirley MacLaine', 'Fay Bainter']","['Gary Cooper', 'Johnny Depp']","['Shirley MacLaine', 'Fay Bainter']","0.0","0.0","High Noon","Children's Hour, The","high noon","children's hour, the","0.0","0.0"
"RuleBasedMatcher","actors_103","golden_globes_1519","0.06666666666666667","","1953-01-01","1982-01-01","1953-01-01","1982-01-01","0.0","0.0","['Gary Cooper', 'Johnny Depp']","Joanne Woodward","['Gary Cooper', 'Johnny Depp']","Joanne Woodward","0.0","0.0","High Noon","Crisis at Central High","high noon","crisis at central high","0.2","0.2"
"RuleBasedMatcher","actors_103","golden_globes_592","0.0","","1953-01-01","2000-01-01","1953-01-01","2000-01-01","0.0","0.0","['Gary Cooper', 'Johnny Depp']","","['Gary Cooper', 'Johnny Depp']","","0.0","0.0","High Noon","Sports Night","high noon","sports night","0.0","0.0"
"RuleBasedMatcher","actors_103","golden_globes_1611","0.0","","1953-01-01","1979-01-01","1953-01-01","1979-01-01","0.0","0.0","['Gary Cooper', 'Johnny Depp']","['Brad Davis', 'John Hurt']","['Gary Cooper', 'Johnny Depp']","['Brad Davis', 'John Hurt']","0.0","0.0","High Noon","Midnight Express","high noon","midnight express","0.0","0.0"
"RuleBasedMatcher","actors_103","golden_globes_1952","0.0","","1953-01-01","1970-01-01","1953-01-01","1970-01-01","0.0","0.0","['Gary Cooper', 'Johnny Depp']","['Dustin Hoffman', 'Jon Voight', 'Brenda Vaccaro']","['Gary Cooper', 'Johnny Depp']","['Dustin Hoffman', 'Jon Voight', 'Brenda Vaccaro']","0.0","0.0","High Noon","Midnight Cowboy","high noon","midnight cowboy","0.0","0.0"
"RuleBasedMatcher","actors_103","golden_globes_2167","0.0","","1953-01-01","1959-01-01","1953-01-01","1959-01-01","0.0","0.0","['Gary Cooper', 'Johnny Depp']","['Jean Simmons', 'Efrem Zimbalist Jr.']","['Gary Cooper', 'Johnny Depp']","['Jean Simmons', 'Efrem Zimbalist Jr.']","0.0","0.0","High Noon","Home Before Dark","high noon","home before dark","0.0","0.0"
"RuleBasedMatcher","actors_103","golden_globes_2253","0.0","","1953-01-01","1951-01-01","1953-01-01","1951-01-01","0.0","0.0","['Gary Cooper', 'Johnny Depp']","['Gloria Swanson', 'Erich von Stroheim']","['Gary Cooper', 'Johnny Depp']","['Gloria Swanson', 'Erich von Stroheim']","0.0","0.0","High Noon","Sunset Boulevard","high noon","sunset boulevard","0.0","0.0"
"RuleBasedMatcher","actors_103","golden_globes_1403","0.0","","1953-01-01","1984-01-01","1953-01-01","1984-01-01","0.0","0.0","['Gary Cooper', 'Johnny Depp']","Gene Hackman","['Gary Cooper', 'Johnny Depp']","Gene Hackman","0.0","0.0","High Noon","Under Fire","high noon","under fire","0.0","0.0"
"RuleBasedMatcher","actors_103","golden_globes_1651","0.0","","1953-01-01","1978-01-01","1953-01-01","1978-01-01","0.0","0.0","['Gary Cooper', 'Johnny Depp']","Marcello Mastroianni","['Gary Cooper', 'Johnny Depp']","Marcello Mastroianni","0.0","0.0","High Noon","Special Day, a","high noon","special day, a","0.0","0.0"
"RuleBasedMatcher","actors_103","golden_globes_1060","0.0","","1953-01-01","1991-01-01","1953-01-01","1991-01-01","0.0","0.0","['Gary Cooper', 'Johnny Depp']","Burt Reynolds","['Gary Cooper', 'Johnny Depp']","Burt Reynolds","0.0","0.0","High Noon","Evening Shade","high noon","evening shade","0.0","0.0"
"RuleBasedMatcher","actors_103","golden_globes_1006","0.0","","1953-01-01","1992-01-01","1953-01-01","1992-01-01","0.0","0.0","['Gary Cooper', 'Johnny Depp']","['Burt Reynolds', 'Michael Jeter']","['Gary Cooper', 'Johnny Depp']","['Burt Reynolds', 'Michael Jeter']","0.0","0.0","High Noon","Evening Shade","high noon","evening shade","0.0","0.0"
"RuleBasedMatcher","actors_103","golden_globes_954","0.0","","1953-01-01","1993-01-01","1953-01-01","1993-01-01","0.0","0.0","['Gary Cooper', 'Johnny Depp']","Burt Reynolds","['Gary Cooper', 'Johnny Depp']","Burt Reynolds","0.0","0.0","High Noon","Evening Shade","high noon","evening shade","0.0","0.0"
"RuleBasedMatcher","actors_103","golden_globes_2126","0.0","","1953-01-01","1961-01-01","1953-01-01","1961-01-01","0.0","0.0","['Gary Cooper', 'Johnny Depp']","Greer Garson","['Gary Cooper', 'Johnny Depp']","Greer Garson","0.0","0.0","High Noon","Sunrise at Campobello","high noon","sunrise at campobello","0.0","0.0"
"RuleBasedMatcher","actors_104","golden_globes_238","0.0","","1954-01-01","2007-01-01","1954-01-01","2007-01-01","0.0","0.0","William Holden","Kiefer Sutherland","william holden","kiefer sutherland","0.0","0.0","Stalag 17","24","stalag 17","24","0.0","0.0"
"RuleBasedMatcher","actors_104","golden_globes_488","0.0","","1954-01-01","2002-01-01","1954-01-01","2002-01-01","0.0","0.0","William Holden","Kiefer Sutherland","william holden","kiefer sutherland","0.0","0.0","Stalag 17","24","stalag 17","24","0.0","0.0"
"RuleBasedMatcher","actors_104","golden_globes_296","0.0","","1954-01-01","2006-01-01","1954-01-01","2006-01-01","0.0","0.0","William Holden","Kiefer Sutherland","william holden","kiefer sutherland","0.0","0.0","Stalag 17","24","stalag 17","24","0.0","0.0"
"RuleBasedMatcher","actors_104","golden_globes_146","0.0","","1954-01-01","2009-01-01","1954-01-01","2009-01-01","0.0","0.0","William Holden","Kiefer Sutherland","william holden","kiefer sutherland","0.0","0.0","Stalag 17","24","stalag 17","24","0.0","0.0"
"RuleBasedMatcher","actors_104","golden_globes_396","0.0","","1954-01-01","2004-01-01","1954-01-01","2004-01-01","0.0","0.0","William Holden","Kiefer Sutherland","william holden","kiefer sutherland","0.0","0.0","Stalag 17","24","stalag 17","24","0.0","0.0"
"RuleBasedMatcher","actors_104","golden_globes_438","0.0","","1954-01-01","2003-01-01","1954-01-01","2003-01-01","0.0","0.0","William Holden","['Kiefer Sutherland', 'Dennis Haysbert']","William Holden","['Kiefer Sutherland', 'Dennis Haysbert']","0.0","0.0","Stalag 17","24","stalag 17","24","0.0","0.0"
"RuleBasedMatcher","actors_104","golden_globes_1175","0.0","","1954-01-01","1989-01-01","1954-01-01","1989-01-01","0.0","0.0","William Holden","Jack Harry","william holden","jack harry","0.0","0.0","Stalag 17","227","stalag 17","227","0.0","0.0"
"RuleBasedMatcher","actors_104","golden_globes_368","0.0","","1954-01-01","2004-01-01","1954-01-01","2004-01-01","0.0","0.0","William Holden","['Evan Rachel Wood', 'Holly Hunter']","William Holden","['Evan Rachel Wood', 'Holly Hunter']","0.0","0.0","Stalag 17","Thirteen","stalag 17","thirteen","0.0","0.0"
"RuleBasedMatcher","actors_104","golden_globes_607","0.0","","1954-01-01","2000-01-01","1954-01-01","2000-01-01","0.0","0.0","William Holden","['Liev Schreiber', 'Melanie Griffith']","William Holden","['Liev Schreiber', 'Melanie Griffith']","0.0","0.0","Stalag 17","Rko 281","stalag 17","rko 281","0.0","0.0"
"RuleBasedMatcher","actors_104","golden_globes_1650","0.0","","1954-01-01","1978-01-01","1954-01-01","1978-01-01","0.0","0.0","William Holden","['Richard Burton', 'Peter Firth']","William Holden","['Richard Burton', 'Peter Firth']","0.0","0.0","Stalag 17","Equus","stalag 17","equus","0.0","0.0"
"RuleBasedMatcher","actors_104","golden_globes_1323","0.0","","1954-01-01","1986-01-01","1954-01-01","1986-01-01","0.0","0.0","William Holden","Ed Begley Jr.","william holden","ed begley jr.","0.0","0.0","Stalag 17","St. Elsewhere","stalag 17","st. elsewhere","0.0","0.0"
"RuleBasedMatcher","actors_104","golden_globes_1573","0.0","","1954-01-01","1980-01-01","1954-01-01","1980-01-01","0.0","0.0","William Holden","['Julie Andrews', 'Dudley Moore']","William Holden","['Julie Andrews', 'Dudley Moore']","0.0","0.0","Stalag 17","10","stalag 17","10","0.0","0.0"
"RuleBasedMatcher","actors_104","golden_globes_1500","0.0","","1954-01-01","1982-01-01","1954-01-01","1982-01-01","0.0","0.0","William Holden","Morgan Fairchild","william holden","morgan fairchild","0.0","0.0","Stalag 17","Flamingo Road","stalag 17","flamingo road","0.0","0.0"
"RuleBasedMatcher","actors_104","golden_globes_60","0.0","","1954-01-01","2010-01-01","1954-01-01","2010-01-01","0.0","0.0","William Holden","['Marion Cotillard', 'Daniel Day-Lewis', 'Pen�lope Cruz']","William Holden","['Marion Cotillard', 'Daniel Day-Lewis', 'Pen�lope Cruz']","0.0","0.0","Stalag 17","Nine","stalag 17","nine","0.0","0.0"
"RuleBasedMatcher","actors_104","golden_globes_956","0.0","","1954-01-01","1993-01-01","1954-01-01","1993-01-01","0.0","0.0","William Holden","Drew Barrymore","william holden","drew barrymore","0.0","0.0","Stalag 17","Guncrazy","stalag 17","guncrazy","0.0","0.0"
"RuleBasedMatcher","actors_104","golden_globes_1969","0.0","","1954-01-01","1969-01-01","1954-01-01","1969-01-01","0.0","0.0","William Holden","Tony Curtis","william holden","tony curtis","0.0","0.0","Stalag 17","Boston Strangler, The","stalag 17","boston strangler, the","0.0","0.0"
"RuleBasedMatcher","actors_104","golden_globes_1628","0.0","","1954-01-01","1979-01-01","1954-01-01","1979-01-01","0.0","0.0","William Holden","Lee Remick","william holden","lee remick","0.0","0.0","Stalag 17","Wheels","stalag 17","wheels","0.0","0.0"
"RuleBasedMatcher","actors_104","golden_globes_754","0.0","","1954-01-01","1997-01-01","1954-01-01","1997-01-01","0.0","0.0","William Holden","['Armand Assante', 'Anthony Quinn']","William Holden","['Armand Assante', 'Anthony Quinn']","0.0","0.0","Stalag 17","Gotti","stalag 17","gotti","0.0","0.0"
"RuleBasedMatcher","actors_104","golden_globes_2125","0.0","","1954-01-01","1961-01-01","1954-01-01","1961-01-01","0.0","0.0","William Holden","Doris Day","william holden","doris day","0.0","0.0","Stalag 17","Midnight Lace","stalag 17","midnight lace","0.0","0.0"
"RuleBasedMatcher","actors_104","golden_globes_373","0.0","","1954-01-01","2004-01-01","1954-01-01","2004-01-01","0.0","0.0","William Holden","Jamie Lee Curtis","william holden","jamie lee curtis","0.0","0.0","Stalag 17","Freaky Friday","stalag 17","freaky friday","0.0","0.0"
"RuleBasedMatcher","actors_105","golden_globes_2217","0.9999999999999999","","1955-01-01","1955-01-01","1955-01-01","1955-01-01","1.0","1.0","Marlon Brando","Marlon Brando","marlon brando","marlon brando","1.0","1.0","On The Waterfront","On The Waterfront","on the waterfront","on the waterfront","1.0","1.0"
"RuleBasedMatcher","actors_105","golden_globes_2160","0.16666666666666666","","1955-01-01","1960-01-01","1955-01-01","1960-01-01","0.0","0.0","Marlon Brando","Fred Astaire","marlon brando","fred astaire","0.0","0.0","On The Waterfront","On The Beach","on the waterfront","on the beach","0.5","0.5"
"RuleBasedMatcher","actors_105","golden_globes_553","0.16666666666666666","","1955-01-01","2001-01-01","1955-01-01","2001-01-01","0.0","0.0","Marlon Brando","Rachel Ward","marlon brando","rachel ward","0.0","0.0","On The Waterfront","On The Beach","on the waterfront","on the beach","0.5","0.5"
"RuleBasedMatcher","actors_105","golden_globes_1482","0.06666666666666667","","1955-01-01","1982-01-01","1955-01-01","1982-01-01","0.0","0.0","Marlon Brando","['Katharine Hepburn', 'Henry Fonda', 'Jane Fonda']","Marlon Brando","['Katharine Hepburn', 'Henry Fonda', 'Jane Fonda']","0.0","0.0","On The Waterfront","On Golden Pond","on the waterfront","on golden pond","0.2","0.2"
"RuleBasedMatcher","actors_105","golden_globes_1329","0.08333333333333333","","1955-01-01","1985-01-01","1955-01-01","1985-01-01","0.0","0.0","Marlon Brando","Sissy Spacek","marlon brando","sissy spacek","0.0","0.0","On The Waterfront","River, The","on the waterfront","river, the","0.25","0.25"
"RuleBasedMatcher","actors_105","golden_globes_2247","0.16666666666666666","","1955-01-01","1952-01-01","1955-01-01","1952-01-01","0.0","0.0","Marlon Brando","Danny Kaye","marlon brando","danny kaye","0.0","0.0","On The Waterfront","On The Riviera","on the waterfront","on the riviera","0.5","0.5"
"RuleBasedMatcher","actors_105","golden_globes_1238","0.06666666666666667","","1955-01-01","1987-01-01","1955-01-01","1987-01-01","0.0","0.0","Marlon Brando","Harrison Ford","marlon brando","harrison ford","0.0","0.0","On The Waterfront","Mosquito Coast, The","on the waterfront","mosquito coast, the","0.2","0.2"
"RuleBasedMatcher","actors_105","golden_globes_2253","0.0","","1955-01-01","1951-01-01","1955-01-01","1951-01-01","0.0","0.0","Marlon Brando","['Gloria Swanson', 'Erich von Stroheim']","Marlon Brando","['Gloria Swanson', 'Erich von Stroheim']","0.0","0.0","On The Waterfront","Sunset Boulevard","on the waterfront","sunset boulevard","0.0","0.0"
"RuleBasedMatcher","actors_105","golden_globes_1098","0.0","","1955-01-01","1990-01-01","1955-01-01","1990-01-01","0.0","0.0","Marlon Brando","Dana Delaney","marlon brando","dana delaney","0.0","0.0","On The Waterfront","China Beach","on the waterfront","china beach","0.0","0.0"
"RuleBasedMatcher","actors_105","golden_globes_1044","0.0","","1955-01-01","1991-01-01","1955-01-01","1991-01-01","0.0","0.0","Marlon Brando","['Dana Delaney', 'Marg Helgenberger']","Marlon Brando","['Dana Delaney', 'Marg Helgenberger']","0.0","0.0","On The Waterfront","China Beach","on the waterfront","china beach","0.0","0.0"
"RuleBasedMatcher","actors_105","golden_globes_2138","0.06666666666666667","","1955-01-01","1961-01-01","1955-01-01","1961-01-01","0.0","0.0","Marlon Brando","Ina Balin","marlon brando","ina balin","0.0","0.0","On The Waterfront","From The Terrace","on the waterfront","from the terrace","0.2","0.2"
"RuleBasedMatcher","actors_105","golden_globes_318","0.06666666666666667","","1955-01-01","2005-01-01","1955-01-01","2005-01-01","0.0","0.0","Marlon Brando","Javier Bardem","marlon brando","javier bardem","0.0","0.0","On The Waterfront","Sea Inside, The","on the waterfront","sea inside, the","0.2","0.2"
"RuleBasedMatcher","actors_105","golden_globes_330","0.06666666666666667","","1955-01-01","2005-01-01","1955-01-01","2005-01-01","0.0","0.0","Marlon Brando","Kevin Spacey","marlon brando","kevin spacey","0.0","0.0","On The Waterfront","Beyond The Sea","on the waterfront","beyond the sea","0.2","0.2"
"RuleBasedMatcher","actors_105","golden_globes_2176","0.0","","1955-01-01","1959-01-01","1955-01-01","1959-01-01","0.0","0.0","Marlon Brando","Harry Guardino","marlon brando","harry guardino","0.0","0.0","On The Waterfront","Houseboat","on the waterfront","houseboat","0.0","0.0"
"RuleBasedMatcher","actors_105","golden_globes_770","0.047619047619047616","","1955-01-01","1996-01-01","1955-01-01","1996-01-01","0.0","0.0","Marlon Brando","Vanessa Redgrave","marlon brando","vanessa redgrave","0.0","0.0","On The Waterfront","Month By The Lake, a","on the waterfront","month by the lake, a","0.14285714285714285","0.14285714285714285"
"RuleBasedMatcher","actors_105","golden_globes_1796","0.047619047619047616","","1955-01-01","1975-01-01","1955-01-01","1975-01-01","0.0","0.0","Marlon Brando","Michael Douglas","marlon brando","michael douglas","0.0","0.0","On The Waterfront","Streets Of San Francisco, The","on the waterfront","streets of san francisco, the","0.14285714285714285","0.14285714285714285"
"RuleBasedMatcher","actors_105","golden_globes_1757","0.047619047619047616","","1955-01-01","1976-01-01","1955-01-01","1976-01-01","0.0","0.0","Marlon Brando","Karl Malden","marlon brando","karl malden","0.0","0.0","On The Waterfront","Streets Of San Francisco, The","on the waterfront","streets of san francisco, the","0.14285714285714285","0.14285714285714285"
"RuleBasedMatcher","actors_105","golden_globes_859","0.06666666666666667","","1955-01-01","1995-01-01","1955-01-01","1995-01-01","0.0","0.0","Marlon Brando","Samuel L. Jackson","marlon brando","samuel l. jackson","0.0","0.0","On The Waterfront","Against The Wall","on the waterfront","against the wall","0.2","0.2"
"RuleBasedMatcher","actors_105","golden_globes_372","0.0","","1955-01-01","2004-01-01","1955-01-01","2004-01-01","0.0","0.0","Marlon Brando","['Sean Penn', 'Tim Robbins']","Marlon Brando","['Sean Penn', 'Tim Robbins']","0.0","0.0","On The Waterfront","Mystic River","on the waterfront","mystic river","0.0","0.0"
"RuleBasedMatcher","actors_105","golden_globes_2241","0.047619047619047616","","1955-01-01","1952-01-01","1955-01-01","1952-01-01","0.0","0.0","Marlon Brando","Shelley Winters","marlon brando","shelley winters","0.0","0.0","On The Waterfront","Place In The Sun, a","on the waterfront","place in the sun, a","0.14285714285714285","0.14285714285714285"
"RuleBasedMatcher","actors_106","golden_globes_2212","0.9999999999999999","","1956-01-01","1956-01-01","1956-01-01","1956-01-01","1.0","1.0","Ernest Borgnine","Ernest Borgnine","ernest borgnine","ernest borgnine","1.0","1.0","Marty","Marty","marty","marty","1.0","1.0"
"RuleBasedMatcher","actors_106","golden_globes_1523","0.0","","1956-01-01","1982-01-01","1956-01-01","1982-01-01","0.0","0.0","Ernest Borgnine","Mickey Rooney","ernest borgnine","mickey rooney","0.0","0.0","Marty","Bill","marty","bill","0.0","0.0"
"RuleBasedMatcher","actors_106","golden_globes_880","0.0","","1956-01-01","1994-01-01","1956-01-01","1994-01-01","0.0","0.0","Ernest Borgnine","Kevin Kline","ernest borgnine","kevin kline","0.0","0.0","Marty","Dave","marty","dave","0.0","0.0"
"RuleBasedMatcher","actors_106","golden_globes_1774","0.0","","1956-01-01","1975-01-01","1956-01-01","1975-01-01","0.0","0.0","Ernest Borgnine","['Valerie Perrine', 'Dustin Hoffman']","Ernest Borgnine","['Valerie Perrine', 'Dustin Hoffman']","0.0","0.0","Marty","Lenny","marty","lenny","0.0","0.0"
"RuleBasedMatcher","actors_106","golden_globes_708","0.0","","1956-01-01","1998-01-01","1956-01-01","1998-01-01","0.0","0.0","Ernest Borgnine","['Gary Sinise', 'Angelina Jolie', 'Mare Winningham']","Ernest Borgnine","['Gary Sinise', 'Angelina Jolie', 'Mare Winningham']","0.0","0.0","Marty","George Wallace","marty","george wallace","0.0","0.0"
"RuleBasedMatcher","actors_106","golden_globes_643","0.0","","1956-01-01","1999-01-01","1956-01-01","1999-01-01","0.0","0.0","Ernest Borgnine","Christina Applegate","ernest borgnine","christina applegate","0.0","0.0","Marty","Jesse","marty","jesse","0.0","0.0"
"RuleBasedMatcher","actors_106","golden_globes_673","0.0","","1956-01-01","1998-01-01","1956-01-01","1998-01-01","0.0","0.0","Ernest Borgnine","Jennifer Lopez","ernest borgnine","jennifer lopez","0.0","0.0","Marty","Selena","marty","selena","0.0","0.0"
"RuleBasedMatcher","actors_106","golden_globes_2256","0.0","","1956-01-01","1951-01-01","1956-01-01","1951-01-01","0.0","0.0","Ernest Borgnine","['James Stewart', 'Josephine Hull']","Ernest Borgnine","['James Stewart', 'Josephine Hull']","0.0","0.0","Marty","Harvey","marty","harvey","0.0","0.0"
"RuleBasedMatcher","actors_106","golden_globes_1511","0.0","","1956-01-01","1982-01-01","1956-01-01","1982-01-01","0.0","0.0","Ernest Borgnine","James Garner","ernest borgnine","james garner","0.0","0.0","Marty","Brett Maverick","marty","brett maverick","0.0","0.0"
"RuleBasedMatcher","actors_106","golden_globes_1740","0.0","","1956-01-01","1976-01-01","1956-01-01","1976-01-01","0.0","0.0","Ernest Borgnine","Ann-Margret","ernest borgnine","ann-margret","0.0","0.0","Marty","Tommy","marty","tommy","0.0","0.0"
"RuleBasedMatcher","actors_106","golden_globes_349","0.0","","1956-01-01","2005-01-01","1956-01-01","2005-01-01","0.0","0.0","Ernest Borgnine","Matt LeBlanc","ernest borgnine","matt leblanc","0.0","0.0","Marty","Joey","marty","joey","0.0","0.0"
"RuleBasedMatcher","actors_106","golden_globes_780","0.0","","1956-01-01","1996-01-01","1956-01-01","1996-01-01","0.0","0.0","Ernest Borgnine","Tim Roth","ernest borgnine","tim roth","0.0","0.0","Marty","Rob Roy","marty","rob roy","0.0","0.0"
"RuleBasedMatcher","actors_106","golden_globes_1214","0.0","","1956-01-01","1988-01-01","1956-01-01","1988-01-01","0.0","0.0","Ernest Borgnine","John Ritter","ernest borgnine","john ritter","0.0","0.0","Marty","Hooperman","marty","hooperman","0.0","0.0"
"RuleBasedMatcher","actors_106","golden_globes_1497","0.0","","1956-01-01","1982-01-01","1956-01-01","1982-01-01","0.0","0.0","Ernest Borgnine","Orson Welles","ernest borgnine","orson welles","0.0","0.0","Marty","Butterfly","marty","butterfly","0.0","0.0"
"RuleBasedMatcher","actors_106","golden_globes_724","0.0","","1956-01-01","1997-01-01","1956-01-01","1997-01-01","0.0","0.0","Ernest Borgnine","['Tom Cruise', 'Cuba Gooding Jr.']","Ernest Borgnine","['Tom Cruise', 'Cuba Gooding Jr.']","0.0","0.0","Marty","Jerry Maguire","marty","jerry maguire","0.0","0.0"
"RuleBasedMatcher","actors_106","golden_globes_546","0.0","","1956-01-01","2001-01-01","1956-01-01","2001-01-01","0.0","0.0","Ernest Borgnine","Ted Danson","ernest borgnine","ted danson","0.0","0.0","Marty","Becker","marty","becker","0.0","0.0"
"RuleBasedMatcher","actors_106","golden_globes_570","0.0","","1956-01-01","2000-01-01","1956-01-01","2000-01-01","0.0","0.0","Ernest Borgnine","Denzel Washington","ernest borgnine","denzel washington","0.0","0.0","Marty","Hurricane, The","marty","hurricane, the","0.0","0.0"
"RuleBasedMatcher","actors_106","golden_globes_1170","0.0","","1956-01-01","1989-01-01","1956-01-01","1989-01-01","0.0","0.0","Ernest Borgnine","['Michael Caine', 'Armand Assante']","Ernest Borgnine","['Michael Caine', 'Armand Assante']","0.0","0.0","Marty","Jack The Ripper","marty","jack the ripper","0.0","0.0"
"RuleBasedMatcher","actors_106","golden_globes_2134","0.0","","1956-01-01","1961-01-01","1956-01-01","1961-01-01","0.0","0.0","Ernest Borgnine","Cantinflas","ernest borgnine","cantinflas","0.0","0.0","Marty","Pepe","marty","pepe","0.0","0.0"
"RuleBasedMatcher","actors_106","golden_globes_1173","0.0","","1956-01-01","1989-01-01","1956-01-01","1989-01-01","0.0","0.0","Ernest Borgnine","Stacy Keach","ernest borgnine","stacy keach","0.0","0.0","Marty","Hemingway","marty","hemingway","0.0","0.0"
"RuleBasedMatcher","actors_107","golden_globes_2205","0.72","1","1957-01-01","1957-01-01","1957-01-01","1957-01-01","1.0","1.0","Yul Brynner","Yul Brynner","yul brynner","yul brynner","1.0","1.0","The King and I","King and I, The","the king and i","king and i, the","0.6","0.6"
"RuleBasedMatcher","actors_107","golden_globes_2264","0.047619047619047616","","1957-01-01","1950-01-01","1957-01-01","1950-01-01","0.0","0.0","Yul Brynner","Mercedes McCambridge","yul brynner","mercedes mccambridge","0.0","0.0","The King and I","All The King's Men","the king and i","all the king's men","0.14285714285714285","0.14285714285714285"
"RuleBasedMatcher","actors_107","golden_globes_1711","0.09523809523809523","","1957-01-01","1977-01-01","1957-01-01","1977-01-01","0.0","0.0","Yul Brynner","['Richard Jordan', 'Charles Durning']","Yul Brynner","['Richard Jordan', 'Charles Durning']","0.0","0.0","The King and I","Captains and The Kings, The","the king and i","captains and the kings, the","0.2857142857142857","0.2857142857142857"
"RuleBasedMatcher","actors_107","golden_globes_7","0.05555555555555555","","1957-01-01","2011-01-01","1957-01-01","2011-01-01","0.0","0.0","Yul Brynner","['Colin Firth', 'Helena Bonham Carter', 'Geoffrey Rush']","Yul Brynner","['Colin Firth', 'Helena Bonham Carter', 'Geoffrey Rush']","0.0","0.0","The King and I","King's Speech, The","the king and i","king's speech, the","0.16666666666666666","0.16666666666666666"
"RuleBasedMatcher","actors_107","golden_globes_209","0.06666666666666667","","1957-01-01","2007-01-01","1957-01-01","2007-01-01","0.0","0.0","Yul Brynner","Helen Mirren","yul brynner","helen mirren","0.0","0.0","The King and I","Queen, The","the king and i","queen, the","0.2","0.2"
"RuleBasedMatcher","actors_107","golden_globes_250","0.06666666666666667","","1957-01-01","2007-01-01","1957-01-01","2007-01-01","0.0","0.0","Yul Brynner","['Helen Mirren', 'Jeremy Irons']","Yul Brynner","['Helen Mirren', 'Jeremy Irons']","0.0","0.0","The King and I","Elizabeth I","the king and i","elizabeth i","0.2","0.2"
"RuleBasedMatcher","actors_107","golden_globes_983","0.05555555555555555","","1957-01-01","1992-01-01","1957-01-01","1992-01-01","0.0","0.0","Yul Brynner","['Jeff Bridges', 'Robin Williams', 'Mercedes Ruehl']","Yul Brynner","['Jeff Bridges', 'Robin Williams', 'Mercedes Ruehl']","0.0","0.0","The King and I","Fisher King, The","the king and i","fisher king, the","0.16666666666666666","0.16666666666666666"
"RuleBasedMatcher","actors_107","golden_globes_2107","0.06666666666666667","","1957-01-01","1963-01-01","1957-01-01","1963-01-01","0.0","0.0","Yul Brynner","","yul brynner","","0.0","0.0","The King and I","Brothers, The","the king and i","brothers, the","0.2","0.2"
"RuleBasedMatcher","actors_107","golden_globes_387","0.025641025641025644","","1957-01-01","2004-01-01","1957-01-01","2004-01-01","0.0","0.0","Yul Brynner","","yul brynner","","0.0","0.0","The King and I","Lord Of The Rings: The Return Of The King, The","the king and i","lord of the rings: the return of the king, the","0.07692307692307693","0.07692307692307693"
"RuleBasedMatcher","actors_107","golden_globes_707","0.0","","1957-01-01","1998-01-01","1957-01-01","1998-01-01","0.0","0.0","Yul Brynner","Ving Rhames","yul brynner","ving rhames","0.0","0.0","The King and I","Don King: Only In America","the king and i","don king: only in america","0.0","0.0"
"RuleBasedMatcher","actors_107","golden_globes_1355","0.1111111111111111","","1957-01-01","1985-01-01","1957-01-01","1985-01-01","0.0","0.0","Yul Brynner","Kate Jackson","yul brynner","kate jackson","0.0","0.0","The King and I","Scarecrow and Mrs. King","the king and i","scarecrow and mrs. king","0.3333333333333333","0.3333333333333333"
"RuleBasedMatcher","actors_107","golden_globes_2173","0.1111111111111111","","1957-01-01","1959-01-01","1957-01-01","1959-01-01","0.0","0.0","Yul Brynner","Danny Kaye","yul brynner","danny kaye","0.0","0.0","The King and I","Me and The Colonel","the king and i","me and the colonel","0.3333333333333333","0.3333333333333333"
"RuleBasedMatcher","actors_107","golden_globes_611","0.0","","1957-01-01","1999-01-01","1957-01-01","1999-01-01","0.0","0.0","Yul Brynner","Cate Blanchett","yul brynner","cate blanchett","0.0","0.0","The King and I","Elizabeth","the king and i","elizabeth","0.0","0.0"
"RuleBasedMatcher","actors_107","golden_globes_285","0.06666666666666667","","1957-01-01","2006-01-01","1957-01-01","2006-01-01","0.0","0.0","Yul Brynner","","yul brynner","","0.0","0.0","The King and I","King Kong","the king and i","king kong","0.2","0.2"
"RuleBasedMatcher","actors_107","golden_globes_215","0.09523809523809523","","1957-01-01","2007-01-01","1957-01-01","2007-01-01","0.0","0.0","Yul Brynner","Forest Whitaker","yul brynner","forest whitaker","0.0","0.0","The King and I","Last King Of Scotland, The","the king and i","last king of scotland, the","0.2857142857142857","0.2857142857142857"
"RuleBasedMatcher","actors_107","golden_globes_58","0.0","","1957-01-01","2010-01-01","1957-01-01","2010-01-01","0.0","0.0","Yul Brynner","Tobey  Maguire","yul brynner","tobey  maguire","0.0","0.0","The King and I","Brothers","the king and i","brothers","0.0","0.0"
"RuleBasedMatcher","actors_107","golden_globes_355","0.05555555555555555","","1957-01-01","2005-01-01","1957-01-01","2005-01-01","0.0","0.0","Yul Brynner","Miranda Richardson","yul brynner","miranda richardson","0.0","0.0","The King and I","Lost Prince, The","the king and i","lost prince, the","0.16666666666666666","0.16666666666666666"
"RuleBasedMatcher","actors_107","golden_globes_1488","0.047619047619047616","","1957-01-01","1982-01-01","1957-01-01","1982-01-01","0.0","0.0","Yul Brynner","Treat Williams","yul brynner","treat williams","0.0","0.0","The King and I","Prince Of The City","the king and i","prince of the city","0.14285714285714285","0.14285714285714285"
"RuleBasedMatcher","actors_107","golden_globes_1451","0.0","","1957-01-01","1983-01-01","1957-01-01","1983-01-01","0.0","0.0","Yul Brynner","['Joan Collins', 'Linda Evans', 'John Forsythe']","Yul Brynner","['Joan Collins', 'Linda Evans', 'John Forsythe']","0.0","0.0","The King and I","Dynasty","the king and i","dynasty","0.0","0.0"
"RuleBasedMatcher","actors_107","golden_globes_1232","0.0","","1957-01-01","1988-01-01","1957-01-01","1988-01-01","0.0","0.0","Yul Brynner","Gordon Thomson","yul brynner","gordon thomson","0.0","0.0","The King and I","Dynasty","the king and i","dynasty","0.0","0.0"
"RuleBasedMatcher","actors_108","golden_globes_2187","0.75","1","1958-01-01","1958-01-01","1958-01-01","1958-01-01","1.0","1.0","Alec Guinness","['Alec Guinness', 'Sessue Hayakawa']","Alec Guinness","['Alec Guinness', 'Sessue Hayakawa']","0.5","0.5","The Bridge On The River Kwai","Bridge On The River Kwai, The","the bridge on the river kwai","bridge on the river kwai, the","0.7142857142857143","0.7142857142857143"
"RuleBasedMatcher","actors_108","golden_globes_1329","0.047619047619047616","","1958-01-01","1985-01-01","1958-01-01","1985-01-01","0.0","0.0","Alec Guinness","Sissy Spacek","alec guinness","sissy spacek","0.0","0.0","The Bridge On The River Kwai","River, The","the bridge on the river kwai","river, the","0.14285714285714285","0.14285714285714285"
"RuleBasedMatcher","actors_108","golden_globes_1024","0.037037037037037035","","1958-01-01","1991-01-01","1958-01-01","1991-01-01","0.0","0.0","Alec Guinness","Joanne Woodward","alec guinness","joanne woodward","0.0","0.0","The Bridge On The River Kwai","Mr. & Mrs. Bridge","the bridge on the river kwai","mr. & mrs. bridge","0.1111111111111111","0.1111111111111111"
"RuleBasedMatcher","actors_108","golden_globes_939","0.03333333333333333","","1958-01-01","1993-01-01","1958-01-01","1993-01-01","0.0","0.0","Alec Guinness","","alec guinness","","0.0","0.0","The Bridge On The River Kwai","River Runs Through It, a","the bridge on the river kwai","river runs through it, a","0.1","0.1"
"RuleBasedMatcher","actors_108","golden_globes_1482","0.041666666666666664","","1958-01-01","1982-01-01","1958-01-01","1982-01-01","0.0","0.0","Alec Guinness","['Katharine Hepburn', 'Henry Fonda', 'Jane Fonda']","Alec Guinness","['Katharine Hepburn', 'Henry Fonda', 'Jane Fonda']","0.0","0.0","The Bridge On The River Kwai","On Golden Pond","the bridge on the river kwai","on golden pond","0.125","0.125"
"RuleBasedMatcher","actors_108","golden_globes_815","0.09523809523809523","","1958-01-01","1995-01-01","1958-01-01","1995-01-01","0.0","0.0","Alec Guinness","['Meryl Streep', 'Kevin Bacon']","Alec Guinness","['Meryl Streep', 'Kevin Bacon']","0.0","0.0","The Bridge On The River Kwai","River Wild, The","the bridge on the river kwai","river wild, the","0.2857142857142857","0.2857142857142857"
"RuleBasedMatcher","actors_108","golden_globes_372","0.047619047619047616","","1958-01-01","2004-01-01","1958-01-01","2004-01-01","0.0","0.0","Alec Guinness","['Sean Penn', 'Tim Robbins']","Alec Guinness","['Sean Penn', 'Tim Robbins']","0.0","0.0","The Bridge On The River Kwai","Mystic River","the bridge on the river kwai","mystic river","0.14285714285714285","0.14285714285714285"
"RuleBasedMatcher","actors_108","golden_globes_2217","0.09523809523809523","","1958-01-01","1955-01-01","1958-01-01","1955-01-01","0.0","0.0","Alec Guinness","Marlon Brando","alec guinness","marlon brando","0.0","0.0","The Bridge On The River Kwai","On The Waterfront","the bridge on the river kwai","on the waterfront","0.2857142857142857","0.2857142857142857"
"RuleBasedMatcher","actors_108","golden_globes_761","0.03333333333333333","","1958-01-01","1996-01-01","1958-01-01","1996-01-01","0.0","0.0","Alec Guinness","Meryl Streep","alec guinness","meryl streep","0.0","0.0","The Bridge On The River Kwai","Bridges Of Madison County, The","the bridge on the river kwai","bridges of madison county, the","0.1","0.1"
"RuleBasedMatcher","actors_108","golden_globes_1176","0.0","","1958-01-01","1989-01-01","1958-01-01","1989-01-01","0.0","0.0","Alec Guinness","Swoosie Kurtz","alec guinness","swoosie kurtz","0.0","0.0","The Bridge On The River Kwai","Baja Oklahoma","the bridge on the river kwai","baja oklahoma","0.0","0.0"
"RuleBasedMatcher","actors_108","golden_globes_1343","0.0","","1958-01-01","1985-01-01","1958-01-01","1985-01-01","0.0","0.0","Alec Guinness","Peggy Ashcroft","alec guinness","peggy ashcroft","0.0","0.0","The Bridge On The River Kwai","Passage To India, a","the bridge on the river kwai","passage to india, a","0.0","0.0"
"RuleBasedMatcher","actors_108","golden_globes_853","0.0","","1958-01-01","1995-01-01","1958-01-01","1995-01-01","0.0","0.0","Alec Guinness","Irene Bedard","alec guinness","irene bedard","0.0","0.0","The Bridge On The River Kwai","Lakota Woman: Siege at Wounded Knee","the bridge on the river kwai","lakota woman: siege at wounded knee","0.0","0.0"
"RuleBasedMatcher","actors_108","golden_globes_770","0.03333333333333333","","1958-01-01","1996-01-01","1958-01-01","1996-01-01","0.0","0.0","Alec Guinness","Vanessa Redgrave","alec guinness","vanessa redgrave","0.0","0.0","The Bridge On The River Kwai","Month By The Lake, a","the bridge on the river kwai","month by the lake, a","0.1","0.1"
"RuleBasedMatcher","actors_108","golden_globes_1720","0.0","","1958-01-01","1977-01-01","1958-01-01","1977-01-01","0.0","0.0","Alec Guinness","Michael Constantine","alec guinness","michael constantine","0.0","0.0","The Bridge On The River Kwai","Sirota's Court","the bridge on the river kwai","sirota's court","0.0","0.0"
"RuleBasedMatcher","actors_108","golden_globes_538","0.0","","1958-01-01","2001-01-01","1958-01-01","2001-01-01","0.0","0.0","Alec Guinness","Andr� Braugher","alec guinness","andr� braugher","0.0","0.0","The Bridge On The River Kwai","Gideon's Crossing","the bridge on the river kwai","gideon's crossing","0.0","0.0"
"RuleBasedMatcher","actors_108","golden_globes_1486","0.0","","1958-01-01","1982-01-01","1958-01-01","1982-01-01","0.0","0.0","Alec Guinness","Timothy Hutton","alec guinness","timothy hutton","0.0","0.0","The Bridge On The River Kwai","Taps","the bridge on the river kwai","taps","0.0","0.0"
"RuleBasedMatcher","actors_108","golden_globes_1137","0.0","","1958-01-01","1989-01-01","1958-01-01","1989-01-01","0.0","0.0","Alec Guinness","Amy Irving","alec guinness","amy irving","0.0","0.0","The Bridge On The River Kwai","Crossing Delancey","the bridge on the river kwai","crossing delancey","0.0","0.0"
"RuleBasedMatcher","actors_109","golden_globes_2165","0.9333333333333332","","1959-01-01","1959-01-01","1959-01-01","1959-01-01","1.0","1.0","David Niven","['Deborah Kerr', 'David Niven', 'Wendy Hiller']","David Niven","['Deborah Kerr', 'David Niven', 'Wendy Hiller']","0.3333333333333333","0.3333333333333333","Separate Tables","Separate Tables","separate tables","separate tables","1.0","1.0"
"RuleBasedMatcher","actors_109","golden_globes_1015","0.08333333333333333","","1959-01-01","1992-01-01","1959-01-01","1992-01-01","0.0","0.0","David Niven","['Sidney Poitier', 'Richard Kiley']","David Niven","['Sidney Poitier', 'Richard Kiley']","0.0","0.0","Separate Tables","Separate But Equal","separate tables","separate but equal","0.25","0.25"
"RuleBasedMatcher","actors_110","golden_globes_2150","0.95","","1960-01-01","1960-01-01","1960-01-01","1960-01-01","1.0","1.0","Charlton Heston","['Charlton Heston', 'Stephen Boyd']","Charlton Heston","['Charlton Heston', 'Stephen Boyd']","0.5","0.5","Ben-Hur","Ben-Hur","ben-hur","ben-hur","1.0","1.0"
"RuleBasedMatcher","actors_110","golden_globes_2113","0.0","","1960-01-01","1962-01-01","1960-01-01","1962-01-01","0.0","0.0","Charlton Heston","['Paul Newman', 'Jackie Gleason', 'George C. Scott']","Charlton Heston","['Paul Newman', 'Jackie Gleason', 'George C. Scott']","0.0","0.0","Ben-Hur","Hustler, The","ben-hur","hustler, the","0.0","0.0"
"RuleBasedMatcher","actors_110","golden_globes_756","0.0","","1960-01-01","1997-01-01","1960-01-01","1997-01-01","0.0","0.0","Charlton Heston","James Woods","charlton heston","james woods","0.0","0.0","Ben-Hur","Summer Of Ben Tyler, The","ben-hur","summer of ben tyler, the","0.0","0.0"
"RuleBasedMatcher","actors_110","golden_globes_1458","0.0","","1960-01-01","1983-01-01","1960-01-01","1983-01-01","0.0","0.0","Charlton Heston","Eileen Brennan","charlton heston","eileen brennan","0.0","0.0","Ben-Hur","Private Benjamin","ben-hur","private benjamin","0.0","0.0"
"RuleBasedMatcher","actors_110","golden_globes_1538","0.0","","1960-01-01","1981-01-01","1960-01-01","1981-01-01","0.0","0.0","Charlton Heston","Goldie Hawn","charlton heston","goldie hawn","0.0","0.0","Ben-Hur","Private Benjamin","ben-hur","private benjamin","0.0","0.0"
"RuleBasedMatcher","actors_110","golden_globes_1507","0.0","","1960-01-01","1982-01-01","1960-01-01","1982-01-01","0.0","0.0","Charlton Heston","Eileen Brennan","charlton heston","eileen brennan","0.0","0.0","Ben-Hur","Private Benjamin","ben-hur","private benjamin","0.0","0.0"
"RuleBasedMatcher","actors_110","golden_globes_2062","0.0","","1960-01-01","1964-01-01","1960-01-01","1964-01-01","0.0","0.0","Charlton Heston","['Paul Newman', 'Patricia Neal', 'Melvyn Douglas']","Charlton Heston","['Paul Newman', 'Patricia Neal', 'Melvyn Douglas']","0.0","0.0","Ben-Hur","Hud","ben-hur","hud","0.0","0.0"
"RuleBasedMatcher","actors_110","golden_globes_880","0.0","","1960-01-01","1994-01-01","1960-01-01","1994-01-01","0.0","0.0","Charlton Heston","Kevin Kline","charlton heston","kevin kline","0.0","0.0","Ben-Hur","Dave","ben-hur","dave","0.0","0.0"
"RuleBasedMatcher","actors_110","golden_globes_923","0.0","","1960-01-01","1993-01-01","1960-01-01","1993-01-01","0.0","0.0","Charlton Heston","Jack Nicholson","charlton heston","jack nicholson","0.0","0.0","Ben-Hur","Hoffa","ben-hur","hoffa","0.0","0.0"
"RuleBasedMatcher","actors_110","golden_globes_108","0.0","","1960-01-01","2009-01-01","1960-01-01","2009-01-01","0.0","0.0","Charlton Heston","Brad Pitt","charlton heston","brad pitt","0.0","0.0","Ben-Hur","Curious Case Of Benjamin Button, The","ben-hur","curious case of benjamin button, the","0.0","0.0"
"RuleBasedMatcher","actors_110","golden_globes_708","0.0","","1960-01-01","1998-01-01","1960-01-01","1998-01-01","0.0","0.0","Charlton Heston","['Gary Sinise', 'Angelina Jolie', 'Mare Winningham']","Charlton Heston","['Gary Sinise', 'Angelina Jolie', 'Mare Winningham']","0.0","0.0","Ben-Hur","George Wallace","ben-hur","george wallace","0.0","0.0"
"RuleBasedMatcher","actors_110","golden_globes_2162","0.3333333333333333","","1960-01-01","1960-01-01","1960-01-01","1960-01-01","1.0","1.0","Charlton Heston","Robert Vaughn","charlton heston","robert vaughn","0.0","0.0","Ben-Hur","Young Philadelphians, The","ben-hur","young philadelphians, the","0.0","0.0"
"RuleBasedMatcher","actors_110","golden_globes_1066","0.0","","1960-01-01","1991-01-01","1960-01-01","1991-01-01","0.0","0.0","Charlton Heston","Stephanie Zimbalist","charlton heston","stephanie zimbalist","0.0","0.0","Ben-Hur","Caroline","ben-hur","caroline","0.0","0.0"
"RuleBasedMatcher","actors_110","golden_globes_1254","0.0","","1960-01-01","1987-01-01","1960-01-01","1987-01-01","0.0","0.0","Charlton Heston","Dennis Hopper","charlton heston","dennis hopper","0.0","0.0","Ben-Hur","Hoosiers","ben-hur","hoosiers","0.0","0.0"
"RuleBasedMatcher","actors_110","golden_globes_1041","0.0","","1960-01-01","1991-01-01","1960-01-01","1991-01-01","0.0","0.0","Charlton Heston","Bruce Davison","charlton heston","bruce davison","0.0","0.0","Ben-Hur","Longtime Companion","ben-hur","longtime companion","0.0","0.0"
"RuleBasedMatcher","actors_110","golden_globes_852","0.0","","1960-01-01","1995-01-01","1960-01-01","1995-01-01","0.0","0.0","Charlton Heston","Kirstie Alley","charlton heston","kirstie alley","0.0","0.0","Ben-Hur","David's Mother","ben-hur","david's mother","0.0","0.0"
"RuleBasedMatcher","actors_110","golden_globes_1921","0.0","","1960-01-01","1971-01-01","1960-01-01","1971-01-01","0.0","0.0","Charlton Heston","Jack Lemmon","charlton heston","jack lemmon","0.0","0.0","Ben-Hur","Out-Of-Towners, The","ben-hur","out-of-towners, the","0.0","0.0"
"RuleBasedMatcher","actors_110","golden_globes_58","0.0","","1960-01-01","2010-01-01","1960-01-01","2010-01-01","0.0","0.0","Charlton Heston","Tobey  Maguire","charlton heston","tobey  maguire","0.0","0.0","Ben-Hur","Brothers","ben-hur","brothers","0.0","0.0"
"RuleBasedMatcher","actors_110","golden_globes_825","0.0","","1960-01-01","1995-01-01","1960-01-01","1995-01-01","0.0","0.0","Charlton Heston","['Emma Thompson', 'Arnold Schwarzenegger']","Charlton Heston","['Emma Thompson', 'Arnold Schwarzenegger']","0.0","0.0","Ben-Hur","Junior","ben-hur","junior","0.0","0.0"
"RuleBasedMatcher","actors_110","golden_globes_881","0.0","","1960-01-01","1994-01-01","1960-01-01","1994-01-01","0.0","0.0","Charlton Heston","Colm Meaney","charlton heston","colm meaney","0.0","0.0","Ben-Hur","Snapper, The","ben-hur","snapper, the","0.0","0.0"
"RuleBasedMatcher","actors_111","golden_globes_2128","0.9333333333333332","","1961-01-01","1961-01-01","1961-01-01","1961-01-01","1.0","1.0","Burt Lancaster","['Jean Simmons', 'Burt Lancaster', 'Shirley Jones']","Burt Lancaster","['Jean Simmons', 'Burt Lancaster', 'Shirley Jones']","0.3333333333333333","0.3333333333333333","Elmer Gantry","Elmer Gantry","elmer gantry","elmer gantry","1.0","1.0"
"RuleBasedMatcher","actors_111","golden_globes_1331","0.0","","1961-01-01","1985-01-01","1961-01-01","1985-01-01","0.0","0.0","Burt Lancaster","Jeff Bridges","burt lancaster","jeff bridges","0.0","0.0","Elmer Gantry","John Carpenter's Starman","elmer gantry","john carpenter's starman","0.0","0.0"
"RuleBasedMatcher","actors_111","golden_globes_16","0.0","","1961-01-01","2011-01-01","1961-01-01","2011-01-01","0.0","0.0","Burt Lancaster","Kevin Spacey","burt lancaster","kevin spacey","0.0","0.0","Elmer Gantry","Casino Jack","elmer gantry","casino jack","0.0","0.0"
"RuleBasedMatcher","actors_111","golden_globes_1740","0.0","","1961-01-01","1976-01-01","1961-01-01","1976-01-01","0.0","0.0","Burt Lancaster","Ann-Margret","burt lancaster","ann-margret","0.0","0.0","Elmer Gantry","Tommy","elmer gantry","tommy","0.0","0.0"
"RuleBasedMatcher","actors_111","golden_globes_1815","0.0","","1961-01-01","1974-01-01","1961-01-01","1974-01-01","0.0","0.0","Burt Lancaster","Steve McQueen","burt lancaster","steve mcqueen","0.0","0.0","Elmer Gantry","Papillon","elmer gantry","papillon","0.0","0.0"
"RuleBasedMatcher","actors_111","golden_globes_1084","0.0","","1961-01-01","1990-01-01","1961-01-01","1990-01-01","0.0","0.0","Burt Lancaster","Pauline Collins","burt lancaster","pauline collins","0.0","0.0","Elmer Gantry","Shirley Valentine","elmer gantry","shirley valentine","0.0","0.0"
"RuleBasedMatcher","actors_111","golden_globes_654","0.0","","1961-01-01","1999-01-01","1961-01-01","1999-01-01","0.0","0.0","Burt Lancaster","['Miranda Richardson', 'Sam Neill', 'Helena Bonham Carter']","Burt Lancaster","['Miranda Richardson', 'Sam Neill', 'Helena Bonham Carter']","0.0","0.0","Elmer Gantry","Merlin","elmer gantry","merlin","0.0","0.0"
"RuleBasedMatcher","actors_111","golden_globes_1687","0.0","","1961-01-01","1977-01-01","1961-01-01","1977-01-01","0.0","0.0","Burt Lancaster","['Talia Shire', 'Sylvester Stallone']","Burt Lancaster","['Talia Shire', 'Sylvester Stallone']","0.0","0.0","Elmer Gantry","Rocky","elmer gantry","rocky","0.0","0.0"
"RuleBasedMatcher","actors_111","golden_globes_156","0.0","","1961-01-01","2008-01-01","1961-01-01","2008-01-01","0.0","0.0","Burt Lancaster","Denzel Washington","burt lancaster","denzel washington","0.0","0.0","Elmer Gantry","American Gangster","elmer gantry","american gangster","0.0","0.0"
"RuleBasedMatcher","actors_111","golden_globes_1492","0.0","","1961-01-01","1982-01-01","1961-01-01","1982-01-01","0.0","0.0","Burt Lancaster","['Liza Minnelli', 'Dudley Moore', 'John Gielgud']","Burt Lancaster","['Liza Minnelli', 'Dudley Moore', 'John Gielgud']","0.0","0.0","Elmer Gantry","Arthur","elmer gantry","arthur","0.0","0.0"
"RuleBasedMatcher","actors_111","golden_globes_1134","0.0","","1961-01-01","1989-01-01","1961-01-01","1989-01-01","0.0","0.0","Burt Lancaster","['Forest Whitaker', 'Diane Venora']","Burt Lancaster","['Forest Whitaker', 'Diane Venora']","0.0","0.0","Elmer Gantry","Bird","elmer gantry","bird","0.0","0.0"
"RuleBasedMatcher","actors_111","golden_globes_1612","0.0","","1961-01-01","1979-01-01","1961-01-01","1979-01-01","0.0","0.0","Burt Lancaster","['Robert De Niro', 'Meryl Streep', 'Christopher Walken']","Burt Lancaster","['Robert De Niro', 'Meryl Streep', 'Christopher Walken']","0.0","0.0","Elmer Gantry","Deer Hunter, The","elmer gantry","deer hunter, the","0.0","0.0"
"RuleBasedMatcher","actors_111","golden_globes_568","0.0","","1961-01-01","2000-01-01","1961-01-01","2000-01-01","0.0","0.0","Burt Lancaster","['Matt Damon', 'Jude Law']","Burt Lancaster","['Matt Damon', 'Jude Law']","0.0","0.0","Elmer Gantry","Talented Mr. Ripley, The","elmer gantry","talented mr. ripley, the","0.0","0.0"
"RuleBasedMatcher","actors_111","golden_globes_725","0.0","","1961-01-01","1997-01-01","1961-01-01","1997-01-01","0.0","0.0","Burt Lancaster","Nathan Lane","burt lancaster","nathan lane","0.0","0.0","Elmer Gantry","Birdcage, The","elmer gantry","birdcage, the","0.0","0.0"
"RuleBasedMatcher","actors_111","golden_globes_1926","0.0","","1961-01-01","1971-01-01","1961-01-01","1971-01-01","0.0","0.0","Burt Lancaster","Amanda Blake","burt lancaster","amanda blake","0.0","0.0","Elmer Gantry","Gunsmoke","elmer gantry","gunsmoke","0.0","0.0"
"RuleBasedMatcher","actors_111","golden_globes_724","0.0","","1961-01-01","1997-01-01","1961-01-01","1997-01-01","0.0","0.0","Burt Lancaster","['Tom Cruise', 'Cuba Gooding Jr.']","Burt Lancaster","['Tom Cruise', 'Cuba Gooding Jr.']","0.0","0.0","Elmer Gantry","Jerry Maguire","elmer gantry","jerry maguire","0.0","0.0"
"RuleBasedMatcher","actors_111","golden_globes_579","0.0","","1961-01-01","2000-01-01","1961-01-01","2000-01-01","0.0","0.0","Burt Lancaster","['Cameron Diaz', 'Catherine Keener']","Burt Lancaster","['Cameron Diaz', 'Catherine Keener']","0.0","0.0","Elmer Gantry","Being John Malkovich","elmer gantry","being john malkovich","0.0","0.0"
"RuleBasedMatcher","actors_111","golden_globes_661","0.0","","1961-01-01","1998-01-01","1961-01-01","1998-01-01","0.0","0.0","Burt Lancaster","Helena Bonham Carter","burt lancaster","helena bonham carter","0.0","0.0","Elmer Gantry","Wings Of The Dove, The","elmer gantry","wings of the dove, the","0.0","0.0"
"RuleBasedMatcher","actors_111","golden_globes_708","0.0","","1961-01-01","1998-01-01","1961-01-01","1998-01-01","0.0","0.0","Burt Lancaster","['Gary Sinise', 'Angelina Jolie', 'Mare Winningham']","Burt Lancaster","['Gary Sinise', 'Angelina Jolie', 'Mare Winningham']","0.0","0.0","Elmer Gantry","George Wallace","elmer gantry","george wallace","0.0","0.0"
"RuleBasedMatcher","actors_111","golden_globes_811","0.0","","1961-01-01","1995-01-01","1961-01-01","1995-01-01","0.0","0.0","Burt Lancaster","Jodie Foster","burt lancaster","jodie foster","0.0","0.0","Elmer Gantry","Nell","elmer gantry","nell","0.0","0.0"
"RuleBasedMatcher","actors_112","golden_globes_2114","0.611111111111111","1","1962-01-01","1962-01-01","1962-01-01","1962-01-01","1.0","1.0","Maximilian Schell","['Maximilian Schell', 'Judy Garland', 'Montgomery Clift']","Maximilian Schell","['Maximilian Schell', 'Judy Garland', 'Montgomery Clift']","0.3333333333333333","0.3333333333333333","Judgment at Nuremburg","Judgment at Nuremberg","judgment at nuremburg","judgment at nuremberg","0.5","0.5"
"RuleBasedMatcher","actors_112","golden_globes_1437","0.0","","1962-01-01","1983-01-01","1962-01-01","1983-01-01","0.0","0.0","Maximilian Schell","['Paul Newman', 'James Mason']","Maximilian Schell","['Paul Newman', 'James Mason']","0.0","0.0","Judgment at Nuremburg","Verdict, The","judgment at nuremburg","verdict, the","0.0","0.0"
"RuleBasedMatcher","actors_112","golden_globes_555","0.0","","1962-01-01","2001-01-01","1962-01-01","2001-01-01","0.0","0.0","Maximilian Schell","['Alec Baldwin', 'Brian Cox']","Maximilian Schell","['Alec Baldwin', 'Brian Cox']","0.0","0.0","Judgment at Nuremburg","Nuremberg","judgment at nuremburg","nuremberg","0.0","0.0"
"RuleBasedMatcher","actors_112","golden_globes_807","0.0","","1962-01-01","1996-01-01","1962-01-01","1996-01-01","0.0","0.0","Maximilian Schell","['James Woods', 'Shirley Knight', 'Henry Thomas']","Maximilian Schell","['James Woods', 'Shirley Knight', 'Henry Thomas']","0.0","0.0","Judgment at Nuremburg","Indictment: The McMartin Trial","judgment at nuremburg","indictment: the mcmartin trial","0.0","0.0"
"RuleBasedMatcher","actors_112","golden_globes_2207","0.0","","1962-01-01","1957-01-01","1962-01-01","1957-01-01","0.0","0.0","Maximilian Schell","Danny Kaye","maximilian schell","danny kaye","0.0","0.0","Judgment at Nuremburg","Court Jester, The","judgment at nuremburg","court jester, the","0.0","0.0"
"RuleBasedMatcher","actors_112","golden_globes_1481","0.0","","1962-01-01","1982-01-01","1962-01-01","1982-01-01","0.0","0.0","Maximilian Schell","Sally Field","maximilian schell","sally field","0.0","0.0","Judgment at Nuremburg","Absence Of Malice","judgment at nuremburg","absence of malice","0.0","0.0"
"RuleBasedMatcher","actors_112","golden_globes_1270","0.0","","1962-01-01","1987-01-01","1962-01-01","1987-01-01","0.0","0.0","Maximilian Schell","['Farrah Fawcett', 'Geraldine Page', 'Tom Conti']","Maximilian Schell","['Farrah Fawcett', 'Geraldine Page', 'Tom Conti']","0.0","0.0","Judgment at Nuremburg","Nazi Hunter: The Beate Klarsfeld Story","judgment at nuremburg","nazi hunter: the beate klarsfeld story","0.0","0.0"
"RuleBasedMatcher","actors_112","golden_globes_2146","0.0","","1962-01-01","1960-01-01","1962-01-01","1960-01-01","0.0","0.0","Maximilian Schell","['Lee Remick', 'Joseph Welch']","Maximilian Schell","['Lee Remick', 'Joseph Welch']","0.0","0.0","Judgment at Nuremburg","Anatomy Of a Murder","judgment at nuremburg","anatomy of a murder","0.0","0.0"
"RuleBasedMatcher","actors_112","golden_globes_430","0.0","","1962-01-01","2003-01-01","1962-01-01","2003-01-01","0.0","0.0","Maximilian Schell","Paul Newman","maximilian schell","paul newman","0.0","0.0","Judgment at Nuremburg","Road To Perdition","judgment at nuremburg","road to perdition","0.0","0.0"
"RuleBasedMatcher","actors_112","golden_globes_1342","0.0","","1962-01-01","1985-01-01","1962-01-01","1985-01-01","0.0","0.0","Maximilian Schell","Robin Williams","maximilian schell","robin williams","0.0","0.0","Judgment at Nuremburg","Moscow On The Hudson","judgment at nuremburg","moscow on the hudson","0.0","0.0"
"RuleBasedMatcher","actors_112","golden_globes_286","0.0","","1962-01-01","2006-01-01","1962-01-01","2006-01-01","0.0","0.0","Maximilian Schell","","maximilian schell","","0.0","0.0","Judgment at Nuremburg","Munich","judgment at nuremburg","munich","0.0","0.0"
"RuleBasedMatcher","actors_112","golden_globes_2255","0.0","","1962-01-01","1951-01-01","1962-01-01","1951-01-01","0.0","0.0","Maximilian Schell","Jos Ferrer","maximilian schell","jos ferrer","0.0","0.0","Judgment at Nuremburg","Cyrano De Bergerac","judgment at nuremburg","cyrano de bergerac","0.0","0.0"
"RuleBasedMatcher","actors_112","golden_globes_207","0.0","","1962-01-01","2007-01-01","1962-01-01","2007-01-01","0.0","0.0","Maximilian Schell","['Judi Dench', 'Cate Blanchett']","Maximilian Schell","['Judi Dench', 'Cate Blanchett']","0.0","0.0","Judgment at Nuremburg","Notes On a Scandal","judgment at nuremburg","notes on a scandal","0.0","0.0"
"RuleBasedMatcher","actors_112","golden_globes_1125","0.0","","1962-01-01","1989-01-01","1962-01-01","1989-01-01","0.0","0.0","Maximilian Schell","Jodie Foster","maximilian schell","jodie foster","0.0","0.0","Judgment at Nuremburg","Accused, The","judgment at nuremburg","accused, the","0.0","0.0"
"RuleBasedMatcher","actors_112","golden_globes_535","0.0","","1962-01-01","2001-01-01","1962-01-01","2001-01-01","0.0","0.0","Maximilian Schell","Amy Brenneman","maximilian schell","amy brenneman","0.0","0.0","Judgment at Nuremburg","Judging Amy","judgment at nuremburg","judging amy","0.0","0.0"
"RuleBasedMatcher","actors_112","golden_globes_480","0.0","","1962-01-01","2002-01-01","1962-01-01","2002-01-01","0.0","0.0","Maximilian Schell","Amy Brenneman","maximilian schell","amy brenneman","0.0","0.0","Judgment at Nuremburg","Judging Amy","judgment at nuremburg","judging amy","0.0","0.0"
"RuleBasedMatcher","actors_112","golden_globes_587","0.0","","1962-01-01","2000-01-01","1962-01-01","2000-01-01","0.0","0.0","Maximilian Schell","Amy Brenneman","maximilian schell","amy brenneman","0.0","0.0","Judgment at Nuremburg","Judging Amy","judgment at nuremburg","judging amy","0.0","0.0"
"RuleBasedMatcher","actors_112","golden_globes_7","0.0","","1962-01-01","2011-01-01","1962-01-01","2011-01-01","0.0","0.0","Maximilian Schell","['Colin Firth', 'Helena Bonham Carter', 'Geoffrey Rush']","Maximilian Schell","['Colin Firth', 'Helena Bonham Carter', 'Geoffrey Rush']","0.0","0.0","Judgment at Nuremburg","King's Speech, The","judgment at nuremburg","king's speech, the","0.0","0.0"
"RuleBasedMatcher","actors_112","golden_globes_2180","0.0","","1962-01-01","1958-01-01","1962-01-01","1958-01-01","0.0","0.0","Maximilian Schell","['Marlene Dietrich', 'Charles Laughton', 'Elsa Lanchester']","Maximilian Schell","['Marlene Dietrich', 'Charles Laughton', 'Elsa Lanchester']","0.0","0.0","Judgment at Nuremburg","Witness For The Prosecution","judgment at nuremburg","witness for the prosecution","0.0","0.0"
"RuleBasedMatcher","actors_112","golden_globes_1993","0.0","","1962-01-01","1968-01-01","1962-01-01","1968-01-01","0.0","0.0","Maximilian Schell","Ugo Tognazzi","maximilian schell","ugo tognazzi","0.0","0.0","Judgment at Nuremburg","Climax, The","judgment at nuremburg","climax, the","0.0","0.0"
"RuleBasedMatcher","actors_113","golden_globes_2093","0.9999999999999999","","1963-01-01","1963-01-01","1963-01-01","1963-01-01","1.0","1.0","Gregory Peck","Gregory Peck","gregory peck","gregory peck","1.0","1.0","To Kill a Mockingbird","To Kill a Mockingbird","to kill a mockingbird","to kill a mockingbird","1.0","1.0"
"RuleBasedMatcher","actors_113","golden_globes_1733","0.0","","1963-01-01","1976-01-01","1963-01-01","1976-01-01","0.0","0.0","Gregory Peck","['Louise Fletcher', 'Jack Nicholson']","Gregory Peck","['Louise Fletcher', 'Jack Nicholson']","0.0","0.0","To Kill a Mockingbird","One Flew Over The Cuckoo''s Nest","to kill a mockingbird","one flew over the cuckoo''s nest","0.0","0.0"
"RuleBasedMatcher","actors_113","golden_globes_1965","0.0","","1963-01-01","1969-01-01","1963-01-01","1969-01-01","0.0","0.0","Gregory Peck","Beryl Reid","gregory peck","beryl reid","0.0","0.0","To Kill a Mockingbird","Killing Of Sister George, The","to kill a mockingbird","killing of sister george, the","0.0","0.0"
"RuleBasedMatcher","actors_113","golden_globes_661","0.0","","1963-01-01","1998-01-01","1963-01-01","1998-01-01","0.0","0.0","Gregory Peck","Helena Bonham Carter","gregory peck","helena bonham carter","0.0","0.0","To Kill a Mockingbird","Wings Of The Dove, The","to kill a mockingbird","wings of the dove, the","0.0","0.0"
"RuleBasedMatcher","actors_113","golden_globes_195","0.0","","1963-01-01","2008-01-01","1963-01-01","2008-01-01","0.0","0.0","Gregory Peck","Ruth Wilson","gregory peck","ruth wilson","0.0","0.0","To Kill a Mockingbird","Jane Eyre","to kill a mockingbird","jane eyre","0.0","0.0"
"RuleBasedMatcher","actors_113","golden_globes_163","0.0","","1963-01-01","2008-01-01","1963-01-01","2008-01-01","0.0","0.0","Gregory Peck","['Tom Hanks', 'Julia Roberts', 'Philip Seymour Hoffman']","Gregory Peck","['Tom Hanks', 'Julia Roberts', 'Philip Seymour Hoffman']","0.0","0.0","To Kill a Mockingbird","Charlie Wilson's War","to kill a mockingbird","charlie wilson's war","0.0","0.0"
"RuleBasedMatcher","actors_113","golden_globes_1119","0.0","","1963-01-01","1990-01-01","1963-01-01","1990-01-01","0.0","0.0","Gregory Peck","Ben Kinglsey","gregory peck","ben kinglsey","0.0","0.0","To Kill a Mockingbird","Murderers Among Us: The Simon Wiesenthal Story","to kill a mockingbird","murderers among us: the simon wiesenthal story","0.0","0.0"
"RuleBasedMatcher","actors_113","golden_globes_1134","0.0","","1963-01-01","1989-01-01","1963-01-01","1989-01-01","0.0","0.0","Gregory Peck","['Forest Whitaker', 'Diane Venora']","Gregory Peck","['Forest Whitaker', 'Diane Venora']","0.0","0.0","To Kill a Mockingbird","Bird","to kill a mockingbird","bird","0.0","0.0"
"RuleBasedMatcher","actors_113","golden_globes_769","0.05555555555555555","","1963-01-01","1996-01-01","1963-01-01","1996-01-01","0.0","0.0","Gregory Peck","Nicole Kidman","gregory peck","nicole kidman","0.0","0.0","To Kill a Mockingbird","To Die For","to kill a mockingbird","to die for","0.16666666666666666","0.16666666666666666"
"RuleBasedMatcher","actors_113","golden_globes_2053","0.0","","1963-01-01","1964-01-01","1963-01-01","1964-01-01","0.0","0.0","Gregory Peck","['Geraldine Page', 'Wendy Hiller']","Gregory Peck","['Geraldine Page', 'Wendy Hiller']","0.0","0.0","To Kill a Mockingbird","Toys In The Attic","to kill a mockingbird","toys in the attic","0.0","0.0"
"RuleBasedMatcher","actors_113","golden_globes_2036","0.0","","1963-01-01","1965-01-01","1963-01-01","1965-01-01","0.0","0.0","Gregory Peck","Geraldine Page","gregory peck","geraldine page","0.0","0.0","To Kill a Mockingbird","Toys In The Attic","to kill a mockingbird","toys in the attic","0.0","0.0"
"RuleBasedMatcher","actors_113","golden_globes_725","0.0","","1963-01-01","1997-01-01","1963-01-01","1997-01-01","0.0","0.0","Gregory Peck","Nathan Lane","gregory peck","nathan lane","0.0","0.0","To Kill a Mockingbird","Birdcage, The","to kill a mockingbird","birdcage, the","0.0","0.0"
"RuleBasedMatcher","actors_113","golden_globes_1318","0.047619047619047616","","1963-01-01","1986-01-01","1963-01-01","1986-01-01","0.0","0.0","Gregory Peck","['Dustin Hoffman', 'Kate Reid', 'John Malkovich']","Gregory Peck","['Dustin Hoffman', 'Kate Reid', 'John Malkovich']","0.0","0.0","To Kill a Mockingbird","Death Of a Salesman","to kill a mockingbird","death of a salesman","0.14285714285714285","0.14285714285714285"
"RuleBasedMatcher","actors_113","golden_globes_2245","0.047619047619047616","","1963-01-01","1952-01-01","1963-01-01","1952-01-01","0.0","0.0","Gregory Peck","Fredric March","gregory peck","fredric march","0.0","0.0","To Kill a Mockingbird","Death Of a Salesman","to kill a mockingbird","death of a salesman","0.14285714285714285","0.14285714285714285"
"RuleBasedMatcher","actors_113","golden_globes_799","0.0","","1963-01-01","1996-01-01","1963-01-01","1996-01-01","0.0","0.0","Gregory Peck","['Glenn Close', 'Judy Davis']","Gregory Peck","['Glenn Close', 'Judy Davis']","0.0","0.0","To Kill a Mockingbird","Serving In Silence: The Margarethe Cammermeyer Story","to kill a mockingbird","serving in silence: the margarethe cammermeyer story","0.0","0.0"
"RuleBasedMatcher","actors_113","golden_globes_1295","0.0","","1963-01-01","1986-01-01","1963-01-01","1986-01-01","0.0","0.0","Gregory Peck","Joel Grey","gregory peck","joel grey","0.0","0.0","To Kill a Mockingbird","Remo Williams: The Adventure Begins","to kill a mockingbird","remo williams: the adventure begins","0.0","0.0"
"RuleBasedMatcher","actors_113","golden_globes_1918","0.041666666666666664","","1963-01-01","1971-01-01","1963-01-01","1971-01-01","0.0","0.0","Gregory Peck","Richard Benjamin","gregory peck","richard benjamin","0.0","0.0","To Kill a Mockingbird","Diary Of a Mad Housewife","to kill a mockingbird","diary of a mad housewife","0.125","0.125"
"RuleBasedMatcher","actors_113","golden_globes_1171","0.0","","1963-01-01","1989-01-01","1963-01-01","1989-01-01","0.0","0.0","Gregory Peck","Richard Chamberlain","gregory peck","richard chamberlain","0.0","0.0","To Kill a Mockingbird","Bourne Identity, The","to kill a mockingbird","bourne identity, the","0.0","0.0"
"RuleBasedMatcher","actors_113","golden_globes_1174","0.0","","1963-01-01","1989-01-01","1963-01-01","1989-01-01","0.0","0.0","Gregory Peck","Jack Lemmon","gregory peck","jack lemmon","0.0","0.0","To Kill a Mockingbird","Murder Of Mary Phagan, The","to kill a mockingbird","murder of mary phagan, the","0.0","0.0"
"RuleBasedMatcher","actors_113","golden_globes_2083","0.3333333333333333","","1963-01-01","1963-01-01","1963-01-01","1963-01-01","1.0","1.0","Gregory Peck","['Geraldine Page', 'Paul Newman', 'Shirley Knight', 'Ed Begley']","Gregory Peck","['Geraldine Page', 'Paul Newman', 'Shirley Knight', 'Ed Begley']","0.0","0.0","To Kill a Mockingbird","Sweet Bird Of Youth","to kill a mockingbird","sweet bird of youth","0.0","0.0"
"RuleBasedMatcher","actors_114","golden_globes_2064","0.95","","1964-01-01","1964-01-01","1964-01-01","1964-01-01","1.0","1.0","Sidney Poitier","['Sidney Poitier', 'Lilia Skala']","Sidney Poitier","['Sidney Poitier', 'Lilia Skala']","0.5","0.5","Lilies of the Field","Lilies Of The Field","lilies of the field","lilies of the field","1.0","1.0"
"RuleBasedMatcher","actors_114","golden_globes_1026","0.06666666666666667","","1964-01-01","1991-01-01","1964-01-01","1991-01-01","0.0","0.0","Sidney Poitier","Richard Harris","sidney poitier","richard harris","0.0","0.0","Lilies of the Field","Field, The","lilies of the field","field, the","0.2","0.2"
"RuleBasedMatcher","actors_114","golden_globes_917","0.06666666666666667","","1964-01-01","1993-01-01","1964-01-01","1993-01-01","0.0","0.0","Sidney Poitier","Michelle Pfeiffer","sidney poitier","michelle pfeiffer","0.0","0.0","Lilies of the Field","Love Field","lilies of the field","love field","0.2","0.2"
"RuleBasedMatcher","actors_114","golden_globes_1333","0.05555555555555555","","1964-01-01","1985-01-01","1964-01-01","1985-01-01","0.0","0.0","Sidney Poitier","['Sam Waterston', 'Haing S. Ngor']","Sidney Poitier","['Sam Waterston', 'Haing S. Ngor']","0.0","0.0","Lilies of the Field","Killing Fields, The","lilies of the field","killing fields, the","0.16666666666666666","0.16666666666666666"
"RuleBasedMatcher","actors_114","golden_globes_1572","0.05555555555555555","","1964-01-01","1980-01-01","1964-01-01","1980-01-01","0.0","0.0","Sidney Poitier","James Woods","sidney poitier","james woods","0.0","0.0","Lilies of the Field","Onion Field, The","lilies of the field","onion field, the","0.16666666666666666","0.16666666666666666"
"RuleBasedMatcher","actors_114","golden_globes_1782","0.0","","1964-01-01","1975-01-01","1964-01-01","1975-01-01","0.0","0.0","Sidney Poitier","Helen Hayes","sidney poitier","helen hayes","0.0","0.0","Lilies of the Field","Herbie Rides Again","lilies of the field","herbie rides again","0.0","0.0"
"RuleBasedMatcher","actors_114","golden_globes_298","0.0","","1964-01-01","2006-01-01","1964-01-01","2006-01-01","0.0","0.0","Sidney Poitier","['Mary-Louise Parker', 'Elizabeth Perkins']","Sidney Poitier","['Mary-Louise Parker', 'Elizabeth Perkins']","0.0","0.0","Lilies of the Field","Weeds","lilies of the field","weeds","0.0","0.0"
"RuleBasedMatcher","actors_114","golden_globes_187","0.0","","1964-01-01","2008-01-01","1964-01-01","2008-01-01","0.0","0.0","Sidney Poitier","Mary-Louise Parker","sidney poitier","mary-louise parker","0.0","0.0","Lilies of the Field","Weeds","lilies of the field","weeds","0.0","0.0"
"RuleBasedMatcher","actors_114","golden_globes_1187","0.0","","1964-01-01","1988-01-01","1964-01-01","1988-01-01","0.0","0.0","Sidney Poitier","Nick Nolte","sidney poitier","nick nolte","0.0","0.0","Lilies of the Field","Weeds","lilies of the field","weeds","0.0","0.0"
"RuleBasedMatcher","actors_114","golden_globes_135","0.0","","1964-01-01","2009-01-01","1964-01-01","2009-01-01","0.0","0.0","Sidney Poitier","Mary-Louise Parker","sidney poitier","mary-louise parker","0.0","0.0","Lilies of the Field","Weeds","lilies of the field","weeds","0.0","0.0"
"RuleBasedMatcher","actors_114","golden_globes_242","0.0","","1964-01-01","2007-01-01","1964-01-01","2007-01-01","0.0","0.0","Sidney Poitier","['Mary-Louise Parker', 'Elizabeth Perkins', 'Justin Kirk']","Sidney Poitier","['Mary-Louise Parker', 'Elizabeth Perkins', 'Justin Kirk']","0.0","0.0","Lilies of the Field","Weeds","lilies of the field","weeds","0.0","0.0"
"RuleBasedMatcher","actors_114","golden_globes_601","0.0","","1964-01-01","2000-01-01","1964-01-01","2000-01-01","0.0","0.0","Sidney Poitier","['Judy Davis', 'Sam Shepard']","Sidney Poitier","['Judy Davis', 'Sam Shepard']","0.0","0.0","Lilies of the Field","Dash and Lilly","lilies of the field","dash and lilly","0.0","0.0"
"RuleBasedMatcher","actors_114","golden_globes_282","0.05555555555555555","","1964-01-01","2006-01-01","1964-01-01","2006-01-01","0.0","0.0","Sidney Poitier","Rachel Weisz","sidney poitier","rachel weisz","0.0","0.0","Lilies of the Field","Constant Gardener, The","lilies of the field","constant gardener, the","0.16666666666666666","0.16666666666666666"
"RuleBasedMatcher","actors_114","golden_globes_1975","0.047619047619047616","","1964-01-01","1969-01-01","1964-01-01","1969-01-01","0.0","0.0","Sidney Poitier","['Abbey Lincoln', 'Beau Bridges']","Sidney Poitier","['Abbey Lincoln', 'Beau Bridges']","0.0","0.0","Lilies of the Field","For Love Of Ivy","lilies of the field","for love of ivy","0.14285714285714285","0.14285714285714285"
"RuleBasedMatcher","actors_114","golden_globes_1078","0.05555555555555555","","1964-01-01","1990-01-01","1964-01-01","1990-01-01","0.0","0.0","Sidney Poitier","Liv Ullmann","sidney poitier","liv ullmann","0.0","0.0","Lilies of the Field","Rose Garden, The","lilies of the field","rose garden, the","0.16666666666666666","0.16666666666666666"
"RuleBasedMatcher","actors_114","golden_globes_2112","0.047619047619047616","","1964-01-01","1962-01-01","1964-01-01","1962-01-01","0.0","0.0","Sidney Poitier","['Natalie Wood', 'Warren Beatty']","Sidney Poitier","['Natalie Wood', 'Warren Beatty']","0.0","0.0","Lilies of the Field","Splendor In The Grass","lilies of the field","splendor in the grass","0.14285714285714285","0.14285714285714285"
"RuleBasedMatcher","actors_114","golden_globes_1424","0.05555555555555555","","1964-01-01","1984-01-01","1964-01-01","1984-01-01","0.0","0.0","Sidney Poitier","['Rachel Ward', 'Richard Chamberlain', 'Piper Laurie', 'Jean Simmons', 'Barbara Stanwyck', 'Bryan Brown', 'Richard Kiley']","Sidney Poitier","['Rachel Ward', 'Richard Chamberlain', 'Piper Laurie', 'Jean Simmons', 'Barbara Stanwyck', 'Bryan Brown', 'Richard Kiley']","0.0","0.0","Lilies of the Field","Thorn Birds, The","lilies of the field","thorn birds, the","0.16666666666666666","0.16666666666666666"
"RuleBasedMatcher","actors_114","golden_globes_1051","0.0","","1964-01-01","1991-01-01","1964-01-01","1991-01-01","0.0","0.0","Sidney Poitier","James Earl Jones","sidney poitier","james earl jones","0.0","0.0","Lilies of the Field","Gabriel's Fire","lilies of the field","gabriel's fire","0.0","0.0"
"RuleBasedMatcher","actors_114","golden_globes_811","0.0","","1964-01-01","1995-01-01","1964-01-01","1995-01-01","0.0","0.0","Sidney Poitier","Jodie Foster","sidney poitier","jodie foster","0.0","0.0","Lilies of the Field","Nell","lilies of the field","nell","0.0","0.0"
"RuleBasedMatcher","actors_114","golden_globes_2007","0.0","","1964-01-01","1967-01-01","1964-01-01","1967-01-01","0.0","0.0","Sidney Poitier","Alan Bates","sidney poitier","alan bates","0.0","0.0","Lilies of the Field","Georgy Girl","lilies of the field","georgy girl","0.0","0.0"
"RuleBasedMatcher","actors_115","golden_globes_2043","0.95","","1965-01-01","1965-01-01","1965-01-01","1965-01-01","1.0","1.0","Rex Harrison","['Rex Harrison', 'Stanley Holloway']","Rex Harrison","['Rex Harrison', 'Stanley Holloway']","0.5","0.5","My Fair Lady","My Fair Lady","my fair lady","my fair lady","1.0","1.0"
"RuleBasedMatcher","actors_115","golden_globes_1743","0.08333333333333333","","1965-01-01","1976-01-01","1965-01-01","1976-01-01","0.0","0.0","Rex Harrison","['Barbra Streisand', 'James Caan']","Rex Harrison","['Barbra Streisand', 'James Caan']","0.0","0.0","My Fair Lady","Funny Lady","my fair lady","funny lady","0.25","0.25"
"RuleBasedMatcher","actors_115","golden_globes_1033","0.0","","1965-01-01","1991-01-01","1965-01-01","1991-01-01","0.0","0.0","Rex Harrison","['Julia Roberts', 'Richard Gere', 'Hector Elizondo']","Rex Harrison","['Julia Roberts', 'Richard Gere', 'Hector Elizondo']","0.0","0.0","My Fair Lady","Pretty Woman","my fair lady","pretty woman","0.0","0.0"
"RuleBasedMatcher","actors_115","golden_globes_75","0.0","","1965-01-01","2010-01-01","1965-01-01","2010-01-01","0.0","0.0","Rex Harrison","Julianna Margulies","rex harrison","julianna margulies","0.0","0.0","My Fair Lady","Good Wife, The","my fair lady","good wife, the","0.0","0.0"
"RuleBasedMatcher","actors_115","golden_globes_21","0.0","","1965-01-01","2011-01-01","1965-01-01","2011-01-01","0.0","0.0","Rex Harrison","['Julianna Margulies', 'Chris Noth']","Rex Harrison","['Julianna Margulies', 'Chris Noth']","0.0","0.0","My Fair Lady","Good Wife, The","my fair lady","good wife, the","0.0","0.0"
"RuleBasedMatcher","actors_115","golden_globes_1742","0.08333333333333333","","1965-01-01","1976-01-01","1965-01-01","1976-01-01","0.0","0.0","Rex Harrison","Liza Minnelli","rex harrison","liza minnelli","0.0","0.0","My Fair Lady","Lucky Lady","my fair lady","lucky lady","0.25","0.25"
"RuleBasedMatcher","actors_115","golden_globes_1073","0.0","","1965-01-01","1991-01-01","1965-01-01","1991-01-01","0.0","0.0","Rex Harrison","Barry Miller","rex harrison","barry miller","0.0","0.0","My Fair Lady","Equal Justice","my fair lady","equal justice","0.0","0.0"
"RuleBasedMatcher","actors_115","golden_globes_1716","0.08333333333333333","","1965-01-01","1977-01-01","1965-01-01","1977-01-01","0.0","0.0","Rex Harrison","Bernadette Peters","rex harrison","bernadette peters","0.0","0.0","My Fair Lady","All's Fair","my fair lady","all's fair","0.25","0.25"
"RuleBasedMatcher","actors_115","golden_globes_1010","0.0","","1965-01-01","1992-01-01","1965-01-01","1992-01-01","0.0","0.0","Rex Harrison","Jessica Tandy","rex harrison","jessica tandy","0.0","0.0","My Fair Lady","Story Lady, The","my fair lady","story lady, the","0.0","0.0"
"RuleBasedMatcher","actors_115","golden_globes_2156","0.05555555555555555","","1965-01-01","1960-01-01","1965-01-01","1960-01-01","0.0","0.0","Rex Harrison","Dean Martin","rex harrison","dean martin","0.0","0.0","My Fair Lady","Who Was That Lady","my fair lady","who was that lady","0.16666666666666666","0.16666666666666666"
"RuleBasedMatcher","actors_115","golden_globes_1979","0.0","","1965-01-01","1969-01-01","1965-01-01","1969-01-01","0.0","0.0","Rex Harrison","","rex harrison","","0.0","0.0","My Fair Lady","Funny Girl","my fair lady","funny girl","0.0","0.0"
"RuleBasedMatcher","actors_115","golden_globes_1526","0.0","","1965-01-01","1982-01-01","1965-01-01","1982-01-01","0.0","0.0","Rex Harrison","['Beth Howland', 'Vic Tayback']","Rex Harrison","['Beth Howland', 'Vic Tayback']","0.0","0.0","My Fair Lady","Alice","my fair lady","alice","0.0","0.0"
"RuleBasedMatcher","actors_115","golden_globes_1557","0.0","","1965-01-01","1981-01-01","1965-01-01","1981-01-01","0.0","0.0","Rex Harrison","['Linda Lavin', 'Beth Howland', 'Diane Ladd', 'Vic Tayback']","Rex Harrison","['Linda Lavin', 'Beth Howland', 'Diane Ladd', 'Vic Tayback']","0.0","0.0","My Fair Lady","Alice","my fair lady","alice","0.0","0.0"
"RuleBasedMatcher","actors_115","golden_globes_1478","0.0","","1965-01-01","1983-01-01","1965-01-01","1983-01-01","0.0","0.0","Rex Harrison","Beth Howland","rex harrison","beth howland","0.0","0.0","My Fair Lady","Alice","my fair lady","alice","0.0","0.0"
"RuleBasedMatcher","actors_115","golden_globes_1635","0.0","","1965-01-01","1979-01-01","1965-01-01","1979-01-01","0.0","0.0","Rex Harrison","['Linda Lavin', 'Polly Holliday']","Rex Harrison","['Linda Lavin', 'Polly Holliday']","0.0","0.0","My Fair Lady","Alice","my fair lady","alice","0.0","0.0"
"RuleBasedMatcher","actors_115","golden_globes_1595","0.0","","1965-01-01","1980-01-01","1965-01-01","1980-01-01","0.0","0.0","Rex Harrison","['Linda Lavin', 'Polly Holliday', 'Beth Howland', 'Vic Tayback']","Rex Harrison","['Linda Lavin', 'Polly Holliday', 'Beth Howland', 'Vic Tayback']","0.0","0.0","My Fair Lady","Alice","my fair lady","alice","0.0","0.0"
"RuleBasedMatcher","actors_115","golden_globes_1030","0.0","","1965-01-01","1991-01-01","1965-01-01","1991-01-01","0.0","0.0","Rex Harrison","Mia Farrow","rex harrison","mia farrow","0.0","0.0","My Fair Lady","Alice","my fair lady","alice","0.0","0.0"
"RuleBasedMatcher","actors_115","golden_globes_721","0.0","","1965-01-01","1997-01-01","1965-01-01","1997-01-01","0.0","0.0","Rex Harrison","Debbie Reynolds","rex harrison","debbie reynolds","0.0","0.0","My Fair Lady","Mother","my fair lady","mother","0.0","0.0"
"RuleBasedMatcher","actors_115","golden_globes_662","0.0","","1965-01-01","1998-01-01","1965-01-01","1998-01-01","0.0","0.0","Rex Harrison","Judi Dench","rex harrison","judi dench","0.0","0.0","My Fair Lady","Mrs Brown","my fair lady","mrs brown","0.0","0.0"
"RuleBasedMatcher","actors_115","golden_globes_2239","0.0","","1965-01-01","1953-01-01","1965-01-01","1953-01-01","0.0","0.0","Rex Harrison","","rex harrison","","0.0","0.0","My Fair Lady","Quiet Man, The","my fair lady","quiet man, the","0.0","0.0"
"RuleBasedMatcher","actors_116","golden_globes_2023","0.9999999999999999","","1966-01-01","1966-01-01","1966-01-01","1966-01-01","1.0","1.0","Lee Marvin","Lee Marvin","lee marvin","lee marvin","1.0","1.0","Cat Ballou","Cat Ballou","cat ballou","cat ballou","1.0","1.0"
"RuleBasedMatcher","actors_116","golden_globes_454","0.0","","1966-01-01","2002-01-01","1966-01-01","2002-01-01","0.0","0.0","Lee Marvin","Halle Berry","lee marvin","halle berry","0.0","0.0","Cat Ballou","Monster's Ball","cat ballou","monster's ball","0.0","0.0"
"RuleBasedMatcher","actors_116","golden_globes_1758","0.0","","1966-01-01","1976-01-01","1966-01-01","1976-01-01","0.0","0.0","Lee Marvin","['Barry Newman', 'Susan Howard']","Lee Marvin","['Barry Newman', 'Susan Howard']","0.0","0.0","Cat Ballou","Petrocelli","cat ballou","petrocelli","0.0","0.0"
"RuleBasedMatcher","actors_116","golden_globes_1564","0.0","","1966-01-01","1980-01-01","1966-01-01","1980-01-01","0.0","0.0","Lee Marvin","Jill Clayburgh","lee marvin","jill clayburgh","0.0","0.0","Cat Ballou","Luna","cat ballou","luna","0.0","0.0"
"RuleBasedMatcher","actors_116","golden_globes_2046","0.0","","1966-01-01","1965-01-01","1966-01-01","1965-01-01","0.0","0.0","Lee Marvin","Peter Ustinov","lee marvin","peter ustinov","0.0","0.0","Cat Ballou","Topkapi","cat ballou","topkapi","0.0","0.0"
"RuleBasedMatcher","actors_116","golden_globes_1134","0.0","","1966-01-01","1989-01-01","1966-01-01","1989-01-01","0.0","0.0","Lee Marvin","['Forest Whitaker', 'Diane Venora']","Lee Marvin","['Forest Whitaker', 'Diane Venora']","0.0","0.0","Cat Ballou","Bird","cat ballou","bird","0.0","0.0"
"RuleBasedMatcher","actors_116","golden_globes_1941","0.0","","1966-01-01","1971-01-01","1966-01-01","1971-01-01","0.0","0.0","Lee Marvin","Herschel Bernardi","lee marvin","herschel bernardi","0.0","0.0","Cat Ballou","Arnie","cat ballou","arnie","0.0","0.0"
"RuleBasedMatcher","actors_116","golden_globes_1753","0.1111111111111111","","1966-01-01","1976-01-01","1966-01-01","1976-01-01","0.0","0.0","Lee Marvin","Lee Meriwether","lee marvin","lee meriwether","0.3333333333333333","0.3333333333333333","Cat Ballou","Barnaby Jones","cat ballou","barnaby jones","0.0","0.0"
"RuleBasedMatcher","actors_116","golden_globes_1794","0.1111111111111111","","1966-01-01","1975-01-01","1966-01-01","1975-01-01","0.0","0.0","Lee Marvin","Lee Meriwether","lee marvin","lee meriwether","0.3333333333333333","0.3333333333333333","Cat Ballou","Barnaby Jones","cat ballou","barnaby jones","0.0","0.0"
"RuleBasedMatcher","actors_116","golden_globes_1095","0.0","","1966-01-01","1990-01-01","1966-01-01","1990-01-01","0.0","0.0","Lee Marvin","Ed Harris","lee marvin","ed harris","0.0","0.0","Cat Ballou","Jacknife","cat ballou","jacknife","0.0","0.0"
"RuleBasedMatcher","actors_116","golden_globes_2007","0.0","","1966-01-01","1967-01-01","1966-01-01","1967-01-01","0.0","0.0","Lee Marvin","Alan Bates","lee marvin","alan bates","0.0","0.0","Cat Ballou","Georgy Girl","cat ballou","georgy girl","0.0","0.0"
"RuleBasedMatcher","actors_116","golden_globes_2017","0.3333333333333333","0","1966-01-01","1966-01-01","1966-01-01","1966-01-01","1.0","1.0","Lee Marvin","['Maggie Smith', 'Joyce Redman']","Lee Marvin","['Maggie Smith', 'Joyce Redman']","0.0","0.0","Cat Ballou","Othello","cat ballou","othello","0.0","0.0"
"RuleBasedMatcher","actors_116","golden_globes_2134","0.0","","1966-01-01","1961-01-01","1966-01-01","1961-01-01","0.0","0.0","Lee Marvin","Cantinflas","lee marvin","cantinflas","0.0","0.0","Cat Ballou","Pepe","cat ballou","pepe","0.0","0.0"
"RuleBasedMatcher","actors_116","golden_globes_1970","0.0","","1966-01-01","1969-01-01","1966-01-01","1969-01-01","0.0","0.0","Lee Marvin","Cliff Robertson","lee marvin","cliff robertson","0.0","0.0","Cat Ballou","Charly","cat ballou","charly","0.0","0.0"
"RuleBasedMatcher","actors_116","golden_globes_1544","0.0","","1966-01-01","1981-01-01","1966-01-01","1981-01-01","0.0","0.0","Lee Marvin","Walter Matthau","lee marvin","walter matthau","0.0","0.0","Cat Ballou","Hopscotch","cat ballou","hopscotch","0.0","0.0"
"RuleBasedMatcher","actors_116","golden_globes_725","0.0","","1966-01-01","1997-01-01","1966-01-01","1997-01-01","0.0","0.0","Lee Marvin","Nathan Lane","lee marvin","nathan lane","0.0","0.0","Cat Ballou","Birdcage, The","cat ballou","birdcage, the","0.0","0.0"
"RuleBasedMatcher","actors_116","golden_globes_797","0.0","","1966-01-01","1996-01-01","1966-01-01","1996-01-01","0.0","0.0","Lee Marvin","Jerry Seinfeld","lee marvin","jerry seinfeld","0.0","0.0","Cat Ballou","Seinfeld","cat ballou","seinfeld","0.0","0.0"
"RuleBasedMatcher","actors_116","golden_globes_902","0.0","","1966-01-01","1994-01-01","1966-01-01","1994-01-01","0.0","0.0","Lee Marvin","['Jerry Seinfeld', 'Julia Louis-Dreyfus', 'Jason Alexander']","Lee Marvin","['Jerry Seinfeld', 'Julia Louis-Dreyfus', 'Jason Alexander']","0.0","0.0","Cat Ballou","Seinfeld","cat ballou","seinfeld","0.0","0.0"
"RuleBasedMatcher","actors_116","golden_globes_698","0.0","","1966-01-01","1998-01-01","1966-01-01","1998-01-01","0.0","0.0","Lee Marvin","['Jerry Seinfeld', 'Jason Alexander']","Lee Marvin","['Jerry Seinfeld', 'Jason Alexander']","0.0","0.0","Cat Ballou","Seinfeld","cat ballou","seinfeld","0.0","0.0"
"RuleBasedMatcher","actors_116","golden_globes_968","0.0","","1966-01-01","1993-01-01","1966-01-01","1993-01-01","0.0","0.0","Lee Marvin","Jason Alexander","lee marvin","jason alexander","0.0","0.0","Cat Ballou","Seinfeld","cat ballou","seinfeld","0.0","0.0"
"RuleBasedMatcher","actors_117","golden_globes_1166","0.2222222222222222","","1967-01-01","1989-01-01","1967-01-01","1989-01-01","0.0","0.0","Paul Scofield","Vanessa Redgrave","paul scofield","vanessa redgrave","0.0","0.0","A Man for All Seasons","Man For All Seasons, a","a man for all seasons","man for all seasons, a","0.6666666666666666","0.6666666666666666"
"RuleBasedMatcher","actors_117","golden_globes_2004","0.7166666666666667","1","1967-01-01","1967-01-01","1967-01-01","1967-01-01","1.0","1.0","Paul Scofield","['Paul Scofield', 'Robert Shaw']","Paul Scofield","['Paul Scofield', 'Robert Shaw']","0.5","0.5","A Man for All Seasons","Man For All Seasons, a","a man for all seasons","man for all seasons, a","0.6666666666666666","0.6666666666666666"
"RuleBasedMatcher","actors_117","golden_globes_1490","0.0","","1967-01-01","1982-01-01","1967-01-01","1982-01-01","0.0","0.0","Paul Scofield","['Carol Burnett', 'Alan Alda']","Paul Scofield","['Carol Burnett', 'Alan Alda']","0.0","0.0","A Man for All Seasons","Four Seasons, The","a man for all seasons","four seasons, the","0.0","0.0"
"RuleBasedMatcher","actors_117","golden_globes_1131","0.05555555555555555","","1967-01-01","1989-01-01","1967-01-01","1989-01-01","0.0","0.0","Paul Scofield","Dustin Hoffman","paul scofield","dustin hoffman","0.0","0.0","A Man for All Seasons","Rain Man","a man for all seasons","rain man","0.16666666666666666","0.16666666666666666"
"RuleBasedMatcher","actors_117","golden_globes_1691","0.05555555555555555","","1967-01-01","1977-01-01","1967-01-01","1977-01-01","0.0","0.0","Paul Scofield","['Dustin Hoffman', 'Marthe Keller', 'Laurence Olivier']","Paul Scofield","['Dustin Hoffman', 'Marthe Keller', 'Laurence Olivier']","0.0","0.0","A Man for All Seasons","Marathon Man","a man for all seasons","marathon man","0.16666666666666666","0.16666666666666666"
"RuleBasedMatcher","actors_117","golden_globes_860","0.0","","1967-01-01","1995-01-01","1967-01-01","1995-01-01","0.0","0.0","Paul Scofield","['Raul Julia', 'Sonia Braga', 'Edward James Olmos']","Paul Scofield","['Raul Julia', 'Sonia Braga', 'Edward James Olmos']","0.0","0.0","A Man for All Seasons","Burning Season, The","a man for all seasons","burning season, the","0.0","0.0"
"RuleBasedMatcher","actors_117","golden_globes_2249","0.0","","1967-01-01","1952-01-01","1967-01-01","1952-01-01","0.0","0.0","Paul Scofield","Thelma Ritter","paul scofield","thelma ritter","0.0","0.0","A Man for All Seasons","Mating Season, The","a man for all seasons","mating season, the","0.0","0.0"
"RuleBasedMatcher","actors_117","golden_globes_932","0.0","","1967-01-01","1993-01-01","1967-01-01","1993-01-01","0.0","0.0","Paul Scofield","['Billy Crystal', 'David Paymer']","Paul Scofield","['Billy Crystal', 'David Paymer']","0.0","0.0","A Man for All Seasons","Mr. Saturday Night","a man for all seasons","mr. saturday night","0.0","0.0"
"RuleBasedMatcher","actors_117","golden_globes_1863","0.041666666666666664","","1967-01-01","1973-01-01","1967-01-01","1973-01-01","0.0","0.0","Paul Scofield","["Peter O'Toole", 'James Coco']","Paul Scofield","["Peter O'Toole", 'James Coco']","0.0","0.0","A Man for All Seasons","Man Of La Mancha","a man for all seasons","man of la mancha","0.125","0.125"
"RuleBasedMatcher","actors_117","golden_globes_576","0.041666666666666664","","1967-01-01","2000-01-01","1967-01-01","2000-01-01","0.0","0.0","Paul Scofield","Jim Carrey","paul scofield","jim carrey","0.0","0.0","A Man for All Seasons","Man On The Moon","a man for all seasons","man on the moon","0.125","0.125"
"RuleBasedMatcher","actors_117","golden_globes_1942","0.0","","1967-01-01","1971-01-01","1967-01-01","1971-01-01","0.0","0.0","Paul Scofield","David Frost","paul scofield","david frost","0.0","0.0","A Man for All Seasons","David Frost Show, The","a man for all seasons","david frost show, the","0.0","0.0"
"RuleBasedMatcher","actors_117","golden_globes_56","0.047619047619047616","","1967-01-01","2010-01-01","1967-01-01","2010-01-01","0.0","0.0","Paul Scofield","['Colin Firth', 'Julianne Moore']","Paul Scofield","['Colin Firth', 'Julianne Moore']","0.0","0.0","A Man for All Seasons","Single Man, A","a man for all seasons","single man, a","0.14285714285714285","0.14285714285714285"
"RuleBasedMatcher","actors_117","golden_globes_2085","0.13095238095238096","","1967-01-01","1963-01-01","1967-01-01","1963-01-01","0.0","0.0","Paul Scofield","['Susan Strasberg', 'Jessica Tandy', 'Paul Newman']","Paul Scofield","['Susan Strasberg', 'Jessica Tandy', 'Paul Newman']","0.14285714285714285","0.14285714285714285","A Man for All Seasons","Adventures Of a Young Man","a man for all seasons","adventures of a young man","0.25","0.25"
"RuleBasedMatcher","actors_117","golden_globes_2106","0.09523809523809523","","1967-01-01","1963-01-01","1967-01-01","1963-01-01","0.0","0.0","Paul Scofield","Cesar Romero","paul scofield","cesar romero","0.0","0.0","A Man for All Seasons","If a Man Answers","a man for all seasons","if a man answers","0.2857142857142857","0.2857142857142857"
"RuleBasedMatcher","actors_117","golden_globes_1093","0.041666666666666664","","1967-01-01","1990-01-01","1967-01-01","1990-01-01","0.0","0.0","Paul Scofield","Marlon Brando","paul scofield","marlon brando","0.0","0.0","A Man for All Seasons","Dry White Season, a","a man for all seasons","dry white season, a","0.125","0.125"
"RuleBasedMatcher","actors_117","golden_globes_2264","0.041666666666666664","","1967-01-01","1950-01-01","1967-01-01","1950-01-01","0.0","0.0","Paul Scofield","Mercedes McCambridge","paul scofield","mercedes mccambridge","0.0","0.0","A Man for All Seasons","All The King's Men","a man for all seasons","all the king's men","0.125","0.125"
"RuleBasedMatcher","actors_117","golden_globes_1536","0.0","","1967-01-01","1981-01-01","1967-01-01","1981-01-01","0.0","0.0","Paul Scofield","Peter O'Toole","paul scofield","peter o'toole","0.0","0.0","A Man for All Seasons","Stunt Man, The","a man for all seasons","stunt man, the","0.0","0.0"
"RuleBasedMatcher","actors_117","golden_globes_2190","0.047619047619047616","","1967-01-01","1958-01-01","1967-01-01","1958-01-01","0.0","0.0","Paul Scofield","David Niven","paul scofield","david niven","0.0","0.0","A Man for All Seasons","My Man Godfrey","a man for all seasons","my man godfrey","0.14285714285714285","0.14285714285714285"
"RuleBasedMatcher","actors_117","golden_globes_1149","0.03333333333333333","","1967-01-01","1989-01-01","1967-01-01","1989-01-01","0.0","0.0","Paul Scofield","Martin Landau","paul scofield","martin landau","0.0","0.0","A Man for All Seasons","Tucker: The Man and His Dream","a man for all seasons","tucker: the man and his dream","0.1","0.1"
"RuleBasedMatcher","actors_117","golden_globes_2091","0.041666666666666664","","1967-01-01","1963-01-01","1967-01-01","1963-01-01","0.0","0.0","Paul Scofield","['Burt Lancaster', 'Telly Savalas']","Paul Scofield","['Burt Lancaster', 'Telly Savalas']","0.0","0.0","A Man for All Seasons","Bird Man Of Alcatraz","a man for all seasons","bird man of alcatraz","0.125","0.125"
"RuleBasedMatcher","actors_118","golden_globes_894","0.7","","1968-01-01","1994-01-01","1968-01-01","1994-01-01","0.0","0.0","Rod Steiger","Carroll O'Connor","rod steiger","carroll o'connor","0.0","0.0","In the Heat of the Night","In The Heat Of The Night","in the heat of the night","in the heat of the night","1.0","1.0"
"RuleBasedMatcher","actors_118","golden_globes_1053","0.7","","1968-01-01","1991-01-01","1968-01-01","1991-01-01","0.0","0.0","Rod Steiger","Carroll O'Connor","rod steiger","carroll o'connor","0.0","0.0","In the Heat of the Night","In The Heat Of The Night","in the heat of the night","in the heat of the night","1.0","1.0"
"RuleBasedMatcher","actors_118","golden_globes_997","0.7","","1968-01-01","1992-01-01","1968-01-01","1992-01-01","0.0","0.0","Rod Steiger","Carroll O'Connor","rod steiger","carroll o'connor","0.0","0.0","In the Heat of the Night","In The Heat Of The Night","in the heat of the night","in the heat of the night","1.0","1.0"
"RuleBasedMatcher","actors_118","golden_globes_1988","0.9249999999999999","","1968-01-01","1968-01-01","1968-01-01","1968-01-01","1.0","1.0","Rod Steiger","['Sidney Poitier', 'Rod Steiger', 'Quentin Dean', 'Lee Grant']","Rod Steiger","['Sidney Poitier', 'Rod Steiger', 'Quentin Dean', 'Lee Grant']","0.25","0.25","In the Heat of the Night","In The Heat Of The Night","in the heat of the night","in the heat of the night","1.0","1.0"
"RuleBasedMatcher","actors_118","golden_globes_1154","0.7","","1968-01-01","1989-01-01","1968-01-01","1989-01-01","0.0","0.0","Rod Steiger","Carroll O'Connor","rod steiger","carroll o'connor","0.0","0.0","In the Heat of the Night","In The Heat Of The Night","in the heat of the night","in the heat of the night","1.0","1.0"
"RuleBasedMatcher","actors_118","golden_globes_1102","0.7","","1968-01-01","1990-01-01","1968-01-01","1990-01-01","0.0","0.0","Rod Steiger","Carroll O'Connor","rod steiger","carroll o'connor","0.0","0.0","In the Heat of the Night","In The Heat Of The Night","in the heat of the night","in the heat of the night","1.0","1.0"
"RuleBasedMatcher","actors_118","golden_globes_2151","0.14285714285714285","","1968-01-01","1960-01-01","1968-01-01","1960-01-01","0.0","0.0","Rod Steiger","Fredric March","rod steiger","fredric march","0.0","0.0","In the Heat of the Night","Middle Of The Night","in the heat of the night","middle of the night","0.42857142857142855","0.42857142857142855"
"RuleBasedMatcher","actors_118","golden_globes_1019","0.08333333333333333","","1968-01-01","1992-01-01","1968-01-01","1992-01-01","0.0","0.0","Rod Steiger","Jean Stapleton","rod steiger","jean stapleton","0.0","0.0","In the Heat of the Night","Fire In The Dark","in the heat of the night","fire in the dark","0.25","0.25"
"RuleBasedMatcher","actors_118","golden_globes_1824","0.041666666666666664","","1968-01-01","1974-01-01","1968-01-01","1974-01-01","0.0","0.0","Rod Steiger","Valentina Cortese","rod steiger","valentina cortese","0.0","0.0","In the Heat of the Night","Day For Night","in the heat of the night","day for night","0.125","0.125"
"RuleBasedMatcher","actors_118","golden_globes_2080","0.03333333333333333","","1968-01-01","1963-01-01","1968-01-01","1963-01-01","0.0","0.0","Rod Steiger","Katharine Hepburn","rod steiger","katharine hepburn","0.0","0.0","In the Heat of the Night","Long Day's Journey Into Night","in the heat of the night","long day's journey into night","0.1","0.1"
"RuleBasedMatcher","actors_118","golden_globes_1223","0.03333333333333333","","1968-01-01","1988-01-01","1968-01-01","1988-01-01","0.0","0.0","Rod Steiger","Jack Lemmon","rod steiger","jack lemmon","0.0","0.0","In the Heat of the Night","Long Day's Journey Into Night","in the heat of the night","long day's journey into night","0.1","0.1"
"RuleBasedMatcher","actors_118","golden_globes_457","0.09523809523809523","","1968-01-01","2002-01-01","1968-01-01","2002-01-01","0.0","0.0","Rod Steiger","['Sissy Spacek', 'Marisa Tomei']","Rod Steiger","['Sissy Spacek', 'Marisa Tomei']","0.0","0.0","In the Heat of the Night","In The Bedroom","in the heat of the night","in the bedroom","0.2857142857142857","0.2857142857142857"
"RuleBasedMatcher","actors_118","golden_globes_886","0.125","","1968-01-01","1994-01-01","1968-01-01","1994-01-01","0.0","0.0","Rod Steiger","John Malkovich","rod steiger","john malkovich","0.0","0.0","In the Heat of the Night","In The Line Of Fire","in the heat of the night","in the line of fire","0.375","0.375"
"RuleBasedMatcher","actors_118","golden_globes_2241","0.07407407407407407","","1968-01-01","1952-01-01","1968-01-01","1952-01-01","0.0","0.0","Rod Steiger","Shelley Winters","rod steiger","shelley winters","0.0","0.0","In the Heat of the Night","Place In The Sun, a","in the heat of the night","place in the sun, a","0.2222222222222222","0.2222222222222222"
"RuleBasedMatcher","actors_118","golden_globes_855","0.041666666666666664","","1968-01-01","1995-01-01","1968-01-01","1995-01-01","0.0","0.0","Rod Steiger","Diana Ross","rod steiger","diana ross","0.0","0.0","In the Heat of the Night","Out Of Darkness","in the heat of the night","out of darkness","0.125","0.125"
"RuleBasedMatcher","actors_118","golden_globes_97","0.041666666666666664","","1968-01-01","2010-01-01","1968-01-01","2010-01-01","0.0","0.0","Rod Steiger","['Brendan Gleeson', 'Janet McTeer']","Rod Steiger","['Brendan Gleeson', 'Janet McTeer']","0.0","0.0","In the Heat of the Night","Into The Storm","in the heat of the night","into the storm","0.125","0.125"
"RuleBasedMatcher","actors_118","golden_globes_2071","0.0","","1968-01-01","1964-01-01","1968-01-01","1964-01-01","0.0","0.0","Rod Steiger","Alberto Sordi","rod steiger","alberto sordi","0.0","0.0","In the Heat of the Night","To Bed","in the heat of the night","to bed","0.0","0.0"
"RuleBasedMatcher","actors_118","golden_globes_2188","0.08333333333333333","","1968-01-01","1958-01-01","1968-01-01","1958-01-01","0.0","0.0","Rod Steiger","Maurice Chevalier","rod steiger","maurice chevalier","0.0","0.0","In the Heat of the Night","Love In The Afternoon","in the heat of the night","love in the afternoon","0.25","0.25"
"RuleBasedMatcher","actors_118","golden_globes_1649","0.047619047619047616","","1968-01-01","1978-01-01","1968-01-01","1978-01-01","0.0","0.0","Rod Steiger","['Gena Rowlands', 'Joan Blondell']","Rod Steiger","['Gena Rowlands', 'Joan Blondell']","0.0","0.0","In the Heat of the Night","Opening Night","in the heat of the night","opening night","0.14285714285714285","0.14285714285714285"
"RuleBasedMatcher","actors_118","golden_globes_1060","0.0","","1968-01-01","1991-01-01","1968-01-01","1991-01-01","0.0","0.0","Rod Steiger","Burt Reynolds","rod steiger","burt reynolds","0.0","0.0","In the Heat of the Night","Evening Shade","in the heat of the night","evening shade","0.0","0.0"
"RuleBasedMatcher","actors_119","golden_globes_1970","0.9999999999999999","","1969-01-01","1969-01-01","1969-01-01","1969-01-01","1.0","1.0","Cliff Robertson","Cliff Robertson","cliff robertson","cliff robertson","1.0","1.0","Charly","Charly","charly","charly","1.0","1.0"
"RuleBasedMatcher","actors_119","golden_globes_2067","0.0","","1969-01-01","1964-01-01","1969-01-01","1964-01-01","0.0","0.0","Cliff Robertson","Cary Grant","cliff robertson","cary grant","0.0","0.0","Charly","Charade","charly","charade","0.0","0.0"
"RuleBasedMatcher","actors_119","golden_globes_1774","0.0","","1969-01-01","1975-01-01","1969-01-01","1975-01-01","0.0","0.0","Cliff Robertson","['Valerie Perrine', 'Dustin Hoffman']","Cliff Robertson","['Valerie Perrine', 'Dustin Hoffman']","0.0","0.0","Charly","Lenny","charly","lenny","0.0","0.0"
"RuleBasedMatcher","actors_119","golden_globes_2029","0.0","","1969-01-01","1966-01-01","1969-01-01","1966-01-01","0.0","0.0","Cliff Robertson","Red Buttons","cliff robertson","red buttons","0.0","0.0","Charly","Harlow","charly","harlow","0.0","0.0"
"RuleBasedMatcher","actors_119","golden_globes_1718","0.0","","1969-01-01","1977-01-01","1969-01-01","1977-01-01","0.0","0.0","Cliff Robertson","Dinah Shore","cliff robertson","dinah shore","0.0","0.0","Charly","Dinah!","charly","dinah!","0.0","0.0"
"RuleBasedMatcher","actors_119","golden_globes_259","0.0","","1969-01-01","2007-01-01","1969-01-01","2007-01-01","0.0","0.0","Cliff Robertson","Masi Oka","cliff robertson","masi oka","0.0","0.0","Charly","Heroes","charly","heroes","0.0","0.0"
"RuleBasedMatcher","actors_119","golden_globes_1654","0.0","","1969-01-01","1978-01-01","1969-01-01","1978-01-01","0.0","0.0","Cliff Robertson","Henry Winkler","cliff robertson","henry winkler","0.0","0.0","Charly","Heroes","charly","heroes","0.0","0.0"
"RuleBasedMatcher","actors_119","golden_globes_861","0.0","","1969-01-01","1995-01-01","1969-01-01","1995-01-01","0.0","0.0","Cliff Robertson","Tyne Daly","cliff robertson","tyne daly","0.0","0.0","Charly","Christy","charly","christy","0.0","0.0"
"RuleBasedMatcher","actors_119","golden_globes_1066","0.0","","1969-01-01","1991-01-01","1969-01-01","1991-01-01","0.0","0.0","Cliff Robertson","Stephanie Zimbalist","cliff robertson","stephanie zimbalist","0.0","0.0","Charly","Caroline","charly","caroline","0.0","0.0"
"RuleBasedMatcher","actors_119","golden_globes_208","0.0","","1969-01-01","2007-01-01","1969-01-01","2007-01-01","0.0","0.0","Cliff Robertson","Maggie Gyllenhaal","cliff robertson","maggie gyllenhaal","0.0","0.0","Charly","Sherrybaby","charly","sherrybaby","0.0","0.0"
"RuleBasedMatcher","actors_119","golden_globes_1646","0.0","","1969-01-01","1978-01-01","1969-01-01","1978-01-01","0.0","0.0","Cliff Robertson","['Jane Fonda', 'Vanessa Redgrave', 'Jason Robards Jr.', 'Maximilian Schell']","Cliff Robertson","['Jane Fonda', 'Vanessa Redgrave', 'Jason Robards Jr.', 'Maximilian Schell']","0.0","0.0","Charly","Julia","charly","julia","0.0","0.0"
"RuleBasedMatcher","actors_119","golden_globes_1977","0.3333333333333333","","1969-01-01","1969-01-01","1969-01-01","1969-01-01","1.0","1.0","Cliff Robertson","Daniel Massey","cliff robertson","daniel massey","0.0","0.0","Charly","Star!","charly","star!","0.0","0.0"
"RuleBasedMatcher","actors_119","golden_globes_1564","0.0","","1969-01-01","1980-01-01","1969-01-01","1980-01-01","0.0","0.0","Cliff Robertson","Jill Clayburgh","cliff robertson","jill clayburgh","0.0","0.0","Charly","Luna","charly","luna","0.0","0.0"
"RuleBasedMatcher","actors_119","golden_globes_2185","0.0","","1969-01-01","1958-01-01","1969-01-01","1958-01-01","0.0","0.0","Cliff Robertson","['Marlon Brando', 'Miyoshi Umeki', 'Red Buttons']","Cliff Robertson","['Marlon Brando', 'Miyoshi Umeki', 'Red Buttons']","0.0","0.0","Charly","Sayonara","charly","sayonara","0.0","0.0"
"RuleBasedMatcher","actors_119","golden_globes_1414","0.0","","1969-01-01","1984-01-01","1969-01-01","1984-01-01","0.0","0.0","Cliff Robertson","Madeline Kahn","cliff robertson","madeline kahn","0.0","0.0","Charly","Oh, Madeline","charly","oh, madeline","0.0","0.0"
"RuleBasedMatcher","actors_119","golden_globes_1529","0.0","","1969-01-01","1981-01-01","1969-01-01","1981-01-01","0.0","0.0","Cliff Robertson","Nastassja Kinski","cliff robertson","nastassja kinski","0.0","0.0","Charly","Tess","charly","tess","0.0","0.0"
"RuleBasedMatcher","actors_119","golden_globes_2023","0.0","","1969-01-01","1966-01-01","1969-01-01","1966-01-01","0.0","0.0","Cliff Robertson","Lee Marvin","cliff robertson","lee marvin","0.0","0.0","Charly","Cat Ballou","charly","cat ballou","0.0","0.0"
"RuleBasedMatcher","actors_119","golden_globes_1457","0.0","","1969-01-01","1983-01-01","1969-01-01","1983-01-01","0.0","0.0","Cliff Robertson","Debbie Allen","cliff robertson","debbie allen","0.0","0.0","Charly","Fame","charly","fame","0.0","0.0"
"RuleBasedMatcher","actors_119","golden_globes_1362","0.0","","1969-01-01","1985-01-01","1969-01-01","1985-01-01","0.0","0.0","Cliff Robertson","Debbie Allen","cliff robertson","debbie allen","0.0","0.0","Charly","Fame","charly","fame","0.0","0.0"
"RuleBasedMatcher","actors_119","golden_globes_1537","0.0","","1969-01-01","1981-01-01","1969-01-01","1981-01-01","0.0","0.0","Cliff Robertson","Irene Cara","cliff robertson","irene cara","0.0","0.0","Charly","Fame","charly","fame","0.0","0.0"
"RuleBasedMatcher","actors_120","golden_globes_1953","0.9999999999999999","","1970-01-01","1970-01-01","1970-01-01","1970-01-01","1.0","1.0","John Wayne","John Wayne","john wayne","john wayne","1.0","1.0","True Grit","True Grit","true grit","true grit","1.0","1.0"
"RuleBasedMatcher","actors_120","golden_globes_1350","0.0","","1970-01-01","1985-01-01","1970-01-01","1985-01-01","0.0","0.0","John Wayne","Noriyuki Morita","john wayne","noriyuki morita","0.0","0.0","True Grit","Karate Kid, The","true grit","karate kid, the","0.0","0.0"
"RuleBasedMatcher","actors_120","golden_globes_1834","0.0","","1970-01-01","1974-01-01","1970-01-01","1974-01-01","0.0","0.0","John Wayne","David Carradine","john wayne","david carradine","0.0","0.0","True Grit","Kung Fu","true grit","kung fu","0.0","0.0"
"RuleBasedMatcher","actors_120","golden_globes_2003","0.0","","1970-01-01","1967-01-01","1970-01-01","1967-01-01","0.0","0.0","John Wayne","['Steve McQueen', 'Richard Attenborough', 'Mako']","John Wayne","['Steve McQueen', 'Richard Attenborough', 'Mako']","0.0","0.0","True Grit","Sand Pebbles, The","true grit","sand pebbles, the","0.0","0.0"
"RuleBasedMatcher","actors_120","golden_globes_1546","0.0","","1970-01-01","1981-01-01","1970-01-01","1981-01-01","0.0","0.0","John Wayne","Debra Winger","john wayne","debra winger","0.0","0.0","True Grit","Urban Cowboy","true grit","urban cowboy","0.0","0.0"
"RuleBasedMatcher","actors_120","golden_globes_1000","0.0","","1970-01-01","1992-01-01","1970-01-01","1992-01-01","0.0","0.0","John Wayne","['Candice Bergen', 'Faith Ford']","John Wayne","['Candice Bergen', 'Faith Ford']","0.0","0.0","True Grit","Murphy Brown","true grit","murphy brown","0.0","0.0"
"RuleBasedMatcher","actors_120","golden_globes_843","0.0","","1970-01-01","1995-01-01","1970-01-01","1995-01-01","0.0","0.0","John Wayne","Candice Bergen","john wayne","candice bergen","0.0","0.0","True Grit","Murphy Brown","true grit","murphy brown","0.0","0.0"
"RuleBasedMatcher","actors_120","golden_globes_790","0.0","","1970-01-01","1996-01-01","1970-01-01","1996-01-01","0.0","0.0","John Wayne","Candice Bergen","john wayne","candice bergen","0.0","0.0","True Grit","Murphy Brown","true grit","murphy brown","0.0","0.0"
"RuleBasedMatcher","actors_120","golden_globes_1106","0.0","","1970-01-01","1990-01-01","1970-01-01","1990-01-01","0.0","0.0","John Wayne","Candice Bergen","john wayne","candice bergen","0.0","0.0","True Grit","Murphy Brown","true grit","murphy brown","0.0","0.0"
"RuleBasedMatcher","actors_120","golden_globes_1055","0.0","","1970-01-01","1991-01-01","1970-01-01","1991-01-01","0.0","0.0","John Wayne","['Candice Bergen', 'Faith Ford']","John Wayne","['Candice Bergen', 'Faith Ford']","0.0","0.0","True Grit","Murphy Brown","true grit","murphy brown","0.0","0.0"
"RuleBasedMatcher","actors_120","golden_globes_948","0.0","","1970-01-01","1993-01-01","1970-01-01","1993-01-01","0.0","0.0","John Wayne","Candice Bergen","john wayne","candice bergen","0.0","0.0","True Grit","Murphy Brown","true grit","murphy brown","0.0","0.0"
"RuleBasedMatcher","actors_120","golden_globes_1157","0.0","","1970-01-01","1989-01-01","1970-01-01","1989-01-01","0.0","0.0","John Wayne","Candice Bergen","john wayne","candice bergen","0.0","0.0","True Grit","Murphy Brown","true grit","murphy brown","0.0","0.0"
"RuleBasedMatcher","actors_120","golden_globes_895","0.0","","1970-01-01","1994-01-01","1970-01-01","1994-01-01","0.0","0.0","John Wayne","Candice Bergen","john wayne","candice bergen","0.0","0.0","True Grit","Murphy Brown","true grit","murphy brown","0.0","0.0"
"RuleBasedMatcher","actors_120","golden_globes_76","0.1111111111111111","","1970-01-01","2010-01-01","1970-01-01","2010-01-01","0.0","0.0","John Wayne","Anna Paquin","john wayne","anna paquin","0.0","0.0","True Grit","True Blood","true grit","true blood","0.3333333333333333","0.3333333333333333"
"RuleBasedMatcher","actors_120","golden_globes_125","0.1111111111111111","","1970-01-01","2009-01-01","1970-01-01","2009-01-01","0.0","0.0","John Wayne","Anna Paquin","john wayne","anna paquin","0.0","0.0","True Grit","True Blood","true grit","true blood","0.3333333333333333","0.3333333333333333"
"RuleBasedMatcher","actors_120","golden_globes_287","0.0","","1970-01-01","2006-01-01","1970-01-01","2006-01-01","0.0","0.0","John Wayne","Patricia Arquette","john wayne","patricia arquette","0.0","0.0","True Grit","Medium","true grit","medium","0.0","0.0"
"RuleBasedMatcher","actors_120","golden_globes_230","0.0","","1970-01-01","2007-01-01","1970-01-01","2007-01-01","0.0","0.0","John Wayne","Patricia Arquette","john wayne","patricia arquette","0.0","0.0","True Grit","Medium","true grit","medium","0.0","0.0"
"RuleBasedMatcher","actors_120","golden_globes_171","0.0","","1970-01-01","2008-01-01","1970-01-01","2008-01-01","0.0","0.0","John Wayne","Patricia Arquette","john wayne","patricia arquette","0.0","0.0","True Grit","Medium","true grit","medium","0.0","0.0"
"RuleBasedMatcher","actors_120","golden_globes_2262","0.0","","1970-01-01","1951-01-01","1970-01-01","1951-01-01","0.0","0.0","John Wayne","","john wayne","","0.0","0.0","True Grit","Asphalt Jungle, The","true grit","asphalt jungle, the","0.0","0.0"
"RuleBasedMatcher","actors_120","golden_globes_821","0.1111111111111111","","1970-01-01","1995-01-01","1970-01-01","1995-01-01","0.0","0.0","John Wayne","Jamie Lee Curtis","john wayne","jamie lee curtis","0.0","0.0","True Grit","True Lies","true grit","true lies","0.3333333333333333","0.3333333333333333"
"RuleBasedMatcher","actors_121","golden_globes_1917","0.9999999999999999","","1971-01-01","1971-01-01","1971-01-01","1971-01-01","1.0","1.0","George C. Scott","George C. Scott","george c. scott","george c. scott","1.0","1.0","Patton","Patton","patton","patton","1.0","1.0"
"RuleBasedMatcher","actors_121","golden_globes_2031","0.0","","1971-01-01","1966-01-01","1971-01-01","1966-01-01","0.0","0.0","George C. Scott","Telly Savalas","george c. scott","telly savalas","0.0","0.0","Patton","Battle Of The Bulge","patton","battle of the bulge","0.0","0.0"
"RuleBasedMatcher","actors_121","golden_globes_289","0.0","","1971-01-01","2006-01-01","1971-01-01","2006-01-01","0.0","0.0","George C. Scott","['Geena Davis', 'Donald Sutherland']","George C. Scott","['Geena Davis', 'Donald Sutherland']","0.0","0.0","Patton","Commander In Chief","patton","commander in chief","0.0","0.0"
"RuleBasedMatcher","actors_121","golden_globes_782","0.0","","1971-01-01","1996-01-01","1971-01-01","1996-01-01","0.0","0.0","George C. Scott","","george c. scott","","0.0","0.0","Patton","Braveheart","patton","braveheart","0.0","0.0"
"RuleBasedMatcher","actors_121","golden_globes_1253","0.0","","1971-01-01","1987-01-01","1971-01-01","1987-01-01","0.0","0.0","George C. Scott","Tom Berenger","george c. scott","tom berenger","0.0","0.0","Patton","Platoon","patton","platoon","0.0","0.0"
"RuleBasedMatcher","actors_121","golden_globes_1226","0.0","","1971-01-01","1988-01-01","1971-01-01","1988-01-01","0.0","0.0","George C. Scott","James Woods","george c. scott","james woods","0.0","0.0","Patton","In Love and War","patton","in love and war","0.0","0.0"
"RuleBasedMatcher","actors_121","golden_globes_963","0.0","","1971-01-01","1993-01-01","1971-01-01","1993-01-01","0.0","0.0","George C. Scott","['Robert Duvall', 'Joan Plowright', 'Maximilian Schell']","George C. Scott","['Robert Duvall', 'Joan Plowright', 'Maximilian Schell']","0.0","0.0","Patton","Stalin","patton","stalin","0.0","0.0"
"RuleBasedMatcher","actors_121","golden_globes_1653","0.0","","1971-01-01","1978-01-01","1971-01-01","1978-01-01","0.0","0.0","George C. Scott","Gregory Peck","george c. scott","gregory peck","0.0","0.0","Patton","MacArthur","patton","macarthur","0.0","0.0"
"RuleBasedMatcher","actors_121","golden_globes_1348","0.0","","1971-01-01","1985-01-01","1971-01-01","1985-01-01","0.0","0.0","George C. Scott","Adolph Caesar","george c. scott","adolph caesar","0.0","0.0","Patton","Soldier''s Story, a","patton","soldier''s story, a","0.0","0.0"
"RuleBasedMatcher","actors_121","golden_globes_2173","0.0","","1971-01-01","1959-01-01","1971-01-01","1959-01-01","0.0","0.0","George C. Scott","Danny Kaye","george c. scott","danny kaye","0.0","0.0","Patton","Me and The Colonel","patton","me and the colonel","0.0","0.0"
"RuleBasedMatcher","actors_121","golden_globes_412","0.0","","1971-01-01","2004-01-01","1971-01-01","2004-01-01","0.0","0.0","George C. Scott","['Troy Garity', 'Lee Pace']","George C. Scott","['Troy Garity', 'Lee Pace']","0.0","0.0","Patton","Soldier's Girl","patton","soldier's girl","0.0","0.0"
"RuleBasedMatcher","actors_121","golden_globes_667","0.0","","1971-01-01","1998-01-01","1971-01-01","1998-01-01","0.0","0.0","George C. Scott","Daniel Day-Lewis","george c. scott","daniel day-lewis","0.0","0.0","Patton","Boxer, The","patton","boxer, the","0.0","0.0"
"RuleBasedMatcher","actors_121","golden_globes_1748","0.0","","1971-01-01","1976-01-01","1971-01-01","1976-01-01","0.0","0.0","George C. Scott","","george c. scott","","0.0","0.0","Patton","Barry Lyndon","patton","barry lyndon","0.0","0.0"
"RuleBasedMatcher","actors_121","golden_globes_9","0.0","","1971-01-01","2011-01-01","1971-01-01","2011-01-01","0.0","0.0","George C. Scott","['Mark Wahlberg', 'Amy Adams', 'Melissa Leo', 'Christian Bale']","George C. Scott","['Mark Wahlberg', 'Amy Adams', 'Melissa Leo', 'Christian Bale']","0.0","0.0","Patton","Fighter, The","patton","fighter, the","0.0","0.0"
"RuleBasedMatcher","actors_121","golden_globes_460","0.0","","1971-01-01","2002-01-01","1971-01-01","2002-01-01","0.0","0.0","George C. Scott","['Will Smith', 'Jon Voight']","George C. Scott","['Will Smith', 'Jon Voight']","0.0","0.0","Patton","Ali","patton","ali","0.0","0.0"
"RuleBasedMatcher","actors_121","golden_globes_43","0.0","","1971-01-01","2011-01-01","1971-01-01","2011-01-01","0.0","0.0","George C. Scott","Idris Elba","george c. scott","idris elba","0.0","0.0","Patton","Luther","patton","luther","0.0","0.0"
"RuleBasedMatcher","actors_121","golden_globes_1687","0.0","","1971-01-01","1977-01-01","1971-01-01","1977-01-01","0.0","0.0","George C. Scott","['Talia Shire', 'Sylvester Stallone']","George C. Scott","['Talia Shire', 'Sylvester Stallone']","0.0","0.0","Patton","Rocky","patton","rocky","0.0","0.0"
"RuleBasedMatcher","actors_121","golden_globes_811","0.0","","1971-01-01","1995-01-01","1971-01-01","1995-01-01","0.0","0.0","George C. Scott","Jodie Foster","george c. scott","jodie foster","0.0","0.0","Patton","Nell","patton","nell","0.0","0.0"
"RuleBasedMatcher","actors_121","golden_globes_153","0.041666666666666664","","1971-01-01","2008-01-01","1971-01-01","2008-01-01","0.0","0.0","George C. Scott","['George Clooney', 'Tilda Swinton', 'Tom Wilkinson']","George C. Scott","['George Clooney', 'Tilda Swinton', 'Tom Wilkinson']","0.125","0.125","Patton","Michael Clayton","patton","michael clayton","0.0","0.0"
"RuleBasedMatcher","actors_121","golden_globes_805","0.0","","1971-01-01","1996-01-01","1971-01-01","1996-01-01","0.0","0.0","George C. Scott","Laurence Fishburne","george c. scott","laurence fishburne","0.0","0.0","Patton","Tuskegee Airmen, The","patton","tuskegee airmen, the","0.0","0.0"
"RuleBasedMatcher","actors_122","golden_globes_1895","0.8333333333333334","1","1972-01-01","1972-01-01","1972-01-01","1972-01-01","1.0","1.0","Gene Hackman","Gene Hackman","gene hackman","gene hackman","1.0","1.0","The French Connection","French Connection, The","the french connection","french connection, the","0.5","0.5"
"RuleBasedMatcher","actors_122","golden_globes_1736","0.5","0","1972-01-01","1976-01-01","1972-01-01","1976-01-01","0.0","0.0","Gene Hackman","Gene Hackman","gene hackman","gene hackman","1.0","1.0","The French Connection","French Connection Ii","the french connection","french connection ii","0.5","0.5"
"RuleBasedMatcher","actors_122","golden_globes_1432","0.0","","1972-01-01","1983-01-01","1972-01-01","1983-01-01","0.0","0.0","Gene Hackman","['Jessica Lange', 'Kim Stanley']","Gene Hackman","['Jessica Lange', 'Kim Stanley']","0.0","0.0","The French Connection","Frances","the french connection","frances","0.0","0.0"
"RuleBasedMatcher","actors_122","golden_globes_2248","0.1111111111111111","","1972-01-01","1952-01-01","1972-01-01","1952-01-01","0.0","0.0","Gene Hackman","Gene Kelly","gene hackman","gene kelly","0.3333333333333333","0.3333333333333333","The French Connection","American In Paris, An","the french connection","american in paris, an","0.0","0.0"
"RuleBasedMatcher","actors_122","golden_globes_1485","0.13333333333333333","","1972-01-01","1982-01-01","1972-01-01","1982-01-01","0.0","0.0","Gene Hackman","Meryl Streep","gene hackman","meryl streep","0.0","0.0","The French Connection","French Lieutenant's Woman, The","the french connection","french lieutenant's woman, the","0.4","0.4"
"RuleBasedMatcher","actors_122","golden_globes_2075","0.0","","1972-01-01","1964-01-01","1972-01-01","1964-01-01","0.0","0.0","Gene Hackman","Liselotte Pulver","gene hackman","liselotte pulver","0.0","0.0","The French Connection","Global Affair, a","the french connection","global affair, a","0.0","0.0"
"RuleBasedMatcher","actors_122","golden_globes_1827","0.0","","1972-01-01","1974-01-01","1972-01-01","1974-01-01","0.0","0.0","Gene Hackman","","gene hackman","","0.0","0.0","The French Connection","Last Tango In Paris","the french connection","last tango in paris","0.0","0.0"
"RuleBasedMatcher","actors_122","golden_globes_374","0.0","","1972-01-01","2004-01-01","1972-01-01","2004-01-01","0.0","0.0","Gene Hackman","['Scarlett Johansson', 'Bill Murray']","Gene Hackman","['Scarlett Johansson', 'Bill Murray']","0.0","0.0","The French Connection","Lost In Translation","the french connection","lost in translation","0.0","0.0"
"RuleBasedMatcher","actors_122","golden_globes_23","0.0","","1972-01-01","2011-01-01","1972-01-01","2011-01-01","0.0","0.0","Gene Hackman","Piper Perabo","gene hackman","piper perabo","0.0","0.0","The French Connection","Covert Affairs","the french connection","covert affairs","0.0","0.0"
"RuleBasedMatcher","actors_122","golden_globes_413","0.0","","1972-01-01","2003-01-01","1972-01-01","2003-01-01","0.0","0.0","Gene Hackman","Salma Hayek","gene hackman","salma hayek","0.0","0.0","The French Connection","Frida","the french connection","frida","0.0","0.0"
"RuleBasedMatcher","actors_122","golden_globes_45","0.06666666666666667","","1972-01-01","2011-01-01","1972-01-01","2011-01-01","0.0","0.0","Gene Hackman","['Dennis Quaid', 'Hope Davis']","Gene Hackman","['Dennis Quaid', 'Hope Davis']","0.0","0.0","The French Connection","Special Relationship, The","the french connection","special relationship, the","0.2","0.2"
"RuleBasedMatcher","actors_122","golden_globes_160","0.0","","1972-01-01","2008-01-01","1972-01-01","2008-01-01","0.0","0.0","Gene Hackman","Marion Cotillard","gene hackman","marion cotillard","0.0","0.0","The French Connection","La Vie En Rose","the french connection","la vie en rose","0.0","0.0"
"RuleBasedMatcher","actors_122","golden_globes_1127","0.0","","1972-01-01","1989-01-01","1972-01-01","1989-01-01","0.0","0.0","Gene Hackman","Shirley MacLaine","gene hackman","shirley maclaine","0.0","0.0","The French Connection","Madame Sousatzka","the french connection","madame sousatzka","0.0","0.0"
"RuleBasedMatcher","actors_122","golden_globes_119","0.08333333333333333","","1972-01-01","2009-01-01","1972-01-01","2009-01-01","0.0","0.0","Gene Hackman","Ralph Fiennes","gene hackman","ralph fiennes","0.0","0.0","The French Connection","Duchess, The","the french connection","duchess, the","0.25","0.25"
"RuleBasedMatcher","actors_122","golden_globes_70","0.0","","1972-01-01","2010-01-01","1972-01-01","2010-01-01","0.0","0.0","Gene Hackman","Christoph Waltz","gene hackman","christoph waltz","0.0","0.0","The French Connection","Inglourious Basterds","the french connection","inglourious basterds","0.0","0.0"
"RuleBasedMatcher","actors_122","golden_globes_1980","0.0","","1972-01-01","1969-01-01","1972-01-01","1969-01-01","0.0","0.0","Gene Hackman","","gene hackman","","0.0","0.0","The French Connection","Romeo and Juliet","the french connection","romeo and juliet","0.0","0.0"
"RuleBasedMatcher","actors_122","golden_globes_544","0.0","","1972-01-01","2001-01-01","1972-01-01","2001-01-01","0.0","0.0","Gene Hackman","Bette Midler","gene hackman","bette midler","0.0","0.0","The French Connection","Bette","the french connection","bette","0.0","0.0"
"RuleBasedMatcher","actors_122","golden_globes_563","0.047619047619047616","","1972-01-01","2000-01-01","1972-01-01","2000-01-01","0.0","0.0","Gene Hackman","Julianne Moore","gene hackman","julianne moore","0.0","0.0","The French Connection","End Of The Affair, The","the french connection","end of the affair, the","0.14285714285714285","0.14285714285714285"
"RuleBasedMatcher","actors_122","golden_globes_1646","0.0","","1972-01-01","1978-01-01","1972-01-01","1978-01-01","0.0","0.0","Gene Hackman","['Jane Fonda', 'Vanessa Redgrave', 'Jason Robards Jr.', 'Maximilian Schell']","Gene Hackman","['Jane Fonda', 'Vanessa Redgrave', 'Jason Robards Jr.', 'Maximilian Schell']","0.0","0.0","The French Connection","Julia","the french connection","julia","0.0","0.0"
"RuleBasedMatcher","actors_122","golden_globes_1414","0.0","","1972-01-01","1984-01-01","1972-01-01","1984-01-01","0.0","0.0","Gene Hackman","Madeline Kahn","gene hackman","madeline kahn","0.0","0.0","The French Connection","Oh, Madeline","the french connection","oh, madeline","0.0","0.0"
"RuleBasedMatcher","actors_123","golden_globes_1854","0.5555555555555555","","1973-01-01","1973-01-01","1973-01-01","1973-01-01","1.0","1.0","Marlon Brando","['Marlon Brando', 'Al Pacino', 'James Caan']","Marlon Brando","['Marlon Brando', 'Al Pacino', 'James Caan']","0.3333333333333333","0.3333333333333333","The Godfather","Godfather, The","the godfather","godfather, the","0.3333333333333333","0.3333333333333333"
"RuleBasedMatcher","actors_123","golden_globes_1779","0.16666666666666666","","1973-01-01","1975-01-01","1973-01-01","1975-01-01","0.0","0.0","Marlon Brando","Al Pacino","marlon brando","al pacino","0.0","0.0","The Godfather","Godfather Part Ii, The","the godfather","godfather part ii, the","0.5","0.5"
"RuleBasedMatcher","actors_123","golden_globes_1028","0.16666666666666666","","1973-01-01","1991-01-01","1973-01-01","1991-01-01","0.0","0.0","Marlon Brando","['Al Pacino', 'Andy Garcia']","Marlon Brando","['Al Pacino', 'Andy Garcia']","0.0","0.0","The Godfather","Godfather Part Iii, The","the godfather","godfather part iii, the","0.5","0.5"
"RuleBasedMatcher","actors_123","golden_globes_1390","0.0","","1973-01-01","1984-01-01","1973-01-01","1984-01-01","0.0","0.0","Marlon Brando","['Al Pacino', 'Steven Bauer']","Marlon Brando","['Al Pacino', 'Steven Bauer']","0.0","0.0","The Godfather","Scarface","the godfather","scarface","0.0","0.0"
"RuleBasedMatcher","actors_123","golden_globes_156","0.0","","1973-01-01","2008-01-01","1973-01-01","2008-01-01","0.0","0.0","Marlon Brando","Denzel Washington","marlon brando","denzel washington","0.0","0.0","The Godfather","American Gangster","the godfather","american gangster","0.0","0.0"
"RuleBasedMatcher","actors_123","golden_globes_626","0.06666666666666667","","1973-01-01","1999-01-01","1973-01-01","1999-01-01","0.0","0.0","Marlon Brando","Antonio Banderas","marlon brando","antonio banderas","0.0","0.0","The Godfather","Mask Of Zorro, The","the godfather","mask of zorro, the","0.2","0.2"
"RuleBasedMatcher","actors_123","golden_globes_1767","0.0","","1973-01-01","1976-01-01","1973-01-01","1976-01-01","0.0","0.0","Marlon Brando","Redd Foxx","marlon brando","redd foxx","0.0","0.0","The Godfather","Sanford and Son","the godfather","sanford and son","0.0","0.0"
"RuleBasedMatcher","actors_123","golden_globes_1884","0.3333333333333333","","1973-01-01","1973-01-01","1973-01-01","1973-01-01","1.0","1.0","Marlon Brando","Redd Foxx","marlon brando","redd foxx","0.0","0.0","The Godfather","Sanford and Son","the godfather","sanford and son","0.0","0.0"
"RuleBasedMatcher","actors_123","golden_globes_1805","0.0","","1973-01-01","1975-01-01","1973-01-01","1975-01-01","0.0","0.0","Marlon Brando","['Redd Foxx', 'Whitman Mayo']","Marlon Brando","['Redd Foxx', 'Whitman Mayo']","0.0","0.0","The Godfather","Sanford and Son","the godfather","sanford and son","0.0","0.0"
"RuleBasedMatcher","actors_123","golden_globes_1846","0.0","","1973-01-01","1974-01-01","1973-01-01","1974-01-01","0.0","0.0","Marlon Brando","Redd Foxx","marlon brando","redd foxx","0.0","0.0","The Godfather","Sanford and Son","the godfather","sanford and son","0.0","0.0"
"RuleBasedMatcher","actors_123","golden_globes_479","0.1111111111111111","","1973-01-01","2002-01-01","1973-01-01","2002-01-01","0.0","0.0","Marlon Brando","['Lorraine Bracco', 'Edie Falco', 'James Gandolfini']","Marlon Brando","['Lorraine Bracco', 'Edie Falco', 'James Gandolfini']","0.0","0.0","The Godfather","Sopranos, The","the godfather","sopranos, the","0.3333333333333333","0.3333333333333333"
"RuleBasedMatcher","actors_123","golden_globes_334","0.1111111111111111","","1973-01-01","2005-01-01","1973-01-01","2005-01-01","0.0","0.0","Marlon Brando","['Edie Falco', 'Drea de Matteo', 'Michael Imperioli']","Marlon Brando","['Edie Falco', 'Drea de Matteo', 'Michael Imperioli']","0.0","0.0","The Godfather","Sopranos, The","the godfather","sopranos, the","0.3333333333333333","0.3333333333333333"
"RuleBasedMatcher","actors_123","golden_globes_432","0.1111111111111111","","1973-01-01","2003-01-01","1973-01-01","2003-01-01","0.0","0.0","Marlon Brando","['Edie Falco', 'James Gandolfini', 'Michael Imperioli']","Marlon Brando","['Edie Falco', 'James Gandolfini', 'Michael Imperioli']","0.0","0.0","The Godfather","Sopranos, The","the godfather","sopranos, the","0.3333333333333333","0.3333333333333333"
"RuleBasedMatcher","actors_123","golden_globes_534","0.1111111111111111","","1973-01-01","2001-01-01","1973-01-01","2001-01-01","0.0","0.0","Marlon Brando","['Lorraine Bracco', 'Edie Falco', 'James Gandolfini']","Marlon Brando","['Lorraine Bracco', 'Edie Falco', 'James Gandolfini']","0.0","0.0","The Godfather","Sopranos, The","the godfather","sopranos, the","0.3333333333333333","0.3333333333333333"
"RuleBasedMatcher","actors_123","golden_globes_231","0.1111111111111111","","1973-01-01","2007-01-01","1973-01-01","2007-01-01","0.0","0.0","Marlon Brando","Edie Falco","marlon brando","edie falco","0.0","0.0","The Godfather","Sopranos, The","the godfather","sopranos, the","0.3333333333333333","0.3333333333333333"
"RuleBasedMatcher","actors_123","golden_globes_174","0.1111111111111111","","1973-01-01","2008-01-01","1973-01-01","2008-01-01","0.0","0.0","Marlon Brando","Edie Falco","marlon brando","edie falco","0.0","0.0","The Godfather","Sopranos, The","the godfather","sopranos, the","0.3333333333333333","0.3333333333333333"
"RuleBasedMatcher","actors_123","golden_globes_586","0.1111111111111111","","1973-01-01","2000-01-01","1973-01-01","2000-01-01","0.0","0.0","Marlon Brando","['Lorraine Bracco', 'Edie Falco', 'James Gandolfini', 'Nancy Marchand']","Marlon Brando","['Lorraine Bracco', 'Edie Falco', 'James Gandolfini', 'Nancy Marchand']","0.0","0.0","The Godfather","Sopranos, The","the godfather","sopranos, the","0.3333333333333333","0.3333333333333333"
"RuleBasedMatcher","actors_123","golden_globes_1697","0.0","","1973-01-01","1977-01-01","1973-01-01","1977-01-01","0.0","0.0","Marlon Brando","['Mel Brooks', 'Bernadette Peters', 'Marty Feldman']","Marlon Brando","['Mel Brooks', 'Bernadette Peters', 'Marty Feldman']","0.0","0.0","The Godfather","Silent Movie","the godfather","silent movie","0.0","0.0"
"RuleBasedMatcher","actors_123","golden_globes_1622","0.0","","1973-01-01","1979-01-01","1973-01-01","1979-01-01","0.0","0.0","Marlon Brando","George C. Scott","marlon brando","george c. scott","0.0","0.0","The Godfather","Movie, Movie","the godfather","movie, movie","0.0","0.0"
"RuleBasedMatcher","actors_123","golden_globes_509","0.0","","1973-01-01","2001-01-01","1973-01-01","2001-01-01","0.0","0.0","Marlon Brando","Ellen Burstyn","marlon brando","ellen burstyn","0.0","0.0","The Godfather","Requiem For a Dream","the godfather","requiem for a dream","0.0","0.0"
"RuleBasedMatcher","actors_124","golden_globes_1814","0.95","","1974-01-01","1974-01-01","1974-01-01","1974-01-01","1.0","1.0","Jack Lemmon","['Jack Lemmon', 'Jack Gilford']","Jack Lemmon","['Jack Lemmon', 'Jack Gilford']","0.5","0.5","Save the Tiger","Save The Tiger","save the tiger","save the tiger","1.0","1.0"
"RuleBasedMatcher","actors_124","golden_globes_531","0.0","","1974-01-01","2001-01-01","1974-01-01","2001-01-01","0.0","0.0","Jack Lemmon","","jack lemmon","","0.0","0.0","Save the Tiger","Crouching Tiger, Hidden Dragon","save the tiger","crouching tiger, hidden dragon","0.0","0.0"
"RuleBasedMatcher","actors_124","golden_globes_1727","0.0","","1974-01-01","1977-01-01","1974-01-01","1977-01-01","0.0","0.0","Jack Lemmon","Darleen Carr","jack lemmon","darleen carr","0.0","0.0","Save the Tiger","Once an Eagle","save the tiger","once an eagle","0.0","0.0"
"RuleBasedMatcher","actors_124","golden_globes_518","0.0","","1974-01-01","2001-01-01","1974-01-01","2001-01-01","0.0","0.0","Jack Lemmon","Brenda Blethyn","jack lemmon","brenda blethyn","0.0","0.0","Save the Tiger","Saving Grace","save the tiger","saving grace","0.0","0.0"
"RuleBasedMatcher","actors_124","golden_globes_176","0.0","","1974-01-01","2008-01-01","1974-01-01","2008-01-01","0.0","0.0","Jack Lemmon","Holly Hunter","jack lemmon","holly hunter","0.0","0.0","Save the Tiger","Saving Grace","save the tiger","saving grace","0.0","0.0"
"RuleBasedMatcher","actors_124","golden_globes_676","0.06666666666666667","","1974-01-01","1998-01-01","1974-01-01","1998-01-01","0.0","0.0","Jack Lemmon","Dustin Hoffman","jack lemmon","dustin hoffman","0.0","0.0","Save the Tiger","Wag The Dog","save the tiger","wag the dog","0.2","0.2"
"RuleBasedMatcher","actors_124","golden_globes_340","0.0","","1974-01-01","2005-01-01","1974-01-01","2005-01-01","0.0","0.0","Jack Lemmon","Denis Leary","jack lemmon","denis leary","0.0","0.0","Save the Tiger","Rescue Me","save the tiger","rescue me","0.0","0.0"
"RuleBasedMatcher","actors_124","golden_globes_666","0.0","","1974-01-01","1998-01-01","1974-01-01","1998-01-01","0.0","0.0","Jack Lemmon","['Matt Damon', 'Robin Williams']","Jack Lemmon","['Matt Damon', 'Robin Williams']","0.0","0.0","Save the Tiger","Good Will Hunting","save the tiger","good will hunting","0.0","0.0"
"RuleBasedMatcher","actors_124","golden_globes_769","0.0","","1974-01-01","1996-01-01","1974-01-01","1996-01-01","0.0","0.0","Jack Lemmon","Nicole Kidman","jack lemmon","nicole kidman","0.0","0.0","Save the Tiger","To Die For","save the tiger","to die for","0.0","0.0"
"RuleBasedMatcher","actors_124","golden_globes_352","0.047619047619047616","","1974-01-01","2005-01-01","1974-01-01","2005-01-01","0.0","0.0","Jack Lemmon","['Glenn Close', 'Patrick Stewart']","Jack Lemmon","['Glenn Close', 'Patrick Stewart']","0.0","0.0","Save the Tiger","Lion In Winter (2004), The","save the tiger","lion in winter (2004), the","0.14285714285714285","0.14285714285714285"
"RuleBasedMatcher","actors_124","golden_globes_1745","0.041666666666666664","","1974-01-01","1976-01-01","1974-01-01","1976-01-01","0.0","0.0","Jack Lemmon","Peter Sellers","jack lemmon","peter sellers","0.0","0.0","Save the Tiger","Return Of The Pink Panther, The","save the tiger","return of the pink panther, the","0.125","0.125"
"RuleBasedMatcher","actors_124","golden_globes_1967","0.041666666666666664","","1974-01-01","1969-01-01","1974-01-01","1969-01-01","0.0","0.0","Jack Lemmon","['Alan Arkin', 'Sondra Locke']","Jack Lemmon","['Alan Arkin', 'Sondra Locke']","0.0","0.0","Save the Tiger","Heart Is a Lonely Hunter, The","save the tiger","heart is a lonely hunter, the","0.125","0.125"
"RuleBasedMatcher","actors_124","golden_globes_150","0.06666666666666667","","1974-01-01","2008-01-01","1974-01-01","2008-01-01","0.0","0.0","Jack Lemmon","Jodie Foster","jack lemmon","jodie foster","0.0","0.0","Save the Tiger","Brave One, The","save the tiger","brave one, the","0.2","0.2"
"RuleBasedMatcher","actors_124","golden_globes_358","0.0","","1974-01-01","2005-01-01","1974-01-01","2005-01-01","0.0","0.0","Jack Lemmon","Jamie Foxx","jack lemmon","jamie foxx","0.0","0.0","Save the Tiger","Redemption","save the tiger","redemption","0.0","0.0"
"RuleBasedMatcher","actors_124","golden_globes_1220","0.0","","1974-01-01","1988-01-01","1974-01-01","1988-01-01","0.0","0.0","Jack Lemmon","Raquel Welch","jack lemmon","raquel welch","0.0","0.0","Save the Tiger","Right To Die","save the tiger","right to die","0.0","0.0"
"RuleBasedMatcher","actors_124","golden_globes_276","0.08333333333333333","","1974-01-01","2006-01-01","1974-01-01","2006-01-01","0.0","0.0","Jack Lemmon","Pierce Brosnan","jack lemmon","pierce brosnan","0.0","0.0","Save the Tiger","Matador, The","save the tiger","matador, the","0.25","0.25"
"RuleBasedMatcher","actors_124","golden_globes_151","0.0","","1974-01-01","2008-01-01","1974-01-01","2008-01-01","0.0","0.0","Jack Lemmon","Angelina Jolie","jack lemmon","angelina jolie","0.0","0.0","Save the Tiger","Mighty Heart, A","save the tiger","mighty heart, a","0.0","0.0"
"RuleBasedMatcher","actors_124","golden_globes_17","0.0","","1974-01-01","2011-01-01","1974-01-01","2011-01-01","0.0","0.0","Jack Lemmon","Jacki Weaver","jack lemmon","jacki weaver","0.0","0.0","Save the Tiger","Animal Kingdom","save the tiger","animal kingdom","0.0","0.0"
"RuleBasedMatcher","actors_124","golden_globes_618","0.0","","1974-01-01","1999-01-01","1974-01-01","1999-01-01","0.0","0.0","Jack Lemmon","Tom Hanks","jack lemmon","tom hanks","0.0","0.0","Save the Tiger","Saving Private Ryan","save the tiger","saving private ryan","0.0","0.0"
"RuleBasedMatcher","actors_124","golden_globes_751","0.0","","1974-01-01","1997-01-01","1974-01-01","1997-01-01","0.0","0.0","Jack Lemmon","['Helen Mirren', 'Beau Bridges']","Jack Lemmon","['Helen Mirren', 'Beau Bridges']","0.0","0.0","Save the Tiger","Losing Chase","save the tiger","losing chase","0.0","0.0"
"RuleBasedMatcher","actors_125","golden_globes_1785","0.8333333333333334","1","1975-01-01","1975-01-01","1975-01-01","1975-01-01","1.0","1.0","Art Carney","Art Carney","art carney","art carney","1.0","1.0","Harry and Tonto","Harry & Tonto","harry and tonto","harry & tonto","0.5","0.5"
"RuleBasedMatcher","actors_125","golden_globes_1739","0.0","","1975-01-01","1976-01-01","1975-01-01","1976-01-01","0.0","0.0","Art Carney","James Whitmore","art carney","james whitmore","0.0","0.0","Harry and Tonto","Give 'Em Hell, Harry!","harry and tonto","give 'em hell, harry!","0.0","0.0"
"RuleBasedMatcher","actors_125","golden_globes_1365","0.06666666666666667","","1975-01-01","1985-01-01","1975-01-01","1985-01-01","0.0","0.0","Art Carney","Jane Curtin","art carney","jane curtin","0.0","0.0","Harry and Tonto","Kate and Allie","harry and tonto","kate and allie","0.2","0.2"
"RuleBasedMatcher","actors_125","golden_globes_1085","0.05555555555555555","","1975-01-01","1990-01-01","1975-01-01","1990-01-01","0.0","0.0","Art Carney","['Meg Ryan', 'Billy Crystal']","Art Carney","['Meg Ryan', 'Billy Crystal']","0.0","0.0","Harry and Tonto","When Harry Met Sally","harry and tonto","when harry met sally","0.16666666666666666","0.16666666666666666"
"RuleBasedMatcher","actors_125","golden_globes_1355","0.05555555555555555","","1975-01-01","1985-01-01","1975-01-01","1985-01-01","0.0","0.0","Art Carney","Kate Jackson","art carney","kate jackson","0.0","0.0","Harry and Tonto","Scarecrow and Mrs. King","harry and tonto","scarecrow and mrs. king","0.16666666666666666","0.16666666666666666"
"RuleBasedMatcher","actors_125","golden_globes_1543","0.06666666666666667","","1975-01-01","1981-01-01","1975-01-01","1981-01-01","0.0","0.0","Art Carney","['Paul Le Mat', 'Mary Steenburgen', 'Jason Robards Jr.']","Art Carney","['Paul Le Mat', 'Mary Steenburgen', 'Jason Robards Jr.']","0.0","0.0","Harry and Tonto","Melvin and Howard","harry and tonto","melvin and howard","0.2","0.2"
"RuleBasedMatcher","actors_125","golden_globes_220","0.0","","1975-01-01","2007-01-01","1975-01-01","2007-01-01","0.0","0.0","Art Carney","Ren�e Zellweger","art carney","ren�e zellweger","0.0","0.0","Harry and Tonto","Miss Potter","harry and tonto","miss potter","0.0","0.0"
"RuleBasedMatcher","actors_125","golden_globes_1319","0.0","","1975-01-01","1986-01-01","1975-01-01","1986-01-01","0.0","0.0","Art Carney","Peter Strauss","art carney","peter strauss","0.0","0.0","Harry and Tonto","Kane & Abel","harry and tonto","kane & abel","0.0","0.0"
"RuleBasedMatcher","actors_125","golden_globes_2017","0.0","","1975-01-01","1966-01-01","1975-01-01","1966-01-01","0.0","0.0","Art Carney","['Maggie Smith', 'Joyce Redman']","Art Carney","['Maggie Smith', 'Joyce Redman']","0.0","0.0","Harry and Tonto","Othello","harry and tonto","othello","0.0","0.0"
"RuleBasedMatcher","actors_125","golden_globes_1105","0.0","","1975-01-01","1990-01-01","1975-01-01","1990-01-01","0.0","0.0","Art Carney","Stephanie Beacham","art carney","stephanie beacham","0.0","0.0","Harry and Tonto","Sister Kate","harry and tonto","sister kate","0.0","0.0"
"RuleBasedMatcher","actors_125","golden_globes_615","0.06666666666666667","","1975-01-01","1999-01-01","1975-01-01","1999-01-01","0.0","0.0","Art Carney","Emily Watson","art carney","emily watson","0.0","0.0","Harry and Tonto","Hilary and Jackie","harry and tonto","hilary and jackie","0.2","0.2"
"RuleBasedMatcher","actors_125","golden_globes_431","0.0","","1975-01-01","2003-01-01","1975-01-01","2003-01-01","0.0","0.0","Art Carney","","art carney","","0.0","0.0","Harry and Tonto","Lord Of The Rings: The Two Towers, The","harry and tonto","lord of the rings: the two towers, the","0.0","0.0"
"RuleBasedMatcher","actors_125","golden_globes_1854","0.0","","1975-01-01","1973-01-01","1975-01-01","1973-01-01","0.0","0.0","Art Carney","['Marlon Brando', 'Al Pacino', 'James Caan']","Art Carney","['Marlon Brando', 'Al Pacino', 'James Caan']","0.0","0.0","Harry and Tonto","Godfather, The","harry and tonto","godfather, the","0.0","0.0"
"RuleBasedMatcher","actors_125","golden_globes_977","0.0","","1975-01-01","1992-01-01","1975-01-01","1992-01-01","0.0","0.0","Art Carney","Nick Nolte","art carney","nick nolte","0.0","0.0","Harry and Tonto","Prince Of Tides, The","harry and tonto","prince of tides, the","0.0","0.0"
"RuleBasedMatcher","actors_125","golden_globes_972","0.0","","1975-01-01","1992-01-01","1975-01-01","1992-01-01","0.0","0.0","Art Carney","['Geena Davis', 'Susan Sarandon']","Art Carney","['Geena Davis', 'Susan Sarandon']","0.0","0.0","Harry and Tonto","Thelma & Louise","harry and tonto","thelma & louise","0.0","0.0"
"RuleBasedMatcher","actors_125","golden_globes_1310","0.0","","1975-01-01","1986-01-01","1975-01-01","1986-01-01","0.0","0.0","Art Carney","Peggy Ashcroft","art carney","peggy ashcroft","0.0","0.0","Harry and Tonto","Jewel In The Crown, The","harry and tonto","jewel in the crown, the","0.0","0.0"
"RuleBasedMatcher","actors_125","golden_globes_2254","0.0","","1975-01-01","1951-01-01","1975-01-01","1951-01-01","0.0","0.0","Art Carney","Louis Calhern","art carney","louis calhern","0.0","0.0","Harry and Tonto","Magnificent Yankee, The","harry and tonto","magnificent yankee, the","0.0","0.0"
"RuleBasedMatcher","actors_125","golden_globes_601","0.06666666666666667","","1975-01-01","2000-01-01","1975-01-01","2000-01-01","0.0","0.0","Art Carney","['Judy Davis', 'Sam Shepard']","Art Carney","['Judy Davis', 'Sam Shepard']","0.0","0.0","Harry and Tonto","Dash and Lilly","harry and tonto","dash and lilly","0.2","0.2"
"RuleBasedMatcher","actors_125","golden_globes_806","0.0","","1975-01-01","1996-01-01","1975-01-01","1996-01-01","0.0","0.0","Art Carney","Gary Sinise","art carney","gary sinise","0.0","0.0","Harry and Tonto","Truman","harry and tonto","truman","0.0","0.0"
"RuleBasedMatcher","actors_125","golden_globes_1779","0.3333333333333333","","1975-01-01","1975-01-01","1975-01-01","1975-01-01","1.0","1.0","Art Carney","Al Pacino","art carney","al pacino","0.0","0.0","Harry and Tonto","Godfather Part Ii, The","harry and tonto","godfather part ii, the","0.0","0.0"
"RuleBasedMatcher","actors_126","golden_globes_1733","0.6666666666666666","1","1976-01-01","1976-01-01","1976-01-01","1976-01-01","1.0","1.0","Jack Nicholson","['Louise Fletcher', 'Jack Nicholson']","Jack Nicholson","['Louise Fletcher', 'Jack Nicholson']","0.5","0.5","One Flew Over The Cuckoo's Nes","One Flew Over The Cuckoo''s Nest","one flew over the cuckoo's nes","one flew over the cuckoo''s nest","0.5","0.5"
"RuleBasedMatcher","actors_126","golden_globes_1948","0.041666666666666664","","1976-01-01","1970-01-01","1976-01-01","1970-01-01","0.0","0.0","Jack Nicholson","Liza Minnelli","jack nicholson","liza minnelli","0.0","0.0","One Flew Over The Cuckoo's Nes","Sterile Cuckoo, The","one flew over the cuckoo's nes","sterile cuckoo, the","0.125","0.125"
"RuleBasedMatcher","actors_126","golden_globes_1896","0.0","","1976-01-01","1972-01-01","1976-01-01","1972-01-01","0.0","0.0","Jack Nicholson","Malcolm McDowell","jack nicholson","malcolm mcdowell","0.0","0.0","One Flew Over The Cuckoo's Nes","Clockwork Orange, a","one flew over the cuckoo's nes","clockwork orange, a","0.0","0.0"
"RuleBasedMatcher","actors_126","golden_globes_285","0.0","","1976-01-01","2006-01-01","1976-01-01","2006-01-01","0.0","0.0","Jack Nicholson","","jack nicholson","","0.0","0.0","One Flew Over The Cuckoo's Nes","King Kong","one flew over the cuckoo's nes","king kong","0.0","0.0"
"RuleBasedMatcher","actors_126","golden_globes_2093","0.0","","1976-01-01","1963-01-01","1976-01-01","1963-01-01","0.0","0.0","Jack Nicholson","Gregory Peck","jack nicholson","gregory peck","0.0","0.0","One Flew Over The Cuckoo's Nes","To Kill a Mockingbird","one flew over the cuckoo's nes","to kill a mockingbird","0.0","0.0"
"RuleBasedMatcher","actors_126","golden_globes_661","0.03333333333333333","","1976-01-01","1998-01-01","1976-01-01","1998-01-01","0.0","0.0","Jack Nicholson","Helena Bonham Carter","jack nicholson","helena bonham carter","0.0","0.0","One Flew Over The Cuckoo's Nes","Wings Of The Dove, The","one flew over the cuckoo's nes","wings of the dove, the","0.1","0.1"
"RuleBasedMatcher","actors_126","golden_globes_1939","0.0","","1976-01-01","1971-01-01","1976-01-01","1971-01-01","0.0","0.0","Jack Nicholson","Elizabeth Montgomery","jack nicholson","elizabeth montgomery","0.0","0.0","One Flew Over The Cuckoo's Nes","Bewitched","one flew over the cuckoo's nes","bewitched","0.0","0.0"
"RuleBasedMatcher","actors_126","golden_globes_2042","0.0","","1976-01-01","1965-01-01","1976-01-01","1965-01-01","0.0","0.0","Jack Nicholson","Dick Van Dyke","jack nicholson","dick van dyke","0.0","0.0","One Flew Over The Cuckoo's Nes","Mary Poppins","one flew over the cuckoo's nes","mary poppins","0.0","0.0"
"RuleBasedMatcher","actors_126","golden_globes_1697","0.0","","1976-01-01","1977-01-01","1976-01-01","1977-01-01","0.0","0.0","Jack Nicholson","['Mel Brooks', 'Bernadette Peters', 'Marty Feldman']","Jack Nicholson","['Mel Brooks', 'Bernadette Peters', 'Marty Feldman']","0.0","0.0","One Flew Over The Cuckoo's Nes","Silent Movie","one flew over the cuckoo's nes","silent movie","0.0","0.0"
"RuleBasedMatcher","actors_126","golden_globes_1294","0.037037037037037035","","1976-01-01","1986-01-01","1976-01-01","1986-01-01","0.0","0.0","Jack Nicholson","Michael J. Fox","jack nicholson","michael j. fox","0.0","0.0","One Flew Over The Cuckoo's Nes","Back To The Future","one flew over the cuckoo's nes","back to the future","0.1111111111111111","0.1111111111111111"
"RuleBasedMatcher","actors_126","golden_globes_1359","0.0","","1976-01-01","1985-01-01","1976-01-01","1985-01-01","0.0","0.0","Jack Nicholson","Stacy Keach","jack nicholson","stacy keach","0.0","0.0","One Flew Over The Cuckoo's Nes","Mickey Spillane's Mike Hammer","one flew over the cuckoo's nes","mickey spillane's mike hammer","0.0","0.0"
"RuleBasedMatcher","actors_126","golden_globes_1248","0.0","","1976-01-01","1987-01-01","1976-01-01","1987-01-01","0.0","0.0","Jack Nicholson","Matthew Broderick","jack nicholson","matthew broderick","0.0","0.0","One Flew Over The Cuckoo's Nes","Ferris Bueller's Day Off","one flew over the cuckoo's nes","ferris bueller's day off","0.0","0.0"
"RuleBasedMatcher","actors_126","golden_globes_431","0.025641025641025644","","1976-01-01","2003-01-01","1976-01-01","2003-01-01","0.0","0.0","Jack Nicholson","","jack nicholson","","0.0","0.0","One Flew Over The Cuckoo's Nes","Lord Of The Rings: The Two Towers, The","one flew over the cuckoo's nes","lord of the rings: the two towers, the","0.07692307692307693","0.07692307692307693"
"RuleBasedMatcher","actors_126","golden_globes_1498","0.03333333333333333","","1976-01-01","1982-01-01","1976-01-01","1982-01-01","0.0","0.0","Jack Nicholson","","jack nicholson","","0.0","0.0","One Flew Over The Cuckoo's Nes","Raiders Of The Lost Ark","one flew over the cuckoo's nes","raiders of the lost ark","0.1","0.1"
"RuleBasedMatcher","actors_126","golden_globes_2053","0.037037037037037035","","1976-01-01","1964-01-01","1976-01-01","1964-01-01","0.0","0.0","Jack Nicholson","['Geraldine Page', 'Wendy Hiller']","Jack Nicholson","['Geraldine Page', 'Wendy Hiller']","0.0","0.0","One Flew Over The Cuckoo's Nes","Toys In The Attic","one flew over the cuckoo's nes","toys in the attic","0.1111111111111111","0.1111111111111111"
"RuleBasedMatcher","actors_126","golden_globes_2036","0.037037037037037035","","1976-01-01","1965-01-01","1976-01-01","1965-01-01","0.0","0.0","Jack Nicholson","Geraldine Page","jack nicholson","geraldine page","0.0","0.0","One Flew Over The Cuckoo's Nes","Toys In The Attic","one flew over the cuckoo's nes","toys in the attic","0.1111111111111111","0.1111111111111111"
"RuleBasedMatcher","actors_126","golden_globes_387","0.022222222222222223","","1976-01-01","2004-01-01","1976-01-01","2004-01-01","0.0","0.0","Jack Nicholson","","jack nicholson","","0.0","0.0","One Flew Over The Cuckoo's Nes","Lord Of The Rings: The Return Of The King, The","one flew over the cuckoo's nes","lord of the rings: the return of the king, the","0.06666666666666667","0.06666666666666667"
"RuleBasedMatcher","actors_126","golden_globes_1134","0.0","","1976-01-01","1989-01-01","1976-01-01","1989-01-01","0.0","0.0","Jack Nicholson","['Forest Whitaker', 'Diane Venora']","Jack Nicholson","['Forest Whitaker', 'Diane Venora']","0.0","0.0","One Flew Over The Cuckoo's Nes","Bird","one flew over the cuckoo's nes","bird","0.0","0.0"
"RuleBasedMatcher","actors_126","golden_globes_1068","0.0","","1976-01-01","1991-01-01","1976-01-01","1991-01-01","0.0","0.0","Jack Nicholson","Michael Caine","jack nicholson","michael caine","0.0","0.0","One Flew Over The Cuckoo's Nes","Jekyll & Hyde","one flew over the cuckoo's nes","jekyll & hyde","0.0","0.0"
"RuleBasedMatcher","actors_126","golden_globes_2016","0.0","","1976-01-01","1966-01-01","1976-01-01","1966-01-01","0.0","0.0","Jack Nicholson","['Simone Signoret', 'Oskar Werner']","Jack Nicholson","['Simone Signoret', 'Oskar Werner']","0.0","0.0","One Flew Over The Cuckoo's Nes","Ship Of Fools","one flew over the cuckoo's nes","ship of fools","0.0","0.0"
"RuleBasedMatcher","actors_127","golden_globes_1657","0.611111111111111","1","1978-01-01","1978-01-01","1978-01-01","1978-01-01","1.0","1.0","Richard Dreyfuss","['Marsha Mason', 'Richard Dreyfuss', 'Quinn Cummings']","Richard Dreyfuss","['Marsha Mason', 'Richard Dreyfuss', 'Quinn Cummings']","0.3333333333333333","0.3333333333333333","The Goodbye Girl","Goodbye Girl, The","the goodbye girl","goodbye girl, the","0.5","0.5"
"RuleBasedMatcher","actors_127","golden_globes_1440","0.06666666666666667","","1978-01-01","1983-01-01","1978-01-01","1983-01-01","0.0","0.0","Richard Dreyfuss","Sally Field","richard dreyfuss","sally field","0.0","0.0","The Goodbye Girl","Kiss Me Goodbye","the goodbye girl","kiss me goodbye","0.2","0.2"
"RuleBasedMatcher","actors_127","golden_globes_2133","0.0","","1978-01-01","1961-01-01","1978-01-01","1961-01-01","0.0","0.0","Richard Dreyfuss","Dirk Bogarde","richard dreyfuss","dirk bogarde","0.0","0.0","The Goodbye Girl","Song Without End","the goodbye girl","song without end","0.0","0.0"
"RuleBasedMatcher","actors_127","golden_globes_549","0.041666666666666664","","1978-01-01","2001-01-01","1978-01-01","2001-01-01","0.0","0.0","Richard Dreyfuss","Judi Dench","richard dreyfuss","judi dench","0.0","0.0","The Goodbye Girl","Last Of The Blonde Bombshells, The","the goodbye girl","last of the blonde bombshells, the","0.125","0.125"
"RuleBasedMatcher","actors_127","golden_globes_167","0.0","","1978-01-01","2008-01-01","1978-01-01","2008-01-01","0.0","0.0","Richard Dreyfuss","Amy Ryan","richard dreyfuss","amy ryan","0.0","0.0","The Goodbye Girl","Gone Baby Gone","the goodbye girl","gone baby gone","0.0","0.0"
"RuleBasedMatcher","actors_127","golden_globes_2216","0.06666666666666667","","1978-01-01","1955-01-01","1978-01-01","1955-01-01","0.0","0.0","Richard Dreyfuss","Grace Kelly","richard dreyfuss","grace kelly","0.0","0.0","The Goodbye Girl","Country Girl, The","the goodbye girl","country girl, the","0.2","0.2"
"RuleBasedMatcher","actors_127","golden_globes_412","0.08333333333333333","","1978-01-01","2004-01-01","1978-01-01","2004-01-01","0.0","0.0","Richard Dreyfuss","['Troy Garity', 'Lee Pace']","Richard Dreyfuss","['Troy Garity', 'Lee Pace']","0.0","0.0","The Goodbye Girl","Soldier's Girl","the goodbye girl","soldier's girl","0.25","0.25"
"RuleBasedMatcher","actors_127","golden_globes_217","0.0","","1978-01-01","2007-01-01","1978-01-01","2007-01-01","0.0","0.0","Richard Dreyfuss","Toni Collette","richard dreyfuss","toni collette","0.0","0.0","The Goodbye Girl","Little Miss Sunshine","the goodbye girl","little miss sunshine","0.0","0.0"
"RuleBasedMatcher","actors_127","golden_globes_1949","0.06666666666666667","","1978-01-01","1970-01-01","1978-01-01","1970-01-01","0.0","0.0","Richard Dreyfuss","Jean Simmons","richard dreyfuss","jean simmons","0.0","0.0","The Goodbye Girl","Happy Ending, The","the goodbye girl","happy ending, the","0.2","0.2"
"RuleBasedMatcher","actors_127","golden_globes_305","0.1111111111111111","","1978-01-01","2006-01-01","1978-01-01","2006-01-01","0.0","0.0","Richard Dreyfuss","['Kelly MacDonald', 'Bill Nighy']","Richard Dreyfuss","['Kelly MacDonald', 'Bill Nighy']","0.0","0.0","The Goodbye Girl","Girl In The Caf�, The","the goodbye girl","girl in the caf�, the","0.3333333333333333","0.3333333333333333"
"RuleBasedMatcher","actors_127","golden_globes_212","0.08333333333333333","","1978-01-01","2007-01-01","1978-01-01","2007-01-01","0.0","0.0","Richard Dreyfuss","['Leonardo DiCaprio', 'Jack Nicholson', 'Mark Wahlberg']","Richard Dreyfuss","['Leonardo DiCaprio', 'Jack Nicholson', 'Mark Wahlberg']","0.0","0.0","The Goodbye Girl","Departed, The","the goodbye girl","departed, the","0.25","0.25"
"RuleBasedMatcher","actors_127","golden_globes_2007","0.08333333333333333","","1978-01-01","1967-01-01","1978-01-01","1967-01-01","0.0","0.0","Richard Dreyfuss","Alan Bates","richard dreyfuss","alan bates","0.0","0.0","The Goodbye Girl","Georgy Girl","the goodbye girl","georgy girl","0.25","0.25"
"RuleBasedMatcher","actors_127","golden_globes_1304","0.06666666666666667","","1978-01-01","1986-01-01","1978-01-01","1986-01-01","0.0","0.0","Richard Dreyfuss","['Beatrice Arthur', 'Estelle Getty', 'Rue McClanahan', 'Betty White']","Richard Dreyfuss","['Beatrice Arthur', 'Estelle Getty', 'Rue McClanahan', 'Betty White']","0.0","0.0","The Goodbye Girl","Golden Girls, The","the goodbye girl","golden girls, the","0.2","0.2"
"RuleBasedMatcher","actors_127","golden_globes_1017","0.06666666666666667","","1978-01-01","1992-01-01","1978-01-01","1992-01-01","0.0","0.0","Richard Dreyfuss","Estelle Getty","richard dreyfuss","estelle getty","0.0","0.0","The Goodbye Girl","Golden Girls, The","the goodbye girl","golden girls, the","0.2","0.2"
"RuleBasedMatcher","actors_127","golden_globes_1210","0.06666666666666667","","1978-01-01","1988-01-01","1978-01-01","1988-01-01","0.0","0.0","Richard Dreyfuss","['Beatrice Arthur', 'Rue McClanahan', 'Betty White']","Richard Dreyfuss","['Beatrice Arthur', 'Rue McClanahan', 'Betty White']","0.0","0.0","The Goodbye Girl","Golden Girls, The","the goodbye girl","golden girls, the","0.2","0.2"
"RuleBasedMatcher","actors_127","golden_globes_1264","0.06666666666666667","","1978-01-01","1987-01-01","1978-01-01","1987-01-01","0.0","0.0","Richard Dreyfuss","['Beatrice Arthur', 'Estelle Getty', 'Rue McClanahan', 'Betty White']","Richard Dreyfuss","['Beatrice Arthur', 'Estelle Getty', 'Rue McClanahan', 'Betty White']","0.0","0.0","The Goodbye Girl","Golden Girls, The","the goodbye girl","golden girls, the","0.2","0.2"
"RuleBasedMatcher","actors_127","golden_globes_1156","0.06666666666666667","","1978-01-01","1989-01-01","1978-01-01","1989-01-01","0.0","0.0","Richard Dreyfuss","['Beatrice Arthur', 'Betty White']","Richard Dreyfuss","['Beatrice Arthur', 'Betty White']","0.0","0.0","The Goodbye Girl","Golden Girls, The","the goodbye girl","golden girls, the","0.2","0.2"
"RuleBasedMatcher","actors_127","golden_globes_580","0.0","","1978-01-01","2000-01-01","1978-01-01","2000-01-01","0.0","0.0","Richard Dreyfuss","Angelina Jolie","richard dreyfuss","angelina jolie","0.0","0.0","The Goodbye Girl","Girl, Interrupted","the goodbye girl","girl, interrupted","0.0","0.0"
"RuleBasedMatcher","actors_127","golden_globes_1827","0.0","","1978-01-01","1974-01-01","1978-01-01","1974-01-01","0.0","0.0","Richard Dreyfuss","","richard dreyfuss","","0.0","0.0","The Goodbye Girl","Last Tango In Paris","the goodbye girl","last tango in paris","0.0","0.0"
"RuleBasedMatcher","actors_127","golden_globes_1581","0.0","","1978-01-01","1980-01-01","1978-01-01","1980-01-01","0.0","0.0","Richard Dreyfuss","Laurence Olivier","richard dreyfuss","laurence olivier","0.0","0.0","The Goodbye Girl","Little Romance, a","the goodbye girl","little romance, a","0.0","0.0"
"RuleBasedMatcher","actors_128","golden_globes_1569","0.9249999999999999","","1980-01-01","1980-01-01","1980-01-01","1980-01-01","1.0","1.0","Dustin Hoffman","['Dustin Hoffman', 'Jane Alexander', 'Meryl Streep', 'Justin Henry']","Dustin Hoffman","['Dustin Hoffman', 'Jane Alexander', 'Meryl Streep', 'Justin Henry']","0.25","0.25","Kramer vs. Kramer","Kramer Vs. Kramer","kramer vs. kramer","kramer vs. kramer","1.0","1.0"
"RuleBasedMatcher","actors_128","golden_globes_968","0.0","","1980-01-01","1993-01-01","1980-01-01","1993-01-01","0.0","0.0","Dustin Hoffman","Jason Alexander","dustin hoffman","jason alexander","0.0","0.0","Kramer vs. Kramer","Seinfeld","kramer vs. kramer","seinfeld","0.0","0.0"
"RuleBasedMatcher","actors_128","golden_globes_902","0.0","","1980-01-01","1994-01-01","1980-01-01","1994-01-01","0.0","0.0","Dustin Hoffman","['Jerry Seinfeld', 'Julia Louis-Dreyfus', 'Jason Alexander']","Dustin Hoffman","['Jerry Seinfeld', 'Julia Louis-Dreyfus', 'Jason Alexander']","0.0","0.0","Kramer vs. Kramer","Seinfeld","kramer vs. kramer","seinfeld","0.0","0.0"
"RuleBasedMatcher","actors_128","golden_globes_698","0.0","","1980-01-01","1998-01-01","1980-01-01","1998-01-01","0.0","0.0","Dustin Hoffman","['Jerry Seinfeld', 'Jason Alexander']","Dustin Hoffman","['Jerry Seinfeld', 'Jason Alexander']","0.0","0.0","Kramer vs. Kramer","Seinfeld","kramer vs. kramer","seinfeld","0.0","0.0"
"RuleBasedMatcher","actors_128","golden_globes_850","0.0","","1980-01-01","1995-01-01","1980-01-01","1995-01-01","0.0","0.0","Dustin Hoffman","['Jerry Seinfeld', 'Julia Louis-Dreyfus', 'Jason Alexander']","Dustin Hoffman","['Jerry Seinfeld', 'Julia Louis-Dreyfus', 'Jason Alexander']","0.0","0.0","Kramer vs. Kramer","Seinfeld","kramer vs. kramer","seinfeld","0.0","0.0"
"RuleBasedMatcher","actors_128","golden_globes_797","0.0","","1980-01-01","1996-01-01","1980-01-01","1996-01-01","0.0","0.0","Dustin Hoffman","Jerry Seinfeld","dustin hoffman","jerry seinfeld","0.0","0.0","Kramer vs. Kramer","Seinfeld","kramer vs. kramer","seinfeld","0.0","0.0"
"RuleBasedMatcher","actors_128","golden_globes_1995","0.0","","1980-01-01","1968-01-01","1980-01-01","1968-01-01","0.0","0.0","Dustin Hoffman","Lillian Gish","dustin hoffman","lillian gish","0.0","0.0","Kramer vs. Kramer","Comedians, The","kramer vs. kramer","comedians, the","0.0","0.0"
"RuleBasedMatcher","actors_128","golden_globes_1270","0.0","","1980-01-01","1987-01-01","1980-01-01","1987-01-01","0.0","0.0","Dustin Hoffman","['Farrah Fawcett', 'Geraldine Page', 'Tom Conti']","Dustin Hoffman","['Farrah Fawcett', 'Geraldine Page', 'Tom Conti']","0.0","0.0","Kramer vs. Kramer","Nazi Hunter: The Beate Klarsfeld Story","kramer vs. kramer","nazi hunter: the beate klarsfeld story","0.0","0.0"
"RuleBasedMatcher","actors_128","golden_globes_46","0.0","","1980-01-01","2011-01-01","1980-01-01","2011-01-01","0.0","0.0","Dustin Hoffman","Edgar Ramirez","dustin hoffman","edgar ramirez","0.0","0.0","Kramer vs. Kramer","Carlos","kramer vs. kramer","carlos","0.0","0.0"
"RuleBasedMatcher","actors_128","golden_globes_1646","0.0","","1980-01-01","1978-01-01","1980-01-01","1978-01-01","0.0","0.0","Dustin Hoffman","['Jane Fonda', 'Vanessa Redgrave', 'Jason Robards Jr.', 'Maximilian Schell']","Dustin Hoffman","['Jane Fonda', 'Vanessa Redgrave', 'Jason Robards Jr.', 'Maximilian Schell']","0.0","0.0","Kramer vs. Kramer","Julia","kramer vs. kramer","julia","0.0","0.0"
"RuleBasedMatcher","actors_128","golden_globes_323","0.0","","1980-01-01","2005-01-01","1980-01-01","2005-01-01","0.0","0.0","Dustin Hoffman","Annette Bening","dustin hoffman","annette bening","0.0","0.0","Kramer vs. Kramer","Being Julia","kramer vs. kramer","being julia","0.0","0.0"
"RuleBasedMatcher","actors_128","golden_globes_615","0.0","","1980-01-01","1999-01-01","1980-01-01","1999-01-01","0.0","0.0","Dustin Hoffman","Emily Watson","dustin hoffman","emily watson","0.0","0.0","Kramer vs. Kramer","Hilary and Jackie","kramer vs. kramer","hilary and jackie","0.0","0.0"
"RuleBasedMatcher","actors_128","golden_globes_546","0.0","","1980-01-01","2001-01-01","1980-01-01","2001-01-01","0.0","0.0","Dustin Hoffman","Ted Danson","dustin hoffman","ted danson","0.0","0.0","Kramer vs. Kramer","Becker","kramer vs. kramer","becker","0.0","0.0"
"RuleBasedMatcher","actors_128","golden_globes_1340","0.0","","1980-01-01","1985-01-01","1980-01-01","1985-01-01","0.0","0.0","Dustin Hoffman","Eddie Murphy","dustin hoffman","eddie murphy","0.0","0.0","Kramer vs. Kramer","Beverly Hills Cop","kramer vs. kramer","beverly hills cop","0.0","0.0"
"RuleBasedMatcher","actors_128","golden_globes_711","0.047619047619047616","","1980-01-01","1997-01-01","1980-01-01","1997-01-01","0.0","0.0","Dustin Hoffman","['Courtney Love', 'Woody Harrelson']","Dustin Hoffman","['Courtney Love', 'Woody Harrelson']","0.0","0.0","Kramer vs. Kramer","People Vs. Larry Flynt, The","kramer vs. kramer","people vs. larry flynt, the","0.14285714285714285","0.14285714285714285"
"RuleBasedMatcher","actors_128","golden_globes_63","0.0","","1980-01-01","2010-01-01","1980-01-01","2010-01-01","0.0","0.0","Dustin Hoffman","Meryl Streep","dustin hoffman","meryl streep","0.0","0.0","Kramer vs. Kramer","Julie & Julia","kramer vs. kramer","julie & julia","0.0","0.0"
"RuleBasedMatcher","actors_128","golden_globes_2102","0.0","","1980-01-01","1963-01-01","1980-01-01","1963-01-01","0.0","0.0","Dustin Hoffman","Angela Lansbury","dustin hoffman","angela lansbury","0.0","0.0","Kramer vs. Kramer","Manchurian Candidate, The","kramer vs. kramer","manchurian candidate, the","0.0","0.0"
"RuleBasedMatcher","actors_128","golden_globes_671","0.0","","1980-01-01","1998-01-01","1980-01-01","1998-01-01","0.0","0.0","Dustin Hoffman","['Pam Grier', 'Samuel L. Jackson']","Dustin Hoffman","['Pam Grier', 'Samuel L. Jackson']","0.0","0.0","Kramer vs. Kramer","Jackie Brown","kramer vs. kramer","jackie brown","0.0","0.0"
"RuleBasedMatcher","actors_128","golden_globes_1515","0.047619047619047616","","1980-01-01","1982-01-01","1980-01-01","1982-01-01","0.0","0.0","Dustin Hoffman","Ellen Burstyn","dustin hoffman","ellen burstyn","0.0","0.0","Kramer vs. Kramer","People Vs. Jean Harris, The","kramer vs. kramer","people vs. jean harris, the","0.14285714285714285","0.14285714285714285"
"RuleBasedMatcher","actors_128","golden_globes_2113","0.0","","1980-01-01","1962-01-01","1980-01-01","1962-01-01","0.0","0.0","Dustin Hoffman","['Paul Newman', 'Jackie Gleason', 'George C. Scott']","Dustin Hoffman","['Paul Newman', 'Jackie Gleason', 'George C. Scott']","0.0","0.0","Kramer vs. Kramer","Hustler, The","kramer vs. kramer","hustler, the","0.0","0.0"
"RuleBasedMatcher","actors_129","golden_globes_1533","0.9428571428571427","","1981-01-01","1981-01-01","1981-01-01","1981-01-01","1.0","1.0","Robert De Niro","['Robert De Niro', 'Cathy Moriarty', 'Joe Pesci']","Robert De Niro","['Robert De Niro', 'Cathy Moriarty', 'Joe Pesci']","0.42857142857142855","0.42857142857142855","Raging Bull","Raging Bull","raging bull","raging bull","1.0","1.0"
"RuleBasedMatcher","actors_129","golden_globes_1139","0.1111111111111111","","1981-01-01","1989-01-01","1981-01-01","1989-01-01","0.0","0.0","Robert De Niro","Susan Sarandon","robert de niro","susan sarandon","0.0","0.0","Raging Bull","Bull Durham","raging bull","bull durham","0.3333333333333333","0.3333333333333333"
"RuleBasedMatcher","actors_129","golden_globes_1687","0.0","","1981-01-01","1977-01-01","1981-01-01","1977-01-01","0.0","0.0","Robert De Niro","['Talia Shire', 'Sylvester Stallone']","Robert De Niro","['Talia Shire', 'Sylvester Stallone']","0.0","0.0","Raging Bull","Rocky","raging bull","rocky","0.0","0.0"
"RuleBasedMatcher","actors_129","golden_globes_1789","0.0","","1981-01-01","1975-01-01","1981-01-01","1975-01-01","0.0","0.0","Robert De Niro","['Jennifer Jones', 'Fred Astaire']","Robert De Niro","['Jennifer Jones', 'Fred Astaire']","0.0","0.0","Raging Bull","Towering Inferno, The","raging bull","towering inferno, the","0.0","0.0"
"RuleBasedMatcher","actors_129","golden_globes_179","0.0","","1981-01-01","2008-01-01","1981-01-01","2008-01-01","0.0","0.0","Robert De Niro","Jon Hamm","robert de niro","jon hamm","0.0","0.0","Raging Bull","Mad Men","raging bull","mad men","0.0","0.0"
"RuleBasedMatcher","actors_129","golden_globes_22","0.0","","1981-01-01","2011-01-01","1981-01-01","2011-01-01","0.0","0.0","Robert De Niro","['Elisabeth Moss', 'Jon Hamm']","Robert De Niro","['Elisabeth Moss', 'Jon Hamm']","0.0","0.0","Raging Bull","Mad Men","raging bull","mad men","0.0","0.0"
"RuleBasedMatcher","actors_129","golden_globes_74","0.0","","1981-01-01","2010-01-01","1981-01-01","2010-01-01","0.0","0.0","Robert De Niro","['January Jones', 'Jon Hamm']","Robert De Niro","['January Jones', 'Jon Hamm']","0.0","0.0","Raging Bull","Mad Men","raging bull","mad men","0.0","0.0"
"RuleBasedMatcher","actors_129","golden_globes_124","0.0","","1981-01-01","2009-01-01","1981-01-01","2009-01-01","0.0","0.0","Robert De Niro","['January Jones', 'Jon Hamm']","Robert De Niro","['January Jones', 'Jon Hamm']","0.0","0.0","Raging Bull","Mad Men","raging bull","mad men","0.0","0.0"
"RuleBasedMatcher","actors_129","golden_globes_2140","0.0","","1981-01-01","1961-01-01","1981-01-01","1961-01-01","0.0","0.0","Robert De Niro","Janet Leigh","robert de niro","janet leigh","0.0","0.0","Raging Bull","Psycho","raging bull","psycho","0.0","0.0"
"RuleBasedMatcher","actors_129","golden_globes_285","0.0","","1981-01-01","2006-01-01","1981-01-01","2006-01-01","0.0","0.0","Robert De Niro","","robert de niro","","0.0","0.0","Raging Bull","King Kong","raging bull","king kong","0.0","0.0"
"RuleBasedMatcher","actors_129","golden_globes_667","0.0","","1981-01-01","1998-01-01","1981-01-01","1998-01-01","0.0","0.0","Robert De Niro","Daniel Day-Lewis","robert de niro","daniel day-lewis","0.0","0.0","Raging Bull","Boxer, The","raging bull","boxer, the","0.0","0.0"
"RuleBasedMatcher","actors_129","golden_globes_1546","0.3333333333333333","","1981-01-01","1981-01-01","1981-01-01","1981-01-01","1.0","1.0","Robert De Niro","Debra Winger","robert de niro","debra winger","0.0","0.0","Raging Bull","Urban Cowboy","raging bull","urban cowboy","0.0","0.0"
"RuleBasedMatcher","actors_129","golden_globes_429","0.0","","1981-01-01","2003-01-01","1981-01-01","2003-01-01","0.0","0.0","Robert De Niro","Adam Sandler","robert de niro","adam sandler","0.0","0.0","Raging Bull","Punch-Drunk Love","raging bull","punch-drunk love","0.0","0.0"
"RuleBasedMatcher","actors_129","golden_globes_1410","0.0","","1981-01-01","1984-01-01","1981-01-01","1984-01-01","0.0","0.0","Robert De Niro","Tom Selleck","robert de niro","tom selleck","0.0","0.0","Raging Bull","Magnum, P. I.","raging bull","magnum, p. i.","0.0","0.0"
"RuleBasedMatcher","actors_129","golden_globes_1504","0.0","","1981-01-01","1982-01-01","1981-01-01","1982-01-01","0.0","0.0","Robert De Niro","['Tom Selleck', 'John Hillerman']","Robert De Niro","['Tom Selleck', 'John Hillerman']","0.0","0.0","Raging Bull","Magnum, P. I.","raging bull","magnum, p. i.","0.0","0.0"
"RuleBasedMatcher","actors_129","golden_globes_1455","0.0","","1981-01-01","1983-01-01","1981-01-01","1983-01-01","0.0","0.0","Robert De Niro","['Tom Selleck', 'John Hillerman']","Robert De Niro","['Tom Selleck', 'John Hillerman']","0.0","0.0","Raging Bull","Magnum, P. I.","raging bull","magnum, p. i.","0.0","0.0"
"RuleBasedMatcher","actors_129","golden_globes_1262","0.0","","1981-01-01","1987-01-01","1981-01-01","1987-01-01","0.0","0.0","Robert De Niro","['Tom Selleck', 'John Hillerman']","Robert De Niro","['Tom Selleck', 'John Hillerman']","0.0","0.0","Raging Bull","Magnum, P. I.","raging bull","magnum, p. i.","0.0","0.0"
"RuleBasedMatcher","actors_129","golden_globes_1302","0.0","","1981-01-01","1986-01-01","1981-01-01","1986-01-01","0.0","0.0","Robert De Niro","Tom Selleck","robert de niro","tom selleck","0.0","0.0","Raging Bull","Magnum, P. I.","raging bull","magnum, p. i.","0.0","0.0"
"RuleBasedMatcher","actors_129","golden_globes_1208","0.0","","1981-01-01","1988-01-01","1981-01-01","1988-01-01","0.0","0.0","Robert De Niro","['Tom Selleck', 'John Hillerman']","Robert De Niro","['Tom Selleck', 'John Hillerman']","0.0","0.0","Raging Bull","Magnum, P. I.","raging bull","magnum, p. i.","0.0","0.0"
"RuleBasedMatcher","actors_129","golden_globes_1360","0.0","","1981-01-01","1985-01-01","1981-01-01","1985-01-01","0.0","0.0","Robert De Niro","['Tom Selleck', 'John Hillerman']","Robert De Niro","['Tom Selleck', 'John Hillerman']","0.0","0.0","Raging Bull","Magnum, P. I.","raging bull","magnum, p. i.","0.0","0.0"
"RuleBasedMatcher","actors_130","golden_globes_1436","0.6666666666666666","1","1983-01-01","1983-01-01","1983-01-01","1983-01-01","1.0","1.0","Ben Kingsley","Ben Kingsley","ben kingsley","ben kingsley","1.0","1.0","Ghandi","Gandhi","ghandi","gandhi","0.0","0.0"
"RuleBasedMatcher","actors_130","golden_globes_1951","0.0","","1983-01-01","1970-01-01","1983-01-01","1970-01-01","0.0","0.0","Ben Kingsley","Alan Arkin","ben kingsley","alan arkin","0.0","0.0","Ghandi","Popi","ghandi","popi","0.0","0.0"
"RuleBasedMatcher","actors_130","golden_globes_546","0.0","","1983-01-01","2001-01-01","1983-01-01","2001-01-01","0.0","0.0","Ben Kingsley","Ted Danson","ben kingsley","ted danson","0.0","0.0","Ghandi","Becker","ghandi","becker","0.0","0.0"
"RuleBasedMatcher","actors_130","golden_globes_2170","0.0","","1983-01-01","1959-01-01","1983-01-01","1959-01-01","0.0","0.0","Ben Kingsley","['Maurice Chevalier', 'Louis Jordan', 'Hermione Gingold']","Ben Kingsley","['Maurice Chevalier', 'Louis Jordan', 'Hermione Gingold']","0.0","0.0","Ghandi","Gigi","ghandi","gigi","0.0","0.0"
"RuleBasedMatcher","actors_130","golden_globes_1522","0.0","","1983-01-01","1982-01-01","1983-01-01","1982-01-01","0.0","0.0","Ben Kingsley","["Peter O'Toole", 'Peter Strauss']","Ben Kingsley","["Peter O'Toole", 'Peter Strauss']","0.0","0.0","Ghandi","Masada","ghandi","masada","0.0","0.0"
"RuleBasedMatcher","actors_130","golden_globes_1397","0.0","","1983-01-01","1984-01-01","1983-01-01","1984-01-01","0.0","0.0","Ben Kingsley","Woody Allen","ben kingsley","woody allen","0.0","0.0","Ghandi","Zelig","ghandi","zelig","0.0","0.0"
"RuleBasedMatcher","actors_130","golden_globes_413","0.0","","1983-01-01","2003-01-01","1983-01-01","2003-01-01","0.0","0.0","Ben Kingsley","Salma Hayek","ben kingsley","salma hayek","0.0","0.0","Ghandi","Frida","ghandi","frida","0.0","0.0"
"RuleBasedMatcher","actors_130","golden_globes_283","0.0","","1983-01-01","2006-01-01","1983-01-01","2006-01-01","0.0","0.0","Ben Kingsley","George Clooney","ben kingsley","george clooney","0.0","0.0","Ghandi","Syriana","ghandi","syriana","0.0","0.0"
"RuleBasedMatcher","actors_130","golden_globes_1334","0.0","","1983-01-01","1985-01-01","1983-01-01","1985-01-01","0.0","0.0","Ben Kingsley","Anne Bancroft","ben kingsley","anne bancroft","0.0","0.0","Ghandi","Garbo Talks","ghandi","garbo talks","0.0","0.0"
"RuleBasedMatcher","actors_130","golden_globes_1021","0.0","","1983-01-01","1991-01-01","1983-01-01","1991-01-01","0.0","0.0","Ben Kingsley","Anjelica Huston","ben kingsley","anjelica huston","0.0","0.0","Ghandi","Grifters, The","ghandi","grifters, the","0.0","0.0"
"RuleBasedMatcher","actors_130","golden_globes_39","0.0","","1983-01-01","2011-01-01","1983-01-01","2011-01-01","0.0","0.0","Ben Kingsley","['Claire Danes', 'David Strathairn']","Ben Kingsley","['Claire Danes', 'David Strathairn']","0.0","0.0","Ghandi","Temple Grandin","ghandi","temple grandin","0.0","0.0"
"RuleBasedMatcher","actors_130","golden_globes_2046","0.0","","1983-01-01","1965-01-01","1983-01-01","1965-01-01","0.0","0.0","Ben Kingsley","Peter Ustinov","ben kingsley","peter ustinov","0.0","0.0","Ghandi","Topkapi","ghandi","topkapi","0.0","0.0"
"RuleBasedMatcher","actors_130","golden_globes_1859","0.0","","1983-01-01","1973-01-01","1983-01-01","1973-01-01","0.0","0.0","Ben Kingsley","['Juliet Mills', 'Jack Lemmon', 'Clive Revill']","Ben Kingsley","['Juliet Mills', 'Jack Lemmon', 'Clive Revill']","0.0","0.0","Ghandi","Avanti!","ghandi","avanti!","0.0","0.0"
"RuleBasedMatcher","actors_130","golden_globes_276","0.0","","1983-01-01","2006-01-01","1983-01-01","2006-01-01","0.0","0.0","Ben Kingsley","Pierce Brosnan","ben kingsley","pierce brosnan","0.0","0.0","Ghandi","Matador, The","ghandi","matador, the","0.0","0.0"
"RuleBasedMatcher","actors_130","golden_globes_2185","0.0","","1983-01-01","1958-01-01","1983-01-01","1958-01-01","0.0","0.0","Ben Kingsley","['Marlon Brando', 'Miyoshi Umeki', 'Red Buttons']","Ben Kingsley","['Marlon Brando', 'Miyoshi Umeki', 'Red Buttons']","0.0","0.0","Ghandi","Sayonara","ghandi","sayonara","0.0","0.0"
"RuleBasedMatcher","actors_130","golden_globes_2007","0.0","","1983-01-01","1967-01-01","1983-01-01","1967-01-01","0.0","0.0","Ben Kingsley","Alan Bates","ben kingsley","alan bates","0.0","0.0","Ghandi","Georgy Girl","ghandi","georgy girl","0.0","0.0"
"RuleBasedMatcher","actors_130","golden_globes_1653","0.0","","1983-01-01","1978-01-01","1983-01-01","1978-01-01","0.0","0.0","Ben Kingsley","Gregory Peck","ben kingsley","gregory peck","0.0","0.0","Ghandi","MacArthur","ghandi","macarthur","0.0","0.0"
"RuleBasedMatcher","actors_130","golden_globes_1755","0.0","","1983-01-01","1976-01-01","1983-01-01","1976-01-01","0.0","0.0","Ben Kingsley","Robert Blake","ben kingsley","robert blake","0.0","0.0","Ghandi","Baretta","ghandi","baretta","0.0","0.0"
"RuleBasedMatcher","actors_130","golden_globes_2095","0.0","","1983-01-01","1963-01-01","1983-01-01","1963-01-01","0.0","0.0","Ben Kingsley","Cary Grant","ben kingsley","cary grant","0.0","0.0","Ghandi","That Touch Of Mink","ghandi","that touch of mink","0.0","0.0"
"RuleBasedMatcher","actors_130","golden_globes_1432","0.3333333333333333","","1983-01-01","1983-01-01","1983-01-01","1983-01-01","1.0","1.0","Ben Kingsley","['Jessica Lange', 'Kim Stanley']","Ben Kingsley","['Jessica Lange', 'Kim Stanley']","0.0","0.0","Ghandi","Frances","ghandi","frances","0.0","0.0"
"RuleBasedMatcher","actors_131","golden_globes_1388","0.95","","1984-01-01","1984-01-01","1984-01-01","1984-01-01","1.0","1.0","Robert Duvall","['Robert Duvall', 'Tess Harper']","Robert Duvall","['Robert Duvall', 'Tess Harper']","0.5","0.5","Tender Mercies","Tender Mercies","tender mercies","tender mercies","1.0","1.0"
"RuleBasedMatcher","actors_131","golden_globes_333","0.0","","1984-01-01","2005-01-01","1984-01-01","2005-01-01","0.0","0.0","Robert Duvall","Jamie Foxx","robert duvall","jamie foxx","0.0","0.0","Tender Mercies","Collateral","tender mercies","collateral","0.0","0.0"
"RuleBasedMatcher","actors_131","golden_globes_1493","0.0","","1984-01-01","1982-01-01","1984-01-01","1982-01-01","0.0","0.0","Robert Duvall","['Bernadette Peters', 'Steve Martin']","Robert Duvall","['Bernadette Peters', 'Steve Martin']","0.0","0.0","Tender Mercies","Pennies From Heaven","tender mercies","pennies from heaven","0.0","0.0"
"RuleBasedMatcher","actors_131","golden_globes_1113","0.0","","1984-01-01","1990-01-01","1984-01-01","1990-01-01","0.0","0.0","Robert Duvall","Farrah Fawcett","robert duvall","farrah fawcett","0.0","0.0","Tender Mercies","Small Sacrifices","tender mercies","small sacrifices","0.0","0.0"
"RuleBasedMatcher","actors_131","golden_globes_1399","0.3333333333333333","","1984-01-01","1984-01-01","1984-01-01","1984-01-01","1.0","1.0","Robert Duvall","Eddie Murphy","robert duvall","eddie murphy","0.0","0.0","Tender Mercies","Trading Places","tender mercies","trading places","0.0","0.0"
"RuleBasedMatcher","actors_131","golden_globes_715","0.0","","1984-01-01","1997-01-01","1984-01-01","1997-01-01","0.0","0.0","Robert Duvall","Mel Gibson","robert duvall","mel gibson","0.0","0.0","Tender Mercies","Ransom","tender mercies","ransom","0.0","0.0"
"RuleBasedMatcher","actors_131","golden_globes_1282","0.0","","1984-01-01","1986-01-01","1984-01-01","1986-01-01","0.0","0.0","Robert Duvall","Geraldine Page","robert duvall","geraldine page","0.0","0.0","Tender Mercies","Trip To Bountiful, The","tender mercies","trip to bountiful, the","0.0","0.0"
"RuleBasedMatcher","actors_131","golden_globes_1856","0.0","","1984-01-01","1973-01-01","1984-01-01","1973-01-01","0.0","0.0","Robert Duvall","Jon Voight","robert duvall","jon voight","0.0","0.0","Tender Mercies","Deliverance","tender mercies","deliverance","0.0","0.0"
"RuleBasedMatcher","actors_131","golden_globes_669","0.0","","1984-01-01","1998-01-01","1984-01-01","1998-01-01","0.0","0.0","Robert Duvall","['Djimon Hounsou', 'Anthony Hopkins']","Robert Duvall","['Djimon Hounsou', 'Anthony Hopkins']","0.0","0.0","Tender Mercies","Amistad","tender mercies","amistad","0.0","0.0"
"RuleBasedMatcher","actors_131","golden_globes_544","0.0","","1984-01-01","2001-01-01","1984-01-01","2001-01-01","0.0","0.0","Robert Duvall","Bette Midler","robert duvall","bette midler","0.0","0.0","Tender Mercies","Bette","tender mercies","bette","0.0","0.0"
"RuleBasedMatcher","actors_131","golden_globes_115","0.0","","1984-01-01","2009-01-01","1984-01-01","2009-01-01","0.0","0.0","Robert Duvall","['Colin Farrell', 'Brendan Gleeson']","Robert Duvall","['Colin Farrell', 'Brendan Gleeson']","0.0","0.0","Tender Mercies","In Bruges","tender mercies","in bruges","0.0","0.0"
"RuleBasedMatcher","actors_131","golden_globes_2247","0.0","","1984-01-01","1952-01-01","1984-01-01","1952-01-01","0.0","0.0","Robert Duvall","Danny Kaye","robert duvall","danny kaye","0.0","0.0","Tender Mercies","On The Riviera","tender mercies","on the riviera","0.0","0.0"
"RuleBasedMatcher","actors_131","golden_globes_205","0.0","","1984-01-01","2008-01-01","1984-01-01","2008-01-01","0.0","0.0","Robert Duvall","Donald Sutherland","robert duvall","donald sutherland","0.0","0.0","Tender Mercies","Dirty Sexy Money","tender mercies","dirty sexy money","0.0","0.0"
"RuleBasedMatcher","actors_131","golden_globes_1825","0.0","","1984-01-01","1974-01-01","1984-01-01","1974-01-01","0.0","0.0","Robert Duvall","Kate Reid","robert duvall","kate reid","0.0","0.0","Tender Mercies","Delicate Balance, a","tender mercies","delicate balance, a","0.0","0.0"
"RuleBasedMatcher","actors_132","golden_globes_1330","0.9428571428571427","","1985-01-01","1985-01-01","1985-01-01","1985-01-01","1.0","1.0","F. Murray Abraham","['F. Murray Abraham', 'Tom Hulce', 'Jeffrey Jones']","F. Murray Abraham","['F. Murray Abraham', 'Tom Hulce', 'Jeffrey Jones']","0.42857142857142855","0.42857142857142855","Amadeus","Amadeus","amadeus","amadeus","1.0","1.0"
"RuleBasedMatcher","actors_132","golden_globes_417","0.0","","1985-01-01","2003-01-01","1985-01-01","2003-01-01","0.0","0.0","F. Murray Abraham","Adrien Brody","f. murray abraham","adrien brody","0.0","0.0","Amadeus","Pianist, The","amadeus","pianist, the","0.0","0.0"
"RuleBasedMatcher","actors_132","golden_globes_866","0.0","","1985-01-01","1994-01-01","1985-01-01","1994-01-01","0.0","0.0","F. Murray Abraham","['Holly Hunter', 'Anna Paquin']","F. Murray Abraham","['Holly Hunter', 'Anna Paquin']","0.0","0.0","Amadeus","Piano, The","amadeus","piano, the","0.0","0.0"
"RuleBasedMatcher","actors_132","golden_globes_2141","0.0","","1985-01-01","1961-01-01","1985-01-01","1961-01-01","0.0","0.0","F. Murray Abraham","Sal Mineo","f. murray abraham","sal mineo","0.0","0.0","Amadeus","Exodus","amadeus","exodus","0.0","0.0"
"RuleBasedMatcher","actors_132","golden_globes_509","0.0","","1985-01-01","2001-01-01","1985-01-01","2001-01-01","0.0","0.0","F. Murray Abraham","Ellen Burstyn","f. murray abraham","ellen burstyn","0.0","0.0","Amadeus","Requiem For a Dream","amadeus","requiem for a dream","0.0","0.0"
"RuleBasedMatcher","actors_132","golden_globes_1656","0.0","","1985-01-01","1978-01-01","1985-01-01","1978-01-01","0.0","0.0","F. Murray Abraham","['Diane Keaton', 'Woody Allen']","F. Murray Abraham","['Diane Keaton', 'Woody Allen']","0.0","0.0","Amadeus","Annie Hall","amadeus","annie hall","0.0","0.0"
"RuleBasedMatcher","actors_132","golden_globes_2061","0.0","","1985-01-01","1964-01-01","1985-01-01","1964-01-01","0.0","0.0","F. Murray Abraham","['Rex Harrison', 'Roddy McDowall']","F. Murray Abraham","['Rex Harrison', 'Roddy McDowall']","0.0","0.0","Amadeus","Cleopatra","amadeus","cleopatra","0.0","0.0"
"RuleBasedMatcher","actors_132","golden_globes_1854","0.0","","1985-01-01","1973-01-01","1985-01-01","1973-01-01","0.0","0.0","F. Murray Abraham","['Marlon Brando', 'Al Pacino', 'James Caan']","F. Murray Abraham","['Marlon Brando', 'Al Pacino', 'James Caan']","0.0","0.0","Amadeus","Godfather, The","amadeus","godfather, the","0.0","0.0"
"RuleBasedMatcher","actors_132","golden_globes_922","0.0","","1985-01-01","1993-01-01","1985-01-01","1993-01-01","0.0","0.0","F. Murray Abraham","['Robert Downey Jr.', 'Geraldine Chaplin']","F. Murray Abraham","['Robert Downey Jr.', 'Geraldine Chaplin']","0.0","0.0","Amadeus","Chaplin","amadeus","chaplin","0.0","0.0"
"RuleBasedMatcher","actors_132","golden_globes_2087","0.0","","1985-01-01","1963-01-01","1985-01-01","1963-01-01","0.0","0.0","F. Murray Abraham","['Susannah York', 'Susan Kohner']","F. Murray Abraham","['Susannah York', 'Susan Kohner']","0.0","0.0","Amadeus","Freud","amadeus","freud","0.0","0.0"
"RuleBasedMatcher","actors_132","golden_globes_1390","0.0","","1985-01-01","1984-01-01","1985-01-01","1984-01-01","0.0","0.0","F. Murray Abraham","['Al Pacino', 'Steven Bauer']","F. Murray Abraham","['Al Pacino', 'Steven Bauer']","0.0","0.0","Amadeus","Scarface","amadeus","scarface","0.0","0.0"
"RuleBasedMatcher","actors_132","golden_globes_1492","0.0","","1985-01-01","1982-01-01","1985-01-01","1982-01-01","0.0","0.0","F. Murray Abraham","['Liza Minnelli', 'Dudley Moore', 'John Gielgud']","F. Murray Abraham","['Liza Minnelli', 'Dudley Moore', 'John Gielgud']","0.0","0.0","Amadeus","Arthur","amadeus","arthur","0.0","0.0"
"RuleBasedMatcher","actors_132","golden_globes_479","0.0","","1985-01-01","2002-01-01","1985-01-01","2002-01-01","0.0","0.0","F. Murray Abraham","['Lorraine Bracco', 'Edie Falco', 'James Gandolfini']","F. Murray Abraham","['Lorraine Bracco', 'Edie Falco', 'James Gandolfini']","0.0","0.0","Amadeus","Sopranos, The","amadeus","sopranos, the","0.0","0.0"
"RuleBasedMatcher","actors_132","golden_globes_432","0.0","","1985-01-01","2003-01-01","1985-01-01","2003-01-01","0.0","0.0","F. Murray Abraham","['Edie Falco', 'James Gandolfini', 'Michael Imperioli']","F. Murray Abraham","['Edie Falco', 'James Gandolfini', 'Michael Imperioli']","0.0","0.0","Amadeus","Sopranos, The","amadeus","sopranos, the","0.0","0.0"
"RuleBasedMatcher","actors_132","golden_globes_231","0.0","","1985-01-01","2007-01-01","1985-01-01","2007-01-01","0.0","0.0","F. Murray Abraham","Edie Falco","f. murray abraham","edie falco","0.0","0.0","Amadeus","Sopranos, The","amadeus","sopranos, the","0.0","0.0"
"RuleBasedMatcher","actors_132","golden_globes_334","0.0","","1985-01-01","2005-01-01","1985-01-01","2005-01-01","0.0","0.0","F. Murray Abraham","['Edie Falco', 'Drea de Matteo', 'Michael Imperioli']","F. Murray Abraham","['Edie Falco', 'Drea de Matteo', 'Michael Imperioli']","0.0","0.0","Amadeus","Sopranos, The","amadeus","sopranos, the","0.0","0.0"
"RuleBasedMatcher","actors_132","golden_globes_534","0.0","","1985-01-01","2001-01-01","1985-01-01","2001-01-01","0.0","0.0","F. Murray Abraham","['Lorraine Bracco', 'Edie Falco', 'James Gandolfini']","F. Murray Abraham","['Lorraine Bracco', 'Edie Falco', 'James Gandolfini']","0.0","0.0","Amadeus","Sopranos, The","amadeus","sopranos, the","0.0","0.0"
"RuleBasedMatcher","actors_132","golden_globes_586","0.0","","1985-01-01","2000-01-01","1985-01-01","2000-01-01","0.0","0.0","F. Murray Abraham","['Lorraine Bracco', 'Edie Falco', 'James Gandolfini', 'Nancy Marchand']","F. Murray Abraham","['Lorraine Bracco', 'Edie Falco', 'James Gandolfini', 'Nancy Marchand']","0.0","0.0","Amadeus","Sopranos, The","amadeus","sopranos, the","0.0","0.0"
"RuleBasedMatcher","actors_132","golden_globes_174","0.0","","1985-01-01","2008-01-01","1985-01-01","2008-01-01","0.0","0.0","F. Murray Abraham","Edie Falco","f. murray abraham","edie falco","0.0","0.0","Amadeus","Sopranos, The","amadeus","sopranos, the","0.0","0.0"
"RuleBasedMatcher","actors_132","golden_globes_804","0.0","","1985-01-01","1996-01-01","1985-01-01","1996-01-01","0.0","0.0","F. Murray Abraham","Charles S. Dutton","f. murray abraham","charles s. dutton","0.0","0.0","Amadeus","Piano Lesson, The","amadeus","piano lesson, the","0.0","0.0"
"RuleBasedMatcher","actors_133","golden_globes_1286","0.9333333333333332","","1986-01-01","1986-01-01","1986-01-01","1986-01-01","1.0","1.0","William Hurt","['William Hurt', 'Raul Julia', 'Sonia Braga']","William Hurt","['William Hurt', 'Raul Julia', 'Sonia Braga']","0.3333333333333333","0.3333333333333333","Kiss of the Spider Woman","Kiss Of The Spider Woman","kiss of the spider woman","kiss of the spider woman","1.0","1.0"
"RuleBasedMatcher","actors_133","golden_globes_813","0.03333333333333333","","1986-01-01","1995-01-01","1986-01-01","1995-01-01","0.0","0.0","William Hurt","Jennifer Jason Leigh","william hurt","jennifer jason leigh","0.0","0.0","Kiss of the Spider Woman","Mrs. Parker and The Vicious Circle","kiss of the spider woman","mrs. parker and the vicious circle","0.1","0.1"
"RuleBasedMatcher","actors_133","golden_globes_1291","0.3333333333333333","","1986-01-01","1986-01-01","1986-01-01","1986-01-01","1.0","1.0","William Hurt","['Sally Field', 'James Garner']","William Hurt","['Sally Field', 'James Garner']","0.0","0.0","Kiss of the Spider Woman","Murphy's Romance","kiss of the spider woman","murphy's romance","0.0","0.0"
"RuleBasedMatcher","actors_133","golden_globes_530","0.09523809523809523","","1986-01-01","2001-01-01","1986-01-01","2001-01-01","0.0","0.0","William Hurt","Willem Dafoe","william hurt","willem dafoe","0.0","0.0","Kiss of the Spider Woman","Shadow Of The Vampire","kiss of the spider woman","shadow of the vampire","0.2857142857142857","0.2857142857142857"
"RuleBasedMatcher","actors_133","golden_globes_1440","0.047619047619047616","","1986-01-01","1983-01-01","1986-01-01","1983-01-01","0.0","0.0","William Hurt","Sally Field","william hurt","sally field","0.0","0.0","Kiss of the Spider Woman","Kiss Me Goodbye","kiss of the spider woman","kiss me goodbye","0.14285714285714285","0.14285714285714285"
"RuleBasedMatcher","actors_133","golden_globes_1434","0.0","","1986-01-01","1983-01-01","1986-01-01","1983-01-01","0.0","0.0","William Hurt","Meryl Streep","william hurt","meryl streep","0.0","0.0","Kiss of the Spider Woman","Sophie's Choice","kiss of the spider woman","sophie's choice","0.0","0.0"
"RuleBasedMatcher","actors_133","golden_globes_468","0.0","","1986-01-01","2002-01-01","1986-01-01","2002-01-01","0.0","0.0","William Hurt","Ren�e Zellweger","william hurt","ren�e zellweger","0.0","0.0","Kiss of the Spider Woman","Bridget Jones''s Diary","kiss of the spider woman","bridget jones''s diary","0.0","0.0"
"RuleBasedMatcher","actors_133","golden_globes_327","0.07407407407407407","","1986-01-01","2005-01-01","1986-01-01","2005-01-01","0.0","0.0","William Hurt","Ren�e Zellweger","william hurt","ren�e zellweger","0.0","0.0","Kiss of the Spider Woman","Bridget Jones: The Edge Of Reason","kiss of the spider woman","bridget jones: the edge of reason","0.2222222222222222","0.2222222222222222"
"RuleBasedMatcher","actors_133","golden_globes_2198","0.0","","1986-01-01","1957-01-01","1986-01-01","1957-01-01","0.0","0.0","William Hurt","['Ingrid Bergman', 'Helen Hayes']","William Hurt","['Ingrid Bergman', 'Helen Hayes']","0.0","0.0","Kiss of the Spider Woman","Anastasia","kiss of the spider woman","anastasia","0.0","0.0"
"RuleBasedMatcher","actors_133","golden_globes_1168","0.09523809523809523","","1986-01-01","1989-01-01","1986-01-01","1989-01-01","0.0","0.0","William Hurt","Jane Seymour","william hurt","jane seymour","0.0","0.0","Kiss of the Spider Woman","Woman He Loved, The","kiss of the spider woman","woman he loved, the","0.2857142857142857","0.2857142857142857"
"RuleBasedMatcher","actors_133","golden_globes_1205","0.041666666666666664","","1986-01-01","1988-01-01","1986-01-01","1988-01-01","0.0","0.0","William Hurt","Linda Hamilton","william hurt","linda hamilton","0.0","0.0","Kiss of the Spider Woman","Beauty and The Beast","kiss of the spider woman","beauty and the beast","0.125","0.125"
"RuleBasedMatcher","actors_133","golden_globes_1152","0.041666666666666664","","1986-01-01","1989-01-01","1986-01-01","1989-01-01","0.0","0.0","William Hurt","['Linda Hamilton', 'Ron Perlman']","William Hurt","['Linda Hamilton', 'Ron Perlman']","0.0","0.0","Kiss of the Spider Woman","Beauty and The Beast","kiss of the spider woman","beauty and the beast","0.125","0.125"
"RuleBasedMatcher","actors_133","golden_globes_1581","0.0","","1986-01-01","1980-01-01","1986-01-01","1980-01-01","0.0","0.0","William Hurt","Laurence Olivier","william hurt","laurence olivier","0.0","0.0","Kiss of the Spider Woman","Little Romance, a","kiss of the spider woman","little romance, a","0.0","0.0"
"RuleBasedMatcher","actors_133","golden_globes_728","0.08333333333333333","","1986-01-01","1997-01-01","1986-01-01","1997-01-01","0.0","0.0","William Hurt","Barbara Hershey","william hurt","barbara hershey","0.0","0.0","Kiss of the Spider Woman","Portrait Of a Lady, The","kiss of the spider woman","portrait of a lady, the","0.25","0.25"
"RuleBasedMatcher","actors_133","golden_globes_1578","0.0","","1986-01-01","1980-01-01","1986-01-01","1980-01-01","0.0","0.0","William Hurt","George Hamilton","william hurt","george hamilton","0.0","0.0","Kiss of the Spider Woman","Love at First Bite","kiss of the spider woman","love at first bite","0.0","0.0"
"RuleBasedMatcher","actors_133","golden_globes_184","0.0","","1986-01-01","2008-01-01","1986-01-01","2008-01-01","0.0","0.0","William Hurt","America Ferrera","william hurt","america ferrera","0.0","0.0","Kiss of the Spider Woman","Ugly Betty","kiss of the spider woman","ugly betty","0.0","0.0"
"RuleBasedMatcher","actors_133","golden_globes_240","0.0","","1986-01-01","2007-01-01","1986-01-01","2007-01-01","0.0","0.0","William Hurt","America Ferrera","william hurt","america ferrera","0.0","0.0","Kiss of the Spider Woman","Ugly Betty","kiss of the spider woman","ugly betty","0.0","0.0"
"RuleBasedMatcher","actors_133","golden_globes_132","0.0","","1986-01-01","2009-01-01","1986-01-01","2009-01-01","0.0","0.0","William Hurt","America Ferrera","william hurt","america ferrera","0.0","0.0","Kiss of the Spider Woman","Ugly Betty","kiss of the spider woman","ugly betty","0.0","0.0"
"RuleBasedMatcher","actors_133","golden_globes_1010","0.047619047619047616","","1986-01-01","1992-01-01","1986-01-01","1992-01-01","0.0","0.0","William Hurt","Jessica Tandy","william hurt","jessica tandy","0.0","0.0","Kiss of the Spider Woman","Story Lady, The","kiss of the spider woman","story lady, the","0.14285714285714285","0.14285714285714285"
"RuleBasedMatcher","actors_133","golden_globes_924","0.09523809523809523","","1986-01-01","1993-01-01","1986-01-01","1993-01-01","0.0","0.0","William Hurt","['Al Pacino', "Chris O'Donnell"]","William Hurt","['Al Pacino', "Chris O'Donnell"]","0.0","0.0","Kiss of the Spider Woman","Scent Of a Woman","kiss of the spider woman","scent of a woman","0.2857142857142857","0.2857142857142857"
"RuleBasedMatcher","actors_134","golden_globes_1242","0.6666666666666666","1","1987-01-01","1987-01-01","1987-01-01","1987-01-01","1.0","1.0","Paul Newman","['Paul Newman', 'Mary Elizabeth Mastrantonio']","Paul Newman","['Paul Newman', 'Mary Elizabeth Mastrantonio']","0.4","0.4","The Color of Money","Color Of Money, The","the color of money","color of money, the","0.6","0.6"
"RuleBasedMatcher","actors_134","golden_globes_865","0.0","","1987-01-01","1994-01-01","1987-01-01","1994-01-01","0.0","0.0","Paul Newman","Juliette Binoche","paul newman","juliette binoche","0.0","0.0","The Color of Money","Blue","the color of money","blue","0.0","0.0"
"RuleBasedMatcher","actors_134","golden_globes_205","0.05555555555555555","","1987-01-01","2008-01-01","1987-01-01","2008-01-01","0.0","0.0","Paul Newman","Donald Sutherland","paul newman","donald sutherland","0.0","0.0","The Color of Money","Dirty Sexy Money","the color of money","dirty sexy money","0.16666666666666666","0.16666666666666666"
"RuleBasedMatcher","actors_134","golden_globes_18","0.041666666666666664","","1987-01-01","2011-01-01","1987-01-01","2011-01-01","0.0","0.0","Paul Newman","Michael Douglas","paul newman","michael douglas","0.0","0.0","The Color of Money","Wall Street: Money Never Sleeps","the color of money","wall street: money never sleeps","0.125","0.125"
"RuleBasedMatcher","actors_134","golden_globes_628","0.0","","1987-01-01","1999-01-01","1987-01-01","1999-01-01","0.0","0.0","Paul Newman","['John Travolta', 'Kathy Bates']","Paul Newman","['John Travolta', 'Kathy Bates']","0.0","0.0","The Color of Money","Primary Colors","the color of money","primary colors","0.0","0.0"
"RuleBasedMatcher","actors_134","golden_globes_1281","0.13333333333333333","","1987-01-01","1986-01-01","1987-01-01","1986-01-01","0.0","0.0","Paul Newman","['Whoopi Goldberg', 'Oprah Winfrey']","Paul Newman","['Whoopi Goldberg', 'Oprah Winfrey']","0.0","0.0","The Color of Money","Color Purple, The","the color of money","color purple, the","0.4","0.4"
"RuleBasedMatcher","actors_134","golden_globes_5","0.0","","1987-01-01","2011-01-01","1987-01-01","2011-01-01","0.0","0.0","Paul Newman","['Michelle Williams', 'Ryan Gosling']","Paul Newman","['Michelle Williams', 'Ryan Gosling']","0.0","0.0","The Color of Money","Blue Valentine","the color of money","blue valentine","0.0","0.0"
"RuleBasedMatcher","actors_134","golden_globes_173","0.06666666666666667","","1987-01-01","2008-01-01","1987-01-01","2008-01-01","0.0","0.0","Paul Newman","Minnie Driver","paul newman","minnie driver","0.0","0.0","The Color of Money","Riches, The","the color of money","riches, the","0.2","0.2"
"RuleBasedMatcher","actors_134","golden_globes_839","0.0","","1987-01-01","1995-01-01","1987-01-01","1995-01-01","0.0","0.0","Paul Newman","Dennis Franz","paul newman","dennis franz","0.0","0.0","The Color of Money","Nypd Blue","the color of money","nypd blue","0.0","0.0"
"RuleBasedMatcher","actors_134","golden_globes_739","0.0","","1987-01-01","1997-01-01","1987-01-01","1997-01-01","0.0","0.0","Paul Newman","Jimmy Smits","paul newman","jimmy smits","0.0","0.0","The Color of Money","Nypd Blue","the color of money","nypd blue","0.0","0.0"
"RuleBasedMatcher","actors_134","golden_globes_637","0.0","","1987-01-01","1999-01-01","1987-01-01","1999-01-01","0.0","0.0","Paul Newman","['Kim Delaney', 'Jimmy Smits']","Paul Newman","['Kim Delaney', 'Jimmy Smits']","0.0","0.0","The Color of Money","Nypd Blue","the color of money","nypd blue","0.0","0.0"
"RuleBasedMatcher","actors_134","golden_globes_892","0.0","","1987-01-01","1994-01-01","1987-01-01","1994-01-01","0.0","0.0","Paul Newman","['David Caruso', 'Dennis Franz']","Paul Newman","['David Caruso', 'Dennis Franz']","0.0","0.0","The Color of Money","Nypd Blue","the color of money","nypd blue","0.0","0.0"
"RuleBasedMatcher","actors_134","golden_globes_683","0.0","","1987-01-01","1998-01-01","1987-01-01","1998-01-01","0.0","0.0","Paul Newman","Kim Delaney","paul newman","kim delaney","0.0","0.0","The Color of Money","Nypd Blue","the color of money","nypd blue","0.0","0.0"
"RuleBasedMatcher","actors_134","golden_globes_789","0.0","","1987-01-01","1996-01-01","1987-01-01","1996-01-01","0.0","0.0","Paul Newman","Jimmy Smits","paul newman","jimmy smits","0.0","0.0","The Color of Money","Nypd Blue","the color of money","nypd blue","0.0","0.0"
"RuleBasedMatcher","actors_134","golden_globes_316","0.0","","1987-01-01","2005-01-01","1987-01-01","2005-01-01","0.0","0.0","Paul Newman","['Hilary Swank', 'Morgan Freeman']","Paul Newman","['Hilary Swank', 'Morgan Freeman']","0.0","0.0","The Color of Money","Million Dollar Baby","the color of money","million dollar baby","0.0","0.0"
"RuleBasedMatcher","actors_134","golden_globes_1493","0.0","","1987-01-01","1982-01-01","1987-01-01","1982-01-01","0.0","0.0","Paul Newman","['Bernadette Peters', 'Steve Martin']","Paul Newman","['Bernadette Peters', 'Steve Martin']","0.0","0.0","The Color of Money","Pennies From Heaven","the color of money","pennies from heaven","0.0","0.0"
"RuleBasedMatcher","actors_134","golden_globes_1971","0.0","","1987-01-01","1969-01-01","1987-01-01","1969-01-01","0.0","0.0","Paul Newman","['Fred Astaire', 'Barbara Hancock']","Paul Newman","['Fred Astaire', 'Barbara Hancock']","0.0","0.0","The Color of Money","Finian's Rainbow","the color of money","finian's rainbow","0.0","0.0"
"RuleBasedMatcher","actors_134","golden_globes_2223","0.047619047619047616","","1987-01-01","1954-01-01","1987-01-01","1954-01-01","0.0","0.0","Paul Newman","David Niven","paul newman","david niven","0.0","0.0","The Color of Money","Moon Is Blue, The","the color of money","moon is blue, the","0.14285714285714285","0.14285714285714285"
"RuleBasedMatcher","actors_134","golden_globes_467","0.0","","1987-01-01","2002-01-01","1987-01-01","2002-01-01","0.0","0.0","Paul Newman","Reese Witherspoon","paul newman","reese witherspoon","0.0","0.0","The Color of Money","Legally Blonde","the color of money","legally blonde","0.0","0.0"
"RuleBasedMatcher","actors_134","golden_globes_1712","0.041666666666666664","","1987-01-01","1977-01-01","1987-01-01","1977-01-01","0.0","0.0","Paul Newman","Lee Majors","paul newman","lee majors","0.0","0.0","The Color of Money","Six Million Dollar Man, The","the color of money","six million dollar man, the","0.125","0.125"
"RuleBasedMatcher","actors_135","golden_globes_1184","0.9999999999999999","","1988-01-01","1988-01-01","1988-01-01","1988-01-01","1.0","1.0","Michael Douglas","Michael Douglas","michael douglas","michael douglas","1.0","1.0","Wall Street","Wall Street","wall street","wall street","1.0","1.0"
"RuleBasedMatcher","actors_135","golden_globes_18","0.3888888888888889","","1988-01-01","2011-01-01","1988-01-01","2011-01-01","0.0","0.0","Michael Douglas","Michael Douglas","michael douglas","michael douglas","1.0","1.0","Wall Street","Wall Street: Money Never Sleeps","wall street","wall street: money never sleeps","0.16666666666666666","0.16666666666666666"
"RuleBasedMatcher","actors_135","golden_globes_1200","0.4444444444444444","","1988-01-01","1988-01-01","1988-01-01","1988-01-01","1.0","1.0","Michael Douglas","Morgan Freeman","michael douglas","morgan freeman","0.0","0.0","Wall Street","Street Smart","wall street","street smart","0.3333333333333333","0.3333333333333333"
"RuleBasedMatcher","actors_135","golden_globes_1796","0.3333333333333333","","1988-01-01","1975-01-01","1988-01-01","1975-01-01","0.0","0.0","Michael Douglas","Michael Douglas","michael douglas","michael douglas","1.0","1.0","Wall Street","Streets Of San Francisco, The","wall street","streets of san francisco, the","0.0","0.0"
"RuleBasedMatcher","actors_135","golden_globes_1757","0.0","","1988-01-01","1976-01-01","1988-01-01","1976-01-01","0.0","0.0","Michael Douglas","Karl Malden","michael douglas","karl malden","0.0","0.0","Wall Street","Streets Of San Francisco, The","wall street","streets of san francisco, the","0.0","0.0"
"RuleBasedMatcher","actors_135","golden_globes_859","0.08333333333333333","","1988-01-01","1995-01-01","1988-01-01","1995-01-01","0.0","0.0","Michael Douglas","Samuel L. Jackson","michael douglas","samuel l. jackson","0.0","0.0","Wall Street","Against The Wall","wall street","against the wall","0.25","0.25"
"RuleBasedMatcher","actors_135","golden_globes_1411","0.08333333333333333","","1988-01-01","1984-01-01","1988-01-01","1984-01-01","0.0","0.0","Michael Douglas","Daniel J. Travanti","michael douglas","daniel j. travanti","0.0","0.0","Wall Street","Hill Street Blues","wall street","hill street blues","0.25","0.25"
"RuleBasedMatcher","actors_135","golden_globes_1303","0.08333333333333333","0","1988-01-01","1986-01-01","1988-01-01","1986-01-01","0.0","0.0","Michael Douglas","['Daniel J. Travanti', 'Bruce Weitz']","Michael Douglas","['Daniel J. Travanti', 'Bruce Weitz']","0.0","0.0","Wall Street","Hill Street Blues","wall street","hill street blues","0.25","0.25"
"RuleBasedMatcher","actors_135","golden_globes_1361","0.08333333333333333","","1988-01-01","1985-01-01","1988-01-01","1985-01-01","0.0","0.0","Michael Douglas","['Daniel J. Travanti', 'Bruce Weitz']","Michael Douglas","['Daniel J. Travanti', 'Bruce Weitz']","0.0","0.0","Wall Street","Hill Street Blues","wall street","hill street blues","0.25","0.25"
"RuleBasedMatcher","actors_135","golden_globes_1505","0.08333333333333333","","1988-01-01","1982-01-01","1988-01-01","1982-01-01","0.0","0.0","Michael Douglas","Daniel J. Travanti","michael douglas","daniel j. travanti","0.0","0.0","Wall Street","Hill Street Blues","wall street","hill street blues","0.25","0.25"
"RuleBasedMatcher","actors_135","golden_globes_1456","0.08333333333333333","","1988-01-01","1983-01-01","1988-01-01","1983-01-01","0.0","0.0","Michael Douglas","Daniel J. Travanti","michael douglas","daniel j. travanti","0.0","0.0","Wall Street","Hill Street Blues","wall street","hill street blues","0.25","0.25"
"RuleBasedMatcher","actors_135","golden_globes_1324","0.0","","1988-01-01","1986-01-01","1988-01-01","1986-01-01","0.0","0.0","Michael Douglas","Richard Farnsworth","michael douglas","richard farnsworth","0.0","0.0","Wall Street","Chase","wall street","chase","0.0","0.0"
"RuleBasedMatcher","actors_135","golden_globes_1998","0.0","","1988-01-01","1967-01-01","1988-01-01","1967-01-01","0.0","0.0","Michael Douglas","Ida Kaminska","michael douglas","ida kaminska","0.0","0.0","Wall Street","Shop On Main Street, The","wall street","shop on main street, the","0.0","0.0"
"RuleBasedMatcher","actors_135","golden_globes_2253","0.0","","1988-01-01","1951-01-01","1988-01-01","1951-01-01","0.0","0.0","Michael Douglas","['Gloria Swanson', 'Erich von Stroheim']","Michael Douglas","['Gloria Swanson', 'Erich von Stroheim']","0.0","0.0","Wall Street","Sunset Boulevard","wall street","sunset boulevard","0.0","0.0"
"RuleBasedMatcher","actors_135","golden_globes_105","0.0","","1988-01-01","2009-01-01","1988-01-01","2009-01-01","0.0","0.0","Michael Douglas","['Kate Winslet', 'Leonardo DiCaprio']","Michael Douglas","['Kate Winslet', 'Leonardo DiCaprio']","0.0","0.0","Wall Street","Revolutionary Road","wall street","revolutionary road","0.0","0.0"
"RuleBasedMatcher","actors_135","golden_globes_419","0.0","","1988-01-01","2003-01-01","1988-01-01","2003-01-01","0.0","0.0","Michael Douglas","['Daniel Day-Lewis', 'Cameron Diaz']","Michael Douglas","['Daniel Day-Lewis', 'Cameron Diaz']","0.0","0.0","Wall Street","Gangs Of New York","wall street","gangs of new york","0.0","0.0"
"RuleBasedMatcher","actors_135","golden_globes_180","0.0","","1988-01-01","2008-01-01","1988-01-01","2008-01-01","0.0","0.0","Michael Douglas","Hugh Laurie","michael douglas","hugh laurie","0.0","0.0","Wall Street","House","wall street","house","0.0","0.0"
"RuleBasedMatcher","actors_135","golden_globes_80","0.0","","1988-01-01","2010-01-01","1988-01-01","2010-01-01","0.0","0.0","Michael Douglas","Hugh Laurie","michael douglas","hugh laurie","0.0","0.0","Wall Street","House","wall street","house","0.0","0.0"
"RuleBasedMatcher","actors_135","golden_globes_129","0.0","","1988-01-01","2009-01-01","1988-01-01","2009-01-01","0.0","0.0","Michael Douglas","Hugh Laurie","michael douglas","hugh laurie","0.0","0.0","Wall Street","House","wall street","house","0.0","0.0"
"RuleBasedMatcher","actors_135","golden_globes_29","0.0","","1988-01-01","2011-01-01","1988-01-01","2011-01-01","0.0","0.0","Michael Douglas","Hugh Laurie","michael douglas","hugh laurie","0.0","0.0","Wall Street","House","wall street","house","0.0","0.0"
"RuleBasedMatcher","actors_136","golden_globes_1131","0.9999999999999999","","1989-01-01","1989-01-01","1989-01-01","1989-01-01","1.0","1.0","Dustin Hoffman","Dustin Hoffman","dustin hoffman","dustin hoffman","1.0","1.0","Rain Man","Rain Man","rain man","rain man","1.0","1.0"
"RuleBasedMatcher","actors_136","golden_globes_2199","0.0","","1989-01-01","1957-01-01","1989-01-01","1957-01-01","0.0","0.0","Dustin Hoffman","['Katharine Hepburn', 'Burt Lancaster', 'Earl Holliman']","Dustin Hoffman","['Katharine Hepburn', 'Burt Lancaster', 'Earl Holliman']","0.0","0.0","Rain Man","Rainmaker, The","rain man","rainmaker, the","0.0","0.0"
"RuleBasedMatcher","actors_136","golden_globes_2233","0.06666666666666667","","1989-01-01","1953-01-01","1989-01-01","1953-01-01","0.0","0.0","Dustin Hoffman","Donald O'Connor","dustin hoffman","donald o'connor","0.0","0.0","Rain Man","Singin' In The Rain","rain man","singin' in the rain","0.2","0.2"
"RuleBasedMatcher","actors_136","golden_globes_681","0.0","","1989-01-01","1998-01-01","1989-01-01","1998-01-01","0.0","0.0","Dustin Hoffman","Jon Voight","dustin hoffman","jon voight","0.0","0.0","Rain Man","John Grisham's The Rainmaker","rain man","john grisham's the rainmaker","0.0","0.0"
"RuleBasedMatcher","actors_136","golden_globes_2183","0.0","","1989-01-01","1958-01-01","1989-01-01","1958-01-01","0.0","0.0","Dustin Hoffman","['Eva Marie Saint', 'Anthony Franciosa']","Dustin Hoffman","['Eva Marie Saint', 'Anthony Franciosa']","0.0","0.0","Rain Man","Hatful Of Rain, a","rain man","hatful of rain, a","0.0","0.0"
"RuleBasedMatcher","actors_136","golden_globes_1166","0.3888888888888889","","1989-01-01","1989-01-01","1989-01-01","1989-01-01","1.0","1.0","Dustin Hoffman","Vanessa Redgrave","dustin hoffman","vanessa redgrave","0.0","0.0","Rain Man","Man For All Seasons, a","rain man","man for all seasons, a","0.16666666666666666","0.16666666666666666"
"RuleBasedMatcher","actors_136","golden_globes_2004","0.05555555555555555","","1989-01-01","1967-01-01","1989-01-01","1967-01-01","0.0","0.0","Dustin Hoffman","['Paul Scofield', 'Robert Shaw']","Dustin Hoffman","['Paul Scofield', 'Robert Shaw']","0.0","0.0","Rain Man","Man For All Seasons, a","rain man","man for all seasons, a","0.16666666666666666","0.16666666666666666"
"RuleBasedMatcher","actors_136","golden_globes_1691","0.2222222222222222","","1989-01-01","1977-01-01","1989-01-01","1977-01-01","0.0","0.0","Dustin Hoffman","['Dustin Hoffman', 'Marthe Keller', 'Laurence Olivier']","Dustin Hoffman","['Dustin Hoffman', 'Marthe Keller', 'Laurence Olivier']","0.3333333333333333","0.3333333333333333","Rain Man","Marathon Man","rain man","marathon man","0.3333333333333333","0.3333333333333333"
"RuleBasedMatcher","actors_136","golden_globes_97","0.0","","1989-01-01","2010-01-01","1989-01-01","2010-01-01","0.0","0.0","Dustin Hoffman","['Brendan Gleeson', 'Janet McTeer']","Dustin Hoffman","['Brendan Gleeson', 'Janet McTeer']","0.0","0.0","Rain Man","Into The Storm","rain man","into the storm","0.0","0.0"
"RuleBasedMatcher","actors_136","golden_globes_266","0.1111111111111111","","1989-01-01","2006-01-01","1989-01-01","2006-01-01","0.0","0.0","Dustin Hoffman","['Russell Crowe', 'Paul Giamatti']","Dustin Hoffman","['Russell Crowe', 'Paul Giamatti']","0.0","0.0","Rain Man","Cinderella Man","rain man","cinderella man","0.3333333333333333","0.3333333333333333"
"RuleBasedMatcher","actors_136","golden_globes_680","0.0","","1989-01-01","1998-01-01","1989-01-01","1998-01-01","0.0","0.0","Dustin Hoffman","Sigourney Weaver","dustin hoffman","sigourney weaver","0.0","0.0","Rain Man","Ice Storm, The","rain man","ice storm, the","0.0","0.0"
"RuleBasedMatcher","actors_136","golden_globes_118","0.0","","1989-01-01","2009-01-01","1989-01-01","2009-01-01","0.0","0.0","Dustin Hoffman","['Tom Cruise', 'Robert Downey Jr.']","Dustin Hoffman","['Tom Cruise', 'Robert Downey Jr.']","0.0","0.0","Rain Man","Tropic Thunder","rain man","tropic thunder","0.0","0.0"
"RuleBasedMatcher","actors_136","golden_globes_2239","0.0","","1989-01-01","1953-01-01","1989-01-01","1953-01-01","0.0","0.0","Dustin Hoffman","","dustin hoffman","","0.0","0.0","Rain Man","Quiet Man, The","rain man","quiet man, the","0.0","0.0"
"RuleBasedMatcher","actors_136","golden_globes_570","0.0","","1989-01-01","2000-01-01","1989-01-01","2000-01-01","0.0","0.0","Dustin Hoffman","Denzel Washington","dustin hoffman","denzel washington","0.0","0.0","Rain Man","Hurricane, The","rain man","hurricane, the","0.0","0.0"
"RuleBasedMatcher","actors_136","golden_globes_1705","0.06666666666666667","","1989-01-01","1977-01-01","1989-01-01","1977-01-01","0.0","0.0","Dustin Hoffman","['Susan Blakely', 'Nick Nolte', 'Peter Strauss', 'Josette Banzet', 'Ed Asner']","Dustin Hoffman","['Susan Blakely', 'Nick Nolte', 'Peter Strauss', 'Josette Banzet', 'Ed Asner']","0.0","0.0","Rain Man","Rich Man, Poor Man","rain man","rich man, poor man","0.2","0.2"
"RuleBasedMatcher","actors_136","golden_globes_450","0.0","","1989-01-01","2003-01-01","1989-01-01","2003-01-01","0.0","0.0","Dustin Hoffman","['Vanessa Redgrave', 'Albert Finney', 'Jim Broadbent']","Dustin Hoffman","['Vanessa Redgrave', 'Albert Finney', 'Jim Broadbent']","0.0","0.0","Rain Man","Gathering Storm, The","rain man","gathering storm, the","0.0","0.0"
"RuleBasedMatcher","actors_136","golden_globes_2190","0.08333333333333333","","1989-01-01","1958-01-01","1989-01-01","1958-01-01","0.0","0.0","Dustin Hoffman","David Niven","dustin hoffman","david niven","0.0","0.0","Rain Man","My Man Godfrey","rain man","my man godfrey","0.25","0.25"
"RuleBasedMatcher","actors_136","golden_globes_371","0.0","","1989-01-01","2004-01-01","1989-01-01","2004-01-01","0.0","0.0","Dustin Hoffman","Ben Kingsley","dustin hoffman","ben kingsley","0.0","0.0","Rain Man","House Of Sand and Fog","rain man","house of sand and fog","0.0","0.0"
"RuleBasedMatcher","actors_136","golden_globes_1925","0.08333333333333333","","1989-01-01","1971-01-01","1989-01-01","1971-01-01","0.0","0.0","Dustin Hoffman","Chief Dan George","dustin hoffman","chief dan george","0.0","0.0","Rain Man","Little Big Man","rain man","little big man","0.25","0.25"
"RuleBasedMatcher","actors_136","golden_globes_2056","0.0","","1989-01-01","1964-01-01","1989-01-01","1964-01-01","0.0","0.0","Dustin Hoffman","Alida Valli","dustin hoffman","alida valli","0.0","0.0","Rain Man","Paper Man, The","rain man","paper man, the","0.0","0.0"
"RuleBasedMatcher","actors_137","golden_globes_1080","0.95","","1990-01-01","1990-01-01","1990-01-01","1990-01-01","1.0","1.0","Daniel Day-Lewis","['Daniel Day-Lewis', 'Brenda Fricker']","Daniel Day-Lewis","['Daniel Day-Lewis', 'Brenda Fricker']","0.5","0.5","My Left Foot","My Left Foot","my left foot","my left foot","1.0","1.0"
"RuleBasedMatcher","actors_137","golden_globes_1218","0.0","","1990-01-01","1988-01-01","1990-01-01","1988-01-01","0.0","0.0","Daniel Day-Lewis","Shirley MacLaine","daniel day-lewis","shirley maclaine","0.0","0.0","My Left Foot","Out On a Limb","my left foot","out on a limb","0.0","0.0"
"RuleBasedMatcher","actors_137","golden_globes_281","0.0","","1990-01-01","2006-01-01","1990-01-01","2006-01-01","0.0","0.0","Daniel Day-Lewis","Shirley MacLaine","daniel day-lewis","shirley maclaine","0.0","0.0","My Left Foot","In Her Shoes","my left foot","in her shoes","0.0","0.0"
"RuleBasedMatcher","actors_137","golden_globes_2043","0.06666666666666667","","1990-01-01","1965-01-01","1990-01-01","1965-01-01","0.0","0.0","Daniel Day-Lewis","['Rex Harrison', 'Stanley Holloway']","Daniel Day-Lewis","['Rex Harrison', 'Stanley Holloway']","0.0","0.0","My Left Foot","My Fair Lady","my left foot","my fair lady","0.2","0.2"
"RuleBasedMatcher","actors_137","golden_globes_329","0.0","","1990-01-01","2005-01-01","1990-01-01","2005-01-01","0.0","0.0","Daniel Day-Lewis","['Paul Giamatti', 'Virginia Madsen', 'Thomas Haden Church']","Daniel Day-Lewis","['Paul Giamatti', 'Virginia Madsen', 'Thomas Haden Church']","0.0","0.0","My Left Foot","Sideways","my left foot","sideways","0.0","0.0"
"RuleBasedMatcher","actors_137","golden_globes_224","0.0","","1990-01-01","2007-01-01","1990-01-01","2007-01-01","0.0","0.0","Daniel Day-Lewis","Chiwetel Ejiofor","daniel day-lewis","chiwetel ejiofor","0.0","0.0","My Left Foot","Kinky Boots","my left foot","kinky boots","0.0","0.0"
"RuleBasedMatcher","actors_137","golden_globes_1220","0.0","","1990-01-01","1988-01-01","1990-01-01","1988-01-01","0.0","0.0","Daniel Day-Lewis","Raquel Welch","daniel day-lewis","raquel welch","0.0","0.0","My Left Foot","Right To Die","my left foot","right to die","0.0","0.0"
"RuleBasedMatcher","actors_137","golden_globes_196","0.041666666666666664","","1990-01-01","2008-01-01","1990-01-01","2008-01-01","0.0","0.0","Daniel Day-Lewis","['Adam Beach', 'Anna Paquin']","Daniel Day-Lewis","['Adam Beach', 'Anna Paquin']","0.0","0.0","My Left Foot","Bury My Heart at Wounded Knee","my left foot","bury my heart at wounded knee","0.125","0.125"
"RuleBasedMatcher","actors_137","golden_globes_3","0.0","","1990-01-01","2011-01-01","1990-01-01","2011-01-01","0.0","0.0","Daniel Day-Lewis","Jennifer Lawrence","daniel day-lewis","jennifer lawrence","0.0","0.0","My Left Foot","Winter's Bone","my left foot","winter's bone","0.0","0.0"
"RuleBasedMatcher","actors_137","golden_globes_2220","0.0","","1990-01-01","1955-01-01","1990-01-01","1955-01-01","0.0","0.0","Daniel Day-Lewis","Edmond O'Brien","daniel day-lewis","edmond o'brien","0.0","0.0","My Left Foot","Barefoot Contessa, The","my left foot","barefoot contessa, the","0.0","0.0"
"RuleBasedMatcher","actors_137","golden_globes_2125","0.0","","1990-01-01","1961-01-01","1990-01-01","1961-01-01","0.0","0.0","Daniel Day-Lewis","Doris Day","daniel day-lewis","doris day","0.0","0.0","My Left Foot","Midnight Lace","my left foot","midnight lace","0.0","0.0"
"RuleBasedMatcher","actors_137","golden_globes_835","0.06666666666666667","","1990-01-01","1995-01-01","1990-01-01","1995-01-01","0.0","0.0","Daniel Day-Lewis","Claire Danes","daniel day-lewis","claire danes","0.0","0.0","My Left Foot","My So-Called Life","my left foot","my so-called life","0.2","0.2"
"RuleBasedMatcher","actors_137","golden_globes_721","0.0","","1990-01-01","1997-01-01","1990-01-01","1997-01-01","0.0","0.0","Daniel Day-Lewis","Debbie Reynolds","daniel day-lewis","debbie reynolds","0.0","0.0","My Left Foot","Mother","my left foot","mother","0.0","0.0"
"RuleBasedMatcher","actors_137","golden_globes_69","0.0","","1990-01-01","2010-01-01","1990-01-01","2010-01-01","0.0","0.0","Daniel Day-Lewis","Stanley Tucci","daniel day-lewis","stanley tucci","0.0","0.0","My Left Foot","Lovely Bones, The","my left foot","lovely bones, the","0.0","0.0"
"RuleBasedMatcher","actors_137","golden_globes_1383","0.0","","1990-01-01","1984-01-01","1990-01-01","1984-01-01","0.0","0.0","Daniel Day-Lewis","Bonnie Bedelia","daniel day-lewis","bonnie bedelia","0.0","0.0","My Left Foot","Heart Like a Wheel","my left foot","heart like a wheel","0.0","0.0"
"RuleBasedMatcher","actors_137","golden_globes_50","0.0","","1990-01-01","2010-01-01","1990-01-01","2010-01-01","0.0","0.0","Daniel Day-Lewis","Sandra Bullock","daniel day-lewis","sandra bullock","0.0","0.0","My Left Foot","Blind Side, The","my left foot","blind side, the","0.0","0.0"
"RuleBasedMatcher","actors_137","golden_globes_1255","0.0","","1990-01-01","1987-01-01","1990-01-01","1987-01-01","0.0","0.0","Daniel Day-Lewis","","daniel day-lewis","","0.0","0.0","My Left Foot","Stand By Me","my left foot","stand by me","0.0","0.0"
"RuleBasedMatcher","actors_137","golden_globes_1645","0.0","","1990-01-01","1978-01-01","1990-01-01","1978-01-01","0.0","0.0","Daniel Day-Lewis","['Anne Bancroft', 'Leslie Browne', 'Mikhail Baryshnikov']","Daniel Day-Lewis","['Anne Bancroft', 'Leslie Browne', 'Mikhail Baryshnikov']","0.0","0.0","My Left Foot","Turning Point, The","my left foot","turning point, the","0.0","0.0"
"RuleBasedMatcher","actors_137","golden_globes_322","0.0","","1990-01-01","2005-01-01","1990-01-01","2005-01-01","0.0","0.0","Daniel Day-Lewis","['Liam Neeson', 'Laura Linney']","Daniel Day-Lewis","['Liam Neeson', 'Laura Linney']","0.0","0.0","My Left Foot","Kinsey","my left foot","kinsey","0.0","0.0"
"RuleBasedMatcher","actors_137","golden_globes_899","0.0","","1990-01-01","1994-01-01","1990-01-01","1994-01-01","0.0","0.0","Daniel Day-Lewis","Katey Sagal","daniel day-lewis","katey sagal","0.0","0.0","My Left Foot","Married","my left foot","married","0.0","0.0"
"RuleBasedMatcher","actors_138","golden_globes_1027","0.9999999999999999","","1991-01-01","1991-01-01","1991-01-01","1991-01-01","1.0","1.0","Jeremy Irons","Jeremy Irons","jeremy irons","jeremy irons","1.0","1.0","Reversal of Fortune","Reversal Of Fortune","reversal of fortune","reversal of fortune","1.0","1.0"
"RuleBasedMatcher","actors_138","golden_globes_1193","0.08333333333333333","","1991-01-01","1988-01-01","1991-01-01","1988-01-01","0.0","0.0","Jeremy Irons","Bette Midler","jeremy irons","bette midler","0.0","0.0","Reversal of Fortune","Outrageous Fortune","reversal of fortune","outrageous fortune","0.25","0.25"
"RuleBasedMatcher","actors_138","golden_globes_2010","0.06666666666666667","","1991-01-01","1967-01-01","1991-01-01","1967-01-01","0.0","0.0","Jeremy Irons","Walter Matthau","jeremy irons","walter matthau","0.0","0.0","Reversal of Fortune","Fortune Cookie, The","reversal of fortune","fortune cookie, the","0.2","0.2"
"RuleBasedMatcher","actors_138","golden_globes_1777","0.0","","1991-01-01","1975-01-01","1991-01-01","1975-01-01","0.0","0.0","Jeremy Irons","James Caan","jeremy irons","james caan","0.0","0.0","Reversal of Fortune","Gambler, The","reversal of fortune","gambler, the","0.0","0.0"
"RuleBasedMatcher","actors_138","golden_globes_1398","0.0","","1991-01-01","1984-01-01","1991-01-01","1984-01-01","0.0","0.0","Jeremy Irons","Tom Cruise","jeremy irons","tom cruise","0.0","0.0","Reversal of Fortune","Risky Business","reversal of fortune","risky business","0.0","0.0"
"RuleBasedMatcher","actors_138","golden_globes_94","0.0","","1991-01-01","2010-01-01","1991-01-01","2010-01-01","0.0","0.0","Jeremy Irons","Kevin Bacon","jeremy irons","kevin bacon","0.0","0.0","Reversal of Fortune","Taking Chance","reversal of fortune","taking chance","0.0","0.0"
"RuleBasedMatcher","actors_138","golden_globes_1909","0.047619047619047616","","1991-01-01","1971-01-01","1991-01-01","1971-01-01","0.0","0.0","Jeremy Irons","Faye Dunaway","jeremy irons","faye dunaway","0.0","0.0","Reversal of Fortune","Puzzle Of a Downfall Child","reversal of fortune","puzzle of a downfall child","0.14285714285714285","0.14285714285714285"
"RuleBasedMatcher","actors_138","golden_globes_1845","0.0","","1991-01-01","1974-01-01","1991-01-01","1974-01-01","0.0","0.0","Jeremy Irons","Dom De Luise","jeremy irons","dom de luise","0.0","0.0","Reversal of Fortune","Lotsa Luck","reversal of fortune","lotsa luck","0.0","0.0"
"RuleBasedMatcher","actors_138","golden_globes_173","0.0","","1991-01-01","2008-01-01","1991-01-01","2008-01-01","0.0","0.0","Jeremy Irons","Minnie Driver","jeremy irons","minnie driver","0.0","0.0","Reversal of Fortune","Riches, The","reversal of fortune","riches, the","0.0","0.0"
"RuleBasedMatcher","actors_138","golden_globes_605","0.0","","1991-01-01","2000-01-01","1991-01-01","2000-01-01","0.0","0.0","Jeremy Irons","Jack Lemmon","jeremy irons","jack lemmon","0.0","0.0","Reversal of Fortune","Inherit The Wind","reversal of fortune","inherit the wind","0.0","0.0"
"RuleBasedMatcher","actors_138","golden_globes_2132","0.0","","1991-01-01","1961-01-01","1991-01-01","1961-01-01","0.0","0.0","Jeremy Irons","Spencer Tracy","jeremy irons","spencer tracy","0.0","0.0","Reversal of Fortune","Inherit The Wind","reversal of fortune","inherit the wind","0.0","0.0"
"RuleBasedMatcher","actors_138","golden_globes_1568","0.0","","1991-01-01","1980-01-01","1991-01-01","1980-01-01","0.0","0.0","Jeremy Irons","['Marsha Mason', 'Kathleen Beller']","Jeremy Irons","['Marsha Mason', 'Kathleen Beller']","0.0","0.0","Reversal of Fortune","Promises In The Dark","reversal of fortune","promises in the dark","0.0","0.0"
"RuleBasedMatcher","actors_139","golden_globes_924","0.95","","1993-01-01","1993-01-01","1993-01-01","1993-01-01","1.0","1.0","Al Pacino","['Al Pacino', "Chris O'Donnell"]","Al Pacino","['Al Pacino', "Chris O'Donnell"]","0.5","0.5","Scent of a Woman","Scent Of a Woman","scent of a woman","scent of a woman","1.0","1.0"
"RuleBasedMatcher","actors_139","golden_globes_1910","0.0","","1993-01-01","1971-01-01","1993-01-01","1971-01-01","0.0","0.0","Al Pacino","Glenda Jackson","al pacino","glenda jackson","0.0","0.0","Scent of a Woman","Women In Love","scent of a woman","women in love","0.0","0.0"
"RuleBasedMatcher","actors_139","golden_globes_1286","0.09523809523809523","","1993-01-01","1986-01-01","1993-01-01","1986-01-01","0.0","0.0","Al Pacino","['William Hurt', 'Raul Julia', 'Sonia Braga']","Al Pacino","['William Hurt', 'Raul Julia', 'Sonia Braga']","0.0","0.0","Scent of a Woman","Kiss Of The Spider Woman","scent of a woman","kiss of the spider woman","0.2857142857142857","0.2857142857142857"
"RuleBasedMatcher","actors_139","golden_globes_1775","0.09523809523809523","","1993-01-01","1975-01-01","1993-01-01","1975-01-01","0.0","0.0","Al Pacino","Gena Rowlands","al pacino","gena rowlands","0.0","0.0","Scent of a Woman","Woman Under The Influence, a","scent of a woman","woman under the influence, a","0.2857142857142857","0.2857142857142857"
"RuleBasedMatcher","actors_139","golden_globes_1033","0.06666666666666667","","1993-01-01","1991-01-01","1993-01-01","1991-01-01","0.0","0.0","Al Pacino","['Julia Roberts', 'Richard Gere', 'Hector Elizondo']","Al Pacino","['Julia Roberts', 'Richard Gere', 'Hector Elizondo']","0.0","0.0","Scent of a Woman","Pretty Woman","scent of a woman","pretty woman","0.2","0.2"
"RuleBasedMatcher","actors_139","golden_globes_869","0.05555555555555555","","1993-01-01","1994-01-01","1993-01-01","1994-01-01","0.0","0.0","Al Pacino","Debra Winger","al pacino","debra winger","0.0","0.0","Scent of a Woman","Dangerous Woman, a","scent of a woman","dangerous woman, a","0.16666666666666666","0.16666666666666666"
"RuleBasedMatcher","actors_139","golden_globes_526","0.0","","1993-01-01","2001-01-01","1993-01-01","2001-01-01","0.0","0.0","Al Pacino","Mel Gibson","al pacino","mel gibson","0.0","0.0","Scent of a Woman","What Women Want","scent of a woman","what women want","0.0","0.0"
"RuleBasedMatcher","actors_139","golden_globes_1607","0.0","","1993-01-01","1979-01-01","1993-01-01","1979-01-01","0.0","0.0","Al Pacino","Jill Clayburgh","al pacino","jill clayburgh","0.0","0.0","Scent of a Woman","Unmarried Woman, An","scent of a woman","unmarried woman, an","0.0","0.0"
"RuleBasedMatcher","actors_139","golden_globes_1168","0.047619047619047616","","1993-01-01","1989-01-01","1993-01-01","1989-01-01","0.0","0.0","Al Pacino","Jane Seymour","al pacino","jane seymour","0.0","0.0","Scent of a Woman","Woman He Loved, The","scent of a woman","woman he loved, the","0.14285714285714285","0.14285714285714285"
"RuleBasedMatcher","actors_139","golden_globes_1790","0.06666666666666667","","1993-01-01","1975-01-01","1993-01-01","1975-01-01","0.0","0.0","Al Pacino","Angie Dickinson","al pacino","angie dickinson","0.0","0.0","Scent of a Woman","Police Woman","scent of a woman","police woman","0.2","0.2"
"RuleBasedMatcher","actors_139","golden_globes_1666","0.06666666666666667","","1993-01-01","1978-01-01","1993-01-01","1978-01-01","0.0","0.0","Al Pacino","Angie Dickinson","al pacino","angie dickinson","0.0","0.0","Scent of a Woman","Police Woman","scent of a woman","police woman","0.2","0.2"
"RuleBasedMatcher","actors_139","golden_globes_1706","0.06666666666666667","","1993-01-01","1977-01-01","1993-01-01","1977-01-01","0.0","0.0","Al Pacino","Angie Dickinson","al pacino","angie dickinson","0.0","0.0","Scent of a Woman","Police Woman","scent of a woman","police woman","0.2","0.2"
"RuleBasedMatcher","actors_139","golden_globes_1750","0.06666666666666667","","1993-01-01","1976-01-01","1993-01-01","1976-01-01","0.0","0.0","Al Pacino","Angie Dickinson","al pacino","angie dickinson","0.0","0.0","Scent of a Woman","Police Woman","scent of a woman","police woman","0.2","0.2"
"RuleBasedMatcher","actors_139","golden_globes_1531","0.0","","1993-01-01","1981-01-01","1993-01-01","1981-01-01","0.0","0.0","Al Pacino","Deborah Raffin","al pacino","deborah raffin","0.0","0.0","Scent of a Woman","Touched By Love","scent of a woman","touched by love","0.0","0.0"
"RuleBasedMatcher","actors_139","golden_globes_1485","0.0","","1993-01-01","1982-01-01","1993-01-01","1982-01-01","0.0","0.0","Al Pacino","Meryl Streep","al pacino","meryl streep","0.0","0.0","Scent of a Woman","French Lieutenant's Woman, The","scent of a woman","french lieutenant's woman, the","0.0","0.0"
"RuleBasedMatcher","actors_139","golden_globes_662","0.0","","1993-01-01","1998-01-01","1993-01-01","1998-01-01","0.0","0.0","Al Pacino","Judi Dench","al pacino","judi dench","0.0","0.0","Scent of a Woman","Mrs Brown","scent of a woman","mrs brown","0.0","0.0"
"RuleBasedMatcher","actors_139","golden_globes_2156","0.0","","1993-01-01","1960-01-01","1993-01-01","1960-01-01","0.0","0.0","Al Pacino","Dean Martin","al pacino","dean martin","0.0","0.0","Scent of a Woman","Who Was That Lady","scent of a woman","who was that lady","0.0","0.0"
"RuleBasedMatcher","actors_139","golden_globes_1117","0.047619047619047616","","1993-01-01","1990-01-01","1993-01-01","1990-01-01","0.0","0.0","Al Pacino","Loretta Young","al pacino","loretta young","0.0","0.0","Scent of a Woman","Lady In a Corner","scent of a woman","lady in a corner","0.14285714285714285","0.14285714285714285"
"RuleBasedMatcher","actors_139","golden_globes_1555","0.0","","1993-01-01","1981-01-01","1993-01-01","1981-01-01","0.0","0.0","Al Pacino","Katherine Helmond","al pacino","katherine helmond","0.0","0.0","Scent of a Woman","Soap","scent of a woman","soap","0.0","0.0"
"RuleBasedMatcher","actors_139","golden_globes_1010","0.0","","1993-01-01","1992-01-01","1993-01-01","1992-01-01","0.0","0.0","Al Pacino","Jessica Tandy","al pacino","jessica tandy","0.0","0.0","Scent of a Woman","Story Lady, The","scent of a woman","story lady, the","0.0","0.0"
"RuleBasedMatcher","actors_140","golden_globes_872","0.9999999999999999","","1994-01-01","1994-01-01","1994-01-01","1994-01-01","1.0","1.0","Tom Hanks","Tom Hanks","tom hanks","tom hanks","1.0","1.0","Philadelphia","Philadelphia","philadelphia","philadelphia","1.0","1.0"
"RuleBasedMatcher","actors_140","golden_globes_2162","0.0","","1994-01-01","1960-01-01","1994-01-01","1960-01-01","0.0","0.0","Tom Hanks","Robert Vaughn","tom hanks","robert vaughn","0.0","0.0","Philadelphia","Young Philadelphians, The","philadelphia","young philadelphians, the","0.0","0.0"
"RuleBasedMatcher","actors_140","golden_globes_425","0.0","","1994-01-01","2003-01-01","1994-01-01","2003-01-01","0.0","0.0","Tom Hanks","['Ren�e Zellweger', 'Catherine Zeta-Jones', 'Richard Gere', 'Queen Latifah', 'John C. Reilly']","Tom Hanks","['Ren�e Zellweger', 'Catherine Zeta-Jones', 'Richard Gere', 'Queen Latifah', 'John C. Reilly']","0.0","0.0","Philadelphia","Chicago","philadelphia","chicago","0.0","0.0"
"RuleBasedMatcher","actors_140","golden_globes_1501","0.0","","1994-01-01","1982-01-01","1994-01-01","1982-01-01","0.0","0.0","Tom Hanks","['Barbara Bel Geddes', 'Linda Gray', 'Larry Hagman']","Tom Hanks","['Barbara Bel Geddes', 'Linda Gray', 'Larry Hagman']","0.0","0.0","Philadelphia","Dallas","philadelphia","dallas","0.0","0.0"
"RuleBasedMatcher","actors_140","golden_globes_1548","0.0","","1994-01-01","1981-01-01","1994-01-01","1981-01-01","0.0","0.0","Tom Hanks","['Barbara Bel Geddes', 'Linda Gray', 'Larry Hagman']","Tom Hanks","['Barbara Bel Geddes', 'Linda Gray', 'Larry Hagman']","0.0","0.0","Philadelphia","Dallas","philadelphia","dallas","0.0","0.0"
"RuleBasedMatcher","actors_140","golden_globes_1453","0.0","","1994-01-01","1983-01-01","1994-01-01","1983-01-01","0.0","0.0","Tom Hanks","['Victoria Principal', 'Larry Hagman']","Tom Hanks","['Victoria Principal', 'Larry Hagman']","0.0","0.0","Philadelphia","Dallas","philadelphia","dallas","0.0","0.0"
"RuleBasedMatcher","actors_140","golden_globes_1583","0.0","","1994-01-01","1980-01-01","1994-01-01","1980-01-01","0.0","0.0","Tom Hanks","Barbara Bel Geddes","tom hanks","barbara bel geddes","0.0","0.0","Philadelphia","Dallas","philadelphia","dallas","0.0","0.0"
"RuleBasedMatcher","actors_140","golden_globes_1358","0.0","","1994-01-01","1985-01-01","1994-01-01","1985-01-01","0.0","0.0","Tom Hanks","Larry Hagman","tom hanks","larry hagman","0.0","0.0","Philadelphia","Dallas","philadelphia","dallas","0.0","0.0"
"RuleBasedMatcher","actors_140","golden_globes_1746","0.0","","1994-01-01","1976-01-01","1994-01-01","1976-01-01","0.0","0.0","Tom Hanks","['Ronee Blakley', 'Geraldine Chaplin', 'Barbara Harris', 'Lily Tomlin', 'Henry Gibson']","Tom Hanks","['Ronee Blakley', 'Geraldine Chaplin', 'Barbara Harris', 'Lily Tomlin', 'Henry Gibson']","0.0","0.0","Philadelphia","Nashville","philadelphia","nashville","0.0","0.0"
"RuleBasedMatcher","actors_140","golden_globes_1487","0.0","","1994-01-01","1982-01-01","1994-01-01","1982-01-01","0.0","0.0","Tom Hanks","Burt Lancaster","tom hanks","burt lancaster","0.0","0.0","Philadelphia","Atlantic City","philadelphia","atlantic city","0.0","0.0"
"RuleBasedMatcher","actors_140","golden_globes_291","0.0","","1994-01-01","2006-01-01","1994-01-01","2006-01-01","0.0","0.0","Tom Hanks","Polly Walker","tom hanks","polly walker","0.0","0.0","Philadelphia","Rome","philadelphia","rome","0.0","0.0"
"RuleBasedMatcher","actors_140","golden_globes_1328","0.0","","1994-01-01","1985-01-01","1994-01-01","1985-01-01","0.0","0.0","Tom Hanks","Vanessa Redgrave","tom hanks","vanessa redgrave","0.0","0.0","Philadelphia","Bostonians, The","philadelphia","bostonians, the","0.0","0.0"
"RuleBasedMatcher","actors_140","golden_globes_984","0.0","","1994-01-01","1992-01-01","1994-01-01","1992-01-01","0.0","0.0","Tom Hanks","['Billy Crystal', 'Jack Palance']","Tom Hanks","['Billy Crystal', 'Jack Palance']","0.0","0.0","Philadelphia","City Slickers","philadelphia","city slickers","0.0","0.0"
"RuleBasedMatcher","actors_140","golden_globes_1589","0.0","","1994-01-01","1980-01-01","1994-01-01","1980-01-01","0.0","0.0","Tom Hanks","Richard Chamberlain","tom hanks","richard chamberlain","0.0","0.0","Philadelphia","Centennial","philadelphia","centennial","0.0","0.0"
"RuleBasedMatcher","actors_140","golden_globes_1658","0.0","","1994-01-01","1978-01-01","1994-01-01","1978-01-01","0.0","0.0","Tom Hanks","['Liza Minnelli', 'Robert De Niro']","Tom Hanks","['Liza Minnelli', 'Robert De Niro']","0.0","0.0","Philadelphia","New York, New York","philadelphia","new york, new york","0.0","0.0"
"RuleBasedMatcher","actors_140","golden_globes_2253","0.0","","1994-01-01","1951-01-01","1994-01-01","1951-01-01","0.0","0.0","Tom Hanks","['Gloria Swanson', 'Erich von Stroheim']","Tom Hanks","['Gloria Swanson', 'Erich von Stroheim']","0.0","0.0","Philadelphia","Sunset Boulevard","philadelphia","sunset boulevard","0.0","0.0"
"RuleBasedMatcher","actors_140","golden_globes_19","0.0","","1994-01-01","2011-01-01","1994-01-01","2011-01-01","0.0","0.0","Tom Hanks","Jeremy Renner","tom hanks","jeremy renner","0.0","0.0","Philadelphia","Town, The","philadelphia","town, the","0.0","0.0"
"RuleBasedMatcher","actors_140","golden_globes_734","0.0","","1994-01-01","1997-01-01","1994-01-01","1997-01-01","0.0","0.0","Tom Hanks","Christine Lahti","tom hanks","christine lahti","0.0","0.0","Philadelphia","Chicago Hope","philadelphia","chicago hope","0.0","0.0"
"RuleBasedMatcher","actors_140","golden_globes_685","0.0","","1994-01-01","1998-01-01","1994-01-01","1998-01-01","0.0","0.0","Tom Hanks","Christine Lahti","tom hanks","christine lahti","0.0","0.0","Philadelphia","Chicago Hope","philadelphia","chicago hope","0.0","0.0"
"RuleBasedMatcher","actors_140","golden_globes_840","0.0","","1994-01-01","1995-01-01","1994-01-01","1995-01-01","0.0","0.0","Tom Hanks","Mandy Patinkin","tom hanks","mandy patinkin","0.0","0.0","Philadelphia","Chicago Hope","philadelphia","chicago hope","0.0","0.0"
"RuleBasedMatcher","actors_141","golden_globes_817","0.5396825396825397","1","1995-01-01","1995-01-01","1995-01-01","1995-01-01","1.0","1.0","Tom Hanks","['Tom Hanks', 'Robin Wright Penn', 'Gary Sinise']","Tom Hanks","['Tom Hanks', 'Robin Wright Penn', 'Gary Sinise']","0.2857142857142857","0.2857142857142857","Forest Gump","Forrest Gump","forest gump","forrest gump","0.3333333333333333","0.3333333333333333"
"RuleBasedMatcher","actors_141","golden_globes_341","0.0","","1995-01-01","2005-01-01","1995-01-01","2005-01-01","0.0","0.0","Tom Hanks","Ian McShane","tom hanks","ian mcshane","0.0","0.0","Forest Gump","Deadwood","forest gump","deadwood","0.0","0.0"
"RuleBasedMatcher","actors_141","golden_globes_827","0.3333333333333333","","1995-01-01","1995-01-01","1995-01-01","1995-01-01","1.0","1.0","Tom Hanks","['Johnny Depp', 'Martin Landau']","Tom Hanks","['Johnny Depp', 'Martin Landau']","0.0","0.0","Forest Gump","Ed Wood","forest gump","ed wood","0.0","0.0"
"RuleBasedMatcher","actors_141","golden_globes_1612","0.0","","1995-01-01","1979-01-01","1995-01-01","1979-01-01","0.0","0.0","Tom Hanks","['Robert De Niro', 'Meryl Streep', 'Christopher Walken']","Tom Hanks","['Robert De Niro', 'Meryl Streep', 'Christopher Walken']","0.0","0.0","Forest Gump","Deer Hunter, The","forest gump","deer hunter, the","0.0","0.0"
"RuleBasedMatcher","actors_141","golden_globes_1561","0.0","","1995-01-01","1981-01-01","1995-01-01","1981-01-01","0.0","0.0","Tom Hanks","Hal Linden","tom hanks","hal linden","0.0","0.0","Forest Gump","Barney Miller","forest gump","barney miller","0.0","0.0"
"RuleBasedMatcher","actors_141","golden_globes_1683","0.0","","1995-01-01","1978-01-01","1995-01-01","1978-01-01","0.0","0.0","Tom Hanks","Hal Linden","tom hanks","hal linden","0.0","0.0","Forest Gump","Barney Miller","forest gump","barney miller","0.0","0.0"
"RuleBasedMatcher","actors_141","golden_globes_1768","0.0","","1995-01-01","1976-01-01","1995-01-01","1976-01-01","0.0","0.0","Tom Hanks","Hal Linden","tom hanks","hal linden","0.0","0.0","Forest Gump","Barney Miller","forest gump","barney miller","0.0","0.0"
"RuleBasedMatcher","actors_141","golden_globes_1722","0.0","","1995-01-01","1977-01-01","1995-01-01","1977-01-01","0.0","0.0","Tom Hanks","Hal Linden","tom hanks","hal linden","0.0","0.0","Forest Gump","Barney Miller","forest gump","barney miller","0.0","0.0"
"RuleBasedMatcher","actors_141","golden_globes_1749","0.0","","1995-01-01","1976-01-01","1995-01-01","1976-01-01","0.0","0.0","Tom Hanks","","tom hanks","","0.0","0.0","Forest Gump","Jaws","forest gump","jaws","0.0","0.0"
"RuleBasedMatcher","actors_141","golden_globes_1652","0.0","","1995-01-01","1978-01-01","1995-01-01","1978-01-01","0.0","0.0","Tom Hanks","Al Pacino","tom hanks","al pacino","0.0","0.0","Forest Gump","Bobby Deerfield","forest gump","bobby deerfield","0.0","0.0"
"RuleBasedMatcher","actors_141","golden_globes_135","0.0","","1995-01-01","2009-01-01","1995-01-01","2009-01-01","0.0","0.0","Tom Hanks","Mary-Louise Parker","tom hanks","mary-louise parker","0.0","0.0","Forest Gump","Weeds","forest gump","weeds","0.0","0.0"
"RuleBasedMatcher","actors_141","golden_globes_242","0.0","","1995-01-01","2007-01-01","1995-01-01","2007-01-01","0.0","0.0","Tom Hanks","['Mary-Louise Parker', 'Elizabeth Perkins', 'Justin Kirk']","Tom Hanks","['Mary-Louise Parker', 'Elizabeth Perkins', 'Justin Kirk']","0.0","0.0","Forest Gump","Weeds","forest gump","weeds","0.0","0.0"
"RuleBasedMatcher","actors_141","golden_globes_1187","0.0","","1995-01-01","1988-01-01","1995-01-01","1988-01-01","0.0","0.0","Tom Hanks","Nick Nolte","tom hanks","nick nolte","0.0","0.0","Forest Gump","Weeds","forest gump","weeds","0.0","0.0"
"RuleBasedMatcher","actors_141","golden_globes_187","0.0","","1995-01-01","2008-01-01","1995-01-01","2008-01-01","0.0","0.0","Tom Hanks","Mary-Louise Parker","tom hanks","mary-louise parker","0.0","0.0","Forest Gump","Weeds","forest gump","weeds","0.0","0.0"
"RuleBasedMatcher","actors_141","golden_globes_298","0.0","","1995-01-01","2006-01-01","1995-01-01","2006-01-01","0.0","0.0","Tom Hanks","['Mary-Louise Parker', 'Elizabeth Perkins']","Tom Hanks","['Mary-Louise Parker', 'Elizabeth Perkins']","0.0","0.0","Forest Gump","Weeds","forest gump","weeds","0.0","0.0"
"RuleBasedMatcher","actors_141","golden_globes_1385","0.0","","1995-01-01","1984-01-01","1995-01-01","1984-01-01","0.0","0.0","Tom Hanks","['Meryl Streep', 'Cher', 'Kurt Russell']","Tom Hanks","['Meryl Streep', 'Cher', 'Kurt Russell']","0.0","0.0","Forest Gump","Silkwood","forest gump","silkwood","0.0","0.0"
"RuleBasedMatcher","actors_141","golden_globes_1454","0.0","","1995-01-01","1983-01-01","1995-01-01","1983-01-01","0.0","0.0","Tom Hanks","['Jane Wyman', 'Lorenzo Lamas']","Tom Hanks","['Jane Wyman', 'Lorenzo Lamas']","0.0","0.0","Forest Gump","Falcon Crest","forest gump","falcon crest","0.0","0.0"
"RuleBasedMatcher","actors_141","golden_globes_1408","0.0","","1995-01-01","1984-01-01","1995-01-01","1984-01-01","0.0","0.0","Tom Hanks","Jane Wyman","tom hanks","jane wyman","0.0","0.0","Forest Gump","Falcon Crest","forest gump","falcon crest","0.0","0.0"
"RuleBasedMatcher","actors_141","golden_globes_1380","0.0","","1995-01-01","1985-01-01","1995-01-01","1985-01-01","0.0","0.0","Tom Hanks","Gina Lollobrigida","tom hanks","gina lollobrigida","0.0","0.0","Forest Gump","Falcon Crest","forest gump","falcon crest","0.0","0.0"
"RuleBasedMatcher","actors_141","golden_globes_858","0.3333333333333333","","1995-01-01","1995-01-01","1995-01-01","1995-01-01","1.0","1.0","Tom Hanks","['Rutger Hauer', 'Miranda Richardson']","Tom Hanks","['Rutger Hauer', 'Miranda Richardson']","0.0","0.0","Forest Gump","Fatherland","forest gump","fatherland","0.0","0.0"
"RuleBasedMatcher","actors_142","golden_globes_759","0.95","","1996-01-01","1996-01-01","1996-01-01","1996-01-01","1.0","1.0","Nicolas Cage","['Elisabeth Shue', 'Nicolas Cage']","Nicolas Cage","['Elisabeth Shue', 'Nicolas Cage']","0.5","0.5","Leaving Las Vegas","Leaving Las Vegas","leaving las vegas","leaving las vegas","1.0","1.0"
"RuleBasedMatcher","actors_142","golden_globes_931","0.39999999999999997","","1996-01-01","1993-01-01","1996-01-01","1993-01-01","0.0","0.0","Nicolas Cage","Nicolas Cage","nicolas cage","nicolas cage","1.0","1.0","Leaving Las Vegas","Honeymoon In Vegas","leaving las vegas","honeymoon in vegas","0.2","0.2"
"RuleBasedMatcher","actors_142","golden_globes_212","0.0","","1996-01-01","2007-01-01","1996-01-01","2007-01-01","0.0","0.0","Nicolas Cage","['Leonardo DiCaprio', 'Jack Nicholson', 'Mark Wahlberg']","Nicolas Cage","['Leonardo DiCaprio', 'Jack Nicholson', 'Mark Wahlberg']","0.0","0.0","Leaving Las Vegas","Departed, The","leaving las vegas","departed, the","0.0","0.0"
"RuleBasedMatcher","actors_142","golden_globes_760","0.3333333333333333","","1996-01-01","1996-01-01","1996-01-01","1996-01-01","1.0","1.0","Nicolas Cage","Sharon Stone","nicolas cage","sharon stone","0.0","0.0","Leaving Las Vegas","Casino","leaving las vegas","casino","0.0","0.0"
"RuleBasedMatcher","actors_142","golden_globes_943","0.0","","1996-01-01","1993-01-01","1996-01-01","1993-01-01","0.0","0.0","Nicolas Cage","['Regina Taylor', 'Sam Waterston']","Nicolas Cage","['Regina Taylor', 'Sam Waterston']","0.0","0.0","Leaving Las Vegas","I'Ll Fly Away","leaving las vegas","i'll fly away","0.0","0.0"
"RuleBasedMatcher","actors_142","golden_globes_998","0.0","","1996-01-01","1992-01-01","1996-01-01","1992-01-01","0.0","0.0","Nicolas Cage","Sam Waterston","nicolas cage","sam waterston","0.0","0.0","Leaving Las Vegas","I'Ll Fly Away","leaving las vegas","i'll fly away","0.0","0.0"
"RuleBasedMatcher","actors_142","golden_globes_1657","0.0","","1996-01-01","1978-01-01","1996-01-01","1978-01-01","0.0","0.0","Nicolas Cage","['Marsha Mason', 'Richard Dreyfuss', 'Quinn Cummings']","Nicolas Cage","['Marsha Mason', 'Richard Dreyfuss', 'Quinn Cummings']","0.0","0.0","Leaving Las Vegas","Goodbye Girl, The","leaving las vegas","goodbye girl, the","0.0","0.0"
"RuleBasedMatcher","actors_142","golden_globes_1357","0.0","","1996-01-01","1985-01-01","1996-01-01","1985-01-01","0.0","0.0","Nicolas Cage","James Brolin","nicolas cage","james brolin","0.0","0.0","Leaving Las Vegas","Hotel","leaving las vegas","hotel","0.0","0.0"
"RuleBasedMatcher","actors_142","golden_globes_1259","0.0","","1996-01-01","1987-01-01","1996-01-01","1987-01-01","0.0","0.0","Nicolas Cage","Connie Sellecca","nicolas cage","connie sellecca","0.0","0.0","Leaving Las Vegas","Hotel","leaving las vegas","hotel","0.0","0.0"
"RuleBasedMatcher","actors_142","golden_globes_1409","0.0","","1996-01-01","1984-01-01","1996-01-01","1984-01-01","0.0","0.0","Nicolas Cage","James Brolin","nicolas cage","james brolin","0.0","0.0","Leaving Las Vegas","Hotel","leaving las vegas","hotel","0.0","0.0"
"RuleBasedMatcher","actors_142","golden_globes_1440","0.0","","1996-01-01","1983-01-01","1996-01-01","1983-01-01","0.0","0.0","Nicolas Cage","Sally Field","nicolas cage","sally field","0.0","0.0","Leaving Las Vegas","Kiss Me Goodbye","leaving las vegas","kiss me goodbye","0.0","0.0"
"RuleBasedMatcher","actors_142","golden_globes_114","0.0","","1996-01-01","2009-01-01","1996-01-01","2009-01-01","0.0","0.0","Nicolas Cage","['Emma Thompson', 'Dustin Hoffman']","Nicolas Cage","['Emma Thompson', 'Dustin Hoffman']","0.0","0.0","Leaving Las Vegas","Last Chance Harvey","leaving las vegas","last chance harvey","0.0","0.0"
"RuleBasedMatcher","actors_142","golden_globes_1777","0.0","","1996-01-01","1975-01-01","1996-01-01","1975-01-01","0.0","0.0","Nicolas Cage","James Caan","nicolas cage","james caan","0.0","0.0","Leaving Las Vegas","Gambler, The","leaving las vegas","gambler, the","0.0","0.0"
"RuleBasedMatcher","actors_142","golden_globes_970","0.0","","1996-01-01","1993-01-01","1996-01-01","1993-01-01","0.0","0.0","Nicolas Cage","Earl Holliman","nicolas cage","earl holliman","0.0","0.0","Leaving Las Vegas","Delta","leaving las vegas","delta","0.0","0.0"
"RuleBasedMatcher","actors_142","golden_globes_1608","0.0","","1996-01-01","1979-01-01","1996-01-01","1979-01-01","0.0","0.0","Nicolas Cage","['Jane Fonda', 'Jon Voight', 'Bruce Dern']","Nicolas Cage","['Jane Fonda', 'Jon Voight', 'Bruce Dern']","0.0","0.0","Leaving Las Vegas","Coming Home","leaving las vegas","coming home","0.0","0.0"
"RuleBasedMatcher","actors_142","golden_globes_1582","0.0","","1996-01-01","1980-01-01","1996-01-01","1980-01-01","0.0","0.0","Nicolas Cage","","nicolas cage","","0.0","0.0","Leaving Las Vegas","Breaking Away","leaving las vegas","breaking away","0.0","0.0"
"RuleBasedMatcher","actors_142","golden_globes_515","0.0","","1996-01-01","2001-01-01","1996-01-01","2001-01-01","0.0","0.0","Nicolas Cage","Tom Hanks","nicolas cage","tom hanks","0.0","0.0","Leaving Las Vegas","Cast Away","leaving las vegas","cast away","0.0","0.0"
"RuleBasedMatcher","actors_142","golden_globes_416","0.0","","1996-01-01","2003-01-01","1996-01-01","2003-01-01","0.0","0.0","Nicolas Cage","['Julianne Moore', 'Dennis Quaid']","Nicolas Cage","['Julianne Moore', 'Dennis Quaid']","0.0","0.0","Leaving Las Vegas","Far From Heaven","leaving las vegas","far from heaven","0.0","0.0"
"RuleBasedMatcher","actors_142","golden_globes_1619","0.0","","1996-01-01","1979-01-01","1996-01-01","1979-01-01","0.0","0.0","Nicolas Cage","Maggie Smith","nicolas cage","maggie smith","0.0","0.0","Leaving Las Vegas","California Suite","leaving las vegas","california suite","0.0","0.0"
"RuleBasedMatcher","actors_142","golden_globes_2030","0.0","","1996-01-01","1966-01-01","1996-01-01","1966-01-01","0.0","0.0","Nicolas Cage","['Frank Finlay', 'Frank Finlay']","Nicolas Cage","['Frank Finlay', 'Frank Finlay']","0.0","0.0","Leaving Las Vegas","Flight Of The Phoenix, The","leaving las vegas","flight of the phoenix, the","0.0","0.0"
"RuleBasedMatcher","actors_143","golden_globes_717","0.9999999999999999","","1997-01-01","1997-01-01","1997-01-01","1997-01-01","1.0","1.0","Geoffrey Rush","Geoffrey Rush","geoffrey rush","geoffrey rush","1.0","1.0","Shine","Shine","shine","shine","1.0","1.0"
"RuleBasedMatcher","actors_143","golden_globes_656","0.0","","1997-01-01","1999-01-01","1997-01-01","1999-01-01","0.0","0.0","Geoffrey Rush","Bill Paxton","geoffrey rush","bill paxton","0.0","0.0","Shine","Bright Shining Lie, a","shine","bright shining lie, a","0.0","0.0"
"RuleBasedMatcher","actors_143","golden_globes_532","0.0","","1997-01-01","2001-01-01","1997-01-01","2001-01-01","0.0","0.0","Geoffrey Rush","","geoffrey rush","","0.0","0.0","Shine","Sunshine","shine","sunshine","0.0","0.0"
"RuleBasedMatcher","actors_143","golden_globes_1096","0.0","","1997-01-01","1990-01-01","1997-01-01","1990-01-01","0.0","0.0","Geoffrey Rush","Denzel Washington","geoffrey rush","denzel washington","0.0","0.0","Shine","Glory","shine","glory","0.0","0.0"
"RuleBasedMatcher","actors_143","golden_globes_1305","0.0","","1997-01-01","1986-01-01","1997-01-01","1986-01-01","0.0","0.0","Geoffrey Rush","['Cybill Shepherd', 'Bruce Willis']","Geoffrey Rush","['Cybill Shepherd', 'Bruce Willis']","0.0","0.0","Shine","Moonlighting","shine","moonlighting","0.0","0.0"
"RuleBasedMatcher","actors_143","golden_globes_1265","0.0","","1997-01-01","1987-01-01","1997-01-01","1987-01-01","0.0","0.0","Geoffrey Rush","['Cybill Shepherd', 'Bruce Willis']","Geoffrey Rush","['Cybill Shepherd', 'Bruce Willis']","0.0","0.0","Shine","Moonlighting","shine","moonlighting","0.0","0.0"
"RuleBasedMatcher","actors_143","golden_globes_1211","0.0","","1997-01-01","1988-01-01","1997-01-01","1988-01-01","0.0","0.0","Geoffrey Rush","['Cybill Shepherd', 'Bruce Willis', 'Allyce Beasley']","Geoffrey Rush","['Cybill Shepherd', 'Bruce Willis', 'Allyce Beasley']","0.0","0.0","Shine","Moonlighting","shine","moonlighting","0.0","0.0"
"RuleBasedMatcher","actors_143","golden_globes_299","0.0","","1997-01-01","2006-01-01","1997-01-01","2006-01-01","0.0","0.0","Geoffrey Rush","Zach Braff","geoffrey rush","zach braff","0.0","0.0","Shine","Scrubs","shine","scrubs","0.0","0.0"
"RuleBasedMatcher","actors_143","golden_globes_347","0.0","","1997-01-01","2005-01-01","1997-01-01","2005-01-01","0.0","0.0","Geoffrey Rush","Zach Braff","geoffrey rush","zach braff","0.0","0.0","Shine","Scrubs","shine","scrubs","0.0","0.0"
"RuleBasedMatcher","actors_143","golden_globes_244","0.0","","1997-01-01","2007-01-01","1997-01-01","2007-01-01","0.0","0.0","Geoffrey Rush","Zach Braff","geoffrey rush","zach braff","0.0","0.0","Shine","Scrubs","shine","scrubs","0.0","0.0"
"RuleBasedMatcher","actors_143","golden_globes_1699","0.0","","1997-01-01","1977-01-01","1997-01-01","1977-01-01","0.0","0.0","Geoffrey Rush","Gene Wilder","geoffrey rush","gene wilder","0.0","0.0","Shine","Silver Streak","shine","silver streak","0.0","0.0"
"RuleBasedMatcher","actors_143","golden_globes_1689","0.0","","1997-01-01","1977-01-01","1997-01-01","1977-01-01","0.0","0.0","Geoffrey Rush","David Carradine","geoffrey rush","david carradine","0.0","0.0","Shine","Bound For Glory","shine","bound for glory","0.0","0.0"
"RuleBasedMatcher","actors_143","golden_globes_2244","0.0","","1997-01-01","1952-01-01","1997-01-01","1952-01-01","0.0","0.0","Geoffrey Rush","Arthur Kennedy","geoffrey rush","arthur kennedy","0.0","0.0","Shine","Bright Victory","shine","bright victory","0.0","0.0"
"RuleBasedMatcher","actors_143","golden_globes_865","0.0","","1997-01-01","1994-01-01","1997-01-01","1994-01-01","0.0","0.0","Geoffrey Rush","Juliette Binoche","geoffrey rush","juliette binoche","0.0","0.0","Shine","Blue","shine","blue","0.0","0.0"
"RuleBasedMatcher","actors_143","golden_globes_1362","0.0","","1997-01-01","1985-01-01","1997-01-01","1985-01-01","0.0","0.0","Geoffrey Rush","Debbie Allen","geoffrey rush","debbie allen","0.0","0.0","Shine","Fame","shine","fame","0.0","0.0"
"RuleBasedMatcher","actors_143","golden_globes_1457","0.0","","1997-01-01","1983-01-01","1997-01-01","1983-01-01","0.0","0.0","Geoffrey Rush","Debbie Allen","geoffrey rush","debbie allen","0.0","0.0","Shine","Fame","shine","fame","0.0","0.0"
"RuleBasedMatcher","actors_143","golden_globes_1537","0.0","","1997-01-01","1981-01-01","1997-01-01","1981-01-01","0.0","0.0","Geoffrey Rush","Irene Cara","geoffrey rush","irene cara","0.0","0.0","Shine","Fame","shine","fame","0.0","0.0"
"RuleBasedMatcher","actors_143","golden_globes_1412","0.0","","1997-01-01","1984-01-01","1997-01-01","1984-01-01","0.0","0.0","Geoffrey Rush","Debbie Allen","geoffrey rush","debbie allen","0.0","0.0","Shine","Fame","shine","fame","0.0","0.0"
"RuleBasedMatcher","actors_143","golden_globes_173","0.0","","1997-01-01","2008-01-01","1997-01-01","2008-01-01","0.0","0.0","Geoffrey Rush","Minnie Driver","geoffrey rush","minnie driver","0.0","0.0","Shine","Riches, The","shine","riches, the","0.0","0.0"
"RuleBasedMatcher","actors_143","golden_globes_1613","0.0","","1997-01-01","1979-01-01","1997-01-01","1979-01-01","0.0","0.0","Geoffrey Rush","Anthony Hopkins","geoffrey rush","anthony hopkins","0.0","0.0","Shine","Magic","shine","magic","0.0","0.0"
"RuleBasedMatcher","actors_144","golden_globes_672","0.9333333333333332","","1998-01-01","1998-01-01","1998-01-01","1998-01-01","1.0","1.0","Jack Nicholson","['Helen Hunt', 'Jack Nicholson', 'Greg Kinnear']","Jack Nicholson","['Helen Hunt', 'Jack Nicholson', 'Greg Kinnear']","0.3333333333333333","0.3333333333333333","As Good as It Gets","as Good as It Gets","as good as it gets","as good as it gets","1.0","1.0"
"RuleBasedMatcher","actors_144","golden_globes_191","0.09523809523809523","","1998-01-01","2008-01-01","1998-01-01","2008-01-01","0.0","0.0","Jack Nicholson","Bryce Dallas Howard","jack nicholson","bryce dallas howard","0.0","0.0","As Good as It Gets","as You Like It","as good as it gets","as you like it","0.2857142857142857","0.2857142857142857"
"RuleBasedMatcher","actors_144","golden_globes_1008","0.0","","1998-01-01","1992-01-01","1998-01-01","1992-01-01","0.0","0.0","Jack Nicholson","['Judy Davis', 'Sam Neill']","Jack Nicholson","['Judy Davis', 'Sam Neill']","0.0","0.0","As Good as It Gets","One Against The Wind","as good as it gets","one against the wind","0.0","0.0"
"RuleBasedMatcher","actors_144","golden_globes_2155","0.15277777777777776","","1998-01-01","1960-01-01","1998-01-01","1960-01-01","0.0","0.0","Jack Nicholson","Jack Lemmon","jack nicholson","jack lemmon","0.3333333333333333","0.3333333333333333","As Good as It Gets","Some Like It Hot","as good as it gets","some like it hot","0.125","0.125"
"RuleBasedMatcher","actors_144","golden_globes_1403","0.0","","1998-01-01","1984-01-01","1998-01-01","1984-01-01","0.0","0.0","Jack Nicholson","Gene Hackman","jack nicholson","gene hackman","0.0","0.0","As Good as It Gets","Under Fire","as good as it gets","under fire","0.0","0.0"
"RuleBasedMatcher","actors_144","golden_globes_2208","0.0","","1998-01-01","1957-01-01","1998-01-01","1957-01-01","0.0","0.0","Jack Nicholson","['Eileen Heckart', 'Patty McCormack']","Jack Nicholson","['Eileen Heckart', 'Patty McCormack']","0.0","0.0","As Good as It Gets","Bad Seed, The","as good as it gets","bad seed, the","0.0","0.0"
"RuleBasedMatcher","actors_144","golden_globes_270","0.037037037037037035","","1998-01-01","2006-01-01","1998-01-01","2006-01-01","0.0","0.0","Jack Nicholson","David Strathairn","jack nicholson","david strathairn","0.0","0.0","As Good as It Gets","Good Night, And Good Luck","as good as it gets","good night, and good luck","0.1111111111111111","0.1111111111111111"
"RuleBasedMatcher","actors_144","golden_globes_1587","0.0","","1998-01-01","1980-01-01","1998-01-01","1980-01-01","0.0","0.0","Jack Nicholson","Natalie Wood","jack nicholson","natalie wood","0.0","0.0","As Good as It Gets","From Here To Eternity","as good as it gets","from here to eternity","0.0","0.0"
"RuleBasedMatcher","actors_144","golden_globes_2225","0.0","","1998-01-01","1954-01-01","1998-01-01","1954-01-01","0.0","0.0","Jack Nicholson","Frank Sinatra","jack nicholson","frank sinatra","0.0","0.0","As Good as It Gets","From Here To Eternity","as good as it gets","from here to eternity","0.0","0.0"
"RuleBasedMatcher","actors_144","golden_globes_1540","0.0","","1998-01-01","1981-01-01","1998-01-01","1981-01-01","0.0","0.0","Jack Nicholson","Dolly Parton","jack nicholson","dolly parton","0.0","0.0","As Good as It Gets","9-To-5","as good as it gets","9-to-5","0.0","0.0"
"RuleBasedMatcher","actors_144","golden_globes_1461","0.0","","1998-01-01","1983-01-01","1998-01-01","1983-01-01","0.0","0.0","Jack Nicholson","Rita Moreno","jack nicholson","rita moreno","0.0","0.0","As Good as It Gets","9-To-5","as good as it gets","9-to-5","0.0","0.0"
"RuleBasedMatcher","actors_144","golden_globes_2236","0.0","","1998-01-01","1953-01-01","1998-01-01","1953-01-01","0.0","0.0","Jack Nicholson","['Gloria Grahame', 'Gilbert Roland']","Jack Nicholson","['Gloria Grahame', 'Gilbert Roland']","0.0","0.0","As Good as It Gets","Bad and The Beautiful, The","as good as it gets","bad and the beautiful, the","0.0","0.0"
"RuleBasedMatcher","actors_145","golden_globes_2272","0.05555555555555555","","1999-01-01","1947-01-01","1999-01-01","1947-01-01","0.0","0.0","Roberto Benigni","","roberto benigni","","0.0","0.0","Life is Beautiful","It's a Wonderful Life","life is beautiful","it's a wonderful life","0.16666666666666666","0.16666666666666666"
"RuleBasedMatcher","actors_145","golden_globes_1123","0.06666666666666667","","1999-01-01","1990-01-01","1999-01-01","1990-01-01","0.0","0.0","Roberto Benigni","Christopher Burke","roberto benigni","christopher burke","0.0","0.0","Life is Beautiful","Life Goes On","life is beautiful","life goes on","0.2","0.2"
"RuleBasedMatcher","actors_145","golden_globes_2236","0.0","","1999-01-01","1953-01-01","1999-01-01","1953-01-01","0.0","0.0","Roberto Benigni","['Gloria Grahame', 'Gilbert Roland']","Roberto Benigni","['Gloria Grahame', 'Gilbert Roland']","0.0","0.0","Life is Beautiful","Bad and The Beautiful, The","life is beautiful","bad and the beautiful, the","0.0","0.0"
"RuleBasedMatcher","actors_145","golden_globes_835","0.06666666666666667","","1999-01-01","1995-01-01","1999-01-01","1995-01-01","0.0","0.0","Roberto Benigni","Claire Danes","roberto benigni","claire danes","0.0","0.0","Life is Beautiful","My So-Called Life","life is beautiful","my so-called life","0.2","0.2"
"RuleBasedMatcher","actors_145","golden_globes_1243","0.0","","1999-01-01","1987-01-01","1999-01-01","1987-01-01","0.0","0.0","Roberto Benigni","['Julie Andrews', 'Jack Lemmon']","Roberto Benigni","['Julie Andrews', 'Jack Lemmon']","0.0","0.0","Life is Beautiful","That's Life!","life is beautiful","that's life!","0.0","0.0"
"RuleBasedMatcher","actors_145","golden_globes_2159","0.06666666666666667","","1999-01-01","1960-01-01","1999-01-01","1960-01-01","0.0","0.0","Roberto Benigni","['Susan Kohner', 'Juanita Moore']","Roberto Benigni","['Susan Kohner', 'Juanita Moore']","0.0","0.0","Life is Beautiful","Imitation Of Life","life is beautiful","imitation of life","0.2","0.2"
"RuleBasedMatcher","actors_145","golden_globes_459","0.06666666666666667","","1999-01-01","2002-01-01","1999-01-01","2002-01-01","0.0","0.0","Roberto Benigni","['Russell Crowe', 'Jennifer Connelly']","Roberto Benigni","['Russell Crowe', 'Jennifer Connelly']","0.0","0.0","Life is Beautiful","Beautiful Mind, a","life is beautiful","beautiful mind, a","0.2","0.2"
"RuleBasedMatcher","actors_145","golden_globes_214","0.0","","1999-01-01","2007-01-01","1999-01-01","2007-01-01","0.0","0.0","Roberto Benigni","Will Smith","roberto benigni","will smith","0.0","0.0","Life is Beautiful","Pursuit Of Happyness, The","life is beautiful","pursuit of happyness, the","0.0","0.0"
"RuleBasedMatcher","actors_145","golden_globes_2202","0.06666666666666667","","1999-01-01","1957-01-01","1999-01-01","1957-01-01","0.0","0.0","Roberto Benigni","['Kirk Douglas', 'Anthony Quinn']","Roberto Benigni","['Kirk Douglas', 'Anthony Quinn']","0.0","0.0","Life is Beautiful","Lust For Life","life is beautiful","lust for life","0.2","0.2"
"RuleBasedMatcher","actors_145","golden_globes_2136","0.0","","1999-01-01","1961-01-01","1999-01-01","1961-01-01","0.0","0.0","Roberto Benigni","Bob Hope","roberto benigni","bob hope","0.0","0.0","Life is Beautiful","Facts Of Life, The","life is beautiful","facts of life, the","0.0","0.0"
"RuleBasedMatcher","actors_145","golden_globes_474","0.05555555555555555","","1999-01-01","2002-01-01","1999-01-01","2002-01-01","0.0","0.0","Roberto Benigni","Hayden Christensen","roberto benigni","hayden christensen","0.0","0.0","Life is Beautiful","Life as a House","life is beautiful","life as a house","0.16666666666666666","0.16666666666666666"
"RuleBasedMatcher","actors_145","golden_globes_1020","0.0","","1999-01-01","1991-01-01","1999-01-01","1991-01-01","0.0","0.0","Roberto Benigni","Kathy Bates","roberto benigni","kathy bates","0.0","0.0","Life is Beautiful","Misery","life is beautiful","misery","0.0","0.0"
"RuleBasedMatcher","actors_145","golden_globes_1207","0.0","","1999-01-01","1988-01-01","1999-01-01","1988-01-01","0.0","0.0","Roberto Benigni","Richard Kiley","roberto benigni","richard kiley","0.0","0.0","Life is Beautiful","Year In The Life, a","life is beautiful","year in the life, a","0.0","0.0"
"RuleBasedMatcher","actors_145","golden_globes_2164","0.0","","1999-01-01","1959-01-01","1999-01-01","1959-01-01","0.0","0.0","Roberto Benigni","Susan Hayward","roberto benigni","susan hayward","0.0","0.0","Life is Beautiful","I Want To Live!","life is beautiful","i want to live!","0.0","0.0"
"RuleBasedMatcher","actors_145","golden_globes_1146","0.0","","1999-01-01","1989-01-01","1999-01-01","1989-01-01","0.0","0.0","Roberto Benigni","Lena Olin","roberto benigni","lena olin","0.0","0.0","Life is Beautiful","Unbearable Lightness Of Being, The","life is beautiful","unbearable lightness of being, the","0.0","0.0"
"RuleBasedMatcher","actors_145","golden_globes_2188","0.0","","1999-01-01","1958-01-01","1999-01-01","1958-01-01","0.0","0.0","Roberto Benigni","Maurice Chevalier","roberto benigni","maurice chevalier","0.0","0.0","Life is Beautiful","Love In The Afternoon","life is beautiful","love in the afternoon","0.0","0.0"
"RuleBasedMatcher","actors_145","golden_globes_1911","0.0","","1999-01-01","1971-01-01","1999-01-01","1971-01-01","0.0","0.0","Roberto Benigni","['Ali MacGraw', "Ryan O'Neal", 'John Marley']","Roberto Benigni","['Ali MacGraw', "Ryan O'Neal", 'John Marley']","0.0","0.0","Life is Beautiful","Love Story","life is beautiful","love story","0.0","0.0"
"RuleBasedMatcher","actors_145","golden_globes_1202","0.0","","1999-01-01","1988-01-01","1999-01-01","1988-01-01","0.0","0.0","Roberto Benigni","","roberto benigni","","0.0","0.0","Life is Beautiful","Hope and Glory","life is beautiful","hope and glory","0.0","0.0"
"RuleBasedMatcher","actors_145","golden_globes_2054","0.06666666666666667","","1999-01-01","1964-01-01","1999-01-01","1964-01-01","0.0","0.0","Roberto Benigni","Rachel Roberts","roberto benigni","rachel roberts","0.0","0.0","Life is Beautiful","This Sporting Life","life is beautiful","this sporting life","0.2","0.2"
"RuleBasedMatcher","actors_145","golden_globes_1682","0.0","","1999-01-01","1978-01-01","1999-01-01","1978-01-01","0.0","0.0","Roberto Benigni","['Ron Howard', 'Henry Winkler']","Roberto Benigni","['Ron Howard', 'Henry Winkler']","0.0","0.0","Life is Beautiful","Happy Days","life is beautiful","happy days","0.0","0.0"
"RuleBasedMatcher","actors_146","golden_globes_562","0.95","","2000-01-01","2000-01-01","2000-01-01","2000-01-01","1.0","1.0","Kevin Spacey","['Annette Bening', 'Kevin Spacey']","Kevin Spacey","['Annette Bening', 'Kevin Spacey']","0.5","0.5","American Beauty","American Beauty","american beauty","american beauty","1.0","1.0"
"RuleBasedMatcher","actors_146","golden_globes_2059","0.0","","2000-01-01","1964-01-01","2000-01-01","1964-01-01","0.0","0.0","Kevin Spacey","Marlon Brando","kevin spacey","marlon brando","0.0","0.0","American Beauty","Ugly American, The","american beauty","ugly american, the","0.0","0.0"
"RuleBasedMatcher","actors_146","golden_globes_1152","0.06666666666666667","","2000-01-01","1989-01-01","2000-01-01","1989-01-01","0.0","0.0","Kevin Spacey","['Linda Hamilton', 'Ron Perlman']","Kevin Spacey","['Linda Hamilton', 'Ron Perlman']","0.0","0.0","American Beauty","Beauty and The Beast","american beauty","beauty and the beast","0.2","0.2"
"RuleBasedMatcher","actors_146","golden_globes_1205","0.06666666666666667","","2000-01-01","1988-01-01","2000-01-01","1988-01-01","0.0","0.0","Kevin Spacey","Linda Hamilton","kevin spacey","linda hamilton","0.0","0.0","American Beauty","Beauty and The Beast","american beauty","beauty and the beast","0.2","0.2"
"RuleBasedMatcher","actors_146","golden_globes_410","0.0","","2000-01-01","2004-01-01","2000-01-01","2004-01-01","0.0","0.0","Kevin Spacey","['Meryl Streep', 'Al Pacino', 'Mary-Louise Parker', 'Ben Shenkman', 'Patrick Wilson', 'Jeffrey Wright']","Kevin Spacey","['Meryl Streep', 'Al Pacino', 'Mary-Louise Parker', 'Ben Shenkman', 'Patrick Wilson', 'Jeffrey Wright']","0.0","0.0","American Beauty","Angels In America","american beauty","angels in america","0.0","0.0"
"RuleBasedMatcher","actors_146","golden_globes_2198","0.0","","2000-01-01","1957-01-01","2000-01-01","1957-01-01","0.0","0.0","Kevin Spacey","['Ingrid Bergman', 'Helen Hayes']","Kevin Spacey","['Ingrid Bergman', 'Helen Hayes']","0.0","0.0","American Beauty","Anastasia","american beauty","anastasia","0.0","0.0"
"RuleBasedMatcher","actors_146","golden_globes_1240","0.0","","2000-01-01","1987-01-01","2000-01-01","1987-01-01","0.0","0.0","Kevin Spacey","['Bob Hoskins', 'Cathy Tyson']","Kevin Spacey","['Bob Hoskins', 'Cathy Tyson']","0.0","0.0","American Beauty","Mona Lisa","american beauty","mona lisa","0.0","0.0"
"RuleBasedMatcher","actors_146","golden_globes_2248","0.06666666666666667","","2000-01-01","1952-01-01","2000-01-01","1952-01-01","0.0","0.0","Kevin Spacey","Gene Kelly","kevin spacey","gene kelly","0.0","0.0","American Beauty","American In Paris, An","american beauty","american in paris, an","0.2","0.2"
"RuleBasedMatcher","actors_146","golden_globes_459","0.0","","2000-01-01","2002-01-01","2000-01-01","2002-01-01","0.0","0.0","Kevin Spacey","['Russell Crowe', 'Jennifer Connelly']","Kevin Spacey","['Russell Crowe', 'Jennifer Connelly']","0.0","0.0","American Beauty","Beautiful Mind, a","american beauty","beautiful mind, a","0.0","0.0"
"RuleBasedMatcher","actors_146","golden_globes_1823","0.1111111111111111","","2000-01-01","1974-01-01","2000-01-01","1974-01-01","0.0","0.0","Kevin Spacey","Richard Dreyfuss","kevin spacey","richard dreyfuss","0.0","0.0","American Beauty","American Graffiti","american beauty","american graffiti","0.3333333333333333","0.3333333333333333"
"RuleBasedMatcher","actors_146","golden_globes_561","0.1111111111111111","0","2000-01-01","2001-01-01","2000-01-01","2001-01-01","0.0","0.0","Kevin Spacey","Christopher Plummer","kevin spacey","christopher plummer","0.0","0.0","American Beauty","American Tragedy","american beauty","american tragedy","0.3333333333333333","0.3333333333333333"
"RuleBasedMatcher","actors_146","golden_globes_418","0.0","","2000-01-01","2003-01-01","2000-01-01","2003-01-01","0.0","0.0","Kevin Spacey","Michael Caine","kevin spacey","michael caine","0.0","0.0","American Beauty","Quiet American, The","american beauty","quiet american, the","0.0","0.0"
"RuleBasedMatcher","actors_146","golden_globes_1033","0.0","","2000-01-01","1991-01-01","2000-01-01","1991-01-01","0.0","0.0","Kevin Spacey","['Julia Roberts', 'Richard Gere', 'Hector Elizondo']","Kevin Spacey","['Julia Roberts', 'Richard Gere', 'Hector Elizondo']","0.0","0.0","American Beauty","Pretty Woman","american beauty","pretty woman","0.0","0.0"
"RuleBasedMatcher","actors_146","golden_globes_383","0.1111111111111111","","2000-01-01","2004-01-01","2000-01-01","2004-01-01","0.0","0.0","Kevin Spacey","Hope Davis","kevin spacey","hope davis","0.0","0.0","American Beauty","American Splendor","american beauty","american splendor","0.3333333333333333","0.3333333333333333"
"RuleBasedMatcher","actors_146","golden_globes_227","0.0","","2000-01-01","2007-01-01","2000-01-01","2007-01-01","0.0","0.0","Kevin Spacey","Ben Affleck","kevin spacey","ben affleck","0.0","0.0","American Beauty","Hollywoodland","american beauty","hollywoodland","0.0","0.0"
"RuleBasedMatcher","actors_146","golden_globes_184","0.0","","2000-01-01","2008-01-01","2000-01-01","2008-01-01","0.0","0.0","Kevin Spacey","America Ferrera","kevin spacey","america ferrera","0.0","0.0","American Beauty","Ugly Betty","american beauty","ugly betty","0.0","0.0"
"RuleBasedMatcher","actors_146","golden_globes_240","0.0","","2000-01-01","2007-01-01","2000-01-01","2007-01-01","0.0","0.0","Kevin Spacey","America Ferrera","kevin spacey","america ferrera","0.0","0.0","American Beauty","Ugly Betty","american beauty","ugly betty","0.0","0.0"
"RuleBasedMatcher","actors_146","golden_globes_132","0.0","","2000-01-01","2009-01-01","2000-01-01","2009-01-01","0.0","0.0","Kevin Spacey","America Ferrera","kevin spacey","america ferrera","0.0","0.0","American Beauty","Ugly Betty","american beauty","ugly betty","0.0","0.0"
"RuleBasedMatcher","actors_146","golden_globes_551","0.08333333333333333","0","2000-01-01","2001-01-01","2000-01-01","2001-01-01","0.0","0.0","Kevin Spacey","Christine Lahti","kevin spacey","christine lahti","0.0","0.0","American Beauty","American Daughter, An","american beauty","american daughter, an","0.25","0.25"
"RuleBasedMatcher","actors_146","golden_globes_2216","0.0","","2000-01-01","1955-01-01","2000-01-01","1955-01-01","0.0","0.0","Kevin Spacey","Grace Kelly","kevin spacey","grace kelly","0.0","0.0","American Beauty","Country Girl, The","american beauty","country girl, the","0.0","0.0"
"RuleBasedMatcher","actors_147","golden_globes_513","0.95","","2001-01-01","2001-01-01","2001-01-01","2001-01-01","1.0","1.0","Russell Crowe","['Russell Crowe', 'Joaquin Phoenix']","Russell Crowe","['Russell Crowe', 'Joaquin Phoenix']","0.5","0.5","Gladiator","Gladiator","gladiator","gladiator","1.0","1.0"
"RuleBasedMatcher","actors_147","golden_globes_1426","0.0","","2001-01-01","1984-01-01","2001-01-01","1984-01-01","0.0","0.0","Russell Crowe","Louis Gossett Jr.","russell crowe","louis gossett jr.","0.0","0.0","Gladiator","Sadat","gladiator","sadat","0.0","0.0"
"RuleBasedMatcher","actors_147","golden_globes_2185","0.0","","2001-01-01","1958-01-01","2001-01-01","1958-01-01","0.0","0.0","Russell Crowe","['Marlon Brando', 'Miyoshi Umeki', 'Red Buttons']","Russell Crowe","['Marlon Brando', 'Miyoshi Umeki', 'Red Buttons']","0.0","0.0","Gladiator","Sayonara","gladiator","sayonara","0.0","0.0"
"RuleBasedMatcher","actors_147","golden_globes_1949","0.0","","2001-01-01","1970-01-01","2001-01-01","1970-01-01","0.0","0.0","Russell Crowe","Jean Simmons","russell crowe","jean simmons","0.0","0.0","Gladiator","Happy Ending, The","gladiator","happy ending, the","0.0","0.0"
"RuleBasedMatcher","actors_147","golden_globes_1624","0.0","","2001-01-01","1979-01-01","2001-01-01","1979-01-01","0.0","0.0","Russell Crowe","","russell crowe","","0.0","0.0","Gladiator","Days Of Heaven","gladiator","days of heaven","0.0","0.0"
"RuleBasedMatcher","actors_147","golden_globes_398","0.0","","2001-01-01","2004-01-01","2001-01-01","2004-01-01","0.0","0.0","Russell Crowe","Reba McEntire","russell crowe","reba mcentire","0.0","0.0","Gladiator","Reba","gladiator","reba","0.0","0.0"
"RuleBasedMatcher","actors_147","golden_globes_1443","0.0","","2001-01-01","1983-01-01","2001-01-01","1983-01-01","0.0","0.0","Russell Crowe","['Dustin Hoffman', 'Jessica Lange']","Russell Crowe","['Dustin Hoffman', 'Jessica Lange']","0.0","0.0","Gladiator","Tootsie","gladiator","tootsie","0.0","0.0"
"RuleBasedMatcher","actors_147","golden_globes_2178","0.0","","2001-01-01","1959-01-01","2001-01-01","1959-01-01","0.0","0.0","Russell Crowe","David Ladd","russell crowe","david ladd","0.0","0.0","Gladiator","Proud Rebel, The","gladiator","proud rebel, the","0.0","0.0"
"RuleBasedMatcher","actors_147","golden_globes_285","0.0","","2001-01-01","2006-01-01","2001-01-01","2006-01-01","0.0","0.0","Russell Crowe","","russell crowe","","0.0","0.0","Gladiator","King Kong","gladiator","king kong","0.0","0.0"
"RuleBasedMatcher","actors_147","golden_globes_1066","0.0","","2001-01-01","1991-01-01","2001-01-01","1991-01-01","0.0","0.0","Russell Crowe","Stephanie Zimbalist","russell crowe","stephanie zimbalist","0.0","0.0","Gladiator","Caroline","gladiator","caroline","0.0","0.0"
"RuleBasedMatcher","actors_147","golden_globes_1170","0.0","","2001-01-01","1989-01-01","2001-01-01","1989-01-01","0.0","0.0","Russell Crowe","['Michael Caine', 'Armand Assante']","Russell Crowe","['Michael Caine', 'Armand Assante']","0.0","0.0","Gladiator","Jack The Ripper","gladiator","jack the ripper","0.0","0.0"
"RuleBasedMatcher","actors_147","golden_globes_198","0.0","","2001-01-01","2008-01-01","2001-01-01","2008-01-01","0.0","0.0","Russell Crowe","['Jim Broadbent', 'Samantha Morton', 'Andy Serkis']","Russell Crowe","['Jim Broadbent', 'Samantha Morton', 'Andy Serkis']","0.0","0.0","Gladiator","Longford","gladiator","longford","0.0","0.0"
"RuleBasedMatcher","actors_147","golden_globes_214","0.0","","2001-01-01","2007-01-01","2001-01-01","2007-01-01","0.0","0.0","Russell Crowe","Will Smith","russell crowe","will smith","0.0","0.0","Gladiator","Pursuit Of Happyness, The","gladiator","pursuit of happyness, the","0.0","0.0"
"RuleBasedMatcher","actors_147","golden_globes_1946","0.0","","2001-01-01","1970-01-01","2001-01-01","1970-01-01","0.0","0.0","Russell Crowe","['Genevi�ve Bujold', 'Richard Burton', 'Anthony Quayle']","Russell Crowe","['Genevi�ve Bujold', 'Richard Burton', 'Anthony Quayle']","0.0","0.0","Gladiator","Anne Of The Thousand Days","gladiator","anne of the thousand days","0.0","0.0"
"RuleBasedMatcher","actors_147","golden_globes_881","0.0","","2001-01-01","1994-01-01","2001-01-01","1994-01-01","0.0","0.0","Russell Crowe","Colm Meaney","russell crowe","colm meaney","0.0","0.0","Gladiator","Snapper, The","gladiator","snapper, the","0.0","0.0"
"RuleBasedMatcher","actors_147","golden_globes_771","0.0","","2001-01-01","1996-01-01","2001-01-01","1996-01-01","0.0","0.0","Russell Crowe","Harrison Ford","russell crowe","harrison ford","0.0","0.0","Gladiator","Sabrina","gladiator","sabrina","0.0","0.0"
"RuleBasedMatcher","actors_147","golden_globes_516","0.3333333333333333","","2001-01-01","2001-01-01","2001-01-01","2001-01-01","1.0","1.0","Russell Crowe","Geoffrey Rush","russell crowe","geoffrey rush","0.0","0.0","Gladiator","Quills","gladiator","quills","0.0","0.0"
"RuleBasedMatcher","actors_147","golden_globes_1760","0.0","","2001-01-01","1976-01-01","2001-01-01","1976-01-01","0.0","0.0","Russell Crowe","['Beatrice Arthur', 'Hermione Baddeley']","Russell Crowe","['Beatrice Arthur', 'Hermione Baddeley']","0.0","0.0","Gladiator","Maude","gladiator","maude","0.0","0.0"
"RuleBasedMatcher","actors_147","golden_globes_1676","0.0","","2001-01-01","1978-01-01","2001-01-01","1978-01-01","0.0","0.0","Russell Crowe","Beatrice Arthur","russell crowe","beatrice arthur","0.0","0.0","Gladiator","Maude","gladiator","maude","0.0","0.0"
"RuleBasedMatcher","actors_147","golden_globes_1878","0.0","","2001-01-01","1973-01-01","2001-01-01","1973-01-01","0.0","0.0","Russell Crowe","Beatrice Arthur","russell crowe","beatrice arthur","0.0","0.0","Gladiator","Maude","gladiator","maude","0.0","0.0"
"RuleBasedMatcher","actors_148","golden_globes_463","0.7999999999999999","","2001-01-01","2002-01-01","2001-01-01","2002-01-01","0.0","0.0","Denzel Washington","Denzel Washington","denzel washington","denzel washington","1.0","1.0","Training Day","Training Day","training day","training day","1.0","1.0"
"RuleBasedMatcher","actors_148","golden_globes_1824","0.08333333333333333","","2001-01-01","1974-01-01","2001-01-01","1974-01-01","0.0","0.0","Denzel Washington","Valentina Cortese","denzel washington","valentina cortese","0.0","0.0","Training Day","Day For Night","training day","day for night","0.25","0.25"
"RuleBasedMatcher","actors_148","golden_globes_1737","0.08333333333333333","","2001-01-01","1976-01-01","2001-01-01","1976-01-01","0.0","0.0","Denzel Washington","['Al Pacino', 'John Cazale', 'Charles Durning']","Denzel Washington","['Al Pacino', 'John Cazale', 'Charles Durning']","0.0","0.0","Training Day","Dog Day Afternoon","training day","dog day afternoon","0.25","0.25"
"RuleBasedMatcher","actors_148","golden_globes_1644","0.05555555555555555","","2001-01-01","1979-01-01","2001-01-01","1979-01-01","0.0","0.0","Denzel Washington","Pat Harrington","denzel washington","pat harrington","0.0","0.0","Training Day","One Day at a Time","training day","one day at a time","0.16666666666666666","0.16666666666666666"
"RuleBasedMatcher","actors_148","golden_globes_1508","0.05555555555555555","","2001-01-01","1982-01-01","2001-01-01","1982-01-01","0.0","0.0","Denzel Washington","['Bonnie Franklin', 'Valerie Bertinelli', 'Pat Harrington']","Denzel Washington","['Bonnie Franklin', 'Valerie Bertinelli', 'Pat Harrington']","0.0","0.0","Training Day","One Day at a Time","training day","one day at a time","0.16666666666666666","0.16666666666666666"
"RuleBasedMatcher","actors_148","golden_globes_1460","0.05555555555555555","","2001-01-01","1983-01-01","2001-01-01","1983-01-01","0.0","0.0","Denzel Washington","['Bonnie Franklin', 'Valerie Bertinelli', 'Pat Harrington']","Denzel Washington","['Bonnie Franklin', 'Valerie Bertinelli', 'Pat Harrington']","0.0","0.0","Training Day","One Day at a Time","training day","one day at a time","0.16666666666666666","0.16666666666666666"
"RuleBasedMatcher","actors_148","golden_globes_1563","0.05555555555555555","","2001-01-01","1981-01-01","2001-01-01","1981-01-01","0.0","0.0","Denzel Washington","['Valerie Bertinelli', 'Pat Harrington']","Denzel Washington","['Valerie Bertinelli', 'Pat Harrington']","0.0","0.0","Training Day","One Day at a Time","training day","one day at a time","0.16666666666666666","0.16666666666666666"
"RuleBasedMatcher","actors_148","golden_globes_2040","0.0","","2001-01-01","1965-01-01","2001-01-01","1965-01-01","0.0","0.0","Denzel Washington","Fredric March","denzel washington","fredric march","0.0","0.0","Training Day","Seven Days In May","training day","seven days in may","0.0","0.0"
"RuleBasedMatcher","actors_148","golden_globes_1651","0.0","","2001-01-01","1978-01-01","2001-01-01","1978-01-01","0.0","0.0","Denzel Washington","Marcello Mastroianni","denzel washington","marcello mastroianni","0.0","0.0","Training Day","Special Day, a","training day","special day, a","0.0","0.0"
"RuleBasedMatcher","actors_148","golden_globes_1682","0.0","","2001-01-01","1978-01-01","2001-01-01","1978-01-01","0.0","0.0","Denzel Washington","['Ron Howard', 'Henry Winkler']","Denzel Washington","['Ron Howard', 'Henry Winkler']","0.0","0.0","Training Day","Happy Days","training day","happy days","0.0","0.0"
"RuleBasedMatcher","actors_148","golden_globes_1725","0.0","","2001-01-01","1977-01-01","2001-01-01","1977-01-01","0.0","0.0","Denzel Washington","Henry Winkler","denzel washington","henry winkler","0.0","0.0","Training Day","Happy Days","training day","happy days","0.0","0.0"
"RuleBasedMatcher","actors_148","golden_globes_1480","0.0","","2001-01-01","1983-01-01","2001-01-01","1983-01-01","0.0","0.0","Denzel Washington","Anson Williams","denzel washington","anson williams","0.0","0.0","Training Day","Happy Days","training day","happy days","0.0","0.0"
"RuleBasedMatcher","actors_148","golden_globes_1069","0.1111111111111111","","2001-01-01","1991-01-01","2001-01-01","1991-01-01","0.0","0.0","Denzel Washington","James Garner","denzel washington","james garner","0.0","0.0","Training Day","Decoration Day","training day","decoration day","0.3333333333333333","0.3333333333333333"
"RuleBasedMatcher","actors_148","golden_globes_2266","0.0","","2001-01-01","1950-01-01","2001-01-01","1950-01-01","0.0","0.0","Denzel Washington","James Whitmore","denzel washington","james whitmore","0.0","0.0","Training Day","Battleground","training day","battleground","0.0","0.0"
"RuleBasedMatcher","actors_148","golden_globes_1223","0.0","","2001-01-01","1988-01-01","2001-01-01","1988-01-01","0.0","0.0","Denzel Washington","Jack Lemmon","denzel washington","jack lemmon","0.0","0.0","Training Day","Long Day's Journey Into Night","training day","long day's journey into night","0.0","0.0"
"RuleBasedMatcher","actors_148","golden_globes_2080","0.0","","2001-01-01","1963-01-01","2001-01-01","1963-01-01","0.0","0.0","Denzel Washington","Katharine Hepburn","denzel washington","katharine hepburn","0.0","0.0","Training Day","Long Day's Journey Into Night","training day","long day's journey into night","0.0","0.0"
"RuleBasedMatcher","actors_148","golden_globes_2252","0.0","","2001-01-01","1951-01-01","2001-01-01","1951-01-01","0.0","0.0","Denzel Washington","Judy Holliday","denzel washington","judy holliday","0.0","0.0","Training Day","Born Yesterday","training day","born yesterday","0.0","0.0"
"RuleBasedMatcher","actors_148","golden_globes_642","0.0","","2001-01-01","1999-01-01","2001-01-01","1999-01-01","0.0","0.0","Denzel Washington","['Dylan McDermott', 'Camryn Manheim']","Denzel Washington","['Dylan McDermott', 'Camryn Manheim']","0.0","0.0","Training Day","Practice, The","training day","practice, the","0.0","0.0"
"RuleBasedMatcher","actors_148","golden_globes_591","0.0","","2001-01-01","2000-01-01","2001-01-01","2000-01-01","0.0","0.0","Denzel Washington","Dylan McDermott","denzel washington","dylan mcdermott","0.0","0.0","Training Day","Practice, The","training day","practice, the","0.0","0.0"
"RuleBasedMatcher","actors_148","golden_globes_540","0.3333333333333333","","2001-01-01","2001-01-01","2001-01-01","2001-01-01","1.0","1.0","Denzel Washington","Dylan McDermott","denzel washington","dylan mcdermott","0.0","0.0","Training Day","Practice, The","training day","practice, the","0.0","0.0"
"RuleBasedMatcher","actors_149","golden_globes_417","0.7777777777777777","","2003-01-01","2003-01-01","2003-01-01","2003-01-01","1.0","1.0","Adrien Brody","Adrien Brody","adrien brody","adrien brody","1.0","1.0","The Pianist","Pianist, The","the pianist","pianist, the","0.3333333333333333","0.3333333333333333"
"RuleBasedMatcher","actors_149","golden_globes_866","0.1111111111111111","","2003-01-01","1994-01-01","2003-01-01","1994-01-01","0.0","0.0","Adrien Brody","['Holly Hunter', 'Anna Paquin']","Adrien Brody","['Holly Hunter', 'Anna Paquin']","0.0","0.0","The Pianist","Piano, The","the pianist","piano, the","0.3333333333333333","0.3333333333333333"
"RuleBasedMatcher","actors_149","golden_globes_804","0.08333333333333333","","2003-01-01","1996-01-01","2003-01-01","1996-01-01","0.0","0.0","Adrien Brody","Charles S. Dutton","adrien brody","charles s. dutton","0.0","0.0","The Pianist","Piano Lesson, The","the pianist","piano lesson, the","0.25","0.25"
"RuleBasedMatcher","actors_149","golden_globes_1860","0.0","","2003-01-01","1973-01-01","2003-01-01","1973-01-01","0.0","0.0","Adrien Brody","['Liza Minnelli', 'Marisa Berenson', 'Joel Grey']","Adrien Brody","['Liza Minnelli', 'Marisa Berenson', 'Joel Grey']","0.0","0.0","The Pianist","Cabaret","the pianist","cabaret","0.0","0.0"
"RuleBasedMatcher","actors_149","golden_globes_1330","0.0","","2003-01-01","1985-01-01","2003-01-01","1985-01-01","0.0","0.0","Adrien Brody","['F. Murray Abraham', 'Tom Hulce', 'Jeffrey Jones']","Adrien Brody","['F. Murray Abraham', 'Tom Hulce', 'Jeffrey Jones']","0.0","0.0","The Pianist","Amadeus","the pianist","amadeus","0.0","0.0"
"RuleBasedMatcher","actors_149","golden_globes_1347","0.0","","2003-01-01","1985-01-01","2003-01-01","1985-01-01","0.0","0.0","Adrien Brody","Lesley Ann Warren","adrien brody","lesley ann warren","0.0","0.0","The Pianist","Songwriter","the pianist","songwriter","0.0","0.0"
"RuleBasedMatcher","actors_149","golden_globes_1542","0.08333333333333333","","2003-01-01","1981-01-01","2003-01-01","1981-01-01","0.0","0.0","Adrien Brody","['Neil Diamond', 'Lucie Arnaz']","Adrien Brody","['Neil Diamond', 'Lucie Arnaz']","0.0","0.0","The Pianist","Jazz Singer, The","the pianist","jazz singer, the","0.25","0.25"
"RuleBasedMatcher","actors_149","golden_globes_1075","0.08333333333333333","","2003-01-01","1990-01-01","2003-01-01","1990-01-01","0.0","0.0","Adrien Brody","Jessica Lange","adrien brody","jessica lange","0.0","0.0","The Pianist","Music Box, The","the pianist","music box, the","0.25","0.25"
"RuleBasedMatcher","actors_149","golden_globes_2028","0.06666666666666667","","2003-01-01","1966-01-01","2003-01-01","1966-01-01","0.0","0.0","Adrien Brody","Peggy Wood","adrien brody","peggy wood","0.0","0.0","The Pianist","Sound Of Music, The","the pianist","sound of music, the","0.2","0.2"
"RuleBasedMatcher","actors_149","golden_globes_1609","0.0","","2003-01-01","1979-01-01","2003-01-01","1979-01-01","0.0","0.0","Adrien Brody","['Glenda Jackson', 'Mona Washbourne']","Adrien Brody","['Glenda Jackson', 'Mona Washbourne']","0.0","0.0","The Pianist","Stevie","the pianist","stevie","0.0","0.0"
"RuleBasedMatcher","actors_149","golden_globes_564","0.06666666666666667","","2003-01-01","2000-01-01","2003-01-01","2000-01-01","0.0","0.0","Adrien Brody","Meryl Streep","adrien brody","meryl streep","0.0","0.0","The Pianist","Music Of The Heart","the pianist","music of the heart","0.2","0.2"
"RuleBasedMatcher","actors_149","golden_globes_1606","0.0","","2003-01-01","1979-01-01","2003-01-01","1979-01-01","0.0","0.0","Adrien Brody","Ingrid Bergman","adrien brody","ingrid bergman","0.0","0.0","The Pianist","Autumn Sonata","the pianist","autumn sonata","0.0","0.0"
"RuleBasedMatcher","actors_149","golden_globes_922","0.0","","2003-01-01","1993-01-01","2003-01-01","1993-01-01","0.0","0.0","Adrien Brody","['Robert Downey Jr.', 'Geraldine Chaplin']","Adrien Brody","['Robert Downey Jr.', 'Geraldine Chaplin']","0.0","0.0","The Pianist","Chaplin","the pianist","chaplin","0.0","0.0"
"RuleBasedMatcher","actors_149","golden_globes_579","0.0","","2003-01-01","2000-01-01","2003-01-01","2000-01-01","0.0","0.0","Adrien Brody","['Cameron Diaz', 'Catherine Keener']","Adrien Brody","['Cameron Diaz', 'Catherine Keener']","0.0","0.0","The Pianist","Being John Malkovich","the pianist","being john malkovich","0.0","0.0"
"RuleBasedMatcher","actors_149","golden_globes_509","0.0","","2003-01-01","2001-01-01","2003-01-01","2001-01-01","0.0","0.0","Adrien Brody","Ellen Burstyn","adrien brody","ellen burstyn","0.0","0.0","The Pianist","Requiem For a Dream","the pianist","requiem for a dream","0.0","0.0"
"RuleBasedMatcher","actors_149","golden_globes_528","0.0","","2003-01-01","2001-01-01","2003-01-01","2001-01-01","0.0","0.0","Adrien Brody","Julie Walters","adrien brody","julie walters","0.0","0.0","The Pianist","Billy Elliot","the pianist","billy elliot","0.0","0.0"
"RuleBasedMatcher","actors_149","golden_globes_1084","0.0","","2003-01-01","1990-01-01","2003-01-01","1990-01-01","0.0","0.0","Adrien Brody","Pauline Collins","adrien brody","pauline collins","0.0","0.0","The Pianist","Shirley Valentine","the pianist","shirley valentine","0.0","0.0"
"RuleBasedMatcher","actors_149","golden_globes_1173","0.0","","2003-01-01","1989-01-01","2003-01-01","1989-01-01","0.0","0.0","Adrien Brody","Stacy Keach","adrien brody","stacy keach","0.0","0.0","The Pianist","Hemingway","the pianist","hemingway","0.0","0.0"
"RuleBasedMatcher","actors_149","golden_globes_310","0.0","","2003-01-01","2006-01-01","2003-01-01","2006-01-01","0.0","0.0","Adrien Brody","['Jonathan Rhys Meyers', 'Camryn Manheim', 'Randy Quaid']","Adrien Brody","['Jonathan Rhys Meyers', 'Camryn Manheim', 'Randy Quaid']","0.0","0.0","The Pianist","Elvis","the pianist","elvis","0.0","0.0"
"RuleBasedMatcher","actors_149","golden_globes_652","0.08333333333333333","","2003-01-01","1999-01-01","2003-01-01","1999-01-01","0.0","0.0","Adrien Brody","['Stockard Channing', 'Laura Dern']","Adrien Brody","['Stockard Channing', 'Laura Dern']","0.0","0.0","The Pianist","Baby Dance, The","the pianist","baby dance, the","0.25","0.25"
"RuleBasedMatcher","actors_150","golden_globes_372","0.95","","2004-01-01","2004-01-01","2004-01-01","2004-01-01","1.0","1.0","Sean Penn","['Sean Penn', 'Tim Robbins']","Sean Penn","['Sean Penn', 'Tim Robbins']","0.5","0.5","Mystic River","Mystic River","mystic river","mystic river","1.0","1.0"
"RuleBasedMatcher","actors_150","golden_globes_1329","0.0","","2004-01-01","1985-01-01","2004-01-01","1985-01-01","0.0","0.0","Sean Penn","Sissy Spacek","sean penn","sissy spacek","0.0","0.0","Mystic River","River, The","mystic river","river, the","0.0","0.0"
"RuleBasedMatcher","actors_150","golden_globes_815","0.08333333333333333","","2004-01-01","1995-01-01","2004-01-01","1995-01-01","0.0","0.0","Sean Penn","['Meryl Streep', 'Kevin Bacon']","Sean Penn","['Meryl Streep', 'Kevin Bacon']","0.0","0.0","Mystic River","River Wild, The","mystic river","river wild, the","0.25","0.25"
"RuleBasedMatcher","actors_150","golden_globes_939","0.05555555555555555","","2004-01-01","1993-01-01","2004-01-01","1993-01-01","0.0","0.0","Sean Penn","","sean penn","","0.0","0.0","Mystic River","River Runs Through It, a","mystic river","river runs through it, a","0.16666666666666666","0.16666666666666666"
"RuleBasedMatcher","actors_150","golden_globes_2217","0.0","","2004-01-01","1955-01-01","2004-01-01","1955-01-01","0.0","0.0","Sean Penn","Marlon Brando","sean penn","marlon brando","0.0","0.0","Mystic River","On The Waterfront","mystic river","on the waterfront","0.0","0.0"
"RuleBasedMatcher","actors_150","golden_globes_1486","0.0","","2004-01-01","1982-01-01","2004-01-01","1982-01-01","0.0","0.0","Sean Penn","Timothy Hutton","sean penn","timothy hutton","0.0","0.0","Mystic River","Taps","mystic river","taps","0.0","0.0"
"RuleBasedMatcher","actors_150","golden_globes_499","0.0","","2004-01-01","2002-01-01","2004-01-01","2002-01-01","0.0","0.0","Sean Penn","Julianna Margulies","sean penn","julianna margulies","0.0","0.0","Mystic River","Mists Of Avalon, The","mystic river","mists of avalon, the","0.0","0.0"
"RuleBasedMatcher","actors_150","golden_globes_1180","0.0","","2004-01-01","1988-01-01","2004-01-01","1988-01-01","0.0","0.0","Sean Penn","Faye Dunaway","sean penn","faye dunaway","0.0","0.0","Mystic River","Barfly","mystic river","barfly","0.0","0.0"
"RuleBasedMatcher","actors_150","golden_globes_1527","0.0","","2004-01-01","1982-01-01","2004-01-01","1982-01-01","0.0","0.0","Sean Penn","Herve Villechaize","sean penn","herve villechaize","0.0","0.0","Mystic River","Fantasy Island","mystic river","fantasy island","0.0","0.0"
"RuleBasedMatcher","actors_150","golden_globes_1448","0.0","","2004-01-01","1983-01-01","2004-01-01","1983-01-01","0.0","0.0","Sean Penn","Raul Julia","sean penn","raul julia","0.0","0.0","Mystic River","Tempest","mystic river","tempest","0.0","0.0"
"RuleBasedMatcher","actors_150","golden_globes_2187","0.047619047619047616","","2004-01-01","1958-01-01","2004-01-01","1958-01-01","0.0","0.0","Sean Penn","['Alec Guinness', 'Sessue Hayakawa']","Sean Penn","['Alec Guinness', 'Sessue Hayakawa']","0.0","0.0","Mystic River","Bridge On The River Kwai, The","mystic river","bridge on the river kwai, the","0.14285714285714285","0.14285714285714285"
"RuleBasedMatcher","actors_150","golden_globes_2138","0.0","","2004-01-01","1961-01-01","2004-01-01","1961-01-01","0.0","0.0","Sean Penn","Ina Balin","sean penn","ina balin","0.0","0.0","Mystic River","From The Terrace","mystic river","from the terrace","0.0","0.0"
"RuleBasedMatcher","actors_150","golden_globes_1482","0.0","","2004-01-01","1982-01-01","2004-01-01","1982-01-01","0.0","0.0","Sean Penn","['Katharine Hepburn', 'Henry Fonda', 'Jane Fonda']","Sean Penn","['Katharine Hepburn', 'Henry Fonda', 'Jane Fonda']","0.0","0.0","Mystic River","On Golden Pond","mystic river","on golden pond","0.0","0.0"
"RuleBasedMatcher","actors_150","golden_globes_570","0.0","","2004-01-01","2000-01-01","2004-01-01","2000-01-01","0.0","0.0","Sean Penn","Denzel Washington","sean penn","denzel washington","0.0","0.0","Mystic River","Hurricane, The","mystic river","hurricane, the","0.0","0.0"
"RuleBasedMatcher","actors_150","golden_globes_655","0.0","","2004-01-01","1999-01-01","2004-01-01","1999-01-01","0.0","0.0","Sean Penn","Peter Fonda","sean penn","peter fonda","0.0","0.0","Mystic River","Tempest, The","mystic river","tempest, the","0.0","0.0"
"RuleBasedMatcher","actors_150","golden_globes_701","0.0","","2004-01-01","1998-01-01","2004-01-01","1998-01-01","0.0","0.0","Sean Penn","Vanessa Redgrave","sean penn","vanessa redgrave","0.0","0.0","Mystic River","Bella Mafia","mystic river","bella mafia","0.0","0.0"
"RuleBasedMatcher","actors_150","golden_globes_583","0.0","","2004-01-01","2000-01-01","2004-01-01","2000-01-01","0.0","0.0","Sean Penn","Tom Cruise","sean penn","tom cruise","0.0","0.0","Mystic River","Magnolia","mystic river","magnolia","0.0","0.0"
"RuleBasedMatcher","actors_150","golden_globes_2077","0.0","","2004-01-01","1964-01-01","2004-01-01","1964-01-01","0.0","0.0","Sean Penn","","sean penn","","0.0","0.0","Mystic River","Haunting, The","mystic river","haunting, the","0.0","0.0"
"RuleBasedMatcher","actors_150","golden_globes_2247","0.0","","2004-01-01","1952-01-01","2004-01-01","1952-01-01","0.0","0.0","Sean Penn","Danny Kaye","sean penn","danny kaye","0.0","0.0","Mystic River","On The Riviera","mystic river","on the riviera","0.0","0.0"
"RuleBasedMatcher","actors_150","golden_globes_732","0.0","","2004-01-01","1997-01-01","2004-01-01","1997-01-01","0.0","0.0","Sean Penn","James Woods","sean penn","james woods","0.0","0.0","Mystic River","Ghosts Of Mississippi","mystic river","ghosts of mississippi","0.0","0.0"
"RuleBasedMatcher","actors_151","golden_globes_328","0.9999999999999999","","2005-01-01","2005-01-01","2005-01-01","2005-01-01","1.0","1.0","Jamie Foxx","Jamie Foxx","jamie foxx","jamie foxx","1.0","1.0","Ray","Ray","ray","ray","1.0","1.0"
"RuleBasedMatcher","actors_151","golden_globes_1523","0.0","","2005-01-01","1982-01-01","2005-01-01","1982-01-01","0.0","0.0","Jamie Foxx","Mickey Rooney","jamie foxx","mickey rooney","0.0","0.0","Ray","Bill","ray","bill","0.0","0.0"
"RuleBasedMatcher","actors_151","golden_globes_845","0.0","","2005-01-01","1995-01-01","2005-01-01","1995-01-01","0.0","0.0","Jamie Foxx","Ellen DeGeneres","jamie foxx","ellen degeneres","0.0","0.0","Ray","Ellen","ray","ellen","0.0","0.0"
"RuleBasedMatcher","actors_151","golden_globes_791","0.0","","2005-01-01","1996-01-01","2005-01-01","1996-01-01","0.0","0.0","Jamie Foxx","Ellen DeGeneres","jamie foxx","ellen degeneres","0.0","0.0","Ray","Ellen","ray","ellen","0.0","0.0"
"RuleBasedMatcher","actors_151","golden_globes_690","0.0","","2005-01-01","1998-01-01","2005-01-01","1998-01-01","0.0","0.0","Jamie Foxx","['Ellen DeGeneres', 'Joely Fisher']","Jamie Foxx","['Ellen DeGeneres', 'Joely Fisher']","0.0","0.0","Ray","Ellen","ray","ellen","0.0","0.0"
"RuleBasedMatcher","actors_151","golden_globes_2256","0.0","","2005-01-01","1951-01-01","2005-01-01","1951-01-01","0.0","0.0","Jamie Foxx","['James Stewart', 'Josephine Hull']","Jamie Foxx","['James Stewart', 'Josephine Hull']","0.0","0.0","Ray","Harvey","ray","harvey","0.0","0.0"
"RuleBasedMatcher","actors_151","golden_globes_989","0.0","","2005-01-01","1992-01-01","2005-01-01","1992-01-01","0.0","0.0","Jamie Foxx","John Goodman","jamie foxx","john goodman","0.0","0.0","Ray","Barton Fink","ray","barton fink","0.0","0.0"
"RuleBasedMatcher","actors_151","golden_globes_455","0.0","","2005-01-01","2002-01-01","2005-01-01","2002-01-01","0.0","0.0","Jamie Foxx","['Judi Dench', 'Kate Winslet', 'Jim Broadbent']","Jamie Foxx","['Judi Dench', 'Kate Winslet', 'Jim Broadbent']","0.0","0.0","Ray","Iris","ray","iris","0.0","0.0"
"RuleBasedMatcher","actors_151","golden_globes_1032","0.0","","2005-01-01","1991-01-01","2005-01-01","1991-01-01","0.0","0.0","Jamie Foxx","['Demi Moore', 'Patrick Swayze', 'Whoopi Goldberg']","Jamie Foxx","['Demi Moore', 'Patrick Swayze', 'Whoopi Goldberg']","0.0","0.0","Ray","Ghost","ray","ghost","0.0","0.0"
"RuleBasedMatcher","actors_151","golden_globes_511","0.0","","2005-01-01","2001-01-01","2005-01-01","2001-01-01","0.0","0.0","Jamie Foxx","['Julia Roberts', 'Albert Finney']","Jamie Foxx","['Julia Roberts', 'Albert Finney']","0.0","0.0","Ray","Erin Brockovich","ray","erin brockovich","0.0","0.0"
"RuleBasedMatcher","actors_151","golden_globes_1811","0.0","","2005-01-01","1974-01-01","2005-01-01","1974-01-01","0.0","0.0","Jamie Foxx","Elizabeth Taylor","jamie foxx","elizabeth taylor","0.0","0.0","Ray","Ash Wednesday","ray","ash wednesday","0.0","0.0"
"RuleBasedMatcher","actors_151","golden_globes_65","0.0","","2005-01-01","2010-01-01","2005-01-01","2010-01-01","0.0","0.0","Jamie Foxx","Robert Downey Jr.","jamie foxx","robert downey jr.","0.0","0.0","Ray","Sherlock Holmes","ray","sherlock holmes","0.0","0.0"
"RuleBasedMatcher","actors_151","golden_globes_1324","0.0","","2005-01-01","1986-01-01","2005-01-01","1986-01-01","0.0","0.0","Jamie Foxx","Richard Farnsworth","jamie foxx","richard farnsworth","0.0","0.0","Ray","Chase","ray","chase","0.0","0.0"
"RuleBasedMatcher","actors_151","golden_globes_321","0.3333333333333333","","2005-01-01","2005-01-01","2005-01-01","2005-01-01","1.0","1.0","Jamie Foxx","['Leonardo DiCaprio', 'Cate Blanchett']","Jamie Foxx","['Leonardo DiCaprio', 'Cate Blanchett']","0.0","0.0","Ray","Aviator, The","ray","aviator, the","0.0","0.0"
"RuleBasedMatcher","actors_151","golden_globes_1985","0.0","","2005-01-01","1968-01-01","2005-01-01","1968-01-01","0.0","0.0","Jamie Foxx","Anne Heywood","jamie foxx","anne heywood","0.0","0.0","Ray","Fox, The","ray","fox, the","0.0","0.0"
"RuleBasedMatcher","actors_151","golden_globes_386","0.0","","2005-01-01","2004-01-01","2005-01-01","2004-01-01","0.0","0.0","Jamie Foxx","Peter Sarsgaard","jamie foxx","peter sarsgaard","0.0","0.0","Ray","Shattered Glass","ray","shattered glass","0.0","0.0"
"RuleBasedMatcher","actors_151","golden_globes_495","0.0","","2005-01-01","2002-01-01","2005-01-01","2002-01-01","0.0","0.0","Jamie Foxx","Kelsey Grammer","jamie foxx","kelsey grammer","0.0","0.0","Ray","Frasier","ray","frasier","0.0","0.0"
"RuleBasedMatcher","actors_151","golden_globes_796","0.0","","2005-01-01","1996-01-01","2005-01-01","1996-01-01","0.0","0.0","Jamie Foxx","['Kelsey Grammer', 'David Hyde-Pierce']","Jamie Foxx","['Kelsey Grammer', 'David Hyde-Pierce']","0.0","0.0","Ray","Frasier","ray","frasier","0.0","0.0"
"RuleBasedMatcher","actors_151","golden_globes_547","0.0","","2005-01-01","2001-01-01","2005-01-01","2001-01-01","0.0","0.0","Jamie Foxx","['Kelsey Grammer', 'David Hyde-Pierce', 'John Mahoney']","Jamie Foxx","['Kelsey Grammer', 'David Hyde-Pierce', 'John Mahoney']","0.0","0.0","Ray","Frasier","ray","frasier","0.0","0.0"
"RuleBasedMatcher","actors_151","golden_globes_649","0.0","","2005-01-01","1999-01-01","2005-01-01","1999-01-01","0.0","0.0","Jamie Foxx","Kelsey Grammer","jamie foxx","kelsey grammer","0.0","0.0","Ray","Frasier","ray","frasier","0.0","0.0"
