id1,id2,score,is_correct,classification
metacritic_14050,sales_2336,0.9999999999999999,,
metacritic_2398,sales_1152,0.9999999999999999,,
metacritic_14352,sales_3255,0.9249999999999999,,
metacritic_19056,sales_5283,0.9999999999999999,,
metacritic_19388,sales_2097,0.9999999999999999,,
metacritic_14592,sales_5624,0.9999999999999999,,
metacritic_14580,sales_6840,0.8999999999999999,,
metacritic_16411,sales_4485,0.9999999999999999,,
metacritic_6441,sales_245,0.9999999999999999,,
metacritic_9924,sales_1566,0.8999999999999999,,
metacritic_1910,sales_1556,0.9999999999999999,,
metacritic_3933,sales_756,0.9999999999999999,,
metacritic_1460,sales_7514,0.9999999999999999,,
metacritic_14359,sales_1241,0.8999999999999999,,
metacritic_12352,sales_5579,0.9999999999999999,,
metacritic_14970,sales_5173,0.9999999999999999,,
metacritic_16159,sales_3545,0.9999999999999999,,
metacritic_9768,sales_7372,0.9999999999999999,,
metacritic_12065,sales_2344,0.85,,
metacritic_3114,sales_1534,0.9999999999999999,,
metacritic_197,sales_2324,0.9999999999999999,,
metacritic_8141,sales_7666,0.9999999999999999,,
metacritic_16776,sales_3429,0.9999999999999999,,
metacritic_12754,sales_4754,0.9999999999999999,,
metacritic_19391,sales_3650,0.9999999999999999,,
metacritic_15169,sales_7308,0.9999999999999999,,
metacritic_9190,sales_5930,0.9999999999999999,,
metacritic_14476,sales_4205,0.8999999999999999,,
metacritic_18491,sales_785,0.9999999999999999,,
metacritic_10309,sales_1760,0.9999999999999999,,
metacritic_2818,sales_1507,0.9999999999999999,,
metacritic_2433,sales_5787,0.9999999999999999,,
metacritic_10287,sales_7239,0.9999999999999999,,
metacritic_3880,sales_1453,0.9999999999999999,,
metacritic_1476,sales_789,0.9999999999999999,,
metacritic_4112,sales_4707,0.9999999999999999,,
metacritic_18829,sales_1039,0.9999999999999999,,
metacritic_5965,sales_4301,0.9999999999999999,,
metacritic_3269,sales_2061,0.8999999999999999,,
metacritic_8431,sales_4431,0.9999999999999999,,
metacritic_5890,sales_6331,0.9999999999999999,,
metacritic_5764,sales_1163,0.9999999999999999,,
metacritic_19375,sales_5209,0.9999999999999999,,
metacritic_19725,sales_3384,0.9999999999999999,,
metacritic_19902,sales_6764,0.9999999999999999,,
metacritic_15948,sales_3142,0.9999999999999999,,
metacritic_2947,sales_658,0.9999999999999999,,
metacritic_17910,sales_3559,0.9999999999999999,,
metacritic_8887,sales_5081,0.8999999999999999,,
metacritic_16862,sales_7245,0.9999999999999999,,
metacritic_19255,sales_6167,0.9999999999999999,,
metacritic_1873,sales_902,0.9999999999999999,,
metacritic_14582,sales_5198,0.9999999999999999,,
metacritic_1690,sales_853,0.9999999999999999,,
metacritic_15918,sales_5833,0.9999999999999999,,
metacritic_3468,sales_3498,0.9999999999999999,,
metacritic_3613,sales_1387,0.9999999999999999,,
metacritic_3788,sales_5591,0.8999999999999999,,
metacritic_3845,sales_3034,0.85,,
metacritic_680,sales_1246,0.9999999999999999,,
metacritic_2006,sales_953,0.9999999999999999,,
metacritic_16608,sales_6610,0.9999999999999999,,
metacritic_17534,sales_4795,0.9999999999999999,,
metacritic_7936,sales_571,0.9999999999999999,,
metacritic_11055,sales_7261,0.8999999999999999,,
metacritic_10670,sales_4737,0.9999999999999999,,
metacritic_20479,sales_105,0.9999999999999999,,
metacritic_3710,sales_5141,0.9999999999999999,,
metacritic_11808,sales_5320,0.9999999999999999,,
metacritic_4932,sales_5069,0.9999999999999999,,
metacritic_832,sales_1130,0.9999999999999999,,
metacritic_13934,sales_7191,0.9999999999999999,,
metacritic_11708,sales_3365,0.9999999999999999,,
metacritic_18116,sales_5818,0.9999999999999999,,
metacritic_13205,sales_471,0.9999999999999999,,
metacritic_6956,sales_5566,0.9999999999999999,,
metacritic_8474,sales_6362,0.9999999999999999,,
metacritic_5090,sales_2611,0.9999999999999999,,
metacritic_19093,sales_3829,0.8999999999999999,,
metacritic_7943,sales_1121,0.9999999999999999,,
metacritic_15575,sales_4235,0.9999999999999999,,
metacritic_360,sales_6183,0.9999999999999999,,
metacritic_5646,sales_4395,0.9999999999999999,,
metacritic_11368,sales_7531,0.9999999999999999,,
metacritic_15287,sales_696,0.9999999999999999,,
metacritic_14979,sales_6752,0.8999999999999999,,
metacritic_6398,sales_407,0.9999999999999999,,
metacritic_9796,sales_5898,0.9999999999999999,,
metacritic_17808,sales_1703,0.9999999999999999,,
metacritic_2037,sales_2355,0.9999999999999999,,
metacritic_19035,sales_5671,0.9999999999999999,,
metacritic_14651,sales_3006,0.9999999999999999,,
metacritic_6785,sales_3326,0.9999999999999999,,
metacritic_11904,sales_1490,0.8999999999999999,,
metacritic_16643,sales_3346,0.9999999999999999,,
metacritic_5138,sales_4578,0.8999999999999999,,
metacritic_14245,sales_459,0.9999999999999999,,
metacritic_5520,sales_6174,0.9999999999999999,,
metacritic_12953,sales_3842,0.9999999999999999,,
metacritic_17802,sales_2241,0.9999999999999999,,
metacritic_10588,sales_7238,0.9999999999999999,,
metacritic_18905,sales_4012,0.9999999999999999,,
metacritic_10262,sales_6811,0.9999999999999999,,
metacritic_11894,sales_4541,0.9999999999999999,,
metacritic_15075,sales_3972,0.9999999999999999,,
metacritic_17854,sales_6327,0.9999999999999999,,
metacritic_3708,sales_7592,0.9999999999999999,,
metacritic_6002,sales_1042,0.9999999999999999,,
metacritic_17293,sales_3671,0.9999999999999999,,
metacritic_9337,sales_6919,0.9999999999999999,,
metacritic_4574,sales_2597,0.9999999999999999,,
metacritic_9657,sales_1493,0.8999999999999999,,
metacritic_3637,sales_4938,0.9999999999999999,,
metacritic_1152,sales_2234,0.9999999999999999,,
metacritic_4923,sales_1658,0.9999999999999999,,
metacritic_11342,sales_3717,0.9999999999999999,,
metacritic_19463,sales_6441,0.9999999999999999,,
metacritic_6222,sales_683,0.9999999999999999,,
metacritic_16964,sales_7161,0.9999999999999999,,
metacritic_16721,sales_6352,0.9999999999999999,,
metacritic_19870,sales_6890,0.8999999999999999,,
metacritic_3353,sales_3601,0.9999999999999999,,
metacritic_20116,sales_5369,0.9999999999999999,,
metacritic_2912,sales_5745,0.9999999999999999,,
metacritic_11989,sales_3455,0.9999999999999999,,
metacritic_20115,sales_2201,0.9999999999999999,,
metacritic_19067,sales_5190,0.9999999999999999,,
metacritic_13481,sales_641,0.9999999999999999,,
metacritic_3821,sales_2820,0.9999999999999999,,
metacritic_119,sales_1140,0.9999999999999999,,
metacritic_5709,sales_4523,0.9999999999999999,,
metacritic_1826,sales_2123,0.9999999999999999,,
metacritic_8151,sales_3760,0.85,,
metacritic_19614,sales_5446,0.9999999999999999,,
metacritic_888,sales_134,0.9999999999999999,,
metacritic_14882,sales_3728,0.9999999999999999,,
metacritic_5967,sales_554,0.9999999999999999,,
metacritic_10628,sales_6936,0.9999999999999999,,
metacritic_2540,sales_4268,0.9999999999999999,,
metacritic_13069,sales_1954,0.8999999999999999,,
metacritic_7153,sales_3202,0.9999999999999999,,
metacritic_416,sales_5178,0.8999999999999999,,
metacritic_18573,sales_5453,0.9999999999999999,,
metacritic_6385,sales_1043,0.9999999999999999,,
metacritic_13858,sales_7456,0.9999999999999999,,
metacritic_667,sales_2002,0.9999999999999999,,
metacritic_4675,sales_5246,0.9999999999999999,,
metacritic_16283,sales_5945,0.9999999999999999,,
metacritic_2756,sales_644,0.85,,
metacritic_4991,sales_7042,0.8999999999999999,,
metacritic_5864,sales_376,0.9999999999999999,,
metacritic_11856,sales_3699,0.8999999999999999,,
metacritic_16680,sales_971,0.9999999999999999,,
metacritic_16759,sales_4013,0.9999999999999999,,
metacritic_3241,sales_506,0.9999999999999999,,
metacritic_6309,sales_980,0.9999999999999999,,
metacritic_8536,sales_5406,0.9999999999999999,,
metacritic_19682,sales_4673,0.9999999999999999,,
metacritic_574,sales_877,0.8999999999999999,,
metacritic_11517,sales_6344,0.8999999999999999,,
metacritic_6306,sales_7268,0.9999999999999999,,
metacritic_19426,sales_5393,0.9999999999999999,,
metacritic_19640,sales_6914,0.9999999999999999,,
metacritic_9720,sales_1408,0.9999999999999999,,
metacritic_19336,sales_7273,0.9999999999999999,,
metacritic_11777,sales_6765,0.9999999999999999,,
metacritic_18824,sales_1720,0.9999999999999999,,
metacritic_17070,sales_2531,0.9999999999999999,,
metacritic_15709,sales_6392,0.9999999999999999,,
metacritic_5855,sales_7402,0.9999999999999999,,
metacritic_18192,sales_2918,0.9999999999999999,,
metacritic_12153,sales_4217,0.9999999999999999,,
metacritic_18900,sales_7703,0.9999999999999999,,
metacritic_19173,sales_7135,0.9999999999999999,,
metacritic_6374,sales_1300,0.9999999999999999,,
metacritic_8796,sales_3457,0.9999999999999999,,
metacritic_13196,sales_3782,0.9999999999999999,,
metacritic_18439,sales_7647,0.8999999999999999,,
metacritic_12510,sales_6259,0.8999999999999999,,
metacritic_224,sales_970,0.9999999999999999,,
metacritic_453,sales_462,0.9999999999999999,,
metacritic_4731,sales_977,0.9999999999999999,,
metacritic_13937,sales_7046,0.8999999999999999,,
metacritic_13124,sales_3884,0.9999999999999999,,
metacritic_14989,sales_2445,0.9999999999999999,,
metacritic_1101,sales_646,0.9999999999999999,,
metacritic_13971,sales_5605,0.9999999999999999,,
metacritic_20315,sales_6117,0.9999999999999999,,
metacritic_14221,sales_6118,0.9999999999999999,,
metacritic_7247,sales_1414,0.9999999999999999,,
metacritic_18832,sales_3797,0.9999999999999999,,
metacritic_15917,sales_2924,0.9999999999999999,,
metacritic_16615,sales_4261,0.9999999999999999,,
metacritic_12389,sales_5290,0.8999999999999999,,
metacritic_10230,sales_812,0.9999999999999999,,
metacritic_11635,sales_7841,0.9999999999999999,,
metacritic_619,sales_294,0.9999999999999999,,
metacritic_3334,sales_302,0.9999999999999999,,
metacritic_16066,sales_448,0.9999999999999999,,
metacritic_2362,sales_379,0.9999999999999999,,
metacritic_14137,sales_2835,0.8999999999999999,,
metacritic_7524,sales_7636,0.9999999999999999,,
metacritic_8776,sales_7720,0.9999999999999999,,
metacritic_1772,sales_1510,0.8999999999999999,,
metacritic_1453,sales_283,0.8999999999999999,,
metacritic_19077,sales_4175,0.9999999999999999,,
metacritic_23,sales_1187,0.8285714285714285,,
metacritic_491,sales_396,0.9999999999999999,,
metacritic_13466,sales_6839,0.9999999999999999,,
metacritic_6586,sales_2816,0.9999999999999999,,
metacritic_20195,sales_5505,0.9999999999999999,,
metacritic_2115,sales_2930,0.9999999999999999,,
metacritic_2587,sales_3623,0.9999999999999999,,
metacritic_2127,sales_3317,0.9999999999999999,,
metacritic_18945,sales_4324,0.9999999999999999,,
metacritic_15514,sales_5654,0.8999999999999999,,
metacritic_9314,sales_2024,0.8999999999999999,,
metacritic_942,sales_5323,0.9999999999999999,,
metacritic_16387,sales_4173,0.9999999999999999,,
metacritic_3049,sales_4226,0.9999999999999999,,
metacritic_6650,sales_5170,0.9999999999999999,,
metacritic_18163,sales_1563,0.9999999999999999,,
metacritic_15159,sales_1589,0.9999999999999999,,
metacritic_2158,sales_1667,0.9999999999999999,,
metacritic_2821,sales_1313,0.9999999999999999,,
metacritic_9282,sales_4326,0.9999999999999999,,
metacritic_18959,sales_3821,0.9999999999999999,,
metacritic_2273,sales_3785,0.9999999999999999,,
metacritic_5470,sales_1156,0.9999999999999999,,
metacritic_2568,sales_2309,0.8999999999999999,,
metacritic_13695,sales_7249,0.8999999999999999,,
metacritic_9913,sales_6487,0.9999999999999999,,
metacritic_4971,sales_2737,0.9999999999999999,,
metacritic_5716,sales_2650,0.9999999999999999,,
metacritic_13884,sales_7070,0.8999999999999999,,
metacritic_19084,sales_4027,0.9999999999999999,,
metacritic_10173,sales_1955,0.9999999999999999,,
metacritic_9367,sales_6566,0.9999999999999999,,
metacritic_1854,sales_288,0.9999999999999999,,
metacritic_15873,sales_4593,0.9999999999999999,,
metacritic_20066,sales_3110,0.9999999999999999,,
metacritic_13886,sales_5226,0.9999999999999999,,
metacritic_12808,sales_7168,0.8999999999999999,,
metacritic_162,sales_3017,0.9999999999999999,,
metacritic_19787,sales_7363,0.9999999999999999,,
metacritic_17525,sales_2928,0.9999999999999999,,
metacritic_8164,sales_765,0.9999999999999999,,
metacritic_18729,sales_5422,0.9999999999999999,,
metacritic_20184,sales_2998,0.9999999999999999,,
metacritic_8111,sales_5880,0.9999999999999999,,
metacritic_10450,sales_5149,0.9999999999999999,,
metacritic_12190,sales_3010,0.8999999999999999,,
metacritic_14628,sales_4479,0.9999999999999999,,
metacritic_12789,sales_606,0.9999999999999999,,
metacritic_458,sales_3667,0.9999999999999999,,
metacritic_3658,sales_1153,0.8999999999999999,,
metacritic_2011,sales_65,0.9999999999999999,,
metacritic_13674,sales_1608,0.9999999999999999,,
metacritic_16734,sales_6863,0.8999999999999999,,
metacritic_6351,sales_6802,0.9999999999999999,,
metacritic_20447,sales_24,0.9999999999999999,,
metacritic_16740,sales_3767,0.9999999999999999,,
metacritic_1906,sales_280,0.9999999999999999,,
metacritic_1344,sales_6494,0.9999999999999999,,
metacritic_2785,sales_5023,0.9999999999999999,,
metacritic_13003,sales_6262,0.9999999999999999,,
metacritic_4498,sales_111,0.9999999999999999,,
metacritic_1245,sales_70,0.9999999999999999,,
metacritic_2682,sales_4675,0.9999999999999999,,
metacritic_18262,sales_7850,0.8999999999999999,,
metacritic_9563,sales_342,0.9999999999999999,,
metacritic_14557,sales_1438,0.8999999999999999,,
metacritic_3262,sales_7805,0.9999999999999999,,
metacritic_1078,sales_6,0.9999999999999999,,
metacritic_16421,sales_5957,0.9999999999999999,,
metacritic_1848,sales_1591,0.9999999999999999,,
metacritic_524,sales_741,0.9999999999999999,,
metacritic_7768,sales_3186,0.9999999999999999,,
metacritic_5752,sales_1463,0.8999999999999999,,
metacritic_4073,sales_2984,0.9999999999999999,,
metacritic_9841,sales_4400,0.9999999999999999,,
metacritic_13436,sales_2332,0.9999999999999999,,
metacritic_16080,sales_4826,0.9999999999999999,,
metacritic_12418,sales_6696,0.8999999999999999,,
metacritic_2099,sales_220,0.8999999999999999,,
metacritic_8063,sales_3612,0.9999999999999999,,
metacritic_1921,sales_3655,0.9999999999999999,,
metacritic_16462,sales_6812,0.9999999999999999,,
metacritic_8232,sales_3150,0.9999999999999999,,
metacritic_13840,sales_3413,0.9999999999999999,,
metacritic_20407,sales_155,0.9999999999999999,,
metacritic_6057,sales_6071,0.9999999999999999,,
metacritic_11000,sales_4129,0.9999999999999999,,
metacritic_18776,sales_7446,0.8999999999999999,,
metacritic_16385,sales_6804,0.9999999999999999,,
metacritic_1810,sales_1164,0.9999999999999999,,
metacritic_6462,sales_919,0.9999999999999999,,
metacritic_15614,sales_4378,0.9999999999999999,,
metacritic_5366,sales_2736,0.9999999999999999,,
metacritic_1734,sales_983,0.9999999999999999,,
metacritic_19858,sales_3949,0.9999999999999999,,
metacritic_3836,sales_3745,0.9999999999999999,,
metacritic_10782,sales_6581,0.9999999999999999,,
metacritic_5717,sales_3406,0.9999999999999999,,
metacritic_13660,sales_7202,0.9999999999999999,,
metacritic_19472,sales_3058,0.9999999999999999,,
metacritic_6382,sales_2569,0.9999999999999999,,
metacritic_8598,sales_4096,0.9999999999999999,,
metacritic_9328,sales_5319,0.9999999999999999,,
metacritic_16923,sales_6614,0.9999999999999999,,
metacritic_8154,sales_1625,0.8999999999999999,,
metacritic_6802,sales_3303,0.9999999999999999,,
metacritic_19846,sales_2811,0.9999999999999999,,
metacritic_8420,sales_310,0.9999999999999999,,
metacritic_15490,sales_2866,0.9999999999999999,,
metacritic_8875,sales_2341,0.9999999999999999,,
metacritic_338,sales_533,0.9999999999999999,,
metacritic_12278,sales_7757,0.9999999999999999,,
metacritic_10442,sales_3392,0.9999999999999999,,
metacritic_14247,sales_6800,0.9999999999999999,,
metacritic_7859,sales_5845,0.9999999999999999,,
metacritic_11914,sales_7087,0.8999999999999999,,
metacritic_17443,sales_3803,0.9999999999999999,,
metacritic_15068,sales_903,0.9999999999999999,,
metacritic_6538,sales_5168,0.8999999999999999,,
metacritic_11700,sales_2698,0.8999999999999999,,
metacritic_16867,sales_2229,0.9999999999999999,,
metacritic_7764,sales_7419,0.9999999999999999,,
metacritic_15483,sales_5163,0.9999999999999999,,
metacritic_14860,sales_4808,0.9999999999999999,,
metacritic_19701,sales_7827,0.9999999999999999,,
metacritic_3384,sales_2630,0.9999999999999999,,
metacritic_3602,sales_7192,0.9999999999999999,,
metacritic_5944,sales_6407,0.8999999999999999,,
metacritic_3164,sales_2638,0.9999999999999999,,
metacritic_16356,sales_1965,0.9999999999999999,,
metacritic_9617,sales_7277,0.9999999999999999,,
metacritic_8479,sales_273,0.9999999999999999,,
metacritic_15503,sales_7711,0.9999999999999999,,
metacritic_7549,sales_2664,0.9999999999999999,,
metacritic_20400,sales_689,0.9999999999999999,,
metacritic_16763,sales_5186,0.9999999999999999,,
metacritic_3453,sales_6944,0.9999999999999999,,
metacritic_2683,sales_5404,0.9999999999999999,,
metacritic_8701,sales_1293,0.8999999999999999,,
metacritic_8521,sales_5752,0.8999999999999999,,
metacritic_20461,sales_240,0.9999999999999999,,
metacritic_9969,sales_5675,0.9999999999999999,,
metacritic_18953,sales_5271,0.9999999999999999,,
metacritic_3528,sales_2486,0.9999999999999999,,
metacritic_194,sales_1470,0.8999999999999999,,
metacritic_14868,sales_5252,0.9999999999999999,,
metacritic_3970,sales_303,0.8999999999999999,,
metacritic_10053,sales_1068,0.9999999999999999,,
metacritic_14719,sales_2718,0.9999999999999999,,
metacritic_2376,sales_1509,0.9999999999999999,,
metacritic_11577,sales_2873,0.9999999999999999,,
metacritic_9518,sales_2176,0.9999999999999999,,
metacritic_17683,sales_4384,0.9999999999999999,,
metacritic_7801,sales_3989,0.9999999999999999,,
metacritic_17524,sales_1880,0.9999999999999999,,
metacritic_7018,sales_732,0.9999999999999999,,
metacritic_3118,sales_4406,0.9999999999999999,,
metacritic_19927,sales_6377,0.9999999999999999,,
metacritic_8478,sales_3812,0.9999999999999999,,
metacritic_320,sales_1505,0.9999999999999999,,
metacritic_1219,sales_2361,0.9999999999999999,,
metacritic_19667,sales_5582,0.9999999999999999,,
metacritic_17432,sales_4453,0.9999999999999999,,
metacritic_18712,sales_5839,0.9999999999999999,,
metacritic_20266,sales_7722,0.9999999999999999,,
metacritic_6464,sales_434,0.9999999999999999,,
metacritic_2732,sales_716,0.9999999999999999,,
metacritic_18309,sales_5011,0.9999999999999999,,
metacritic_2989,sales_3126,0.9999999999999999,,
metacritic_136,sales_5300,0.9999999999999999,,
metacritic_10155,sales_3167,0.9999999999999999,,
metacritic_10957,sales_3045,0.9999999999999999,,
metacritic_17584,sales_5763,0.9999999999999999,,
metacritic_17967,sales_6456,0.9999999999999999,,
metacritic_7780,sales_3273,0.9999999999999999,,
metacritic_204,sales_1781,0.9999999999999999,,
metacritic_4667,sales_2524,0.9999999999999999,,
metacritic_1544,sales_6211,0.9999999999999999,,
metacritic_2789,sales_725,0.9999999999999999,,
metacritic_17379,sales_1757,0.9999999999999999,,
metacritic_15438,sales_2037,0.9999999999999999,,
metacritic_20210,sales_7014,0.9999999999999999,,
metacritic_18169,sales_6572,0.9999999999999999,,
metacritic_17555,sales_3434,0.9999999999999999,,
metacritic_19247,sales_6902,0.9999999999999999,,
metacritic_13193,sales_3421,0.9999999999999999,,
metacritic_1526,sales_5340,0.9999999999999999,,
metacritic_2269,sales_1602,0.9999999999999999,,
metacritic_9396,sales_486,0.9999999999999999,,
metacritic_18513,sales_3103,0.9999999999999999,,
metacritic_3607,sales_3466,0.9999999999999999,,
metacritic_20080,sales_4693,0.9999999999999999,,
metacritic_14213,sales_6272,0.9999999999999999,,
metacritic_6980,sales_4601,0.9999999999999999,,
metacritic_3663,sales_2905,0.9999999999999999,,
metacritic_5201,sales_781,0.9999999999999999,,
metacritic_18833,sales_7006,0.9999999999999999,,
metacritic_18442,sales_4172,0.9999999999999999,,
metacritic_6246,sales_6179,0.9999999999999999,,
metacritic_5236,sales_593,0.9999999999999999,,
metacritic_19632,sales_6551,0.9999999999999999,,
metacritic_11885,sales_1305,0.9999999999999999,,
metacritic_14273,sales_3349,0.8999999999999999,,
metacritic_14672,sales_2538,0.9999999999999999,,
metacritic_2303,sales_167,0.9999999999999999,,
metacritic_10717,sales_5573,0.9999999999999999,,
metacritic_16064,sales_4952,0.8999999999999999,,
metacritic_8607,sales_2338,0.9999999999999999,,
metacritic_5432,sales_6563,0.9999999999999999,,
metacritic_15496,sales_4259,0.9999999999999999,,
metacritic_17171,sales_857,0.9999999999999999,,
metacritic_14149,sales_7740,0.9999999999999999,,
metacritic_1787,sales_1017,0.8999999999999999,,
metacritic_1122,sales_890,0.9999999999999999,,
metacritic_18673,sales_3866,0.9999999999999999,,
metacritic_13563,sales_4888,0.9999999999999999,,
metacritic_3217,sales_2395,0.9999999999999999,,
metacritic_12331,sales_1545,0.9999999999999999,,
metacritic_15082,sales_5473,0.9999999999999999,,
metacritic_10473,sales_2603,0.9999999999999999,,
metacritic_2023,sales_1115,0.9999999999999999,,
metacritic_15506,sales_4028,0.9999999999999999,,
metacritic_12940,sales_6386,0.9999999999999999,,
metacritic_7775,sales_821,0.8999999999999999,,
metacritic_600,sales_7562,0.9999999999999999,,
metacritic_16646,sales_1437,0.9999999999999999,,
metacritic_253,sales_1145,0.9999999999999999,,
metacritic_3921,sales_2608,0.9999999999999999,,
metacritic_18827,sales_7126,0.9999999999999999,,
metacritic_17933,sales_4065,0.9999999999999999,,
metacritic_20088,sales_4717,0.9999999999999999,,
metacritic_432,sales_814,0.9999999999999999,,
metacritic_1897,sales_1455,0.9999999999999999,,
metacritic_10268,sales_4836,0.9999999999999999,,
metacritic_1313,sales_179,0.9999999999999999,,
metacritic_3546,sales_395,0.9999999999999999,,
metacritic_16875,sales_7047,0.8999999999999999,,
metacritic_511,sales_558,0.9999999999999999,,
metacritic_18413,sales_1210,0.9999999999999999,,
metacritic_13610,sales_7003,0.9999999999999999,,
metacritic_5444,sales_264,0.9999999999999999,,
metacritic_6093,sales_4218,0.9999999999999999,,
metacritic_4715,sales_406,0.9999999999999999,,
metacritic_5012,sales_5304,0.8999999999999999,,
metacritic_13842,sales_5001,0.9999999999999999,,
metacritic_17243,sales_6784,0.9999999999999999,,
metacritic_17131,sales_5633,0.9999999999999999,,
metacritic_16488,sales_679,0.9999999999999999,,
metacritic_5069,sales_5749,0.9999999999999999,,
metacritic_14874,sales_5553,0.9999999999999999,,
metacritic_14631,sales_1302,0.9999999999999999,,
metacritic_5275,sales_2774,0.9999999999999999,,
metacritic_17898,sales_2844,0.8999999999999999,,
metacritic_12550,sales_2251,0.9999999999999999,,
metacritic_11395,sales_6516,0.9999999999999999,,
metacritic_17767,sales_6922,0.9999999999999999,,
metacritic_2667,sales_6678,0.9999999999999999,,
metacritic_3214,sales_2079,0.9999999999999999,,
metacritic_15106,sales_6884,0.9999999999999999,,
metacritic_4501,sales_3834,0.9999999999999999,,
metacritic_15043,sales_3263,0.8999999999999999,,
metacritic_8666,sales_3223,0.9999999999999999,,
metacritic_5696,sales_6363,0.9999999999999999,,
metacritic_3415,sales_3445,0.9999999999999999,,
metacritic_19719,sales_6048,0.9999999999999999,,
metacritic_9390,sales_7173,0.9999999999999999,,
metacritic_10451,sales_6447,0.8999999999999999,,
metacritic_1809,sales_994,0.9999999999999999,,
metacritic_1431,sales_1450,0.9999999999999999,,
metacritic_14286,sales_2271,0.9999999999999999,,
metacritic_16459,sales_4352,0.9999999999999999,,
metacritic_19368,sales_2646,0.9999999999999999,,
metacritic_18602,sales_1137,0.9999999999999999,,
metacritic_5391,sales_5021,0.8999999999999999,,
metacritic_17061,sales_3137,0.9999999999999999,,
metacritic_9155,sales_1652,0.9999999999999999,,
metacritic_13434,sales_5436,0.9999999999999999,,
metacritic_3332,sales_2827,0.8999999999999999,,
metacritic_19579,sales_5887,0.9999999999999999,,
metacritic_15065,sales_3028,0.9999999999999999,,
metacritic_7712,sales_470,0.9999999999999999,,
metacritic_8878,sales_2196,0.9999999999999999,,
metacritic_15277,sales_2545,0.9999999999999999,,
metacritic_1065,sales_652,0.9999999999999999,,
metacritic_129,sales_674,0.9999999999999999,,
metacritic_17978,sales_3636,0.8999999999999999,,
metacritic_18962,sales_6275,0.9999999999999999,,
metacritic_11044,sales_6708,0.9999999999999999,,
metacritic_9248,sales_7257,0.8999999999999999,,
metacritic_11984,sales_3090,0.9999999999999999,,
metacritic_19452,sales_6609,0.9999999999999999,,
metacritic_20489,sales_72,0.9999999999999999,,
metacritic_9497,sales_2237,0.8999999999999999,,
metacritic_16562,sales_3450,0.9999999999999999,,
metacritic_6151,sales_2390,0.8999999999999999,,
metacritic_10629,sales_6145,0.8999999999999999,,
metacritic_18570,sales_2728,0.9249999999999999,,
metacritic_1238,sales_1554,0.9999999999999999,,
metacritic_5715,sales_2658,0.9999999999999999,,
metacritic_13284,sales_4418,0.9999999999999999,,
metacritic_2535,sales_870,0.9999999999999999,,
metacritic_9770,sales_2989,0.9999999999999999,,
metacritic_6205,sales_4433,0.9999999999999999,,
metacritic_7321,sales_5585,0.9999999999999999,,
metacritic_7294,sales_3478,0.9999999999999999,,
metacritic_18390,sales_5782,0.9999999999999999,,
metacritic_1965,sales_1392,0.9999999999999999,,
metacritic_11050,sales_1583,0.9999999999999999,,
metacritic_6838,sales_1424,0.9999999999999999,,
metacritic_14762,sales_7648,0.8999999999999999,,
metacritic_2481,sales_2039,0.9999999999999999,,
metacritic_14509,sales_511,0.9999999999999999,,
metacritic_9994,sales_6230,0.8999999999999999,,
metacritic_9828,sales_159,0.9999999999999999,,
metacritic_14341,sales_5509,0.9999999999999999,,
metacritic_17238,sales_7095,0.9999999999999999,,
metacritic_17339,sales_6796,0.9999999999999999,,
metacritic_15824,sales_3804,0.9999999999999999,,
metacritic_6933,sales_5577,0.8999999999999999,,
metacritic_15548,sales_1052,0.9999999999999999,,
metacritic_4472,sales_5110,0.9999999999999999,,
metacritic_18719,sales_1717,0.9999999999999999,,
metacritic_5797,sales_4784,0.9999999999999999,,
metacritic_7682,sales_339,0.9999999999999999,,
metacritic_10217,sales_2195,0.9999999999999999,,
metacritic_15610,sales_285,0.9999999999999999,,
metacritic_11693,sales_6956,0.9999999999999999,,
metacritic_3572,sales_1873,0.9999999999999999,,
metacritic_871,sales_6715,0.9999999999999999,,
metacritic_20442,sales_1114,0.9999999999999999,,
metacritic_9169,sales_4308,0.9999999999999999,,
metacritic_20021,sales_4330,0.9999999999999999,,
metacritic_10708,sales_5973,0.9999999999999999,,
metacritic_4163,sales_3208,0.9999999999999999,,
metacritic_1577,sales_7286,0.8999999999999999,,
metacritic_8207,sales_3865,0.9999999999999999,,
metacritic_3408,sales_3101,0.9999999999999999,,
metacritic_4085,sales_1743,0.9999999999999999,,
metacritic_12568,sales_3014,0.8999999999999999,,
metacritic_5705,sales_4539,0.9999999999999999,,
metacritic_4417,sales_1314,0.85,,
metacritic_12952,sales_1549,0.9999999999999999,,
metacritic_10519,sales_758,0.8999999999999999,,
metacritic_11910,sales_4239,0.9999999999999999,,
metacritic_604,sales_792,0.9999999999999999,,
metacritic_13151,sales_5132,0.8999999999999999,,
metacritic_3478,sales_2182,0.8142857142857143,,
metacritic_12835,sales_1553,0.9999999999999999,,
metacritic_15246,sales_2477,0.9999999999999999,,
metacritic_1623,sales_3917,0.9999999999999999,,
metacritic_16161,sales_6304,0.9999999999999999,,
metacritic_19811,sales_4517,0.9999999999999999,,
metacritic_14138,sales_799,0.85,,
metacritic_13932,sales_4388,0.9999999999999999,,
metacritic_10481,sales_2694,0.9999999999999999,,
metacritic_17543,sales_1223,0.9999999999999999,,
metacritic_15652,sales_1952,0.9999999999999999,,
metacritic_15404,sales_2122,0.9999999999999999,,
metacritic_15407,sales_5725,0.9999999999999999,,
metacritic_16257,sales_7540,0.9999999999999999,,
metacritic_3739,sales_3246,0.9999999999999999,,
metacritic_12744,sales_3771,0.8999999999999999,,
metacritic_6018,sales_5937,0.9999999999999999,,
metacritic_3621,sales_7236,0.9999999999999999,,
metacritic_415,sales_7378,0.9999999999999999,,
metacritic_15672,sales_5985,0.9999999999999999,,
metacritic_16854,sales_5942,0.9999999999999999,,
metacritic_19549,sales_6957,0.9999999999999999,,
metacritic_4132,sales_1366,0.9999999999999999,,
metacritic_9960,sales_999,0.9999999999999999,,
metacritic_12358,sales_2661,0.9999999999999999,,
metacritic_18171,sales_2506,0.9999999999999999,,
metacritic_2419,sales_2790,0.9999999999999999,,
metacritic_15508,sales_6115,0.9999999999999999,,
metacritic_8297,sales_1916,0.9999999999999999,,
metacritic_3897,sales_6618,0.9999999999999999,,
metacritic_19031,sales_5997,0.9999999999999999,,
metacritic_18668,sales_4489,0.9999999999999999,,
metacritic_19515,sales_6356,0.9999999999999999,,
metacritic_15484,sales_6373,0.9999999999999999,,
metacritic_4831,sales_2542,0.9999999999999999,,
metacritic_15677,sales_6624,0.9999999999999999,,
metacritic_3759,sales_318,0.9999999999999999,,
metacritic_20469,sales_15,0.9999999999999999,,
metacritic_6948,sales_2999,0.9999999999999999,,
metacritic_2374,sales_989,0.9999999999999999,,
metacritic_4207,sales_3751,0.9999999999999999,,
metacritic_20025,sales_1226,0.9999999999999999,,
metacritic_18704,sales_6985,0.8999999999999999,,
metacritic_17743,sales_5386,0.9999999999999999,,
metacritic_10185,sales_7443,0.9999999999999999,,
metacritic_2309,sales_2759,0.9999999999999999,,
metacritic_20310,sales_7438,0.9999999999999999,,
metacritic_20323,sales_6673,0.9999999999999999,,
metacritic_19362,sales_6073,0.9999999999999999,,
metacritic_13376,sales_2962,0.9999999999999999,,
metacritic_16380,sales_6488,0.9999999999999999,,
metacritic_12075,sales_2906,0.9999999999999999,,
metacritic_19688,sales_6693,0.9999999999999999,,
metacritic_15451,sales_6776,0.9999999999999999,,
metacritic_8183,sales_7215,0.9999999999999999,,
metacritic_7418,sales_1098,0.9999999999999999,,
metacritic_2164,sales_377,0.9999999999999999,,
metacritic_9530,sales_378,0.9999999999999999,,
metacritic_4910,sales_1783,0.9999999999999999,,
metacritic_2455,sales_247,0.88,,
metacritic_6195,sales_3522,0.9999999999999999,,
metacritic_12851,sales_2758,0.9999999999999999,,
metacritic_18677,sales_3816,0.9999999999999999,,
metacritic_9242,sales_2465,0.9999999999999999,,
metacritic_16556,sales_367,0.8,,
metacritic_12792,sales_5499,0.9999999999999999,,
metacritic_16469,sales_4738,0.9999999999999999,,
metacritic_9989,sales_4135,0.9999999999999999,,
metacritic_6652,sales_1480,0.9999999999999999,,
metacritic_221,sales_2047,0.9999999999999999,,
metacritic_1984,sales_338,0.9999999999999999,,
metacritic_5355,sales_6338,0.9999999999999999,,
metacritic_15138,sales_6900,0.9999999999999999,,
metacritic_13647,sales_4892,0.9999999999999999,,
metacritic_14143,sales_2560,0.9999999999999999,,
metacritic_1650,sales_1799,0.9999999999999999,,
metacritic_18460,sales_5754,0.9999999999999999,,
metacritic_6569,sales_3615,0.9999999999999999,,
metacritic_7329,sales_1477,0.9999999999999999,,
metacritic_16308,sales_5428,0.8999999999999999,,
metacritic_14153,sales_1645,0.9999999999999999,,
metacritic_20437,sales_88,0.9999999999999999,,
metacritic_928,sales_498,0.9999999999999999,,
metacritic_18084,sales_4197,0.9999999999999999,,
metacritic_8425,sales_4004,0.9999999999999999,,
metacritic_15297,sales_1322,0.9999999999999999,,
metacritic_4721,sales_192,0.8999999999999999,,
metacritic_20394,sales_6410,0.9999999999999999,,
metacritic_18696,sales_4430,0.9999999999999999,,
metacritic_3762,sales_1708,0.9999999999999999,,
metacritic_14700,sales_1009,0.9999999999999999,,
metacritic_14944,sales_1385,0.9999999999999999,,
metacritic_15818,sales_4491,0.9999999999999999,,
metacritic_9724,sales_3843,0.9999999999999999,,
metacritic_8982,sales_6345,0.8999999999999999,,
metacritic_11592,sales_5925,0.8999999999999999,,
metacritic_4354,sales_488,0.9999999999999999,,
metacritic_11879,sales_2789,0.9999999999999999,,
metacritic_19170,sales_4044,0.9999999999999999,,
metacritic_21,sales_760,0.9999999999999999,,
metacritic_20124,sales_7158,0.9999999999999999,,
metacritic_16688,sales_2141,0.9999999999999999,,
metacritic_1699,sales_1789,0.9999999999999999,,
metacritic_3474,sales_4209,0.9999999999999999,,
metacritic_15183,sales_2693,0.9999999999999999,,
metacritic_15080,sales_6152,0.9999999999999999,,
metacritic_13942,sales_2476,0.9999999999999999,,
metacritic_14033,sales_3151,0.8999999999999999,,
metacritic_7311,sales_110,0.9999999999999999,,
metacritic_8625,sales_987,0.9999999999999999,,
metacritic_5446,sales_1832,0.9999999999999999,,
metacritic_20446,sales_354,0.9999999999999999,,
metacritic_9336,sales_2244,0.9999999999999999,,
metacritic_1296,sales_175,0.8999999999999999,,
metacritic_8931,sales_1491,0.9999999999999999,,
metacritic_6103,sales_2450,0.9999999999999999,,
metacritic_15014,sales_1741,0.9999999999999999,,
metacritic_19690,sales_7079,0.9999999999999999,,
metacritic_740,sales_2175,0.9999999999999999,,
metacritic_11857,sales_3066,0.8999999999999999,,
metacritic_20138,sales_6400,0.85,,
metacritic_1951,sales_1233,0.9999999999999999,,
metacritic_8035,sales_5634,0.9999999999999999,,
metacritic_404,sales_3818,0.8999999999999999,,
metacritic_14665,sales_4063,0.9999999999999999,,
metacritic_16682,sales_6482,0.9999999999999999,,
metacritic_5801,sales_2850,0.9999999999999999,,
metacritic_4661,sales_1547,0.9999999999999999,,
metacritic_10182,sales_2768,0.9999999999999999,,
metacritic_3829,sales_3237,0.9999999999999999,,
metacritic_1184,sales_1662,0.9999999999999999,,
metacritic_17388,sales_6088,0.8999999999999999,,
metacritic_917,sales_4002,0.9999999999999999,,
metacritic_16887,sales_5384,0.9999999999999999,,
metacritic_13392,sales_7053,0.9999999999999999,,
metacritic_18797,sales_4671,0.9999999999999999,,
metacritic_2605,sales_6453,0.9999999999999999,,
metacritic_6855,sales_1005,0.9999999999999999,,
metacritic_15872,sales_3363,0.9999999999999999,,
metacritic_9341,sales_78,0.9999999999999999,,
metacritic_15645,sales_7565,0.9999999999999999,,
metacritic_3787,sales_6638,0.9999999999999999,,
metacritic_12290,sales_4873,0.9999999999999999,,
metacritic_1051,sales_3583,0.9999999999999999,,
metacritic_8490,sales_7093,0.9999999999999999,,
metacritic_10923,sales_3451,0.9999999999999999,,
metacritic_12885,sales_6486,0.9999999999999999,,
metacritic_17506,sales_2102,0.9999999999999999,,
metacritic_16881,sales_7005,0.8999999999999999,,
metacritic_7342,sales_1110,0.9999999999999999,,
metacritic_7813,sales_1046,0.9999999999999999,,
metacritic_14793,sales_1684,0.9999999999999999,,
metacritic_8416,sales_7045,0.9999999999999999,,
metacritic_14360,sales_5543,0.9999999999999999,,
metacritic_18463,sales_6694,0.9999999999999999,,
metacritic_7441,sales_7085,0.9999999999999999,,
metacritic_20120,sales_3935,0.9999999999999999,,
metacritic_20159,sales_6979,0.9999999999999999,,
metacritic_5686,sales_7281,0.9999999999999999,,
metacritic_120,sales_1088,0.9999999999999999,,
metacritic_12380,sales_1694,0.8999999999999999,,
metacritic_10313,sales_7434,0.9999999999999999,,
metacritic_19990,sales_5701,0.9999999999999999,,
metacritic_18336,sales_7204,0.9999999999999999,,
metacritic_16485,sales_5321,0.9999999999999999,,
metacritic_2066,sales_746,0.9999999999999999,,
metacritic_3709,sales_2151,0.9999999999999999,,
metacritic_3929,sales_4676,0.9999999999999999,,
metacritic_6132,sales_7103,0.9999999999999999,,
metacritic_19802,sales_2954,0.9999999999999999,,
metacritic_1506,sales_745,0.9999999999999999,,
metacritic_17264,sales_3426,0.9999999999999999,,
metacritic_19986,sales_3743,0.9999999999999999,,
metacritic_14448,sales_1370,0.9999999999999999,,
metacritic_14428,sales_4945,0.9999999999999999,,
metacritic_8797,sales_5189,0.85,,
metacritic_3818,sales_2296,0.9999999999999999,,
metacritic_753,sales_567,0.9999999999999999,,
metacritic_18664,sales_764,0.8999999999999999,,
metacritic_2664,sales_6306,0.9999999999999999,,
metacritic_9038,sales_1819,0.9999999999999999,,
metacritic_8510,sales_1539,0.9999999999999999,,
metacritic_15996,sales_3026,0.8999999999999999,,
metacritic_6397,sales_772,0.9999999999999999,,
metacritic_13230,sales_3520,0.9999999999999999,,
metacritic_2708,sales_543,0.9999999999999999,,
metacritic_1592,sales_6742,0.8999999999999999,,
metacritic_7888,sales_2963,0.9999999999999999,,
metacritic_3071,sales_52,0.9999999999999999,,
metacritic_2627,sales_445,0.9999999999999999,,
metacritic_10291,sales_2801,0.9999999999999999,,
metacritic_4782,sales_1055,0.9999999999999999,,
metacritic_17655,sales_7345,0.9999999999999999,,
metacritic_10879,sales_325,0.8,,
metacritic_7228,sales_3454,0.9999999999999999,,
metacritic_10728,sales_4389,0.9999999999999999,,
metacritic_19354,sales_4107,0.8999999999999999,,
metacritic_15460,sales_6284,0.9999999999999999,,
metacritic_17909,sales_6009,0.9999999999999999,,
metacritic_18045,sales_3788,0.9999999999999999,,
metacritic_12518,sales_6489,0.9999999999999999,,
metacritic_19320,sales_4994,0.9999999999999999,,
metacritic_18975,sales_2809,0.9999999999999999,,
metacritic_896,sales_2404,0.9999999999999999,,
metacritic_671,sales_974,0.9999999999999999,,
metacritic_20126,sales_6989,0.8999999999999999,,
metacritic_19618,sales_7195,0.9999999999999999,,
metacritic_5907,sales_467,0.9999999999999999,,
metacritic_1103,sales_19,0.9999999999999999,,
metacritic_14340,sales_1858,0.9999999999999999,,
metacritic_19239,sales_7509,0.9999999999999999,,
metacritic_4812,sales_2766,0.9999999999999999,,
metacritic_10725,sales_1303,0.9999999999999999,,
metacritic_2924,sales_2517,0.9999999999999999,,
metacritic_13977,sales_3759,0.9999999999999999,,
metacritic_18049,sales_202,0.9999999999999999,,
metacritic_675,sales_374,0.9999999999999999,,
metacritic_13715,sales_5891,0.9999999999999999,,
metacritic_10713,sales_7089,0.9999999999999999,,
metacritic_3627,sales_3589,0.9,,
metacritic_14342,sales_7768,0.9999999999999999,,
metacritic_336,sales_520,0.9999999999999999,,
metacritic_18933,sales_7490,0.9999999999999999,,
metacritic_386,sales_139,0.9999999999999999,,
metacritic_7098,sales_5649,0.9999999999999999,,
metacritic_12449,sales_2577,0.9999999999999999,,
metacritic_9708,sales_2792,0.9999999999999999,,
metacritic_15010,sales_3729,0.9999999999999999,,
metacritic_15735,sales_6542,0.9999999999999999,,
metacritic_17747,sales_5537,0.9999999999999999,,
metacritic_19483,sales_4458,0.9999999999999999,,
metacritic_11028,sales_3233,0.9999999999999999,,
metacritic_17659,sales_7573,0.9999999999999999,,
metacritic_6141,sales_4984,0.9999999999999999,,
metacritic_10011,sales_3210,0.9999999999999999,,
metacritic_17245,sales_5138,0.9999999999999999,,
metacritic_14257,sales_6908,0.9999999999999999,,
metacritic_13322,sales_3043,0.9999999999999999,,
metacritic_4345,sales_3633,0.9999999999999999,,
metacritic_19223,sales_7021,0.9999999999999999,,
metacritic_13265,sales_4347,0.8999999999999999,,
metacritic_14484,sales_3383,0.9999999999999999,,
metacritic_8592,sales_7072,0.9999999999999999,,
metacritic_19863,sales_4051,0.9999999999999999,,
metacritic_5804,sales_1806,0.9999999999999999,,
metacritic_19683,sales_6018,0.9999999999999999,,
metacritic_17143,sales_6452,0.9999999999999999,,
metacritic_2328,sales_2416,0.9999999999999999,,
metacritic_20068,sales_6082,0.9999999999999999,,
metacritic_5662,sales_1850,0.9999999999999999,,
metacritic_20325,sales_610,0.9999999999999999,,
metacritic_9249,sales_4933,0.8999999999999999,,
metacritic_2234,sales_822,0.9999999999999999,,
metacritic_7160,sales_4867,0.9999999999999999,,
metacritic_3526,sales_1171,0.9999999999999999,,
metacritic_12435,sales_5697,0.9999999999999999,,
metacritic_20454,sales_698,0.9999999999999999,,
metacritic_4319,sales_1546,0.9999999999999999,,
metacritic_5286,sales_3023,0.9999999999999999,,
metacritic_19293,sales_984,0.9999999999999999,,
metacritic_11927,sales_6341,0.9999999999999999,,
metacritic_12768,sales_3939,0.9999999999999999,,
metacritic_4598,sales_1818,0.9999999999999999,,
metacritic_19807,sales_4407,0.9999999999999999,,
metacritic_9906,sales_1280,0.9999999999999999,,
metacritic_1975,sales_63,0.9999999999999999,,
metacritic_19098,sales_3166,0.9999999999999999,,
metacritic_4883,sales_6608,0.9999999999999999,,
metacritic_12959,sales_981,0.9999999999999999,,
metacritic_808,sales_4100,0.9999999999999999,,
metacritic_10076,sales_4633,0.9999999999999999,,
metacritic_792,sales_334,0.9999999999999999,,
metacritic_112,sales_95,0.9999999999999999,,
metacritic_12474,sales_5870,0.9999999999999999,,
metacritic_12060,sales_1649,0.9999999999999999,,
metacritic_284,sales_341,0.9999999999999999,,
metacritic_13432,sales_576,0.9999999999999999,,
metacritic_19923,sales_5894,0.9999999999999999,,
metacritic_10360,sales_4410,0.9999999999999999,,
metacritic_1087,sales_479,0.9999999999999999,,
metacritic_12058,sales_6485,0.8999999999999999,,
metacritic_2100,sales_1186,0.9999999999999999,,
metacritic_4751,sales_2053,0.9999999999999999,,
metacritic_1115,sales_4713,0.9999999999999999,,
metacritic_7954,sales_1,0.9999999999999999,,
metacritic_9287,sales_806,0.9999999999999999,,
metacritic_10247,sales_5909,0.9999999999999999,,
metacritic_2338,sales_1378,0.9999999999999999,,
metacritic_2246,sales_771,0.9999999999999999,,
metacritic_11279,sales_3212,0.9999999999999999,,
metacritic_9198,sales_1824,0.9999999999999999,,
metacritic_5990,sales_4452,0.9999999999999999,,
metacritic_11309,sales_4634,0.9999999999999999,,
metacritic_17283,sales_5107,0.9999999999999999,,
metacritic_10586,sales_2156,0.9999999999999999,,
metacritic_10077,sales_7664,0.9999999999999999,,
metacritic_18972,sales_3311,0.8999999999999999,,
metacritic_14740,sales_4417,0.9999999999999999,,
metacritic_5445,sales_5134,0.9999999999999999,,
metacritic_17633,sales_598,0.9999999999999999,,
metacritic_18831,sales_2218,0.8999999999999999,,
metacritic_6606,sales_6430,0.9999999999999999,,
metacritic_10453,sales_5203,0.9999999999999999,,
metacritic_3679,sales_1580,0.9999999999999999,,
metacritic_10827,sales_1710,0.9999999999999999,,
metacritic_15040,sales_4655,0.9999999999999999,,
metacritic_411,sales_5503,0.9999999999999999,,
metacritic_11552,sales_5687,0.9999999999999999,,
metacritic_11189,sales_7478,0.9999999999999999,,
metacritic_15395,sales_515,0.9999999999999999,,
metacritic_12960,sales_7532,0.9999999999999999,,
metacritic_683,sales_3713,0.9999999999999999,,
metacritic_7964,sales_1996,0.9999999999999999,,
metacritic_8905,sales_306,0.9999999999999999,,
metacritic_6262,sales_3980,0.9999999999999999,,
metacritic_3586,sales_3292,0.9999999999999999,,
metacritic_9936,sales_6497,0.9999999999999999,,
metacritic_3850,sales_3093,0.9999999999999999,,
metacritic_5851,sales_1920,0.9999999999999999,,
metacritic_12647,sales_6769,0.9999999999999999,,
metacritic_8190,sales_2443,0.9999999999999999,,
metacritic_15667,sales_4278,0.9999999999999999,,
metacritic_4979,sales_153,0.9999999999999999,,
metacritic_2734,sales_1974,0.9999999999999999,,
metacritic_19729,sales_6695,0.9999999999999999,,
metacritic_19545,sales_6047,0.8999999999999999,,
metacritic_7828,sales_2074,0.9999999999999999,,
metacritic_20220,sales_6674,0.9999999999999999,,
metacritic_841,sales_1812,0.9999999999999999,,
metacritic_9829,sales_7142,0.9999999999999999,,
metacritic_10375,sales_2290,0.9999999999999999,,
metacritic_16617,sales_2614,0.9999999999999999,,
metacritic_18920,sales_4461,0.9999999999999999,,
metacritic_10325,sales_2142,0.9999999999999999,,
metacritic_13602,sales_4695,0.8999999999999999,,
metacritic_6784,sales_4437,0.9999999999999999,,
metacritic_20206,sales_5135,0.9999999999999999,,
metacritic_6984,sales_3456,0.9999999999999999,,
metacritic_166,sales_94,0.9999999999999999,,
metacritic_508,sales_131,0.8999999999999999,,
metacritic_15679,sales_4241,0.8999999999999999,,
metacritic_245,sales_1251,0.9999999999999999,,
metacritic_6926,sales_7637,0.9999999999999999,,
metacritic_13554,sales_3674,0.9999999999999999,,
metacritic_7688,sales_1655,0.9999999999999999,,
metacritic_20246,sales_5807,0.9999999999999999,,
metacritic_6162,sales_2072,0.9999999999999999,,
metacritic_977,sales_2235,0.9999999999999999,,
metacritic_16899,sales_2056,0.8999999999999999,,
metacritic_3626,sales_243,0.9999999999999999,,
metacritic_4466,sales_7454,0.9999999999999999,,
metacritic_12646,sales_6405,0.8999999999999999,,
metacritic_20444,sales_355,0.9999999999999999,,
metacritic_19476,sales_4864,0.9999999999999999,,
metacritic_19548,sales_2842,0.9999999999999999,,
metacritic_17790,sales_6256,0.9999999999999999,,
metacritic_18637,sales_4037,0.9999999999999999,,
metacritic_18340,sales_6495,0.9999999999999999,,
metacritic_10243,sales_7146,0.9999999999999999,,
metacritic_11219,sales_6901,0.9999999999999999,,
metacritic_609,sales_1064,0.9999999999999999,,
metacritic_16336,sales_346,0.9999999999999999,,
metacritic_2397,sales_2629,0.9999999999999999,,
metacritic_2619,sales_2621,0.9999999999999999,,
metacritic_19418,sales_6157,0.9999999999999999,,
metacritic_7011,sales_5726,0.9999999999999999,,
metacritic_11034,sales_7233,0.9999999999999999,,
metacritic_19332,sales_7036,0.9999999999999999,,
metacritic_17326,sales_5463,0.8999999999999999,,
metacritic_15346,sales_5199,0.8999999999999999,,
metacritic_16118,sales_7452,0.9999999999999999,,
metacritic_6200,sales_5561,0.9999999999999999,,
metacritic_799,sales_2139,0.9999999999999999,,
metacritic_5132,sales_3472,0.8999999999999999,,
metacritic_17888,sales_2242,0.9999999999999999,,
metacritic_7283,sales_3574,0.9999999999999999,,
metacritic_12222,sales_6713,0.9999999999999999,,
metacritic_14027,sales_4046,0.9999999999999999,,
metacritic_15085,sales_4339,0.9999999999999999,,
metacritic_9494,sales_4817,0.8999999999999999,,
metacritic_9567,sales_3136,0.9999999999999999,,
metacritic_10567,sales_3134,0.9999999999999999,,
metacritic_4323,sales_5550,0.9999999999999999,,
metacritic_19367,sales_1712,0.9999999999999999,,
metacritic_4545,sales_3747,0.8999999999999999,,
metacritic_14830,sales_7387,0.9999999999999999,,
metacritic_19333,sales_5614,0.8999999999999999,,
metacritic_18974,sales_1747,0.9999999999999999,,
metacritic_6386,sales_1597,0.9999999999999999,,
metacritic_15000,sales_6762,0.9999999999999999,,
metacritic_2036,sales_3348,0.9999999999999999,,
metacritic_11087,sales_3971,0.9999999999999999,,
metacritic_18869,sales_5040,0.9999999999999999,,
metacritic_1015,sales_403,0.9999999999999999,,
metacritic_17572,sales_5693,0.9999999999999999,,
metacritic_6531,sales_677,0.9999999999999999,,
metacritic_3460,sales_1172,0.9999999999999999,,
metacritic_13000,sales_6744,0.9999999999999999,,
metacritic_1191,sales_1711,0.9999999999999999,,
metacritic_9541,sales_5443,0.9999999999999999,,
metacritic_11891,sales_5771,0.9999999999999999,,
metacritic_17531,sales_2124,0.9999999999999999,,
metacritic_11397,sales_3908,0.9999999999999999,,
metacritic_7928,sales_5294,0.9999999999999999,,
metacritic_18906,sales_7607,0.9999999999999999,,
metacritic_9066,sales_2849,0.8999999999999999,,
metacritic_15421,sales_5056,0.9999999999999999,,
metacritic_9335,sales_2641,0.9999999999999999,,
metacritic_17059,sales_7234,0.9999999999999999,,
metacritic_327,sales_1002,0.9999999999999999,,
metacritic_18581,sales_7842,0.8999999999999999,,
metacritic_6012,sales_2078,0.9999999999999999,,
metacritic_14370,sales_7483,0.9999999999999999,,
metacritic_14792,sales_6042,0.8999999999999999,,
metacritic_17271,sales_4450,0.8999999999999999,,
metacritic_5464,sales_2075,0.9999999999999999,,
metacritic_20214,sales_3245,0.9999999999999999,,
metacritic_18971,sales_4572,0.9999999999999999,,
metacritic_7583,sales_1805,0.8999999999999999,,
metacritic_660,sales_7450,0.9999999999999999,,
metacritic_19487,sales_2754,0.9999999999999999,,
metacritic_3465,sales_546,0.9999999999999999,,
metacritic_8225,sales_2033,0.9999999999999999,,
metacritic_6005,sales_2749,0.9999999999999999,,
metacritic_2153,sales_7229,0.9999999999999999,,
metacritic_18968,sales_6265,0.9999999999999999,,
metacritic_12039,sales_2120,0.9999999999999999,,
metacritic_16090,sales_2391,0.9999999999999999,,
metacritic_11986,sales_6215,0.8999999999999999,,
metacritic_16369,sales_2028,0.9999999999999999,,
metacritic_4624,sales_3869,0.9999999999999999,,
metacritic_10301,sales_7763,0.9999999999999999,,
metacritic_18174,sales_1341,0.9999999999999999,,
metacritic_989,sales_1785,0.8,,
metacritic_6748,sales_7610,0.8999999999999999,,
metacritic_14236,sales_1215,0.9999999999999999,,
metacritic_11333,sales_542,0.9999999999999999,,
metacritic_15072,sales_4084,0.8999999999999999,,
metacritic_1246,sales_2150,0.9999999999999999,,
metacritic_1162,sales_3428,0.9999999999999999,,
metacritic_16598,sales_4730,0.9999999999999999,,
metacritic_11024,sales_4490,0.9999999999999999,,
metacritic_10409,sales_3039,0.9999999999999999,,
metacritic_18976,sales_4796,0.9999999999999999,,
metacritic_190,sales_943,0.9999999999999999,,
metacritic_18816,sales_4250,0.9999999999999999,,
metacritic_7906,sales_2423,0.9999999999999999,,
metacritic_17148,sales_1772,0.9999999999999999,,
metacritic_9240,sales_6790,0.9999999999999999,,
metacritic_387,sales_3035,0.9999999999999999,,
metacritic_19841,sales_3405,0.82,,
metacritic_10826,sales_539,0.9999999999999999,,
metacritic_18278,sales_5659,0.9999999999999999,,
metacritic_19739,sales_5580,0.9999999999999999,,
metacritic_10611,sales_3598,0.9999999999999999,,
metacritic_377,sales_583,0.9999999999999999,,
metacritic_17965,sales_4248,0.9999999999999999,,
metacritic_8240,sales_6349,0.9999999999999999,,
metacritic_10109,sales_5053,0.9999999999999999,,
metacritic_17205,sales_5421,0.9999999999999999,,
metacritic_12702,sales_5078,0.9999999999999999,,
metacritic_4089,sales_1120,0.9999999999999999,,
metacritic_14675,sales_3374,0.9999999999999999,,
metacritic_3240,sales_7771,0.9999999999999999,,
metacritic_1472,sales_1195,0.8999999999999999,,
metacritic_13174,sales_1407,0.9999999999999999,,
metacritic_15026,sales_6910,0.8999999999999999,,
metacritic_6600,sales_6065,0.9999999999999999,,
metacritic_1369,sales_333,0.9999999999999999,,
metacritic_8096,sales_5016,0.9999999999999999,,
metacritic_13,sales_5992,0.9999999999999999,,
metacritic_7040,sales_7010,0.9999999999999999,,
metacritic_18094,sales_6063,0.9999999999999999,,
metacritic_18206,sales_6511,0.9999999999999999,,
metacritic_20031,sales_5076,0.9999999999999999,,
metacritic_2425,sales_1814,0.9999999999999999,,
metacritic_14875,sales_5239,0.9999999999999999,,
metacritic_17841,sales_4993,0.9999999999999999,,
metacritic_16185,sales_5924,0.9999999999999999,,
metacritic_3834,sales_3198,0.9999999999999999,,
metacritic_20464,sales_196,0.8999999999999999,,
metacritic_13489,sales_2285,0.9999999999999999,,
metacritic_4071,sales_1762,0.9999999999999999,,
metacritic_19248,sales_7754,0.9999999999999999,,
metacritic_19395,sales_3536,0.9999999999999999,,
metacritic_6358,sales_6760,0.9999999999999999,,
metacritic_13926,sales_4575,0.9999999999999999,,
metacritic_5312,sales_719,0.9999999999999999,,
metacritic_16549,sales_2564,0.9999999999999999,,
metacritic_13599,sales_2043,0.9999999999999999,,
metacritic_6661,sales_440,0.9999999999999999,,
metacritic_451,sales_2076,0.9999999999999999,,
metacritic_12047,sales_4379,0.9999999999999999,,
metacritic_14026,sales_2987,0.9999999999999999,,
metacritic_668,sales_566,0.9999999999999999,,
metacritic_16418,sales_4844,0.8999999999999999,,
metacritic_16857,sales_3372,0.9999999999999999,,
metacritic_12430,sales_5723,0.8999999999999999,,
metacritic_14545,sales_3114,0.9999999999999999,,
metacritic_392,sales_2458,0.9999999999999999,,
metacritic_738,sales_148,0.9999999999999999,,
metacritic_1297,sales_6631,0.9999999999999999,,
metacritic_12288,sales_6990,0.8999999999999999,,
metacritic_1353,sales_1647,0.8999999999999999,,
metacritic_18438,sales_3063,0.9999999999999999,,
metacritic_9966,sales_1155,0.8999999999999999,,
metacritic_19063,sales_4496,0.9999999999999999,,
metacritic_7134,sales_5431,0.9999999999999999,,
metacritic_19125,sales_6101,0.8999999999999999,,
metacritic_7963,sales_7480,0.9999999999999999,,
metacritic_12440,sales_4371,0.9999999999999999,,
metacritic_8159,sales_1685,0.9999999999999999,,
metacritic_20224,sales_7344,0.9999999999999999,,
metacritic_13621,sales_7121,0.8999999999999999,,
metacritic_1824,sales_2589,0.9999999999999999,,
metacritic_5358,sales_4377,0.9999999999999999,,
metacritic_11230,sales_5895,0.9999999999999999,,
metacritic_7945,sales_2681,0.9999999999999999,,
metacritic_20136,sales_5621,0.9999999999999999,,
metacritic_10471,sales_4823,0.9999999999999999,,
metacritic_11381,sales_4279,0.9999999999999999,,
metacritic_16807,sales_6554,0.8999999999999999,,
metacritic_6425,sales_7018,0.9999999999999999,,
metacritic_19230,sales_6028,0.9999999999999999,,
metacritic_10891,sales_4574,0.9999999999999999,,
metacritic_12710,sales_1622,0.9999999999999999,,
metacritic_1788,sales_4275,0.9999999999999999,,
metacritic_9983,sales_4801,0.9999999999999999,,
metacritic_20226,sales_4651,0.9999999999999999,,
metacritic_4253,sales_7549,0.9999999999999999,,
metacritic_991,sales_477,0.9999999999999999,,
metacritic_20272,sales_4365,0.9999999999999999,,
metacritic_14579,sales_7488,0.8999999999999999,,
metacritic_131,sales_495,0.9999999999999999,,
metacritic_13741,sales_4300,0.9999999999999999,,
metacritic_5659,sales_2427,0.9999999999999999,,
metacritic_5689,sales_3427,0.9999999999999999,,
metacritic_1882,sales_6079,0.9999999999999999,,
metacritic_18276,sales_4594,0.9999999999999999,,
metacritic_16647,sales_4536,0.8999999999999999,,
metacritic_5826,sales_5988,0.9999999999999999,,
metacritic_15615,sales_5091,0.9999999999999999,,
metacritic_15247,sales_6518,0.9999999999999999,,
metacritic_10986,sales_2111,0.9999999999999999,,
metacritic_4446,sales_6188,0.9999999999999999,,
metacritic_20000,sales_7858,0.8999999999999999,,
metacritic_12624,sales_6055,0.9999999999999999,,
metacritic_19840,sales_6031,0.9999999999999999,,
metacritic_11104,sales_730,0.9999999999999999,,
metacritic_6667,sales_2146,0.9999999999999999,,
metacritic_18656,sales_697,0.9999999999999999,,
metacritic_15942,sales_5562,0.9999999999999999,,
metacritic_16906,sales_6301,0.9999999999999999,,
metacritic_8239,sales_2131,0.8999999999999999,,
metacritic_19919,sales_7081,0.9999999999999999,,
metacritic_17674,sales_6498,0.8999999999999999,,
metacritic_19378,sales_1863,0.9999999999999999,,
metacritic_5,sales_32,0.9999999999999999,,
metacritic_885,sales_2864,0.9999999999999999,,
metacritic_14929,sales_4442,0.9999999999999999,,
metacritic_14771,sales_4316,0.9999999999999999,,
metacritic_5148,sales_7512,0.9999999999999999,,
metacritic_17412,sales_6233,0.8999999999999999,,
metacritic_12281,sales_1779,0.9999999999999999,,
metacritic_8189,sales_1590,0.8999999999999999,,
metacritic_16649,sales_3091,0.8999999999999999,,
metacritic_15437,sales_5095,0.9999999999999999,,
metacritic_17087,sales_3416,0.9999999999999999,,
metacritic_10772,sales_5341,0.9999999999999999,,
metacritic_19061,sales_4915,0.9999999999999999,,
metacritic_17927,sales_7704,0.9999999999999999,,
metacritic_13355,sales_2609,0.9999999999999999,,
metacritic_19503,sales_4262,0.9999999999999999,,
metacritic_20118,sales_7534,0.9999999999999999,,
metacritic_15807,sales_1740,0.9999999999999999,,
metacritic_12186,sales_7502,0.9999999999999999,,
metacritic_15352,sales_4649,0.9999999999999999,,
metacritic_17265,sales_5106,0.9999999999999999,,
metacritic_18050,sales_4081,0.9999999999999999,,
metacritic_9912,sales_2498,0.9999999999999999,,
metacritic_7933,sales_5229,0.9999999999999999,,
metacritic_464,sales_4387,0.9999999999999999,,
metacritic_13801,sales_4336,0.9999999999999999,,
metacritic_1496,sales_2644,0.8,,
metacritic_18188,sales_5468,0.9999999999999999,,
metacritic_15915,sales_6229,0.9999999999999999,,
metacritic_247,sales_242,0.9999999999999999,,
metacritic_167,sales_1332,0.9999999999999999,,
metacritic_10791,sales_6374,0.8999999999999999,,
metacritic_17085,sales_5079,0.9999999999999999,,
metacritic_1695,sales_127,0.9999999999999999,,
metacritic_18424,sales_7182,0.9999999999999999,,
metacritic_68,sales_337,0.9999999999999999,,
metacritic_148,sales_75,0.9999999999999999,,
metacritic_80,sales_211,0.9999999999999999,,
metacritic_5309,sales_2027,0.9999999999999999,,
metacritic_10344,sales_5496,0.9999999999999999,,
metacritic_2620,sales_21,0.9999999999999999,,
metacritic_14006,sales_1750,0.9999999999999999,,
metacritic_11371,sales_718,0.9999999999999999,,
metacritic_13475,sales_5206,0.9999999999999999,,
metacritic_7469,sales_1688,0.9999999999999999,,
metacritic_20390,sales_7627,0.9999999999999999,,
metacritic_16516,sales_4624,0.9999999999999999,,
metacritic_7476,sales_2070,0.9999999999999999,,
metacritic_3483,sales_76,0.9999999999999999,,
metacritic_17592,sales_6767,0.9999999999999999,,
metacritic_8346,sales_3095,0.9999999999999999,,
metacritic_13320,sales_226,0.9999999999999999,,
metacritic_702,sales_2701,0.9999999999999999,,
metacritic_14769,sales_1894,0.9999999999999999,,
metacritic_9126,sales_5236,0.9999999999999999,,
metacritic_592,sales_2753,0.8999999999999999,,
metacritic_9394,sales_1184,0.9999999999999999,,
metacritic_6340,sales_7828,0.9999999999999999,,
metacritic_14718,sales_6249,0.9999999999999999,,
metacritic_17962,sales_6640,0.9999999999999999,,
metacritic_11426,sales_6329,0.8999999999999999,,
metacritic_3666,sales_724,0.9999999999999999,,
metacritic_16436,sales_2032,0.9999999999999999,,
metacritic_906,sales_252,0.9999999999999999,,
metacritic_1130,sales_296,0.8999999999999999,,
metacritic_13014,sales_5611,0.9999999999999999,,
metacritic_17815,sales_7433,0.9999999999999999,,
metacritic_9488,sales_1219,0.9999999999999999,,
metacritic_7484,sales_1827,0.9999999999999999,,
metacritic_9340,sales_988,0.9999999999999999,,
metacritic_3737,sales_2663,0.9999999999999999,,
metacritic_4061,sales_913,0.9999999999999999,,
metacritic_17517,sales_6463,0.9999999999999999,,
metacritic_11473,sales_3011,0.9999999999999999,,
metacritic_16164,sales_1768,0.9999999999999999,,
metacritic_4305,sales_2975,0.9999999999999999,,
metacritic_18428,sales_1308,0.9999999999999999,,
metacritic_11993,sales_2649,0.9999999999999999,,
metacritic_14750,sales_1245,0.9999999999999999,,
metacritic_4762,sales_418,0.85,,
metacritic_15621,sales_7677,0.9999999999999999,,
metacritic_4242,sales_1275,0.9999999999999999,,
metacritic_19062,sales_2948,0.9999999999999999,,
metacritic_11988,sales_2602,0.9999999999999999,,
metacritic_46,sales_840,0.8285714285714285,,
metacritic_4378,sales_2916,0.9999999999999999,,
metacritic_15523,sales_6998,0.9999999999999999,,
metacritic_12383,sales_3295,0.9999999999999999,,
metacritic_18307,sales_4614,0.8999999999999999,,
metacritic_76,sales_146,0.9999999999999999,,
metacritic_1382,sales_6332,0.9999999999999999,,
metacritic_272,sales_1845,0.9999999999999999,,
metacritic_1711,sales_5827,0.9999999999999999,,
metacritic_16974,sales_6801,0.9999999999999999,,
metacritic_17175,sales_4577,0.9999999999999999,,
metacritic_4198,sales_2511,0.9999999999999999,,
metacritic_20286,sales_6573,0.9999999999999999,,
metacritic_5203,sales_5182,0.9999999999999999,,
metacritic_589,sales_4975,0.9999999999999999,,
metacritic_8787,sales_6122,0.9999999999999999,,
metacritic_7552,sales_4549,0.9999999999999999,,
metacritic_20215,sales_7035,0.9999999999999999,,
metacritic_9205,sales_2760,0.9999999999999999,,
metacritic_14831,sales_4447,0.9999999999999999,,
metacritic_10564,sales_1304,0.9999999999999999,,
metacritic_16888,sales_5965,0.9999999999999999,,
metacritic_4327,sales_1062,0.9999999999999999,,
metacritic_8951,sales_3350,0.9999999999999999,,
metacritic_5649,sales_3876,0.9999999999999999,,
metacritic_10991,sales_2058,0.9999999999999999,,
metacritic_17188,sales_5102,0.9999999999999999,,
metacritic_134,sales_2785,0.9999999999999999,,
metacritic_4581,sales_7305,0.9999999999999999,,
metacritic_18066,sales_6473,0.9999999999999999,,
metacritic_9290,sales_617,0.85,,
metacritic_9524,sales_6320,0.8999999999999999,,
metacritic_8642,sales_5858,0.9999999999999999,,
metacritic_13767,sales_3099,0.9999999999999999,,
metacritic_16036,sales_7521,0.9999999999999999,,
metacritic_852,sales_1813,0.85,,
metacritic_15273,sales_7320,0.9999999999999999,,
metacritic_16132,sales_6892,0.9999999999999999,,
metacritic_18444,sales_5907,0.9999999999999999,,
metacritic_7199,sales_5865,0.9999999999999999,,
metacritic_6928,sales_1915,0.9999999999999999,,
metacritic_13980,sales_2014,0.9999999999999999,,
metacritic_13945,sales_3854,0.8999999999999999,,
metacritic_2233,sales_5408,0.9999999999999999,,
metacritic_17254,sales_2008,0.9999999999999999,,
metacritic_18791,sales_5798,0.9999999999999999,,
metacritic_6218,sales_5710,0.9999999999999999,,
metacritic_10094,sales_7244,0.9999999999999999,,
metacritic_7044,sales_2899,0.9999999999999999,,
metacritic_17486,sales_6723,0.9999999999999999,,
metacritic_2826,sales_348,0.8999999999999999,,
metacritic_11771,sales_1627,0.9999999999999999,,
metacritic_18843,sales_7180,0.9999999999999999,,
metacritic_13844,sales_6058,0.9999999999999999,,
metacritic_16394,sales_3526,0.9999999999999999,,
metacritic_12856,sales_2667,0.9999999999999999,,
metacritic_924,sales_3359,0.9999999999999999,,
metacritic_5721,sales_2121,0.9999999999999999,,
metacritic_8310,sales_549,0.9999999999999999,,
metacritic_17020,sales_3956,0.8999999999999999,,
metacritic_721,sales_862,0.9999999999999999,,
metacritic_3670,sales_5786,0.8285714285714285,,
metacritic_100,sales_874,0.9999999999999999,,
metacritic_12241,sales_2110,0.9999999999999999,,
metacritic_12325,sales_4263,0.9999999999999999,,
metacritic_9772,sales_6721,0.9999999999999999,,
metacritic_19981,sales_7091,0.9999999999999999,,
metacritic_12154,sales_4186,0.9999999999999999,,
metacritic_20428,sales_873,0.9999999999999999,,
metacritic_2123,sales_961,0.9999999999999999,,
metacritic_725,sales_7011,0.9999999999999999,,
metacritic_20057,sales_5153,0.9999999999999999,,
metacritic_13485,sales_5631,0.9999999999999999,,
metacritic_10032,sales_6428,0.9999999999999999,,
metacritic_5620,sales_7528,0.9999999999999999,,
metacritic_1153,sales_800,0.9999999999999999,,
metacritic_7197,sales_1104,0.9999999999999999,,
metacritic_6266,sales_7395,0.9999999999999999,,
metacritic_16941,sales_6720,0.8999999999999999,,
metacritic_16285,sales_2813,0.9999999999999999,,
metacritic_16072,sales_6422,0.9999999999999999,,
metacritic_12359,sales_2802,0.8999999999999999,,
metacritic_9046,sales_7324,0.9999999999999999,,
metacritic_17922,sales_4800,0.8999999999999999,,
metacritic_6529,sales_1636,0.9999999999999999,,
metacritic_19210,sales_2112,0.9999999999999999,,
metacritic_4710,sales_10,0.9999999999999999,,
metacritic_9723,sales_5596,0.9999999999999999,,
metacritic_19754,sales_2055,0.9999999999999999,,
metacritic_398,sales_1325,0.9999999999999999,,
metacritic_557,sales_728,0.9999999999999999,,
metacritic_11316,sales_6795,0.9999999999999999,,
metacritic_7997,sales_2333,0.9999999999999999,,
metacritic_16662,sales_2549,0.9999999999999999,,
metacritic_1432,sales_29,0.9999999999999999,,
metacritic_16204,sales_7632,0.9999999999999999,,
metacritic_2178,sales_1119,0.9999999999999999,,
metacritic_603,sales_4939,0.9999999999999999,,
metacritic_2399,sales_655,0.9999999999999999,,
metacritic_50,sales_592,0.9999999999999999,,
metacritic_11969,sales_6550,0.9999999999999999,,
metacritic_1146,sales_713,0.9999999999999999,,
metacritic_2391,sales_5540,0.9999999999999999,,
metacritic_2752,sales_2551,0.8999999999999999,,
metacritic_12203,sales_1345,0.9999999999999999,,
metacritic_11462,sales_6953,0.9999999999999999,,
metacritic_15751,sales_3988,0.9999999999999999,,
metacritic_10765,sales_3021,0.9999999999999999,,
metacritic_17818,sales_7593,0.9999999999999999,,
metacritic_15798,sales_4047,0.9999999999999999,,
metacritic_3514,sales_468,0.9999999999999999,,
metacritic_5543,sales_1183,0.9999999999999999,,
metacritic_12346,sales_6662,0.8999999999999999,,
metacritic_18166,sales_3826,0.9999999999999999,,
metacritic_5334,sales_842,0.9999999999999999,,
metacritic_290,sales_164,0.9999999999999999,,
metacritic_6925,sales_3877,0.9999999999999999,,
metacritic_15021,sales_5242,0.9999999999999999,,
metacritic_20316,sales_5224,0.9999999999999999,,
metacritic_18608,sales_4869,0.9999999999999999,,
metacritic_15117,sales_7267,0.9999999999999999,,
metacritic_9532,sales_4798,0.9999999999999999,,
metacritic_15069,sales_779,0.9999999999999999,,
metacritic_13963,sales_6565,0.9999999999999999,,
metacritic_18746,sales_6289,0.9999999999999999,,
metacritic_308,sales_321,0.9999999999999999,,
metacritic_478,sales_1537,0.9999999999999999,,
metacritic_4366,sales_1321,0.9999999999999999,,
metacritic_8424,sales_2628,0.8999999999999999,,
metacritic_14567,sales_3706,0.9999999999999999,,
metacritic_2954,sales_1871,0.9999999999999999,,
metacritic_19190,sales_5426,0.9999999999999999,,
metacritic_16683,sales_6464,0.8999999999999999,,
metacritic_5311,sales_891,0.9999999999999999,,
metacritic_17653,sales_3288,0.9999999999999999,,
metacritic_4042,sales_3157,0.9999999999999999,,
metacritic_6333,sales_5539,0.9999999999999999,,
metacritic_15410,sales_2562,0.9999999999999999,,
metacritic_12149,sales_5838,0.8999999999999999,,
metacritic_4723,sales_2342,0.9999999999999999,,
metacritic_16460,sales_6585,0.8999999999999999,,
metacritic_14385,sales_6634,0.9999999999999999,,
metacritic_1474,sales_7770,0.9999999999999999,,
metacritic_10899,sales_4282,0.9999999999999999,,
metacritic_19742,sales_6524,0.9999999999999999,,
metacritic_15398,sales_924,0.9999999999999999,,
metacritic_2827,sales_1133,0.9999999999999999,,
metacritic_15051,sales_7792,0.9999999999999999,,
metacritic_10617,sales_1811,0.9999999999999999,,
metacritic_2506,sales_3518,0.8999999999999999,,
metacritic_12350,sales_4204,0.9999999999999999,,
metacritic_4098,sales_1582,0.9999999999999999,,
metacritic_11835,sales_248,0.9999999999999999,,
metacritic_4397,sales_7731,0.9999999999999999,,
metacritic_13187,sales_4338,0.9999999999999999,,
metacritic_5861,sales_2212,0.9999999999999999,,
metacritic_14263,sales_6845,0.9999999999999999,,
metacritic_3414,sales_375,0.9999999999999999,,
metacritic_11551,sales_4423,0.9999999999999999,,
metacritic_3316,sales_3963,0.9999999999999999,,
metacritic_19934,sales_4830,0.9999999999999999,,
metacritic_19775,sales_3849,0.9999999999999999,,
metacritic_7996,sales_1568,0.9999999999999999,,
metacritic_17018,sales_3484,0.9999999999999999,,
metacritic_9404,sales_6064,0.9999999999999999,,
metacritic_15785,sales_5961,0.9999999999999999,,
metacritic_570,sales_1350,0.9999999999999999,,
metacritic_6863,sales_2745,0.9999999999999999,,
metacritic_4282,sales_5075,0.9999999999999999,,
metacritic_20134,sales_6564,0.9999999999999999,,
metacritic_18778,sales_3141,0.9999999999999999,,
metacritic_17422,sales_2256,0.8999999999999999,,
metacritic_6875,sales_5002,0.9999999999999999,,
metacritic_6263,sales_2460,0.9999999999999999,,
metacritic_13375,sales_6570,0.8285714285714285,,
metacritic_10787,sales_7063,0.9999999999999999,,
metacritic_12785,sales_6057,0.8999999999999999,,
metacritic_9510,sales_6387,0.8999999999999999,,
metacritic_17943,sales_3824,0.9999999999999999,,
metacritic_10618,sales_469,0.9999999999999999,,
metacritic_13241,sales_2057,0.9999999999999999,,
metacritic_16664,sales_5530,0.9999999999999999,,
metacritic_15132,sales_4852,0.9999999999999999,,
metacritic_16897,sales_5427,0.9999999999999999,,
metacritic_12764,sales_1771,0.9999999999999999,,
metacritic_16758,sales_6198,0.9999999999999999,,
metacritic_867,sales_4166,0.9999999999999999,,
metacritic_12678,sales_3377,0.9999999999999999,,
metacritic_14164,sales_311,0.9999999999999999,,
metacritic_9515,sales_6113,0.9999999999999999,,
metacritic_1754,sales_4530,0.9999999999999999,,
metacritic_163,sales_5804,0.9999999999999999,,
metacritic_11346,sales_2398,0.9999999999999999,,
metacritic_9125,sales_6281,0.9999999999999999,,
metacritic_20291,sales_6530,0.9999999999999999,,
metacritic_4628,sales_1519,0.9999999999999999,,
metacritic_11909,sales_1970,0.9999999999999999,,
metacritic_19323,sales_3469,0.9999999999999999,,
metacritic_8090,sales_7797,0.8999999999999999,,
metacritic_14518,sales_1895,0.9999999999999999,,
metacritic_20119,sales_1723,0.9999999999999999,,
metacritic_13361,sales_2193,0.9999999999999999,,
metacritic_15220,sales_4961,0.9999999999999999,,
metacritic_13435,sales_1828,0.9999999999999999,,
metacritic_11847,sales_4991,0.9999999999999999,,
metacritic_17805,sales_5014,0.9999999999999999,,
metacritic_16015,sales_4948,0.9999999999999999,,
metacritic_11931,sales_1056,0.9999999999999999,,
metacritic_509,sales_313,0.9999999999999999,,
metacritic_963,sales_6443,0.9999999999999999,,
metacritic_19595,sales_4060,0.9999999999999999,,
metacritic_19117,sales_5371,0.9999999999999999,,
metacritic_1468,sales_897,0.8999999999999999,,
metacritic_13262,sales_2738,0.9999999999999999,,
metacritic_5553,sales_1620,0.9999999999999999,,
metacritic_16748,sales_2022,0.9999999999999999,,
metacritic_2331,sales_3611,0.9999999999999999,,
metacritic_11071,sales_7376,0.9999999999999999,,
metacritic_122,sales_4233,0.9999999999999999,,
metacritic_20426,sales_856,0.9999999999999999,,
metacritic_7422,sales_1467,0.9999999999999999,,
metacritic_2953,sales_711,0.88,,
metacritic_9148,sales_1148,0.9999999999999999,,
metacritic_2690,sales_6237,0.9999999999999999,,
metacritic_16135,sales_5885,0.9999999999999999,,
metacritic_16632,sales_6692,0.8999999999999999,,
metacritic_420,sales_1427,0.9999999999999999,,
metacritic_19023,sales_7465,0.9999999999999999,,
metacritic_9022,sales_3575,0.9999999999999999,,
metacritic_1719,sales_4313,0.9999999999999999,,
metacritic_16579,sales_5908,0.9999999999999999,,
metacritic_18295,sales_545,0.9999999999999999,,
metacritic_18569,sales_4025,0.8999999999999999,,
metacritic_9855,sales_5487,0.9999999999999999,,
metacritic_10624,sales_6505,0.8999999999999999,,
metacritic_17602,sales_3664,0.9999999999999999,,
metacritic_2749,sales_670,0.8999999999999999,,
metacritic_3044,sales_2044,0.9999999999999999,,
metacritic_9944,sales_1073,0.9999999999999999,,
metacritic_17595,sales_6992,0.9999999999999999,,
metacritic_10439,sales_4157,0.9999999999999999,,
metacritic_16184,sales_4540,0.9999999999999999,,
metacritic_18326,sales_3856,0.9999999999999999,,
metacritic_17822,sales_1730,0.9999999999999999,,
metacritic_3458,sales_6238,0.9999999999999999,,
metacritic_8029,sales_4266,0.9999999999999999,,
metacritic_7627,sales_1561,0.9999999999999999,,
metacritic_18634,sales_6492,0.9999999999999999,,
metacritic_893,sales_3968,0.9999999999999999,,
metacritic_20359,sales_5265,0.9999999999999999,,
metacritic_10861,sales_735,0.9999999999999999,,
metacritic_12057,sales_1430,0.9999999999999999,,
metacritic_16475,sales_3599,0.9999999999999999,,
metacritic_13687,sales_3594,0.9999999999999999,,
metacritic_3614,sales_100,0.9999999999999999,,
metacritic_20455,sales_82,0.9999999999999999,,
metacritic_20111,sales_808,0.9999999999999999,,
metacritic_7432,sales_1099,0.9999999999999999,,
metacritic_14011,sales_4000,0.9999999999999999,,
metacritic_17606,sales_3725,0.9999999999999999,,
metacritic_16783,sales_4960,0.9999999999999999,,
metacritic_13138,sales_2854,0.9999999999999999,,
metacritic_7511,sales_7699,0.9999999999999999,,
metacritic_7470,sales_4678,0.9999999999999999,,
metacritic_868,sales_268,0.9999999999999999,,
metacritic_3236,sales_3433,0.9999999999999999,,
metacritic_1294,sales_5413,0.9999999999999999,,
metacritic_15206,sales_5279,0.9999999999999999,,
metacritic_20108,sales_7271,0.9999999999999999,,
metacritic_4479,sales_267,0.9999999999999999,,
metacritic_12603,sales_1724,0.9999999999999999,,
metacritic_4040,sales_1951,0.9999999999999999,,
metacritic_17342,sales_2375,0.9999999999999999,,
metacritic_17570,sales_3464,0.8999999999999999,,
metacritic_85,sales_819,0.9999999999999999,,
metacritic_14779,sales_1782,0.9999999999999999,,
metacritic_7296,sales_1503,0.9999999999999999,,
metacritic_10876,sales_3742,0.9999999999999999,,
metacritic_6943,sales_4944,0.8999999999999999,,
metacritic_5182,sales_6982,0.9999999999999999,,
metacritic_4307,sales_1957,0.9999999999999999,,
metacritic_1009,sales_629,0.9999999999999999,,
metacritic_16779,sales_5713,0.9999999999999999,,
metacritic_12230,sales_3331,0.9999999999999999,,
metacritic_3105,sales_4568,0.9999999999999999,,
metacritic_8864,sales_2908,0.9999999999999999,,
metacritic_16580,sales_2971,0.9999999999999999,,
metacritic_5056,sales_2314,0.9999999999999999,,
metacritic_5137,sales_2437,0.9999999999999999,,
metacritic_512,sales_2068,0.8999999999999999,,
metacritic_11767,sales_7318,0.9999999999999999,,
metacritic_15442,sales_6165,0.9999999999999999,,
metacritic_2910,sales_5032,0.9999999999999999,,
metacritic_5383,sales_6474,0.9999999999999999,,
metacritic_18967,sales_4394,0.9999999999999999,,
metacritic_18282,sales_5604,0.9999999999999999,,
metacritic_7129,sales_3851,0.9999999999999999,,
metacritic_8696,sales_4471,0.8999999999999999,,
metacritic_9729,sales_3548,0.9999999999999999,,
metacritic_17351,sales_3878,0.9999999999999999,,
metacritic_20357,sales_6364,0.9999999999999999,,
metacritic_17892,sales_3944,0.9999999999999999,,
metacritic_18915,sales_7080,0.9999999999999999,,
metacritic_18852,sales_4011,0.9999999999999999,,
metacritic_14478,sales_3254,0.9999999999999999,,
metacritic_17954,sales_3965,0.9999999999999999,,
metacritic_4903,sales_5625,0.9999999999999999,,
metacritic_2582,sales_6426,0.9999999999999999,,
metacritic_2333,sales_389,0.9999999999999999,,
metacritic_8226,sales_4719,0.9999999999999999,,
metacritic_13606,sales_5995,0.9999999999999999,,
metacritic_17737,sales_7708,0.8999999999999999,,
metacritic_10116,sales_5378,0.9999999999999999,,
metacritic_11837,sales_2247,0.9999999999999999,,
metacritic_1621,sales_818,0.8999999999999999,,
metacritic_4737,sales_914,0.9999999999999999,,
metacritic_6034,sales_4162,0.9999999999999999,,
metacritic_13988,sales_2317,0.9999999999999999,,
metacritic_5195,sales_6818,0.8999999999999999,,
metacritic_11748,sales_3943,0.9999999999999999,,
metacritic_18794,sales_2149,0.9999999999999999,,
metacritic_9947,sales_787,0.9999999999999999,,
metacritic_4081,sales_2197,0.9999999999999999,,
metacritic_7691,sales_5571,0.9999999999999999,,
metacritic_3431,sales_2388,0.9999999999999999,,
metacritic_19459,sales_5469,0.8999999999999999,,
metacritic_5308,sales_6887,0.9999999999999999,,
metacritic_2748,sales_5050,0.9999999999999999,,
metacritic_18839,sales_1742,0.9999999999999999,,
metacritic_7374,sales_6829,0.9999999999999999,,
metacritic_19532,sales_6056,0.8999999999999999,,
metacritic_2450,sales_6761,0.9999999999999999,,
metacritic_17446,sales_6852,0.9999999999999999,,
metacritic_5711,sales_7328,0.8999999999999999,,
metacritic_14588,sales_5629,0.9999999999999999,,
metacritic_19693,sales_6169,0.9999999999999999,,
metacritic_13498,sales_5074,0.8999999999999999,,
metacritic_16794,sales_3693,0.9999999999999999,,
metacritic_616,sales_7219,0.9999999999999999,,
metacritic_4821,sales_2456,0.9999999999999999,,
metacritic_19363,sales_5715,0.9999999999999999,,
metacritic_11066,sales_7783,0.9999999999999999,,
metacritic_6212,sales_6876,0.9999999999999999,,
metacritic_18859,sales_6139,0.9999999999999999,,
metacritic_32,sales_171,0.9999999999999999,,
metacritic_7896,sales_2723,0.9999999999999999,,
metacritic_3228,sales_1919,0.9999999999999999,,
metacritic_20463,sales_101,0.9999999999999999,,
metacritic_11461,sales_3990,0.9999999999999999,,
metacritic_7451,sales_1194,0.8999999999999999,,
metacritic_18041,sales_731,0.9999999999999999,,
metacritic_14867,sales_1558,0.9999999999999999,,
metacritic_3984,sales_3436,0.9999999999999999,,
metacritic_20404,sales_217,0.9999999999999999,,
metacritic_2573,sales_2205,0.9999999999999999,,
metacritic_1953,sales_3158,0.9999999999999999,,
metacritic_11621,sales_4609,0.9999999999999999,,
metacritic_20034,sales_6234,0.9999999999999999,,
metacritic_15600,sales_7642,0.9999999999999999,,
metacritic_1775,sales_2740,0.9999999999999999,,
metacritic_11872,sales_1989,0.9999999999999999,,
metacritic_11477,sales_5919,0.9999999999999999,,
metacritic_12180,sales_6032,0.9999999999999999,,
metacritic_124,sales_80,0.9999999999999999,,
metacritic_17720,sales_4777,0.9999999999999999,,
metacritic_20289,sales_2059,0.9999999999999999,,
metacritic_8220,sales_5824,0.9999999999999999,,
metacritic_9612,sales_1882,0.9999999999999999,,
metacritic_10229,sales_3560,0.9999999999999999,,
metacritic_6258,sales_5695,0.9999999999999999,,
metacritic_9473,sales_4974,0.9999999999999999,,
metacritic_19212,sales_6490,0.8999999999999999,,
metacritic_18329,sales_6599,0.9999999999999999,,
metacritic_19443,sales_7405,0.9999999999999999,,
metacritic_20279,sales_7246,0.8999999999999999,,
metacritic_79,sales_2067,0.9999999999999999,,
metacritic_18387,sales_6509,0.8999999999999999,,
metacritic_16945,sales_7462,0.9999999999999999,,
metacritic_6062,sales_3267,0.9999999999999999,,
metacritic_2354,sales_1594,0.9999999999999999,,
metacritic_9544,sales_7029,0.9999999999999999,,
metacritic_15619,sales_4665,0.8999999999999999,,
metacritic_20129,sales_6398,0.9999999999999999,,
metacritic_11513,sales_1949,0.9999999999999999,,
metacritic_13493,sales_3073,0.9999999999999999,,
metacritic_6383,sales_6109,0.9999999999999999,,
metacritic_20097,sales_4315,0.9999999999999999,,
metacritic_10379,sales_1666,0.9999999999999999,,
metacritic_2830,sales_4628,0.9999999999999999,,
metacritic_3394,sales_5882,0.9999999999999999,,
metacritic_198,sales_681,0.9999999999999999,,
metacritic_1642,sales_2381,0.9999999999999999,,
metacritic_3982,sales_368,0.9999999999999999,,
metacritic_1735,sales_3204,0.8999999999999999,,
metacritic_5592,sales_5047,0.9999999999999999,,
metacritic_14869,sales_7020,0.9999999999999999,,
metacritic_17045,sales_4639,0.9999999999999999,,
metacritic_16245,sales_5333,0.9999999999999999,,
metacritic_9987,sales_708,0.9999999999999999,,
metacritic_10475,sales_7151,0.9999999999999999,,
metacritic_17700,sales_1670,0.9999999999999999,,
metacritic_11782,sales_3460,0.9999999999999999,,
metacritic_18259,sales_7669,0.8999999999999999,,
metacritic_15488,sales_7397,0.9999999999999999,,
metacritic_10447,sales_1797,0.9999999999999999,,
metacritic_17176,sales_6423,0.9999999999999999,,
metacritic_14655,sales_1100,0.8,,
metacritic_689,sales_561,0.9999999999999999,,
metacritic_20069,sales_7494,0.9999999999999999,,
metacritic_696,sales_359,0.9999999999999999,,
metacritic_7920,sales_464,0.9999999999999999,,
metacritic_11728,sales_7092,0.9999999999999999,,
metacritic_1640,sales_2483,0.9999999999999999,,
metacritic_2093,sales_1122,0.8,,
metacritic_11009,sales_620,0.9999999999999999,,
metacritic_110,sales_547,0.9999999999999999,,
metacritic_17223,sales_3338,0.8999999999999999,,
metacritic_6601,sales_3386,0.9999999999999999,,
metacritic_17627,sales_5702,0.9999999999999999,,
metacritic_19904,sales_5969,0.9999999999999999,,
metacritic_19435,sales_5031,0.9999999999999999,,
metacritic_1249,sales_3229,0.8999999999999999,,
metacritic_369,sales_212,0.9999999999999999,,
metacritic_14910,sales_5003,0.8999999999999999,,
metacritic_6936,sales_3781,0.9999999999999999,,
metacritic_17732,sales_3703,0.9999999999999999,,
metacritic_13899,sales_6513,0.8999999999999999,,
metacritic_12863,sales_7117,0.9999999999999999,,
metacritic_6685,sales_3192,0.9999999999999999,,
metacritic_13414,sales_6090,0.9999999999999999,,
metacritic_7183,sales_1356,0.8999999999999999,,
metacritic_1548,sales_1203,0.9999999999999999,,
metacritic_12079,sales_2463,0.9999999999999999,,
metacritic_1325,sales_2700,0.9999999999999999,,
metacritic_16950,sales_1614,0.9999999999999999,,
metacritic_3026,sales_3475,0.8999999999999999,,
metacritic_17874,sales_2832,0.8999999999999999,,
metacritic_7502,sales_6146,0.8999999999999999,,
metacritic_18379,sales_2631,0.9999999999999999,,
metacritic_17014,sales_2937,0.9999999999999999,,
metacritic_534,sales_3814,0.9999999999999999,,
metacritic_19853,sales_7661,0.9999999999999999,,
metacritic_15837,sales_7276,0.9999999999999999,,
metacritic_17394,sales_3676,0.9999999999999999,,
metacritic_14336,sales_1893,0.9999999999999999,,
metacritic_12871,sales_7265,0.9999999999999999,,
metacritic_14990,sales_4602,0.8999999999999999,,
metacritic_19329,sales_7876,0.9999999999999999,,
metacritic_14931,sales_2702,0.9999999999999999,,
metacritic_4551,sales_6798,0.9999999999999999,,
metacritic_15797,sales_1257,0.9999999999999999,,
metacritic_1054,sales_350,0.9999999999999999,,
metacritic_13967,sales_7683,0.9999999999999999,,
metacritic_8648,sales_3773,0.9999999999999999,,
metacritic_13419,sales_4264,0.9999999999999999,,
metacritic_11005,sales_5795,0.8999999999999999,,
metacritic_10718,sales_4551,0.9999999999999999,,
metacritic_5984,sales_1170,0.9999999999999999,,
metacritic_610,sales_388,0.9999999999999999,,
metacritic_4786,sales_918,0.9999999999999999,,
metacritic_18837,sales_4546,0.9999999999999999,,
metacritic_3896,sales_1091,0.9999999999999999,,
metacritic_1992,sales_7342,0.8999999999999999,,
metacritic_1178,sales_2167,0.8999999999999999,,
metacritic_13974,sales_1778,0.9999999999999999,,
metacritic_12855,sales_3791,0.9999999999999999,,
metacritic_18064,sales_5218,0.9999999999999999,,
metacritic_262,sales_489,0.9999999999999999,,
metacritic_3529,sales_937,0.9999999999999999,,
metacritic_250,sales_113,0.9999999999999999,,
metacritic_10928,sales_6966,0.9999999999999999,,
metacritic_673,sales_997,0.9999999999999999,,
metacritic_7953,sales_6081,0.8999999999999999,,
metacritic_2647,sales_3994,0.9999999999999999,,
metacritic_14958,sales_7601,0.9999999999999999,,
metacritic_6935,sales_1439,0.9999999999999999,,
metacritic_266,sales_1856,0.9999999999999999,,
metacritic_1458,sales_843,0.9999999999999999,,
metacritic_7264,sales_1508,0.9999999999999999,,
metacritic_4059,sales_1192,0.9999999999999999,,
metacritic_11892,sales_2060,0.9999999999999999,,
metacritic_304,sales_7360,0.8999999999999999,,
metacritic_5484,sales_7630,0.9999999999999999,,
metacritic_4190,sales_362,0.9999999999999999,,
metacritic_2710,sales_5100,0.9999999999999999,,
metacritic_3132,sales_5731,0.9999999999999999,,
metacritic_87,sales_266,0.9999999999999999,,
metacritic_1730,sales_91,0.9999999999999999,,
metacritic_769,sales_3302,0.9999999999999999,,
metacritic_3721,sales_1431,0.9999999999999999,,
metacritic_1884,sales_1191,0.9999999999999999,,
metacritic_2528,sales_4701,0.9999999999999999,,
metacritic_9414,sales_6883,0.8999999999999999,,
metacritic_6206,sales_3470,0.9999999999999999,,
metacritic_14742,sales_5143,0.9999999999999999,,
metacritic_5547,sales_1523,0.9999999999999999,,
metacritic_3997,sales_473,0.9999999999999999,,
metacritic_16934,sales_6578,0.9999999999999999,,
metacritic_12941,sales_4861,0.9999999999999999,,
metacritic_19591,sales_6403,0.8999999999999999,,
metacritic_19771,sales_4714,0.9999999999999999,,
metacritic_275,sales_7811,0.9999999999999999,,
metacritic_9434,sales_2536,0.88,,
metacritic_8820,sales_5442,0.9999999999999999,,
metacritic_13283,sales_6874,0.9999999999999999,,
metacritic_18874,sales_1036,0.9999999999999999,,
metacritic_13420,sales_4586,0.9999999999999999,,
metacritic_19243,sales_4244,0.9999999999999999,,
metacritic_17541,sales_2697,0.9999999999999999,,
metacritic_13557,sales_6027,0.8999999999999999,,
metacritic_345,sales_3573,0.9999999999999999,,
metacritic_7435,sales_4603,0.9999999999999999,,
metacritic_16157,sales_4067,0.8999999999999999,,
metacritic_17940,sales_7779,0.9999999999999999,,
metacritic_12500,sales_2462,0.9999999999999999,,
metacritic_19828,sales_5860,0.8999999999999999,,
metacritic_17685,sales_4403,0.8999999999999999,,
metacritic_18929,sales_5620,0.9999999999999999,,
metacritic_6854,sales_2177,0.9999999999999999,,
metacritic_35,sales_380,0.9999999999999999,,
metacritic_18766,sales_7585,0.9999999999999999,,
metacritic_8916,sales_5125,0.9999999999999999,,
metacritic_11159,sales_2678,0.9999999999999999,,
metacritic_483,sales_2837,0.9999999999999999,,
metacritic_12181,sales_5432,0.9999999999999999,,
metacritic_11506,sales_3754,0.9999999999999999,,
metacritic_17649,sales_4821,0.9999999999999999,,
metacritic_15742,sales_673,0.9999999999999999,,
metacritic_10676,sales_1334,0.8999999999999999,,
metacritic_18314,sales_7231,0.9999999999999999,,
metacritic_15112,sales_6276,0.9999999999999999,,
metacritic_19645,sales_2236,0.9999999999999999,,
metacritic_10753,sales_4816,0.9999999999999999,,
metacritic_16382,sales_3708,0.9999999999999999,,
metacritic_15149,sales_3555,0.9999999999999999,,
metacritic_10469,sales_6014,0.8999999999999999,,
metacritic_1832,sales_532,0.9999999999999999,,
metacritic_1102,sales_4039,0.9999999999999999,,
metacritic_6204,sales_2389,0.9999999999999999,,
metacritic_15351,sales_331,0.8999999999999999,,
metacritic_2717,sales_2521,0.9999999999999999,,
metacritic_6437,sales_2859,0.9999999999999999,,
metacritic_5563,sales_433,0.9999999999999999,,
metacritic_14961,sales_6149,0.9999999999999999,,
metacritic_20460,sales_307,0.9999999999999999,,
metacritic_5644,sales_3735,0.9999999999999999,,
metacritic_2538,sales_3070,0.9999999999999999,,
metacritic_4457,sales_2009,0.9999999999999999,,
metacritic_3456,sales_837,0.9999999999999999,,
metacritic_3183,sales_2626,0.9999999999999999,,
metacritic_17637,sales_832,0.9999999999999999,,
metacritic_17038,sales_3162,0.9999999999999999,,
metacritic_7995,sales_1383,0.9999999999999999,,
metacritic_11505,sales_4857,0.9999999999999999,,
metacritic_14787,sales_4983,0.9999999999999999,,
metacritic_12790,sales_2720,0.9999999999999999,,
metacritic_10134,sales_5373,0.9999999999999999,,
metacritic_1664,sales_1071,0.9999999999999999,,
metacritic_17480,sales_5325,0.8999999999999999,,
metacritic_2926,sales_3948,0.9999999999999999,,
metacritic_13272,sales_6243,0.9999999999999999,,
metacritic_5181,sales_2619,0.9999999999999999,,
metacritic_2388,sales_7736,0.9999999999999999,,
metacritic_18736,sales_4317,0.9999999999999999,,
metacritic_16168,sales_7193,0.9999999999999999,,
metacritic_11875,sales_3231,0.9999999999999999,,
metacritic_19624,sales_1728,0.8999999999999999,,
metacritic_8015,sales_7733,0.9999999999999999,,
metacritic_4635,sales_3129,0.9999999999999999,,
metacritic_16958,sales_4415,0.9999999999999999,,
metacritic_8032,sales_4971,0.9999999999999999,,
metacritic_20462,sales_161,0.8999999999999999,,
metacritic_1176,sales_7694,0.9999999999999999,,
metacritic_10836,sales_4638,0.9999999999999999,,
metacritic_130,sales_3068,0.9999999999999999,,
metacritic_927,sales_2030,0.9999999999999999,,
metacritic_1140,sales_3592,0.9999999999999999,,
metacritic_17027,sales_6087,0.8999999999999999,,
metacritic_4045,sales_1922,0.9999999999999999,,
metacritic_17641,sales_2038,0.9999999999999999,,
metacritic_2040,sales_1687,0.9999999999999999,,
metacritic_19951,sales_5642,0.9999999999999999,,
metacritic_2735,sales_6590,0.8999999999999999,,
metacritic_18287,sales_6297,0.9999999999999999,,
metacritic_1795,sales_7555,0.9999999999999999,,
metacritic_4151,sales_3893,0.9999999999999999,,
metacritic_14845,sales_4049,0.9999999999999999,,
metacritic_15076,sales_2836,0.9999999999999999,,
metacritic_17438,sales_2558,0.9999999999999999,,
metacritic_13439,sales_6797,0.9999999999999999,,
metacritic_9666,sales_2810,0.9999999999999999,,
metacritic_11647,sales_948,0.8999999999999999,,
metacritic_231,sales_823,0.9999999999999999,,
metacritic_5787,sales_402,0.9999999999999999,,
metacritic_16715,sales_6848,0.8999999999999999,,
metacritic_2611,sales_2374,0.9999999999999999,,
metacritic_19123,sales_1875,0.9999999999999999,,
metacritic_450,sales_35,0.9999999999999999,,
metacritic_6578,sales_2985,0.9999999999999999,,
metacritic_8897,sales_3926,0.9999999999999999,,
metacritic_2446,sales_1413,0.9999999999999999,,
metacritic_2772,sales_292,0.8999999999999999,,
metacritic_15977,sales_5024,0.9999999999999999,,
metacritic_20109,sales_3008,0.82,,
metacritic_226,sales_962,0.9999999999999999,,
metacritic_635,sales_1374,0.9999999999999999,,
metacritic_19376,sales_1458,0.9999999999999999,,
metacritic_6331,sales_7471,0.9999999999999999,,
metacritic_12848,sales_3280,0.9999999999999999,,
metacritic_18838,sales_4103,0.8999999999999999,,
metacritic_19115,sales_3691,0.9999999999999999,,
metacritic_12556,sales_3682,0.9999999999999999,,
metacritic_353,sales_274,0.9999999999999999,,
metacritic_108,sales_582,0.9999999999999999,,
metacritic_1042,sales_1254,0.9999999999999999,,
metacritic_14226,sales_1205,0.9999999999999999,,
metacritic_17231,sales_4446,0.9999999999999999,,
metacritic_7742,sales_4841,0.8999999999999999,,
metacritic_9962,sales_5176,0.9999999999999999,,
metacritic_17697,sales_3913,0.9999999999999999,,
metacritic_14710,sales_7861,0.9999999999999999,,
metacritic_1265,sales_1953,0.9999999999999999,,
metacritic_183,sales_136,0.9999999999999999,,
metacritic_14721,sales_5196,0.9999999999999999,,
metacritic_19454,sales_3872,0.9999999999999999,,
metacritic_9173,sales_7415,0.9999999999999999,,
metacritic_11264,sales_3892,0.9999999999999999,,
metacritic_3473,sales_3048,0.8999999999999999,,
metacritic_16675,sales_5516,0.9999999999999999,,
metacritic_10546,sales_1800,0.9999999999999999,,
metacritic_7459,sales_1026,0.9999999999999999,,
metacritic_3489,sales_2541,0.9999999999999999,,
metacritic_335,sales_322,0.9999999999999999,,
metacritic_12830,sales_1135,0.9999999999999999,,
metacritic_1753,sales_1515,0.9999999999999999,,
metacritic_20183,sales_6775,0.9999999999999999,,
metacritic_16467,sales_4124,0.9999999999999999,,
metacritic_2370,sales_4942,0.9999999999999999,,
metacritic_6850,sales_7130,0.9999999999999999,,
metacritic_19606,sales_3689,0.9999999999999999,,
metacritic_547,sales_685,0.9999999999999999,,
metacritic_8126,sales_3264,0.9999999999999999,,
metacritic_536,sales_637,0.9999999999999999,,
metacritic_14307,sales_3707,0.9999999999999999,,
metacritic_736,sales_2094,0.9999999999999999,,
metacritic_18899,sales_2819,0.9999999999999999,,
metacritic_1599,sales_3565,0.8999999999999999,,
metacritic_5226,sales_886,0.9999999999999999,,
metacritic_5458,sales_2921,0.9999999999999999,,
metacritic_19359,sales_7361,0.9999999999999999,,
metacritic_18363,sales_5737,0.9999999999999999,,
metacritic_9330,sales_2839,0.9999999999999999,,
metacritic_18452,sales_5183,0.9999999999999999,,
metacritic_20490,sales_93,0.9999999999999999,,
metacritic_8352,sales_4412,0.9999999999999999,,
metacritic_1452,sales_279,0.9999999999999999,,
metacritic_5844,sales_7084,0.9999999999999999,,
metacritic_11834,sales_4270,0.9999999999999999,,
metacritic_17447,sales_2459,0.8999999999999999,,
metacritic_6544,sales_5867,0.9999999999999999,,
metacritic_10456,sales_4526,0.9999999999999999,,
metacritic_10744,sales_3009,0.9999999999999999,,
metacritic_17980,sales_7290,0.9999999999999999,,
metacritic_2272,sales_7105,0.9999999999999999,,
metacritic_527,sales_6388,0.9999999999999999,,
metacritic_20180,sales_4397,0.9999999999999999,,
metacritic_14765,sales_7755,0.9999999999999999,,
metacritic_16665,sales_6371,0.9999999999999999,,
metacritic_9954,sales_1579,0.9999999999999999,,
metacritic_16400,sales_6154,0.9999999999999999,,
metacritic_5949,sales_5223,0.9999999999999999,,
metacritic_13256,sales_2502,0.9999999999999999,,
metacritic_2943,sales_3959,0.9999999999999999,,
metacritic_12995,sales_3923,0.9999999999999999,,
metacritic_13176,sales_4771,0.9999999999999999,,
metacritic_8089,sales_4422,0.9999999999999999,,
metacritic_1643,sales_608,0.9999999999999999,,
metacritic_12424,sales_6189,0.9999999999999999,,
metacritic_15039,sales_6625,0.8999999999999999,,
metacritic_18074,sales_5685,0.9999999999999999,,
metacritic_14306,sales_4171,0.9999999999999999,,
metacritic_6609,sales_4987,0.9999999999999999,,
metacritic_12918,sales_2157,0.9999999999999999,,
metacritic_13750,sales_7671,0.9999999999999999,,
metacritic_4174,sales_6746,0.9999999999999999,,
metacritic_19041,sales_6702,0.9999999999999999,,
metacritic_301,sales_7240,0.8999999999999999,,
metacritic_9705,sales_4733,0.9999999999999999,,
metacritic_17644,sales_5367,0.8999999999999999,,
metacritic_3428,sales_5204,0.9999999999999999,,
metacritic_14785,sales_7203,0.9999999999999999,,
metacritic_14344,sales_2897,0.9999999999999999,,
metacritic_278,sales_3399,0.9999999999999999,,
metacritic_17713,sales_957,0.9999999999999999,,
metacritic_8137,sales_7474,0.82,,
metacritic_7051,sales_1201,0.9999999999999999,,
metacritic_4772,sales_5850,0.9999999999999999,,
metacritic_12803,sales_1000,0.9999999999999999,,
metacritic_19338,sales_7788,0.9999999999999999,,
metacritic_3227,sales_4125,0.8999999999999999,,
metacritic_1899,sales_1339,0.9999999999999999,,
metacritic_11823,sales_6420,0.9999999999999999,,
metacritic_5707,sales_1833,0.9999999999999999,,
metacritic_8595,sales_922,0.9999999999999999,,
metacritic_1579,sales_3906,0.9999999999999999,,
metacritic_5119,sales_3319,0.9999999999999999,,
metacritic_5243,sales_1288,0.9999999999999999,,
metacritic_182,sales_564,0.8999999999999999,,
metacritic_17127,sales_875,0.9999999999999999,,
metacritic_18272,sales_3550,0.9999999999999999,,
metacritic_16343,sales_6199,0.9999999999999999,,
metacritic_14058,sales_1950,0.9999999999999999,,
metacritic_4210,sales_4311,0.9999999999999999,,
metacritic_9521,sales_965,0.9999999999999999,,
metacritic_8303,sales_1010,0.8999999999999999,,
metacritic_12847,sales_2944,0.9999999999999999,,
metacritic_238,sales_185,0.9999999999999999,,
metacritic_7365,sales_7822,0.9999999999999999,,
metacritic_3932,sales_1154,0.9999999999999999,,
metacritic_10357,sales_2731,0.9999999999999999,,
metacritic_11387,sales_2083,0.9999999999999999,,
metacritic_19530,sales_7650,0.9999999999999999,,
metacritic_8680,sales_4889,0.9999999999999999,,
metacritic_2451,sales_2893,0.9999999999999999,,
metacritic_10085,sales_2406,0.9999999999999999,,
metacritic_11414,sales_6612,0.9999999999999999,,
metacritic_235,sales_7786,0.9999999999999999,,
metacritic_18204,sales_4953,0.9999999999999999,,
metacritic_20421,sales_99,0.9999999999999999,,
metacritic_7436,sales_4265,0.85,,
metacritic_10637,sales_2101,0.9999999999999999,,
metacritic_18202,sales_2593,0.9999999999999999,,
metacritic_13308,sales_1504,0.9999999999999999,,
metacritic_13571,sales_7041,0.8999999999999999,,
metacritic_3009,sales_2380,0.9999999999999999,,
metacritic_2730,sales_665,0.9999999999999999,,
metacritic_614,sales_915,0.9999999999999999,,
metacritic_13090,sales_2951,0.9999999999999999,,
metacritic_2781,sales_6521,0.9999999999999999,,
metacritic_8976,sales_1967,0.9999999999999999,,
metacritic_9616,sales_3881,0.9999999999999999,,
metacritic_20178,sales_4398,0.9999999999999999,,
metacritic_3772,sales_2818,0.9999999999999999,,
metacritic_16151,sales_2660,0.9999999999999999,,
metacritic_2674,sales_1417,0.9999999999999999,,
metacritic_14825,sales_917,0.9999999999999999,,
metacritic_18211,sales_2990,0.9999999999999999,,
metacritic_7263,sales_2261,0.8999999999999999,,
metacritic_2936,sales_7355,0.9999999999999999,,
metacritic_19058,sales_7179,0.8999999999999999,,
metacritic_20373,sales_5523,0.9999999999999999,,
metacritic_19979,sales_3024,0.9999999999999999,,
metacritic_8589,sales_3119,0.9999999999999999,,
metacritic_20343,sales_3230,0.9999999999999999,,
metacritic_20408,sales_309,0.9999999999999999,,
metacritic_9432,sales_7604,0.9999999999999999,,
metacritic_8770,sales_2322,0.9999999999999999,,
metacritic_17328,sales_3680,0.9999999999999999,,
metacritic_14085,sales_3393,0.9999999999999999,,
metacritic_8582,sales_2257,0.9999999999999999,,
metacritic_16310,sales_6778,0.9999999999999999,,
metacritic_7353,sales_882,0.9999999999999999,,
metacritic_7062,sales_2118,0.9999999999999999,,
metacritic_16877,sales_1995,0.9999999999999999,,
metacritic_15077,sales_5171,0.9999999999999999,,
metacritic_7416,sales_3312,0.9999999999999999,,
metacritic_4326,sales_2279,0.9999999999999999,,
metacritic_14051,sales_3489,0.9999999999999999,,
metacritic_9197,sales_1639,0.9999999999999999,,
metacritic_1721,sales_4082,0.9999999999999999,,
metacritic_3197,sales_1765,0.9999999999999999,,
metacritic_4716,sales_6095,0.9999999999999999,,
metacritic_7174,sales_2424,0.9999999999999999,,
metacritic_470,sales_426,0.9999999999999999,,
metacritic_8567,sales_4658,0.9999999999999999,,
metacritic_14851,sales_5277,0.9999999999999999,,
metacritic_4594,sales_979,0.9999999999999999,,
metacritic_4289,sales_2403,0.9999999999999999,,
metacritic_12255,sales_6401,0.9999999999999999,,
metacritic_18494,sales_6220,0.9999999999999999,,
metacritic_519,sales_2128,0.9999999999999999,,
metacritic_6440,sales_1764,0.9999999999999999,,
metacritic_20251,sales_7588,0.9999999999999999,,
metacritic_6632,sales_2957,0.8999999999999999,,
metacritic_11318,sales_1495,0.9999999999999999,,
metacritic_13879,sales_6091,0.9999999999999999,,
metacritic_14197,sales_7061,0.9999999999999999,,
metacritic_13304,sales_5531,0.8999999999999999,,
metacritic_11658,sales_618,0.9999999999999999,,
metacritic_389,sales_238,0.9999999999999999,,
metacritic_11538,sales_5913,0.9999999999999999,,
metacritic_296,sales_1629,0.9999999999999999,,
metacritic_1144,sales_691,0.9999999999999999,,
metacritic_937,sales_1557,0.9999999999999999,,
metacritic_19228,sales_3925,0.8999999999999999,,
metacritic_5748,sales_1425,0.9999999999999999,,
metacritic_14351,sales_3106,0.9999999999999999,,
metacritic_10459,sales_3102,0.9999999999999999,,
metacritic_18798,sales_1109,0.9999999999999999,,
metacritic_7106,sales_751,0.9999999999999999,,
metacritic_5849,sales_7853,0.9999999999999999,,
metacritic_864,sales_61,0.9999999999999999,,
metacritic_12349,sales_5111,0.8999999999999999,,
metacritic_15809,sales_6975,0.9999999999999999,,
metacritic_16855,sales_2159,0.9999999999999999,,
metacritic_2301,sales_1247,0.9999999999999999,,
metacritic_17491,sales_2026,0.9999999999999999,,
metacritic_20141,sales_6831,0.9999999999999999,,
metacritic_18649,sales_6677,0.9999999999999999,,
metacritic_3488,sales_431,0.9999999999999999,,
metacritic_14188,sales_7706,0.9999999999999999,,
metacritic_15723,sales_5964,0.9999999999999999,,
metacritic_18078,sales_5636,0.9999999999999999,,
metacritic_8968,sales_1940,0.9999999999999999,,
metacritic_1875,sales_1384,0.9999999999999999,,
metacritic_2576,sales_351,0.9999999999999999,,
metacritic_15,sales_194,0.9999999999999999,,
metacritic_10926,sales_6962,0.9999999999999999,,
metacritic_13254,sales_5559,0.9999999999999999,,
metacritic_7635,sales_271,0.9999999999999999,,
metacritic_17289,sales_5416,0.9999999999999999,,
metacritic_2271,sales_6996,0.9999999999999999,,
metacritic_16054,sales_3969,0.9999999999999999,,
metacritic_514,sales_2396,0.9999999999999999,,
metacritic_12018,sales_5662,0.8285714285714285,,
metacritic_17353,sales_5668,0.9999999999999999,,
metacritic_9949,sales_4113,0.9999999999999999,,
metacritic_4387,sales_920,0.9999999999999999,,
metacritic_17461,sales_3033,0.9999999999999999,,
metacritic_4337,sales_5946,0.9999999999999999,,
metacritic_18384,sales_4703,0.9999999999999999,,
metacritic_15078,sales_7210,0.9999999999999999,,
metacritic_8515,sales_3425,0.9999999999999999,,
metacritic_18951,sales_4242,0.9999999999999999,,
metacritic_6524,sales_1881,0.8999999999999999,,
metacritic_9123,sales_6825,0.9999999999999999,,
metacritic_831,sales_596,0.9999999999999999,,
metacritic_4769,sales_663,0.9999999999999999,,
metacritic_16309,sales_4685,0.8999999999999999,,
metacritic_8821,sales_7782,0.9999999999999999,,
metacritic_17745,sales_7717,0.8999999999999999,,
metacritic_3518,sales_7379,0.9999999999999999,,
metacritic_19831,sales_6140,0.9999999999999999,,
metacritic_19177,sales_3449,0.9999999999999999,,
metacritic_13560,sales_4014,0.9999999999999999,,
metacritic_4159,sales_1727,0.9999999999999999,,
metacritic_5932,sales_4973,0.9999999999999999,,
metacritic_947,sales_324,0.9999999999999999,,
metacritic_12313,sales_2669,0.9999999999999999,,
metacritic_2347,sales_263,0.9999999999999999,,
metacritic_13374,sales_2318,0.9999999999999999,,
metacritic_12795,sales_5951,0.8999999999999999,,
metacritic_3707,sales_2853,0.9999999999999999,,
metacritic_18603,sales_2472,0.9999999999999999,,
metacritic_430,sales_356,0.9999999999999999,,
metacritic_7054,sales_4553,0.9999999999999999,,
metacritic_19432,sales_3805,0.9999999999999999,,
metacritic_19308,sales_6898,0.9999999999999999,,
metacritic_2114,sales_3822,0.9999999999999999,,
metacritic_17104,sales_7346,0.8999999999999999,,
metacritic_18814,sales_3441,0.9999999999999999,,
metacritic_2329,sales_1217,0.9999999999999999,,
metacritic_6727,sales_4177,0.9999999999999999,,
metacritic_14916,sales_3448,0.9999999999999999,,
metacritic_2063,sales_3200,0.9999999999999999,,
metacritic_4195,sales_1716,0.9999999999999999,,
metacritic_13511,sales_7383,0.9999999999999999,,
metacritic_14025,sales_4310,0.9999999999999999,,
metacritic_19601,sales_5960,0.9999999999999999,,
metacritic_18594,sales_6766,0.9999999999999999,,
metacritic_7204,sales_1107,0.9999999999999999,,
metacritic_4985,sales_3382,0.9999999999999999,,
metacritic_13251,sales_2719,0.9999999999999999,,
metacritic_14581,sales_5123,0.9999999999999999,,
metacritic_19478,sales_5465,0.9999999999999999,,
metacritic_2385,sales_3342,0.9999999999999999,,
metacritic_17190,sales_4750,0.8999999999999999,,
metacritic_11441,sales_2278,0.9999999999999999,,
metacritic_12661,sales_7025,0.8999999999999999,,
metacritic_5785,sales_3019,0.9999999999999999,,
metacritic_6171,sales_672,0.9999999999999999,,
metacritic_1434,sales_3339,0.9999999999999999,,
metacritic_4079,sales_845,0.9999999999999999,,
metacritic_5634,sales_774,0.9999999999999999,,
metacritic_3119,sales_2605,0.9999999999999999,,
metacritic_16819,sales_7877,0.9999999999999999,,
metacritic_3023,sales_3164,0.9999999999999999,,
metacritic_324,sales_4718,0.9999999999999999,,
metacritic_15540,sales_3016,0.9999999999999999,,
metacritic_8241,sales_2520,0.9999999999999999,,
metacritic_14834,sales_1962,0.9999999999999999,,
metacritic_15251,sales_4812,0.9999999999999999,,
metacritic_19513,sales_4056,0.9999999999999999,,
metacritic_3075,sales_577,0.8,,
metacritic_15362,sales_7348,0.8999999999999999,,
metacritic_11308,sales_4735,0.9999999999999999,,
metacritic_9626,sales_1291,0.9999999999999999,,
metacritic_6191,sales_7517,0.8999999999999999,,
metacritic_12508,sales_1070,0.9999999999999999,,
metacritic_18820,sales_6203,0.9999999999999999,,
metacritic_20174,sales_2581,0.9999999999999999,,
metacritic_3237,sales_2178,0.9999999999999999,,
metacritic_8087,sales_6467,0.9999999999999999,,
metacritic_5353,sales_2330,0.9999999999999999,,
metacritic_4626,sales_5094,0.9999999999999999,,
metacritic_3893,sales_2879,0.9999999999999999,,
metacritic_18291,sales_3711,0.9999999999999999,,
metacritic_17721,sales_6294,0.9999999999999999,,
metacritic_18353,sales_675,0.9999999999999999,,
metacritic_18722,sales_3443,0.8999999999999999,,
metacritic_9564,sales_1232,0.9999999999999999,,
metacritic_1684,sales_1699,0.8285714285714285,,
metacritic_19014,sales_5039,0.9999999999999999,,
metacritic_5097,sales_5154,0.9999999999999999,,
metacritic_13744,sales_7873,0.9999999999999999,,
metacritic_5668,sales_896,0.9999999999999999,,
metacritic_16150,sales_5759,0.9999999999999999,,
metacritic_12495,sales_4497,0.9999999999999999,,
metacritic_1950,sales_67,0.9999999999999999,,
metacritic_12957,sales_734,0.9999999999999999,,
metacritic_12951,sales_7216,0.9999999999999999,,
metacritic_17561,sales_1567,0.88,,
metacritic_2116,sales_2310,0.9999999999999999,,
metacritic_10215,sales_952,0.9999999999999999,,
metacritic_14606,sales_7110,0.8999999999999999,,
metacritic_790,sales_797,0.9999999999999999,,
metacritic_13781,sales_7747,0.8999999999999999,,
metacritic_1215,sales_6970,0.9999999999999999,,
metacritic_6561,sales_5714,0.9999999999999999,,
metacritic_992,sales_108,0.8999999999999999,,
metacritic_13784,sales_5727,0.9999999999999999,,
metacritic_17742,sales_3723,0.9999999999999999,,
metacritic_2905,sales_365,0.9999999999999999,,
metacritic_4799,sales_1318,0.9999999999999999,,
metacritic_4361,sales_750,0.8999999999999999,,
metacritic_18247,sales_4139,0.9999999999999999,,
metacritic_4381,sales_492,0.9999999999999999,,
metacritic_13658,sales_4428,0.9999999999999999,,
metacritic_8026,sales_3294,0.8999999999999999,,
metacritic_13060,sales_4337,0.9999999999999999,,
metacritic_7948,sales_2275,0.9999999999999999,,
metacritic_11365,sales_5467,0.9999999999999999,,
metacritic_16800,sales_4958,0.85,,
metacritic_10577,sales_2575,0.9999999999999999,,
metacritic_1704,sales_3453,0.9999999999999999,,
metacritic_4154,sales_6937,0.9999999999999999,,
metacritic_14520,sales_4074,0.9999999999999999,,
metacritic_12125,sales_6124,0.9999999999999999,,
metacritic_4371,sales_203,0.9999999999999999,,
metacritic_14178,sales_4503,0.9999999999999999,,
metacritic_1737,sales_848,0.9999999999999999,,
metacritic_16496,sales_7778,0.8999999999999999,,
metacritic_55,sales_960,0.9999999999999999,,
metacritic_14602,sales_6575,0.9999999999999999,,
metacritic_18035,sales_2494,0.9999999999999999,,
metacritic_10290,sales_4616,0.8999999999999999,,
metacritic_1911,sales_2566,0.9999999999999999,,
metacritic_9211,sales_2735,0.9999999999999999,,
metacritic_18108,sales_5852,0.8999999999999999,,
metacritic_1543,sales_1282,0.9999999999999999,,
metacritic_5294,sales_705,0.9999999999999999,,
metacritic_19122,sales_2690,0.9999999999999999,,
metacritic_9055,sales_7039,0.8999999999999999,,
metacritic_14364,sales_5052,0.8999999999999999,,
metacritic_14652,sales_3123,0.9999999999999999,,
metacritic_15613,sales_6075,0.9999999999999999,,
metacritic_15541,sales_4399,0.9999999999999999,,
metacritic_19420,sales_6029,0.9999999999999999,,
metacritic_2585,sales_1516,0.9999999999999999,,
metacritic_7839,sales_926,0.9999999999999999,,
metacritic_819,sales_5650,0.9999999999999999,,
metacritic_613,sales_2537,0.9999999999999999,,
metacritic_2578,sales_3336,0.9999999999999999,,
metacritic_3249,sales_237,0.9999999999999999,,
metacritic_19698,sales_2880,0.9999999999999999,,
metacritic_11117,sales_1596,0.8999999999999999,,
metacritic_17397,sales_3590,0.9999999999999999,,
metacritic_2831,sales_643,0.8999999999999999,,
metacritic_14974,sales_5344,0.9999999999999999,,
metacritic_16296,sales_1142,0.9999999999999999,,
metacritic_11925,sales_3274,0.9999999999999999,,
metacritic_17300,sales_6947,0.9999999999999999,,
metacritic_3370,sales_4123,0.9999999999999999,,
metacritic_19330,sales_7351,0.9999999999999999,,
metacritic_11257,sales_1066,0.9999999999999999,,
metacritic_20011,sales_7537,0.8999999999999999,,
metacritic_3522,sales_4741,0.9999999999999999,,
metacritic_11680,sales_1181,0.9999999999999999,,
metacritic_18913,sales_6120,0.9999999999999999,,
metacritic_2345,sales_5876,0.9999999999999999,,
metacritic_2738,sales_262,0.9999999999999999,,
metacritic_11862,sales_4681,0.9999999999999999,,
metacritic_17433,sales_7160,0.9999999999999999,,
metacritic_16091,sales_5309,0.9999999999999999,,
metacritic_4456,sales_2793,0.9999999999999999,,
metacritic_4396,sales_3447,0.9999999999999999,,
metacritic_3065,sales_6155,0.9999999999999999,,
metacritic_14625,sales_1696,0.9999999999999999,,
metacritic_18881,sales_5278,0.9999999999999999,,
metacritic_3462,sales_1612,0.9999999999999999,,
metacritic_86,sales_79,0.9999999999999999,,
metacritic_152,sales_104,0.9999999999999999,,
metacritic_4125,sales_880,0.9999999999999999,,
metacritic_3751,sales_2046,0.9999999999999999,,
metacritic_4390,sales_7287,0.9999999999999999,,
metacritic_4181,sales_967,0.9999999999999999,,
metacritic_1273,sales_6993,0.9999999999999999,,
metacritic_5107,sales_1178,0.8999999999999999,,
metacritic_13644,sales_2704,0.9999999999999999,,
metacritic_4719,sales_137,0.9999999999999999,,
metacritic_15532,sales_1968,0.9999999999999999,,
metacritic_18787,sales_5990,0.8999999999999999,,
metacritic_15083,sales_802,0.9999999999999999,,
metacritic_19500,sales_4698,0.9999999999999999,,
metacritic_5589,sales_1423,0.9999999999999999,,
metacritic_16915,sales_2515,0.9999999999999999,,
metacritic_543,sales_207,0.9999999999999999,,
metacritic_1226,sales_4748,0.9999999999999999,,
metacritic_20110,sales_3051,0.9999999999999999,,
metacritic_2618,sales_6675,0.8999999999999999,,
metacritic_19926,sales_3376,0.9999999999999999,,
metacritic_15061,sales_3269,0.9999999999999999,,
metacritic_1410,sales_2512,0.9999999999999999,,
metacritic_18882,sales_5901,0.9999999999999999,,
metacritic_18187,sales_7335,0.9999999999999999,,
metacritic_20363,sales_422,0.9999999999999999,,
metacritic_11878,sales_2751,0.9999999999999999,,
metacritic_12254,sales_4061,0.9999999999999999,,
metacritic_14962,sales_6394,0.9999999999999999,,
metacritic_12192,sales_7332,0.9999999999999999,,
metacritic_19220,sales_3077,0.9999999999999999,,
metacritic_2185,sales_5971,0.9999999999999999,,
metacritic_2372,sales_3037,0.85,,
metacritic_3496,sales_3825,0.9999999999999999,,
metacritic_5719,sales_4164,0.9999999999999999,,
metacritic_3761,sales_940,0.8285714285714285,,
metacritic_1409,sales_5090,0.9999999999999999,,
metacritic_14299,sales_5767,0.9999999999999999,,
metacritic_10955,sales_5529,0.9999999999999999,,
metacritic_3225,sales_420,0.9999999999999999,,
metacritic_6874,sales_3883,0.9999999999999999,,
metacritic_12877,sales_6983,0.9999999999999999,,
metacritic_16718,sales_1396,0.9999999999999999,,
metacritic_15534,sales_5193,0.9999999999999999,,
metacritic_347,sales_2623,0.9999999999999999,,
metacritic_16961,sales_1654,0.9999999999999999,,
metacritic_10551,sales_6963,0.9999999999999999,,
metacritic_17484,sales_4159,0.9999999999999999,,
metacritic_8850,sales_398,0.9999999999999999,,
metacritic_5307,sales_6952,0.9999999999999999,,
metacritic_20176,sales_7256,0.9999999999999999,,
metacritic_7934,sales_2500,0.9999999999999999,,
metacritic_13990,sales_6324,0.9999999999999999,,
metacritic_14230,sales_7764,0.9999999999999999,,
metacritic_13721,sales_6375,0.9999999999999999,,
metacritic_15167,sales_565,0.9999999999999999,,
metacritic_703,sales_7667,0.9999999999999999,,
metacritic_6095,sales_3772,0.9999999999999999,,
metacritic_20356,sales_7459,0.9999999999999999,,
metacritic_1853,sales_26,0.9999999999999999,,
metacritic_6594,sales_516,0.9999999999999999,,
metacritic_15633,sales_7751,0.9999999999999999,,
metacritic_1080,sales_1745,0.9999999999999999,,
metacritic_6582,sales_4029,0.9999999999999999,,
metacritic_15231,sales_4381,0.9999999999999999,,
metacritic_504,sales_1906,0.9999999999999999,,
metacritic_10952,sales_4493,0.8999999999999999,,
metacritic_4549,sales_7482,0.9999999999999999,,
metacritic_12965,sales_4832,0.9999999999999999,,
metacritic_19781,sales_6391,0.9999999999999999,,
metacritic_264,sales_863,0.9999999999999999,,
metacritic_13664,sales_5664,0.9999999999999999,,
metacritic_8410,sales_6077,0.9999999999999999,,
metacritic_489,sales_1220,0.9999999999999999,,
metacritic_8578,sales_3937,0.9999999999999999,,
metacritic_6033,sales_7508,0.9999999999999999,,
metacritic_3778,sales_4682,0.9999999999999999,,
metacritic_11153,sales_6684,0.9999999999999999,,
metacritic_6699,sales_2461,0.9999999999999999,,
metacritic_354,sales_513,0.9999999999999999,,
metacritic_9417,sales_5570,0.9999999999999999,,
metacritic_14906,sales_3634,0.9999999999999999,,
metacritic_5529,sales_259,0.9999999999999999,,
metacritic_9327,sales_7429,0.9999999999999999,,
metacritic_3447,sales_6478,0.8999999999999999,,
metacritic_3331,sales_6707,0.9999999999999999,,
metacritic_19277,sales_3195,0.9999999999999999,,
metacritic_15512,sales_6531,0.9999999999999999,,
metacritic_18521,sales_2655,0.9999999999999999,,
metacritic_17465,sales_7334,0.9999999999999999,,
metacritic_7206,sales_3543,0.9999999999999999,,
metacritic_2310,sales_200,0.9999999999999999,,
metacritic_15056,sales_5241,0.9999999999999999,,
metacritic_13578,sales_6446,0.9999999999999999,,
metacritic_2788,sales_923,0.9999999999999999,,
metacritic_2845,sales_4976,0.9999999999999999,,
metacritic_1595,sales_1605,0.9999999999999999,,
metacritic_1350,sales_2980,0.9999999999999999,,
metacritic_2308,sales_7255,0.9999999999999999,,
metacritic_7036,sales_6162,0.8999999999999999,,
metacritic_19008,sales_5635,0.9999999999999999,,
metacritic_16512,sales_5334,0.9999999999999999,,
metacritic_5004,sales_5820,0.9999999999999999,,
metacritic_8550,sales_1653,0.9999999999999999,,
metacritic_14184,sales_2580,0.9999999999999999,,
metacritic_9373,sales_3867,0.9999999999999999,,
metacritic_20177,sales_6424,0.9999999999999999,,
metacritic_19433,sales_2088,0.9999999999999999,,
metacritic_2828,sales_1835,0.9999999999999999,,
metacritic_1707,sales_6040,0.8999999999999999,,
metacritic_4503,sales_1053,0.9999999999999999,,
metacritic_8766,sales_2041,0.9999999999999999,,
metacritic_2994,sales_4521,0.9999999999999999,,
metacritic_1406,sales_916,0.9,,
metacritic_11536,sales_6013,0.9999999999999999,,
metacritic_18492,sales_2010,0.9999999999999999,,
metacritic_16845,sales_4271,0.9999999999999999,,
metacritic_3000,sales_3993,0.8999999999999999,,
metacritic_1398,sales_5481,0.9999999999999999,,
metacritic_12639,sales_5303,0.9999999999999999,,
metacritic_7731,sales_7298,0.8999999999999999,,
metacritic_7878,sales_4627,0.8999999999999999,,
metacritic_8092,sales_6389,0.9999999999999999,,
metacritic_45,sales_1842,0.9999999999999999,,
metacritic_7628,sales_654,0.9999999999999999,,
metacritic_19142,sales_7645,0.9999999999999999,,
metacritic_4806,sales_190,0.9999999999999999,,
metacritic_16723,sales_5112,0.9999999999999999,,
metacritic_735,sales_1988,0.9999999999999999,,
metacritic_15997,sales_2491,0.8999999999999999,,
metacritic_6138,sales_7352,0.8999999999999999,,
metacritic_4440,sales_1773,0.8999999999999999,,
metacritic_17625,sales_5830,0.9999999999999999,,
metacritic_573,sales_1268,0.9999999999999999,,
metacritic_19546,sales_4040,0.9999999999999999,,
metacritic_19686,sales_2817,0.8999999999999999,,
metacritic_7703,sales_2907,0.9999999999999999,,
metacritic_16116,sales_7341,0.9999999999999999,,
metacritic_19988,sales_7485,0.8999999999999999,,
metacritic_17984,sales_7408,0.9999999999999999,,
metacritic_7553,sales_7314,0.8999999999999999,,
metacritic_19806,sales_7322,0.9999999999999999,,
metacritic_9292,sales_2453,0.9999999999999999,,
metacritic_14436,sales_3582,0.8999999999999999,,
metacritic_19917,sales_6700,0.9999999999999999,,
metacritic_8061,sales_653,0.8999999999999999,,
metacritic_1566,sales_2329,0.9999999999999999,,
metacritic_13142,sales_1141,0.9999999999999999,,
metacritic_7118,sales_3534,0.8999999999999999,,
metacritic_16373,sales_4570,0.9999999999999999,,
metacritic_9682,sales_3313,0.9999999999999999,,
metacritic_3589,sales_4552,0.9999999999999999,,
metacritic_12593,sales_1763,0.9999999999999999,,
metacritic_20052,sales_5054,0.8999999999999999,,
metacritic_75,sales_709,0.9999999999999999,,
metacritic_5395,sales_1883,0.9999999999999999,,
metacritic_2087,sales_1623,0.9999999999999999,,
metacritic_8106,sales_2932,0.9999999999999999,,
metacritic_6399,sales_3696,0.9999999999999999,,
metacritic_5608,sales_5899,0.9999999999999999,,
metacritic_18763,sales_6739,0.9999999999999999,,
metacritic_20473,sales_12,0.9999999999999999,,
metacritic_17762,sales_7547,0.9999999999999999,,
metacritic_10774,sales_2528,0.9999999999999999,,
metacritic_2863,sales_1578,0.9999999999999999,,
metacritic_14712,sales_5148,0.9999999999999999,,
metacritic_19507,sales_7375,0.8999999999999999,,
metacritic_18726,sales_5684,0.9999999999999999,,
metacritic_12259,sales_3639,0.9999999999999999,,
metacritic_7940,sales_4291,0.9999999999999999,,
metacritic_8579,sales_5207,0.9999999999999999,,
metacritic_9427,sales_5784,0.9999999999999999,,
metacritic_13310,sales_5777,0.9999999999999999,,
metacritic_7090,sales_5205,0.9999999999999999,,
metacritic_7348,sales_2305,0.9999999999999999,,
metacritic_3769,sales_1389,0.9999999999999999,,
metacritic_12890,sales_900,0.9999999999999999,,
metacritic_13915,sales_2091,0.9999999999999999,,
metacritic_5856,sales_392,0.9999999999999999,,
metacritic_11180,sales_4440,0.9999999999999999,,
metacritic_19279,sales_4488,0.8999999999999999,,
metacritic_13909,sales_7843,0.9999999999999999,,
metacritic_17184,sales_1462,0.9999999999999999,,
metacritic_16747,sales_3595,0.9999999999999999,,
metacritic_19659,sales_6092,0.9999999999999999,,
metacritic_4631,sales_393,0.9999999999999999,,
metacritic_4896,sales_631,0.9999999999999999,,
metacritic_10888,sales_4767,0.9999999999999999,,
metacritic_15408,sales_7860,0.9999999999999999,,
metacritic_20419,sales_3007,0.9999999999999999,,
metacritic_15355,sales_3437,0.9999999999999999,,
metacritic_5655,sales_5165,0.9999999999999999,,
metacritic_15955,sales_5162,0.8999999999999999,,
metacritic_17311,sales_7409,0.9999999999999999,,
metacritic_8306,sales_2787,0.8999999999999999,,
metacritic_7,sales_48,0.9999999999999999,,
metacritic_19245,sales_7862,0.9999999999999999,,
metacritic_17114,sales_4075,0.9999999999999999,,
metacritic_8580,sales_1096,0.9999999999999999,,
metacritic_8784,sales_5551,0.9999999999999999,,
metacritic_1993,sales_329,0.9999999999999999,,
metacritic_15440,sales_2289,0.9999999999999999,,
metacritic_14826,sales_5302,0.8999999999999999,,
metacritic_12705,sales_7568,0.9999999999999999,,
metacritic_16781,sales_3291,0.9999999999999999,,
metacritic_10813,sales_3189,0.9999999999999999,,
metacritic_19068,sales_5574,0.9999999999999999,,
metacritic_1537,sales_5980,0.9999999999999999,,
metacritic_11821,sales_2750,0.9999999999999999,,
metacritic_9007,sales_4119,0.9999999999999999,,
metacritic_254,sales_1224,0.9999999999999999,,
metacritic_19345,sales_7248,0.9999999999999999,,
metacritic_11712,sales_6336,0.9999999999999999,,
metacritic_5863,sales_2447,0.9999999999999999,,
metacritic_17690,sales_650,0.8999999999999999,,
metacritic_8312,sales_7414,0.9999999999999999,,
metacritic_7694,sales_5841,0.9999999999999999,,
metacritic_1435,sales_7417,0.9999999999999999,,
metacritic_13834,sales_235,0.9999999999999999,,
metacritic_2609,sales_7019,0.8999999999999999,,
metacritic_15720,sales_1449,0.9999999999999999,,
metacritic_17553,sales_3180,0.9999999999999999,,
metacritic_11400,sales_2081,0.9999999999999999,,
metacritic_5224,sales_2451,0.9999999999999999,,
metacritic_19116,sales_5410,0.9999999999999999,,
metacritic_17630,sales_4904,0.9999999999999999,,
metacritic_13454,sales_4792,0.9999999999999999,,
metacritic_58,sales_199,0.9999999999999999,,
metacritic_14597,sales_4272,0.9999999999999999,,
metacritic_5465,sales_1125,0.9999999999999999,,
metacritic_16816,sales_1399,0.9999999999999999,,
metacritic_13009,sales_4663,0.9999999999999999,,
metacritic_6698,sales_7559,0.9999999999999999,,
metacritic_4006,sales_5781,0.8999999999999999,,
metacritic_15737,sales_5498,0.9999999999999999,,
metacritic_13628,sales_7615,0.9999999999999999,,
metacritic_237,sales_2239,0.9999999999999999,,
metacritic_13583,sales_707,0.9999999999999999,,
metacritic_9122,sales_1214,0.9999999999999999,,
metacritic_6781,sales_4964,0.9999999999999999,,
metacritic_7727,sales_3784,0.9999999999999999,,
metacritic_20077,sales_5889,0.9999999999999999,,
metacritic_6795,sales_5338,0.8999999999999999,,
metacritic_15208,sales_6960,0.9999999999999999,,
metacritic_4596,sales_2805,0.9999999999999999,,
metacritic_18170,sales_5983,0.9999999999999999,,
metacritic_11363,sales_261,0.9999999999999999,,
metacritic_12770,sales_2559,0.9999999999999999,,
metacritic_16286,sales_5575,0.9999999999999999,,
metacritic_13944,sales_7752,0.9999999999999999,,
metacritic_13570,sales_5104,0.88,,
metacritic_1327,sales_3174,0.9999999999999999,,
metacritic_11768,sales_6178,0.8999999999999999,,
metacritic_8458,sales_6330,0.8999999999999999,,
metacritic_19461,sales_2469,0.8999999999999999,,
metacritic_156,sales_2838,0.9999999999999999,,
metacritic_11496,sales_6824,0.9999999999999999,,
metacritic_8880,sales_2804,0.9999999999999999,,
metacritic_16534,sales_7377,0.9999999999999999,,
metacritic_4616,sales_4340,0.9999999999999999,,
metacritic_15627,sales_3075,0.9999999999999999,,
metacritic_15002,sales_3124,0.9999999999999999,,
metacritic_1852,sales_2210,0.9999999999999999,,
metacritic_438,sales_1244,0.9999999999999999,,
metacritic_11317,sales_7687,0.9999999999999999,,
metacritic_5630,sales_5161,0.9999999999999999,,
metacritic_15647,sales_7442,0.9999999999999999,,
metacritic_10653,sales_6138,0.9999999999999999,,
metacritic_5007,sales_584,0.9999999999999999,,
metacritic_5105,sales_793,0.9999999999999999,,
metacritic_850,sales_2845,0.9999999999999999,,
metacritic_17320,sales_7258,0.8999999999999999,,
metacritic_18924,sales_6860,0.9999999999999999,,
metacritic_33,sales_4847,0.9999999999999999,,
metacritic_1066,sales_517,0.9999999999999999,,
metacritic_20341,sales_5600,0.9999999999999999,,
metacritic_5131,sales_6567,0.9999999999999999,,
metacritic_17350,sales_3297,0.9249999999999999,,
metacritic_14460,sales_4876,0.9999999999999999,,
metacritic_1048,sales_1849,0.9999999999999999,,
metacritic_5252,sales_5757,0.9999999999999999,,
metacritic_203,sales_3665,0.8999999999999999,,
metacritic_9996,sales_4068,0.9999999999999999,,
metacritic_11253,sales_2871,0.9999999999999999,,
metacritic_3041,sales_5768,0.8999999999999999,,
metacritic_20372,sales_6855,0.9999999999999999,,
metacritic_13789,sales_2286,0.9999999999999999,,
metacritic_20235,sales_6194,0.9999999999999999,,
metacritic_17876,sales_2997,0.9999999999999999,,
metacritic_18312,sales_4321,0.9999999999999999,,
metacritic_11197,sales_6007,0.9999999999999999,,
metacritic_7386,sales_4072,0.9999999999999999,,
metacritic_18487,sales_5160,0.9999999999999999,,
metacritic_13076,sales_4854,0.9999999999999999,,
metacritic_5953,sales_6408,0.9999999999999999,,
metacritic_3881,sales_4694,0.9999999999999999,,
metacritic_15210,sales_2270,0.9999999999999999,,
metacritic_161,sales_258,0.9999999999999999,,
metacritic_8771,sales_5013,0.9999999999999999,,
metacritic_8421,sales_2938,0.9999999999999999,,
metacritic_12545,sales_3606,0.8999999999999999,,
metacritic_14881,sales_6093,0.9999999999999999,,
metacritic_2920,sales_955,0.9999999999999999,,
metacritic_7076,sales_2568,0.8999999999999999,,
metacritic_12747,sales_536,0.9999999999999999,,
metacritic_6367,sales_4925,0.9999999999999999,,
metacritic_9120,sales_4066,0.9999999999999999,,
metacritic_4748,sales_7439,0.9999999999999999,,
metacritic_4889,sales_1548,0.9999999999999999,,
metacritic_8507,sales_647,0.9999999999999999,,
metacritic_16883,sales_1985,0.9999999999999999,,
metacritic_16846,sales_7713,0.9999999999999999,,
metacritic_7653,sales_768,0.9999999999999999,,
metacritic_3727,sales_504,0.9999999999999999,,
metacritic_16768,sales_4158,0.9999999999999999,,
metacritic_15556,sales_3942,0.9999999999999999,,
metacritic_8146,sales_6414,0.9999999999999999,,
metacritic_19259,sales_7396,0.9999999999999999,,
metacritic_4672,sales_3108,0.9999999999999999,,
metacritic_5858,sales_1377,0.9999999999999999,,
metacritic_8667,sales_3320,0.9999999999999999,,
metacritic_3220,sales_5974,0.9999999999999999,,
metacritic_12659,sales_4787,0.9999999999999999,,
metacritic_9035,sales_7418,0.9999999999999999,,
metacritic_16635,sales_6630,0.8999999999999999,,
metacritic_10623,sales_4033,0.9999999999999999,,
metacritic_948,sales_5247,0.9999999999999999,,
metacritic_2265,sales_1530,0.9999999999999999,,
metacritic_3988,sales_287,0.9999999999999999,,
metacritic_643,sales_7115,0.9999999999999999,,
metacritic_19574,sales_4788,0.9999999999999999,,
metacritic_11448,sales_3149,0.9999999999999999,,
metacritic_19110,sales_7136,0.9999999999999999,,
metacritic_15563,sales_6257,0.9999999999999999,,
metacritic_5604,sales_1301,0.9999999999999999,,
metacritic_18842,sales_3899,0.9999999999999999,,
metacritic_18128,sales_6072,0.9999999999999999,,
metacritic_11307,sales_4545,0.9999999999999999,,
metacritic_6410,sales_3870,0.8285714285714285,,
metacritic_7679,sales_4148,0.9999999999999999,,
metacritic_14501,sales_6781,0.9999999999999999,,
metacritic_16331,sales_4357,0.9999999999999999,,
metacritic_18304,sales_1090,0.9999999999999999,,
metacritic_466,sales_4134,0.9999999999999999,,
metacritic_2238,sales_352,0.9999999999999999,,
metacritic_20059,sales_5374,0.8999999999999999,,
metacritic_4237,sales_6865,0.8999999999999999,,
metacritic_817,sales_612,0.9999999999999999,,
metacritic_9219,sales_4743,0.9999999999999999,,
metacritic_5549,sales_1793,0.9999999999999999,,
metacritic_19169,sales_1914,0.9999999999999999,,
metacritic_5903,sales_1016,0.9999999999999999,,
metacritic_19265,sales_3556,0.8999999999999999,,
metacritic_782,sales_147,0.9999999999999999,,
metacritic_13964,sales_1161,0.9999999999999999,,
metacritic_13186,sales_1704,0.9999999999999999,,
metacritic_11207,sales_4219,0.9999999999999999,,
metacritic_15848,sales_4782,0.8999999999999999,,
metacritic_3449,sales_443,0.9999999999999999,,
metacritic_17097,sales_4866,0.9999999999999999,,
metacritic_12594,sales_3584,0.8999999999999999,,
metacritic_16428,sales_4141,0.9999999999999999,,
metacritic_10174,sales_3578,0.9999999999999999,,
metacritic_20055,sales_7681,0.9999999999999999,,
metacritic_9578,sales_7260,0.9999999999999999,,
metacritic_4793,sales_2876,0.9999999999999999,,
metacritic_8993,sales_4573,0.9999999999999999,,
metacritic_17488,sales_3156,0.9999999999999999,,
metacritic_2600,sales_3079,0.8999999999999999,,
metacritic_19998,sales_7283,0.9999999999999999,,
metacritic_7402,sales_2526,0.9999999999999999,,
metacritic_17556,sales_4917,0.9999999999999999,,
metacritic_7494,sales_5660,0.9999999999999999,,
metacritic_12974,sales_4535,0.9999999999999999,,
metacritic_14043,sales_6416,0.9999999999999999,,
metacritic_15625,sales_5282,0.9999999999999999,,
metacritic_4743,sales_2912,0.9999999999999999,,
metacritic_13063,sales_2143,0.9999999999999999,,
metacritic_18369,sales_5233,0.9999999999999999,,
metacritic_17308,sales_6787,0.9999999999999999,,
metacritic_17807,sales_7716,0.9999999999999999,,
metacritic_2182,sales_1624,0.9999999999999999,,
metacritic_16940,sales_4660,0.9999999999999999,,
metacritic_165,sales_115,0.9999999999999999,,
metacritic_7220,sales_4774,0.9999999999999999,,
metacritic_1417,sales_1526,0.9999999999999999,,
metacritic_8523,sales_6451,0.9999999999999999,,
metacritic_6657,sales_2303,0.9999999999999999,,
metacritic_10968,sales_5085,0.9999999999999999,,
metacritic_20269,sales_6279,0.9999999999999999,,
metacritic_7138,sales_4670,0.9999999999999999,,
metacritic_14302,sales_5433,0.9999999999999999,,
metacritic_5525,sales_4077,0.9999999999999999,,
metacritic_20378,sales_7676,0.9999999999999999,,
metacritic_5155,sales_6143,0.9999999999999999,,
metacritic_11489,sales_2240,0.9999999999999999,,
metacritic_658,sales_879,0.9999999999999999,,
metacritic_11013,sales_5666,0.9999999999999999,,
metacritic_14965,sales_688,0.9999999999999999,,
metacritic_12097,sales_1522,0.8999999999999999,,
metacritic_16981,sales_1004,0.8999999999999999,,
metacritic_7994,sales_568,0.9999999999999999,,
metacritic_1041,sales_811,0.9999999999999999,,
metacritic_1946,sales_636,0.9999999999999999,,
metacritic_1252,sales_417,0.9999999999999999,,
metacritic_18880,sales_4498,0.9999999999999999,,
metacritic_1356,sales_58,0.9999999999999999,,
metacritic_18825,sales_6799,0.9999999999999999,,
metacritic_12760,sales_6177,0.9999999999999999,,
metacritic_8556,sales_4908,0.8999999999999999,,
metacritic_1013,sales_1261,0.9999999999999999,,
metacritic_14920,sales_5492,0.9999999999999999,,
metacritic_4101,sales_349,0.9999999999999999,,
metacritic_15054,sales_6885,0.9999999999999999,,
metacritic_6766,sales_2595,0.9999999999999999,,
metacritic_9171,sales_1035,0.9999999999999999,,
metacritic_2458,sales_1528,0.9999999999999999,,
metacritic_19131,sales_5318,0.9999999999999999,,
metacritic_17387,sales_4198,0.9999999999999999,,
metacritic_14969,sales_6639,0.9999999999999999,,
metacritic_9589,sales_4721,0.9999999999999999,,
metacritic_5348,sales_6930,0.9999999999999999,,
metacritic_16329,sales_7807,0.9999999999999999,,
metacritic_1123,sales_1157,0.9999999999999999,,
metacritic_9867,sales_5617,0.9999999999999999,,
metacritic_14915,sales_6882,0.9999999999999999,,
metacritic_1291,sales_1540,0.9999999999999999,,
metacritic_2885,sales_301,0.8999999999999999,,
metacritic_18808,sales_1393,0.9999999999999999,,
metacritic_3020,sales_5028,0.9999999999999999,,
metacritic_3419,sales_4930,0.9999999999999999,,
metacritic_5041,sales_2183,0.9999999999999999,,
metacritic_10100,sales_98,0.9999999999999999,,
metacritic_8826,sales_4859,0.9999999999999999,,
metacritic_19728,sales_5225,0.9999999999999999,,
metacritic_10541,sales_2174,0.9999999999999999,,
metacritic_2267,sales_2129,0.9999999999999999,,
metacritic_14395,sales_7023,0.9999999999999999,,
metacritic_8972,sales_1193,0.9999999999999999,,
metacritic_17668,sales_4045,0.9999999999999999,,
metacritic_8898,sales_4870,0.9999999999999999,,
metacritic_969,sales_44,0.9999999999999999,,
metacritic_17203,sales_4914,0.9999999999999999,,
metacritic_7379,sales_2890,0.9999999999999999,,
metacritic_834,sales_474,0.9999999999999999,,
metacritic_19404,sales_7141,0.9999999999999999,,
metacritic_16006,sales_7101,0.88,,
metacritic_18723,sales_6536,0.9999999999999999,,
metacritic_11247,sales_4842,0.8999999999999999,,
metacritic_195,sales_4280,0.9999999999999999,,
metacritic_17219,sales_224,0.9999999999999999,,
metacritic_19741,sales_4838,0.9999999999999999,,
metacritic_1902,sales_3496,0.9999999999999999,,
metacritic_20041,sales_4691,0.9999999999999999,,
metacritic_12696,sales_816,0.9999999999999999,,
metacritic_10020,sales_4083,0.9999999999999999,,
metacritic_11755,sales_5972,0.9999999999999999,,
metacritic_13717,sales_3853,0.9999999999999999,,
metacritic_16208,sales_7401,0.9999999999999999,,
metacritic_1071,sales_1364,0.9999999999999999,,
metacritic_14451,sales_7206,0.8999999999999999,,
metacritic_12802,sales_6552,0.9999999999999999,,
metacritic_19822,sales_3025,0.9999999999999999,,
metacritic_4165,sales_666,0.9999999999999999,,
metacritic_19669,sales_7451,0.9999999999999999,,
metacritic_3036,sales_5298,0.9999999999999999,,
metacritic_2579,sales_2676,0.9999999999999999,,
metacritic_15542,sales_1777,0.9999999999999999,,
metacritic_10249,sales_4820,0.9999999999999999,,
metacritic_6774,sales_904,0.9999999999999999,,
metacritic_2487,sales_478,0.9999999999999999,,
metacritic_10873,sales_5588,0.9999999999999999,,
metacritic_20474,sales_106,0.9999999999999999,,
metacritic_6156,sales_3062,0.9999999999999999,,
metacritic_1512,sales_85,0.9999999999999999,,
metacritic_13011,sales_4613,0.9999999999999999,,
metacritic_636,sales_804,0.9999999999999999,,
metacritic_18273,sales_6335,0.9999999999999999,,
metacritic_15146,sales_7302,0.9999999999999999,,
metacritic_3357,sales_2448,0.9999999999999999,,
metacritic_12644,sales_2686,0.85,,
metacritic_15568,sales_7228,0.9999999999999999,,
metacritic_10711,sales_894,0.9999999999999999,,
metacritic_14416,sales_2496,0.9999999999999999,,
metacritic_13424,sales_921,0.9999999999999999,,
metacritic_6007,sales_2382,0.8999999999999999,,
metacritic_17521,sales_5987,0.8999999999999999,,
metacritic_11531,sales_3618,0.9999999999999999,,
metacritic_959,sales_5805,0.9999999999999999,,
metacritic_1471,sales_4992,0.9999999999999999,,
metacritic_11707,sales_6116,0.9999999999999999,,
metacritic_9351,sales_6019,0.9999999999999999,,
metacritic_18644,sales_2666,0.9999999999999999,,
metacritic_7468,sales_2923,0.9999999999999999,,
metacritic_8895,sales_1118,0.9999999999999999,,
metacritic_826,sales_2784,0.9999999999999999,,
metacritic_5651,sales_5285,0.9999999999999999,,
metacritic_6409,sales_5859,0.9999999999999999,,
metacritic_3124,sales_627,0.9999999999999999,,
metacritic_19410,sales_6750,0.9999999999999999,,
metacritic_15981,sales_7247,0.9999999999999999,,
metacritic_10415,sales_6104,0.9999999999999999,,
metacritic_2456,sales_2001,0.9999999999999999,,
metacritic_268,sales_290,0.9999999999999999,,
metacritic_4543,sales_6244,0.8999999999999999,,
metacritic_19747,sales_7183,0.9999999999999999,,
metacritic_1358,sales_458,0.9999999999999999,,
metacritic_7413,sales_4367,0.9999999999999999,,
metacritic_14888,sales_3398,0.88,,
metacritic_16029,sales_5806,0.9999999999999999,,
metacritic_12666,sales_7574,0.9999999999999999,,
metacritic_17571,sales_4104,0.9999999999999999,,
metacritic_12193,sales_3173,0.9999999999999999,,
metacritic_587,sales_7317,0.9999999999999999,,
metacritic_15582,sales_6545,0.9999999999999999,,
metacritic_16850,sales_7282,0.9999999999999999,,
metacritic_16417,sales_6905,0.9999999999999999,,
metacritic_3131,sales_1541,0.9999999999999999,,
metacritic_18781,sales_5602,0.9999999999999999,,
metacritic_1495,sales_1307,0.9999999999999999,,
metacritic_19051,sales_6367,0.9999999999999999,,
metacritic_5492,sales_1701,0.9999999999999999,,
metacritic_2304,sales_7606,0.9999999999999999,,
metacritic_7424,sales_1570,0.8999999999999999,,
metacritic_5728,sales_3474,0.9999999999999999,,
metacritic_14871,sales_5683,0.9999999999999999,,
metacritic_16844,sales_4229,0.9999999999999999,,
metacritic_14208,sales_6382,0.9999999999999999,,
metacritic_15198,sales_5144,0.9999999999999999,,
metacritic_18464,sales_2552,0.8999999999999999,,
metacritic_8888,sales_2892,0.8999999999999999,,
metacritic_19205,sales_4495,0.9999999999999999,,
metacritic_8417,sales_5721,0.9999999999999999,,
metacritic_17043,sales_2302,0.9999999999999999,,
metacritic_10260,sales_2397,0.9999999999999999,,
metacritic_7287,sales_2268,0.9999999999999999,,
metacritic_11194,sales_2126,0.9999999999999999,,
metacritic_18539,sales_5928,0.9999999999999999,,
metacritic_11466,sales_3047,0.9999999999999999,,
metacritic_317,sales_657,0.9999999999999999,,
metacritic_9609,sales_3183,0.9999999999999999,,
metacritic_15064,sales_3719,0.9999999999999999,,
metacritic_14289,sales_4732,0.9999999999999999,,
metacritic_19048,sales_7665,0.8999999999999999,,
metacritic_6145,sales_1416,0.9999999999999999,,
metacritic_8268,sales_5626,0.9999999999999999,,
metacritic_18361,sales_6968,0.9999999999999999,,
metacritic_7272,sales_2503,0.9999999999999999,,
metacritic_12622,sales_6038,0.9999999999999999,,
metacritic_9018,sales_4289,0.9999999999999999,,
metacritic_14702,sales_5958,0.9999999999999999,,
metacritic_15497,sales_7291,0.9999999999999999,,
metacritic_6537,sales_3285,0.9999999999999999,,
metacritic_2806,sales_633,0.9999999999999999,,
metacritic_2937,sales_2510,0.9999999999999999,,
metacritic_309,sales_2214,0.9999999999999999,,
metacritic_13336,sales_1524,0.9999999999999999,,
metacritic_9701,sales_3260,0.9999999999999999,,
metacritic_1999,sales_761,0.9999999999999999,,
metacritic_14019,sales_985,0.9999999999999999,,
metacritic_17941,sales_2439,0.9999999999999999,,
metacritic_5588,sales_6458,0.9999999999999999,,
metacritic_1143,sales_889,0.9999999999999999,,
metacritic_18279,sales_5195,0.8999999999999999,,
metacritic_7159,sales_6170,0.9999999999999999,,
metacritic_3543,sales_738,0.9999999999999999,,
metacritic_10547,sales_7769,0.8999999999999999,,
metacritic_5550,sales_7660,0.9999999999999999,,
metacritic_7698,sales_4328,0.8999999999999999,,
metacritic_471,sales_1884,0.9999999999999999,,
metacritic_8012,sales_615,0.9999999999999999,,
metacritic_2277,sales_116,0.9999999999999999,,
metacritic_14295,sales_5698,0.9999999999999999,,
metacritic_11347,sales_4391,0.9999999999999999,,
metacritic_18022,sales_6477,0.9999999999999999,,
metacritic_19587,sales_3810,0.8999999999999999,,
metacritic_1416,sales_1792,0.9999999999999999,,
metacritic_11168,sales_3712,0.9999999999999999,,
metacritic_9288,sales_5949,0.9999999999999999,,
metacritic_443,sales_7520,0.9999999999999999,,
metacritic_19382,sales_3154,0.9999999999999999,,
metacritic_18318,sales_3415,0.9999999999999999,,
metacritic_2883,sales_1277,0.9999999999999999,,
metacritic_18986,sales_1607,0.9999999999999999,,
metacritic_19429,sales_5361,0.9999999999999999,,
metacritic_19514,sales_3621,0.9999999999999999,,
metacritic_17475,sales_6668,0.9999999999999999,,
metacritic_8216,sales_3307,0.9999999999999999,,
metacritic_19722,sales_6390,0.9999999999999999,,
metacritic_14472,sales_439,0.9999999999999999,,
metacritic_20060,sales_4335,0.9999999999999999,,
metacritic_10042,sales_3510,0.9999999999999999,,
metacritic_13857,sales_344,0.9999999999999999,,
metacritic_6391,sales_41,0.9999999999999999,,
metacritic_19839,sales_2153,0.9999999999999999,,
metacritic_7938,sales_6192,0.8999999999999999,,
metacritic_17749,sales_5863,0.8999999999999999,,
metacritic_11141,sales_7325,0.8999999999999999,,
metacritic_7103,sales_1872,0.9999999999999999,,
metacritic_344,sales_1434,0.8999999999999999,,
metacritic_1418,sales_2207,0.9999999999999999,,
metacritic_18136,sales_5535,0.8999999999999999,,
metacritic_1761,sales_1371,0.9999999999999999,,
metacritic_10569,sales_5792,0.9999999999999999,,
metacritic_9585,sales_4962,0.9999999999999999,,
metacritic_13770,sales_4187,0.8666666666666666,,
metacritic_12252,sales_3056,0.9999999999999999,,
metacritic_5937,sales_2036,0.9999999999999999,,
metacritic_17174,sales_3642,0.9999999999999999,,
metacritic_2320,sales_2544,0.9999999999999999,,
metacritic_15576,sales_5101,0.9999999999999999,,
metacritic_13225,sales_4696,0.9999999999999999,,
metacritic_11154,sales_4761,0.9999999999999999,,
metacritic_13728,sales_6806,0.9999999999999999,,
metacritic_18590,sales_7145,0.8999999999999999,,
metacritic_18903,sales_6293,0.9999999999999999,,
metacritic_10689,sales_4191,0.9999999999999999,,
metacritic_7009,sales_2006,0.9999999999999999,,
metacritic_8101,sales_4631,0.9999999999999999,,
metacritic_17189,sales_4122,0.9999999999999999,,
metacritic_14098,sales_6823,0.9999999999999999,,
metacritic_10531,sales_2613,0.9999999999999999,,
metacritic_15584,sales_3468,0.9999999999999999,,
metacritic_3142,sales_1456,0.9999999999999999,,
metacritic_9468,sales_6851,0.9999999999999999,,
metacritic_14601,sales_4462,0.8999999999999999,,
metacritic_16365,sales_2409,0.9999999999999999,,
metacritic_9627,sales_5917,0.9999999999999999,,
metacritic_9,sales_64,0.9999999999999999,,
metacritic_19052,sales_5522,0.9999999999999999,,
metacritic_1933,sales_205,0.9999999999999999,,
metacritic_127,sales_6965,0.9999999999999999,,
metacritic_13183,sales_2454,0.9999999999999999,,
metacritic_8543,sales_6877,0.9999999999999999,,
metacritic_17500,sales_4009,0.9999999999999999,,
metacritic_10067,sales_6449,0.9999999999999999,,
metacritic_11568,sales_1395,0.9999999999999999,,
metacritic_15777,sales_6653,0.9999999999999999,,
metacritic_15409,sales_6041,0.9999999999999999,,
metacritic_17292,sales_7618,0.9999999999999999,,
metacritic_14377,sales_4112,0.9999999999999999,,
metacritic_7029,sales_4834,0.9999999999999999,,
metacritic_2097,sales_7527,0.8999999999999999,,
metacritic_5205,sales_2306,0.85,,
metacritic_13092,sales_2098,0.9999999999999999,,
metacritic_15724,sales_4467,0.9999999999999999,,
metacritic_8014,sales_846,0.9999999999999999,,
metacritic_6321,sales_6864,0.9999999999999999,,
metacritic_19763,sales_2185,0.9999999999999999,,
metacritic_723,sales_18,0.9999999999999999,,
metacritic_20290,sales_6017,0.9999999999999999,,
metacritic_16194,sales_7491,0.9999999999999999,,
metacritic_14124,sales_4880,0.8999999999999999,,
metacritic_14104,sales_7057,0.9999999999999999,,
metacritic_8489,sales_2489,0.9999999999999999,,
metacritic_4588,sales_3527,0.9999999999999999,,
metacritic_6186,sales_4966,0.9999999999999999,,
metacritic_18520,sales_6311,0.9999999999999999,,
metacritic_12113,sales_5770,0.9999999999999999,,
metacritic_15525,sales_494,0.8,,
metacritic_18922,sales_4475,0.9999999999999999,,
metacritic_16564,sales_5362,0.8285714285714285,,
metacritic_9323,sales_6318,0.8999999999999999,,
metacritic_9915,sales_3111,0.8,,
metacritic_13838,sales_6582,0.9999999999999999,,
metacritic_4919,sales_6920,0.9999999999999999,,
metacritic_3279,sales_7038,0.8999999999999999,,
metacritic_5583,sales_3145,0.9999999999999999,,
metacritic_17290,sales_2781,0.9999999999999999,,
metacritic_16448,sales_5366,0.9999999999999999,,
metacritic_2053,sales_330,0.9999999999999999,,
metacritic_17921,sales_5914,0.9999999999999999,,
metacritic_4453,sales_257,0.9999999999999999,,
metacritic_1457,sales_1072,0.9999999999999999,,
metacritic_18944,sales_5906,0.9999999999999999,,
metacritic_1181,sales_7721,0.9999999999999999,,
metacritic_14322,sales_7390,0.9999999999999999,,
metacritic_10661,sales_6681,0.9999999999999999,,
metacritic_20064,sales_5811,0.9999999999999999,,
metacritic_9921,sales_4885,0.9999999999999999,,
metacritic_7417,sales_5502,0.9999999999999999,,
metacritic_12602,sales_2640,0.9999999999999999,,
metacritic_19908,sales_3996,0.9999999999999999,,
metacritic_20072,sales_4931,0.8999999999999999,,
metacritic_12115,sales_7824,0.9999999999999999,,
metacritic_7014,sales_6861,0.9999999999999999,,
metacritic_9490,sales_5799,0.9999999999999999,,
metacritic_12073,sales_3930,0.85,,
metacritic_3319,sales_6354,0.9999999999999999,,
metacritic_7131,sales_7696,0.9999999999999999,,
metacritic_2134,sales_1942,0.9999999999999999,,
metacritic_9866,sales_6317,0.9999999999999999,,
metacritic_18265,sales_778,0.9999999999999999,,
metacritic_12085,sales_1682,0.9999999999999999,,
metacritic_17971,sales_4982,0.9999999999999999,,
metacritic_2298,sales_1312,0.9999999999999999,,
metacritic_15217,sales_3755,0.9999999999999999,,
metacritic_14487,sales_2254,0.9999999999999999,,
metacritic_12249,sales_5181,0.9999999999999999,,
metacritic_5778,sales_1403,0.9999999999999999,,
metacritic_3517,sales_1295,0.9999999999999999,,
metacritic_2975,sales_959,0.9999999999999999,,
metacritic_10074,sales_6483,0.9999999999999999,,
metacritic_5399,sales_2867,0.9999999999999999,,
metacritic_5219,sales_336,0.9999999999999999,,
metacritic_4331,sales_2764,0.9999999999999999,,
metacritic_1702,sales_2965,0.8999999999999999,,
metacritic_14183,sales_4598,0.9999999999999999,,
metacritic_7791,sales_2467,0.9999999999999999,,
metacritic_14212,sales_7787,0.9999999999999999,,
metacritic_10777,sales_3569,0.9999999999999999,,
metacritic_2218,sales_529,0.9999999999999999,,
metacritic_19024,sales_4887,0.9999999999999999,,
metacritic_7239,sales_883,0.8999999999999999,,
metacritic_661,sales_912,0.9999999999999999,,
metacritic_8949,sales_4287,0.9999999999999999,,
metacritic_18626,sales_7054,0.9999999999999999,,
metacritic_1860,sales_2358,0.9999999999999999,,
metacritic_4893,sales_3182,0.9999999999999999,,
metacritic_14265,sales_7319,0.9999999999999999,,
metacritic_11433,sales_2777,0.9999999999999999,,
metacritic_2069,sales_6928,0.9999999999999999,,
metacritic_16574,sales_1309,0.9999999999999999,,
metacritic_6608,sales_6616,0.9999999999999999,,
metacritic_3120,sales_6967,0.8999999999999999,,
metacritic_12276,sales_3683,0.9999999999999999,,
metacritic_19656,sales_5401,0.9999999999999999,,
metacritic_16133,sales_1603,0.8999999999999999,,
metacritic_1590,sales_4414,0.8999999999999999,,
metacritic_19157,sales_5652,0.9999999999999999,,
metacritic_20365,sales_3369,0.9999999999999999,,
metacritic_10502,sales_3092,0.9999999999999999,,
metacritic_18549,sales_5728,0.9999999999999999,,
metacritic_2275,sales_6480,0.9999999999999999,,
metacritic_9804,sales_7367,0.9999999999999999,,
metacritic_16025,sales_4596,0.9999999999999999,,
metacritic_791,sales_232,0.9999999999999999,,
metacritic_4899,sales_1173,0.9999999999999999,,
metacritic_5997,sales_6351,0.9999999999999999,,
metacritic_7347,sales_3105,0.9999999999999999,,
metacritic_19649,sales_5200,0.9999999999999999,,
metacritic_2148,sales_7513,0.9999999999999999,,
metacritic_2996,sales_5089,0.9999999999999999,,
metacritic_12273,sales_1487,0.9999999999999999,,
metacritic_346,sales_2438,0.9999999999999999,,
metacritic_10154,sales_1706,0.9999999999999999,,
metacritic_14045,sales_4273,0.9999999999999999,,
metacritic_12475,sales_3770,0.9999999999999999,,
metacritic_6794,sales_2299,0.9999999999999999,,
metacritic_12069,sales_4680,0.9999999999999999,,
metacritic_20164,sales_6553,0.8999999999999999,,
metacritic_12091,sales_7066,0.8999999999999999,,
metacritic_12000,sales_2392,0.9999999999999999,,
metacritic_8505,sales_1866,0.9999999999999999,,
metacritic_7864,sales_2882,0.8999999999999999,,
metacritic_8842,sales_3603,0.9999999999999999,,
metacritic_6024,sales_5933,0.9999999999999999,,
metacritic_19597,sales_2653,0.9999999999999999,,
metacritic_7676,sales_5098,0.8999999999999999,,
metacritic_14343,sales_121,0.9999999999999999,,
metacritic_19096,sales_6971,0.9999999999999999,,
metacritic_4838,sales_6305,0.9999999999999999,,
metacritic_5878,sales_6786,0.8999999999999999,,
metacritic_1305,sales_1290,0.9999999999999999,,
metacritic_19517,sales_1230,0.9999999999999999,,
metacritic_9519,sales_1406,0.9999999999999999,,
metacritic_16076,sales_6731,0.9999999999999999,,
metacritic_1903,sales_2662,0.9999999999999999,,
metacritic_14035,sales_112,0.9999999999999999,,
metacritic_12879,sales_7541,0.9999999999999999,,
metacritic_19275,sales_4810,0.8999999999999999,,
metacritic_16929,sales_3597,0.9999999999999999,,
metacritic_1513,sales_898,0.9999999999999999,,
metacritic_10266,sales_7633,0.9999999999999999,,
metacritic_15037,sales_5071,0.9999999999999999,,
metacritic_5754,sales_7388,0.9999999999999999,,
metacritic_4115,sales_453,0.9999999999999999,,
metacritic_5093,sales_5350,0.8999999999999999,,
metacritic_16733,sales_2870,0.9999999999999999,,
metacritic_16209,sales_5476,0.9999999999999999,,
metacritic_18299,sales_4120,0.9999999999999999,,
metacritic_18655,sales_6734,0.9999999999999999,,
metacritic_4373,sales_5417,0.9999999999999999,,
metacritic_3616,sales_5012,0.8999999999999999,,
metacritic_11861,sales_7264,0.8999999999999999,,
metacritic_551,sales_256,0.9999999999999999,,
metacritic_2762,sales_6510,0.9999999999999999,,
metacritic_13366,sales_3740,0.9999999999999999,,
metacritic_17142,sales_5370,0.9999999999999999,,
metacritic_8156,sales_6110,0.9999999999999999,,
metacritic_788,sales_6941,0.9999999999999999,,
metacritic_16454,sales_3244,0.9999999999999999,,
metacritic_8622,sales_2886,0.9999999999999999,,
metacritic_9157,sales_3552,0.9999999999999999,,
metacritic_6369,sales_1961,0.9999999999999999,,
metacritic_2325,sales_6862,0.8999999999999999,,
metacritic_3983,sales_1411,0.9999999999999999,,
metacritic_17722,sales_6940,0.9999999999999999,,
metacritic_9957,sales_2978,0.9999999999999999,,
metacritic_3996,sales_1571,0.8999999999999999,,
metacritic_5111,sales_7538,0.9999999999999999,,
metacritic_200,sales_956,0.9999999999999999,,
metacritic_20123,sales_4668,0.9999999999999999,,
metacritic_15644,sales_3938,0.9999999999999999,,
metacritic_11022,sales_4364,0.8999999999999999,,
metacritic_9977,sales_3467,0.9999999999999999,,
metacritic_1687,sales_69,0.9999999999999999,,
metacritic_3931,sales_1474,0.9999999999999999,,
metacritic_6372,sales_3053,0.9999999999999999,,
metacritic_19047,sales_2546,0.9999999999999999,,
metacritic_20172,sales_5881,0.9999999999999999,,
metacritic_6480,sales_2054,0.9999999999999999,,
metacritic_2017,sales_2746,0.9999999999999999,,
metacritic_8924,sales_1829,0.9999999999999999,,
metacritic_13725,sales_5185,0.9999999999999999,,
metacritic_18253,sales_3358,0.9999999999999999,,
metacritic_11162,sales_6623,0.9999999999999999,,
metacritic_15689,sales_6779,0.9999999999999999,,
metacritic_18731,sales_1693,0.9999999999999999,,
metacritic_20170,sales_6348,0.9999999999999999,,
metacritic_11607,sales_2825,0.9999999999999999,,
metacritic_12697,sales_969,0.9999999999999999,,
metacritic_17944,sales_3213,0.9999999999999999,,
metacritic_15973,sales_4499,0.9999999999999999,,
metacritic_9887,sales_5245,0.9999999999999999,,
metacritic_14767,sales_3749,0.9999999999999999,,
metacritic_13562,sales_7189,0.9999999999999999,,
metacritic_3653,sales_1847,0.9999999999999999,,
metacritic_15622,sales_4704,0.9999999999999999,,
metacritic_20192,sales_4605,0.9999999999999999,,
metacritic_14354,sales_6924,0.9999999999999999,,
metacritic_14402,sales_5000,0.9999999999999999,,
metacritic_18911,sales_4607,0.9999999999999999,,
metacritic_3362,sales_5733,0.9999999999999999,,
metacritic_17537,sales_6523,0.9999999999999999,,
metacritic_15108,sales_3458,0.9999999999999999,,
metacritic_13067,sales_5063,0.9999999999999999,,
metacritic_12765,sales_1550,0.8999999999999999,,
metacritic_3855,sales_2106,0.8999999999999999,,
metacritic_1270,sales_160,0.9999999999999999,,
metacritic_9130,sales_2949,0.9999999999999999,,
metacritic_9082,sales_3960,0.9999999999999999,,
metacritic_18414,sales_5809,0.9999999999999999,,
metacritic_13954,sales_7639,0.9999999999999999,,
metacritic_704,sales_2080,0.9999999999999999,,
metacritic_12476,sales_3808,0.9999999999999999,,
metacritic_20274,sales_6444,0.9999999999999999,,
metacritic_3835,sales_2377,0.9999999999999999,,
metacritic_19651,sales_7394,0.8999999999999999,,
metacritic_16764,sales_905,0.9999999999999999,,
metacritic_17260,sales_6235,0.9999999999999999,,
metacritic_14734,sales_5480,0.9999999999999999,,
metacritic_681,sales_530,0.9999999999999999,,
metacritic_473,sales_2160,0.9999999999999999,,
metacritic_16762,sales_2245,0.9999999999999999,,
metacritic_1646,sales_189,0.9999999999999999,,
metacritic_13588,sales_1227,0.9999999999999999,,
metacritic_9302,sales_763,0.8999999999999999,,
metacritic_16292,sales_3290,0.9999999999999999,,
metacritic_4931,sales_7152,0.9999999999999999,,
metacritic_19414,sales_5688,0.9999999999999999,,
metacritic_13765,sales_7575,0.9999999999999999,,
metacritic_11511,sales_1713,0.9999999999999999,,
metacritic_15236,sales_5152,0.9999999999999999,,
metacritic_18503,sales_6525,0.8999999999999999,,
metacritic_17673,sales_5911,0.9999999999999999,,
metacritic_20219,sales_6755,0.9999999999999999,,
metacritic_14594,sales_5238,0.9999999999999999,,
metacritic_19097,sales_7139,0.9999999999999999,,
metacritic_11706,sales_5399,0.9999999999999999,,
metacritic_20145,sales_6050,0.9999999999999999,,
metacritic_11245,sales_1525,0.9999999999999999,,
metacritic_19181,sales_5855,0.9999999999999999,,
metacritic_7523,sales_7675,0.9999999999999999,,
metacritic_18636,sales_3911,0.9999999999999999,,
metacritic_12151,sales_852,0.9999999999999999,,
metacritic_11089,sales_2830,0.8999999999999999,,
metacritic_8633,sales_1372,0.9999999999999999,,
metacritic_10983,sales_7259,0.8999999999999999,,
metacritic_8544,sales_3266,0.9999999999999999,,
metacritic_13772,sales_6291,0.9999999999999999,,
metacritic_16858,sales_4298,0.9999999999999999,,
metacritic_17520,sales_7292,0.8999999999999999,,
metacritic_9958,sales_5524,0.9999999999999999,,
metacritic_18220,sales_1804,0.9999999999999999,,
metacritic_7317,sales_1235,0.8999999999999999,,
metacritic_8970,sales_2826,0.9999999999999999,,
metacritic_17819,sales_3947,0.9999999999999999,,
metacritic_10497,sales_594,0.9999999999999999,,
metacritic_4866,sales_5093,0.9999999999999999,,
metacritic_5998,sales_522,0.9999999999999999,,
metacritic_18155,sales_3146,0.8999999999999999,,
metacritic_8133,sales_3397,0.9999999999999999,,
metacritic_19143,sales_5092,0.9999999999999999,,
metacritic_6832,sales_4516,0.9999999999999999,,
metacritic_14290,sales_3036,0.8999999999999999,,
metacritic_140,sales_1209,0.9999999999999999,,
metacritic_2639,sales_6626,0.9999999999999999,,
metacritic_814,sales_1705,0.8999999999999999,,
metacritic_2244,sales_1162,0.9999999999999999,,
metacritic_11722,sales_661,0.9999999999999999,,
metacritic_7207,sales_3614,0.9999999999999999,,
metacritic_18845,sales_5376,0.9999999999999999,,
metacritic_10727,sales_7198,0.9999999999999999,,
metacritic_3682,sales_2323,0.9999999999999999,,
metacritic_2384,sales_435,0.9999999999999999,,
metacritic_1871,sales_1127,0.9999999999999999,,
metacritic_884,sales_3067,0.9999999999999999,,
metacritic_19252,sales_5192,0.9999999999999999,,
metacritic_16011,sales_3903,0.9999999999999999,,
metacritic_13286,sales_6729,0.9999999999999999,,
metacritic_12396,sales_6964,0.9999999999999999,,
metacritic_4477,sales_2689,0.9999999999999999,,
metacritic_6017,sales_1060,0.8999999999999999,,
metacritic_4678,sales_2089,0.9999999999999999,,
metacritic_8242,sales_1008,0.9999999999999999,,
metacritic_7211,sales_5005,0.9999999999999999,,
metacritic_1676,sales_6547,0.9999999999999999,,
metacritic_11783,sales_1317,0.9999999999999999,,
metacritic_18228,sales_5866,0.8999999999999999,,
metacritic_16513,sales_5828,0.9999999999999999,,
metacritic_3907,sales_1751,0.8999999999999999,,
metacritic_12426,sales_4597,0.9999999999999999,,
metacritic_3315,sales_694,0.9999999999999999,,
metacritic_17227,sales_7131,0.9999999999999999,,
metacritic_11582,sales_2466,0.8999999999999999,,
metacritic_17286,sales_3912,0.9999999999999999,,
metacritic_13881,sales_2557,0.85,,
metacritic_13259,sales_3132,0.9999999999999999,,
metacritic_5789,sales_3486,0.8999999999999999,,
metacritic_9945,sales_7530,0.9999999999999999,,
metacritic_11192,sales_2725,0.9999999999999999,,
metacritic_16633,sales_5943,0.9999999999999999,,
metacritic_10520,sales_2578,0.9999999999999999,,
metacritic_11251,sales_5989,0.9999999999999999,,
metacritic_17023,sales_6568,0.8999999999999999,,
metacritic_15675,sales_591,0.9999999999999999,,
metacritic_15592,sales_699,0.8999999999999999,,
metacritic_16707,sales_6935,0.8999999999999999,,
metacritic_17383,sales_4469,0.8999999999999999,,
metacritic_7333,sales_3160,0.9999999999999999,,
metacritic_13491,sales_2315,0.9999999999999999,,
metacritic_3100,sales_1363,0.9999999999999999,,
metacritic_13507,sales_5458,0.9999999999999999,,
metacritic_3786,sales_128,0.9999999999999999,,
metacritic_19962,sales_2373,0.82,,
metacritic_6621,sales_1868,0.9999999999999999,,
metacritic_16268,sales_4688,0.9999999999999999,,
metacritic_16097,sales_3529,0.9999999999999999,,
metacritic_11920,sales_2869,0.9999999999999999,,
metacritic_15966,sales_3546,0.8,,
metacritic_19447,sales_6431,0.9999999999999999,,
metacritic_4420,sales_193,0.9999999999999999,,
metacritic_9816,sales_1168,0.9999999999999999,,
metacritic_1497,sales_907,0.9999999999999999,,
metacritic_12306,sales_5558,0.9999999999999999,,
metacritic_9776,sales_3886,0.8999999999999999,,
metacritic_19341,sales_3227,0.9999999999999999,,
metacritic_11864,sales_7076,0.9999999999999999,,
metacritic_18548,sales_5315,0.9999999999999999,,
metacritic_5581,sales_1676,0.8999999999999999,,
metacritic_5928,sales_1482,0.9999999999999999,,
metacritic_10622,sales_7150,0.9999999999999999,,
metacritic_17280,sales_6672,0.9999999999999999,,
metacritic_8034,sales_5598,0.9999999999999999,,
metacritic_7403,sales_5332,0.9999999999999999,,
metacritic_15148,sales_6372,0.8999999999999999,,
metacritic_18475,sales_4348,0.9999999999999999,,
metacritic_15154,sales_3945,0.9999999999999999,,
metacritic_13112,sales_4562,0.9999999999999999,,
metacritic_11727,sales_2863,0.9999999999999999,,
metacritic_5362,sales_2716,0.9999999999999999,,
metacritic_8715,sales_6986,0.9999999999999999,,
metacritic_17364,sales_4716,0.9999999999999999,,
metacritic_14884,sales_3898,0.9999999999999999,,
metacritic_7952,sales_7024,0.9999999999999999,,
metacritic_3867,sales_114,0.9999999999999999,,
metacritic_370,sales_397,0.9999999999999999,,
metacritic_19970,sales_7266,0.8999999999999999,,
metacritic_20317,sales_6916,0.9999999999999999,,
metacritic_17013,sales_7339,0.9999999999999999,,
metacritic_18909,sales_2507,0.9999999999999999,,
metacritic_70,sales_319,0.9999999999999999,,
metacritic_12011,sales_3995,0.9999999999999999,,
metacritic_16756,sales_7037,0.9999999999999999,,
metacritic_3711,sales_5592,0.8999999999999999,,
metacritic_18107,sales_1149,0.9999999999999999,,
metacritic_3267,sales_7638,0.9999999999999999,,
metacritic_3799,sales_7522,0.9999999999999999,,
metacritic_11449,sales_6773,0.9999999999999999,,
metacritic_15673,sales_7785,0.9999999999999999,,
metacritic_2075,sales_3991,0.9999999999999999,,
metacritic_11624,sales_4015,0.9999999999999999,,
metacritic_2394,sales_7199,0.9999999999999999,,
metacritic_14987,sales_1150,0.9999999999999999,,
metacritic_19187,sales_4531,0.9999999999999999,,
metacritic_1746,sales_385,0.9999999999999999,,
metacritic_17298,sales_7498,0.9999999999999999,,
metacritic_16160,sales_7503,0.9999999999999999,,
metacritic_13356,sales_3600,0.9999999999999999,,
metacritic_2245,sales_782,0.9999999999999999,,
metacritic_5200,sales_3394,0.9999999999999999,,
metacritic_11638,sales_6379,0.8999999999999999,,
metacritic_20062,sales_2852,0.9999999999999999,,
metacritic_9177,sales_7398,0.9999999999999999,,
metacritic_1260,sales_483,0.8999999999999999,,
metacritic_16470,sales_6264,0.9999999999999999,,
metacritic_20492,sales_1755,0.9999999999999999,,
metacritic_6550,sales_3857,0.9999999999999999,,
metacritic_19233,sales_5267,0.9999999999999999,,
metacritic_17706,sales_2981,0.9999999999999999,,
metacritic_7059,sales_2282,0.9999999999999999,,
metacritic_8617,sales_3794,0.9999999999999999,,
metacritic_19844,sales_2807,0.9999999999999999,,
metacritic_11500,sales_6666,0.9999999999999999,,
metacritic_16313,sales_3116,0.9999999999999999,,
metacritic_2447,sales_284,0.9999999999999999,,
metacritic_18144,sales_1754,0.9999999999999999,,
metacritic_1241,sales_1380,0.8999999999999999,,
metacritic_3015,sales_4288,0.8999999999999999,,
metacritic_4243,sales_4385,0.9142857142857143,,
metacritic_12061,sales_2656,0.9999999999999999,,
metacritic_18239,sales_7275,0.9999999999999999,,
metacritic_7371,sales_1216,0.9999999999999999,,
metacritic_6979,sales_4972,0.9999999999999999,,
metacritic_14954,sales_3375,0.9999999999999999,,
metacritic_19455,sales_4786,0.9999999999999999,,
metacritic_447,sales_704,0.9999999999999999,,
metacritic_19309,sales_4804,0.9999999999999999,,
metacritic_7730,sales_3367,0.9999999999999999,,
metacritic_20074,sales_5491,0.9999999999999999,,
metacritic_9868,sales_7499,0.9999999999999999,,
metacritic_17111,sales_1022,0.8999999999999999,,
metacritic_7947,sales_2986,0.9999999999999999,,
metacritic_5345,sales_5776,0.8999999999999999,,
metacritic_2132,sales_126,0.9999999999999999,,
metacritic_13379,sales_5348,0.9999999999999999,,
metacritic_4948,sales_5313,0.9999999999999999,,
metacritic_17196,sales_7673,0.9999999999999999,,
metacritic_7955,sales_1001,0.9999999999999999,,
metacritic_12753,sales_2408,0.9999999999999999,,
metacritic_10378,sales_1320,0.8,,
metacritic_5927,sales_4329,0.9999999999999999,,
metacritic_11805,sales_562,0.9999999999999999,,
metacritic_4465,sales_3332,0.9999999999999999,,
metacritic_17448,sales_5527,0.9999999999999999,,
metacritic_17864,sales_4464,0.9999999999999999,,
metacritic_6909,sales_6195,0.8999999999999999,,
metacritic_287,sales_42,0.9999999999999999,,
metacritic_6182,sales_2378,0.9999999999999999,,
metacritic_1639,sales_166,0.9999999999999999,,
metacritic_9649,sales_2258,0.9999999999999999,,
metacritic_10395,sales_3657,0.9999999999999999,,
metacritic_17851,sales_4360,0.9999999999999999,,
metacritic_1287,sales_7466,0.9999999999999999,,
metacritic_20488,sales_537,0.9999999999999999,,
metacritic_19369,sales_6622,0.9999999999999999,,
metacritic_8981,sales_1572,0.9999999999999999,,
metacritic_4069,sales_3845,0.9999999999999999,,
metacritic_5966,sales_2935,0.9999999999999999,,
metacritic_16876,sales_3241,0.9999999999999999,,
metacritic_5996,sales_3334,0.9999999999999999,,
metacritic_13809,sales_2699,0.9999999999999999,,
metacritic_8162,sales_7274,0.9999999999999999,,
metacritic_12146,sales_2913,0.9999999999999999,,
metacritic_15624,sales_5616,0.9999999999999999,,
metacritic_19789,sales_2411,0.9999999999999999,,
metacritic_1407,sales_7728,0.9999999999999999,,
metacritic_15172,sales_4946,0.9999999999999999,,
metacritic_18122,sales_2733,0.9999999999999999,,
metacritic_19918,sales_7148,0.9999999999999999,,
metacritic_5357,sales_3625,0.9999999999999999,,
metacritic_10299,sales_3461,0.9999999999999999,,
metacritic_3046,sales_7269,0.9999999999999999,,
metacritic_3122,sales_6299,0.9999999999999999,,
metacritic_14863,sales_3222,0.9999999999999999,,
metacritic_8829,sales_692,0.9999999999999999,,
metacritic_2617,sales_7272,0.9999999999999999,,
metacritic_16991,sales_4740,0.9999999999999999,,
metacritic_7352,sales_2857,0.9999999999999999,,
metacritic_13323,sales_2288,0.9999999999999999,,
metacritic_20212,sales_7001,0.9999999999999999,,
metacritic_3178,sales_1269,0.9999999999999999,,
metacritic_14642,sales_2612,0.9999999999999999,,
metacritic_1509,sales_1498,0.9999999999999999,,
metacritic_17514,sales_7000,0.9999999999999999,,
metacritic_5538,sales_733,0.9999999999999999,,
metacritic_1328,sales_1473,0.9999999999999999,,
metacritic_8508,sales_7795,0.9999999999999999,,
metacritic_17833,sales_4466,0.9999999999999999,,
metacritic_10089,sales_7225,0.9999999999999999,,
metacritic_8643,sales_2939,0.9999999999999999,,
metacritic_12938,sales_3005,0.9999999999999999,,
metacritic_9486,sales_39,0.9999999999999999,,
metacritic_14424,sales_4185,0.9999999999999999,,
metacritic_2981,sales_4581,0.9999999999999999,,
metacritic_12472,sales_3485,0.9999999999999999,,
metacritic_4930,sales_1809,0.9999999999999999,,
metacritic_10359,sales_7651,0.9999999999999999,,
metacritic_11918,sales_5295,0.9999999999999999,,
metacritic_4670,sales_1454,0.9999999999999999,,
metacritic_2726,sales_1180,0.9999999999999999,,
metacritic_18167,sales_6300,0.9999999999999999,,
metacritic_18331,sales_3115,0.8999999999999999,,
metacritic_1333,sales_5310,0.9999999999999999,,
metacritic_8948,sales_484,0.9999999999999999,,
metacritic_4513,sales_1445,0.9999999999999999,,
metacritic_8894,sales_3128,0.9999999999999999,,
metacritic_16243,sales_3517,0.9999999999999999,,
metacritic_10441,sales_6069,0.9999999999999999,,
metacritic_17431,sales_4669,0.9999999999999999,,
metacritic_3258,sales_5597,0.8999999999999999,,
metacritic_12631,sales_371,0.9999999999999999,,
metacritic_19152,sales_6343,0.9999999999999999,,
metacritic_17126,sales_4114,0.8999999999999999,,
metacritic_12935,sales_2012,0.9999999999999999,,
metacritic_1823,sales_230,0.9999999999999999,,
metacritic_3890,sales_4006,0.9999999999999999,,
metacritic_2165,sales_939,0.9999999999999999,,
metacritic_19636,sales_1131,0.9999999999999999,,
metacritic_2253,sales_783,0.9999999999999999,,
metacritic_16947,sales_6743,0.8999999999999999,,
metacritic_18195,sales_6909,0.9999999999999999,,
metacritic_13646,sales_630,0.9999999999999999,,
metacritic_2933,sales_1418,0.9999999999999999,,
metacritic_10046,sales_1650,0.9999999999999999,,
metacritic_3530,sales_7857,0.9999999999999999,,
metacritic_330,sales_7,0.9999999999999999,,
metacritic_19737,sales_534,0.9999999999999999,,
metacritic_17740,sales_1671,0.9999999999999999,,
metacritic_132,sales_1273,0.9999999999999999,,
metacritic_2402,sales_188,0.9999999999999999,,
metacritic_10843,sales_4739,0.9999999999999999,,
metacritic_17632,sales_1896,0.8999999999999999,,
metacritic_7101,sales_7518,0.8999999999999999,,
metacritic_1067,sales_210,0.9999999999999999,,
metacritic_6354,sales_2269,0.9999999999999999,,
metacritic_11259,sales_4759,0.9999999999999999,,
metacritic_8127,sales_5397,0.9999999999999999,,
metacritic_15718,sales_1469,0.9999999999999999,,
metacritic_4458,sales_186,0.9999999999999999,,
metacritic_6525,sales_6096,0.8999999999999999,,
metacritic_2110,sales_138,0.9999999999999999,,
metacritic_15784,sales_3833,0.9999999999999999,,
metacritic_12450,sales_6218,0.9999999999999999,,
metacritic_19398,sales_5263,0.9999999999999999,,
metacritic_2799,sales_4456,0.9999999999999999,,
metacritic_8468,sales_6435,0.9999999999999999,,
metacritic_20458,sales_638,0.9999999999999999,,
metacritic_16771,sales_5918,0.9999999999999999,,
metacritic_11776,sales_5485,0.9999999999999999,,
metacritic_15802,sales_5379,0.9999999999999999,,
metacritic_19711,sales_6201,0.9999999999999999,,
metacritic_16629,sales_7313,0.9999999999999999,,
metacritic_8925,sales_5400,0.9999999999999999,,
metacritic_6581,sales_1202,0.8999999999999999,,
metacritic_4859,sales_2004,0.8999999999999999,,
metacritic_14634,sales_4758,0.9999999999999999,,
metacritic_20326,sales_6669,0.9999999999999999,,
metacritic_674,sales_198,0.9999999999999999,,
metacritic_13299,sales_2007,0.9999999999999999,,
metacritic_19295,sales_5679,0.8999999999999999,,
metacritic_11090,sales_6026,0.9999999999999999,,
metacritic_967,sales_1198,0.9999999999999999,,
metacritic_16885,sales_3570,0.9999999999999999,,
metacritic_5587,sales_4320,0.9999999999999999,,
metacritic_16729,sales_928,0.9999999999999999,,
metacritic_15485,sales_6173,0.9999999999999999,,
metacritic_6749,sales_1512,0.9999999999999999,,
metacritic_2255,sales_2015,0.9999999999999999,,
metacritic_13058,sales_5077,0.8999999999999999,,
metacritic_7471,sales_2574,0.9999999999999999,,
metacritic_19646,sales_4819,0.9999999999999999,,
metacritic_756,sales_500,0.9999999999999999,,
metacritic_19203,sales_5578,0.9999999999999999,,
metacritic_15030,sales_7330,0.9999999999999999,,
metacritic_11063,sales_1262,0.9999999999999999,,
metacritic_13960,sales_581,0.9999999999999999,,
metacritic_16138,sales_5982,0.8999999999999999,,
metacritic_2714,sales_414,0.9999999999999999,,
metacritic_3038,sales_281,0.9999999999999999,,
metacritic_12436,sales_2672,0.9999999999999999,,
metacritic_10355,sales_4373,0.9999999999999999,,
metacritic_7533,sales_1936,0.8999999999999999,,
metacritic_6428,sales_1361,0.9999999999999999,,
metacritic_11854,sales_4775,0.8999999999999999,,
metacritic_11648,sales_2994,0.9999999999999999,,
metacritic_10479,sales_5009,0.9999999999999999,,
metacritic_3330,sales_4514,0.9999999999999999,,
metacritic_16040,sales_5337,0.9999999999999999,,
metacritic_16697,sales_3065,0.9999999999999999,,
metacritic_2715,sales_1422,0.9999999999999999,,
metacritic_20085,sales_7059,0.9999999999999999,,
metacritic_12600,sales_4919,0.9999999999999999,,
metacritic_6438,sales_5791,0.9999999999999999,,
metacritic_3538,sales_2351,0.9999999999999999,,
metacritic_7433,sales_7311,0.9999999999999999,,
metacritic_10354,sales_6571,0.9999999999999999,,
metacritic_19765,sales_5711,0.9999999999999999,,
metacritic_18592,sales_2471,0.8999999999999999,,
metacritic_5125,sales_2591,0.9999999999999999,,
metacritic_17735,sales_5305,0.9999999999999999,,
metacritic_18682,sales_7426,0.9999999999999999,,
metacritic_16587,sales_3659,0.9999999999999999,,
metacritic_18681,sales_4783,0.9999999999999999,,
metacritic_14186,sales_6245,0.9999999999999999,,
metacritic_19481,sales_4183,0.9999999999999999,,
metacritic_714,sales_187,0.9999999999999999,,
metacritic_8028,sales_1211,0.9999999999999999,,
metacritic_16266,sales_3778,0.8999999999999999,,
metacritic_14253,sales_4424,0.9999999999999999,,
metacritic_10426,sales_2872,0.9999999999999999,,
metacritic_17756,sales_3188,0.8999999999999999,,
metacritic_12343,sales_1034,0.9999999999999999,,
metacritic_20427,sales_7133,0.9999999999999999,,
metacritic_19516,sales_4190,0.9999999999999999,,
metacritic_2090,sales_3113,0.9999999999999999,,
metacritic_11929,sales_6016,0.9999999999999999,,
metacritic_20047,sales_5284,0.9999999999999999,,
metacritic_13962,sales_5411,0.9999999999999999,,
metacritic_17770,sales_1611,0.9999999999999999,,
metacritic_2584,sales_1075,0.9999999999999999,,
metacritic_16978,sales_5955,0.9999999999999999,,
metacritic_20493,sales_1746,0.9999999999999999,,
metacritic_4321,sales_3936,0.9999999999999999,,
metacritic_19492,sales_7051,0.9999999999999999,,
metacritic_8953,sales_1492,0.9999999999999999,,
metacritic_12133,sales_4936,0.9999999999999999,,
metacritic_3372,sales_2726,0.8999999999999999,,
metacritic_16566,sales_4022,0.9999999999999999,,
metacritic_10457,sales_4940,0.9999999999999999,,
metacritic_20243,sales_2479,0.9999999999999999,,
metacritic_19274,sales_3013,0.9999999999999999,,
metacritic_8662,sales_5222,0.9999999999999999,,
metacritic_16377,sales_3775,0.9999999999999999,,
metacritic_4677,sales_3271,0.9999999999999999,,
metacritic_2733,sales_5029,0.9999999999999999,,
metacritic_19191,sales_3177,0.9999999999999999,,
metacritic_15941,sales_3641,0.9999999999999999,,
metacritic_19944,sales_3776,0.9999999999999999,,
metacritic_3746,sales_5127,0.9999999999999999,,
metacritic_12213,sales_4913,0.9999999999999999,,
metacritic_5679,sales_4677,0.9999999999999999,,
metacritic_18191,sales_4899,0.8999999999999999,,
metacritic_7490,sales_4463,0.8999999999999999,,
metacritic_17137,sales_4672,0.9999999999999999,,
metacritic_6976,sales_7331,0.8999999999999999,,
metacritic_7115,sales_2343,0.9999999999999999,,
metacritic_1129,sales_3385,0.9999999999999999,,
metacritic_5782,sales_480,0.9999999999999999,,
metacritic_5278,sales_421,0.9999999999999999,,
metacritic_1044,sales_1398,0.8285714285714285,,
metacritic_9492,sales_7511,0.9999999999999999,,
metacritic_5323,sales_1019,0.9999999999999999,,
metacritic_3180,sales_7680,0.9999999999999999,,
metacritic_10767,sales_4833,0.9999999999999999,,
metacritic_15852,sales_7749,0.9999999999999999,,
metacritic_12707,sales_7071,0.8999999999999999,,
metacritic_18877,sales_3897,0.9999999999999999,,
metacritic_11438,sales_2213,0.8999999999999999,,
metacritic_19196,sales_3225,0.9999999999999999,,
metacritic_16439,sales_4829,0.9999999999999999,,
metacritic_16199,sales_5227,0.9999999999999999,,
metacritic_16152,sales_4438,0.9999999999999999,,
metacritic_13257,sales_7553,0.9999999999999999,,
metacritic_14405,sales_2267,0.9999999999999999,,
metacritic_2191,sales_944,0.9999999999999999,,
metacritic_16739,sales_2637,0.9999999999999999,,
metacritic_5099,sales_496,0.9999999999999999,,
metacritic_20081,sales_3218,0.9999999999999999,,
metacritic_6660,sales_2077,0.9999999999999999,,
metacritic_17259,sales_7134,0.9999999999999999,,
metacritic_1118,sales_1794,0.9999999999999999,,
metacritic_16350,sales_4188,0.8999999999999999,,
metacritic_2581,sales_7323,0.9999999999999999,,
metacritic_19869,sales_2952,0.9999999999999999,,
metacritic_626,sales_893,0.9999999999999999,,
metacritic_1691,sales_2223,0.9999999999999999,,
metacritic_9904,sales_2050,0.9999999999999999,,
metacritic_4676,sales_5299,0.9999999999999999,,
metacritic_18037,sales_6381,0.8999999999999999,,
metacritic_13102,sales_3862,0.9999999999999999,,
metacritic_7529,sales_5122,0.9999999999999999,,
metacritic_19697,sales_4591,0.9999999999999999,,
metacritic_17421,sales_6814,0.9999999999999999,,
metacritic_4052,sales_2585,0.8999999999999999,,
metacritic_2104,sales_1725,0.8999999999999999,,
metacritic_19880,sales_7591,0.9999999999999999,,
metacritic_8258,sales_3402,0.9999999999999999,,
metacritic_5251,sales_3211,0.9999999999999999,,
metacritic_11527,sales_4108,0.9999999999999999,,
metacritic_1010,sales_1848,0.9999999999999999,,
metacritic_4277,sales_6870,0.9999999999999999,,
metacritic_19932,sales_4147,0.9999999999999999,,
metacritic_18062,sales_6442,0.9999999999999999,,
metacritic_15733,sales_7504,0.9999999999999999,,
metacritic_17400,sales_6459,0.9999999999999999,,
metacritic_15424,sales_5520,0.9999999999999999,,
metacritic_14185,sales_4206,0.9999999999999999,,
metacritic_8614,sales_5856,0.9999999999999999,,
metacritic_12388,sales_6826,0.9999999999999999,,
metacritic_4298,sales_1326,0.9999999999999999,,
metacritic_6965,sales_1175,0.9999999999999999,,
metacritic_16552,sales_2744,0.9999999999999999,,
metacritic_16422,sales_7691,0.9999999999999999,,
metacritic_5336,sales_487,0.8999999999999999,,
metacritic_42,sales_25,0.9999999999999999,,
metacritic_5739,sales_6106,0.9999999999999999,,
metacritic_4943,sales_5977,0.9999999999999999,,
metacritic_5367,sales_6037,0.85,,
metacritic_6473,sales_5429,0.9999999999999999,,
metacritic_1464,sales_1702,0.9999999999999999,,
metacritic_18341,sales_2848,0.9999999999999999,,
metacritic_18303,sales_6460,0.9999999999999999,,
metacritic_16117,sales_6716,0.9999999999999999,,
metacritic_2786,sales_3238,0.9999999999999999,,
metacritic_13778,sales_2034,0.9999999999999999,,
metacritic_4852,sales_1520,0.9999999999999999,,
metacritic_15397,sales_5920,0.8999999999999999,,
metacritic_20,sales_22,0.9999999999999999,,
metacritic_6915,sales_7102,0.9999999999999999,,
metacritic_18898,sales_5364,0.9999999999999999,,
metacritic_2691,sales_2711,0.8999999999999999,,
metacritic_5116,sales_3289,0.9999999999999999,,
metacritic_8283,sales_1222,0.9999999999999999,,
metacritic_886,sales_6136,0.9999999999999999,,
metacritic_17618,sales_2191,0.9999999999999999,,
metacritic_1240,sales_1037,0.8285714285714285,,
metacritic_16525,sales_4544,0.9999999999999999,,
metacritic_19994,sales_6893,0.9999999999999999,,
metacritic_5319,sales_3765,0.9999999999999999,,
metacritic_15125,sales_6722,0.8999999999999999,,
metacritic_9285,sales_5108,0.8999999999999999,,
metacritic_13859,sales_3577,0.9999999999999999,,
metacritic_11175,sales_3004,0.85,,
metacritic_12279,sales_3059,0.9999999999999999,,
metacritic_17068,sales_7524,0.9999999999999999,,
metacritic_18676,sales_2668,0.9999999999999999,,
metacritic_15441,sales_5495,0.9999999999999999,,
metacritic_9353,sales_2847,0.9999999999999999,,
metacritic_5915,sales_2755,0.9999999999999999,,
metacritic_14321,sales_4736,0.9999999999999999,,
metacritic_10788,sales_7870,0.8999999999999999,,
metacritic_20189,sales_5180,0.9999999999999999,,
metacritic_18908,sales_7149,0.9999999999999999,,
metacritic_20445,sales_447,0.9999999999999999,,
metacritic_19324,sales_6134,0.8999999999999999,,
metacritic_11653,sales_3780,0.9999999999999999,,
metacritic_5217,sales_6025,0.9999999999999999,,
metacritic_9133,sales_2488,0.85,,
metacritic_13904,sales_6283,0.9999999999999999,,
metacritic_14092,sales_2616,0.9999999999999999,,
metacritic_19469,sales_4088,0.9999999999999999,,
metacritic_14133,sales_5046,0.9999999999999999,,
metacritic_18694,sales_7175,0.9999999999999999,,
metacritic_13620,sales_3907,0.9999999999999999,,
metacritic_7722,sales_4822,0.9999999999999999,,
metacritic_13223,sales_2534,0.9999999999999999,,
metacritic_19820,sales_7838,0.9999999999999999,,
metacritic_16347,sales_2572,0.9999999999999999,,
metacritic_13427,sales_2922,0.9999999999999999,,
metacritic_6541,sales_6747,0.9999999999999999,,
metacritic_11465,sales_6094,0.9999999999999999,,
metacritic_15628,sales_5464,0.9999999999999999,,
metacritic_16666,sales_3040,0.9999999999999999,,
metacritic_2477,sales_4752,0.9999999999999999,,
metacritic_9675,sales_5552,0.9999999999999999,,
metacritic_6887,sales_4979,0.9999999999999999,,
metacritic_14534,sales_992,0.9999999999999999,,
metacritic_16260,sales_7670,0.9999999999999999,,
metacritic_16215,sales_3758,0.9999999999999999,,
metacritic_2952,sales_3919,0.9999999999999999,,
metacritic_17415,sales_2367,0.9999999999999999,,
metacritic_7678,sales_3768,0.9999999999999999,,
metacritic_1484,sales_1816,0.9999999999999999,,
metacritic_14239,sales_3217,0.9999999999999999,,
metacritic_16045,sales_2065,0.9999999999999999,,
metacritic_10885,sales_2327,0.9999999999999999,,
metacritic_17865,sales_4487,0.9999999999999999,,
metacritic_12512,sales_7587,0.9999999999999999,,
metacritic_18152,sales_2782,0.8999999999999999,,
metacritic_13002,sales_4723,0.9999999999999999,,
metacritic_19465,sales_2339,0.9999999999999999,,
metacritic_12152,sales_2331,0.9999999999999999,,
metacritic_4047,sales_2815,0.9999999999999999,,
metacritic_18544,sales_3709,0.9999999999999999,,
metacritic_15558,sales_4912,0.9999999999999999,,
metacritic_13157,sales_4366,0.9999999999999999,,
metacritic_7240,sales_6067,0.9999999999999999,,
metacritic_8007,sales_4038,0.8,,
metacritic_5692,sales_1376,0.9999999999999999,,
metacritic_15127,sales_1415,0.8999999999999999,,
metacritic_5095,sales_678,0.9999999999999999,,
metacritic_4334,sales_2598,0.8285714285714285,,
metacritic_12041,sales_632,0.9999999999999999,,
metacritic_5540,sales_3122,0.9999999999999999,,
metacritic_5017,sales_6641,0.8999999999999999,,
metacritic_2782,sales_5336,0.9999999999999999,,
metacritic_9562,sales_1199,0.9999999999999999,,
metacritic_3248,sales_2321,0.9999999999999999,,
metacritic_19857,sales_6052,0.9999999999999999,,
metacritic_895,sales_1367,0.9999999999999999,,
metacritic_11006,sales_3694,0.8999999999999999,,
metacritic_12733,sales_6033,0.8999999999999999,,
metacritic_18867,sales_4753,0.9999999999999999,,
metacritic_11301,sales_6062,0.9999999999999999,,
metacritic_7316,sales_4476,0.9999999999999999,,
metacritic_16265,sales_4231,0.9999999999999999,,
metacritic_15983,sales_5034,0.9999999999999999,,
metacritic_15817,sales_1598,0.9999999999999999,,
metacritic_6819,sales_5641,0.9999999999999999,,
metacritic_1961,sales_1707,0.9999999999999999,,
metacritic_19466,sales_3287,0.9999999999999999,,
metacritic_17071,sales_3462,0.9999999999999999,,
metacritic_19921,sales_3920,0.9999999999999999,,
metacritic_9660,sales_6008,0.9999999999999999,,
metacritic_19132,sales_5268,0.9999999999999999,,
metacritic_16727,sales_5167,0.9999999999999999,,
metacritic_19313,sales_5437,0.9999999999999999,,
metacritic_12741,sales_1780,0.9999999999999999,,
metacritic_17582,sales_5627,0.9999999999999999,,
metacritic_18285,sales_6777,0.9999999999999999,,
metacritic_16504,sales_6376,0.9999999999999999,,
metacritic_12725,sales_2883,0.9999999999999999,,
metacritic_13338,sales_1020,0.9999999999999999,,
metacritic_14633,sales_1874,0.8999999999999999,,
metacritic_6592,sales_2730,0.9999999999999999,,
metacritic_15826,sales_1061,0.9999999999999999,,
metacritic_18670,sales_6751,0.9999999999999999,,
metacritic_12353,sales_6129,0.9999999999999999,,
metacritic_10700,sales_2021,0.9999999999999999,,
metacritic_15234,sales_6611,0.9999999999999999,,
metacritic_10831,sales_314,0.9999999999999999,,
metacritic_5171,sales_7421,0.85,,
metacritic_9129,sales_747,0.9999999999999999,,
metacritic_4185,sales_1630,0.9999999999999999,,
metacritic_19625,sales_7689,0.9999999999999999,,
metacritic_7845,sales_1076,0.9999999999999999,,
metacritic_71,sales_304,0.9999999999999999,,
metacritic_18887,sales_5780,0.9999999999999999,,
metacritic_1722,sales_3130,0.8999999999999999,,
metacritic_2655,sales_1029,0.9,,
metacritic_19161,sales_5118,0.9999999999999999,,
metacritic_554,sales_7544,0.9999999999999999,,
metacritic_19419,sales_3918,0.9999999999999999,,
metacritic_13271,sales_3032,0.9999999999999999,,
metacritic_2259,sales_869,0.9999999999999999,,
metacritic_19889,sales_7688,0.9999999999999999,,
metacritic_10138,sales_859,0.9999999999999999,,
metacritic_4144,sales_4886,0.9999999999999999,,
metacritic_10110,sales_1459,0.9999999999999999,,
metacritic_20448,sales_118,0.9999999999999999,,
metacritic_19240,sales_68,0.9999999999999999,,
metacritic_13850,sales_4934,0.9999999999999999,,
metacritic_10917,sales_4178,0.9999999999999999,,
metacritic_13666,sales_7744,0.9999999999999999,,
metacritic_5924,sales_2485,0.9999999999999999,,
metacritic_13449,sales_4547,0.9999999999999999,,
metacritic_705,sales_929,0.9999999999999999,,
metacritic_3644,sales_3704,0.9999999999999999,,
metacritic_6945,sales_1637,0.9999999999999999,,
metacritic_16652,sales_4900,0.9999999999999999,,
metacritic_11987,sales_2221,0.9999999999999999,,
metacritic_17966,sales_2763,0.9999999999999999,,
metacritic_10190,sales_5883,0.9999999999999999,,
metacritic_1505,sales_7476,0.9999999999999999,,
metacritic_4066,sales_2548,0.9999999999999999,,
metacritic_7290,sales_6899,0.9999999999999999,,
metacritic_13159,sales_5105,0.8999999999999999,,
metacritic_17596,sales_5931,0.9999999999999999,,
metacritic_15987,sales_291,0.9999999999999999,,
metacritic_10499,sales_6288,0.9999999999999999,,
metacritic_6240,sales_6562,0.8999999999999999,,
metacritic_19198,sales_5250,0.9999999999999999,,
metacritic_19760,sales_6654,0.9999999999999999,,
metacritic_18772,sales_3327,0.9999999999999999,,
metacritic_125,sales_423,0.9999999999999999,,
metacritic_15750,sales_2400,0.9999999999999999,,
metacritic_10667,sales_6340,0.9999999999999999,,
metacritic_3376,sales_2413,0.9999999999999999,,
metacritic_16868,sales_3588,0.8999999999999999,,
metacritic_2437,sales_3786,0.9999999999999999,,
metacritic_18229,sales_6683,0.9999999999999999,,
metacritic_2154,sales_4097,0.9999999999999999,,
metacritic_18088,sales_3721,0.9999999999999999,,
metacritic_15316,sales_4312,0.9999999999999999,,
metacritic_8992,sales_3368,0.9999999999999999,,
metacritic_12860,sales_4610,0.9999999999999999,,
metacritic_17287,sales_7586,0.9999999999999999,,
metacritic_13605,sales_3027,0.9999999999999999,,
metacritic_13694,sales_1506,0.9999999999999999,,
metacritic_20370,sales_4858,0.9999999999999999,,
metacritic_2168,sales_523,0.9999999999999999,,
metacritic_10526,sales_3439,0.8999999999999999,,
metacritic_12201,sales_312,0.9999999999999999,,
metacritic_14009,sales_3400,0.9999999999999999,,
metacritic_16926,sales_3187,0.9999999999999999,,
metacritic_9154,sales_2665,0.9999999999999999,,
metacritic_2335,sales_369,0.9999999999999999,,
metacritic_17181,sales_1447,0.9999999999999999,,
metacritic_3989,sales_2449,0.9999999999999999,,
metacritic_8519,sales_5117,0.9999999999999999,,
metacritic_3147,sales_1999,0.9999999999999999,,
metacritic_8305,sales_4228,0.8999999999999999,,
metacritic_4015,sales_3761,0.9999999999999999,,
metacritic_14291,sales_5823,0.9999999999999999,,
metacritic_17513,sales_3459,0.9999999999999999,,
metacritic_1878,sales_1221,0.9999999999999999,,
metacritic_8539,sales_4092,0.9999999999999999,,
metacritic_9151,sales_1786,0.9999999999999999,,
metacritic_10337,sales_4734,0.9999999999999999,,
metacritic_20430,sales_176,0.9999999999999999,,
metacritic_18923,sales_2137,0.9999999999999999,,
metacritic_8423,sales_2227,0.9999999999999999,,
metacritic_11578,sales_7724,0.9999999999999999,,
metacritic_16196,sales_2228,0.9999999999999999,,
metacritic_594,sales_1446,0.9999999999999999,,
metacritic_6269,sales_2219,0.9999999999999999,,
metacritic_13378,sales_5441,0.8999999999999999,,
metacritic_16289,sales_6657,0.9,,
metacritic_5101,sales_7333,0.9999999999999999,,
metacritic_5460,sales_381,0.8285714285714285,,
metacritic_8449,sales_6150,0.9999999999999999,,
metacritic_4141,sales_1243,0.9999999999999999,,
metacritic_2808,sales_1604,0.8999999999999999,,
metacritic_17934,sales_2287,0.8999999999999999,,
metacritic_20131,sales_2739,0.82,,
metacritic_4975,sales_5472,0.9999999999999999,,
metacritic_1609,sales_3234,0.9999999999999999,,
metacritic_10130,sales_3403,0.9999999999999999,,
metacritic_15128,sales_5979,0.9999999999999999,,
metacritic_14193,sales_3533,0.9999999999999999,,
metacritic_10160,sales_2862,0.9999999999999999,,
metacritic_10967,sales_3630,0.9999999999999999,,
metacritic_11669,sales_2470,0.9999999999999999,,
metacritic_15611,sales_2042,0.9999999999999999,,
metacritic_6477,sales_1102,0.9999999999999999,,
metacritic_6003,sales_1527,0.9999999999999999,,
metacritic_18527,sales_6949,0.9999999999999999,,
metacritic_11716,sales_4094,0.9999999999999999,,
metacritic_18607,sales_3958,0.9999999999999999,,
metacritic_5177,sales_510,0.9999999999999999,,
metacritic_11845,sales_6558,0.9999999999999999,,
metacritic_16514,sales_7833,0.9999999999999999,,
metacritic_11176,sales_6045,0.9999999999999999,,
metacritic_523,sales_6125,0.9999999999999999,,
metacritic_2836,sales_5929,0.9999999999999999,,
metacritic_14777,sales_1213,0.9999999999999999,,
metacritic_220,sales_444,0.9999999999999999,,
metacritic_14722,sales_2635,0.9999999999999999,,
metacritic_2820,sales_62,0.9999999999999999,,
metacritic_366,sales_215,0.9999999999999999,,
metacritic_19801,sales_3605,0.9999999999999999,,
metacritic_3215,sales_5120,0.9999999999999999,,
metacritic_18092,sales_4661,0.9999999999999999,,
metacritic_944,sales_1390,0.9999999999999999,,
metacritic_178,sales_3404,0.9999999999999999,,
metacritic_7223,sales_1297,0.9999999999999999,,
metacritic_18580,sales_7814,0.8999999999999999,,
metacritic_8171,sales_7090,0.9999999999999999,,
metacritic_17696,sales_7712,0.9999999999999999,,
metacritic_6859,sales_2340,0.9999999999999999,,
metacritic_20225,sales_5234,0.9999999999999999,,
metacritic_10149,sales_4256,0.85,,
metacritic_9820,sales_3914,0.9999999999999999,,
metacritic_16018,sales_5661,0.9999999999999999,,
metacritic_11510,sales_47,0.9999999999999999,,
metacritic_1348,sales_1063,0.8999999999999999,,
metacritic_11045,sales_6286,0.8999999999999999,,
metacritic_10504,sales_5215,0.9999999999999999,,
metacritic_718,sales_6469,0.9999999999999999,,
metacritic_20348,sales_5897,0.9999999999999999,,
metacritic_19825,sales_5457,0.9999999999999999,,
metacritic_3475,sales_634,0.9999999999999999,,
metacritic_905,sales_3407,0.9999999999999999,,
metacritic_18499,sales_3506,0.9999999999999999,,
metacritic_2094,sales_387,0.9999999999999999,,
metacritic_15171,sales_3593,0.8999999999999999,,
metacritic_15859,sales_3987,0.9999999999999999,,
metacritic_776,sales_4211,0.9999999999999999,,
metacritic_5085,sales_7212,0.9999999999999999,,
metacritic_16368,sales_7846,0.9999999999999999,,
metacritic_17533,sales_7519,0.9999999999999999,,
metacritic_19647,sales_5755,0.9999999999999999,,
metacritic_10904,sales_776,0.9999999999999999,,
metacritic_1055,sales_3880,0.9999999999999999,,
metacritic_11738,sales_3861,0.8999999999999999,,
metacritic_14488,sales_3790,0.9999999999999999,,
metacritic_4536,sales_1354,0.9999999999999999,,
metacritic_17183,sales_5030,0.9999999999999999,,
metacritic_2877,sales_2771,0.8999999999999999,,
metacritic_6818,sales_7765,0.8999999999999999,,
metacritic_6015,sales_3521,0.9999999999999999,,
metacritic_2159,sales_817,0.9999999999999999,,
metacritic_11843,sales_5637,0.9999999999999999,,
metacritic_3374,sales_4580,0.9999999999999999,,
metacritic_15249,sales_4997,0.8999999999999999,,
metacritic_18927,sales_1532,0.9999999999999999,,
metacritic_1190,sales_847,0.9999999999999999,,
metacritic_2188,sales_4372,0.8,,
metacritic_4916,sales_4247,0.9999999999999999,,
metacritic_691,sales_2363,0.9999999999999999,,
metacritic_17799,sales_4835,0.8999999999999999,,
metacritic_5969,sales_676,0.8999999999999999,,
metacritic_17435,sales_2387,0.9999999999999999,,
metacritic_4753,sales_4305,0.9999999999999999,,
metacritic_19539,sales_3813,0.9999999999999999,,
metacritic_9267,sales_7614,0.9999999999999999,,
metacritic_785,sales_1381,0.9999999999999999,,
metacritic_12209,sales_2884,0.9999999999999999,,
metacritic_3793,sales_5124,0.9999999999999999,,
metacritic_403,sales_773,0.9999999999999999,,
metacritic_12103,sales_2495,0.9999999999999999,,
metacritic_4317,sales_909,0.9999999999999999,,
metacritic_11654,sales_7602,0.9999999999999999,,
metacritic_16530,sales_6835,0.8999999999999999,,
metacritic_2367,sales_7410,0.9999999999999999,,
metacritic_20459,sales_5177,0.9999999999999999,,
metacritic_12840,sales_2724,0.9999999999999999,,
metacritic_19151,sales_2767,0.9999999999999999,,
metacritic_12976,sales_7099,0.9999999999999999,,
metacritic_7956,sales_7300,0.9999999999999999,,
metacritic_5500,sales_3333,0.9999999999999999,,
metacritic_10272,sales_5801,0.8999999999999999,,
metacritic_16914,sales_1749,0.9999999999999999,,
metacritic_19168,sales_4441,0.9999999999999999,,
metacritic_18448,sales_3347,0.9999999999999999,,
metacritic_8884,sales_1993,0.9999999999999999,,
metacritic_18234,sales_4150,0.9999999999999999,,
metacritic_1680,sales_7449,0.9999999999999999,,
metacritic_16378,sales_5569,0.8999999999999999,,
metacritic_10133,sales_6160,0.9999999999999999,,
metacritic_7288,sales_2440,0.9999999999999999,,
metacritic_2987,sales_1435,0.9999999999999999,,
metacritic_16241,sales_4443,0.9999999999999999,,
metacritic_9433,sales_2092,0.9999999999999999,,
metacritic_18551,sales_2931,0.9999999999999999,,
metacritic_2113,sales_5060,0.9999999999999999,,
metacritic_2864,sales_1138,0.9999999999999999,,
metacritic_20079,sales_7380,0.8999999999999999,,
metacritic_14922,sales_6726,0.9999999999999999,,
metacritic_3055,sales_1160,0.9999999999999999,,
metacritic_11981,sales_6360,0.9999999999999999,,
metacritic_4977,sales_4618,0.9999999999999999,,
metacritic_9640,sales_2045,0.9999999999999999,,
metacritic_5255,sales_6913,0.9999999999999999,,
metacritic_9172,sales_531,0.9999999999999999,,
metacritic_11557,sales_7678,0.9999999999999999,,
metacritic_4140,sales_7871,0.9999999999999999,,
metacritic_10486,sales_6615,0.9999999999999999,,
metacritic_10819,sales_7758,0.9999999999999999,,
metacritic_11145,sales_6010,0.9999999999999999,,
metacritic_16327,sales_2444,0.9999999999999999,,
metacritic_11992,sales_1067,0.9999999999999999,,
metacritic_17030,sales_2657,0.9999999999999999,,
metacritic_5098,sales_1461,0.9999999999999999,,
metacritic_4629,sales_6271,0.9999999999999999,,
metacritic_17991,sales_4996,0.9999999999999999,,
metacritic_10621,sales_1928,0.8999999999999999,,
metacritic_306,sales_97,0.9999999999999999,,
metacritic_19291,sales_3086,0.9999999999999999,,
metacritic_18028,sales_7252,0.9999999999999999,,
metacritic_15589,sales_4145,0.9999999999999999,,
metacritic_5211,sales_1336,0.8999999999999999,,
metacritic_16416,sales_4935,0.9999999999999999,,
metacritic_16038,sales_7684,0.8999999999999999,,
metacritic_121,sales_1421,0.9999999999999999,,
metacritic_14367,sales_3973,0.9999999999999999,,
metacritic_3592,sales_1617,0.9999999999999999,,
metacritic_15134,sales_4606,0.8999999999999999,,
metacritic_16737,sales_4768,0.9999999999999999,,
metacritic_19939,sales_3748,0.9999999999999999,,
metacritic_14786,sales_868,0.9999999999999999,,
metacritic_12063,sales_740,0.9999999999999999,,
metacritic_3022,sales_4855,0.9999999999999999,,
metacritic_12427,sales_2425,0.8999999999999999,,
metacritic_6064,sales_3796,0.9999999999999999,,
metacritic_15066,sales_4548,0.9999999999999999,,
metacritic_17123,sales_4468,0.8999999999999999,,
metacritic_14362,sales_6172,0.9999999999999999,,
metacritic_6329,sales_6679,0.9999999999999999,,
metacritic_9054,sales_40,0.9999999999999999,,
metacritic_789,sales_2530,0.8999999999999999,,
metacritic_15143,sales_872,0.9999999999999999,,
metacritic_20377,sales_5764,0.9999999999999999,,
metacritic_11532,sales_3370,0.9999999999999999,,
metacritic_18090,sales_3891,0.9999999999999999,,
metacritic_19948,sales_2426,0.9999999999999999,,
metacritic_2146,sales_934,0.9999999999999999,,
metacritic_891,sales_3859,0.9999999999999999,,
metacritic_101,sales_123,0.9999999999999999,,
metacritic_12773,sales_4481,0.9999999999999999,,
metacritic_19752,sales_5133,0.9999999999999999,,
metacritic_16449,sales_4236,0.9999999999999999,,
metacritic_17325,sales_5261,0.9999999999999999,,
metacritic_2778,sales_1258,0.9999999999999999,,
metacritic_18323,sales_4460,0.9999999999999999,,
metacritic_9993,sales_3656,0.9999999999999999,,
metacritic_11252,sales_569,0.9999999999999999,,
metacritic_5942,sales_3052,0.9999999999999999,,
metacritic_1090,sales_87,0.9999999999999999,,
metacritic_19029,sales_4215,0.9999999999999999,,
metacritic_18357,sales_7526,0.9999999999999999,,
metacritic_8652,sales_1476,0.9999999999999999,,
metacritic_4384,sales_1248,0.9999999999999999,,
metacritic_13298,sales_7062,0.9999999999999999,,
metacritic_12210,sales_1465,0.9999999999999999,,
metacritic_6562,sales_4429,0.9999999999999999,,
metacritic_18334,sales_6620,0.9999999999999999,,
metacritic_17681,sales_5640,0.9999999999999999,,
metacritic_13114,sales_1287,0.9999999999999999,,
metacritic_16724,sales_833,0.9999999999999999,,
metacritic_492,sales_4095,0.9999999999999999,,
metacritic_3942,sales_7556,0.9999999999999999,,
metacritic_2324,sales_36,0.9999999999999999,,
metacritic_8415,sales_1657,0.9999999999999999,,
metacritic_4128,sales_3148,0.9999999999999999,,
metacritic_19695,sales_5936,0.9999999999999999,,
metacritic_9250,sales_1700,0.9999999999999999,,
metacritic_20048,sales_4144,0.9999999999999999,,
metacritic_20481,sales_372,0.9999999999999999,,
metacritic_17781,sales_2688,0.9999999999999999,,
metacritic_7472,sales_4182,0.9999999999999999,,
metacritic_16601,sales_9,0.9999999999999999,,
metacritic_17301,sales_5438,0.8285714285714285,,
metacritic_13968,sales_2130,0.9999999999999999,,
metacritic_14471,sales_6214,0.9999999999999999,,
metacritic_3950,sales_2420,0.9999999999999999,,
metacritic_8215,sales_6827,0.9999999999999999,,
metacritic_2235,sales_3701,0.9999999999999999,,
metacritic_2270,sales_6111,0.9999999999999999,,
metacritic_9871,sales_2960,0.9999999999999999,,
metacritic_17222,sales_4956,0.9999999999999999,,
metacritic_19118,sales_6664,0.9999999999999999,,
metacritic_6779,sales_1907,0.9999999999999999,,
metacritic_6082,sales_3340,0.9999999999999999,,
metacritic_19621,sales_6560,0.8999999999999999,,
metacritic_215,sales_2295,0.9999999999999999,,
metacritic_11819,sales_1924,0.9999999999999999,,
metacritic_15939,sales_5351,0.9999999999999999,,
metacritic_6231,sales_775,0.9999999999999999,,
metacritic_3665,sales_901,0.9999999999999999,,
metacritic_10884,sales_5793,0.9999999999999999,,
metacritic_14234,sales_1925,0.9999999999999999,,
metacritic_12160,sales_3950,0.9999999999999999,,
metacritic_18759,sales_867,0.9999999999999999,,
metacritic_19526,sales_6817,0.9999999999999999,,
metacritic_9221,sales_46,0.9999999999999999,,
metacritic_1059,sales_360,0.9999999999999999,,
metacritic_19296,sales_5851,0.9999999999999999,,
metacritic_3978,sales_1931,0.8,,
metacritic_16717,sales_4563,0.8999999999999999,,
metacritic_1796,sales_345,0.8999999999999999,,
metacritic_454,sales_648,0.9999999999999999,,
metacritic_12107,sales_5483,0.9999999999999999,,
metacritic_18596,sales_4555,0.9999999999999999,,
metacritic_19726,sales_2516,0.9999999999999999,,
metacritic_10222,sales_3763,0.9999999999999999,,
metacritic_4849,sales_2493,0.9999999999999999,,
metacritic_18757,sales_4193,0.9999999999999999,,
metacritic_632,sales_1853,0.9999999999999999,,
metacritic_1756,sales_1021,0.9999999999999999,,
metacritic_16431,sales_7068,0.9999999999999999,,
metacritic_8,sales_3889,0.9999999999999999,,
metacritic_16173,sales_4928,0.8999999999999999,,
metacritic_15400,sales_2756,0.9999999999999999,,
metacritic_3675,sales_4595,0.9999999999999999,,
metacritic_15289,sales_538,0.8999999999999999,,
metacritic_2530,sales_3243,0.9999999999999999,,
metacritic_10673,sales_2109,0.9999999999999999,,
metacritic_14586,sales_1632,0.8999999999999999,,
metacritic_1604,sales_3135,0.9999999999999999,,
metacritic_10105,sales_3096,0.9999999999999999,,
metacritic_6350,sales_3422,0.9999999999999999,,
metacritic_20140,sales_5744,0.9999999999999999,,
metacritic_9613,sales_5329,0.9999999999999999,,
metacritic_17090,sales_5746,0.9999999999999999,,
metacritic_20340,sales_5879,0.9999999999999999,,
metacritic_1092,sales_3940,0.9999999999999999,,
metacritic_10709,sales_2695,0.9999999999999999,,
metacritic_9480,sales_6370,0.8999999999999999,,
metacritic_2906,sales_7739,0.9999999999999999,,
metacritic_1031,sales_7358,0.9999999999999999,,
metacritic_844,sales_20,0.8,,
metacritic_1239,sales_180,0.8999999999999999,,
metacritic_15195,sales_4023,0.9999999999999999,,
metacritic_3117,sales_4343,0.9999999999999999,,
metacritic_19997,sales_7659,0.9999999999999999,,
metacritic_397,sales_2198,0.9999999999999999,,
metacritic_1738,sales_767,0.9999999999999999,,
metacritic_14957,sales_6783,0.9999999999999999,,
metacritic_1778,sales_122,0.9999999999999999,,
metacritic_16725,sales_7496,0.9999999999999999,,
metacritic_17386,sales_4170,0.9999999999999999,,
metacritic_10062,sales_4689,0.8999999999999999,,
metacritic_9392,sales_3401,0.9999999999999999,,
metacritic_20156,sales_5392,0.9999999999999999,,
metacritic_1419,sales_1236,0.9999999999999999,,
metacritic_2081,sales_662,0.9999999999999999,,
metacritic_555,sales_1753,0.9999999999999999,,
metacritic_2589,sales_4891,0.9999999999999999,,
metacritic_7687,sales_5773,0.9999999999999999,,
metacritic_13607,sales_6730,0.9999999999999999,,
metacritic_9606,sales_6450,0.9999999999999999,,
metacritic_1421,sales_527,0.9999999999999999,,
metacritic_5810,sales_1529,0.9999999999999999,,
metacritic_14593,sales_3855,0.9999999999999999,,
metacritic_12080,sales_7863,0.9999999999999999,,
metacritic_9382,sales_4599,0.9999999999999999,,
metacritic_18009,sales_5722,0.9999999999999999,,
metacritic_17482,sales_786,0.9999999999999999,,
metacritic_9128,sales_4427,0.9999999999999999,,
metacritic_3722,sales_7368,0.9999999999999999,,
metacritic_858,sales_1486,0.9999999999999999,,
metacritic_13676,sales_3298,0.9999999999999999,,
metacritic_13227,sales_54,0.9999999999999999,,
metacritic_6247,sales_3929,0.9999999999999999,,
metacritic_669,sales_4,0.9999999999999999,,
metacritic_7297,sales_1485,0.9999999999999999,,
metacritic_13484,sales_6583,0.9999999999999999,,
metacritic_10468,sales_3596,0.9999999999999999,,
metacritic_4324,sales_3488,0.9999999999999999,,
metacritic_15669,sales_4034,0.9999999999999999,,
metacritic_18525,sales_4635,0.9999999999999999,,
metacritic_1908,sales_1935,0.9999999999999999,,
metacritic_16569,sales_2988,0.9999999999999999,,
metacritic_8861,sales_4156,0.9999999999999999,,
metacritic_6954,sales_5932,0.9999999999999999,,
metacritic_4538,sales_5322,0.9999999999999999,,
metacritic_19355,sales_4630,0.9999999999999999,,
metacritic_12286,sales_5772,0.9999999999999999,,
metacritic_12771,sales_2911,0.9999999999999999,,
metacritic_17847,sales_6175,0.9999999999999999,,
metacritic_19922,sales_7194,0.9999999999999999,,
metacritic_20392,sales_4506,0.9999999999999999,,
metacritic_19148,sales_7558,0.9999999999999999,,
metacritic_15637,sales_5140,0.8999999999999999,,
metacritic_12221,sales_1721,0.9999999999999999,,
metacritic_14781,sales_6462,0.9999999999999999,,
metacritic_1375,sales_2133,0.9999999999999999,,
metacritic_16952,sales_2017,0.9999999999999999,,
metacritic_16110,sales_3249,0.9999999999999999,,
metacritic_17626,sales_4203,0.9999999999999999,,
metacritic_17518,sales_7165,0.9999999999999999,,
metacritic_9071,sales_950,0.9999999999999999,,
metacritic_15961,sales_4557,0.9999999999999999,,
metacritic_622,sales_1923,0.9999999999999999,,
metacritic_14110,sales_5065,0.9999999999999999,,
metacritic_171,sales_5968,0.9999999999999999,,
metacritic_2663,sales_7224,0.9999999999999999,,
metacritic_6918,sales_227,0.9999999999999999,,
metacritic_17241,sales_3240,0.9999999999999999,,
metacritic_14908,sales_4404,0.9999999999999999,,
metacritic_2940,sales_851,0.9999999999999999,,
metacritic_6284,sales_7847,0.9999999999999999,,
metacritic_11574,sales_1285,0.9999999999999999,,
metacritic_20471,sales_84,0.9999999999999999,,
metacritic_17074,sales_2961,0.9999999999999999,,
metacritic_17063,sales_7709,0.9999999999999999,,
metacritic_17459,sales_5994,0.9999999999999999,,
metacritic_13856,sales_1960,0.9999999999999999,,
metacritic_3844,sales_3624,0.8999999999999999,,
metacritic_12014,sales_1391,0.9999999999999999,,
metacritic_10350,sales_7613,0.9999999999999999,,
metacritic_6868,sales_4019,0.9999999999999999,,
metacritic_12740,sales_6670,0.9999999999999999,,
metacritic_6282,sales_3497,0.9999999999999999,,
metacritic_16702,sales_5756,0.9999999999999999,,
metacritic_19127,sales_6412,0.9999999999999999,,
metacritic_13527,sales_3982,0.9999999999999999,,
metacritic_8689,sales_1613,0.9999999999999999,,
metacritic_13144,sales_2433,0.9999999999999999,,
metacritic_17476,sales_2586,0.9999999999999999,,
metacritic_15867,sales_927,0.9999999999999999,,
metacritic_14524,sales_4117,0.9999999999999999,,
metacritic_7634,sales_6261,0.9999999999999999,,
metacritic_17318,sales_2969,0.9999999999999999,,
metacritic_697,sales_645,0.9999999999999999,,
metacritic_645,sales_4967,0.9999999999999999,,
metacritic_18140,sales_2554,0.9999999999999999,,
metacritic_8168,sales_2062,0.9999999999999999,,
metacritic_20412,sales_234,0.9999999999999999,,
metacritic_16166,sales_7571,0.9999999999999999,,
metacritic_2876,sales_1585,0.9999999999999999,,
metacritic_11691,sales_6366,0.9999999999999999,,
metacritic_19002,sales_4893,0.9999999999999999,,
metacritic_8804,sales_7653,0.9999999999999999,,
metacritic_18762,sales_3564,0.9999999999999999,,
metacritic_4787,sales_2606,0.9999999999999999,,
metacritic_8979,sales_5508,0.8999999999999999,,
metacritic_13220,sales_5564,0.9999999999999999,,
metacritic_1455,sales_2436,0.9999999999999999,,
metacritic_13430,sales_1888,0.9999999999999999,,
metacritic_15423,sales_2823,0.9999999999999999,,
metacritic_20353,sales_4106,0.9999999999999999,,
metacritic_16802,sales_3071,0.9999999999999999,,
metacritic_2525,sales_1621,0.9999999999999999,,
metacritic_14978,sales_3044,0.9999999999999999,,
metacritic_18836,sales_2914,0.9999999999999999,,
metacritic_4462,sales_4232,0.9999999999999999,,
metacritic_3481,sales_3654,0.9999999999999999,,
metacritic_12683,sales_7679,0.9999999999999999,,
metacritic_2353,sales_4659,0.9999999999999999,,
metacritic_18205,sales_7205,0.9999999999999999,,
metacritic_6678,sales_6000,0.9999999999999999,,
metacritic_3864,sales_2316,0.9999999999999999,,
metacritic_1790,sales_1007,0.9999999999999999,,
metacritic_15551,sales_975,0.9999999999999999,,
metacritic_9226,sales_1593,0.9999999999999999,,
metacritic_14078,sales_3219,0.9999999999999999,,
metacritic_6285,sales_7457,0.9999999999999999,,
metacritic_2638,sales_723,0.9999999999999999,,
metacritic_14316,sales_6001,0.9999999999999999,,
metacritic_957,sales_586,0.9999999999999999,,
metacritic_5449,sales_5724,0.8999999999999999,,
metacritic_19913,sales_7056,0.9999999999999999,,
metacritic_17066,sales_5769,0.9999999999999999,,
metacritic_8407,sales_3268,0.9999999999999999,,
metacritic_2315,sales_936,0.9999999999999999,,
metacritic_8538,sales_6368,0.9999999999999999,,
metacritic_16126,sales_7578,0.9999999999999999,,
metacritic_12825,sales_7170,0.9999999999999999,,
metacritic_16754,sales_1758,0.8999999999999999,,
metacritic_16239,sales_7501,0.8999999999999999,,
metacritic_15302,sales_1106,0.9999999999999999,,
metacritic_10091,sales_3463,0.9999999999999999,,
metacritic_11413,sales_5275,0.9999999999999999,,
metacritic_7501,sales_6076,0.9999999999999999,,
metacritic_15103,sales_6507,0.9999999999999999,,
metacritic_9986,sales_3663,0.9999999999999999,,
metacritic_4576,sales_2478,0.9999999999999999,,
metacritic_5039,sales_2095,0.9999999999999999,,
metacritic_9536,sales_2982,0.9999999999999999,,
metacritic_1477,sales_7147,0.8999999999999999,,
metacritic_15017,sales_5840,0.8999999999999999,,
metacritic_11497,sales_5826,0.9999999999999999,,
metacritic_1874,sales_5732,0.9999999999999999,,
metacritic_7448,sales_1151,0.9999999999999999,,
metacritic_16563,sales_3538,0.9999999999999999,,
metacritic_6088,sales_3846,0.9999999999999999,,
metacritic_18703,sales_4985,0.9999999999999999,,
metacritic_692,sales_1095,0.9999999999999999,,
metacritic_2592,sales_450,0.9999999999999999,,
metacritic_2909,sales_6561,0.9999999999999999,,
metacritic_11078,sales_4432,0.8999999999999999,,
metacritic_11260,sales_4666,0.9999999999999999,,
metacritic_9736,sales_3815,0.9999999999999999,,
metacritic_17935,sales_4712,0.9999999999999999,,
metacritic_11659,sales_6278,0.9999999999999999,,
metacritic_20149,sales_6974,0.9999999999999999,,
metacritic_11409,sales_5896,0.9999999999999999,,
metacritic_9400,sales_2991,0.9999999999999999,,
metacritic_14870,sales_4845,0.9999999999999999,,
metacritic_15025,sales_2851,0.9999999999999999,,
metacritic_15162,sales_4154,0.9999999999999999,,
metacritic_6533,sales_2276,0.9999999999999999,,
metacritic_11709,sales_424,0.9999999999999999,,
metacritic_9785,sales_7188,0.9999999999999999,,
metacritic_11682,sales_3766,0.9999999999999999,,
metacritic_15832,sales_7425,0.9999999999999999,,
metacritic_61,sales_149,0.9999999999999999,,
metacritic_16815,sales_6704,0.9999999999999999,,
metacritic_2485,sales_714,0.9999999999999999,,
metacritic_13993,sales_4556,0.9999999999999999,,
metacritic_4214,sales_1323,0.9999999999999999,,
metacritic_1516,sales_7816,0.9999999999999999,,
metacritic_12673,sales_3314,0.9999999999999999,,
metacritic_14282,sales_3020,0.9999999999999999,,
metacritic_2,sales_33,0.9999999999999999,,
metacritic_19124,sales_4146,0.9999999999999999,,
metacritic_15638,sales_2249,0.9999999999999999,,
metacritic_222,sales_269,0.9999999999999999,,
metacritic_18032,sales_6466,0.8999999999999999,,
metacritic_5786,sales_4143,0.9999999999999999,,
metacritic_1109,sales_1904,0.8,,
metacritic_6952,sales_4131,0.9999999999999999,,
metacritic_98,sales_1538,0.9999999999999999,,
metacritic_13117,sales_3787,0.9999999999999999,,
metacritic_9012,sales_1798,0.9999999999999999,,
metacritic_8828,sales_1821,0.9999999999999999,,
metacritic_9501,sales_2434,0.9999999999999999,,
metacritic_14540,sales_3731,0.9999999999999999,,
metacritic_13119,sales_6740,0.9999999999999999,,
metacritic_16315,sales_3744,0.9999999999999999,,
metacritic_14482,sales_5343,0.9999999999999999,,
metacritic_314,sales_2490,0.9999999999999999,,
metacritic_1576,sales_4192,0.9999999999999999,,
metacritic_13867,sales_6068,0.9999999999999999,,
metacritic_20311,sales_7663,0.9999999999999999,,
metacritic_89,sales_2085,0.9999999999999999,,
metacritic_8986,sales_7854,0.9999999999999999,,
metacritic_12357,sales_2360,0.8999999999999999,,
metacritic_19905,sales_6682,0.9999999999999999,,
metacritic_6060,sales_6208,0.8285714285714285,,
metacritic_575,sales_361,0.9999999999999999,,
metacritic_15253,sales_3587,0.9999999999999999,,
metacritic_8419,sales_6917,0.9999999999999999,,
metacritic_18896,sales_3952,0.9999999999999999,,
metacritic_13755,sales_5150,0.8999999999999999,,
metacritic_9865,sales_4538,0.9999999999999999,,
metacritic_11584,sales_399,0.9999999999999999,,
metacritic_2212,sales_2556,0.9999999999999999,,
metacritic_18728,sales_4457,0.9999999999999999,,
metacritic_830,sales_2808,0.9999999999999999,,
metacritic_15910,sales_6273,0.9999999999999999,,
metacritic_11685,sales_6593,0.9999999999999999,,
metacritic_19893,sales_4815,0.8999999999999999,,
metacritic_10312,sales_3390,0.9999999999999999,,
metacritic_870,sales_642,0.9999999999999999,,
metacritic_15377,sales_6339,0.9999999999999999,,
metacritic_14275,sales_3131,0.9999999999999999,,
metacritic_10890,sales_251,0.9999999999999999,,
metacritic_11651,sales_1433,0.9999999999999999,,
metacritic_18690,sales_6846,0.9999999999999999,,
metacritic_2801,sales_2170,0.8999999999999999,,
metacritic_3297,sales_1626,0.9999999999999999,,
metacritic_825,sales_744,0.9999999999999999,,
metacritic_13894,sales_4802,0.9999999999999999,,
metacritic_15911,sales_7818,0.9999999999999999,,
metacritic_18518,sales_5155,0.9999999999999999,,
metacritic_17458,sales_7232,0.8999999999999999,,
metacritic_2167,sales_3002,0.9999999999999999,,
metacritic_17908,sales_6114,0.9999999999999999,,
metacritic_11206,sales_2970,0.9999999999999999,,
metacritic_19158,sales_5041,0.9999999999999999,,
metacritic_14824,sales_3061,0.9999999999999999,,
metacritic_15963,sales_6137,0.9999999999999999,,
metacritic_6395,sales_2590,0.9999999999999999,,
metacritic_8974,sales_5018,0.9999999999999999,,
metacritic_1733,sales_7589,0.9999999999999999,,
metacritic_6019,sales_3931,0.9999999999999999,,
metacritic_7512,sales_2480,0.9999999999999999,,
metacritic_10960,sales_4909,0.9999999999999999,,
metacritic_15278,sales_6637,0.8999999999999999,,
metacritic_18998,sales_2955,0.9999999999999999,,
metacritic_18325,sales_1802,0.9249999999999999,,
metacritic_19343,sales_4353,0.9999999999999999,,
metacritic_3620,sales_6369,0.9999999999999999,,
metacritic_13919,sales_4558,0.9999999999999999,,
metacritic_5013,sales_3904,0.9999999999999999,,
metacritic_15898,sales_2005,0.8999999999999999,,
metacritic_18844,sales_7590,0.9999999999999999,,
metacritic_10330,sales_250,0.8999999999999999,,
metacritic_115,sales_343,0.8999999999999999,,
metacritic_15365,sales_5026,0.9999999999999999,,
metacritic_18059,sales_5326,0.9999999999999999,,
metacritic_3695,sales_2232,0.9999999999999999,,
metacritic_9393,sales_2814,0.9999999999999999,,
metacritic_1869,sales_449,0.9999999999999999,,
metacritic_12719,sales_7065,0.9999999999999999,,
metacritic_18395,sales_4290,0.9999999999999999,,
metacritic_18780,sales_7806,0.9999999999999999,,
metacritic_6944,sales_2889,0.9999999999999999,,
metacritic_88,sales_316,0.9999999999999999,,
metacritic_18553,sales_2895,0.9999999999999999,,
metacritic_2665,sales_5494,0.9999999999999999,,
metacritic_3433,sales_2152,0.9999999999999999,,
metacritic_9008,sales_609,0.9999999999999999,,
metacritic_1440,sales_1298,0.8999999999999999,,
metacritic_12086,sales_5061,0.9999999999999999,,
metacritic_18890,sales_6355,0.9999999999999999,,
metacritic_2431,sales_5137,0.9999999999999999,,
metacritic_6542,sales_3716,0.9999999999999999,,
metacritic_7890,sales_752,0.9999999999999999,,
metacritic_11232,sales_7525,0.9999999999999999,,
metacritic_12701,sales_3205,0.9999999999999999,,
metacritic_7082,sales_3888,0.9999999999999999,,
metacritic_17210,sales_2399,0.9999999999999999,,
metacritic_15487,sales_5796,0.9999999999999999,,
metacritic_16466,sales_5789,0.9999999999999999,,
metacritic_19584,sales_2428,0.9999999999999999,,
metacritic_15038,sales_5272,0.9999999999999999,,
metacritic_19937,sales_5846,0.8999999999999999,,
metacritic_8873,sales_4587,0.9999999999999999,,
metacritic_6702,sales_3783,0.9999999999999999,,
metacritic_10224,sales_2401,0.9999999999999999,,
metacritic_18519,sales_7643,0.8999999999999999,,
metacritic_16407,sales_5022,0.9999999999999999,,
metacritic_14731,sales_7481,0.9999999999999999,,
metacritic_17623,sales_4354,0.9999999999999999,,
metacritic_14565,sales_7251,0.8999999999999999,,
metacritic_15495,sales_3310,0.9999999999999999,,
metacritic_8755,sales_839,0.9999999999999999,,
metacritic_4657,sales_1934,0.9999999999999999,,
metacritic_19311,sales_6361,0.9999999999999999,,
metacritic_16673,sales_7096,0.9999999999999999,,
metacritic_578,sales_521,0.9999999999999999,,
metacritic_20409,sales_695,0.9999999999999999,,
metacritic_10433,sales_1259,0.9999999999999999,,
metacritic_1128,sales_277,0.9999999999999999,,
metacritic_19528,sales_6399,0.9999999999999999,,
metacritic_19416,sales_7307,0.9999999999999999,,
metacritic_17912,sales_6159,0.9999999999999999,,
metacritic_8806,sales_3528,0.9999999999999999,,
metacritic_18177,sales_3085,0.9999999999999999,,
metacritic_6460,sales_3792,0.9999999999999999,,
metacritic_9152,sales_3494,0.9999999999999999,,
metacritic_15391,sales_7349,0.9999999999999999,,
metacritic_914,sales_1542,0.9999999999999999,,
metacritic_18777,sales_7707,0.9999999999999999,,
metacritic_6150,sales_6202,0.9999999999999999,,
metacritic_15796,sales_3444,0.9999999999999999,,
metacritic_6765,sales_7391,0.8999999999999999,,
metacritic_273,sales_4322,0.9999999999999999,,
metacritic_9498,sales_2929,0.9999999999999999,,
metacritic_14846,sales_1825,0.9999999999999999,,
metacritic_7531,sales_6556,0.9999999999999999,,
metacritic_13986,sales_3579,0.8999999999999999,,
metacritic_10214,sales_1901,0.9999999999999999,,
metacritic_15753,sales_4252,0.9999999999999999,,
metacritic_1341,sales_4588,0.9999999999999999,,
metacritic_12004,sales_7686,0.9999999999999999,,
metacritic_6253,sales_2522,0.9999999999999999,,
metacritic_5356,sales_6605,0.9999999999999999,,
metacritic_8827,sales_1788,0.9999999999999999,,
metacritic_16535,sales_7032,0.8999999999999999,,
metacritic_16519,sales_4064,0.8999999999999999,,
metacritic_2369,sales_7557,0.9999999999999999,,
metacritic_13350,sales_5471,0.9999999999999999,,
metacritic_18290,sales_2052,0.9999999999999999,,
metacritic_19453,sales_1998,0.9999999999999999,,
metacritic_6036,sales_1890,0.9999999999999999,,
metacritic_9543,sales_4611,0.9999999999999999,,
metacritic_9045,sales_2474,0.9999999999999999,,
metacritic_5350,sales_829,0.9999999999999999,,
metacritic_5084,sales_2841,0.9999999999999999,,
metacritic_16406,sales_6559,0.9999999999999999,,
metacritic_12876,sales_6843,0.9999999999999999,,
metacritic_19043,sales_5760,0.9999999999999999,,
metacritic_9368,sales_4986,0.9999999999999999,,
metacritic_20142,sales_7197,0.9999999999999999,,
metacritic_11673,sales_3705,0.9999999999999999,,
metacritic_5904,sales_2359,0.9999999999999999,,
metacritic_19879,sales_1933,0.9999999999999999,,
metacritic_13226,sales_5545,0.8999999999999999,,
metacritic_19655,sales_5532,0.9999999999999999,,
metacritic_16658,sales_5418,0.9999999999999999,,
metacritic_15943,sales_6236,0.9999999999999999,,
metacritic_8534,sales_2300,0.9999999999999999,,
metacritic_19571,sales_6232,0.8999999999999999,,
metacritic_11539,sales_1984,0.8999999999999999,,
metacritic_1233,sales_413,0.9999999999999999,,
metacritic_5530,sales_1937,0.9999999999999999,,
metacritic_3961,sales_2915,0.9999999999999999,,
metacritic_8764,sales_3012,0.9999999999999999,,
metacritic_20375,sales_5599,0.9999999999999999,,
metacritic_18955,sales_5434,0.9999999999999999,,
metacritic_18409,sales_4722,0.9999999999999999,,
metacritic_16453,sales_6359,0.9999999999999999,,
metacritic_4251,sales_1373,0.9999999999999999,,
metacritic_9401,sales_5525,0.9999999999999999,,
metacritic_20208,sales_7492,0.9999999999999999,,
metacritic_7196,sales_1618,0.9999999999999999,,
metacritic_1985,sales_3247,0.9999999999999999,,
metacritic_12477,sales_2162,0.9999999999999999,,
metacritic_10444,sales_1255,0.8999999999999999,,
metacritic_14041,sales_6393,0.9999999999999999,,
metacritic_5001,sales_796,0.8999999999999999,,
metacritic_8311,sales_5389,0.9999999999999999,,
metacritic_19585,sales_5230,0.9999999999999999,,
metacritic_7785,sales_1775,0.9999999999999999,,
metacritic_19357,sales_7535,0.9999999999999999,,
metacritic_14421,sales_3362,0.9999999999999999,,
metacritic_13165,sales_3567,0.9999999999999999,,
metacritic_6889,sales_3057,0.9999999999999999,,
metacritic_16625,sales_4306,0.9999999999999999,,
metacritic_8645,sales_6619,0.9999999999999999,,
metacritic_14776,sales_1256,0.9999999999999999,,
metacritic_14911,sales_6479,0.8999999999999999,,
metacritic_4915,sales_1569,0.9999999999999999,,
metacritic_11331,sales_660,0.9999999999999999,,
metacritic_15608,sales_5603,0.9999999999999999,,
metacritic_17855,sales_6445,0.8999999999999999,,
metacritic_3066,sales_293,0.9999999999999999,,
metacritic_4325,sales_949,0.8999999999999999,,
metacritic_16212,sales_7280,0.9999999999999999,,
metacritic_872,sales_945,0.9999999999999999,,
metacritic_16278,sales_2173,0.9999999999999999,,
metacritic_11735,sales_2843,0.9999999999999999,,
metacritic_6782,sales_908,0.9999999999999999,,
metacritic_11846,sales_3566,0.9999999999999999,,
metacritic_4202,sales_7242,0.9999999999999999,,
metacritic_2237,sales_1006,0.9999999999999999,,
metacritic_4808,sales_3272,0.9999999999999999,,
metacritic_5091,sales_2135,0.9999999999999999,,
metacritic_18659,sales_2840,0.9999999999999999,,
metacritic_18153,sales_5583,0.9999999999999999,,
metacritic_18194,sales_7848,0.9999999999999999,,
metacritic_727,sales_3580,0.9999999999999999,,
metacritic_95,sales_5184,0.9999999999999999,,
metacritic_6078,sales_6303,0.9999999999999999,,
metacritic_5191,sales_3561,0.9999999999999999,,
metacritic_19193,sales_6277,0.9999999999999999,,
metacritic_4766,sales_599,0.9999999999999999,,
metacritic_5704,sales_2647,0.9999999999999999,,
metacritic_17529,sales_3658,0.9999999999999999,,
metacritic_8563,sales_5513,0.9999999999999999,,
metacritic_16894,sales_3547,0.8999999999999999,,
metacritic_11129,sales_5045,0.9999999999999999,,
metacritic_12873,sales_2721,0.9999999999999999,,
metacritic_15990,sales_6328,0.9999999999999999,,
metacritic_14692,sales_3616,0.9999999999999999,,
metacritic_16700,sales_1460,0.9999999999999999,,
metacritic_5923,sales_6891,0.9999999999999999,,
metacritic_1759,sales_2677,0.9999999999999999,,
metacritic_16841,sales_6544,0.9999999999999999,,
metacritic_19788,sales_3620,0.9999999999999999,,
metacritic_4470,sales_597,0.9999999999999999,,
metacritic_7990,sales_1234,0.9999999999999999,,
metacritic_10242,sales_7727,0.9999999999999999,,
metacritic_11655,sales_6698,0.8999999999999999,,
metacritic_642,sales_2063,0.8999999999999999,,
metacritic_6938,sales_3530,0.9999999999999999,,
metacritic_15311,sales_3411,0.9999999999999999,,
metacritic_9217,sales_1535,0.9999999999999999,,
metacritic_752,sales_219,0.9999999999999999,,
metacritic_8528,sales_4425,0.9999999999999999,,
metacritic_12470,sales_6323,0.8999999999999999,,
metacritic_16269,sales_5174,0.9999999999999999,,
metacritic_1456,sales_4622,0.9999999999999999,,
metacritic_10701,sales_4230,0.9999999999999999,,
metacritic_7714,sales_2722,0.9999999999999999,,
metacritic_2035,sales_942,0.9999999999999999,,
metacritic_17796,sales_7572,0.8999999999999999,,
metacritic_11657,sales_1722,0.9999999999999999,,
metacritic_4817,sales_820,0.9999999999999999,,
metacritic_7758,sales_2417,0.9999999999999999,,
metacritic_12263,sales_2352,0.9999999999999999,,
metacritic_15513,sales_6168,0.9999999999999999,,
metacritic_5071,sales_573,0.9999999999999999,,
metacritic_4823,sales_7297,0.9999999999999999,,
metacritic_19337,sales_7008,0.8999999999999999,,
metacritic_19594,sales_7338,0.9999999999999999,,
metacritic_16149,sales_2127,0.9999999999999999,,
metacritic_4758,sales_3643,0.9999999999999999,,
metacritic_19541,sales_1729,0.8999999999999999,,
metacritic_3083,sales_3082,0.9999999999999999,,
metacritic_14430,sales_5096,0.9999999999999999,,
metacritic_16445,sales_3262,0.9999999999999999,,
metacritic_11886,sales_6875,0.9999999999999999,,
metacritic_2621,sales_2532,0.9999999999999999,,
metacritic_9406,sales_4350,0.9999999999999999,,
metacritic_5271,sales_4592,0.8999999999999999,,
metacritic_16977,sales_5814,0.9999999999999999,,
metacritic_657,sales_363,0.9999999999999999,,
metacritic_2736,sales_410,0.9999999999999999,,
metacritic_16798,sales_6268,0.9999999999999999,,
metacritic_6932,sales_2208,0.9999999999999999,,
metacritic_18714,sales_5007,0.8999999999999999,,
metacritic_5566,sales_5656,0.9999999999999999,,
metacritic_15502,sales_1983,0.8999999999999999,,
metacritic_11083,sales_4840,0.9999999999999999,,
metacritic_19724,sales_6660,0.9999999999999999,,
metacritic_11068,sales_2365,0.9999999999999999,,
metacritic_5661,sales_5116,0.9999999999999999,,
metacritic_8918,sales_966,0.9999999999999999,,
metacritic_10936,sales_5274,0.8999999999999999,,
metacritic_11025,sales_1448,0.8999999999999999,,
metacritic_2780,sales_3353,0.9999999999999999,,
metacritic_2633,sales_1600,0.9999999999999999,,
metacritic_2896,sales_2025,0.9999999999999999,,
metacritic_20182,sales_6627,0.9999999999999999,,
metacritic_2765,sales_1766,0.9999999999999999,,
metacritic_10141,sales_3509,0.9999999999999999,,
metacritic_5466,sales_7821,0.9999999999999999,,
metacritic_6335,sales_978,0.8999999999999999,,
metacritic_19817,sales_6758,0.9999999999999999,,
metacritic_1862,sales_4076,0.9999999999999999,,
metacritic_6108,sales_1628,0.9999999999999999,,
metacritic_9338,sales_4632,0.9999999999999999,,
metacritic_11019,sales_472,0.9999999999999999,,
metacritic_13833,sales_4375,0.8999999999999999,,
metacritic_7661,sales_2492,0.9999999999999999,,
metacritic_1726,sales_2659,0.9999999999999999,,
metacritic_18813,sales_3293,0.8999999999999999,,
metacritic_5467,sales_1031,0.9999999999999999,,
metacritic_19018,sales_7461,0.9999999999999999,,
metacritic_17866,sales_5541,0.9999999999999999,,
metacritic_12692,sales_3199,0.8999999999999999,,
metacritic_1603,sales_5172,0.9999999999999999,,
metacritic_18214,sales_6557,0.8999999999999999,,
metacritic_8769,sales_4041,0.9999999999999999,,
metacritic_20101,sales_4697,0.8999999999999999,,
metacritic_3448,sales_680,0.9999999999999999,,
metacritic_4856,sales_1595,0.9999999999999999,,
metacritic_3175,sales_6166,0.9999999999999999,,
metacritic_5505,sales_5414,0.9999999999999999,,
metacritic_3871,sales_4990,0.9999999999999999,,
metacritic_6236,sales_249,0.9999999999999999,,
metacritic_15734,sales_871,0.9999999999999999,,
metacritic_11889,sales_6768,0.9999999999999999,,
metacritic_9878,sales_7356,0.88,,
metacritic_20411,sales_81,0.9999999999999999,,
metacritic_2678,sales_6255,0.9999999999999999,,
metacritic_596,sales_295,0.9999999999999999,,
metacritic_8299,sales_7750,0.9999999999999999,,
metacritic_8477,sales_1264,0.9999999999999999,,
metacritic_12926,sales_4653,0.9999999999999999,,
metacritic_13032,sales_7422,0.9999999999999999,,
metacritic_3070,sales_1084,0.9999999999999999,,
metacritic_8484,sales_830,0.9999999999999999,,
metacritic_3107,sales_2499,0.9999999999999999,,
metacritic_8837,sales_2673,0.9999999999999999,,
metacritic_15212,sales_5912,0.9999999999999999,,
metacritic_4492,sales_1900,0.9999999999999999,,
metacritic_15958,sales_3476,0.9999999999999999,,
metacritic_9119,sales_4121,0.8999999999999999,,
metacritic_8280,sales_4408,0.8999999999999999,,
metacritic_14,sales_119,0.9999999999999999,,
metacritic_7966,sales_3201,0.9999999999999999,,
metacritic_11431,sales_1400,0.9999999999999999,,
metacritic_13458,sales_2824,0.9999999999999999,,
metacritic_4019,sales_3239,0.9999999999999999,,
metacritic_795,sales_2765,0.9999999999999999,,
metacritic_2184,sales_4163,0.8999999999999999,,
metacritic_15034,sales_5952,0.9999999999999999,,
metacritic_13191,sales_4757,0.9999999999999999,,
metacritic_3444,sales_6745,0.9999999999999999,,
metacritic_10010,sales_864,0.8,,
metacritic_19705,sales_1359,0.9999999999999999,,
metacritic_4564,sales_3979,0.9999999999999999,,
metacritic_4718,sales_6161,0.9999999999999999,,
metacritic_3785,sales_1878,0.9999999999999999,,
metacritic_13106,sales_2632,0.9999999999999999,,
metacritic_5706,sales_5307,0.9999999999999999,,
metacritic_550,sales_4342,0.9999999999999999,,
metacritic_19372,sales_4977,0.9999999999999999,,
metacritic_8192,sales_5243,0.9999999999999999,,
metacritic_18979,sales_3175,0.9999999999999999,,
metacritic_4984,sales_2280,0.9999999999999999,,
metacritic_9090,sales_6697,0.9999999999999999,,
metacritic_939,sales_895,0.8999999999999999,,
metacritic_8152,sales_1077,0.9999999999999999,,
metacritic_14423,sales_5682,0.9999999999999999,,
metacritic_13525,sales_5175,0.9999999999999999,,
metacritic_2491,sales_2418,0.9999999999999999,,
metacritic_9057,sales_860,0.9999999999999999,,
metacritic_13273,sales_7366,0.9999999999999999,,
metacritic_4516,sales_7817,0.9999999999999999,,
metacritic_18130,sales_7420,0.9999999999999999,,
metacritic_17779,sales_2555,0.9999999999999999,,
metacritic_1630,sales_332,0.9999999999999999,,
metacritic_8518,sales_3380,0.9999999999999999,,
metacritic_5795,sales_2878,0.9999999999999999,,
metacritic_10626,sales_6210,0.9999999999999999,,
metacritic_561,sales_5548,0.9999999999999999,,
metacritic_5981,sales_4797,0.9999999999999999,,
metacritic_12845,sales_2481,0.85,,
metacritic_2084,sales_3887,0.9999999999999999,,
metacritic_10920,sales_3645,0.9999999999999999,,
metacritic_7976,sales_3628,0.9999999999999999,,
metacritic_9638,sales_6701,0.9999999999999999,,
metacritic_7891,sales_3688,0.9999999999999999,,
metacritic_17972,sales_2535,0.9999999999999999,,
metacritic_1649,sales_1927,0.9999999999999999,,
metacritic_17718,sales_2579,0.9999999999999999,,
metacritic_10703,sales_1574,0.9999999999999999,,
metacritic_11233,sales_1815,0.9999999999999999,,
metacritic_17560,sales_6263,0.9999999999999999,,
metacritic_19603,sales_3895,0.9999999999999999,,
metacritic_3980,sales_4989,0.9999999999999999,,
metacritic_13383,sales_3232,0.9999999999999999,,
metacritic_14233,sales_2419,0.9999999999999999,,
metacritic_3221,sales_144,0.9999999999999999,,
metacritic_14135,sales_5518,0.9999999999999999,,
metacritic_14670,sales_1086,0.9999999999999999,,
metacritic_15650,sales_1028,0.9999999999999999,,
metacritic_1539,sales_163,0.9999999999999999,,
metacritic_5207,sales_5291,0.9999999999999999,,
metacritic_2479,sales_624,0.9999999999999999,,
metacritic_1139,sales_4136,0.8999999999999999,,
metacritic_12859,sales_5395,0.9999999999999999,,
metacritic_7959,sales_7384,0.9999999999999999,,
metacritic_10252,sales_6633,0.9999999999999999,,
metacritic_16878,sales_7235,0.9999999999999999,,
metacritic_6739,sales_6805,0.9999999999999999,,
metacritic_17574,sales_3670,0.9999999999999999,,
metacritic_18172,sales_2364,0.9999999999999999,,
metacritic_15507,sales_7181,0.9999999999999999,,
metacritic_3987,sales_1266,0.9999999999999999,,
metacritic_12182,sales_7109,0.9999999999999999,,
metacritic_13400,sales_5511,0.9999999999999999,,
metacritic_16112,sales_3774,0.9999999999999999,,
metacritic_9424,sales_5086,0.8999999999999999,,
metacritic_968,sales_5164,0.9999999999999999,,
metacritic_13639,sales_4480,0.9999999999999999,,
metacritic_13274,sales_6595,0.8999999999999999,,
metacritic_10687,sales_2297,0.9999999999999999,,
metacritic_9444,sales_2202,0.9999999999999999,,
metacritic_2206,sales_366,0.9999999999999999,,
metacritic_14004,sales_4706,0.9999999999999999,,
metacritic_4194,sales_611,0.9999999999999999,,
metacritic_19696,sales_7263,0.9999999999999999,,
metacritic_16017,sales_1910,0.9999999999999999,,
metacritic_13175,sales_3827,0.9999999999999999,,
metacritic_20143,sales_7074,0.9999999999999999,,
metacritic_19054,sales_7690,0.9999999999999999,,
metacritic_2802,sales_3259,0.9999999999999999,,
metacritic_9081,sales_7185,0.8999999999999999,,
metacritic_422,sales_1839,0.9999999999999999,,
metacritic_14833,sales_6108,0.9999999999999999,,
metacritic_6502,sales_1648,0.9999999999999999,,
metacritic_14829,sales_3524,0.9999999999999999,,
metacritic_8565,sales_1240,0.9999999999999999,,
metacritic_17122,sales_5677,0.9999999999999999,,
metacritic_9356,sales_3360,0.9999999999999999,,
metacritic_19226,sales_4662,0.9999999999999999,,
metacritic_18470,sales_6644,0.9999999999999999,,
metacritic_7023,sales_1468,0.9999999999999999,,
metacritic_3300,sales_2048,0.9999999999999999,,
metacritic_17960,sales_6222,0.9999999999999999,,
metacritic_11681,sales_4016,0.8999999999999999,,
metacritic_12931,sales_7829,0.9999999999999999,,
metacritic_7819,sales_1734,0.9999999999999999,,
metacritic_9810,sales_559,0.9999999999999999,,
metacritic_313,sales_221,0.8999999999999999,,
metacritic_3779,sales_5613,0.9999999999999999,,
metacritic_2881,sales_3514,0.9999999999999999,,
metacritic_14091,sales_2347,0.9999999999999999,,
metacritic_1248,sales_1079,0.8999999999999999,,
metacritic_17049,sales_6709,0.9999999999999999,,
metacritic_299,sales_1357,0.9999999999999999,,
metacritic_19234,sales_5461,0.9999999999999999,,
metacritic_17916,sales_2587,0.9999999999999999,,
metacritic_522,sales_456,0.9999999999999999,,
metacritic_19211,sales_3757,0.9999999999999999,,
metacritic_12817,sales_4304,0.9999999999999999,,
metacritic_3760,sales_2743,0.9999999999999999,,
metacritic_9181,sales_4970,0.9999999999999999,,
metacritic_14636,sales_2904,0.9999999999999999,,
metacritic_5816,sales_1619,0.9999999999999999,,
metacritic_13277,sales_4411,0.9999999999999999,,
metacritic_10692,sales_3304,0.9999999999999999,,
metacritic_18316,sales_7026,0.9999999999999999,,
metacritic_9542,sales_4180,0.9999999999999999,,
metacritic_18063,sales_7730,0.9999999999999999,,
metacritic_11136,sales_1311,0.9999999999999999,,
metacritic_3416,sales_614,0.9999999999999999,,
metacritic_19276,sales_2683,0.9999999999999999,,
metacritic_13291,sales_5586,0.9999999999999999,,
metacritic_20222,sales_5240,0.9999999999999999,,
metacritic_2044,sales_2020,0.9999999999999999,,
metacritic_13573,sales_4686,0.8999999999999999,,
metacritic_14492,sales_7211,0.8999999999999999,,
metacritic_17845,sales_3571,0.9999999999999999,,
metacritic_5248,sales_726,0.9999999999999999,,
metacritic_18231,sales_3432,0.9999999999999999,,
metacritic_5369,sales_3977,0.9999999999999999,,
metacritic_412,sales_2172,0.9999999999999999,,
metacritic_8253,sales_6290,0.8999999999999999,,
metacritic_14101,sales_6629,0.9999999999999999,,
metacritic_15811,sales_2273,0.9999999999999999,,
metacritic_9702,sales_5534,0.9999999999999999,,
metacritic_2654,sales_602,0.9999999999999999,,
metacritic_7939,sales_3512,0.9999999999999999,,
metacritic_2049,sales_1292,0.9999999999999999,,
metacritic_9745,sales_1166,0.8999999999999999,,
metacritic_4422,sales_4184,0.9999999999999999,,
metacritic_3756,sales_117,0.8999999999999999,,
metacritic_18459,sales_5311,0.9999999999999999,,
metacritic_19703,sales_6421,0.9999999999999999,,
metacritic_7127,sales_7803,0.9999999999999999,,
metacritic_3618,sales_703,0.9999999999999999,,
metacritic_3452,sales_5355,0.8142857142857143,,
metacritic_4182,sales_1116,0.9999999999999999,,
metacritic_9974,sales_932,0.9999999999999999,,
metacritic_1016,sales_626,0.9999999999999999,,
metacritic_979,sales_3753,0.9999999999999999,,
metacritic_19502,sales_1212,0.9999999999999999,,
metacritic_12326,sales_6645,0.9999999999999999,,
metacritic_2282,sales_5059,0.9999999999999999,,
metacritic_9825,sales_7516,0.9999999999999999,,
metacritic_19495,sales_651,0.9999999999999999,,
metacritic_10908,sales_2596,0.9999999999999999,,
metacritic_7155,sales_1386,0.9999999999999999,,
metacritic_20028,sales_1908,0.9999999999999999,,
metacritic_8405,sales_7357,0.9999999999999999,,
metacritic_1282,sales_1610,0.9999999999999999,,
metacritic_20019,sales_3661,0.9999999999999999,,
metacritic_9345,sales_4969,0.8999999999999999,,
metacritic_2842,sales_4018,0.9999999999999999,,
metacritic_18515,sales_5938,0.9999999999999999,,
metacritic_12801,sales_541,0.8,,
metacritic_13680,sales_7460,0.9999999999999999,,
metacritic_2646,sales_6932,0.9999999999999999,,
metacritic_6135,sales_5312,0.8999999999999999,,
metacritic_20403,sales_5873,0.9999999999999999,,
metacritic_17044,sales_2679,0.9999999999999999,,
metacritic_17462,sales_6810,0.9999999999999999,,
metacritic_10233,sales_2350,0.9999999999999999,,
metacritic_8594,sales_5761,0.9999999999999999,,
metacritic_17624,sales_5212,0.9999999999999999,,
metacritic_227,sales_2394,0.9999999999999999,,
metacritic_14985,sales_5062,0.9999999999999999,,
metacritic_12578,sales_7609,0.8999999999999999,,
metacritic_17346,sales_2584,0.9999999999999999,,
metacritic_18617,sales_4098,0.9999999999999999,,
metacritic_6168,sales_7510,0.9999999999999999,,
metacritic_18702,sales_5834,0.9999999999999999,,
metacritic_4318,sales_4478,0.8999999999999999,,
metacritic_7776,sales_7693,0.9999999999999999,,
metacritic_1660,sales_246,0.9999999999999999,,
metacritic_15725,sales_5581,0.9999999999999999,,
metacritic_13270,sales_5643,0.9999999999999999,,
metacritic_16300,sales_4510,0.9999999999999999,,
metacritic_8626,sales_4878,0.9999999999999999,,
metacritic_15472,sales_4153,0.9999999999999999,,
metacritic_4030,sales_150,0.9999999999999999,,
metacritic_12274,sales_5669,0.9999999999999999,,
metacritic_12046,sales_7214,0.9999999999999999,,
metacritic_8978,sales_4502,0.9999999999999999,,
metacritic_5215,sales_7243,0.9999999999999999,,
metacritic_12897,sales_6051,0.9999999999999999,,
metacritic_2861,sales_4293,0.9999999999999999,,
metacritic_12759,sales_1969,0.9999999999999999,,
metacritic_17493,sales_5981,0.9999999999999999,,
metacritic_8531,sales_2348,0.8999999999999999,,
metacritic_17167,sales_3226,0.9999999999999999,,
metacritic_11534,sales_1748,0.9999999999999999,,
metacritic_7568,sales_5797,0.8999999999999999,,
metacritic_1182,sales_7112,0.9999999999999999,,
metacritic_4231,sales_1286,0.9999999999999999,,
metacritic_17911,sales_6493,0.9999999999999999,,
metacritic_829,sales_736,0.9999999999999999,,
metacritic_8807,sales_4848,0.8999999999999999,,
metacritic_17168,sales_4692,0.8999999999999999,,
metacritic_576,sales_1994,0.9999999999999999,,
metacritic_801,sales_1237,0.9999999999999999,,
metacritic_17016,sales_3830,0.9999999999999999,,
metacritic_12645,sales_6528,0.8999999999999999,,
metacritic_11501,sales_4036,0.8999999999999999,,
metacritic_7042,sales_3961,0.9999999999999999,,
metacritic_7884,sales_995,0.9999999999999999,,
metacritic_14167,sales_6850,0.9999999999999999,,
metacritic_12019,sales_7428,0.9999999999999999,,
metacritic_436,sales_1306,0.9999999999999999,,
metacritic_7576,sales_2570,0.9999999999999999,,
metacritic_5035,sales_465,0.9999999999999999,,
metacritic_19868,sales_5720,0.9999999999999999,,
metacritic_2848,sales_382,0.8999999999999999,,
metacritic_8362,sales_4700,0.9999999999999999,,
metacritic_15462,sales_5738,0.8999999999999999,,
metacritic_17565,sales_4550,0.8999999999999999,,
metacritic_14333,sales_4533,0.9999999999999999,,
metacritic_12332,sales_1108,0.9999999999999999,,
metacritic_10352,sales_5273,0.9999999999999999,,
metacritic_1247,sales_3809,0.9999999999999999,,
metacritic_7235,sales_5158,0.9999999999999999,,
metacritic_7473,sales_169,0.9999999999999999,,
metacritic_11054,sales_390,0.9999999999999999,,
metacritic_9859,sales_4459,0.9999999999999999,,
metacritic_3256,sales_505,0.9999999999999999,,
metacritic_14301,sales_2712,0.9999999999999999,,
metacritic_17096,sales_7710,0.9999999999999999,,
metacritic_16639,sales_1044,0.9999999999999999,,
metacritic_9410,sales_1401,0.9999999999999999,,
metacritic_3167,sales_1059,0.9999999999999999,,
metacritic_7897,sales_2966,0.9999999999999999,,
metacritic_760,sales_5504,0.9999999999999999,,
metacritic_4183,sales_2031,0.9999999999999999,,
metacritic_13098,sales_2806,0.9999999999999999,,
metacritic_18687,sales_4201,0.8999999999999999,,
metacritic_4236,sales_3181,0.9999999999999999,,
metacritic_3206,sales_7473,0.9999999999999999,,
metacritic_3569,sales_931,0.9999999999999999,,
metacritic_10123,sales_1860,0.9999999999999999,,
metacritic_13520,sales_2446,0.9999999999999999,,
metacritic_8329,sales_5017,0.9999999999999999,,
metacritic_1399,sales_717,0.9999999999999999,,
metacritic_271,sales_1049,0.9999999999999999,,
metacritic_11263,sales_6841,0.9999999999999999,,
metacritic_118,sales_151,0.9999999999999999,,
metacritic_16348,sales_6180,0.9999999999999999,,
metacritic_6990,sales_282,0.9999999999999999,,
metacritic_11661,sales_4785,0.9999999999999999,,
metacritic_10436,sales_2622,0.9999999999999999,,
metacritic_12507,sales_3762,0.9999999999999999,,
metacritic_8545,sales_1404,0.9999999999999999,,
metacritic_12099,sales_2547,0.9999999999999999,,
metacritic_706,sales_4093,0.9999999999999999,,
metacritic_17012,sales_3507,0.9999999999999999,,
metacritic_8956,sales_5488,0.9999999999999999,,
metacritic_1445,sales_1177,0.9999999999999999,,
metacritic_12555,sales_3235,0.9999999999999999,,
metacritic_11656,sales_1250,0.9999999999999999,,
metacritic_7198,sales_1986,0.9999999999999999,,
metacritic_4386,sales_2312,0.9999999999999999,,
metacritic_4929,sales_5266,0.9999999999999999,,
metacritic_2712,sales_667,0.9999999999999999,,
metacritic_572,sales_1887,0.9999999999999999,,
metacritic_14504,sales_7108,0.9999999999999999,,
metacritic_1489,sales_603,0.9999999999999999,,
metacritic_11915,sales_4283,0.9999999999999999,,
metacritic_12956,sales_4078,0.9999999999999999,,
metacritic_17726,sales_7144,0.8999999999999999,,
metacritic_1486,sales_142,0.9999999999999999,,
metacritic_7639,sales_347,0.9999999999999999,,
metacritic_18308,sales_4584,0.8999999999999999,,
metacritic_14147,sales_4160,0.9999999999999999,,
metacritic_19823,sales_1899,0.8999999999999999,,
metacritic_390,sales_605,0.9999999999999999,,
metacritic_9002,sales_4905,0.9999999999999999,,
metacritic_3581,sales_157,0.9999999999999999,,
metacritic_17129,sales_7570,0.9999999999999999,,
metacritic_17918,sales_6973,0.9999999999999999,,
metacritic_15211,sales_7013,0.9999999999999999,,
metacritic_9176,sales_6535,0.9999999999999999,,
metacritic_19289,sales_4872,0.9999999999999999,,
metacritic_7508,sales_3396,0.9999999999999999,,
metacritic_2604,sales_1555,0.9999999999999999,,
metacritic_20075,sales_4646,0.9999999999999999,,
metacritic_13729,sales_6285,0.8999999999999999,,
metacritic_4313,sales_7596,0.9999999999999999,,
metacritic_11631,sales_3492,0.9999999999999999,,
metacritic_3017,sales_2265,0.9999999999999999,,
metacritic_19827,sales_4307,0.9999999999999999,,
metacritic_52,sales_7697,0.9999999999999999,,
metacritic_9970,sales_4865,0.9999999999999999,,
metacritic_2523,sales_2734,0.9999999999999999,,
metacritic_2204,sales_3072,0.9999999999999999,,
metacritic_659,sales_6886,0.9999999999999999,,
metacritic_8259,sales_3282,0.9999999999999999,,
metacritic_936,sales_49,0.8999999999999999,,
metacritic_19691,sales_2134,0.9999999999999999,,
metacritic_20271,sales_5847,0.9999999999999999,,
metacritic_5027,sales_6504,0.9999999999999999,,
metacritic_12214,sales_4543,0.9999999999999999,,
metacritic_14222,sales_2995,0.9999999999999999,,
metacritic_18990,sales_3054,0.9999999999999999,,
metacritic_11980,sales_3839,0.8999999999999999,,
metacritic_18269,sales_5296,0.9999999999999999,,
metacritic_26,sales_715,0.9999999999999999,,
metacritic_294,sales_2414,0.9999999999999999,,
metacritic_19715,sales_5289,0.9999999999999999,,
metacritic_13199,sales_3163,0.9999999999999999,,
metacritic_15214,sales_3860,0.9999999999999999,,
metacritic_16927,sales_4221,0.8999999999999999,,
metacritic_19943,sales_2645,0.9999999999999999,,
metacritic_10993,sales_6950,0.9999999999999999,,
metacritic_13261,sales_1027,0.9999999999999999,,
metacritic_17285,sales_6733,0.85,,
metacritic_17483,sales_2796,0.9999999999999999,,
metacritic_8639,sales_2407,0.9999999999999999,,
metacritic_16376,sales_5388,0.9999999999999999,,
metacritic_17764,sales_3981,0.8999999999999999,,
metacritic_1131,sales_2946,0.9999999999999999,,
metacritic_17509,sales_4224,0.8999999999999999,,
metacritic_12822,sales_3343,0.8999999999999999,,
metacritic_18221,sales_5690,0.8999999999999999,,
metacritic_19095,sales_5680,0.9999999999999999,,
metacritic_20086,sales_7598,0.9999999999999999,,
metacritic_11737,sales_1426,0.9999999999999999,,
metacritic_305,sales_184,0.9999999999999999,,
metacritic_5860,sales_616,0.9999999999999999,,
metacritic_13796,sales_7004,0.9999999999999999,,
metacritic_4825,sales_881,0.9999999999999999,,
metacritic_1397,sales_1331,0.9999999999999999,,
metacritic_10750,sales_4564,0.8999999999999999,,
metacritic_12752,sales_4589,0.9999999999999999,,
metacritic_399,sales_1484,0.9999999999999999,,
metacritic_15510,sales_7254,0.9999999999999999,,
metacritic_8606,sales_4286,0.9999999999999999,,
metacritic_1724,sales_425,0.9999999999999999,,
metacritic_16187,sales_6130,0.9999999999999999,,
metacritic_13641,sales_1980,0.9999999999999999,,
metacritic_34,sales_501,0.9999999999999999,,
metacritic_10294,sales_4386,0.9999999999999999,,
metacritic_13287,sales_5916,0.9999999999999999,,
metacritic_9209,sales_3609,0.9999999999999999,,
metacritic_10742,sales_7294,0.9999999999999999,,
metacritic_14770,sales_7611,0.9999999999999999,,
metacritic_16548,sales_4223,0.9999999999999999,,
metacritic_18609,sales_2618,0.9999999999999999,,
metacritic_17179,sales_5126,0.9999999999999999,,
metacritic_14747,sales_3710,0.8999999999999999,,
metacritic_8177,sales_1355,0.9999999999999999,,
metacritic_20415,sales_328,0.9999999999999999,,
metacritic_10007,sales_6574,0.9999999999999999,,
metacritic_5141,sales_941,0.9999999999999999,,
metacritic_9132,sales_4486,0.9999999999999999,,
metacritic_19171,sales_4813,0.9999999999999999,,
metacritic_8227,sales_1023,0.9999999999999999,,
metacritic_10575,sales_1112,0.9999999999999999,,
metacritic_11119,sales_1013,0.9999999999999999,,
metacritic_15402,sales_6241,0.9999999999999999,,
metacritic_17192,sales_1229,0.9999999999999999,,
metacritic_19876,sales_5328,0.8999999999999999,,
metacritic_8426,sales_4636,0.9999999999999999,,
metacritic_13061,sales_2430,0.9999999999999999,,
metacritic_4763,sales_2732,0.9999999999999999,,
metacritic_11759,sales_7362,0.9999999999999999,,
metacritic_5313,sales_1412,0.9999999999999999,,
metacritic_19145,sales_6780,0.8999999999999999,,
metacritic_1256,sales_5451,0.8999999999999999,,
metacritic_10812,sales_635,0.9999999999999999,,
metacritic_18628,sales_5286,0.8999999999999999,,
metacritic_2793,sales_4781,0.9999999999999999,,
metacritic_8344,sales_2353,0.9999999999999999,,
metacritic_6840,sales_4189,0.9999999999999999,,
metacritic_8267,sales_982,0.9999999999999999,,
metacritic_5796,sales_1776,0.9999999999999999,,
metacritic_1994,sales_5036,0.9999999999999999,,
metacritic_6298,sales_340,0.9999999999999999,,
metacritic_567,sales_1945,0.9999999999999999,,
metacritic_1499,sales_1891,0.9999999999999999,,
metacritic_11775,sales_5415,0.8999999999999999,,
metacritic_12629,sales_3679,0.9999999999999999,,
metacritic_1758,sales_1428,0.9999999999999999,,
metacritic_12183,sales_5821,0.9999999999999999,,
metacritic_7412,sales_7813,0.8999999999999999,,
metacritic_7133,sales_1838,0.9999999999999999,,
metacritic_19779,sales_7369,0.9999999999999999,,
metacritic_8038,sales_1846,0.9999999999999999,,
metacritic_12431,sales_3653,0.9999999999999999,,
metacritic_3949,sales_1756,0.9999999999999999,,
metacritic_15757,sales_7489,0.9999999999999999,,
metacritic_20018,sales_3811,0.9999999999999999,,
metacritic_12608,sales_2934,0.9999999999999999,,
metacritic_3877,sales_4024,0.9999999999999999,,
metacritic_8414,sales_1634,0.9999999999999999,,
metacritic_20472,sales_2927,0.9999999999999999,,
metacritic_8430,sales_2550,0.9999999999999999,,
metacritic_4547,sales_878,0.9999999999999999,,
metacritic_17987,sales_5037,0.9999999999999999,,
metacritic_1237,sales_2624,0.9999999999999999,,
metacritic_4146,sales_2776,0.9999999999999999,,
metacritic_9026,sales_83,0.8999999999999999,,
metacritic_15904,sales_3970,0.9999999999999999,,
metacritic_3915,sales_5221,0.9999999999999999,,
metacritic_7879,sales_3562,0.9999999999999999,,
metacritic_9505,sales_4921,0.9999999999999999,,
metacritic_16614,sales_3296,0.9999999999999999,,
metacritic_16483,sales_7159,0.9999999999999999,,
metacritic_17119,sales_4715,0.9999999999999999,,
metacritic_20213,sales_6587,0.9999999999999999,,
metacritic_10163,sales_5696,0.8999999999999999,,
metacritic_10889,sales_3515,0.9999999999999999,,
metacritic_12814,sales_7187,0.9999999999999999,,
metacritic_7867,sales_4874,0.9999999999999999,,
metacritic_17932,sales_6119,0.9999999999999999,,
metacritic_12412,sales_1394,0.9999999999999999,,
metacritic_20216,sales_4087,0.9999999999999999,,
metacritic_14558,sales_5948,0.9999999999999999,,
metacritic_7481,sales_3909,0.9999999999999999,,
metacritic_16856,sales_276,0.9999999999999999,,
metacritic_16582,sales_4152,0.9999999999999999,,
metacritic_3651,sales_1517,0.9999999999999999,,
metacritic_4746,sales_6402,0.9999999999999999,,
metacritic_14345,sales_5802,0.9999999999999999,,
metacritic_9909,sales_409,0.8999999999999999,,
metacritic_3716,sales_4020,0.9999999999999999,,
metacritic_17703,sales_4111,0.9999999999999999,,
metacritic_3045,sales_436,0.8285714285714285,,
metacritic_12738,sales_7856,0.9999999999999999,,
metacritic_5157,sales_3224,0.9999999999999999,,
metacritic_13913,sales_6406,0.9999999999999999,,
metacritic_319,sales_305,0.9999999999999999,,
metacritic_16414,sales_6512,0.9999999999999999,,
metacritic_19163,sales_2747,0.9999999999999999,,
metacritic_10286,sales_6520,0.9999999999999999,,
metacritic_13468,sales_5380,0.9999999999999999,,
metacritic_1864,sales_1432,0.9999999999999999,,
metacritic_14235,sales_6774,0.9999999999999999,,
metacritic_4505,sales_3,0.9999999999999999,,
metacritic_7619,sales_3668,0.8999999999999999,,
metacritic_16650,sales_6181,0.9999999999999999,,
metacritic_6362,sales_1683,0.9999999999999999,,
metacritic_11924,sales_7034,0.9999999999999999,,
metacritic_16904,sales_6685,0.9999999999999999,,
metacritic_2435,sales_659,0.9999999999999999,,
metacritic_926,sales_260,0.88,,
metacritic_11652,sales_5648,0.9999999999999999,,
metacritic_15728,sales_3203,0.9999999999999999,,
metacritic_2922,sales_482,0.9999999999999999,,
metacritic_4872,sales_405,0.9999999999999999,,
metacritic_20366,sales_7605,0.9999999999999999,,
metacritic_13412,sales_4583,0.9999999999999999,,
metacritic_7850,sales_3695,0.9999999999999999,,
metacritic_3429,sales_2,0.9999999999999999,,
metacritic_716,sales_1182,0.9999999999999999,,
metacritic_14632,sales_7796,0.9999999999999999,,
metacritic_4291,sales_6532,0.9999999999999999,,
metacritic_6680,sales_275,0.9999999999999999,,
metacritic_3309,sales_1231,0.9999999999999999,,
metacritic_6527,sales_2384,0.9999999999999999,,
metacritic_20098,sales_6385,0.8999999999999999,,
metacritic_9558,sales_2821,0.9999999999999999,,
metacritic_16119,sales_6206,0.9999999999999999,,
metacritic_2125,sales_66,0.9999999999999999,,
metacritic_8237,sales_1265,0.9999999999999999,,
metacritic_5468,sales_1337,0.9999999999999999,,
metacritic_19037,sales_6151,0.9999999999999999,,
metacritic_1133,sales_320,0.9999999999999999,,
metacritic_4638,sales_7288,0.9999999999999999,,
metacritic_11322,sales_7174,0.9999999999999999,,
metacritic_19598,sales_5996,0.9999999999999999,,
metacritic_2829,sales_364,0.9999999999999999,,
metacritic_11799,sales_1239,0.9999999999999999,,
metacritic_13358,sales_3322,0.9999999999999999,,
metacritic_8791,sales_7354,0.9999999999999999,,
metacritic_17782,sales_7649,0.9999999999999999,,
metacritic_14564,sales_5836,0.9999999999999999,,
metacritic_12433,sales_3687,0.9999999999999999,,
metacritic_14165,sales_5794,0.9999999999999999,,
metacritic_8105,sales_6847,0.9999999999999999,,
metacritic_17587,sales_5835,0.8999999999999999,,
metacritic_16792,sales_2003,0.9999999999999999,,
metacritic_9579,sales_7207,0.9999999999999999,,
metacritic_11865,sales_1905,0.9999999999999999,,
metacritic_8437,sales_4849,0.8999999999999999,,
metacritic_17161,sales_3209,0.9999999999999999,,
metacritic_7521,sales_1443,0.9999999999999999,,
metacritic_4406,sales_6003,0.9999999999999999,,
metacritic_7249,sales_1790,0.9999999999999999,,
metacritic_17467,sales_7774,0.9999999999999999,,
metacritic_19498,sales_7493,0.9999999999999999,,
metacritic_4395,sales_3962,0.9999999999999999,,
metacritic_7981,sales_1511,0.9999999999999999,,
metacritic_10082,sales_454,0.9999999999999999,,
metacritic_9897,sales_3138,0.9999999999999999,,
metacritic_3285,sales_1584,0.9999999999999999,,
metacritic_13777,sales_1885,0.9999999999999999,,
metacritic_10293,sales_7781,0.9999999999999999,,
metacritic_307,sales_7309,0.9999999999999999,,
metacritic_9016,sales_7172,0.9999999999999999,,
metacritic_17497,sales_6043,0.8999999999999999,,
metacritic_15657,sales_5910,0.8999999999999999,,
metacritic_17516,sales_7545,0.9999999999999999,,
metacritic_17442,sales_4200,0.9999999999999999,,
metacritic_9306,sales_794,0.9999999999999999,,
metacritic_16853,sales_5672,0.9999999999999999,,
metacritic_13779,sales_7227,0.9999999999999999,,
metacritic_20196,sales_6205,0.9999999999999999,,
metacritic_14214,sales_7104,0.9999999999999999,,
metacritic_20188,sales_5405,0.9999999999999999,,
metacritic_12187,sales_1050,0.9999999999999999,,
metacritic_2679,sales_528,0.9999999999999999,,
metacritic_348,sales_2116,0.9999999999999999,,
metacritic_5622,sales_5424,0.9999999999999999,,
metacritic_14087,sales_7123,0.9999999999999999,,
metacritic_13892,sales_5142,0.8999999999999999,,
metacritic_3520,sales_3318,0.9999999999999999,,
metacritic_19458,sales_6418,0.9999999999999999,,
metacritic_19236,sales_6252,0.9999999999999999,,
metacritic_916,sales_1218,0.9999999999999999,,
metacritic_6983,sales_3169,0.9999999999999999,,
metacritic_17711,sales_2563,0.9999999999999999,,
metacritic_13940,sales_4679,0.9999999999999999,,
metacritic_1001,sales_5962,0.9999999999999999,,
metacritic_11668,sales_2887,0.9999999999999999,,
metacritic_1674,sales_649,0.9999999999999999,,
metacritic_15170,sales_5454,0.9999999999999999,,
metacritic_14473,sales_3799,0.9999999999999999,,
metacritic_1797,sales_2224,0.9999999999999999,,
metacritic_6055,sales_6929,0.9999999999999999,,
metacritic_19085,sales_6346,0.9999999999999999,,
metacritic_20483,sales_195,0.9999999999999999,,
metacritic_19000,sales_7849,0.9999999999999999,,
metacritic_8099,sales_4766,0.9999999999999999,,
metacritic_11127,sales_1987,0.9999999999999999,,
metacritic_14325,sales_7723,0.9999999999999999,,
metacritic_15755,sales_2148,0.8999999999999999,,
metacritic_1292,sales_3373,0.9999999999999999,,
metacritic_18082,sales_6282,0.9999999999999999,,
metacritic_15192,sales_1820,0.9999999999999999,,
metacritic_2467,sales_7655,0.9999999999999999,,
metacritic_17913,sales_6915,0.9999999999999999,,
metacritic_16524,sales_4026,0.9999999999999999,,
metacritic_4862,sales_6044,0.9999999999999999,,
metacritic_9635,sales_3490,0.8999999999999999,,
metacritic_2918,sales_514,0.9999999999999999,,
metacritic_13759,sales_2248,0.9999999999999999,,
metacritic_19874,sales_5947,0.9999999999999999,,
metacritic_8050,sales_3355,0.9999999999999999,,
metacritic_18044,sales_2484,0.9999999999999999,,
metacritic_9917,sales_6461,0.9999999999999999,,
metacritic_14855,sales_5888,0.8999999999999999,,
metacritic_12392,sales_5689,0.9999999999999999,,
metacritic_19322,sales_556,0.9999999999999999,,
metacritic_10152,sales_438,0.9999999999999999,,
metacritic_7429,sales_5976,0.9999999999999999,,
metacritic_18568,sales_5526,0.9999999999999999,,
metacritic_15691,sales_2225,0.9999999999999999,,
metacritic_19604,sales_1283,0.9999999999999999,,
metacritic_17075,sales_2132,0.9999999999999999,,
metacritic_17053,sales_4207,0.8999999999999999,,
metacritic_9068,sales_509,0.9999999999999999,,
metacritic_18782,sales_6231,0.9999999999999999,,
metacritic_18186,sales_885,0.9999999999999999,,
metacritic_9869,sales_1823,0.9999999999999999,,
metacritic_18589,sales_2786,0.9999999999999999,,
metacritic_15839,sales_3840,0.9999999999999999,,
metacritic_5189,sales_951,0.8999999999999999,,
metacritic_6442,sales_5342,0.9999999999999999,,
metacritic_20337,sales_6253,0.9999999999999999,,
metacritic_11311,sales_1982,0.9999999999999999,,
metacritic_402,sales_7808,0.9999999999999999,,
metacritic_9138,sales_3335,0.9999999999999999,,
metacritic_495,sales_6506,0.9999999999999999,,
metacritic_1368,sales_2266,0.9999999999999999,,
metacritic_3573,sales_4690,0.9999999999999999,,
metacritic_19304,sales_1615,0.9999999999999999,,
metacritic_16778,sales_5228,0.9999999999999999,,
metacritic_82,sales_963,0.9999999999999999,,
metacritic_18373,sales_3508,0.9999999999999999,,
metacritic_6215,sales_6197,0.9999999999999999,,
metacritic_6106,sales_1466,0.9999999999999999,,
metacritic_14177,sales_7477,0.9999999999999999,,
metacritic_19563,sales_7543,0.9999999999999999,,
metacritic_351,sales_7209,0.9999999999999999,,
metacritic_12408,sales_4851,0.9999999999999999,,
metacritic_20197,sales_6060,0.9999999999999999,,
metacritic_13235,sales_4035,0.9999999999999999,,
metacritic_530,sales_1249,0.9999999999999999,,
metacritic_8608,sales_4017,0.8999999999999999,,
metacritic_7038,sales_2357,0.9999999999999999,,
metacritic_7513,sales_4276,0.9999999999999999,,
metacritic_2672,sales_4881,0.9999999999999999,,
metacritic_1693,sales_858,0.9999999999999999,,
metacritic_6772,sales_2942,0.9999999999999999,,
metacritic_19237,sales_6820,0.8285714285714285,,
metacritic_83,sales_327,0.8999999999999999,,
metacritic_2356,sales_3638,0.9999999999999999,,
metacritic_15452,sales_7184,0.8999999999999999,,
metacritic_17925,sales_2164,0.9999999999999999,,
metacritic_17504,sales_2301,0.9999999999999999,,
metacritic_12337,sales_7114,0.9999999999999999,,
metacritic_6001,sales_1348,0.8999999999999999,,
metacritic_16685,sales_1997,0.8999999999999999,,
metacritic_13887,sales_4941,0.8999999999999999,,
metacritic_461,sales_1898,0.9999999999999999,,
metacritic_20284,sales_6411,0.9999999999999999,,
metacritic_13162,sales_7128,0.9999999999999999,,
metacritic_15491,sales_4482,0.9999999999999999,,
metacritic_17177,sales_4032,0.9999999999999999,,
metacritic_15868,sales_6491,0.9999999999999999,,
metacritic_5695,sales_3921,0.9999999999999999,,
metacritic_8533,sales_6006,0.9999999999999999,,
metacritic_3934,sales_753,0.9999999999999999,,
metacritic_18085,sales_4505,0.9999999999999999,,
metacritic_8173,sales_1640,0.9999999999999999,,
metacritic_5329,sales_4140,0.8999999999999999,,
metacritic_3326,sales_3029,0.9999999999999999,,
metacritic_960,sales_930,0.9999999999999999,,
metacritic_16653,sales_5822,0.8999999999999999,,
metacritic_3328,sales_2064,0.9999999999999999,,
metacritic_1914,sales_2769,0.9999999999999999,,
metacritic_11978,sales_4402,0.9999999999999999,,
metacritic_16925,sales_2179,0.9999999999999999,,
metacritic_6153,sales_1973,0.9999999999999999,,
metacritic_18817,sales_7832,0.9999999999999999,,
metacritic_2223,sales_213,0.8999999999999999,,
metacritic_7951,sales_3104,0.9999999999999999,,
metacritic_19888,sales_4052,0.9999999999999999,,
metacritic_7351,sales_5587,0.9999999999999999,,
metacritic_3018,sales_5785,0.9999999999999999,,
metacritic_6722,sales_1564,0.9999999999999999,,
metacritic_14895,sales_3955,0.9999999999999999,,
metacritic_6,sales_38,0.9999999999999999,,
metacritic_5573,sales_7831,0.9999999999999999,,
metacritic_5266,sales_7027,0.8999999999999999,,
metacritic_17154,sales_2371,0.9999999999999999,,
metacritic_14396,sales_7416,0.9999999999999999,,
metacritic_16545,sales_6432,0.9999999999999999,,
metacritic_15835,sales_5051,0.9999999999999999,,
metacritic_2476,sales_457,0.9,,
metacritic_20309,sales_7285,0.9999999999999999,,
metacritic_12173,sales_5959,0.9999999999999999,,
metacritic_439,sales_1085,0.9999999999999999,,
metacritic_11674,sales_6246,0.9999999999999999,,
metacritic_15846,sales_4302,0.9999999999999999,,
metacritic_7167,sales_6918,0.8,,
metacritic_18417,sales_5549,0.9999999999999999,,
metacritic_1750,sales_452,0.9999999999999999,,
metacritic_15168,sales_3838,0.9999999999999999,,
metacritic_7519,sales_3648,0.8999999999999999,,
metacritic_2327,sales_2875,0.9999999999999999,,
metacritic_1808,sales_6923,0.9999999999999999,,
metacritic_6591,sales_4943,0.9999999999999999,,
metacritic_13712,sales_6054,0.9999999999999999,,
metacritic_19732,sales_3309,0.82,,
metacritic_11364,sales_6871,0.9999999999999999,,
metacritic_9512,sales_6457,0.9999999999999999,,
metacritic_10574,sales_2293,0.9999999999999999,,
metacritic_11589,sales_693,0.9999999999999999,,
metacritic_566,sales_253,0.9999999999999999,,
metacritic_16808,sales_5872,0.8999999999999999,,
metacritic_8709,sales_7700,0.9999999999999999,,
metacritic_8915,sales_4902,0.9999999999999999,,
metacritic_11453,sales_7030,0.9999999999999999,,
metacritic_16396,sales_6815,0.9999999999999999,,
metacritic_9802,sales_7406,0.9999999999999999,,
metacritic_1075,sales_3155,0.9999999999999999,,
metacritic_1281,sales_1837,0.9999999999999999,,
metacritic_18938,sales_4751,0.9999999999999999,,
metacritic_6257,sales_702,0.9999999999999999,,
metacritic_8195,sales_1057,0.9999999999999999,,
metacritic_60,sales_721,0.9999999999999999,,
metacritic_662,sales_31,0.8999999999999999,,
metacritic_8197,sales_1242,0.9999999999999999,,
metacritic_19222,sales_3419,0.9999999999999999,,
metacritic_9932,sales_2203,0.9999999999999999,,
metacritic_17496,sales_7737,0.8999999999999999,,
metacritic_12220,sales_3608,0.9999999999999999,,
metacritic_2689,sales_687,0.9999999999999999,,
metacritic_615,sales_2833,0.9999999999999999,,
metacritic_5005,sales_3698,0.9999999999999999,,
metacritic_8706,sales_6326,0.8999999999999999,,
metacritic_12052,sales_4115,0.8999999999999999,,
metacritic_2771,sales_1971,0.9999999999999999,,
metacritic_15579,sales_4079,0.8999999999999999,,
metacritic_14735,sales_1559,0.9999999999999999,,
metacritic_10806,sales_3647,0.9999999999999999,,
metacritic_5513,sales_5403,0.9999999999999999,,
metacritic_19543,sales_2376,0.9999999999999999,,
metacritic_11214,sales_7279,0.9999999999999999,,
metacritic_11740,sales_7626,0.9999999999999999,,
metacritic_10382,sales_2958,0.9999999999999999,,
metacritic_7241,sales_3015,0.9999999999999999,,
metacritic_9882,sales_5347,0.8999999999999999,,
metacritic_17797,sales_6788,0.9999999999999999,,
metacritic_102,sales_1855,0.9999999999999999,,
metacritic_14176,sales_4877,0.9999999999999999,,
metacritic_18193,sales_6548,0.9999999999999999,,
metacritic_2565,sales_4455,0.9999999999999999,,
metacritic_20010,sales_6357,0.9999999999999999,,
metacritic_19083,sales_6404,0.8999999999999999,,
metacritic_1384,sales_6216,0.9999999999999999,,
metacritic_10374,sales_4875,0.8999999999999999,,
metacritic_19016,sales_6538,0.9999999999999999,,
metacritic_9978,sales_4133,0.9999999999999999,,
metacritic_7193,sales_4929,0.8999999999999999,,
metacritic_3359,sales_803,0.9999999999999999,,
metacritic_18713,sales_5902,0.9999999999999999,,
metacritic_1523,sales_7049,0.8999999999999999,,
metacritic_12970,sales_145,0.9999999999999999,,
metacritic_10345,sales_7016,0.9999999999999999,,
metacritic_17678,sales_7343,0.9999999999999999,,
metacritic_11585,sales_2294,0.9999999999999999,,
metacritic_15130,sales_7629,0.9999999999999999,,
metacritic_5240,sales_6939,0.9999999999999999,,
metacritic_19413,sales_6972,0.9999999999999999,,
metacritic_19271,sales_6295,0.9999999999999999,,
metacritic_7699,sales_1770,0.9999999999999999,,
metacritic_4177,sales_1769,0.9999999999999999,,
metacritic_14240,sales_4507,0.9999999999999999,,
metacritic_585,sales_3769,0.9999999999999999,,
metacritic_16473,sales_4684,0.9999999999999999,,
metacritic_12762,sales_6866,0.9999999999999999,,
metacritic_1622,sales_1930,0.9999999999999999,,
metacritic_10625,sales_1576,0.9999999999999999,,
metacritic_9320,sales_2335,0.9999999999999999,,
metacritic_17654,sales_7550,0.9999999999999999,,
metacritic_5094,sales_6770,0.9999999999999999,,
metacritic_19723,sales_720,0.9999999999999999,,
metacritic_18476,sales_6395,0.9999999999999999,,
metacritic_10166,sales_4793,0.8999999999999999,,
metacritic_4478,sales_6656,0.9999999999999999,,
metacritic_14546,sales_5542,0.9999999999999999,,
metacritic_1556,sales_595,0.9999999999999999,,
metacritic_1304,sales_2708,0.9999999999999999,,
metacritic_16916,sales_6794,0.9999999999999999,,
metacritic_3491,sales_508,0.9999999999999999,,
metacritic_16383,sales_5788,0.9999999999999999,,
metacritic_16866,sales_3281,0.9999999999999999,,
metacritic_12633,sales_5871,0.9999999999999999,,
metacritic_12597,sales_4520,0.9999999999999999,,
metacritic_18056,sales_1735,0.9999999999999999,,
metacritic_8328,sales_3344,0.9999999999999999,,
metacritic_12557,sales_4747,0.9999999999999999,,
metacritic_19,sales_1978,0.9999999999999999,,
metacritic_6982,sales_3261,0.9999999999999999,,
metacritic_1959,sales_1862,0.9999999999999999,,
metacritic_9797,sales_1483,0.9999999999999999,,
metacritic_5346,sales_7069,0.9999999999999999,,
metacritic_11794,sales_7463,0.9999999999999999,,
metacritic_6760,sales_4895,0.9999999999999999,,
metacritic_16676,sales_4222,0.9999999999999999,,
metacritic_7097,sales_2977,0.9999999999999999,,
metacritic_17750,sales_5686,0.9999999999999999,,
metacritic_13941,sales_4216,0.9999999999999999,,
metacritic_18663,sales_3531,0.9999999999999999,,
metacritic_14909,sales_5848,0.9999999999999999,,
metacritic_20133,sales_6274,0.9999999999999999,,
metacritic_5300,sales_4138,0.9999999999999999,,
metacritic_17077,sales_6347,0.9999999999999999,,
metacritic_173,sales_57,0.9999999999999999,,
metacritic_4844,sales_3644,0.9999999999999999,,
metacritic_11261,sales_5038,0.9999999999999999,,
metacritic_501,sales_2230,0.9999999999999999,,
metacritic_17886,sales_7424,0.9999999999999999,,
metacritic_2392,sales_2877,0.9999999999999999,,
metacritic_15147,sales_2856,0.8999999999999999,,
metacritic_4803,sales_1274,0.9999999999999999,,
metacritic_5083,sales_682,0.8999999999999999,,
metacritic_17329,sales_7468,0.8999999999999999,,
metacritic_65,sales_7776,0.9999999999999999,,
metacritic_8870,sales_3055,0.8,,
metacritic_16638,sales_5970,0.8999999999999999,,
metacritic_7339,sales_7073,0.9999999999999999,,
metacritic_17885,sales_4318,0.9999999999999999,,
metacritic_242,sales_3316,0.9999999999999999,,
metacritic_14260,sales_2973,0.9999999999999999,,
metacritic_4539,sales_3031,0.9999999999999999,,
metacritic_911,sales_23,0.9999999999999999,,
metacritic_12432,sales_6980,0.8999999999999999,,
metacritic_16553,sales_7012,0.9999999999999999,,
metacritic_2274,sales_1886,0.9999999999999999,,
metacritic_452,sales_201,0.9999999999999999,,
metacritic_7846,sales_5254,0.9999999999999999,,
metacritic_11982,sales_2119,0.9999999999999999,,
metacritic_19643,sales_5567,0.9999999999999999,,
metacritic_2784,sales_7413,0.9999999999999999,,
metacritic_8833,sales_3120,0.9999999999999999,,
metacritic_16910,sales_6163,0.9999999999999999,,
metacritic_12571,sales_3896,0.9999999999999999,,
metacritic_13201,sales_2770,0.9999999999999999,,
metacritic_3280,sales_2337,0.9999999999999999,,
metacritic_31,sales_103,0.9999999999999999,,
metacritic_13097,sales_6603,0.9999999999999999,,
metacritic_312,sales_3722,0.9999999999999999,,
metacritic_19533,sales_4501,0.8999999999999999,,
metacritic_15175,sales_2643,0.9999999999999999,,
metacritic_13841,sales_7201,0.9999999999999999,,
metacritic_8067,sales_807,0.9999999999999999,,
metacritic_11389,sales_5842,0.9999999999999999,,
metacritic_5870,sales_5815,0.9999999999999999,,
metacritic_5873,sales_1479,0.8999999999999999,,
metacritic_9228,sales_2775,0.9999999999999999,,
metacritic_19792,sales_6771,0.9999999999999999,,
metacritic_14676,sales_7040,0.9999999999999999,,
metacritic_7491,sales_3820,0.8999999999999999,,
metacritic_5708,sales_6226,0.9999999999999999,,
metacritic_1976,sales_1677,0.9999999999999999,,
metacritic_14555,sales_3387,0.9999999999999999,,
metacritic_19570,sales_4258,0.9999999999999999,,
metacritic_18984,sales_4504,0.9999999999999999,,
metacritic_10063,sales_5950,0.9999999999999999,,
metacritic_4178,sales_6325,0.9999999999999999,,
metacritic_9296,sales_7306,0.9999999999999999,,
metacritic_16425,sales_4625,0.9999999999999999,,
metacritic_5225,sales_1946,0.9999999999999999,,
metacritic_12023,sales_4031,0.9999999999999999,,
metacritic_6338,sales_2260,0.8999999999999999,,
metacritic_17857,sales_6481,0.9999999999999999,,
metacritic_18823,sales_3500,0.9999999999999999,,
metacritic_15079,sales_5999,0.9999999999999999,,
metacritic_13042,sales_3391,0.9999999999999999,,
metacritic_15475,sales_4529,0.8999999999999999,,
metacritic_10221,sales_938,0.9999999999999999,,
metacritic_9516,sales_3258,0.9999999999999999,,
metacritic_11437,sales_5409,0.9999999999999999,,
metacritic_12503,sales_3733,0.9999999999999999,,
metacritic_6658,sales_2190,0.9999999999999999,,
metacritic_17088,sales_3329,0.9999999999999999,,
metacritic_7856,sales_7725,0.9999999999999999,,
metacritic_5485,sales_6221,0.9999999999999999,,
metacritic_8679,sales_7772,0.9999999999999999,,
metacritic_9464,sales_1675,0.9999999999999999,,
metacritic_4200,sales_3176,0.85,,
metacritic_19496,sales_2828,0.9999999999999999,,
metacritic_16611,sales_5293,0.9999999999999999,,
metacritic_4841,sales_2372,0.9999999999999999,,
metacritic_16227,sales_5658,0.9999999999999999,,
metacritic_18946,sales_6834,0.9999999999999999,,
metacritic_16780,sales_7044,0.9999999999999999,,
metacritic_5253,sales_7017,0.9999999999999999,,
metacritic_773,sales_2238,0.9999999999999999,,
metacritic_6137,sales_2259,0.9999999999999999,,
metacritic_4986,sales_8,0.8999999999999999,,
metacritic_3919,sales_3519,0.9999999999999999,,
metacritic_3661,sales_7560,0.9999999999999999,,
metacritic_18536,sales_4537,0.9999999999999999,,
metacritic_19676,sales_3270,0.9999999999999999,,
metacritic_9892,sales_1440,0.9999999999999999,,
metacritic_19147,sales_3389,0.9999999999999999,,
metacritic_3794,sales_5057,0.9999999999999999,,
metacritic_7810,sales_3607,0.9999999999999999,,
metacritic_20056,sales_3966,0.9999999999999999,,
metacritic_897,sales_810,0.9999999999999999,,
metacritic_4530,sales_2540,0.9999999999999999,,
metacritic_16088,sales_7436,0.8999999999999999,,
metacritic_5991,sales_722,0.9999999999999999,,
metacritic_8300,sales_357,0.9999999999999999,,
metacritic_10527,sales_5151,0.9999999999999999,,
metacritic_18317,sales_3817,0.9999999999999999,,
metacritic_15831,sales_5606,0.9999999999999999,,
metacritic_20151,sales_5445,0.9999999999999999,,
metacritic_17926,sales_4702,0.9999999999999999,,
metacritic_641,sales_5015,0.9999999999999999,,
metacritic_17102,sales_4048,0.9999999999999999,,
metacritic_7993,sales_2717,0.9999999999999999,,
metacritic_5517,sales_183,0.9999999999999999,,
metacritic_19630,sales_6127,0.9999999999999999,,
metacritic_13324,sales_5584,0.9999999999999999,,
metacritic_1478,sales_1587,0.9999999999999999,,
metacritic_8194,sales_1369,0.9999999999999999,,
metacritic_8857,sales_3726,0.9999999999999999,,
metacritic_4425,sales_6540,0.9999999999999999,,
metacritic_4391,sales_7872,0.9999999999999999,,
metacritic_18455,sales_1774,0.9999999999999999,,
metacritic_5753,sales_3535,0.9999999999999999,,
metacritic_1141,sales_1686,0.9999999999999999,,
metacritic_3694,sales_2370,0.9999999999999999,,
metacritic_18173,sales_5905,0.9999999999999999,,
metacritic_1277,sales_1759,0.9999999999999999,,
metacritic_3378,sales_300,0.9999999999999999,,
metacritic_11632,sales_7486,0.9999999999999999,,
metacritic_18315,sales_2652,0.9999999999999999,,
metacritic_1598,sales_2993,0.9999999999999999,,
metacritic_8314,sales_4382,0.9999999999999999,,
metacritic_9465,sales_5033,0.9999999999999999,,
metacritic_14733,sales_836,0.9999999999999999,,
metacritic_6149,sales_2501,0.9999999999999999,,
metacritic_746,sales_2169,0.9999999999999999,,
metacritic_15489,sales_5448,0.9999999999999999,,
metacritic_14283,sales_1859,0.8999999999999999,,
metacritic_16154,sales_7407,0.9999999999999999,,
metacritic_1448,sales_2778,0.9999999999999999,,
metacritic_16577,sales_6533,0.9999999999999999,,
metacritic_18375,sales_3301,0.9999999999999999,,
metacritic_14335,sales_1343,0.8999999999999999,,
metacritic_11614,sales_5188,0.9999999999999999,,
metacritic_355,sales_3300,0.85,,
metacritic_16461,sales_6894,0.9999999999999999,,
metacritic_15274,sales_6868,0.9999999999999999,,
metacritic_17949,sales_5099,0.9999999999999999,,
metacritic_17128,sales_1081,0.9999999999999999,,
metacritic_16588,sales_2145,0.9999999999999999,,
metacritic_8843,sales_2362,0.9999999999999999,,
metacritic_6271,sales_2565,0.9999999999999999,,
metacritic_16645,sales_7836,0.9999999999999999,,
metacritic_2595,sales_1834,0.9999999999999999,,
metacritic_13370,sales_7169,0.9999999999999999,,
metacritic_4894,sales_1964,0.9999999999999999,,
metacritic_16529,sales_4911,0.9999999999999999,,
metacritic_18894,sales_3112,0.9999999999999999,,
metacritic_8649,sales_2654,0.9999999999999999,,
metacritic_4170,sales_4194,0.9999999999999999,,
metacritic_12439,sales_5490,0.9999999999999999,,
metacritic_5451,sales_6997,0.9999999999999999,,
metacritic_12598,sales_3532,0.9999999999999999,,
metacritic_3099,sales_3685,0.9999999999999999,,
metacritic_3964,sales_3190,0.9999999999999999,,
metacritic_17398,sales_2636,0.9999999999999999,,
metacritic_16277,sales_4896,0.9999999999999999,,
metacritic_20432,sales_14,0.9999999999999999,,
metacritic_1755,sales_4043,0.9999999999999999,,
metacritic_19425,sales_4790,0.9999999999999999,,
metacritic_4526,sales_2246,0.9999999999999999,,
metacritic_4920,sales_507,0.9999999999999999,,
metacritic_6202,sales_2795,0.9999999999999999,,
metacritic_20293,sales_6429,0.9999999999999999,,
metacritic_17251,sales_3730,0.9999999999999999,,
metacritic_10949,sales_6819,0.9999999999999999,,
metacritic_6416,sales_1402,0.9999999999999999,,
metacritic_15539,sales_5316,0.9999999999999999,,
metacritic_6682,sales_5232,0.8999999999999999,,
metacritic_202,sales_497,0.9999999999999999,,
metacritic_9575,sales_2519,0.9999999999999999,,
metacritic_138,sales_1892,0.9999999999999999,,
metacritic_14157,sales_5565,0.9999999999999999,,
metacritic_5876,sales_7327,0.8999999999999999,,
metacritic_5417,sales_1808,0.8999999999999999,,
metacritic_20187,sales_5497,0.9999999999999999,,
metacritic_379,sales_954,0.9999999999999999,,
metacritic_6067,sales_7097,0.9999999999999999,,
metacritic_13997,sales_2252,0.9999999999999999,,
metacritic_9030,sales_2281,0.9999999999999999,,
metacritic_4592,sales_1651,0.9999999999999999,,
metacritic_949,sales_6880,0.9999999999999999,,
metacritic_18485,sales_2518,0.9999999999999999,,
metacritic_158,sales_1851,0.9999999999999999,,
metacritic_2103,sales_947,0.9999999999999999,,
metacritic_11265,sales_6425,0.9999999999999999,,
metacritic_12299,sales_607,0.9999999999999999,,
metacritic_11001,sales_2682,0.9999999999999999,,
metacritic_17367,sales_2354,0.8999999999999999,,
metacritic_4031,sales_2513,0.9999999999999999,,
metacritic_6053,sales_5130,0.9999999999999999,,
metacritic_18398,sales_5088,0.9999999999999999,,
metacritic_11455,sales_5407,0.8999999999999999,,
metacritic_3743,sales_1038,0.9999999999999999,,
metacritic_13855,sales_7312,0.9999999999999999,,
metacritic_8349,sales_5612,0.8999999999999999,,
metacritic_11586,sales_3871,0.9999999999999999,,
metacritic_19648,sales_3371,0.9999999999999999,,
metacritic_17814,sales_7801,0.9999999999999999,,
metacritic_16630,sales_1536,0.9999999999999999,,
metacritic_4484,sales_2066,0.9999999999999999,,
metacritic_14062,sales_4883,0.9999999999999999,,
metacritic_15854,sales_5544,0.9999999999999999,,
metacritic_2693,sales_5396,0.9999999999999999,,
metacritic_18857,sales_4392,0.85,,
metacritic_18556,sales_5904,0.9999999999999999,,
metacritic_16270,sales_4405,0.9999999999999999,,
metacritic_1470,sales_557,0.9999999999999999,,
metacritic_12167,sales_3087,0.9999999999999999,,
metacritic_20102,sales_3741,0.9999999999999999,,
metacritic_13733,sales_6591,0.8999999999999999,,
metacritic_15715,sales_7851,0.9999999999999999,,
metacritic_1004,sales_3308,0.8999999999999999,,
metacritic_6366,sales_1083,0.9999999999999999,,
metacritic_4840,sales_4963,0.9999999999999999,,
metacritic_19373,sales_6686,0.9999999999999999,,
metacritic_3318,sales_6099,0.9999999999999999,,
metacritic_16481,sales_5121,0.8999999999999999,,
metacritic_17007,sales_7714,0.9999999999999999,,
metacritic_3748,sales_3221,0.9999999999999999,,
metacritic_6424,sales_4566,0.9999999999999999,,
metacritic_8599,sales_572,0.9999999999999999,,
metacritic_14639,sales_6728,0.9999999999999999,,
metacritic_8743,sales_1767,0.9999999999999999,,
metacritic_17392,sales_4421,0.9999999999999999,,
metacritic_7360,sales_6907,0.9999999999999999,,
metacritic_17976,sales_2573,0.9999999999999999,,
metacritic_1342,sales_2087,0.9999999999999999,,
metacritic_9600,sales_3544,0.9999999999999999,,
metacritic_12266,sales_6472,0.9999999999999999,,
metacritic_5852,sales_5984,0.9999999999999999,,
metacritic_274,sales_197,0.9999999999999999,,
metacritic_730,sales_684,0.9999999999999999,,
metacritic_20093,sales_5706,0.9999999999999999,,
metacritic_19278,sales_3501,0.9999999999999999,,
metacritic_13397,sales_6661,0.8999999999999999,,
metacritic_9690,sales_6856,0.9999999999999999,,
metacritic_2983,sales_590,0.9999999999999999,,
metacritic_684,sales_1065,0.9999999999999999,,
metacritic_2688,sales_7845,0.9999999999999999,,
metacritic_13309,sales_1669,0.9999999999999999,,
metacritic_19281,sales_1664,0.9999999999999999,,
metacritic_2612,sales_255,0.9999999999999999,,
metacritic_6568,sales_1253,0.9999999999999999,,
metacritic_13141,sales_835,0.9999999999999999,,
metacritic_5999,sales_4363,0.9999999999999999,,
metacritic_16129,sales_4149,0.9999999999999999,,
metacritic_8973,sales_4374,0.9999999999999999,,
metacritic_2126,sales_491,0.8999999999999999,,
metacritic_15905,sales_6308,0.8999999999999999,,
metacritic_531,sales_7644,0.8999999999999999,,
metacritic_17717,sales_6569,0.9999999999999999,,
metacritic_20306,sales_4345,0.9999999999999999,,
metacritic_6166,sales_1174,0.9999999999999999,,
metacritic_15205,sales_3905,0.9999999999999999,,
metacritic_8859,sales_4527,0.9999999999999999,,
metacritic_2306,sales_780,0.8999999999999999,,
metacritic_15853,sales_3321,0.9999999999999999,,
metacritic_20465,sales_51,0.9999999999999999,,
metacritic_12531,sales_3278,0.9999999999999999,,
metacritic_14292,sales_6515,0.9999999999999999,,
metacritic_10018,sales_3493,0.9999999999999999,,
metacritic_713,sales_1289,0.9999999999999999,,
metacritic_19580,sales_6813,0.9999999999999999,,
metacritic_6570,sales_16,0.8999999999999999,,
metacritic_13863,sales_1330,0.9999999999999999,,
metacritic_20020,sales_5042,0.8999999999999999,,
metacritic_771,sales_7304,0.9999999999999999,,
metacritic_3135,sales_427,0.9999999999999999,,
metacritic_10281,sales_5717,0.9999999999999999,,
metacritic_1536,sales_1641,0.9999999999999999,,
metacritic_1316,sales_1012,0.9999999999999999,,
metacritic_18721,sales_5375,0.9999999999999999,,
metacritic_4118,sales_3143,0.9999999999999999,,
metacritic_6435,sales_3798,0.9999999999999999,,
metacritic_12779,sales_7381,0.9999999999999999,,
metacritic_20476,sales_53,0.9999999999999999,,
metacritic_4617,sales_3724,0.8999999999999999,,
metacritic_17827,sales_1051,0.9999999999999999,,
metacritic_3732,sales_7156,0.9999999999999999,,
metacritic_11215,sales_7623,0.9999999999999999,,
metacritic_5317,sales_1353,0.9999999999999999,,
metacritic_11576,sales_3286,0.9999999999999999,,
metacritic_1315,sales_373,0.9999999999999999,,
metacritic_5284,sales_3030,0.9999999999999999,,
metacritic_20457,sales_762,0.9999999999999999,,
metacritic_6589,sales_3117,0.9999999999999999,,
metacritic_17597,sales_4132,0.9999999999999999,,
metacritic_6196,sales_3864,0.9999999999999999,,
metacritic_3457,sales_2687,0.9999999999999999,,
metacritic_15731,sales_5460,0.9999999999999999,,
metacritic_7547,sales_813,0.9999999999999999,,
metacritic_10328,sales_3922,0.9999999999999999,,
metacritic_2596,sales_92,0.9999999999999999,,
metacritic_17777,sales_5708,0.9999999999999999,,
metacritic_12283,sales_4465,0.8999999999999999,,
metacritic_286,sales_6209,0.9999999999999999,,
metacritic_12841,sales_2393,0.9999999999999999,,
metacritic_6997,sales_5557,0.8999999999999999,,
metacritic_4212,sales_1697,0.9999999999999999,,
metacritic_4424,sales_4341,0.88,,
metacritic_14347,sales_3477,0.9999999999999999,,
metacritic_19704,sales_5986,0.9999999999999999,,
metacritic_11183,sales_3168,0.9999999999999999,,
metacritic_7771,sales_3635,0.9999999999999999,,
metacritic_4087,sales_2154,0.9999999999999999,,
metacritic_19044,sales_4951,0.9999999999999999,,
metacritic_15656,sales_3438,0.9999999999999999,,
metacritic_12128,sales_6725,0.9999999999999999,,
metacritic_19258,sales_1796,0.9999999999999999,,
metacritic_6332,sales_4720,0.9999999999999999,,
metacritic_12748,sales_4683,0.9999999999999999,,
metacritic_11427,sales_2953,0.9999999999999999,,
metacritic_1628,sales_4454,0.9999999999999999,,
metacritic_581,sales_3388,0.9999999999999999,,
metacritic_1142,sales_1344,0.9999999999999999,,
metacritic_14175,sales_2642,0.9999999999999999,,
metacritic_5019,sales_4010,0.9999999999999999,,
metacritic_2835,sales_1208,0.9999999999999999,,
metacritic_15571,sales_2706,0.9999999999999999,,
metacritic_7855,sales_1981,0.9999999999999999,,
metacritic_19971,sales_7393,0.8999999999999999,,
metacritic_18419,sales_6126,0.9999999999999999,,
metacritic_12385,sales_4240,0.9999999999999999,,
metacritic_13140,sales_6714,0.9999999999999999,,
metacritic_2768,sales_749,0.9999999999999999,,
metacritic_19256,sales_4576,0.9999999999999999,,
metacritic_19757,sales_6689,0.8285714285714285,,
metacritic_38,sales_640,0.9999999999999999,,
metacritic_11321,sales_4850,0.9999999999999999,,
metacritic_18848,sales_5735,0.9999999999999999,,
metacritic_6921,sales_2264,0.9999999999999999,,
metacritic_12257,sales_4238,0.9999999999999999,,
metacritic_17650,sales_1169,0.9999999999999999,,
metacritic_17647,sales_7546,0.9999999999999999,,
metacritic_12027,sales_7365,0.8999999999999999,,
metacritic_19009,sales_7867,0.9999999999999999,,
metacritic_14902,sales_2800,0.9999999999999999,,
metacritic_4968,sales_4058,0.9999999999999999,,
metacritic_11838,sales_6830,0.9999999999999999,,
metacritic_6565,sales_4333,0.9999999999999999,,
metacritic_11826,sales_2713,0.9999999999999999,,
metacritic_12813,sales_580,0.9999999999999999,,
metacritic_10636,sales_1565,0.9999999999999999,,
metacritic_19627,sales_3193,0.9999999999999999,,
metacritic_7615,sales_6579,0.9999999999999999,,
metacritic_7630,sales_769,0.9999999999999999,,
metacritic_12406,sales_7780,0.9999999999999999,,
metacritic_10951,sales_6267,0.9999999999999999,,
metacritic_1935,sales_3284,0.9999999999999999,,
metacritic_5854,sales_4292,0.9999999999999999,,
metacritic_5461,sales_3890,0.9999999999999999,,
metacritic_2962,sales_1094,0.9999999999999999,,
metacritic_16886,sales_7741,0.9999999999999999,,
metacritic_6076,sales_1132,0.9999999999999999,,
metacritic_2551,sales_1791,0.9999999999999999,,
metacritic_17930,sales_5774,0.9999999999999999,,
metacritic_14714,sales_3700,0.9999999999999999,,
metacritic_5901,sales_3734,0.9999999999999999,,
metacritic_8201,sales_3378,0.9999999999999999,,
metacritic_17035,sales_5663,0.8999999999999999,,
metacritic_1701,sales_831,0.9999999999999999,,
metacritic_2817,sales_297,0.9999999999999999,,
metacritic_11906,sales_1488,0.9999999999999999,,
metacritic_14338,sales_6586,0.8999999999999999,,
metacritic_9685,sales_1830,0.9999999999999999,,
metacritic_3454,sales_6911,0.9999999999999999,,
metacritic_10872,sales_7798,0.8999999999999999,,
metacritic_4139,sales_6519,0.9999999999999999,,
metacritic_19567,sales_6946,0.9999999999999999,,
metacritic_9561,sales_1552,0.9999999999999999,,
metacritic_12985,sales_5843,0.9999999999999999,,
metacritic_15952,sales_5903,0.9999999999999999,,
metacritic_1210,sales_887,0.9999999999999999,,
metacritic_17218,sales_5354,0.9999999999999999,,
metacritic_6783,sales_6687,0.9999999999999999,,
metacritic_7840,sales_1575,0.9999999999999999,,
metacritic_1564,sales_906,0.9999999999999999,,
metacritic_428,sales_2155,0.9999999999999999,,
metacritic_19837,sales_2136,0.9999999999999999,,
metacritic_18115,sales_3279,0.8999999999999999,,
metacritic_18627,sales_4237,0.9999999999999999,,
metacritic_15163,sales_5103,0.9999999999999999,,
metacritic_1689,sales_204,0.9999999999999999,,
metacritic_16695,sales_6659,0.9999999999999999,,
metacritic_10507,sales_4090,0.9999999999999999,,
metacritic_9875,sales_2171,0.9999999999999999,,
metacritic_16907,sales_7698,0.9999999999999999,,
metacritic_4939,sales_4005,0.8999999999999999,,
metacritic_14244,sales_2945,0.9999999999999999,,
metacritic_13447,sales_2415,0.9999999999999999,,
metacritic_5379,sales_1165,0.9999999999999999,,
metacritic_9474,sales_3430,0.9999999999999999,,
metacritic_767,sales_1129,0.9999999999999999,,
metacritic_6852,sales_5953,0.9999999999999999,,
metacritic_4360,sales_7775,0.9999999999999999,,
metacritic_18674,sales_5900,0.9999999999999999,,
metacritic_1364,sales_411,0.9999999999999999,,
metacritic_8779,sales_3572,0.9333333333333332,,
metacritic_17734,sales_7458,0.9999999999999999,,
metacritic_223,sales_2217,0.9999999999999999,,
metacritic_6881,sales_466,0.9999999999999999,,
metacritic_3575,sales_4344,0.9999999999999999,,
metacritic_556,sales_3159,0.9999999999999999,,
metacritic_16772,sales_6873,0.9999999999999999,,
metacritic_8785,sales_6690,0.9999999999999999,,
metacritic_11046,sales_1481,0.9999999999999999,,
metacritic_37,sales_6978,0.9999999999999999,,
metacritic_2811,sales_1263,0.9999999999999999,,
metacritic_19361,sales_4978,0.9999999999999999,,
metacritic_950,sales_2803,0.9999999999999999,,
metacritic_10226,sales_551,0.9999999999999999,,
metacritic_16042,sales_55,0.9999999999999999,,
metacritic_19626,sales_4409,0.9999999999999999,,
metacritic_19089,sales_7222,0.8999999999999999,,
metacritic_12411,sales_6280,0.9999999999999999,,
metacritic_16192,sales_2140,0.9999999999999999,,
metacritic_20267,sales_6350,0.9999999999999999,,
metacritic_20431,sales_28,0.9999999999999999,,
metacritic_1901,sales_2029,0.9999999999999999,,
metacritic_2219,sales_1843,0.9999999999999999,,
metacritic_8412,sales_2383,0.9999999999999999,,
metacritic_10606,sales_7106,0.9999999999999999,,
metacritic_16058,sales_6102,0.9999999999999999,,
metacritic_4922,sales_1709,0.9999999999999999,,
metacritic_14783,sales_4515,0.9999999999999999,,
metacritic_15877,sales_3882,0.9999999999999999,,
metacritic_17863,sales_7657,0.9999999999999999,,
metacritic_8559,sales_2888,0.9999999999999999,,
metacritic_14432,sales_6097,0.9999999999999999,,
metacritic_18235,sales_7564,0.9999999999999999,,
metacritic_16959,sales_1944,0.9999999999999999,,
metacritic_16949,sales_5010,0.9999999999999999,,
metacritic_11085,sales_788,0.9999999999999999,,
metacritic_11720,sales_621,0.9999999999999999,,
metacritic_6558,sales_4073,0.9999999999999999,,
metacritic_11564,sales_1577,0.9999999999999999,,
metacritic_1449,sales_555,0.9999999999999999,,
metacritic_3875,sales_4518,0.9999999999999999,,
metacritic_7259,sales_1958,0.8999999999999999,,
metacritic_15153,sales_6705,0.8285714285714285,,
metacritic_18071,sales_575,0.9999999999999999,,
metacritic_9235,sales_6171,0.8999999999999999,,
metacritic_4436,sales_1276,0.9999999999999999,,
metacritic_780,sales_1581,0.9999999999999999,,
metacritic_12390,sales_3557,0.9999999999999999,,
metacritic_1214,sales_218,0.9999999999999999,,
metacritic_8013,sales_6789,0.8999999999999999,,
metacritic_2001,sales_6022,0.9999999999999999,,
metacritic_3313,sales_2231,0.9999999999999999,,
metacritic_8473,sales_3727,0.9999999999999999,,
metacritic_15967,sales_7759,0.8999999999999999,,
metacritic_17109,sales_5670,0.9999999999999999,,
metacritic_9716,sales_5707,0.9999999999999999,,
metacritic_20345,sales_7809,0.9999999999999999,,
metacritic_4940,sales_278,0.9999999999999999,,
metacritic_20475,sales_17,0.9999999999999999,,
metacritic_16766,sales_3152,0.9999999999999999,,
metacritic_8877,sales_2791,0.9999999999999999,,
metacritic_13609,sales_5066,0.9999999999999999,,
metacritic_3840,sales_2113,0.9999999999999999,,
metacritic_1760,sales_86,0.9999999999999999,,
metacritic_16651,sales_3669,0.9999999999999999,,
metacritic_7421,sales_4585,0.9999999999999999,,
metacritic_1500,sales_1852,0.9999999999999999,,
metacritic_457,sales_6066,0.8999999999999999,,
metacritic_16165,sales_2073,0.9999999999999999,,
metacritic_835,sales_4319,0.9999999999999999,,
metacritic_12791,sales_3604,0.8999999999999999,,
metacritic_109,sales_1365,0.9999999999999999,,
metacritic_2031,sales_7153,0.9999999999999999,,
metacritic_9851,sales_7597,0.9999999999999999,,
metacritic_19167,sales_1159,0.9999999999999999,,
metacritic_11246,sales_1489,0.9999999999999999,,
metacritic_7986,sales_222,0.9999999999999999,,
metacritic_3155,sales_2902,0.9999999999999999,,
metacritic_7226,sales_589,0.9999999999999999,,
metacritic_16490,sales_7299,0.9999999999999999,,
metacritic_13386,sales_815,0.9999999999999999,,
metacritic_15790,sales_1921,0.9999999999999999,,
metacritic_3943,sales_1975,0.9999999999999999,,
metacritic_2186,sales_5812,0.9999999999999999,,
metacritic_3768,sales_2529,0.9999999999999999,,
metacritic_159,sales_208,0.9999999999999999,,
metacritic_19267,sales_4726,0.9999999999999999,,
metacritic_15500,sales_4434,0.9999999999999999,,
metacritic_12991,sales_3553,0.9999999999999999,,
metacritic_15989,sales_6526,0.9999999999999999,,
metacritic_2483,sales_737,0.9999999999999999,,
metacritic_17466,sales_3967,0.9999999999999999,,
metacritic_20058,sales_5694,0.9999999999999999,,
metacritic_3763,sales_2180,0.9999999999999999,,
metacritic_17679,sales_1472,0.9999999999999999,,
metacritic_12188,sales_4744,0.9999999999999999,,
metacritic_1922,sales_1069,0.8999999999999999,,
metacritic_14681,sales_5615,0.9999999999999999,,
metacritic_12066,sales_3417,0.9999999999999999,,
metacritic_13381,sales_7241,0.9999999999999999,,
metacritic_14438,sales_6636,0.9999999999999999,,
metacritic_15145,sales_5678,0.9999999999999999,,
metacritic_17110,sales_6601,0.9999999999999999,,
metacritic_5578,sales_5555,0.9999999999999999,,
metacritic_14081,sales_5704,0.9999999999999999,,
metacritic_2849,sales_286,0.9999999999999999,,
metacritic_4575,sales_481,0.9999999999999999,,
metacritic_9013,sales_7162,0.9999999999999999,,
metacritic_2559,sales_1679,0.9999999999999999,,
metacritic_19565,sales_3495,0.9999999999999999,,
metacritic_17672,sales_4253,0.9999999999999999,,
metacritic_6178,sales_4003,0.9999999999999999,,
metacritic_5482,sales_391,0.8999999999999999,,
metacritic_16951,sales_6717,0.9999999999999999,,
metacritic_17598,sales_5,0.8999999999999999,,
metacritic_22,sales_973,0.9999999999999999,,
metacritic_6824,sales_6384,0.9999999999999999,,
metacritic_19861,sales_7033,0.9999999999999999,,
metacritic_5003,sales_475,0.9999999999999999,,
metacritic_10741,sales_6763,0.8999999999999999,,
metacritic_18013,sales_6912,0.9999999999999999,,
metacritic_9608,sales_2741,0.9999999999999999,,
metacritic_972,sales_335,0.9999999999999999,,
metacritic_281,sales_7705,0.8999999999999999,,
metacritic_12035,sales_4477,0.9999999999999999,,
metacritic_11167,sales_446,0.9999999999999999,,
metacritic_8153,sales_463,0.9999999999999999,,
metacritic_18918,sales_6867,0.9999999999999999,,
metacritic_15665,sales_6753,0.9999999999999999,,
metacritic_15092,sales_5528,0.9999999999999999,,
metacritic_2020,sales_3078,0.9999999999999999,,
metacritic_18966,sales_4582,0.9999999999999999,,
metacritic_2474,sales_2855,0.9999999999999999,,
metacritic_19473,sales_7584,0.9999999999999999,,
metacritic_18135,sales_671,0.9999999999999999,,
metacritic_12492,sales_1185,0.9999999999999999,,
metacritic_17867,sales_3675,0.9999999999999999,,
metacritic_17564,sales_3686,0.9999999999999999,,
metacritic_6083,sales_7052,0.9999999999999999,,
metacritic_14736,sales_1911,0.9999999999999999,,
metacritic_7715,sales_6738,0.9999999999999999,,
metacritic_12246,sales_1521,0.9999999999999999,,
metacritic_5122,sales_2956,0.9999999999999999,,
metacritic_9233,sales_1947,0.9999999999999999,,
metacritic_14287,sales_4254,0.8999999999999999,,
metacritic_4783,sales_503,0.9999999999999999,,
metacritic_15366,sales_4524,0.9999999999999999,,
metacritic_6174,sales_3306,0.9999999999999999,,
metacritic_15307,sales_6148,0.9999999999999999,,
metacritic_5591,sales_228,0.9999999999999999,,
metacritic_13278,sales_2539,0.9999999999999999,,
metacritic_1346,sales_216,0.8999999999999999,,
metacritic_5371,sales_4297,0.9999999999999999,,
metacritic_3222,sales_2788,0.9999999999999999,,
metacritic_1254,sales_5923,0.9999999999999999,,
metacritic_12,sales_11,0.9999999999999999,,
metacritic_17958,sales_7196,0.9999999999999999,,
metacritic_12861,sales_1190,0.9999999999999999,,
metacritic_18458,sales_3868,0.9999999999999999,,
metacritic_601,sales_3885,0.9999999999999999,,
metacritic_20017,sales_5590,0.9999999999999999,,
metacritic_995,sales_1040,0.9999999999999999,,
metacritic_9699,sales_925,0.9999999999999999,,
metacritic_10427,sales_2582,0.8999999999999999,,
metacritic_11676,sales_5607,0.9999999999999999,,
metacritic_9127,sales_6502,0.9999999999999999,,
metacritic_18822,sales_3677,0.9999999999999999,,
metacritic_12147,sales_7656,0.9999999999999999,,
metacritic_11699,sales_1123,0.9999999999999999,,
metacritic_19535,sales_7431,0.9999999999999999,,
metacritic_13482,sales_4255,0.9999999999999999,,
metacritic_14502,sales_3660,0.9999999999999999,,
metacritic_5287,sales_4513,0.9999999999999999,,
metacritic_1317,sales_5475,0.9999999999999999,,
metacritic_3363,sales_1690,0.9999999999999999,,
metacritic_4901,sales_499,0.9999999999999999,,
metacritic_8353,sales_3257,0.9999999999999999,,
metacritic_233,sales_6298,0.9999999999999999,,
metacritic_10498,sales_1692,0.9999999999999999,,
metacritic_12527,sales_4257,0.9999999999999999,,
metacritic_10652,sales_7435,0.9999999999999999,,
metacritic_15681,sales_5360,0.9999999999999999,,
metacritic_14660,sales_6321,0.9999999999999999,,
metacritic_1705,sales_353,0.9999999999999999,,
metacritic_8462,sales_7270,0.9999999999999999,,
metacritic_1029,sales_317,0.9999999999999999,,
metacritic_762,sales_1972,0.9999999999999999,,
metacritic_11842,sales_3610,0.9999999999999999,,
metacritic_11893,sales_1826,0.9999999999999999,,
metacritic_5456,sales_5251,0.9999999999999999,,
metacritic_3981,sales_7865,0.9999999999999999,,
metacritic_7725,sales_625,0.9999999999999999,,
metacritic_19112,sales_6945,0.8999999999999999,,
metacritic_2013,sales_4511,0.9999999999999999,,
metacritic_4057,sales_214,0.9999999999999999,,
metacritic_9665,sales_2601,0.9999999999999999,,
metacritic_20299,sales_6976,0.9999999999999999,,
metacritic_5838,sales_2457,0.9999999999999999,,
metacritic_249,sales_888,0.9999999999999999,,
metacritic_2484,sales_6053,0.9999999999999999,,
metacritic_12112,sales_4356,0.8999999999999999,,
metacritic_11344,sales_4127,0.9999999999999999,,
metacritic_20152,sales_4910,0.9999999999999999,,
metacritic_7551,sales_272,0.9999999999999999,,
metacritic_912,sales_56,0.9999999999999999,,
metacritic_15337,sales_3863,0.9999999999999999,,
metacritic_6312,sales_6849,0.9999999999999999,,
metacritic_11228,sales_1388,0.9999999999999999,,
metacritic_7005,sales_170,0.9999999999999999,,
metacritic_3143,sales_664,0.9999999999999999,,
metacritic_17266,sales_6748,0.9999999999999999,,
metacritic_13501,sales_7116,0.9999999999999999,,
metacritic_2311,sales_686,0.9999999999999999,,
metacritic_14619,sales_1024,0.9999999999999999,,
metacritic_13642,sales_3764,0.8999999999999999,,
metacritic_7872,sales_1382,0.9999999999999999,,
metacritic_6534,sales_383,0.9999999999999999,,
metacritic_17535,sales_7819,0.9999999999999999,,
metacritic_19477,sales_6981,0.8999999999999999,,
metacritic_8520,sales_2304,0.9999999999999999,,
metacritic_6862,sales_2996,0.9999999999999999,,
metacritic_14641,sales_3038,0.9999999999999999,,
metacritic_5335,sales_604,0.9999999999999999,,
metacritic_17352,sales_5114,0.9999999999999999,,
metacritic_1827,sales_132,0.8999999999999999,,
metacritic_12110,sales_5244,0.9999999999999999,,
metacritic_13115,sales_1909,0.9999999999999999,,
metacritic_334,sales_129,0.9999999999999999,,
metacritic_8432,sales_1518,0.9999999999999999,,
metacritic_9555,sales_2504,0.9999999999999999,,
metacritic_10303,sales_408,0.9999999999999999,,
metacritic_18992,sales_3127,0.9999999999999999,,
metacritic_17998,sales_1475,0.9999999999999999,,
metacritic_1094,sales_1420,0.9999999999999999,,
metacritic_3361,sales_1499,0.9999999999999999,,
metacritic_1867,sales_1080,0.9999999999999999,,
metacritic_11125,sales_861,0.9999999999999999,,
metacritic_1069,sales_2834,0.9999999999999999,,
metacritic_3742,sales_3823,0.9999999999999999,,
metacritic_11913,sales_2093,0.8999999999999999,,
metacritic_4906,sales_358,0.9999999999999999,,
metacritic_18284,sales_4965,0.9999999999999999,,
metacritic_17363,sales_3874,0.9999999999999999,,
metacritic_2005,sales_838,0.9999999999999999,,
metacritic_3691,sales_502,0.9999999999999999,,
metacritic_10331,sales_4069,0.9999999999999999,,
metacritic_10117,sales_2798,0.9999999999999999,,
metacritic_18306,sales_2192,0.9999999999999999,,
metacritic_10511,sales_4862,0.9999999999999999,,
metacritic_4314,sales_4396,0.9999999999999999,,
metacritic_4467,sales_4794,0.9999999999999999,,
metacritic_15577,sales_3410,0.9999999999999999,,
metacritic_6953,sales_7125,0.9999999999999999,,
metacritic_11254,sales_1436,0.9999999999999999,,
metacritic_14456,sales_6822,0.9999999999999999,,
metacritic_16656,sales_3465,0.8999999999999999,,
metacritic_9194,sales_2822,0.9999999999999999,,
metacritic_10992,sales_437,0.9999999999999999,,
metacritic_15360,sales_7855,0.9999999999999999,,
metacritic_4928,sales_6658,0.9999999999999999,,
metacritic_1394,sales_3050,0.9999999999999999,,
metacritic_3188,sales_552,0.9999999999999999,,
metacritic_14040,sales_4245,0.9999999999999999,,
metacritic_13965,sales_1294,0.9999999999999999,,
metacritic_206,sales_825,0.9999999999999999,,
metacritic_16708,sales_7495,0.9999999999999999,,
metacritic_2673,sales_124,0.8999999999999999,,
metacritic_151,sales_739,0.9999999999999999,,
metacritic_18916,sales_5202,0.9999999999999999,,
metacritic_8428,sales_3381,0.9999999999999999,,
metacritic_879,sales_795,0.9999999999999999,,
metacritic_6888,sales_535,0.9999999999999999,,
metacritic_11795,sales_1347,0.9999999999999999,,
metacritic_16971,sales_4227,0.8999999999999999,,
metacritic_17452,sales_6046,0.9999999999999999,,
metacritic_19706,sales_7743,0.9999999999999999,,
metacritic_13890,sales_5563,0.9999999999999999,,
metacritic_18884,sales_4368,0.9999999999999999,,
metacritic_19144,sales_1494,0.9999999999999999,,
metacritic_20294,sales_2147,0.9999999999999999,,
metacritic_19114,sales_419,0.9999999999999999,,
metacritic_5161,sales_3793,0.9999999999999999,,
metacritic_2897,sales_3835,0.9999999999999999,,
metacritic_19195,sales_6859,0.9999999999999999,,
metacritic_2475,sales_460,0.9999999999999999,,
metacritic_5462,sales_2634,0.9999999999999999,,
metacritic_295,sales_400,0.9999999999999999,,
metacritic_9788,sales_622,0.9999999999999999,,
metacritic_5104,sales_3976,0.9999999999999999,,
metacritic_4197,sales_233,0.9999999999999999,,
metacritic_8746,sales_3299,0.9999999999999999,,
metacritic_5669,sales_935,0.9999999999999999,,
metacritic_8675,sales_7157,0.8999999999999999,,
metacritic_14754,sales_4709,0.8999999999999999,,
metacritic_8434,sales_416,0.9999999999999999,,
metacritic_16264,sales_4837,0.9999999999999999,,
metacritic_16636,sales_7098,0.9999999999999999,,
metacritic_14005,sales_2366,0.9999999999999999,,
metacritic_5049,sales_2762,0.9999999999999999,,
metacritic_9614,sales_1134,0.9999999999999999,,
metacritic_276,sales_3184,0.9999999999999999,,
metacritic_510,sales_742,0.9999999999999999,,
metacritic_2111,sales_525,0.9999999999999999,,
metacritic_7152,sales_5346,0.9999999999999999,,
metacritic_15903,sales_3207,0.9999999999999999,,
metacritic_18366,sales_1358,0.9999999999999999,,
metacritic_8260,sales_5536,0.9999999999999999,,
metacritic_12599,sales_4181,0.9999999999999999,,
metacritic_18835,sales_5832,0.9999999999999999,,
metacritic_5144,sales_3080,0.9999999999999999,,
metacritic_17559,sales_2799,0.9999999999999999,,
metacritic_8824,sales_7455,0.9999999999999999,,
metacritic_9984,sales_727,0.8,,
metacritic_297,sales_165,0.9999999999999999,,
metacritic_20087,sales_4959,0.9999999999999999,,
metacritic_3128,sales_3418,0.9999999999999999,,
metacritic_4938,sales_777,0.9999999999999999,,
metacritic_5874,sales_3305,0.9999999999999999,,
metacritic_14981,sales_6671,0.9999999999999999,,
metacritic_19845,sales_5514,0.9999999999999999,,
metacritic_11778,sales_4213,0.9999999999999999,,
metacritic_5938,sales_3069,0.9999999999999999,,
metacritic_10686,sales_3576,0.9999999999999999,,
metacritic_14231,sales_1844,0.9999999999999999,,
metacritic_3494,sales_5628,0.9999999999999999,,
metacritic_1657,sales_1897,0.9999999999999999,,
metacritic_2038,sales_5521,0.9999999999999999,,
metacritic_13946,sales_6711,0.9999999999999999,,
metacritic_20342,sales_5740,0.9999999999999999,,
metacritic_6957,sales_911,0.9999999999999999,,
metacritic_1264,sales_2727,0.8999999999999999,,
metacritic_6346,sales_3736,0.9999999999999999,,
metacritic_19744,sales_3018,0.9999999999999999,,
metacritic_18178,sales_1831,0.9999999999999999,,
metacritic_19449,sales_5886,0.9999999999999999,,
metacritic_16847,sales_5447,0.9999999999999999,,
metacritic_3381,sales_4770,0.9999999999999999,,
metacritic_12297,sales_1272,0.9999999999999999,,
metacritic_14680,sales_5462,0.9999999999999999,,
metacritic_3841,sales_805,0.9999999999999999,,
metacritic_19385,sales_2186,0.9999999999999999,,
metacritic_9149,sales_7746,0.8999999999999999,,
metacritic_19829,sales_5080,0.9999999999999999,,
metacritic_12007,sales_1225,0.9999999999999999,,
metacritic_17345,sales_5220,0.8999999999999999,,
metacritic_18446,sales_5025,0.9999999999999999,,
metacritic_828,sales_1147,0.9999999999999999,,
metacritic_20385,sales_6484,0.9999999999999999,,
metacritic_11420,sales_4890,0.8999999999999999,,
metacritic_13794,sales_1877,0.9999999999999999,,
metacritic_5842,sales_4448,0.88,,
metacritic_13005,sales_3206,0.9999999999999999,,
metacritic_558,sales_1876,0.9999999999999999,,
metacritic_8975,sales_1464,0.9999999999999999,,
metacritic_11764,sales_2909,0.9999999999999999,,
metacritic_14113,sales_5439,0.9999999999999999,,
metacritic_15185,sales_1030,0.9999999999999999,,
metacritic_15938,sales_1513,0.9999999999999999,,
metacritic_17178,sales_7296,0.8285714285714285,,
metacritic_3021,sales_1633,0.9999999999999999,,
metacritic_12446,sales_7178,0.9999999999999999,,
metacritic_14023,sales_4894,0.9999999999999999,,
metacritic_14994,sales_6302,0.9999999999999999,,
metacritic_860,sales_5935,0.9999999999999999,,
metacritic_16233,sales_1560,0.9999999999999999,,
metacritic_2264,sales_3629,0.9999999999999999,,
metacritic_6454,sales_2617,0.85,,
metacritic_19766,sales_7119,0.9999999999999999,,
metacritic_5892,sales_6632,0.9999999999999999,,
metacritic_2550,sales_759,0.9999999999999999,,
metacritic_14433,sales_5486,0.9999999999999999,,
metacritic_19294,sales_4042,0.9999999999999999,,
metacritic_13464,sales_7190,0.8999999999999999,,
metacritic_19352,sales_7762,0.9999999999999999,,
metacritic_14111,sales_1315,0.9999999999999999,,
metacritic_25,sales_2313,0.8999999999999999,,
metacritic_13976,sales_5589,0.9999999999999999,,
metacritic_2727,sales_1048,0.9999999999999999,,
metacritic_6922,sales_7742,0.9999999999999999,,
metacritic_14784,sales_7200,0.9999999999999999,,
metacritic_11338,sales_1673,0.9999999999999999,,
metacritic_17050,sales_5510,0.9999999999999999,,
metacritic_20249,sales_6984,0.9999999999999999,,
metacritic_9894,sales_2099,0.9999999999999999,,
metacritic_1540,sales_1631,0.9999999999999999,,
metacritic_13407,sales_5253,0.9999999999999999,,
metacritic_13462,sales_1207,0.9999999999999999,,
metacritic_6254,sales_2226,0.8999999999999999,,
metacritic_2824,sales_6358,0.9999999999999999,,
metacritic_549,sales_182,0.9999999999999999,,
metacritic_19677,sales_3626,0.9999999999999999,,
metacritic_4966,sales_3984,0.9999999999999999,,
metacritic_2625,sales_892,0.9999999999999999,,
metacritic_1035,sales_2386,0.8999999999999999,,
metacritic_6281,sales_1531,0.9999999999999999,,
metacritic_2396,sales_1260,0.9999999999999999,,
metacritic_9658,sales_6688,0.9999999999999999,,
metacritic_6683,sales_7799,0.9999999999999999,,
metacritic_580,sales_1926,0.9999999999999999,,
metacritic_445,sales_2188,0.9999999999999999,,
metacritic_13869,sales_2670,0.9999999999999999,,
metacritic_1159,sales_1457,0.9999999999999999,,
metacritic_8255,sales_2748,0.9999999999999999,,
metacritic_3179,sales_1841,0.9999999999999999,,
metacritic_7650,sales_6080,0.9999999999999999,,
metacritic_19397,sales_5339,0.9999999999999999,,
metacritic_15004,sales_2571,0.9999999999999999,,
metacritic_19964,sales_2334,0.9999999999999999,,
metacritic_14232,sales_6250,0.9999999999999999,,
metacritic_8064,sales_1189,0.9999999999999999,,
metacritic_4973,sales_225,0.9999999999999999,,
metacritic_5986,sales_5941,0.9999999999999999,,
metacritic_6432,sales_5790,0.9999999999999999,,
metacritic_12514,sales_3153,0.9999999999999999,,
metacritic_14259,sales_6663,0.9999999999999999,,
metacritic_17629,sales_3251,0.9999999999999999,,
metacritic_8025,sales_2900,0.9999999999999999,,
metacritic_8685,sales_6807,0.9999999999999999,,
metacritic_2919,sales_27,0.8,,
metacritic_17112,sales_3283,0.9999999999999999,,
metacritic_4794,sales_7015,0.9999999999999999,,
metacritic_19204,sales_3875,0.9999999999999999,,
metacritic_1988,sales_3121,0.9999999999999999,,
metacritic_133,sales_490,0.9999999999999999,,
metacritic_13263,sales_4474,0.9999999999999999,,
metacritic_17427,sales_3409,0.8999999999999999,,
metacritic_13209,sales_5966,0.9999999999999999,,
metacritic_3582,sales_1362,0.9999999999999999,,
metacritic_9378,sales_2040,0.9999999999999999,,
metacritic_11629,sales_824,0.8,,
metacritic_16741,sales_3718,0.9999999999999999,,
metacritic_19609,sales_2898,0.8999999999999999,,
metacritic_1582,sales_2233,0.9999999999999999,,
metacritic_15444,sales_2138,0.8999999999999999,,
metacritic_2628,sales_2206,0.85,,
metacritic_19985,sales_4831,0.9999999999999999,,
metacritic_13072,sales_3139,0.9999999999999999,,
metacritic_16293,sales_3779,0.9999999999999999,,
metacritic_18,sales_30,0.9999999999999999,,
metacritic_1743,sales_519,0.9999999999999999,,
metacritic_15477,sales_5864,0.9999999999999999,,
metacritic_15531,sales_5387,0.9999999999999999,,
metacritic_15405,sales_5963,0.8999999999999999,,
metacritic_17610,sales_2187,0.9999999999999999,,
metacritic_17707,sales_5478,0.9999999999999999,,
metacritic_11802,sales_5394,0.9999999999999999,,
metacritic_212,sales_706,0.9999999999999999,,
metacritic_13911,sales_996,0.9999999999999999,,
metacritic_16918,sales_6759,0.9999999999999999,,
metacritic_779,sales_4091,0.9999999999999999,,
metacritic_4147,sales_2600,0.9999999999999999,,
metacritic_9577,sales_299,0.9999999999999999,,
metacritic_1098,sales_2432,0.8999999999999999,,
metacritic_15813,sales_1992,0.9999999999999999,,
metacritic_12627,sales_4165,0.9999999999999999,,
metacritic_19266,sales_6213,0.9999999999999999,,
metacritic_18598,sales_3081,0.9999999999999999,,
metacritic_13182,sales_1601,0.9999999999999999,,
metacritic_2313,sales_4274,0.9999999999999999,,
metacritic_20037,sales_7002,0.9999999999999999,,
metacritic_18572,sales_7226,0.9999999999999999,,
metacritic_10493,sales_50,0.9999999999999999,,
metacritic_2181,sales_401,0.9999999999999999,,
metacritic_8360,sales_3440,0.9999999999999999,,
metacritic_7637,sales_4435,0.9999999999999999,,
metacritic_13949,sales_5765,0.9999999999999999,,
metacritic_17601,sales_7467,0.8999999999999999,,
metacritic_17739,sales_5255,0.9999999999999999,,
metacritic_18586,sales_4383,0.8999999999999999,,
metacritic_4012,sales_1714,0.9999999999999999,,
metacritic_12260,sales_6828,0.9999999999999999,,
metacritic_13924,sales_6313,0.9999999999999999,,
metacritic_7817,sales_4260,0.9999999999999999,,
metacritic_17715,sales_6649,0.8999999999999999,,
metacritic_16848,sales_5655,0.8999999999999999,,
metacritic_3032,sales_2184,0.8999999999999999,,
metacritic_821,sales_2051,0.9999999999999999,,
metacritic_59,sales_2320,0.9999999999999999,,
metacritic_13101,sales_5817,0.9999999999999999,,
metacritic_8208,sales_6083,0.9999999999999999,,
metacritic_9053,sales_3060,0.9999999999999999,,
metacritic_9078,sales_3894,0.9999999999999999,,
metacritic_19536,sales_7634,0.9999999999999999,,
metacritic_2697,sales_1663,0.9999999999999999,,
metacritic_11613,sales_3672,0.9999999999999999,,
metacritic_13149,sales_4080,0.9999999999999999,,
metacritic_15919,sales_7293,0.9999999999999999,,
metacritic_2144,sales_7400,0.85,,
metacritic_10358,sales_5810,0.9999999999999999,,
metacritic_12966,sales_1867,0.9999999999999999,,
metacritic_116,sales_89,0.9999999999999999,,
metacritic_3205,sales_2100,0.9999999999999999,,
metacritic_5301,sales_4346,0.9999999999999999,,
metacritic_19219,sales_4196,0.8999999999999999,,
metacritic_14393,sales_7505,0.9999999999999999,,
metacritic_10705,sales_3366,0.9999999999999999,,
metacritic_763,sales_2509,0.9999999999999999,,
metacritic_19403,sales_5934,0.8999999999999999,,
metacritic_8438,sales_3651,0.9999999999999999,,
metacritic_12490,sales_2402,0.8999999999999999,,
metacritic_6152,sales_2599,0.9999999999999999,,
metacritic_8180,sales_1204,0.9999999999999999,,
metacritic_18420,sales_2947,0.9999999999999999,,
metacritic_15927,sales_4924,0.9999999999999999,,
metacritic_18684,sales_4809,0.9999999999999999,,
metacritic_4239,sales_2356,0.9999999999999999,,
metacritic_5888,sales_7859,0.9999999999999999,,
metacritic_19637,sales_5700,0.9999999999999999,,
metacritic_17439,sales_5651,0.9999999999999999,,
metacritic_14583,sales_6397,0.8999999999999999,,
metacritic_4725,sales_2979,0.9999999999999999,,
metacritic_15105,sales_4509,0.9999999999999999,,
metacritic_6672,sales_4932,0.9999999999999999,,
metacritic_7094,sales_1726,0.9999999999999999,,
metacritic_2150,sales_4110,0.85,,
metacritic_676,sales_544,0.9999999999999999,,
metacritic_10061,sales_6141,0.8999999999999999,,
metacritic_1532,sales_162,0.9999999999999999,,
metacritic_810,sales_2035,0.9999999999999999,,
metacritic_7121,sales_5208,0.9999999999999999,,
metacritic_20103,sales_5128,0.9999999999999999,,
metacritic_10334,sales_4225,0.9999999999999999,,
metacritic_516,sales_1609,0.9999999999999999,,
metacritic_15992,sales_5402,0.9999999999999999,,
metacritic_20130,sales_6857,0.9999999999999999,,
metacritic_10306,sales_4612,0.9999999999999999,,
metacritic_13371,sales_5231,0.9999999999999999,,
metacritic_12641,sales_4349,0.8999999999999999,,
metacritic_5898,sales_1592,0.9999999999999999,,
metacritic_18058,sales_7840,0.8999999999999999,,
metacritic_11443,sales_3568,0.9999999999999999,,
metacritic_17494,sales_7569,0.9999999999999999,,
metacritic_14690,sales_5083,0.9999999999999999,,
metacritic_16558,sales_3640,0.9999999999999999,,
metacritic_3088,sales_5119,0.9999999999999999,,
metacritic_2449,sales_2114,0.9999999999999999,,
metacritic_3223,sales_4623,0.9999999999999999,,
metacritic_7281,sales_1606,0.9999999999999999,,
metacritic_12828,sales_4528,0.9999999999999999,,
metacritic_17527,sales_4776,0.9999999999999999,,
metacritic_78,sales_7566,0.8999999999999999,,
metacritic_3698,sales_2567,0.8285714285714285,,
metacritic_17542,sales_3491,0.9999999999999999,,
metacritic_14474,sales_6537,0.9999999999999999,,
metacritic_17296,sales_3844,0.9999999999999999,,
metacritic_17082,sales_5466,0.9999999999999999,,
metacritic_5934,sales_6176,0.9999999999999999,,
metacritic_20282,sales_3504,0.9999999999999999,,
metacritic_10156,sales_3848,0.9999999999999999,,
metacritic_4094,sales_5779,0.8999999999999999,,
metacritic_14849,sales_6468,0.9999999999999999,,
metacritic_15527,sales_3431,0.9999999999999999,,
metacritic_4650,sales_7864,0.9999999999999999,,
metacritic_19032,sales_1346,0.9999999999999999,,
metacritic_10833,sales_6342,0.9999999999999999,,
metacritic_9047,sales_1840,0.9999999999999999,,
metacritic_17884,sales_3941,0.9999999999999999,,
metacritic_13488,sales_2831,0.9999999999999999,,
metacritic_6073,sales_4492,0.8999999999999999,,
metacritic_18995,sales_3978,0.9999999999999999,,
metacritic_10169,sales_1672,0.9999999999999999,,
metacritic_3501,sales_239,0.8999999999999999,,
metacritic_2743,sales_834,0.9999999999999999,,
metacritic_15708,sales_6895,0.9999999999999999,,
metacritic_18547,sales_7048,0.9999999999999999,,
metacritic_7895,sales_849,0.9999999999999999,,
metacritic_3461,sales_2604,0.9999999999999999,,
metacritic_5405,sales_790,0.9999999999999999,,
metacritic_12734,sales_5778,0.8999999999999999,,
metacritic_18678,sales_6059,0.9999999999999999,,
metacritic_2142,sales_168,0.9999999999999999,,
metacritic_20410,sales_37,0.9999999999999999,,
metacritic_14711,sales_1822,0.8999999999999999,,
metacritic_8178,sales_2715,0.9999999999999999,,
metacritic_11007,sales_5159,0.9999999999999999,,
metacritic_20436,sales_174,0.9999999999999999,,
metacritic_8251,sales_1349,0.9999999999999999,,
metacritic_13735,sales_6934,0.9999999999999999,,
metacritic_4832,sales_2345,0.9999999999999999,,
metacritic_12942,sales_6500,0.8999999999999999,,
metacritic_12211,sales_2103,0.9999999999999999,,
metacritic_7655,sales_1139,0.8999999999999999,,
metacritic_16434,sales_5877,0.9999999999999999,,
metacritic_1206,sales_428,0.9999999999999999,,
metacritic_5542,sales_1803,0.9999999999999999,,
metacritic_18941,sales_4055,0.8999999999999999,,
metacritic_17180,sales_5998,0.9999999999999999,,
metacritic_9238,sales_6413,0.8999999999999999,,
metacritic_18296,sales_6617,0.9999999999999999,,
metacritic_5503,sales_3423,0.9999999999999999,,
metacritic_12364,sales_512,0.9999999999999999,,
metacritic_5392,sales_1405,0.9999999999999999,,
metacritic_997,sales_588,0.9999999999999999,,
metacritic_4294,sales_2933,0.9999999999999999,,
metacritic_2518,sales_1003,0.9999999999999999,,
metacritic_19494,sales_6186,0.9999999999999999,,
metacritic_11729,sales_6727,0.9999999999999999,,
metacritic_20485,sales_1105,0.9999999999999999,,
metacritic_19208,sales_6247,0.9999999999999999,,
metacritic_18954,sales_4155,0.9999999999999999,,
metacritic_17317,sales_4654,0.8999999999999999,,
metacritic_18876,sales_4898,0.9999999999999999,,
metacritic_14172,sales_6049,0.9999999999999999,,
metacritic_18011,sales_2651,0.9999999999999999,,
metacritic_3674,sales_933,0.9999999999999999,,
metacritic_14155,sales_5087,0.8,,
metacritic_3972,sales_5136,0.9999999999999999,,
metacritic_19001,sales_4617,0.9999999999999999,,
metacritic_9547,sales_1082,0.9999999999999999,,
metacritic_8077,sales_1656,0.8999999999999999,,
metacritic_12319,sales_3118,0.9999999999999999,,
metacritic_17875,sales_6577,0.9999999999999999,,
metacritic_3219,sales_1338,0.9999999999999999,,
metacritic_13771,sales_308,0.9999999999999999,,
metacritic_3968,sales_6703,0.9999999999999999,,
metacritic_9815,sales_4645,0.9999999999999999,,
metacritic_18994,sales_5803,0.9999999999999999,,
metacritic_8082,sales_2714,0.9999999999999999,,
metacritic_16948,sales_5216,0.9999999999999999,,
metacritic_10562,sales_1869,0.9999999999999999,,
metacritic_3578,sales_441,0.9999999999999999,,
metacritic_16568,sales_4174,0.9999999999999999,,
metacritic_611,sales_140,0.9999999999999999,,
metacritic_14002,sales_7563,0.8999999999999999,,
metacritic_630,sales_6954,0.9999999999999999,,
metacritic_19406,sales_1674,0.9999999999999999,,
metacritic_19949,sales_2703,0.9999999999999999,,
metacritic_1744,sales_578,0.9999999999999999,,
metacritic_13192,sales_1501,0.9999999999999999,,
metacritic_3342,sales_1368,0.9999999999999999,,
metacritic_13953,sales_4569,0.8999999999999999,,
metacritic_17727,sales_4473,0.9999999999999999,,
metacritic_6535,sales_2049,0.9999999999999999,,
metacritic_20234,sales_5058,0.9999999999999999,,
metacritic_15356,sales_3901,0.9999999999999999,,
metacritic_2542,sales_7167,0.9999999999999999,,
metacritic_3977,sales_5647,0.9999999999999999,,
metacritic_17160,sales_2920,0.9999999999999999,,
metacritic_11995,sales_3852,0.9999999999999999,,
metacritic_5794,sales_1144,0.9999999999999999,,
metacritic_9218,sales_6995,0.9999999999999999,,
metacritic_9303,sales_236,0.9999999999999999,,
metacritic_5172,sales_990,0.9999999999999999,,
metacritic_19878,sales_6227,0.9999999999999999,,
metacritic_7965,sales_7497,0.9999999999999999,,
metacritic_423,sales_6292,0.9999999999999999,,
metacritic_14453,sales_5939,0.9999999999999999,,
metacritic_9975,sales_7448,0.9999999999999999,,
metacritic_18996,sales_5019,0.9999999999999999,,
metacritic_18743,sales_7469,0.9999999999999999,,
metacritic_18683,sales_5829,0.9999999999999999,,
metacritic_2840,sales_429,0.9999999999999999,,
metacritic_16634,sales_748,0.9999999999999999,,
metacritic_3064,sales_3337,0.9999999999999999,,
metacritic_19327,sales_3215,0.9999999999999999,,
metacritic_9646,sales_1410,0.9999999999999999,,
metacritic_1462,sales_1644,0.9999999999999999,,
metacritic_19438,sales_5248,0.9999999999999999,,
metacritic_5571,sales_968,0.9999999999999999,,
metacritic_474,sales_133,0.9999999999999999,,
metacritic_18091,sales_3673,0.9999999999999999,,
metacritic_4394,sales_1478,0.9999999999999999,,
metacritic_383,sales_394,0.9999999999999999,,
metacritic_18878,sales_3064,0.9999999999999999,,
metacritic_16474,sales_7253,0.8999999999999999,,
metacritic_18255,sales_7619,0.9999999999999999,,
metacritic_10887,sales_7475,0.9999999999999999,,
metacritic_19830,sales_1126,0.8999999999999999,,
metacritic_7876,sales_3379,0.9999999999999999,,
metacritic_17682,sales_2992,0.9999999999999999,,
metacritic_2841,sales_5109,0.9999999999999999,,
metacritic_9533,sales_854,0.9999999999999999,,
metacritic_16095,sales_7129,0.9999999999999999,,
metacritic_6791,sales_7237,0.9999999999999999,,
metacritic_4432,sales_7793,0.9999999999999999,,
metacritic_414,sales_1638,0.9999999999999999,,
metacritic_3343,sales_5145,0.85,,
metacritic_13561,sales_2543,0.9999999999999999,,
metacritic_12340,sales_4369,0.9999999999999999,,
metacritic_3323,sales_2346,0.9999999999999999,,
metacritic_10801,sales_4803,0.9999999999999999,,
metacritic_1762,sales_1500,0.9999999999999999,,
metacritic_4776,sales_6240,0.9999999999999999,,
metacritic_6676,sales_4167,0.9999999999999999,,
metacritic_1156,sales_1335,0.9999999999999999,,
metacritic_1635,sales_4710,0.9999999999999999,,
metacritic_20204,sales_6316,0.9999999999999999,,
metacritic_18709,sales_4053,0.9999999999999999,,
metacritic_17785,sales_3752,0.9999999999999999,,
metacritic_5315,sales_370,0.9999999999999999,,
metacritic_11160,sales_3916,0.9999999999999999,,
metacritic_1932,sales_3480,0.9999999999999999,,
metacritic_9581,sales_5270,0.9999999999999999,,
metacritic_19851,sales_7594,0.9999999999999999,,
metacritic_1625,sales_884,0.9999999999999999,,
metacritic_17968,sales_4764,0.9999999999999999,,
metacritic_5086,sales_415,0.9999999999999999,,
metacritic_8932,sales_1279,0.8999999999999999,,
metacritic_19030,sales_6196,0.9999999999999999,,
metacritic_12227,sales_3997,0.9999999999999999,,
metacritic_17372,sales_6943,0.9999999999999999,,
metacritic_4637,sales_3873,0.9999999999999999,,
metacritic_8057,sales_5004,0.9999999999999999,,
metacritic_16796,sales_3170,0.9999999999999999,,
metacritic_6323,sales_223,0.9999999999999999,,
metacritic_20491,sales_690,0.9999999999999999,,
metacritic_12311,sales_2204,0.9999999999999999,,
metacritic_16872,sales_5993,0.9999999999999999,,
metacritic_12013,sales_1409,0.9999999999999999,,
metacritic_7387,sales_3345,0.9999999999999999,,
metacritic_6139,sales_6187,0.9142857142857143,,
metacritic_19860,sales_2576,0.9999999999999999,,
metacritic_16994,sales_6691,0.9999999999999999,,
metacritic_11884,sales_6153,0.8999999999999999,,
metacritic_7372,sales_1543,0.9999999999999999,,
metacritic_5846,sales_587,0.9999999999999999,,
metacritic_18646,sales_4760,0.9999999999999999,,
metacritic_12329,sales_3662,0.9999999999999999,,
metacritic_17258,sales_1870,0.8999999999999999,,
metacritic_19221,sales_5692,0.9999999999999999,,
metacritic_16055,sales_4071,0.8999999999999999,,
metacritic_13866,sales_7548,0.9999999999999999,,
metacritic_1099,sales_2255,0.9999999999999999,,
metacritic_30,sales_2473,0.9999999999999999,,
metacritic_1157,sales_6961,0.9999999999999999,,
metacritic_139,sales_1316,0.9999999999999999,,
metacritic_19896,sales_4451,0.9999999999999999,,
metacritic_18672,sales_5264,0.9999999999999999,,
metacritic_17979,sales_5975,0.9999999999999999,,
metacritic_9476,sales_5372,0.9999999999999999,,
metacritic_18686,sales_5425,0.9999999999999999,,
metacritic_7543,sales_6836,0.9999999999999999,,
metacritic_2284,sales_1917,0.9999999999999999,,
