id1,id2,score
http://dbpedia.org/resource/Poly_Real_Estate,http://www.forbes.com/companies/poly-real-estate/,1.0
http://dbpedia.org/resource/Jabil_Circuit,http://www.forbes.com/companies/jabil-circuit/,0.9989506172839506
http://dbpedia.org/resource/STMicroelectronics,http://www.forbes.com/companies/stmicroelectronics/,0.9873294445114054
http://dbpedia.org/resource/Monster_Beverage,http://www.forbes.com/companies/monster-beverage/,0.9989506172839506
http://dbpedia.org/resource/Workday_Inc.,http://www.forbes.com/companies/workday/,0.9989506172839506
http://dbpedia.org/resource/Keurig_Green_Mountain,http://www.forbes.com/companies/keurig-green-mountain/,0.9989506172839506
http://dbpedia.org/resource/Wuhan_Iron_and_Steel,http://www.forbes.com/companies/wuhan-iron-steel/,0.6856844074188291
http://dbpedia.org/resource/Evergrande_Real_Estate_Group,http://www.forbes.com/companies/evergrande-real-estate/,0.9016437454646626
http://dbpedia.org/resource/American_Airlines_Group,http://www.forbes.com/companies/american-airlines-group/,0.9989506172839506
http://dbpedia.org/resource/Hebei_Iron_and_Steel,http://www.forbes.com/companies/hebei-iron-steel/,0.6856844074188291
http://dbpedia.org/resource/Amphenol,http://www.forbes.com/companies/amphenol/,0.9989506172839506
http://dbpedia.org/resource/Anhui_Conch_Cement_Company,http://www.forbes.com/companies/anhui-conch-cement/,0.868803728940786
http://dbpedia.org/resource/Aspen_Pharmacare,http://www.forbes.com/companies/aspen-pharmacare-holdings/,0.8552664036637371
http://dbpedia.org/resource/Cabot_Oil_&_Gas,http://www.forbes.com/companies/cabot-oil-gas/,0.9989506172839506
http://dbpedia.org/resource/Renesas_Electronics,http://www.forbes.com/companies/renesas-electronics/,1.0
http://dbpedia.org/resource/CGI_Group,http://www.forbes.com/companies/cgi-group/,1.0
http://dbpedia.org/resource/Maanshan_Iron_and_Steel_Company,http://www.forbes.com/companies/maanshan-iron-steel/,0.3653798954277784
http://dbpedia.org/resource/Dongfang_Electric,http://www.forbes.com/companies/dongfang-electric/,1.0
http://dbpedia.org/resource/Brookfield_Asset_Management,http://www.forbes.com/companies/brookfield-asset-management/,1.0
http://dbpedia.org/resource/Xcel_Energy,http://www.forbes.com/companies/xcel-energy/,0.9989506172839506
http://dbpedia.org/resource/L-3_Communications,http://www.forbes.com/companies/l-3-communications/,1.0
http://dbpedia.org/resource/Frontier_Communications,http://www.forbes.com/companies/frontier-communications/,0.9989506172839506
http://dbpedia.org/resource/Bharat_Heavy_Electricals,http://www.forbes.com/companies/bharat-heavy-electricals/,1.0
http://dbpedia.org/resource/Tsingtao_Brewery,http://www.forbes.com/companies/tsingtao-brewery/,1.0
http://dbpedia.org/resource/United_Continental_Holdings,http://www.forbes.com/companies/united-continental-holdings/,1.0
http://dbpedia.org/resource/China_Communications_Construction,http://www.forbes.com/companies/china-communications-construction/,1.0
http://dbpedia.org/resource/B/E_Aerospace,http://www.forbes.com/companies/b-e-aerospace/,0.9989506172839506
http://dbpedia.org/resource/PPG_Industries,http://www.forbes.com/companies/ppg-industries/,1.0
http://dbpedia.org/resource/China_Merchants_Property,http://www.forbes.com/companies/china-merchants-property/,1.0
http://dbpedia.org/resource/CPFL_Energia,http://www.forbes.com/companies/cpfl-energia/,1.0
http://dbpedia.org/resource/Toshiba,http://www.forbes.com/companies/toshiba/,1.0
http://dbpedia.org/resource/Tokyo_Electron,http://www.forbes.com/companies/tokyo-electron/,1.0
http://dbpedia.org/resource/Micron_Technology,http://www.forbes.com/companies/micron-technology/,1.0
http://dbpedia.org/resource/Kroger,http://www.forbes.com/companies/kroger/,1.0
http://dbpedia.org/resource/Woodside_Petroleum,http://www.forbes.com/companies/woodside-petroleum/,0.9873294445114054
http://dbpedia.org/resource/Dentsu,http://www.forbes.com/companies/dentsu/,1.0
http://dbpedia.org/resource/CenturyLink,http://www.forbes.com/companies/centurylink/,0.9989506172839506
http://dbpedia.org/resource/Sino_Land,http://www.forbes.com/companies/sino-land/,1.0
http://dbpedia.org/resource/VimpelCom_Ltd.,http://www.forbes.com/companies/vimpelcom/,0.7728068688657516
http://dbpedia.org/resource/Integrys_Energy_Group,http://www.forbes.com/companies/integrys-energy/,0.9989506172839506
http://dbpedia.org/resource/Citrix_Systems,http://www.forbes.com/companies/citrix-systems/,1.0
http://dbpedia.org/resource/Stockland,http://www.forbes.com/companies/stockland-australia/,0.5277091657091981
http://dbpedia.org/resource/NEC,http://www.forbes.com/companies/nec/,0.989795918367347
http://dbpedia.org/resource/Marathon_Oil,http://www.forbes.com/companies/marathon-oil/,1.0
http://dbpedia.org/resource/Exelon,http://www.forbes.com/companies/exelon/,0.9989506172839506
http://dbpedia.org/resource/Swisscom,http://www.forbes.com/companies/swisscom/,0.9873294445114054
http://dbpedia.org/resource/Kweichow_Moutai_Company,http://www.forbes.com/companies/kweichow-moutai/,0.8255051598290565
http://dbpedia.org/resource/Clariant,http://www.forbes.com/companies/clariant/,0.9873294445114054
http://dbpedia.org/resource/Huaneng_Power_International,http://www.forbes.com/companies/huaneng-power-international/,1.0
http://dbpedia.org/resource/Nordstrom,http://www.forbes.com/companies/nordstrom/,0.9989506172839506
http://dbpedia.org/resource/Teva_Pharmaceutical_Industries,http://www.forbes.com/companies/teva-pharmaceutical/,0.7815002466389079
http://dbpedia.org/resource/Union_National_Bank,http://www.forbes.com/companies/union-national-bank/,0.99431322094055
http://dbpedia.org/resource/Telef%C3%B3nica,http://www.forbes.com/companies/telefonica/,1.0
http://dbpedia.org/resource/Alcatel-Lucent,http://www.forbes.com/companies/alcatel-lucent/,1.0
http://dbpedia.org/resource/Duke_Energy,http://www.forbes.com/companies/duke-energy/,1.0
http://dbpedia.org/resource/Ecopetrol,http://www.forbes.com/companies/ecopetrol/,0.99431322094055
http://dbpedia.org/resource/General_Growth_Properties,http://www.forbes.com/companies/general-growth-properties/,0.9989506172839506
http://dbpedia.org/resource/Wipro,http://www.forbes.com/companies/wipro/,1.0
http://dbpedia.org/resource/Unibail-Rodamco,http://www.forbes.com/companies/unibail-rodamco/,1.0
http://dbpedia.org/resource/Jacobs_Engineering_Group,http://www.forbes.com/companies/jacobs-engineering/,0.958051316216902
http://dbpedia.org/resource/Sempra_Energy,http://www.forbes.com/companies/sempra-energy/,0.9989506172839506
http://dbpedia.org/resource/Pembina_Pipeline,http://www.forbes.com/companies/pembina-pipeline/,1.0
http://dbpedia.org/resource/Enel,http://www.forbes.com/companies/enel/,1.0
http://dbpedia.org/resource/Angang_Steel_Company,http://www.forbes.com/companies/angang-steel/,0.6448837509675132
http://dbpedia.org/resource/Foot_Locker,http://www.forbes.com/companies/foot-locker/,1.0
http://dbpedia.org/resource/Quest_Diagnostics,http://www.forbes.com/companies/quest-diagnostics/,0.9989506172839506
http://dbpedia.org/resource/Fujitsu,http://www.forbes.com/companies/fujitsu/,1.0
http://dbpedia.org/resource/SanDisk,http://www.forbes.com/companies/sandisk/,1.0
http://dbpedia.org/resource/Alinma_Bank,http://www.forbes.com/companies/alinma-bank/,1.0
http://dbpedia.org/resource/Grupo_Bimbo,http://www.forbes.com/companies/grupo-bimbo/,1.0
http://dbpedia.org/resource/Pioneer_Natural_Resources,http://www.forbes.com/companies/pioneer-natural-resources/,1.0
http://dbpedia.org/resource/Noble_Energy,http://www.forbes.com/companies/noble-energy/,0.9989506172839506
http://dbpedia.org/resource/Hitachi,http://www.forbes.com/companies/hitachi/,1.0
http://dbpedia.org/resource/Tokyo_Electric_Power_Company,http://www.forbes.com/companies/tokyo-electric-power/,0.8840679878889048
http://dbpedia.org/resource/Sino-Ocean_Land,http://www.forbes.com/companies/sino-ocean-land-holdings/,0.7173202868193839
http://dbpedia.org/resource/Hanwha_Life_Insurance,http://www.forbes.com/companies/hanwha-life-insurance/,0.884310768808761
http://dbpedia.org/resource/Capgemini,http://www.forbes.com/companies/capgemini/,1.0
http://dbpedia.org/resource/Sunac_China,http://www.forbes.com/companies/sunac-china-holdings/,0.672141083468837
http://dbpedia.org/resource/Yum!_Brands,http://www.forbes.com/companies/yum-brands/,0.7380164196678382
http://dbpedia.org/resource/Dollar_General,http://www.forbes.com/companies/dollar-general/,1.0
http://dbpedia.org/resource/Colruyt_(supermarket),http://www.forbes.com/companies/colruyt/,0.4277341551422531
http://dbpedia.org/resource/Western_Digital,http://www.forbes.com/companies/western-digital/,1.0
http://dbpedia.org/resource/China_National_Building_Material_Company,http://www.forbes.com/companies/china-national-building/,0.590285885079042
http://dbpedia.org/resource/Abu_Dhabi_Islamic_Bank,http://www.forbes.com/companies/abu-dhabi-islamic-bank/,0.99431322094055
http://dbpedia.org/resource/The_Savola_Group,http://www.forbes.com/companies/savola-group/,0.7329049892440114
http://dbpedia.org/resource/Norfolk_Southern_Railway,http://www.forbes.com/companies/norfolk-southern/,0.8514340755301397
http://dbpedia.org/resource/Kubota,http://www.forbes.com/companies/kubota/,1.0
http://dbpedia.org/resource/Ameriprise_Financial,http://www.forbes.com/companies/ameriprise-financial/,1.0
http://dbpedia.org/resource/Sumitomo_Chemical,http://www.forbes.com/companies/sumitomo-chemical/,1.0
http://dbpedia.org/resource/Hormel,http://www.forbes.com/companies/hormel-foods/,0.575438179300914
http://dbpedia.org/resource/Coloplast,http://www.forbes.com/companies/coloplast/,1.0
http://dbpedia.org/resource/Abu_Dhabi_Commercial_Bank,http://www.forbes.com/companies/abu-dhabi-commercial/,0.99431322094055
http://dbpedia.org/resource/Larsen_&_Toubro,http://www.forbes.com/companies/larsen-toubro/,1.0
http://dbpedia.org/resource/Shui_On_Land,http://www.forbes.com/companies/shui-on-land/,1.0
http://dbpedia.org/resource/Grasim_Industries,http://www.forbes.com/companies/grasim-industries/,1.0
http://dbpedia.org/resource/Hewlett-Packard,http://www.forbes.com/companies/hewlett-packard/,1.0
http://dbpedia.org/resource/Weichai_Power,http://www.forbes.com/companies/weichai-power/,1.0
http://dbpedia.org/resource/Hellenic_Petroleum,http://www.forbes.com/companies/hellenic-petroleum/,1.0
http://dbpedia.org/resource/Marathon_Petroleum,http://www.forbes.com/companies/marathon-petroleum/,1.0
http://dbpedia.org/resource/Parker_Hannifin,http://www.forbes.com/companies/parker-hannifin/,0.77508568191947
http://dbpedia.org/resource/NextEra_Energy,http://www.forbes.com/companies/nextera-energy/,1.0
http://dbpedia.org/resource/Bank_Leumi,http://www.forbes.com/companies/bank-leumi/,1.0
http://dbpedia.org/resource/Clorox,http://www.forbes.com/companies/clorox/,1.0
http://dbpedia.org/resource/Kasikornbank,http://www.forbes.com/companies/kasikornbank/,0.99431322094055
http://dbpedia.org/resource/Turkcell,http://www.forbes.com/companies/turkcell/,1.0
http://dbpedia.org/resource/Qualcomm,http://www.forbes.com/companies/qualcomm/,1.0
http://dbpedia.org/resource/Sodexo,http://www.forbes.com/companies/sodexo/,1.0
http://dbpedia.org/resource/Kingdom_Holding_Company,http://www.forbes.com/companies/kingdom-holding/,0.8330809174048142
http://dbpedia.org/resource/China_Life_Insurance_Company,http://www.forbes.com/companies/china-life-insurance/,0.8890679878889048
http://dbpedia.org/resource/Dai-ichi_Life,http://www.forbes.com/companies/dai-ichi-life-insurance/,0.7669997144583465
http://dbpedia.org/resource/Prudential_Financial,http://www.forbes.com/companies/prudential-financial/,1.0
http://dbpedia.org/resource/Dubai_Islamic_Bank,http://www.forbes.com/companies/dubai-islamic-bank/,0.99431322094055
http://dbpedia.org/resource/Woolworths_Limited,http://www.forbes.com/companies/woolworths/,0.7818395310429751
http://dbpedia.org/resource/Imperial_Tobacco,http://www.forbes.com/companies/imperial-tobacco-group/,0.9286080014550956
http://dbpedia.org/resource/Vivendi,http://www.forbes.com/companies/vivendi/,1.0
http://dbpedia.org/resource/China_Communications_Services_Corporation,http://www.forbes.com/companies/china-communications-services/,0.9394518803979685
http://dbpedia.org/resource/Symantec,http://www.forbes.com/companies/symantec/,1.0
http://dbpedia.org/resource/Metro_Inc.,http://www.forbes.com/companies/metro-inc/,0.8117152648110236
http://dbpedia.org/resource/Dai_Nippon_Printing,http://www.forbes.com/companies/dai-nippon-printing/,1.0
http://dbpedia.org/resource/Bank_of_Yokohama,http://www.forbes.com/companies/bank-of-yokohama/,1.0
http://dbpedia.org/resource/Encana,http://www.forbes.com/companies/encana/,1.0
http://dbpedia.org/resource/TJX_Companies,http://www.forbes.com/companies/tjx-cos/,0.5104350880268009
http://dbpedia.org/resource/Masco,http://www.forbes.com/companies/masco/,0.9989506172839506
http://dbpedia.org/resource/TRW_Automotive,http://www.forbes.com/companies/trw-automotive-holdings/,0.8252938788433495
http://dbpedia.org/resource/Neste_Oil,http://www.forbes.com/companies/neste-oil/,1.0
http://dbpedia.org/resource/China_Life_Insurance_Company_(Taiwan),http://www.forbes.com/companies/china-life-insurance-taiwan/,0.8179406515742964
http://dbpedia.org/resource/Pegatron,http://www.forbes.com/companies/pegatron/,0.9243107688087612
http://dbpedia.org/resource/Seiko_Epson,http://www.forbes.com/companies/seiko-epson/,1.0
http://dbpedia.org/resource/Woolworths_(supermarket),http://www.forbes.com/companies/woolworths/,0.6131916286451943
http://dbpedia.org/resource/Suning_Appliance,http://www.forbes.com/companies/suning-appliance/,1.0
http://dbpedia.org/resource/Westfield_Group,http://www.forbes.com/companies/westfield-group/,0.9873294445114054
http://dbpedia.org/resource/China_Oilfield_Services,http://www.forbes.com/companies/china-oilfield-service/,1.0
http://dbpedia.org/resource/Israel_Discount_Bank,http://www.forbes.com/companies/israel-discount-bank/,1.0
http://dbpedia.org/resource/GPT_Group,http://www.forbes.com/companies/gpt-group/,0.9873294445114054
http://dbpedia.org/resource/Viacom_International,http://www.forbes.com/companies/viacom/,0.4166633123288091
http://dbpedia.org/resource/Hyundai_Steel,http://www.forbes.com/companies/hyundai-steel/,0.884310768808761
http://dbpedia.org/resource/Macy's,http://www.forbes.com/companies/macys/,0.9989506172839506
http://dbpedia.org/resource/People's_Insurance_Company_of_China,http://www.forbes.com/companies/peoples-insurance-company/,0.8204999835656356
http://dbpedia.org/resource/Financial_Street_Holding,http://www.forbes.com/companies/financial-street-holdings/,0.7655901984677762
http://dbpedia.org/resource/Banco_do_Brasil,http://www.forbes.com/companies/banco-do-brasil/,1.0
http://dbpedia.org/resource/Western_Refining,http://www.forbes.com/companies/western-refining/,1.0
http://dbpedia.org/resource/Huadian_Power_International,http://www.forbes.com/companies/huadian-power-international/,1.0
http://dbpedia.org/resource/Louis_Delhaize_Group,http://www.forbes.com/companies/delhaize-group/,0.7358378327891599
http://dbpedia.org/resource/Infosys,http://www.forbes.com/companies/infosys/,1.0
http://dbpedia.org/resource/Interactive_Brokers,http://www.forbes.com/companies/interactive-brokers-group/,0.9701039391673272
http://dbpedia.org/resource/Swiss_Life,http://www.forbes.com/companies/swiss-life-holding/,0.7195128415052564
http://dbpedia.org/resource/Ping_An_Insurance,http://www.forbes.com/companies/ping-an-insurance/,0.9277536269426784
http://dbpedia.org/resource/Caesars_Entertainment_Inc.,http://www.forbes.com/companies/caesars-entertainment/,0.6725056298080676
http://dbpedia.org/resource/Richemont,http://www.forbes.com/companies/richemont/,0.9873294445114054
http://dbpedia.org/resource/Almarai,http://www.forbes.com/companies/almarai/,1.0
http://dbpedia.org/resource/JBS_S.A.,http://www.forbes.com/companies/jbs/,0.4563114388793068
http://dbpedia.org/resource/RusHydro,http://www.forbes.com/companies/rushydro/,0.9243107688087612
http://dbpedia.org/resource/LG_Display,http://www.forbes.com/companies/lg-display/,0.884310768808761
http://dbpedia.org/resource/China_Pacific_Insurance,http://www.forbes.com/companies/china-pacific-insurance/,1.0
http://dbpedia.org/resource/China_Yangtze_Power,http://www.forbes.com/companies/china-yangtze-power/,1.0
http://dbpedia.org/resource/Bank_of_Ningbo,http://www.forbes.com/companies/bank-of-ningbo/,1.0
http://dbpedia.org/resource/Cincinnati_Financial,http://www.forbes.com/companies/cincinnati-financial/,0.9989506172839506
http://dbpedia.org/resource/TAQA,http://www.forbes.com/companies/taqa/,0.99431322094055
http://dbpedia.org/resource/Huntsman_Corporation,http://www.forbes.com/companies/huntsman/,0.5378473379536957
http://dbpedia.org/resource/Petro_Rabigh,http://www.forbes.com/companies/petro-rabigh/,1.0
http://dbpedia.org/resource/PKN_Orlen,http://www.forbes.com/companies/pkn-orlen/,1.0
http://dbpedia.org/resource/Textron_Aviation,http://www.forbes.com/companies/textron/,0.4396957117305503
http://dbpedia.org/resource/Tongling_Nonferrous_Metals,http://www.forbes.com/companies/tongling-nonferrous-metals/,1.0
http://dbpedia.org/resource/SAIC_Motor,http://www.forbes.com/companies/saic-motor/,1.0
http://dbpedia.org/resource/Sinopharm,http://www.forbes.com/companies/sinopharm-group/,0.5906526507982208
http://dbpedia.org/resource/Alpha_Bank,http://www.forbes.com/companies/alpha-bank/,1.0
http://dbpedia.org/resource/Nanto_Bank,http://www.forbes.com/companies/nanto-bank/,1.0
http://dbpedia.org/resource/BYD_Auto,http://www.forbes.com/companies/byd/,0.3636521068518409
http://dbpedia.org/resource/Inditex,http://www.forbes.com/companies/inditex/,1.0
http://dbpedia.org/resource/Smiths_Group,http://www.forbes.com/companies/smiths-group/,0.9443107688087612
http://dbpedia.org/resource/Wistron_Corporation,http://www.forbes.com/companies/wistron/,0.3459505489566035
http://dbpedia.org/resource/Prada,http://www.forbes.com/companies/prada/,1.0
http://dbpedia.org/resource/George_Weston_Limited,http://www.forbes.com/companies/george-weston/,0.7331729204234395
http://dbpedia.org/resource/Tokyo_Gas,http://www.forbes.com/companies/tokyo-gas/,1.0
http://dbpedia.org/resource/Barrick_Gold,http://www.forbes.com/companies/barrick-gold/,1.0
http://dbpedia.org/resource/Dish_Network,http://www.forbes.com/companies/dish-network/,1.0
http://dbpedia.org/resource/OTP_Bank,http://www.forbes.com/companies/otp-bank/,1.0
http://dbpedia.org/resource/Freeport-McMoRan,http://www.forbes.com/companies/freeport-mcmoran-copper/,0.8843847368613856
http://dbpedia.org/resource/Costco,http://www.forbes.com/companies/costco-wholesale/,0.5561556137884001
http://dbpedia.org/resource/Edison_International,http://www.forbes.com/companies/edison-international/,1.0
http://dbpedia.org/resource/Banca_Popolare_dell'Emilia_Romagna,http://www.forbes.com/companies/banca-popolare-dellemilia/,0.9218642341485236
http://dbpedia.org/resource/United_Overseas_Bank,http://www.forbes.com/companies/united-overseas-bank/,0.9873294445114054
http://dbpedia.org/resource/Nokia,http://www.forbes.com/companies/nokia/,1.0
http://dbpedia.org/resource/Sherwin-Williams,http://www.forbes.com/companies/sherwin-williams/,1.0
http://dbpedia.org/resource/Mechel,http://www.forbes.com/companies/mechel/,0.9243107688087612
http://dbpedia.org/resource/Schlumberger,http://www.forbes.com/companies/schlumberger/,1.0
http://dbpedia.org/resource/Tractor_Supply_Company,http://www.forbes.com/companies/tractor-supply/,0.7660644612157427
http://dbpedia.org/resource/Bouygues,http://www.forbes.com/companies/bouygues/,1.0
http://dbpedia.org/resource/Haitong_Securities,http://www.forbes.com/companies/haitong-securities/,1.0
http://dbpedia.org/resource/Best_Buy,http://www.forbes.com/companies/best-buy/,1.0
http://dbpedia.org/resource/China_State_Construction_Engineering,http://www.forbes.com/companies/china-state-construction/,0.83084267571394
http://dbpedia.org/resource/Suntory,http://www.forbes.com/companies/suntory-beverage-food/,0.3366402387003194
http://dbpedia.org/resource/Intact_Financial,http://www.forbes.com/companies/intact-financial/,1.0
http://dbpedia.org/resource/Inventec,http://www.forbes.com/companies/inventec/,0.9243107688087612
http://dbpedia.org/resource/Siam_Commercial_Bank,http://www.forbes.com/companies/siam-commercial-bank/,0.99431322094055
http://dbpedia.org/resource/WABCO_Holdings_Inc.,http://www.forbes.com/companies/wabco-holdings/,0.6425172163548416
http://dbpedia.org/resource/Piraeus_Bank,http://www.forbes.com/companies/piraeus-bank/,1.0
http://dbpedia.org/resource/Assurant,http://www.forbes.com/companies/assurant/,0.9989506172839506
http://dbpedia.org/resource/Ericsson_Radio_Systems,http://www.forbes.com/companies/ericsson/,0.3040898212840797
http://dbpedia.org/resource/Sinohydro,http://www.forbes.com/companies/sinohydro-group/,0.5906526507982208
http://dbpedia.org/resource/Tenaris,http://www.forbes.com/companies/tenaris/,0.9873294445114054
http://dbpedia.org/resource/Datang_International_Power_Generation_Company,http://www.forbes.com/companies/datang-international-power/,0.5498372178872204
http://dbpedia.org/resource/Mitsubishi_UFJ_Financial_Group,http://www.forbes.com/companies/mitsubishi-ufj-financial/,0.9108653456091452
http://dbpedia.org/resource/Eletrobras,http://www.forbes.com/companies/eletrobras/,0.5536395061892221
http://dbpedia.org/resource/Thales_Group,http://www.forbes.com/companies/thales/,0.4451661639953962
http://dbpedia.org/resource/Lindt_&_Spr%C3%BCngli,http://www.forbes.com/companies/lindt-sprungli/,0.6764133921026785
http://dbpedia.org/resource/Rosneft,http://www.forbes.com/companies/rosneft/,0.9243107688087612
http://dbpedia.org/resource/Garanti_Bank,http://www.forbes.com/companies/garanti-bank/,1.0
http://dbpedia.org/resource/Fortum,http://www.forbes.com/companies/fortum/,1.0
http://dbpedia.org/resource/Carrefour_Market,http://www.forbes.com/companies/carrefour/,0.6529287404238129
http://dbpedia.org/resource/PNC_Financial_Services,http://www.forbes.com/companies/pnc-financial-services/,0.9989506172839506
http://dbpedia.org/resource/Zions_Bank,http://www.forbes.com/companies/zions-bancorp/,0.3179200522430667
http://dbpedia.org/resource/Marsh_&_McLennan_Companies,http://www.forbes.com/companies/marsh-mclennan/,0.6469161689321252
http://dbpedia.org/resource/Krung_Thai_Bank,http://www.forbes.com/companies/krung-thai-bank/,0.99431322094055
http://dbpedia.org/resource/Zijin_Mining,http://www.forbes.com/companies/zijin-mining-group/,0.862634961101554
http://dbpedia.org/resource/Grupo_Argos,http://www.forbes.com/companies/grupo-argos/,0.99431322094055
http://dbpedia.org/resource/TDC_A/S,http://www.forbes.com/companies/tdc/,0.3908053664155513
http://dbpedia.org/resource/Lanxess,http://www.forbes.com/companies/lanxess/,0.879310768808761
http://dbpedia.org/resource/Public_Power_Corporation_of_Greece,http://www.forbes.com/companies/public-power/,0.3040883533861315
http://dbpedia.org/resource/Metso,http://www.forbes.com/companies/metso/,1.0
http://dbpedia.org/resource/Akbank,http://www.forbes.com/companies/akbank/,1.0
http://dbpedia.org/resource/Waste_Management_Inc,http://www.forbes.com/companies/waste-management/,0.7547596293542916
http://dbpedia.org/resource/Wells_Fargo,http://www.forbes.com/companies/wells-fargo/,1.0
http://dbpedia.org/resource/China_Railway_Construction_Corporation,http://www.forbes.com/companies/china-railway-construction/,0.8797380259870011
http://dbpedia.org/resource/Petrobras,http://www.forbes.com/companies/petrobras/,1.0
http://dbpedia.org/resource/The_Swatch_Group,http://www.forbes.com/companies/swatch-group/,0.7599011000000216
http://dbpedia.org/resource/NEC_Soft,http://www.forbes.com/companies/nec/,0.3636521068518409
http://dbpedia.org/resource/Yuexiu_Property,http://www.forbes.com/companies/yuexiu-property/,0.854297550001787
http://dbpedia.org/resource/Sime_Darby,http://www.forbes.com/companies/sime-darby/,0.99431322094055
http://dbpedia.org/resource/Balfour_Beatty_Construction,http://www.forbes.com/companies/balfour-beatty/,0.4343935174683804
http://dbpedia.org/resource/Towers_Watson,http://www.forbes.com/companies/towers-watson/,0.8443649049662902
http://dbpedia.org/resource/Sika_AG,http://www.forbes.com/companies/sika/,0.671160226491593
http://dbpedia.org/resource/Korea_Electric_Power_Corporation,http://www.forbes.com/companies/korea-electric-power/,0.6443275837667399
http://dbpedia.org/resource/GD_Power_Development_Company,http://www.forbes.com/companies/gd-power-development/,0.8890679878889048
http://dbpedia.org/resource/LG_Uplus,http://www.forbes.com/companies/lg-uplus/,0.884310768808761
http://dbpedia.org/resource/Pakistan_State_Oil,http://www.forbes.com/companies/pakistan-state-oil/,0.879310768808761
http://dbpedia.org/resource/Dover_Corporation,http://www.forbes.com/companies/dover/,0.4166633123288091
http://dbpedia.org/resource/Community_Health_Systems,http://www.forbes.com/companies/community-health-sys/,0.7443731745413342
http://dbpedia.org/resource/News_Corp,http://www.forbes.com/companies/news-corp/,0.9989506172839506
http://dbpedia.org/resource/Larsen_&_Toubro_Infotech,http://www.forbes.com/companies/larsen-toubro/,0.5961544777072421
http://dbpedia.org/resource/NetApp,http://www.forbes.com/companies/netapp/,0.9989506172839506
http://dbpedia.org/resource/Reliance_Industries,http://www.forbes.com/companies/reliance-industries/,1.0
http://dbpedia.org/resource/Viacom_(original),http://www.forbes.com/companies/viacom/,0.4166633123288091
http://dbpedia.org/resource/Iberdrola_Renovables,http://www.forbes.com/companies/iberdrola/,0.4489675970604822
http://dbpedia.org/resource/Nitto_Denko,http://www.forbes.com/companies/nitto-denko/,1.0
http://dbpedia.org/resource/TripAdvisor,http://www.forbes.com/companies/tripadvisor/,0.9989506172839506
http://dbpedia.org/resource/Eni,http://www.forbes.com/companies/eni/,0.9947959183673468
http://dbpedia.org/resource/Jiangxi_Copper,http://www.forbes.com/companies/jiangxi-copper/,1.0
http://dbpedia.org/resource/%C4%8CEZ_Group,http://www.forbes.com/companies/cez-group/,0.4709872850617531
http://dbpedia.org/resource/Novatek,http://www.forbes.com/companies/novatek/,0.9243107688087612
http://dbpedia.org/resource/Siam_Cement,http://www.forbes.com/companies/siam-cement/,0.99431322094055
http://dbpedia.org/resource/Brenntag,http://www.forbes.com/companies/brenntag/,0.879310768808761
http://dbpedia.org/resource/Chang_Hwa_Bank,http://www.forbes.com/companies/chang-hwa-bank/,0.9243107688087612
http://dbpedia.org/resource/Sumitomo_Mitsui_Trust_Holdings,http://www.forbes.com/companies/sumitomo-mitsui-trust/,0.8797794865165435
http://dbpedia.org/resource/Microsoft,http://www.forbes.com/companies/microsoft/,1.0
http://dbpedia.org/resource/Norilsk_Nickel,http://www.forbes.com/companies/norilsk-nickel/,0.9243107688087612
http://dbpedia.org/resource/Bank_of_Beijing,http://www.forbes.com/companies/bank-of-beijing/,1.0
http://dbpedia.org/resource/Mitsubishi_Corporation,http://www.forbes.com/companies/mitsubishi-corp/,0.5918386499484057
http://dbpedia.org/resource/Tenaga_Nasional,http://www.forbes.com/companies/tenaga-nasional/,0.99431322094055
http://dbpedia.org/resource/Illumina_(company),http://www.forbes.com/companies/illumina/,0.4396957117305503
http://dbpedia.org/resource/China_Merchants_Bank,http://www.forbes.com/companies/china-merchants-bank/,1.0
http://dbpedia.org/resource/Great_Wall_Motors,http://www.forbes.com/companies/great-wall-motor/,0.7673130036716397
http://dbpedia.org/resource/Vestas,http://www.forbes.com/companies/vestas-wind-systems/,0.4609584056138145
http://dbpedia.org/resource/Andritz_AG,http://www.forbes.com/companies/andritz/,0.7957006913338237
http://dbpedia.org/resource/Delta_Electronics,http://www.forbes.com/companies/delta-electronics/,0.9243107688087612
http://dbpedia.org/resource/Kone,http://www.forbes.com/companies/kone/,1.0
http://dbpedia.org/resource/Sears,http://www.forbes.com/companies/sears-holdings/,0.4547386814428058
http://dbpedia.org/resource/Yamada_Denki,http://www.forbes.com/companies/yamada-denki/,1.0
http://dbpedia.org/resource/Hutchison_Whampoa_Property,http://www.forbes.com/companies/hutchison-whampoa/,0.7193805240347662
http://dbpedia.org/resource/China_Resources_Enterprise,http://www.forbes.com/companies/china-resources-enterprise/,1.0
http://dbpedia.org/resource/Walgreens,http://www.forbes.com/companies/walgreen/,0.7688971038716567
http://dbpedia.org/resource/Dubai_Islamic_Bank,http://www.forbes.com/companies/abu-dhabi-islamic-bank/,0.4281532877237234
http://dbpedia.org/resource/J._C._Penney,http://www.forbes.com/companies/jc-penney/,0.5530630358250552
http://dbpedia.org/resource/CSX_Corporation,http://www.forbes.com/companies/csx/,0.3680053618137158
http://dbpedia.org/resource/Hyundai_Glovis,http://www.forbes.com/companies/hyundai-glovis/,0.884310768808761
http://dbpedia.org/resource/Staples_Inc.,http://www.forbes.com/companies/staples/,0.6904740865053995
http://dbpedia.org/resource/China_Life_Insurance_Company,http://www.forbes.com/companies/new-china-life-insurance/,0.3013146490962481
http://dbpedia.org/resource/CITIC_Securities,http://www.forbes.com/companies/citic-securities/,1.0
http://dbpedia.org/resource/Yanzhou_Coal_Mining_Company,http://www.forbes.com/companies/yanzhou-coal-mining/,0.8845492174177535
http://dbpedia.org/resource/Cameco,http://www.forbes.com/companies/cameco/,1.0
http://dbpedia.org/resource/LyondellBasell,http://www.forbes.com/companies/lyondellbasell-industries/,0.5343481238708292
http://dbpedia.org/resource/Abu_Dhabi_Islamic_Bank,http://www.forbes.com/companies/dubai-islamic-bank/,0.3994213529917887
http://dbpedia.org/resource/Shiseido,http://www.forbes.com/companies/shiseido/,1.0
http://dbpedia.org/resource/Baotou_Steel,http://www.forbes.com/companies/inner-mongolia-baotou-steel/,0.4071485060799364
http://dbpedia.org/resource/Manpower_Inc.,http://www.forbes.com/companies/manpower/,0.6950077160634077
http://dbpedia.org/resource/Sumitomo_Mitsui_Financial_Group,http://www.forbes.com/companies/sumitomo-mitsui-financial/,0.9134411031849028
http://dbpedia.org/resource/Shanghai_Electric,http://www.forbes.com/companies/shanghai-electric-group/,0.963477636035812
http://dbpedia.org/resource/Standard_Chartered,http://www.forbes.com/companies/standard-chartered/,0.9443107688087612
http://dbpedia.org/resource/Carrefour_City,http://www.forbes.com/companies/carrefour/,0.6891097351672094
http://dbpedia.org/resource/Laurentian_Bank_of_Canada,http://www.forbes.com/companies/laurentian-bank/,0.4893817564375408
http://dbpedia.org/resource/Berkshire_Hathaway,http://www.forbes.com/companies/berkshire-hathaway/,1.0
http://dbpedia.org/resource/Wisconsin_Energy_Corporation,http://www.forbes.com/companies/wisconsin-energy/,0.7918662448626569
http://dbpedia.org/resource/Clariant_Chemicals,http://www.forbes.com/companies/clariant/,0.3469846296206325
http://dbpedia.org/resource/BBMG,http://www.forbes.com/companies/bbmg/,1.0
http://dbpedia.org/resource/Fosun_International_Limited,http://www.forbes.com/companies/fosun-international/,0.9333844439725684
http://dbpedia.org/resource/Moody's_Analytics,http://www.forbes.com/companies/moodys/,0.4429610178529992
http://dbpedia.org/resource/Bangkok_Bank,http://www.forbes.com/companies/bangkok-bank/,0.99431322094055
http://dbpedia.org/resource/Dentsu_Razorfish,http://www.forbes.com/companies/dentsu/,0.427669891536292
http://dbpedia.org/resource/L'Or%C3%A9al,http://www.forbes.com/companies/loreal-group/,0.571241267393318
http://dbpedia.org/resource/Naspers,http://www.forbes.com/companies/naspers/,1.0
http://dbpedia.org/resource/E-mart,http://www.forbes.com/companies/e-mart/,0.884310768808761
http://dbpedia.org/resource/Gree_Electric,http://www.forbes.com/companies/gree-electric-appliances/,0.7349092546397443
http://dbpedia.org/resource/H&M,http://www.forbes.com/companies/hm/,0.989795918367347
http://dbpedia.org/resource/BYD_Company,http://www.forbes.com/companies/byd/,0.3554537019572707
http://dbpedia.org/resource/Mapfre,http://www.forbes.com/companies/mapfre/,0.615424363327272
http://dbpedia.org/resource/Tauron_Group,http://www.forbes.com/companies/tauron-group/,1.0
http://dbpedia.org/resource/Acer_Inc.,http://www.forbes.com/companies/acer/,0.3147070713914032
http://dbpedia.org/resource/Meiji_Holdings,http://www.forbes.com/companies/meiji-holdings/,1.0
http://dbpedia.org/resource/Bancolombia,http://www.forbes.com/companies/bancolombia/,0.99431322094055
http://dbpedia.org/resource/Telus_TV,http://www.forbes.com/companies/telus/,0.5413964795137949
http://dbpedia.org/resource/Motor_Oil_Hellas,http://www.forbes.com/companies/motor-oil/,0.6530978527892506
http://dbpedia.org/resource/Areva,http://www.forbes.com/companies/areva/,1.0
http://dbpedia.org/resource/Shaanxi_Coal_and_Chemical_Industry,http://www.forbes.com/companies/shaanxi-coal-industry/,0.5116183698374968
http://dbpedia.org/resource/Zenith_Bank,http://www.forbes.com/companies/zenith-bank/,1.0
http://dbpedia.org/resource/ALFA_(Mexico),http://www.forbes.com/companies/alfa/,0.4792169108323977
http://dbpedia.org/resource/Moody's_Corporation,http://www.forbes.com/companies/moodys/,0.4174797883241508
http://dbpedia.org/resource/HollyFrontier,http://www.forbes.com/companies/hollyfrontier/,1.0
http://dbpedia.org/resource/Nintendo,http://www.forbes.com/companies/nintendo/,1.0
http://dbpedia.org/resource/Shanghai_International_Port_(Group),http://www.forbes.com/companies/shanghai-international-port/,0.9253336219036256
http://dbpedia.org/resource/Fujitsu_Ten,http://www.forbes.com/companies/fujitsu/,0.5536245725862124
http://dbpedia.org/resource/Dongfeng_Motor,http://www.forbes.com/companies/dongfeng-motor-group/,0.949878683210142
http://dbpedia.org/resource/Jarden,http://www.forbes.com/companies/jarden/,0.9989506172839506
http://dbpedia.org/resource/Fresenius_(company),http://www.forbes.com/companies/fresenius/,0.3267916126548101
http://dbpedia.org/resource/NCR_Corporation,http://www.forbes.com/companies/ncr/,0.4339299999636308
http://dbpedia.org/resource/Dongfeng_Motor_Company,http://www.forbes.com/companies/dongfeng-motor-group/,0.3624789737508891
http://dbpedia.org/resource/Hanjin_Shipping,http://www.forbes.com/companies/hanjin-shipping/,0.884310768808761
http://dbpedia.org/resource/China_Construction_Bank,http://www.forbes.com/companies/china-construction-bank/,1.0
http://dbpedia.org/resource/EMC_Corporation,http://www.forbes.com/companies/emc/,0.3536906729752175
http://dbpedia.org/resource/China_Life_Insurance_Company,http://www.forbes.com/companies/china-life-insurance-taiwan/,0.4135375325390596
http://dbpedia.org/resource/Carrefour_Planet,http://www.forbes.com/companies/carrefour/,0.6121535930488001
http://dbpedia.org/resource/Abu_Dhabi_Islamic_Bank,http://www.forbes.com/companies/abu-dhabi-commercial/,0.4742410153307891
http://dbpedia.org/resource/Carrefour_Express,http://www.forbes.com/companies/carrefour/,0.4840695531837899
http://dbpedia.org/resource/ThyssenKrupp,http://www.forbes.com/companies/thyssenkrupp-group/,0.681358744400833
http://dbpedia.org/resource/Seagate_Technology,http://www.forbes.com/companies/seagate-technology/,0.879310768808761
http://dbpedia.org/resource/Tencent,http://www.forbes.com/companies/tencent-holdings/,0.4862264901791373
http://dbpedia.org/resource/Arcelor,http://www.forbes.com/companies/arcelormittal/,0.3853237304722053
http://dbpedia.org/resource/West_Coast_Bancorp,http://www.forbes.com/companies/east-west-bancorp/,0.4255266131483401
http://dbpedia.org/resource/Weir_Group,http://www.forbes.com/companies/weir-group/,0.889310768808761
http://dbpedia.org/resource/Hyundai_Mobis,http://www.forbes.com/companies/hyundai-mobis/,0.884310768808761
http://dbpedia.org/resource/Telkom_Indonesia,http://www.forbes.com/companies/telekom-indonesia/,0.7326622907816183
http://dbpedia.org/resource/Bouygues_Telecom,http://www.forbes.com/companies/bouygues/,0.4544766154487049
http://dbpedia.org/resource/Oshkosh_Corporation,http://www.forbes.com/companies/oshkosh/,0.5230802446744033
http://dbpedia.org/resource/Abu_Dhabi_Commercial_Bank,http://www.forbes.com/companies/abu-dhabi-islamic-bank/,0.4742410153307891
http://dbpedia.org/resource/China_State_Construction_International_Holdings,http://www.forbes.com/companies/china-state-construction/,0.4421678186307944
http://dbpedia.org/resource/Agile_Property,http://www.forbes.com/companies/agile-property-holdings/,0.6548623965004358
http://dbpedia.org/resource/Silver_Wheaton,http://www.forbes.com/companies/silver-wheaton/,1.0
http://dbpedia.org/resource/Power_Finance_Corporation,http://www.forbes.com/companies/power-finance/,0.5444899935992666
http://dbpedia.org/resource/Lukoil,http://www.forbes.com/companies/lukoil/,0.9243107688087612
http://dbpedia.org/resource/China_Shipbuilding_Industry_Corporation,http://www.forbes.com/companies/china-shipbuilding-industry/,0.9074936053797488
http://dbpedia.org/resource/Kotak_Mahindra_Bank,http://www.forbes.com/companies/kotak-mahindra-bank/,1.0
http://dbpedia.org/resource/Guangzhou_Automobile_Group_Bus,http://www.forbes.com/companies/guangzhou-automobile/,0.4664247947729004
http://dbpedia.org/resource/Apple_Inc.,http://www.forbes.com/companies/apple/,0.5069511106690789
http://dbpedia.org/resource/Hengan_International,http://www.forbes.com/companies/hengan-international-group/,0.963477636035812
http://dbpedia.org/resource/Israel_Corporation,http://www.forbes.com/companies/israel-corp/,0.4502324029165374
http://dbpedia.org/resource/Volkswagen_Group,http://www.forbes.com/companies/volkswagen-group/,0.879310768808761
http://dbpedia.org/resource/Verisign,http://www.forbes.com/companies/verisign/,0.9989506172839506
http://dbpedia.org/resource/China_Life_Insurance_Company_(Taiwan),http://www.forbes.com/companies/china-life-insurance/,0.3714528711835156
http://dbpedia.org/resource/NOMOS-BANK,http://www.forbes.com/companies/nomos-bank/,0.5281955410894911
http://dbpedia.org/resource/Vale_(mining_company),http://www.forbes.com/companies/vale/,0.3628611998702842
http://dbpedia.org/resource/Changhong,http://www.forbes.com/companies/sichuan-changhong-electric/,0.309268296584593
http://dbpedia.org/resource/Industrial_Alliance,http://www.forbes.com/companies/industrial-alliance-insurance/,0.8601970159086351
http://dbpedia.org/resource/China_CITIC_Bank,http://www.forbes.com/companies/china-citic-bank/,1.0
http://dbpedia.org/resource/Hyundai_Motor_Company,http://www.forbes.com/companies/hyundai-motor/,0.666270596662134
http://dbpedia.org/resource/FMC_Corporation,http://www.forbes.com/companies/fmc/,0.4160776509703422
http://dbpedia.org/resource/Travis_Perkins,http://www.forbes.com/companies/travis-perkins/,0.9443107688087612
http://dbpedia.org/resource/BYD_Electronic,http://www.forbes.com/companies/byd/,0.3471883958348217
http://dbpedia.org/resource/Huaneng_Power_International,http://www.forbes.com/companies/huadian-power-international/,0.3718141016706981
http://dbpedia.org/resource/Sany,http://www.forbes.com/companies/sany-heavy-industry/,0.3251765276833003
http://dbpedia.org/resource/Greentown_China,http://www.forbes.com/companies/greentown-china-holdings/,0.7173202868193839
http://dbpedia.org/resource/Prudential_plc,http://www.forbes.com/companies/prudential/,0.7601508867154599
http://dbpedia.org/resource/Hong_Kong_Exchanges_and_Clearing,http://www.forbes.com/companies/hong-kong-exchanges/,0.5216708604351485
http://dbpedia.org/resource/Black_&_Decker,http://www.forbes.com/companies/stanley-black-decker/,0.5259847479710598
http://dbpedia.org/resource/China_International_Marine_Containers,http://www.forbes.com/companies/china-international-marine/,0.9182390938567164
http://dbpedia.org/resource/Brunswick_Boat_Group,http://www.forbes.com/companies/brunswick/,0.3112901217415464
http://dbpedia.org/resource/China_Railway_Corporation,http://www.forbes.com/companies/china-railway-construction/,0.3773616252412102
http://dbpedia.org/resource/Iliad_(company),http://www.forbes.com/companies/iliad/,0.425935197658741
http://dbpedia.org/resource/Bank_Mizrahi-Tefahot,http://www.forbes.com/companies/mizrahi-tefahot-bank/,0.3040362517059639
http://dbpedia.org/resource/Cheung_Kong_Infrastructure_Holdings,http://www.forbes.com/companies/cheung-kong-holdings/,0.5752023120644398
http://dbpedia.org/resource/Direct_Line,http://www.forbes.com/companies/direct-line-insurance/,0.5006314737653337
http://dbpedia.org/resource/Mitsubishi_Electric_United_States,http://www.forbes.com/companies/mitsubishi-electric/,0.4631937050542531
http://dbpedia.org/resource/Tesoro,http://www.forbes.com/companies/tesoro/,1.0
http://dbpedia.org/resource/CP_ALL,http://www.forbes.com/companies/cp-all/,0.9833569269185164
http://dbpedia.org/resource/PPL_(utility),http://www.forbes.com/companies/ppl/,0.3430053618137159
http://dbpedia.org/resource/China_COSCO,http://www.forbes.com/companies/china-cosco-holdings/,0.672141083468837
http://dbpedia.org/resource/China_National_Materials_Group_Corporation,http://www.forbes.com/companies/china-national-materials/,0.5817581742356684
http://dbpedia.org/resource/CITIC_Pacific,http://www.forbes.com/companies/citic-pacific/,1.0
http://dbpedia.org/resource/Pou_Chen_Corporation,http://www.forbes.com/companies/pou-chen/,0.4241030710541244
http://dbpedia.org/resource/W%C3%A4rtsil%C3%A4_Marine,http://www.forbes.com/companies/wartsila/,0.469859017706138
http://dbpedia.org/resource/Invesco_PowerShares,http://www.forbes.com/companies/invesco/,0.4174797883241508
http://dbpedia.org/resource/Brunswick_Corporation,http://www.forbes.com/companies/brunswick/,0.574570967164416
http://dbpedia.org/resource/Gazprom_Neft,http://www.forbes.com/companies/gazprom/,0.5032556138839989
http://dbpedia.org/resource/Wendel_(group),http://www.forbes.com/companies/wendel/,0.4438406696118319
http://dbpedia.org/resource/Energias_de_Portugal,http://www.forbes.com/companies/edp-energias-de-portugal/,0.5651895382831539
http://dbpedia.org/resource/Catamaran_Corporation,http://www.forbes.com/companies/catamaran/,0.4677999059326017
http://dbpedia.org/resource/People's_United_Bank,http://www.forbes.com/companies/peoples-united-financial/,0.3459809055566558
http://dbpedia.org/resource/BAE_Systems_Australia,http://www.forbes.com/companies/bae-systems/,0.4371358985440949
http://dbpedia.org/resource/China_Resources_Land,http://www.forbes.com/companies/china-resources-land/,0.879310768808761
http://dbpedia.org/resource/Michelin,http://www.forbes.com/companies/michelin-group/,0.7106345413304223
http://dbpedia.org/resource/Shandong_Heavy_Industry,http://www.forbes.com/companies/sany-heavy-industry/,0.4046329829689958
http://dbpedia.org/resource/CEMIG,http://www.forbes.com/companies/cemig/,1.0
http://dbpedia.org/resource/Atlantia_(company),http://www.forbes.com/companies/atlantia/,0.4739675970604821
http://dbpedia.org/resource/B%C3%A2loise,http://www.forbes.com/companies/baloise-group/,0.6968864045371249
http://dbpedia.org/resource/GOME_Electrical_Appliances,http://www.forbes.com/companies/gree-electric-appliances/,0.3167203446809615
http://dbpedia.org/resource/A2A,http://www.forbes.com/companies/a2a/,0.9947959183673468
http://dbpedia.org/resource/Franshion_Properties,http://www.forbes.com/companies/franshion-properties-china/,0.8517217924260294
http://dbpedia.org/resource/Aurubis,http://www.forbes.com/companies/aurubis/,0.879310768808761
http://dbpedia.org/resource/Petronas,http://www.forbes.com/companies/petronas-gas/,0.7420431543013674
http://dbpedia.org/resource/Coal_India,http://www.forbes.com/companies/coal-india/,1.0
http://dbpedia.org/resource/Xerox_DocuShare,http://www.forbes.com/companies/xerox/,0.3872856934749999
http://dbpedia.org/resource/Hopson_Development,http://www.forbes.com/companies/hopson-development/,0.7779822857464467
http://dbpedia.org/resource/Saras_S.p.A.,http://www.forbes.com/companies/saras/,0.4564164271875895
http://dbpedia.org/resource/China_Shenhua_Energy_Company,http://www.forbes.com/companies/china-shenhua-energy/,0.8890679878889048
http://dbpedia.org/resource/Huadian_Power_International,http://www.forbes.com/companies/huaneng-power-international/,0.3718141016706981
http://dbpedia.org/resource/TransCanada_Corporation,http://www.forbes.com/companies/transcanada/,0.479630727564327
http://dbpedia.org/resource/NSK_Ltd.,http://www.forbes.com/companies/nsk/,0.4595767450017557
http://dbpedia.org/resource/Telef%C3%B3nica_Germany,http://www.forbes.com/companies/telefonica/,0.5269281188317766
http://dbpedia.org/resource/Petrovietnam,http://www.forbes.com/companies/petrovietnam-gas/,0.7483279675902633
http://dbpedia.org/resource/Fenosa,http://www.forbes.com/companies/gas-natural-fenosa/,0.309268296584593
http://dbpedia.org/resource/China_Merchants_Holdings_(International),http://www.forbes.com/companies/china-merchants-holdings/,0.5808583516062105
http://dbpedia.org/resource/Chubb_Security,http://www.forbes.com/companies/chubb/,0.3144445244145705
http://dbpedia.org/resource/China_Agri-Industries_Holdings,http://www.forbes.com/companies/china-agri-industries/,0.8200826737697173
http://dbpedia.org/resource/Prudential_Financial,http://www.forbes.com/companies/prudential/,0.3705600593592092
http://dbpedia.org/resource/Comcast_Spectacor,http://www.forbes.com/companies/comcast/,0.4429610178529992
http://dbpedia.org/resource/Staple_Design,http://www.forbes.com/companies/staples/,0.3429419327120744
http://dbpedia.org/resource/Safeway_(Canada),http://www.forbes.com/companies/safeway/,0.3381664723630031
http://dbpedia.org/resource/Sega,http://www.forbes.com/companies/sega-sammy-holdings/,0.3251765276833003
http://dbpedia.org/resource/Micron_Technology,http://www.forbes.com/companies/microchip-technology/,0.5373368636649783
http://dbpedia.org/resource/Telef%C3%B3nica_Telecom,http://www.forbes.com/companies/telefonica/,0.5382987411547798
http://dbpedia.org/resource/Piraeus_Bank_Beograd,http://www.forbes.com/companies/piraeus-bank/,0.5668767263516892
http://dbpedia.org/resource/Vodafone_Ireland,http://www.forbes.com/companies/vodafone/,0.3436652377951018
http://dbpedia.org/resource/Bank_of_China,http://www.forbes.com/companies/bank-of-china/,0.879310768808761
http://dbpedia.org/resource/Haitong_Securities,http://www.forbes.com/companies/huatai-securities/,0.3122436325027819
http://dbpedia.org/resource/New_World_Development,http://www.forbes.com/companies/new-world-development/,0.879310768808761
http://dbpedia.org/resource/Davivienda,http://www.forbes.com/companies/banco-davivienda/,0.425760576585977
http://dbpedia.org/resource/Nanjing_Iron_and_Steel,http://www.forbes.com/companies/shandong-iron-and-steel/,0.3788004694519153
http://dbpedia.org/resource/Taisei_Corporation,http://www.forbes.com/companies/taisei/,0.427669891536292
http://dbpedia.org/resource/BMW,http://www.forbes.com/companies/bmw-group/,0.3354597226588726
http://dbpedia.org/resource/News_Corp_Australia,http://www.forbes.com/companies/news-corp/,0.4092588235908293
http://dbpedia.org/resource/Bank_of_Hamilton,http://www.forbes.com/companies/bank-of-montreal/,0.3931285996143775
http://dbpedia.org/resource/Duke_Energy,http://www.forbes.com/companies/dte-energy/,0.4585636570657693
http://dbpedia.org/resource/Want_Want_China,http://www.forbes.com/companies/want-want-china/,1.0
http://dbpedia.org/resource/Inotera,http://www.forbes.com/companies/inotera-memories/,0.3976412888880578
http://dbpedia.org/resource/Banca_Popolare_dell'Emilia_Romagna,http://www.forbes.com/companies/banca-popolare-di-milano/,0.4978045312650814
http://dbpedia.org/resource/Aareal_Bank,http://www.forbes.com/companies/aareal-bank/,0.879310768808761
http://dbpedia.org/resource/Andhra_Pragathi_Grameena_Bank,http://www.forbes.com/companies/andhra-bank/,0.3471883958348217
http://dbpedia.org/resource/L-3_Communications,http://www.forbes.com/companies/level-3-communications/,0.4475986985685738
http://dbpedia.org/resource/CBS_Outdoor,http://www.forbes.com/companies/cbs/,0.3512706679361648
http://dbpedia.org/resource/Anheuser-Busch,http://www.forbes.com/companies/anheuser-busch-inbev/,0.7199330963972465
http://dbpedia.org/resource/Caltex_Woolworths,http://www.forbes.com/companies/woolworths/,0.4002006241597503
http://dbpedia.org/resource/ST-Ericsson,http://www.forbes.com/companies/ericsson/,0.4060364647239859
http://dbpedia.org/resource/Alpha_Bank_Skopje,http://www.forbes.com/companies/alpha-bank/,0.5437671727659452
http://dbpedia.org/resource/Ergon_Energy,http://www.forbes.com/companies/origin-energy/,0.3189115766774768
http://dbpedia.org/resource/China_Mobile,http://www.forbes.com/companies/china-mobile/,0.879310768808761
http://dbpedia.org/resource/East_West_Bank,http://www.forbes.com/companies/east-west-bancorp/,0.5170722959671997
http://dbpedia.org/resource/Marathon_Technologies,http://www.forbes.com/companies/marathon-oil/,0.3425487304851951
http://dbpedia.org/resource/China_Resources_Enterprise,http://www.forbes.com/companies/china-resources-power/,0.3614295910348397
http://dbpedia.org/resource/China_Pacific_Insurance,http://www.forbes.com/companies/china-life-insurance/,0.3088295736434192
http://dbpedia.org/resource/GE_Energy,http://www.forbes.com/companies/oge-energy/,0.7432086126268038
http://dbpedia.org/resource/Bank_of_Yokohama,http://www.forbes.com/companies/bank-of-kyoto/,0.3692508569860807
http://dbpedia.org/resource/Hua_Xia_Bank,http://www.forbes.com/companies/huaxia-bank/,0.6850890845537079
http://dbpedia.org/resource/ITC_Hotels,http://www.forbes.com/companies/itc/,0.3554537019572707
http://dbpedia.org/resource/ONEOK,http://www.forbes.com/companies/oneok/,0.9989506172839506
http://dbpedia.org/resource/Mercantile_Discount_Bank,http://www.forbes.com/companies/israel-discount-bank/,0.3987568500203376
http://dbpedia.org/resource/Crown_Media_Holdings,http://www.forbes.com/companies/cc-media-holdings/,0.4227425365547398
http://dbpedia.org/resource/Wuhan_Iron_and_Steel,http://www.forbes.com/companies/shandong-iron-and-steel/,0.3610206302435046
http://dbpedia.org/resource/Anglo_American_plc,http://www.forbes.com/companies/anglo-american/,0.8986078980858677
http://dbpedia.org/resource/Herbalife,http://www.forbes.com/companies/herbalife/,0.879310768808761
http://dbpedia.org/resource/Wells_Fargo_Advisors,http://www.forbes.com/companies/wells-fargo/,0.6372529178566889
http://dbpedia.org/resource/Petronas,http://www.forbes.com/companies/petronas-dagangan/,0.5092021158406118
http://dbpedia.org/resource/Hyundai_Motor_America,http://www.forbes.com/companies/hyundai-motor/,0.5889206914514203
http://dbpedia.org/resource/Harris_Technology,http://www.forbes.com/companies/harris/,0.3301340729612619
http://dbpedia.org/resource/Renault_Sport,http://www.forbes.com/companies/renault/,0.5269739581753996
http://dbpedia.org/resource/Bank_of_Ningbo,http://www.forbes.com/companies/bank-of-nanjing/,0.3709993850177038
http://dbpedia.org/resource/Rubbermaid,http://www.forbes.com/companies/newell-rubbermaid/,0.4449652274527874
http://dbpedia.org/resource/Koray_Holding,http://www.forbes.com/companies/koc-holding/,0.3760400442039554
http://dbpedia.org/resource/COSCO,http://www.forbes.com/companies/china-cosco-holdings/,0.309268296584593
http://dbpedia.org/resource/Bayer_Corporation,http://www.forbes.com/companies/bayer/,0.3144445244145705
http://dbpedia.org/resource/Mitsubishi_UFJ_NICOS,http://www.forbes.com/companies/mitsubishi-ufj-financial/,0.4196663999564357
http://dbpedia.org/resource/Bank_of_Beijing,http://www.forbes.com/companies/bank-of-ningbo/,0.3358645639326712
http://dbpedia.org/resource/China_Pacific_Insurance,http://www.forbes.com/companies/china-taiping-insurance/,0.4419703809781824
http://dbpedia.org/resource/Compass_Tours,http://www.forbes.com/companies/compass-group/,0.3635972296477823
http://dbpedia.org/resource/EC_Harris,http://www.forbes.com/companies/harris/,0.4620867039339484
http://dbpedia.org/resource/Telef%C3%B3nica_Slovakia,http://www.forbes.com/companies/telefonica/,0.3789394225004771
http://dbpedia.org/resource/OJSC_VimpelCom,http://www.forbes.com/companies/vimpelcom/,0.4014080421569441
http://dbpedia.org/resource/Akbank,http://www.forbes.com/companies/halkbank/,0.6329211321023797
http://dbpedia.org/resource/Intuic,http://www.forbes.com/companies/intuit/,0.4854847475800744
http://dbpedia.org/resource/Sistema,http://www.forbes.com/companies/sistema/,0.9243107688087612
http://dbpedia.org/resource/Renault_Espa%C3%B1a,http://www.forbes.com/companies/renault/,0.3245834556773113
http://dbpedia.org/resource/Wing_Lung_Bank,http://www.forbes.com/companies/wing-hang-bank/,0.348142767655781
http://dbpedia.org/resource/FSE_Engineering_Group,http://www.forbes.com/companies/sinopec-engineering-group/,0.3275634028605789
http://dbpedia.org/resource/Akbank,http://www.forbes.com/companies/vakifbank/,0.4008400037287946
http://dbpedia.org/resource/Crown_International,http://www.forbes.com/companies/crown-castle-international/,0.8215663840215186
http://dbpedia.org/resource/China_SCE_Property,http://www.forbes.com/companies/china-merchants-property/,0.5107490468200666
http://dbpedia.org/resource/Visa_Inc.,http://www.forbes.com/companies/visa/,0.493342791651236
http://dbpedia.org/resource/Banco_Santander_Totta,http://www.forbes.com/companies/banco-santander/,0.8201910768119035
http://dbpedia.org/resource/Telenor_Serbia,http://www.forbes.com/companies/telenor/,0.3245834556773113
http://dbpedia.org/resource/Laurentian_Bank_of_Canada,http://www.forbes.com/companies/national-bank-of-canada/,0.611234212992073
http://dbpedia.org/resource/Petronas,http://www.forbes.com/companies/petronas-chemicals/,0.5042021158406118
http://dbpedia.org/resource/Lloyds_Bank_of_Canada,http://www.forbes.com/companies/royal-bank-of-canada/,0.3845038343227678
http://dbpedia.org/resource/Lafarge_Tarmac,http://www.forbes.com/companies/lafarge/,0.3245834556773113
http://dbpedia.org/resource/Shanghai_Petrochemical,http://www.forbes.com/companies/shanghai-pharmaceuticals/,0.3129523616431789
http://dbpedia.org/resource/Solvay_Indupa,http://www.forbes.com/companies/solvay/,0.3209751366594685
http://dbpedia.org/resource/Vodafone_Spain,http://www.forbes.com/companies/vodafone/,0.497113478176792
http://dbpedia.org/resource/Beijing_Enterprises,http://www.forbes.com/companies/beijing-enterprises/,0.879310768808761
http://dbpedia.org/resource/CBS_Radio,http://www.forbes.com/companies/cbs/,0.3552212852201155
http://dbpedia.org/resource/Hellenic_Petroleum,http://www.forbes.com/companies/hellenic-telecom/,0.5243418891016717
http://dbpedia.org/resource/Yunnan_Tin,http://www.forbes.com/companies/yunnan-yuntianhua/,0.309862659572971
http://dbpedia.org/resource/Sharp_Solar,http://www.forbes.com/companies/sharp/,0.4448858149426916
http://dbpedia.org/resource/CITIC_Resources,http://www.forbes.com/companies/citic-securities/,0.3382766161020088
http://dbpedia.org/resource/Mitsubishi_UFJ_NICOS,http://www.forbes.com/companies/mitsubishi-ufj-lease/,0.3642136676284401
http://dbpedia.org/resource/Sino_Group,http://www.forbes.com/companies/sinohydro-group/,0.3930863056447425
http://dbpedia.org/resource/Alorica,http://www.forbes.com/companies/alcoa/,0.379627401848914
http://dbpedia.org/resource/Unilever_Indonesia,http://www.forbes.com/companies/unilever/,0.3267916126548101
http://dbpedia.org/resource/Guangdong_Investment,http://www.forbes.com/companies/guangdong-investment/,0.879310768808761
http://dbpedia.org/resource/ACE_Limited,http://www.forbes.com/companies/ace/,0.3893434399810885
http://dbpedia.org/resource/General_Motors_do_Brasil,http://www.forbes.com/companies/general-motors/,0.4124153234850981
http://dbpedia.org/resource/GenOn_Energy,http://www.forbes.com/companies/oge-energy/,0.4584887945649806
http://dbpedia.org/resource/BTA_Bank,http://www.forbes.com/companies/bta-bank/,0.879310768808761
http://dbpedia.org/resource/McDonald's_Canada,http://www.forbes.com/companies/mcdonalds/,0.5222384789199311
http://dbpedia.org/resource/Crown_Media_Holdings,http://www.forbes.com/companies/crown-holdings/,0.865037124009191
http://dbpedia.org/resource/Haima_Automobile,http://www.forbes.com/companies/sinomach-automobile/,0.4342510134162329
http://dbpedia.org/resource/%C3%87ukurova_Holding,http://www.forbes.com/companies/koc-holding/,0.3637372216769263
http://dbpedia.org/resource/NB&T_Financial_Group,http://www.forbes.com/companies/svb-financial-group/,0.3270546237256121
http://dbpedia.org/resource/Bank_of_Ningbo,http://www.forbes.com/companies/bank-of-beijing/,0.3358645639326712
http://dbpedia.org/resource/Alpha_Bank_Srbija,http://www.forbes.com/companies/alpha-bank/,0.5437671727659452
http://dbpedia.org/resource/Hyundai_IHL,http://www.forbes.com/companies/hyundai-wia/,0.3548235791542631
http://dbpedia.org/resource/Country_Garden,http://www.forbes.com/companies/country-garden-holdings/,0.6548623965004358
http://dbpedia.org/resource/Coca-Cola_Amatil,http://www.forbes.com/companies/coca-cola/,0.5121158948722614
http://dbpedia.org/resource/Inter_RAO,http://www.forbes.com/companies/inter-rao/,0.9243107688087612
http://dbpedia.org/resource/Etisalat_Egypt,http://www.forbes.com/companies/etisalat/,0.488848172054343
http://dbpedia.org/resource/Ready_Financial,http://www.forbes.com/companies/e-trade-financial/,0.4101595348209829
http://dbpedia.org/resource/Ping_An_Insurance,http://www.forbes.com/companies/china-taiping-insurance/,0.347835940630078
http://dbpedia.org/resource/Hyundai_Glovis,http://www.forbes.com/companies/hyundai-mobis/,0.3118910329710841
http://dbpedia.org/resource/Walt_Disney_Animation_Studios,http://www.forbes.com/companies/walt-disney/,0.3722856934749998
http://dbpedia.org/resource/Boeing_Canada,http://www.forbes.com/companies/boeing/,0.3323499963676615
http://dbpedia.org/resource/General_Motors_Egypt,http://www.forbes.com/companies/general-motors/,0.81243318768444
http://dbpedia.org/resource/PGNiG,http://www.forbes.com/companies/pgnig-group/,0.4912264901791373
http://dbpedia.org/resource/Canadian_General_Electric,http://www.forbes.com/companies/general-electric/,0.5495264220827795
http://dbpedia.org/resource/First_Pacific,http://www.forbes.com/companies/first-pacific/,0.879310768808761
http://dbpedia.org/resource/Intelitek,http://www.forbes.com/companies/intel/,0.460227188183808
http://dbpedia.org/resource/Japan_Aviation_Electronics,http://www.forbes.com/companies/japan-airlines/,0.3015491127970819
http://dbpedia.org/resource/KMP_Holdings,http://www.forbes.com/companies/sk-holdings/,0.3727225933675629
http://dbpedia.org/resource/Lukoil_Serbia,http://www.forbes.com/companies/lukoil/,0.3342404427819174
http://dbpedia.org/resource/Lukoil_Baltija,http://www.forbes.com/companies/lukoil/,0.3242404427819175
http://dbpedia.org/resource/MOS_Technology,http://www.forbes.com/companies/micron-technology/,0.3083026609887397
http://dbpedia.org/resource/Magnetek,http://www.forbes.com/companies/ametek/,0.4451972116681697
http://dbpedia.org/resource/Industrial_and_Commercial_Bank_of_China,http://www.forbes.com/companies/bank-of-china/,0.3427746027313734
http://dbpedia.org/resource/Shanghai_Electric,http://www.forbes.com/companies/sichuan-changhong-electric/,0.3092912094880914
http://dbpedia.org/resource/Tokyo_Electron,http://www.forbes.com/companies/tokyo-electric-power/,0.3024834963713366
http://dbpedia.org/resource/Vertical_Communications,http://www.forbes.com/companies/verizon-communications/,0.3227403809042921
http://dbpedia.org/resource/Sino_Group,http://www.forbes.com/companies/sinopharm-group/,0.3832946246625853
http://dbpedia.org/resource/Acromas_Holdings,http://www.forbes.com/companies/arm-holdings/,0.426674554798929
http://dbpedia.org/resource/Sberbank_Srbija,http://www.forbes.com/companies/sberbank/,0.3748659419590876
http://dbpedia.org/resource/Target_Corporation,http://www.forbes.com/companies/target/,0.5230802446744033
http://dbpedia.org/resource/Metropolitan_Bank_Group,http://www.forbes.com/companies/metropolitan-bank-trust/,0.3824646428524696
http://dbpedia.org/resource/Soci%C3%A9t%C3%A9_G%C3%A9n%C3%A9rale_Srbija,http://www.forbes.com/companies/societe-generale/,0.817637269317093
http://dbpedia.org/resource/Slaight_Communications,http://www.forbes.com/companies/shaw-communications/,0.4019082006172677
http://dbpedia.org/resource/UFP_Technologies,http://www.forbes.com/companies/fmc-technologies/,0.3152317907290353
http://dbpedia.org/resource/Hyundai_Mobis,http://www.forbes.com/companies/hyundai-glovis/,0.3118910329710841
http://dbpedia.org/resource/National_Bank_of_Bahrain,http://www.forbes.com/companies/national-bank-of-kuwait/,0.3946757665639351
http://dbpedia.org/resource/McDonald's_Israel,http://www.forbes.com/companies/mcdonalds/,0.47747968721704
http://dbpedia.org/resource/CI_Financial,http://www.forbes.com/companies/intact-financial/,0.4317261416786375
http://dbpedia.org/resource/Uni-President_China,http://www.forbes.com/companies/uni-president/,0.6911323716736392
http://dbpedia.org/resource/Eletrobras,http://www.forbes.com/companies/petrobras/,0.3075244752946159
http://dbpedia.org/resource/America_II_Electronics,http://www.forbes.com/companies/american-electric/,0.5071577119782512
http://dbpedia.org/resource/PetroVietnam_Insurance,http://www.forbes.com/companies/petrovietnam-gas/,0.3236458555624926
http://dbpedia.org/resource/Aloha_Petroleum,http://www.forbes.com/companies/marathon-petroleum/,0.3078894595721247
http://dbpedia.org/resource/Enzon_Pharmaceuticals,http://www.forbes.com/companies/alexion-pharmaceuticals/,0.3324429202715806
http://dbpedia.org/resource/Frontier_Communications,http://www.forbes.com/companies/verizon-communications/,0.3145982042119039
http://dbpedia.org/resource/Vodafone_Egypt,http://www.forbes.com/companies/vodafone/,0.4922794836696208
http://dbpedia.org/resource/Scorpa,http://www.forbes.com/companies/scor/,0.5671580082466643
http://dbpedia.org/resource/Huawei_Symantec,http://www.forbes.com/companies/symantec/,0.3099613543769328
http://dbpedia.org/resource/REWE_Group,http://www.forbes.com/companies/rwe-group/,0.6441242051832455
http://dbpedia.org/resource/National_Bank_of_Bahrain,http://www.forbes.com/companies/national-bank-of-abu-dhabi/,0.4649079897538863
http://dbpedia.org/resource/COMSAT,http://www.forbes.com/companies/comcast/,0.6764248770346961
http://dbpedia.org/resource/Renault_Argentina,http://www.forbes.com/companies/renault/,0.330056918777259
http://dbpedia.org/resource/Sempra_Energy,http://www.forbes.com/companies/spectra-energy/,0.3264326885965998
http://dbpedia.org/resource/ICT_Group,http://www.forbes.com/companies/cit-group/,0.7283813420320457
http://dbpedia.org/resource/Sino_Land,http://www.forbes.com/companies/shui-on-land/,0.3918725636190818
http://dbpedia.org/resource/China_Merchants_Holdings_(International),http://www.forbes.com/companies/china-international-marine/,0.3243598990137272
http://dbpedia.org/resource/Siemens_Mobile,http://www.forbes.com/companies/siemens/,0.3195834556773113
http://dbpedia.org/resource/Vital_Pharmaceuticals,http://www.forbes.com/companies/valeant-pharmaceuticals/,0.3676651333851013
http://dbpedia.org/resource/CITIC_Group,http://www.forbes.com/companies/cit-group/,0.6420822436174746
http://dbpedia.org/resource/American_Airlines_Group,http://www.forbes.com/companies/american-international-group/,0.4170290564924251
http://dbpedia.org/resource/Sampo_Corporation,http://www.forbes.com/companies/sampo/,0.3144445244145705
http://dbpedia.org/resource/Unisphere_Networks,http://www.forbes.com/companies/juniper-networks/,0.4473411010501681
http://dbpedia.org/resource/Embratel,http://www.forbes.com/companies/embraer/,0.3770048417387411
http://dbpedia.org/resource/Bank_of_China,http://www.forbes.com/companies/agricultural-bank-of-china/,0.3857501678726499
http://dbpedia.org/resource/Alok_Industries,http://www.forbes.com/companies/hindalco-industries/,0.320536259034812
http://dbpedia.org/resource/Salix_Pharmaceuticals,http://www.forbes.com/companies/alexion-pharmaceuticals/,0.5783862463810278
http://dbpedia.org/resource/MRV_Communications,http://www.forbes.com/companies/verizon-communications/,0.3760983617102731
http://dbpedia.org/resource/Nine_Technology,http://www.forbes.com/companies/linear-technology/,0.4743365248321273
http://dbpedia.org/resource/Comex_Group,http://www.forbes.com/companies/grupo-mexico/,0.3543377497185476
http://dbpedia.org/resource/DFH_Network,http://www.forbes.com/companies/dish-network/,0.4609514590677511
http://dbpedia.org/resource/Riceland_Foods,http://www.forbes.com/companies/dean-foods/,0.3995706345076288
http://dbpedia.org/resource/Ready_Financial,http://www.forbes.com/companies/symetra-financial/,0.382037114386446
http://dbpedia.org/resource/Rexer,http://www.forbes.com/companies/rexel/,0.3541408715999576
http://dbpedia.org/resource/Ventana_Medical_Systems,http://www.forbes.com/companies/varian-medical-systems/,0.3648387003192124
http://dbpedia.org/resource/Enzon_Pharmaceuticals,http://www.forbes.com/companies/regeneron-pharmaceuticals/,0.4081616649659701
http://dbpedia.org/resource/Her_Interactive,http://www.forbes.com/companies/liberty-interactive/,0.3636783566712205
http://dbpedia.org/resource/Centegra_Health_System,http://www.forbes.com/companies/tenet-healthcare/,0.3178787076323111
http://dbpedia.org/resource/Vital_Pharmaceuticals,http://www.forbes.com/companies/alexion-pharmaceuticals/,0.3254335626269724
http://dbpedia.org/resource/Bridgestone_Golf,http://www.forbes.com/companies/bridgestone/,0.6752387414942947
http://dbpedia.org/resource/FXCM,http://www.forbes.com/companies/fmc/,0.3616735723795566
http://dbpedia.org/resource/Maxis,http://www.forbes.com/companies/maxis/,0.879310768808761
http://dbpedia.org/resource/Newpark_Resources,http://www.forbes.com/companies/range-resources/,0.3268707710285648
http://dbpedia.org/resource/American_Airlines_Group,http://www.forbes.com/companies/american-financial-group/,0.3023464486577016
http://dbpedia.org/resource/JDB_Group,http://www.forbes.com/companies/dbs-group/,0.3860451175790959
http://dbpedia.org/resource/Viskase,http://www.forbes.com/companies/visa/,0.3687376424924243
http://dbpedia.org/resource/Corinex,http://www.forbes.com/companies/onex/,0.3011934936047513
http://dbpedia.org/resource/NB&T_Financial_Group,http://www.forbes.com/companies/cno-financial-group/,0.4694262996687164
http://dbpedia.org/resource/Hanowa,http://www.forbes.com/companies/hanwa/,0.6570811863156358
http://dbpedia.org/resource/BankUnited,http://www.forbes.com/companies/bankinter/,0.3691123743991047
http://dbpedia.org/resource/Lattelecom,http://www.forbes.com/companies/telecom-italia/,0.3195412307708901
http://dbpedia.org/resource/Nylink,http://www.forbes.com/companies/centurylink/,0.3053961542242314
http://dbpedia.org/resource/Toho,http://www.forbes.com/companies/toho-holdings/,0.4590105667727377
http://dbpedia.org/resource/Bank_of_Commerce,http://www.forbes.com/companies/oriental-bank-of-commerce/,0.5349008571715003
http://dbpedia.org/resource/RAE_Systems,http://www.forbes.com/companies/bae-systems/,0.4550520722812732
http://dbpedia.org/resource/MVM_Group,http://www.forbes.com/companies/omv-group/,0.3860451175790959
http://dbpedia.org/resource/BayWa,http://www.forbes.com/companies/baywa/,0.879310768808761
http://dbpedia.org/resource/GAC_Group,http://www.forbes.com/companies/gea-group/,0.4044451175790959
http://dbpedia.org/resource/DCI_Group,http://www.forbes.com/companies/cit-group/,0.4201514873997514
http://dbpedia.org/resource/Arbella_Insurance_Group,http://www.forbes.com/companies/rsa-insurance-group/,0.3634996250337093
http://dbpedia.org/resource/National_Bank_of_Egypt,http://www.forbes.com/companies/national-bank-of-greece/,0.4564014267943572
http://dbpedia.org/resource/China_Taiping,http://www.forbes.com/companies/china-taiping-insurance/,0.6415268422347451
http://dbpedia.org/resource/IProperty_Group,http://www.forbes.com/companies/simon-property-group/,0.4086836270854339
http://dbpedia.org/resource/Dents,http://www.forbes.com/companies/dentsu/,0.6570811863156358
http://dbpedia.org/resource/Bank_of_China,http://www.forbes.com/companies/bank-of-india/,0.4064560485219199
http://dbpedia.org/resource/Farmers_Insurance_Group,http://www.forbes.com/companies/rsa-insurance-group/,0.4401884864711056
http://dbpedia.org/resource/RAK_Petroleum,http://www.forbes.com/companies/anadarko-petroleum/,0.3567962514090499
http://dbpedia.org/resource/Sabre_Holdings,http://www.forbes.com/companies/sears-holdings/,0.5124564696840285
http://dbpedia.org/resource/VIA_Technologies,http://www.forbes.com/companies/avago-technologies/,0.3641957456299993
http://dbpedia.org/resource/Renault_Pars,http://www.forbes.com/companies/renault/,0.495957221025078
http://dbpedia.org/resource/BFG_Technologies,http://www.forbes.com/companies/fmc-technologies/,0.3241824080129859
http://dbpedia.org/resource/DHB_Bank,http://www.forbes.com/companies/dvb-bank/,0.4170945002951453
http://dbpedia.org/resource/ABM_Industries,http://www.forbes.com/companies/mohawk-industries/,0.3001973447881855
http://dbpedia.org/resource/Western_Auto,http://www.forbes.com/companies/western-union/,0.3271678398536861
http://dbpedia.org/resource/Shui_On_Land,http://www.forbes.com/companies/sino-land/,0.3768725636190819
http://dbpedia.org/resource/Asia_Motors,http://www.forbes.com/companies/kia-motors/,0.3039802951014553
http://dbpedia.org/resource/REA_Group,http://www.forbes.com/companies/gea-group/,0.4312656062629568
http://dbpedia.org/resource/MBank,http://www.forbes.com/companies/maybank/,0.4019343322885201
http://dbpedia.org/resource/Want_Want,http://www.forbes.com/companies/want-want-china/,0.5877341971011036
http://dbpedia.org/resource/BA_Systems,http://www.forbes.com/companies/bae-systems/,0.6772126203987493
http://dbpedia.org/resource/SIRVA,http://www.forbes.com/companies/visa/,0.364322955095606
http://dbpedia.org/resource/CITIC_Group,http://www.forbes.com/companies/cic-group/,0.6420822436174746
http://dbpedia.org/resource/Investors_Bank,http://www.forbes.com/companies/investor/,0.3503268717301996
http://dbpedia.org/resource/National_Bank_of_Egypt,http://www.forbes.com/companies/national-bank-of-kuwait/,0.3964104604414861
http://dbpedia.org/resource/MXenergy,http://www.forbes.com/companies/cimarex-energy/,0.3109190941976857
http://dbpedia.org/resource/Hopson_Development,http://www.forbes.com/companies/hysan-development/,0.3147988902961349
http://dbpedia.org/resource/Shanghai_Maple,http://www.forbes.com/companies/shanghai-pharmaceuticals/,0.3298608265871003
http://dbpedia.org/resource/Canadian_Solar,http://www.forbes.com/companies/canadian-oil-sands/,0.3010168953158462
http://dbpedia.org/resource/PAC_International,http://www.forbes.com/companies/international-paper/,0.3198495918050182
http://dbpedia.org/resource/Capgemini,http://www.forbes.com/companies/gecina/,0.316319547816801
http://dbpedia.org/resource/Alpha_Bank,http://www.forbes.com/companies/bank-hapoalim/,0.3157299516264123
http://dbpedia.org/resource/Computacenter,http://www.forbes.com/companies/accenture/,0.3081300103515228
http://dbpedia.org/resource/Trans_States_Holdings,http://www.forbes.com/companies/sears-holdings/,0.3003613733458524
http://dbpedia.org/resource/Canadian_Arrow,http://www.forbes.com/companies/air-canada/,0.3417448153160894
http://dbpedia.org/resource/Lossa_Engineering,http://www.forbes.com/companies/jacobs-engineering/,0.3117581655887435
http://dbpedia.org/resource/SeaMicro,http://www.forbes.com/companies/mosaic/,0.3582735723795567
http://dbpedia.org/resource/Masco,http://www.forbes.com/companies/mosaic/,0.364322955095606
http://dbpedia.org/resource/Kuozui_Motors,http://www.forbes.com/companies/suzuki-motor/,0.4637384664456471
http://dbpedia.org/resource/Jamison_International,http://www.forbes.com/companies/cameron-international/,0.3291776141491316
http://dbpedia.org/resource/TBC_Bank,http://www.forbes.com/companies/vtb-bank/,0.3788974665723845
http://dbpedia.org/resource/Huaneng_Power_International,http://www.forbes.com/companies/hengan-international-group/,0.3097951880077573
http://dbpedia.org/resource/Fastline,http://www.forbes.com/companies/fastenal/,0.3603531530405411
http://dbpedia.org/resource/Bank_of_Florida,http://www.forbes.com/companies/bank-of-baroda/,0.3517007405470871
http://dbpedia.org/resource/Everbright,http://www.forbes.com/companies/china-everbright-bank/,0.3125336027070419
http://dbpedia.org/resource/Naftiran_Intertrade,http://www.forbes.com/companies/weatherford-international/,0.3765214523647955
http://dbpedia.org/resource/Aena,http://www.forbes.com/companies/abengoa/,0.3022428763208007
http://dbpedia.org/resource/Qatar_Petroleum,http://www.forbes.com/companies/bharat-petroleum/,0.4679808758437008
http://dbpedia.org/resource/CR_Brands,http://www.forbes.com/companies/cr-bard/,0.5896230749766938
http://dbpedia.org/resource/Atlantic_Marine,http://www.forbes.com/companies/cameron-international/,0.3396827892649641
http://dbpedia.org/resource/PAC_International,http://www.forbes.com/companies/cameron-international/,0.3760983617102731
http://dbpedia.org/resource/NKT_Holding,http://www.forbes.com/companies/nksj-holdings/,0.3418461942462831
http://dbpedia.org/resource/Equity_Insurance_Group,http://www.forbes.com/companies/qbe-insurance-group/,0.3617649311561582
http://dbpedia.org/resource/Grupo_Argos,http://www.forbes.com/companies/grupo-acs/,0.3135943746212238
http://dbpedia.org/resource/Star_Industries,http://www.forbes.com/companies/polaris-industries/,0.3623034969630274
http://dbpedia.org/resource/Continental_Hotels,http://www.forbes.com/companies/intercontinental-hotels/,0.4270014996890208
http://dbpedia.org/resource/Enel,http://www.forbes.com/companies/generali-group/,0.3020160954317608
http://www.forbes.com/companies/ucb/,fullcontact_766,0.6886441707471062
http://www.forbes.com/companies/brookfield-asset-management/,fullcontact_172,0.9808124980084856
http://www.forbes.com/companies/pernod-ricard/,fullcontact_29,0.9834324516514
http://www.forbes.com/companies/new-media-investment-group/,fullcontact_537,0.9879061846285154
http://www.forbes.com/companies/actelion/,fullcontact_53,0.5798047395505338
http://www.forbes.com/companies/publicis-groupe/,fullcontact_609,0.9808124980084856
http://www.forbes.com/companies/bristol-myers-squibb/,fullcontact_157,0.9701233627490956
http://www.forbes.com/companies/singapore-airlines/,fullcontact_677,0.9814911666338964
http://www.forbes.com/companies/philip-morris-international/,fullcontact_592,0.9879061846285154
http://www.forbes.com/companies/vimpelcom/,fullcontact_795,0.8653000344909901
http://www.forbes.com/companies/las-vegas-sands/,fullcontact_643,0.9874920911351766
http://www.forbes.com/companies/brown-forman/,fullcontact_173,0.8928641586936034
http://www.forbes.com/companies/stmicroelectronics/,fullcontact_695,0.9075726381021822
http://www.forbes.com/companies/ziggo/,fullcontact_840,0.9814031303372084
http://www.forbes.com/companies/grupo-aval/,fullcontact_364,0.9814031303372084
http://www.forbes.com/companies/dte-energy/,fullcontact_273,0.9895678345772584
http://www.forbes.com/companies/aberdeen-asset-management/,fullcontact_46,0.9841246600821828
http://www.forbes.com/companies/gemalto/,fullcontact_346,0.9824350189762904
http://www.forbes.com/companies/hammerson/,fullcontact_369,0.9841246600821828
http://www.forbes.com/companies/julius-baer-group/,fullcontact_446,0.9840190479033324
http://www.forbes.com/companies/kddi/,fullcontact_450,0.6886883483491898
http://www.forbes.com/companies/ppg-industries/,fullcontact_7,0.9879061846285154
http://www.forbes.com/companies/talisman-energy/,fullcontact_717,0.9572061972414432
http://www.forbes.com/companies/rexel/,fullcontact_623,0.8523618973365833
http://www.forbes.com/companies/unibail-rodamco/,fullcontact_769,0.9808124980084856
http://www.forbes.com/companies/metcash/,fullcontact_505,0.9824350189762904
http://www.forbes.com/companies/tele2/,fullcontact_725,0.9807223954022648
http://www.forbes.com/companies/gas-natural-fenosa/,fullcontact_341,0.952103753497634
http://www.forbes.com/companies/braskem/,fullcontact_168,0.9817913553204608
http://www.forbes.com/companies/foot-locker/,fullcontact_326,0.9895678345772584
http://www.forbes.com/companies/medtronic/,fullcontact_502,0.9879061846285154
http://www.forbes.com/companies/capgemini/,fullcontact_188,0.9808124980084856
http://www.forbes.com/companies/crescent-point-energy/,fullcontact_239,0.9740649424394886
http://www.forbes.com/companies/keyence/,fullcontact_454,0.7923784514017723
http://www.forbes.com/companies/atlas-copco/,fullcontact_116,0.9807223954022648
http://www.forbes.com/companies/kohls/,fullcontact_460,0.3999314817526596
http://www.forbes.com/companies/abbvie/,fullcontact_44,0.8797623346728486
http://www.forbes.com/companies/heidelbergcement/,fullcontact_373,0.9333288869122178
http://www.forbes.com/companies/conocophillips/,fullcontact_230,0.9879061846285154
http://www.forbes.com/companies/marathon-oil/,fullcontact_1215,0.966765712762325
http://www.forbes.com/companies/hormel-foods/,fullcontact_387,0.966765712762325
http://www.forbes.com/companies/hyundai-steel/,fullcontact_405,0.5618741019245121
http://www.forbes.com/companies/wistron/,fullcontact_823,0.7059659318990243
http://www.forbes.com/companies/strabag/,fullcontact_704,0.9824350189762904
http://www.forbes.com/companies/g4s/,fullcontact_336,0.979049086838666
http://www.forbes.com/companies/lg-display/,fullcontact_477,0.3419355974373173
http://www.forbes.com/companies/forest-laboratories/,fullcontact_332,0.9879061846285154
http://www.forbes.com/companies/tenet-healthcare/,fullcontact_733,0.935853326883806
http://www.forbes.com/companies/syngenta/,fullcontact_714,0.9814911666338964
http://www.forbes.com/companies/japan-tobacco/,fullcontact_1221,0.9801955965633712
http://www.forbes.com/companies/citrix-systems/,fullcontact_216,0.8735940799944453
http://www.forbes.com/companies/jm-smucker/,fullcontact_441,0.9389598269104408
http://www.forbes.com/companies/alfa-laval/,fullcontact_71,0.9807223954022648
http://www.forbes.com/companies/noble-energy/,fullcontact_1881,0.9895678345772584
http://www.forbes.com/companies/luxottica-group/,fullcontact_1276,0.8245383354857364
http://www.forbes.com/companies/cerner/,fullcontact_206,0.8029462802282301
http://www.forbes.com/companies/encana/,fullcontact_290,0.8191208338405466
http://www.forbes.com/companies/danone/,fullcontact_248,0.9834324516514
http://www.forbes.com/companies/petro-rabigh/,fullcontact_583,0.9834324516514
http://www.forbes.com/companies/manulife-financial/,fullcontact_487,0.9735215961624492
http://www.forbes.com/companies/time-warner/,fullcontact_743,0.9692538698661174
http://www.forbes.com/companies/merck-co/,fullcontact_504,0.6494609623022531
http://www.forbes.com/companies/vodafone/,fullcontact_800,0.9841246600821828
http://www.forbes.com/companies/viacom/,fullcontact_1295,0.8797623346728486
http://www.forbes.com/companies/viacom/,fullcontact_794,0.8797623346728486
http://www.forbes.com/companies/antero-resources/,fullcontact_98,0.9333288869122178
http://www.forbes.com/companies/abengoa/,fullcontact_45,0.9801955965633712
http://www.forbes.com/companies/praxair/,fullcontact_599,0.5827109885922933
http://www.forbes.com/companies/danaher/,fullcontact_246,0.78907616222652
http://www.forbes.com/companies/sk-hynix/,fullcontact_681,0.4851037774017723
http://www.forbes.com/companies/kasikornbank/,fullcontact_449,0.8949969156967327
http://www.forbes.com/companies/swedbank/,fullcontact_710,0.9808124980084856
http://www.forbes.com/companies/conagra-foods/,fullcontact_228,0.8806591763908976
http://www.forbes.com/companies/realogy-holdings/,fullcontact_1235,0.9679444843539576
http://www.forbes.com/companies/sigma-aldrich/,fullcontact_671,0.8716486043079755
http://www.forbes.com/companies/general-growth-properties/,fullcontact_352,0.9879061846285154
http://www.forbes.com/companies/parker-hannifin/,fullcontact_574,0.451444497112837
http://www.forbes.com/companies/delek-group/,fullcontact_255,0.9807223954022648
http://www.forbes.com/companies/sojitz/,fullcontact_690,0.8060847802677468
http://www.forbes.com/companies/solvay/,fullcontact_691,0.8737949396842176
http://www.forbes.com/companies/sysco/,fullcontact_715,0.8657655179665457
http://www.forbes.com/companies/ingram-micro/,fullcontact_419,0.9692538698661174
http://www.forbes.com/companies/tullow-oil/,fullcontact_758,0.9596013977732404
http://www.forbes.com/companies/sanofi/,fullcontact_645,0.9319967569968926
http://www.forbes.com/companies/sun-pharma-industries/,fullcontact_1715,0.7911122935605445
http://www.forbes.com/companies/zoetis/,fullcontact_841,0.8797623346728486
http://www.forbes.com/companies/prysmian/,fullcontact_608,0.747865066359909
http://www.forbes.com/companies/clariant/,fullcontact_218,0.9814911666338964
http://www.forbes.com/companies/diageo/,fullcontact_260,0.8006232328976518
http://www.forbes.com/companies/bank-muscat/,fullcontact_133,0.9319967569968926
http://www.forbes.com/companies/sgs/,fullcontact_661,0.6251314453138133
http://www.forbes.com/companies/alcatel-lucent/,fullcontact_68,0.9808124980084856
http://www.forbes.com/companies/rosneft/,fullcontact_631,0.9801955965633712
http://www.forbes.com/companies/rockwell-collins/,fullcontact_630,0.7246670760122608
http://www.forbes.com/companies/mylan/,fullcontact_525,0.82262211200132
http://www.forbes.com/companies/exelon/,fullcontact_1541,0.9895678345772584
http://www.forbes.com/companies/dean-foods/,fullcontact_254,0.6316066953955511
http://www.forbes.com/companies/zain/,fullcontact_839,0.9807223954022648
http://www.forbes.com/companies/pepsico/,fullcontact_580,0.988527387977121
http://www.forbes.com/companies/novozymes/,fullcontact_550,0.9814911666338964
http://www.forbes.com/companies/corning/,fullcontact_232,0.7837117108223831
http://www.forbes.com/companies/citigroup/,fullcontact_215,0.9879061846285154
http://www.forbes.com/companies/fujifilm-holdings/,fullcontact_334,0.9456917124038916
http://www.forbes.com/companies/unitedhealth-group/,fullcontact_773,0.9879061846285154
http://www.forbes.com/companies/skanska/,fullcontact_679,0.9817913553204608
http://www.forbes.com/companies/smith-nephew/,fullcontact_684,0.9746482577709776
http://www.forbes.com/companies/bunzl/,fullcontact_176,0.7439807458158586
http://www.forbes.com/companies/wipro/,fullcontact_822,0.7522763534734146
http://www.forbes.com/companies/eurazeo/,fullcontact_304,0.9817913553204608
http://www.forbes.com/companies/swatch-group/,fullcontact_709,0.9840190479033324
http://www.forbes.com/companies/steinhoff-international/,fullcontact_702,0.9808124980084856
http://www.forbes.com/companies/cablevision/,fullcontact_182,0.9879061846285154
http://www.forbes.com/companies/bouygues/,fullcontact_165,0.7636674859876025
http://www.forbes.com/companies/holcim/,fullcontact_384,0.9840190479033324
http://www.forbes.com/companies/juniper-networks/,fullcontact_447,0.9879061846285154
http://www.forbes.com/companies/sabmiller/,fullcontact_635,0.8828053583508688
http://www.forbes.com/companies/morgan-stanley/,fullcontact_520,0.988527387977121
http://www.forbes.com/companies/aetna/,fullcontact_58,0.9874920911351766
http://www.forbes.com/companies/jacobs-engineering/,fullcontact_1327,0.8657693210809415
http://www.forbes.com/companies/natixis/,fullcontact_528,0.9817913553204608
http://www.forbes.com/companies/altera/,fullcontact_82,0.8029462802282301
http://www.forbes.com/companies/kyocera/,fullcontact_13,0.6296994774985502
http://www.forbes.com/companies/norfolk-southern/,fullcontact_551,0.935853326883806
http://www.forbes.com/companies/edf/,fullcontact_281,0.978871834275784
http://www.forbes.com/companies/falabella/,fullcontact_310,0.7534185457686486
http://www.forbes.com/companies/halliburton/,fullcontact_368,0.7708398857782746
http://www.forbes.com/companies/tjx-cos/,fullcontact_1388,0.6231897054902926
http://www.forbes.com/companies/motorola-solutions/,fullcontact_522,0.8858407146780924
http://www.forbes.com/companies/evonik/,fullcontact_5,0.9319967569968926
http://www.forbes.com/companies/basler-kantonalbank/,fullcontact_155,0.8189047021159604
http://www.forbes.com/companies/mitsubishi-corp/,fullcontact_513,0.8245383354857364
http://www.forbes.com/companies/sime-darby/,fullcontact_675,0.9086785980235113
http://www.forbes.com/companies/acer/,fullcontact_52,0.9804615677914078
http://www.forbes.com/companies/onex/,fullcontact_560,0.9807223954022648
http://www.forbes.com/companies/bnp-paribas/,fullcontact_159,0.9326874348083708
http://www.forbes.com/companies/alpha-bank/,fullcontact_80,0.9807223954022648
http://www.forbes.com/companies/xilinx/,fullcontact_835,0.6328824663685694
http://www.forbes.com/companies/entergy/,fullcontact_295,0.988527387977121
http://www.forbes.com/companies/cnp-assurances/,fullcontact_221,0.9808124980084856
http://www.forbes.com/companies/alcoa/,fullcontact_69,0.9053956216667088
http://www.forbes.com/companies/ubs/,fullcontact_765,0.980123936574645
http://www.forbes.com/companies/schroders/,fullcontact_654,0.9841246600821828
http://www.forbes.com/companies/dixons-retail/,fullcontact_265,0.9602000917217536
http://www.forbes.com/companies/intuitive-surgical/,fullcontact_427,0.9333288869122178
http://www.forbes.com/companies/marsh-mclennan/,fullcontact_888,0.9684566118136168
http://www.forbes.com/companies/banco-de-sabadell/,fullcontact_1448,0.963467259345034
http://www.forbes.com/companies/simon-property-group/,fullcontact_676,0.8959076871079514
http://www.forbes.com/companies/avis-budget-group/,fullcontact_123,0.7886475833916367
http://www.forbes.com/companies/rtl-group/,fullcontact_633,0.9814031303372084
http://www.forbes.com/companies/kla-tencor/,fullcontact_459,0.4013638376442967
http://www.forbes.com/companies/tesla-motors/,fullcontact_738,0.9895678345772584
http://www.forbes.com/companies/hm/,fullcontact_383,0.5034394724349922
http://www.forbes.com/companies/concho-resources/,fullcontact_229,0.9879061846285154
http://www.forbes.com/companies/fastenal/,fullcontact_312,0.9879061846285154
http://www.forbes.com/companies/nidec/,fullcontact_538,0.8633939930856764
http://www.forbes.com/companies/metso/,fullcontact_508,0.9814031303372084
http://www.forbes.com/companies/stora-enso/,fullcontact_703,0.9814031303372084
http://www.forbes.com/companies/equifax/,fullcontact_298,0.8249184908085995
http://www.forbes.com/companies/general-mills/,fullcontact_349,0.7207077919316877
http://www.forbes.com/companies/raymond-james-financial/,fullcontact_618,0.8959076871079514
http://www.forbes.com/companies/hcl-technologies/,fullcontact_371,0.9791327780002952
http://www.forbes.com/companies/j-front-retailing/,fullcontact_438,0.8989810908403032
http://www.forbes.com/companies/cst-brands/,fullcontact_243,0.8910329804573485
http://www.forbes.com/companies/standard-life/,fullcontact_696,0.9841246600821828
http://www.forbes.com/companies/vertex-pharmaceuticals/,fullcontact_805,0.8578937859822294
http://www.forbes.com/companies/ecopetrol/,fullcontact_280,0.8653000344909901
http://www.forbes.com/companies/metlife/,fullcontact_506,0.988527387977121
http://www.forbes.com/companies/etisalat/,fullcontact_303,0.8730350963018327
http://www.forbes.com/companies/deutsche-telekom/,fullcontact_727,0.8161299856903156
http://www.forbes.com/companies/illumina/,fullcontact_412,0.6816698934985882
http://www.forbes.com/companies/ubi-banca/,fullcontact_764,0.9086785980235113
http://www.forbes.com/companies/vopak/,fullcontact_804,0.9814031303372084
http://www.forbes.com/companies/infosys/,fullcontact_418,0.9801955965633712
http://www.forbes.com/companies/prologis/,fullcontact_603,0.9879061846285154
http://www.forbes.com/companies/applied-materials/,fullcontact_103,0.8858407146780924
http://www.forbes.com/companies/autoliv/,fullcontact_120,0.7840091343871457
http://www.forbes.com/companies/danske-bank/,fullcontact_249,0.9840190479033324
http://www.forbes.com/companies/partnerre/,fullcontact_575,0.8653000344909901
http://www.forbes.com/companies/workday/,fullcontact_827,0.9879061846285154
http://www.forbes.com/companies/sandisk/,fullcontact_642,0.988527387977121
http://www.forbes.com/companies/unum-group/,fullcontact_776,0.9874920911351766
http://www.forbes.com/companies/rockwell-automation/,fullcontact_629,0.8858407146780924
http://www.forbes.com/companies/mechel/,fullcontact_499,0.8078448163191778
http://www.forbes.com/companies/mitsubishi-ufj-financial/,fullcontact_1589,0.8310813645060662
http://www.forbes.com/companies/assa-abloy/,fullcontact_112,0.9807223954022648
http://www.forbes.com/companies/hindustan-petroleum/,fullcontact_381,0.9333288869122178
http://www.forbes.com/companies/carlsberg/,fullcontact_193,0.9333288869122178
http://www.forbes.com/companies/nokia/,fullcontact_545,0.8767679144097428
http://www.forbes.com/companies/nordstrom/,fullcontact_1446,0.9879061846285154
http://www.forbes.com/companies/fonciere-des-regions/,fullcontact_325,0.9808124980084856
http://www.forbes.com/companies/cliffs-natural-resources/,fullcontact_219,0.9879061846285154
http://www.forbes.com/companies/polaris-industries/,fullcontact_593,0.9879061846285154
http://www.forbes.com/companies/technip/,fullcontact_722,0.9817913553204608
http://www.forbes.com/companies/arkema/,fullcontact_107,0.9834324516514
http://www.forbes.com/companies/origin-energy/,fullcontact_1007,0.9840190479033324
http://www.forbes.com/companies/salesforce/,fullcontact_639,0.8885101134827401
http://www.forbes.com/companies/mckesson/,fullcontact_497,0.776613558669382
http://www.forbes.com/companies/aflac/,fullcontact_59,0.9874920911351766
http://www.forbes.com/companies/jindal-steel-power/,fullcontact_440,0.9623930074562268
http://www.forbes.com/companies/equity-residential/,fullcontact_299,0.9333288869122178
http://www.forbes.com/companies/nikon/,fullcontact_540,0.9790349561986356
http://www.forbes.com/companies/gannett/,fullcontact_1341,0.5635780862953771
http://www.forbes.com/companies/gannett/,fullcontact_338,0.5635780862953771
http://www.forbes.com/companies/carefusion/,fullcontact_192,0.8383275284683475
http://www.forbes.com/companies/hewlett-packard/,fullcontact_389,0.9879061846285154
http://www.forbes.com/companies/bank-of-queensland/,fullcontact_162,0.8251812350235288
http://www.forbes.com/companies/broadcom/,fullcontact_171,0.9879061846285154
http://www.forbes.com/companies/enel/,fullcontact_291,0.9790349561986356
http://www.forbes.com/companies/bank-of-ireland/,fullcontact_136,0.9326874348083708
http://www.forbes.com/companies/liberbank/,fullcontact_24,0.9791327780002952
http://www.forbes.com/companies/east-west-bancorp/,fullcontact_1447,0.8902504222009678
http://www.forbes.com/companies/news-corp/,fullcontact_1642,0.7547488968813572
http://www.forbes.com/companies/infineon-technologies/,fullcontact_416,0.9333288869122178
http://www.forbes.com/companies/darden-restaurants/,fullcontact_250,0.7484787545007254
http://www.forbes.com/companies/pfizer/,fullcontact_586,0.9895678345772584
http://www.forbes.com/companies/interactive-brokers-group/,fullcontact_992,0.9333288869122178
http://www.forbes.com/companies/embraer/,fullcontact_286,0.9817913553204608
http://www.forbes.com/companies/symantec/,fullcontact_713,0.776613558669382
http://www.forbes.com/companies/affiliated-managers-group/,fullcontact_92,0.8959076871079514
http://www.forbes.com/companies/bankinter/,fullcontact_132,0.9791327780002952
http://www.forbes.com/companies/shinsei-bank/,fullcontact_666,0.8475640261592554
http://www.forbes.com/companies/aviva/,fullcontact_124,0.9808844260504164
http://www.forbes.com/companies/kesko/,fullcontact_453,0.9814031303372084
http://www.forbes.com/companies/sm-investments/,fullcontact_683,0.9553615688998256
http://www.forbes.com/companies/nestle/,fullcontact_534,0.3709087041448629
http://www.forbes.com/companies/sika/,fullcontact_673,0.9814031303372084
http://www.forbes.com/companies/paychex/,fullcontact_576,0.8249184908085995
http://www.forbes.com/companies/ajinomoto/,fullcontact_65,0.9791327780002952
http://www.forbes.com/companies/verbund/,fullcontact_789,0.9824350189762904
http://www.forbes.com/companies/gemdale/,fullcontact_347,0.7923784514017723
http://www.forbes.com/companies/kroger/,fullcontact_467,0.708799482742668
http://www.forbes.com/companies/hexagon/,fullcontact_19,0.8634573735974059
http://www.forbes.com/companies/scripps-networks-interactive/,fullcontact_656,0.749977764257948
http://www.forbes.com/companies/turkish-airlines/,fullcontact_760,0.9808124980084856
http://www.forbes.com/companies/alliant-energy/,fullcontact_76,0.96043478042585
http://www.forbes.com/companies/merck/,fullcontact_504,0.3384405374536462
http://www.forbes.com/companies/cemex/,fullcontact_202,0.6456235414744854
http://www.forbes.com/companies/vmware/,fullcontact_799,0.9895678345772584
http://www.forbes.com/companies/toyota-boshoku/,fullcontact_751,0.3015068918275611
http://www.forbes.com/companies/sasol/,fullcontact_648,0.9086785980235113
http://www.forbes.com/companies/amerisourcebergen/,fullcontact_90,0.8272317073288648
http://www.forbes.com/companies/raytheon/,fullcontact_619,0.8716486043079755
http://www.forbes.com/companies/saputo/,fullcontact_647,0.8207888556426003
http://www.forbes.com/companies/att/,fullcontact_117,0.9874920911351766
http://www.forbes.com/companies/becton-dickinson/,fullcontact_143,0.935831337005898
http://www.forbes.com/companies/schneider-electric/,fullcontact_653,0.9333288869122178
http://www.forbes.com/companies/celgene/,fullcontact_201,0.720359196320003
http://www.forbes.com/companies/cognizant-technology/,fullcontact_864,0.9701233627490956
http://www.forbes.com/companies/fuji-electric/,fullcontact_333,0.7586723273682671
http://www.forbes.com/companies/statoil/,fullcontact_701,0.9817913553204608
http://www.forbes.com/companies/sears-holdings/,fullcontact_31,0.96043478042585
http://www.forbes.com/companies/lyondellbasell-industries/,fullcontact_485,0.690344479201883
http://www.forbes.com/companies/silver-wheaton/,fullcontact_674,0.7966520720399426
http://www.forbes.com/companies/silver-wheaton/,fullcontact_1724,0.7966520720399426
http://www.forbes.com/companies/geberit/,fullcontact_345,0.9824350189762904
http://www.forbes.com/companies/remgro/,fullcontact_621,0.7465646900044683
http://www.forbes.com/companies/b-e-aerospace/,fullcontact_144,0.9879061846285154
http://www.forbes.com/companies/outokumpu/,fullcontact_569,0.7970633346371442
http://www.forbes.com/companies/fortum/,fullcontact_327,0.9840190479033324
http://www.forbes.com/companies/tdc/,fullcontact_719,0.8788230533655245
http://www.forbes.com/companies/lennar/,fullcontact_475,0.8029462802282301
http://www.forbes.com/companies/coloplast/,fullcontact_224,0.9814911666338964
http://www.forbes.com/companies/bed-bath-beyond/,fullcontact_146,0.9319967569968926
http://www.forbes.com/companies/goldcorp/,fullcontact_357,0.8043279020805871
http://www.forbes.com/companies/boston-scientific/,fullcontact_164,0.9879061846285154
http://www.forbes.com/companies/tyson-foods/,fullcontact_763,0.9692538698661174
http://www.forbes.com/companies/visteon/,fullcontact_797,0.720359196320003
http://www.forbes.com/companies/micron-technology/,fullcontact_511,0.9879061846285154
http://www.forbes.com/companies/cencosud/,fullcontact_203,0.5323879759841073
http://www.forbes.com/companies/bhp-billiton/,fullcontact_151,0.9814911666338964
http://www.forbes.com/companies/ibm/,fullcontact_407,0.9862822997664482
http://www.forbes.com/companies/bharat-petroleum/,fullcontact_150,0.6750662235431503
http://www.forbes.com/companies/general-electric/,fullcontact_343,0.8048431479170721
http://www.forbes.com/companies/eqt/,fullcontact_297,0.8018746310453237
http://www.forbes.com/companies/vestas-wind-systems/,fullcontact_793,0.5705764898975342
http://www.forbes.com/companies/finmeccanica/,fullcontact_318,0.9791327780002952
http://www.forbes.com/companies/eutelsat-communications/,fullcontact_305,0.8408014514978805
http://www.forbes.com/companies/amgen/,fullcontact_93,0.9053956216667088
http://www.forbes.com/companies/chipotle-mexican-grill/,fullcontact_210,0.8959076871079514
http://www.forbes.com/companies/electrolux-group/,fullcontact_284,0.7966520720399426
http://www.forbes.com/companies/agrium/,fullcontact_61,0.9319967569968926
http://www.forbes.com/companies/fraport/,fullcontact_329,0.871893171866561
http://www.forbes.com/companies/textron/,fullcontact_739,0.7835348177124519
http://www.forbes.com/companies/comerica/,fullcontact_225,0.851062156366641
http://www.forbes.com/companies/flowserve/,fullcontact_322,0.9879061846285154
http://www.forbes.com/companies/starwood-property-trust/,fullcontact_700,0.7576259275905118
http://www.forbes.com/companies/henry-schein/,fullcontact_375,0.8910329804573485
http://www.forbes.com/companies/united-parcel-service/,fullcontact_779,0.8959076871079514
http://www.forbes.com/companies/iberdrola/,fullcontact_406,0.8334227563472696
http://www.forbes.com/companies/assurant/,fullcontact_113,0.9879061846285154
http://www.forbes.com/companies/tim-hortons/,fullcontact_745,0.9817913553204608
http://www.forbes.com/companies/mondelez-international/,fullcontact_516,0.9333288869122178
http://www.forbes.com/companies/bidvest-group/,fullcontact_152,0.9059086859519172
http://www.forbes.com/companies/genworth-financial/,fullcontact_351,0.7007755794082077
http://www.forbes.com/companies/ambank-group/,fullcontact_84,0.9319967569968926
http://www.forbes.com/companies/directv/,fullcontact_263,0.988527387977121
http://www.forbes.com/companies/church-dwight/,fullcontact_1712,0.7911509286296646
http://www.forbes.com/companies/church-dwight/,fullcontact_212,0.7911509286296646
http://www.forbes.com/companies/biogen-idec/,fullcontact_154,0.8892184316137476
http://www.forbes.com/companies/ingredion/,fullcontact_420,0.458388656254099
http://www.forbes.com/companies/lg-electronics/,fullcontact_476,0.8082998040253271
http://www.forbes.com/companies/richemont/,fullcontact_625,0.9333288869122178
http://www.forbes.com/companies/telus/,fullcontact_731,0.9807223954022648
http://www.forbes.com/companies/starbucks/,fullcontact_699,0.6016925115368811
http://www.forbes.com/companies/starbucks/,fullcontact_900,0.6016925115368811
http://www.forbes.com/companies/shire/,fullcontact_667,0.9814031303372084
http://www.forbes.com/companies/air-liquide/,fullcontact_64,0.8081914812631392
http://www.forbes.com/companies/andritz/,fullcontact_96,0.9824350189762904
http://www.forbes.com/companies/givaudan/,fullcontact_353,0.9814911666338964
http://www.forbes.com/companies/amdocs/,fullcontact_86,0.9895678345772584
http://www.forbes.com/companies/canara-bank/,fullcontact_187,0.9319967569968926
http://www.forbes.com/companies/cincinnati-financial/,fullcontact_1808,0.9711563935184973
http://www.forbes.com/companies/netapp/,fullcontact_535,0.9895678345772584
http://www.forbes.com/companies/daimler/,fullcontact_245,0.871893171866561
http://www.forbes.com/companies/sherwin-williams/,fullcontact_663,0.9879061846285154
http://www.forbes.com/companies/mead-johnson-nutrition/,fullcontact_498,0.7817736182705437
http://www.forbes.com/companies/xerox/,fullcontact_833,0.9874920911351766
http://www.forbes.com/companies/hollyfrontier/,fullcontact_385,0.8716486043079755
http://www.forbes.com/companies/centurylink/,fullcontact_205,0.9879061846285154
http://www.forbes.com/companies/accor/,fullcontact_50,0.64608321885687
http://www.forbes.com/companies/hdfc/,fullcontact_372,0.7164878494839763
http://www.forbes.com/companies/dassault-aviation/,fullcontact_251,0.9808124980084856
http://www.forbes.com/companies/caixabank/,fullcontact_184,0.9333288869122178
http://www.forbes.com/companies/xcel-energy/,fullcontact_832,0.8081914812631392
http://www.forbes.com/companies/whole-foods-market/,fullcontact_819,0.9895678345772584
http://www.forbes.com/companies/teradata/,fullcontact_734,0.7085427947939344
http://www.forbes.com/companies/paccar/,fullcontact_570,0.9895678345772584
http://www.forbes.com/companies/allahabad-bank/,fullcontact_72,0.9333288869122178
http://www.forbes.com/companies/tata-motors/,fullcontact_718,0.9319967569968926
http://www.forbes.com/companies/t-rowe-price/,fullcontact_756,0.9137521039991778
http://www.forbes.com/companies/masco/,fullcontact_26,0.4779793429248664
http://www.forbes.com/companies/nisource/,fullcontact_543,0.9879061846285154
http://www.forbes.com/companies/atco/,fullcontact_115,0.838597953377464
http://www.forbes.com/companies/nucor/,fullcontact_554,0.8657655179665457
http://www.forbes.com/companies/weyerhaeuser/,fullcontact_816,0.8031799379782999
http://www.forbes.com/companies/anadolu-efes/,fullcontact_95,0.9817913553204608
http://www.forbes.com/companies/dexia/,fullcontact_259,0.9086785980235113
http://www.forbes.com/companies/bbt/,fullcontact_141,0.9052675246567524
http://www.forbes.com/companies/vinci/,fullcontact_796,0.9807223954022648
http://www.forbes.com/companies/nelnet/,fullcontact_532,0.8415924525422761
http://www.forbes.com/companies/kering/,fullcontact_452,0.9834324516514
http://www.forbes.com/companies/two-harbors-investment/,fullcontact_762,0.7576259275905118
http://www.forbes.com/companies/bank-of-india/,fullcontact_135,0.9086785980235113
http://www.forbes.com/companies/thomas-cook-group/,fullcontact_742,0.7382295334849359
http://www.forbes.com/companies/stanley-black-decker/,fullcontact_697,0.9413548905565212
http://www.forbes.com/companies/deutsche-post/,fullcontact_258,0.9333288869122178
http://www.forbes.com/companies/aon/,fullcontact_101,0.7724013409649882
http://www.forbes.com/companies/smiths-group/,fullcontact_685,0.8081914812631392
http://www.forbes.com/companies/subsea-7/,fullcontact_706,0.9319967569968926
http://www.forbes.com/companies/capitaland/,fullcontact_190,0.6476902510026744
http://www.forbes.com/companies/zurich-insurance-group/,fullcontact_842,0.4028742021045057
http://www.forbes.com/companies/societe-generale/,fullcontact_686,0.8398028226037085
http://www.forbes.com/companies/petrobras/,fullcontact_582,0.5962658959549666
http://www.forbes.com/companies/home-depot/,fullcontact_386,0.5398599205041367
http://www.forbes.com/companies/vallourec/,fullcontact_784,0.9808124980084856
http://www.forbes.com/companies/hsbc-holdings/,fullcontact_390,0.7748247046752983
http://www.forbes.com/companies/attijariwafa-bank/,fullcontact_118,0.7526043167773137
http://www.forbes.com/companies/autozone/,fullcontact_121,0.9879061846285154
http://www.forbes.com/companies/moodys/,fullcontact_926,0.7441219993298677
http://www.forbes.com/companies/dr-horton/,fullcontact_270,0.8267497811693025
http://www.forbes.com/companies/softbank/,fullcontact_688,0.8334227563472696
http://www.forbes.com/companies/huntsman/,fullcontact_403,0.776613558669382
http://www.forbes.com/companies/huntsman/,fullcontact_866,0.776613558669382
http://www.forbes.com/companies/merck/,fullcontact_923,0.8084522386170327
http://www.forbes.com/companies/swiss-re/,fullcontact_712,0.9814031303372084
http://www.forbes.com/companies/generali-group/,fullcontact_348,0.9791327780002952
http://www.forbes.com/companies/carmax/,fullcontact_194,0.8360365540061161
http://www.forbes.com/companies/verisign/,fullcontact_790,0.9879061846285154
http://www.forbes.com/companies/genting/,fullcontact_350,0.8583691969608382
http://www.forbes.com/companies/acciona/,fullcontact_49,0.5684801463907984
http://www.forbes.com/companies/csx/,fullcontact_244,0.8018746310453237
http://www.forbes.com/companies/principal-financial-group/,fullcontact_601,0.9879061846285154
http://www.forbes.com/companies/zenith-bank/,fullcontact_1345,0.9319967569968926
http://www.forbes.com/companies/avago-technologies/,fullcontact_122,0.5323879759841073
http://www.forbes.com/companies/hong-kong-exchanges/,fullcontact_1078,0.7387640544578815
http://www.forbes.com/companies/aegon/,fullcontact_56,0.9814031303372084
http://www.forbes.com/companies/bank-of-america/,fullcontact_134,0.950979896316396
http://www.forbes.com/companies/anz/,fullcontact_100,0.7572088109620354
http://www.forbes.com/companies/kubota/,fullcontact_468,0.486333701354349
http://www.forbes.com/companies/ecolab/,fullcontact_279,0.9319967569968926
http://www.forbes.com/companies/bilfinger/,fullcontact_153,0.9333288869122178
http://www.forbes.com/companies/tenaga-nasional/,fullcontact_1711,0.9587039198522186
http://www.forbes.com/companies/basf/,fullcontact_138,0.9052675246567524
http://www.forbes.com/companies/twitter/,fullcontact_761,0.988527387977121
http://www.forbes.com/companies/rite-aid/,fullcontact_628,0.7286058988122955
http://www.forbes.com/companies/saint-gobain/,fullcontact_638,0.9808124980084856
http://www.forbes.com/companies/union-pacific/,fullcontact_777,0.962095558892521
http://www.forbes.com/companies/wabco-holdings/,fullcontact_806,0.9679444843539576
http://www.forbes.com/companies/motorola-solutions/,fullcontact_1756,0.758673171382991
http://www.forbes.com/companies/intuit/,fullcontact_426,0.9895678345772584
http://www.forbes.com/companies/calpine/,fullcontact_185,0.988527387977121
http://www.forbes.com/companies/protective-life/,fullcontact_604,0.9285962606628844
http://www.forbes.com/companies/bank-of-china/,fullcontact_852,0.9790349561986356
http://www.forbes.com/companies/fiserv/,fullcontact_321,0.8415924525422761
http://www.forbes.com/companies/telstra/,fullcontact_730,0.7706219345368837
http://www.forbes.com/companies/monsanto/,fullcontact_518,0.8716486043079755
http://www.forbes.com/companies/eastman-chemical/,fullcontact_275,0.9661355191975428
http://www.forbes.com/companies/lloyds-banking-group/,fullcontact_482,0.8310813645060662
http://www.forbes.com/companies/perrigo/,fullcontact_581,0.538555653014692
http://www.forbes.com/companies/kpn/,fullcontact_466,0.892090793934101
http://www.forbes.com/companies/pbf-energy/,fullcontact_577,0.8081914812631392
http://www.forbes.com/companies/cardinal-health/,fullcontact_191,0.6356932544453753
http://www.forbes.com/companies/citic-pacific/,fullcontact_214,0.9801955965633712
http://www.forbes.com/companies/clorox/,fullcontact_220,0.708799482742668
http://www.forbes.com/companies/legrand/,fullcontact_474,0.9326874348083708
http://www.forbes.com/companies/ugi/,fullcontact_767,0.3387401976618764
http://www.forbes.com/companies/advance-auto-parts/,fullcontact_32,0.988527387977121
http://www.forbes.com/companies/apple/,fullcontact_102,0.9053956216667088
http://www.forbes.com/companies/shoprite-holdings/,fullcontact_669,0.3639010286180831
http://www.forbes.com/companies/cameco/,fullcontact_186,0.8191208338405466
http://www.forbes.com/companies/chevron/,fullcontact_207,0.78907616222652
http://www.forbes.com/companies/beiersdorf/,fullcontact_147,0.8809613816396626
http://www.forbes.com/companies/linkedin/,fullcontact_480,0.9879061846285154
http://www.forbes.com/companies/microsoft/,fullcontact_512,0.9879061846285154
http://www.forbes.com/companies/celanese/,fullcontact_200,0.776613558669382
http://www.forbes.com/companies/bae-systems/,fullcontact_127,0.3362144133952237
http://www.forbes.com/companies/united-utilities/,fullcontact_774,0.9841246600821828
http://www.forbes.com/companies/astrazeneca/,fullcontact_114,0.7217264184061449
http://www.forbes.com/companies/tractor-supply/,fullcontact_753,0.9661355191975428
http://www.forbes.com/companies/stryker/,fullcontact_705,0.78907616222652
http://www.forbes.com/companies/sanlam/,fullcontact_644,0.9834324516514
http://www.forbes.com/companies/bankia/,fullcontact_131,0.981977874313194
http://www.forbes.com/companies/brenntag/,fullcontact_169,0.8730350963018327
http://www.forbes.com/companies/gazprom/,fullcontact_342,0.9801955965633712
http://www.forbes.com/companies/mgm-resorts/,fullcontact_510,0.6308195544663223
http://www.forbes.com/companies/telenor/,fullcontact_728,0.7221280948079075
http://www.forbes.com/companies/northrop-grumman/,fullcontact_548,0.935853326883806
http://www.forbes.com/companies/komatsu/,fullcontact_461,0.6289031937581848
http://www.forbes.com/companies/grupo-bimbo/,fullcontact_366,0.9086785980235113
http://www.forbes.com/companies/abb/,fullcontact_43,0.7727721023074543
http://www.forbes.com/companies/henkel/,fullcontact_374,0.9319967569968926
http://www.forbes.com/companies/xl-group/,fullcontact_904,0.8251812350235288
http://www.forbes.com/companies/humana/,fullcontact_402,0.9895678345772584
http://www.forbes.com/companies/caesars-entertainment/,fullcontact_183,0.8301492602428702
http://www.forbes.com/companies/northern-trust/,fullcontact_547,0.96043478042585
http://www.forbes.com/companies/cigna/,fullcontact_213,0.8657655179665457
http://www.forbes.com/companies/bunge/,fullcontact_175,0.9874920911351766
http://www.forbes.com/companies/kimberly-clark/,fullcontact_456,0.6573659157434787
http://www.forbes.com/companies/ashland/,fullcontact_111,0.7835348177124519
http://www.forbes.com/companies/blackrock/,fullcontact_156,0.9333288869122178
http://www.forbes.com/companies/fast-retailing/,fullcontact_313,0.9673762518811918
http://www.forbes.com/companies/borgwarner/,fullcontact_1478,0.8730350963018327
http://www.forbes.com/companies/borgwarner/,fullcontact_163,0.8730350963018327
http://www.forbes.com/companies/bmw-group/,fullcontact_158,0.9086785980235113
http://www.forbes.com/companies/mastercard/,fullcontact_491,0.9879061846285154
http://www.forbes.com/companies/dicks-sporting-goods/,fullcontact_261,0.9879061846285154
http://www.forbes.com/companies/cathay-pacific/,fullcontact_198,0.9703737401199322
http://www.forbes.com/companies/tosoh/,fullcontact_748,0.8633939930856764
http://www.forbes.com/companies/turkcell/,fullcontact_759,0.5962658959549666
http://www.forbes.com/companies/inventec/,fullcontact_428,0.9333288869122178
http://www.forbes.com/companies/maybank/,fullcontact_495,0.9824350189762904
http://www.forbes.com/companies/joy-global/,fullcontact_444,0.9692538698661174
http://www.forbes.com/companies/arca-continental/,fullcontact_105,0.9808124980084856
http://www.forbes.com/companies/jyske-bank/,fullcontact_22,0.4545417239251628
http://www.forbes.com/companies/qualcomm/,fullcontact_613,0.776613558669382
http://www.forbes.com/companies/dassault-systemes/,fullcontact_40,0.9808124980084856
http://www.forbes.com/companies/pldt/,fullcontact_591,0.7344795058981918
http://www.forbes.com/companies/rio-tinto/,fullcontact_627,0.8081914812631392
http://www.forbes.com/companies/airgas/,fullcontact_63,0.8029462802282301
http://www.forbes.com/companies/pvh/,fullcontact_612,0.5850225885342699
http://www.forbes.com/companies/pvh/,fullcontact_1480,0.5850225885342699
http://www.forbes.com/companies/ncr/,fullcontact_530,0.8018746310453237
http://www.forbes.com/companies/schlumberger/,fullcontact_682,0.4425724078644609
http://www.forbes.com/companies/israel-corp/,fullcontact_432,0.9834324516514
http://www.forbes.com/companies/state-bank-of-india/,fullcontact_649,0.9086785980235113
http://www.forbes.com/companies/quanta-services/,fullcontact_614,0.8735940799944453
http://www.forbes.com/companies/dsv/,fullcontact_272,0.3301263700621684
http://www.forbes.com/companies/uralkali/,fullcontact_780,0.9333288869122178
http://www.forbes.com/companies/crh/,fullcontact_240,0.980123936574645
http://www.forbes.com/companies/maxim-integrated-products/,fullcontact_493,0.9724633415590344
http://www.forbes.com/companies/omron/,fullcontact_558,0.8633939930856764
http://www.forbes.com/companies/johnson-johnson/,fullcontact_442,0.988527387977121
http://www.forbes.com/companies/ericsson/,fullcontact_300,0.5323879759841073
http://www.forbes.com/companies/agl-resources/,fullcontact_60,0.9879061846285154
http://www.forbes.com/companies/windstream/,fullcontact_821,0.5770269919174286
http://www.forbes.com/companies/eni/,fullcontact_293,0.9770262032844896
http://www.forbes.com/companies/fluor/,fullcontact_323,0.8657655179665457
http://www.forbes.com/companies/ametek/,fullcontact_91,0.9319967569968926
http://www.forbes.com/companies/reynolds-american/,fullcontact_1238,0.3097052022848449
http://www.forbes.com/companies/western-union/,fullcontact_814,0.988527387977121
http://www.forbes.com/companies/telstra/,fullcontact_1357,0.6794796981981598
http://www.forbes.com/companies/vedanta-resources/,fullcontact_786,0.8347611442779193
http://www.forbes.com/companies/waste-management/,fullcontact_1292,0.7246670760122608
http://www.forbes.com/companies/harley-davidson/,fullcontact_370,0.7509727030406292
http://www.forbes.com/companies/teva-pharmaceutical/,fullcontact_1495,0.55580330427307
http://www.forbes.com/companies/sodexo/,fullcontact_687,0.9319967569968926
http://www.forbes.com/companies/orkla/,fullcontact_566,0.5598974024024279
http://www.forbes.com/companies/enbridge/,fullcontact_289,0.857043404748369
http://www.forbes.com/companies/kinnevik/,fullcontact_457,0.9333288869122178
http://www.forbes.com/companies/kotak-mahindra-bank/,fullcontact_464,0.9734695125803732
http://www.forbes.com/companies/fmc/,fullcontact_324,0.8018746310453237
http://www.forbes.com/companies/vale/,fullcontact_783,0.9807223954022648
http://www.forbes.com/companies/lanxess/,fullcontact_23,0.9326874348083708
http://www.forbes.com/companies/wynn-resorts/,fullcontact_831,0.4436889427670723
http://www.forbes.com/companies/fresenius/,fullcontact_330,0.4429683035585809
http://www.forbes.com/companies/nintendo/,fullcontact_541,0.9791327780002952
http://www.forbes.com/companies/eog-resources/,fullcontact_296,0.9879061846285154
http://www.forbes.com/companies/wyndham-worldwide/,fullcontact_830,0.9879061846285154
http://www.forbes.com/companies/wartsila/,fullcontact_807,0.715093849485547
http://www.forbes.com/companies/safeway/,fullcontact_636,0.6794796981981598
http://www.forbes.com/companies/national-grid/,fullcontact_527,0.9333288869122178
http://www.forbes.com/companies/alstom/,fullcontact_81,0.9834324516514
http://www.forbes.com/companies/staples/,fullcontact_698,0.988527387977121
http://www.forbes.com/companies/areva/,fullcontact_106,0.8848079698393907
http://www.forbes.com/companies/allstate/,fullcontact_78,0.685371415764039
http://www.forbes.com/companies/transcanada/,fullcontact_754,0.816982135704932
http://www.forbes.com/companies/lukoil/,fullcontact_1342,0.981977874313194
http://www.forbes.com/companies/lundbergs/,fullcontact_484,0.5866637171778084
http://www.forbes.com/companies/aramark/,fullcontact_104,0.6858667650053074
http://www.forbes.com/companies/manpower/,fullcontact_486,0.9879061846285154
http://www.forbes.com/companies/baidu/,fullcontact_128,0.9086785980235113
http://www.forbes.com/companies/facebook/,fullcontact_309,0.9879061846285154
http://www.forbes.com/companies/telefonica/,fullcontact_726,0.8462273685692403
http://www.forbes.com/companies/macys/,fullcontact_1275,0.9319967569968926
http://www.forbes.com/companies/johnson-controls/,fullcontact_443,0.877244489136145
http://www.forbes.com/companies/wilmar-international/,fullcontact_820,0.8402630012415528
http://www.forbes.com/companies/volkswagen-group/,fullcontact_802,0.9333288869122178
http://www.forbes.com/companies/wells-fargo/,fullcontact_812,0.9874920911351766
http://www.forbes.com/companies/consol-energy/,fullcontact_231,0.9689102419709076
http://www.forbes.com/companies/consol-energy/,fullcontact_1253,0.9689102419709076
http://www.forbes.com/companies/hilton-worldwide/,fullcontact_380,0.9692538698661174
http://www.forbes.com/companies/liberty-global/,fullcontact_478,0.6904187890938556
http://www.forbes.com/companies/johnson-matthey/,fullcontact_492,0.5451390212924515
http://www.forbes.com/companies/prada/,fullcontact_598,0.4851037774017723
http://www.forbes.com/companies/umicore/,fullcontact_768,0.7021651445318637
http://www.forbes.com/companies/cj-cheiljedang/,fullcontact_217,0.5643988522242042
http://www.forbes.com/companies/hess/,fullcontact_378,0.682182417395662
http://www.forbes.com/companies/akbank/,fullcontact_66,0.82262211200132
http://www.forbes.com/companies/intesa-sanpaolo/,fullcontact_425,0.7966520720399426
http://www.forbes.com/companies/wpp/,fullcontact_828,0.5609583638742248
http://www.forbes.com/companies/cr-bard/,fullcontact_236,0.6699312249643974
http://www.forbes.com/companies/wolseley/,fullcontact_826,0.9814911666338964
http://www.forbes.com/companies/orica/,fullcontact_564,0.9086785980235113
http://www.forbes.com/companies/taiwan-mobile/,fullcontact_716,0.9836847811976612
http://www.forbes.com/companies/grupo-argos/,fullcontact_363,0.9086785980235113
http://www.forbes.com/companies/wolters-kluwer/,fullcontact_37,0.9326874348083708
http://www.forbes.com/companies/thomson-reuters/,fullcontact_35,0.3686523456592004
http://www.forbes.com/companies/seadrill/,fullcontact_657,0.9333288869122178
http://www.forbes.com/companies/tripadvisor/,fullcontact_755,0.8885101134827401
http://www.forbes.com/companies/te-connectivity/,fullcontact_721,0.5643988522242042
http://www.forbes.com/companies/peugeot/,fullcontact_585,0.9326874348083708
http://www.forbes.com/companies/fedex/,fullcontact_316,0.8657655179665457
http://www.forbes.com/companies/abertis/,fullcontact_47,0.84162729948912
http://www.forbes.com/companies/signature-bank/,fullcontact_672,0.9333288869122178
http://www.forbes.com/companies/mapfre/,fullcontact_488,0.8321730995588462
http://www.forbes.com/companies/chinese-estates/,fullcontact_209,0.7528417552180917
http://www.forbes.com/companies/allianz/,fullcontact_77,0.785408385330983
http://www.forbes.com/companies/alleghany/,fullcontact_73,0.6016925115368811
http://www.forbes.com/companies/whirlpool/,fullcontact_817,0.5320906555103815
http://www.forbes.com/companies/volvo-group/,fullcontact_803,0.8311407614856098
http://www.forbes.com/companies/linde/,fullcontact_479,0.486333701354349
http://www.forbes.com/companies/delhaize-group/,fullcontact_256,0.4685075050598696
http://www.forbes.com/companies/harris/,fullcontact_18,0.8029462802282301
http://www.forbes.com/companies/nippon-express/,fullcontact_542,0.5298322489862615
http://www.forbes.com/companies/inditex/,fullcontact_414,0.84162729948912
http://www.forbes.com/companies/cbs/,fullcontact_1417,0.8018746310453237
http://www.forbes.com/companies/mcdonalds/,fullcontact_496,0.8383275284683475
http://www.forbes.com/companies/shiseido/,fullcontact_1943,0.9791327780002952
http://www.forbes.com/companies/petsmart/,fullcontact_584,0.8056082800016515
http://www.forbes.com/companies/standard-chartered/,fullcontact_1297,0.9333288869122178
http://www.forbes.com/companies/ytl/,fullcontact_838,0.418483367032028
http://www.forbes.com/companies/fujitsu/,fullcontact_335,0.556374352190687
http://www.forbes.com/companies/southern-co/,fullcontact_694,0.8910329804573485
http://www.forbes.com/companies/voestalpine/,fullcontact_801,0.7552864874795686
http://www.forbes.com/companies/public-storage/,fullcontact_610,0.9326874348083708
http://www.forbes.com/companies/time-warner-cable/,fullcontact_744,0.7946127153814675
http://www.forbes.com/companies/time-warner-cable/,fullcontact_983,0.7946127153814675
http://www.forbes.com/companies/salzgitter/,fullcontact_640,0.460831854678025
http://www.forbes.com/companies/american-tower/,fullcontact_89,0.5841297208066412
http://www.forbes.com/companies/scor/,fullcontact_655,0.9807223954022648
http://www.forbes.com/companies/talanx/,fullcontact_25,0.9319967569968926
http://www.forbes.com/companies/renault/,fullcontact_17,0.9817913553204608
http://www.forbes.com/companies/mosaic/,fullcontact_1294,0.3151937918502515
http://www.forbes.com/companies/carrefour/,fullcontact_196,0.6243108098956754
http://www.forbes.com/companies/barclays/,fullcontact_137,0.8730350963018327
http://www.forbes.com/companies/jc-penney/,fullcontact_437,0.9169676420903256
http://www.forbes.com/companies/cosan/,fullcontact_233,0.7191732593236958
http://www.forbes.com/companies/3m/,fullcontact_41,0.9868288710947906
http://www.forbes.com/companies/emc/,fullcontact_287,0.8018746310453237
http://www.forbes.com/companies/investec/,fullcontact_430,0.6880736627280055
http://www.forbes.com/companies/china-coal-energy/,fullcontact_208,0.9614157058215456
http://www.forbes.com/companies/ventas/,fullcontact_787,0.8415924525422761
http://www.forbes.com/companies/verizon-communications/,fullcontact_791,0.8362126120519747
http://www.forbes.com/companies/pentair/,fullcontact_579,0.5888769443185679
http://www.forbes.com/companies/caterpillar/,fullcontact_197,0.8730350963018327
http://www.forbes.com/companies/everest-re-group/,fullcontact_306,0.8032802881442721
http://www.forbes.com/companies/progressive/,fullcontact_602,0.8716486043079755
http://www.forbes.com/companies/ntpc/,fullcontact_553,0.7164878494839763
http://www.forbes.com/companies/chubb/,fullcontact_211,0.5685035884164352
http://www.forbes.com/companies/waters/,fullcontact_808,0.8029462802282301
http://www.forbes.com/companies/pearson/,fullcontact_578,0.6231962258943112
http://www.forbes.com/companies/anglo-american/,fullcontact_97,0.9841246600821828
http://www.forbes.com/companies/itochu/,fullcontact_434,0.3384405374536462
http://www.forbes.com/companies/gpt-group/,fullcontact_1336,0.311010308523025
http://www.forbes.com/companies/tesco/,fullcontact_737,0.9086785980235113
http://www.forbes.com/companies/cbs/,fullcontact_199,0.4484157421685701
http://www.forbes.com/companies/time-warner/,fullcontact_983,0.517832039309413
http://www.forbes.com/companies/time-warner/,fullcontact_744,0.517832039309413
http://www.forbes.com/companies/whitbread/,fullcontact_818,0.9841246600821828
http://www.forbes.com/companies/bg-group/,fullcontact_149,0.9808844260504164
http://www.forbes.com/companies/hermes-international/,fullcontact_12,0.7231669453663095
http://www.forbes.com/companies/invesco/,fullcontact_429,0.3028496780466538
http://www.forbes.com/companies/oneok/,fullcontact_559,0.8207154694466929
http://www.forbes.com/companies/unilever/,fullcontact_770,0.3942963905868753
http://www.forbes.com/companies/aryzta/,fullcontact_109,0.8817856293428249
http://www.forbes.com/companies/coca-cola/,fullcontact_222,0.7809954794251627
http://www.forbes.com/companies/mosaic/,fullcontact_521,0.5625193736106874
http://www.forbes.com/companies/doosan/,fullcontact_267,0.3264857639392735
http://www.forbes.com/companies/accenture/,fullcontact_48,0.5643988522242042
http://www.forbes.com/companies/oracle/,fullcontact_561,0.8029462802282301
http://www.forbes.com/companies/oracle/,fullcontact_1171,0.8029462802282301
http://www.forbes.com/companies/jardine-matheson/,fullcontact_436,0.6653816139571862
http://www.forbes.com/companies/brunswick/,fullcontact_174,0.6016925115368811
http://www.forbes.com/companies/priceline/,fullcontact_600,0.9879061846285154
http://www.forbes.com/companies/centrica/,fullcontact_204,0.9841246600821828
http://www.forbes.com/companies/intact-financial/,fullcontact_21,0.8561120369969748
http://www.forbes.com/companies/nitto-denko/,fullcontact_544,0.4545417239251628
http://www.forbes.com/companies/herbalife/,fullcontact_376,0.8730350963018327
http://www.forbes.com/companies/gkn/,fullcontact_355,0.5609583638742248
http://www.forbes.com/companies/adidas/,fullcontact_54,0.9319967569968926
http://www.forbes.com/companies/teck-resources/,fullcontact_723,0.8072069232828895
http://www.forbes.com/companies/pirelli-c/,fullcontact_590,0.7515579309052061
http://www.forbes.com/companies/byd/,fullcontact_180,0.4215726222381659
http://www.forbes.com/companies/netflix/,fullcontact_536,0.988527387977121
http://www.forbes.com/companies/hugo-boss/,fullcontact_401,0.9052675246567524
http://www.forbes.com/companies/ebay/,fullcontact_278,0.9874920911351766
http://www.forbes.com/companies/rakuten/,fullcontact_615,0.3161195907524037
http://www.forbes.com/companies/tui/,fullcontact_757,0.418483367032028
http://www.forbes.com/companies/avnet/,fullcontact_125,0.9874920911351766
http://www.forbes.com/companies/markel/,fullcontact_489,0.8029462802282301
http://www.forbes.com/companies/costco-wholesale/,fullcontact_863,0.935831337005898
http://www.forbes.com/companies/costco-wholesale/,fullcontact_235,0.935831337005898
http://www.forbes.com/companies/inchcape/,fullcontact_413,0.6705120044823294
http://www.forbes.com/companies/itv/,fullcontact_435,0.892090793934101
http://www.forbes.com/companies/wal-mart-stores/,fullcontact_8,0.8469555903465545
http://www.forbes.com/companies/deutsche-bank/,fullcontact_253,0.9333288869122178
http://www.forbes.com/companies/sse/,fullcontact_34,0.5609583638742248
http://www.forbes.com/companies/sistema/,fullcontact_678,0.9801955965633712
http://www.forbes.com/companies/ses/,fullcontact_659,0.8145444721959186
http://www.forbes.com/companies/siemens/,fullcontact_670,0.9326874348083708
http://www.forbes.com/companies/kajima/,fullcontact_448,0.5271038118245418
http://www.forbes.com/companies/mediatek/,fullcontact_501,0.98377229365702
http://www.forbes.com/companies/aurubis/,fullcontact_119,0.9326874348083708
http://www.forbes.com/companies/ameriprise-financial/,fullcontact_1195,0.8292618480996017
http://www.forbes.com/companies/toyota-tsusho/,fullcontact_752,0.3055972716788958
http://www.forbes.com/companies/walt-disney/,fullcontact_1256,0.8405398637652199
http://www.forbes.com/companies/amazon/,fullcontact_83,0.7896286078324285
http://www.forbes.com/companies/inter-rao/,fullcontact_424,0.9790349561986356
http://www.forbes.com/companies/erste-group-bank/,fullcontact_301,0.3114034889686164
http://www.forbes.com/companies/nike/,fullcontact_539,0.5865859555069921
http://www.forbes.com/companies/mitsubishi-heavy-industries/,fullcontact_515,0.6344887567526064
http://www.forbes.com/companies/cbs/,fullcontact_1437,0.5850225885342699
http://www.forbes.com/companies/novatek/,fullcontact_549,0.8503897190418725
http://www.forbes.com/companies/icbc/,fullcontact_408,0.97270533355298
http://www.forbes.com/companies/carnival/,fullcontact_195,0.6068837496432508
http://www.forbes.com/companies/google/,fullcontact_360,0.8797623346728486
http://www.forbes.com/companies/google/,fullcontact_919,0.8797623346728486
http://www.forbes.com/companies/google/,fullcontact_359,0.8797623346728486
http://www.forbes.com/companies/pall/,fullcontact_571,0.682182417395662
http://www.forbes.com/companies/supervalu/,fullcontact_708,0.8589656296056194
http://www.forbes.com/companies/sampo/,fullcontact_641,0.4126907449475379
http://www.forbes.com/companies/nasdaq-omx-group/,fullcontact_526,0.5211802123817254
http://www.forbes.com/companies/experian/,fullcontact_308,0.5643988522242042
http://www.forbes.com/companies/nissan-motor/,fullcontact_1836,0.8268761732654573
http://www.forbes.com/companies/exxon-mobil/,fullcontact_6,0.9169676420903256
http://www.forbes.com/companies/frontier-communications/,fullcontact_331,0.5191047918362124
http://www.forbes.com/companies/bbmg/,fullcontact_1,0.4445368672938569
http://www.forbes.com/companies/range-resources/,fullcontact_617,0.915743072865538
http://www.forbes.com/companies/lear/,fullcontact_473,0.5104704278298007
http://www.forbes.com/companies/innolux/,fullcontact_421,0.8745684078694187
http://www.forbes.com/companies/general-motors/,fullcontact_356,0.723864487871031
http://www.forbes.com/companies/general-motors/,fullcontact_1172,0.723864487871031
http://www.forbes.com/companies/mitsubishi-corp/,fullcontact_1589,0.4761583891273582
http://www.forbes.com/companies/easyjet/,fullcontact_276,0.9326874348083708
http://www.forbes.com/companies/eisai/,fullcontact_283,0.4545417239251628
http://www.forbes.com/companies/neste-oil/,fullcontact_533,0.8323310942443978
http://www.forbes.com/companies/scana/,fullcontact_651,0.7424071145217048
http://www.forbes.com/companies/constellation-brands/,fullcontact_422,0.8761907400168608
http://www.forbes.com/companies/sumitomo-electric/,fullcontact_707,0.3112443940181082
http://www.forbes.com/companies/universal-health/,fullcontact_775,0.9661355191975428
http://www.forbes.com/companies/grupo-aval/,fullcontact_365,0.40007816989349
http://www.forbes.com/companies/tenaris/,fullcontact_732,0.8822889384671924
http://www.forbes.com/companies/yahoo/,fullcontact_836,0.9123760341331846
http://www.forbes.com/companies/sap/,fullcontact_884,0.892090793934101
http://www.forbes.com/companies/wr-berkley/,fullcontact_829,0.3548615949480284
http://www.forbes.com/companies/mitsubishi-ufj-lease/,fullcontact_515,0.7624708807116153
http://www.forbes.com/companies/posco/,fullcontact_596,0.4851037774017723
http://www.forbes.com/companies/bayer/,fullcontact_139,0.9086785980235113
http://www.forbes.com/companies/coach/,fullcontact_38,0.9053956216667088
http://www.forbes.com/companies/uniqa/,fullcontact_771,0.5848607679867326
http://www.forbes.com/companies/akbank/,fullcontact_782,0.5705678158541445
http://www.forbes.com/companies/hershey/,fullcontact_377,0.9210355671496095
http://www.forbes.com/companies/target/,fullcontact_1291,0.9895678345772584
http://www.forbes.com/companies/maxis/,fullcontact_494,0.9086785980235113
http://www.forbes.com/companies/commerzbank/,fullcontact_226,0.7888824122667157
http://www.forbes.com/companies/bp/,fullcontact_166,0.7109819378412539
http://www.forbes.com/companies/ping-an-bank/,fullcontact_1516,0.8510615189046679
http://www.forbes.com/companies/walt-disney/,fullcontact_1258,0.6440078027751853
http://www.forbes.com/companies/baywa/,fullcontact_140,0.8351999450811483
http://www.forbes.com/companies/crown-holdings/,fullcontact_241,0.9377960371491524
http://www.forbes.com/companies/peugeot/,fullcontact_1459,0.6555830330025956
http://www.forbes.com/companies/total/,fullcontact_749,0.9807223954022648
http://www.forbes.com/companies/ameren/,fullcontact_87,0.7191732593236958
http://www.forbes.com/companies/industrial-bank/,fullcontact_415,0.5323879759841073
http://www.forbes.com/companies/nvidia/,fullcontact_555,0.9319967569968926
http://www.forbes.com/companies/cst-brands/,fullcontact_1520,0.3986109463142294
http://www.forbes.com/companies/olympus/,fullcontact_557,0.5598974024024279
http://www.forbes.com/companies/hitachi/,fullcontact_382,0.9326874348083708
http://www.forbes.com/companies/toyota-motor/,fullcontact_1793,0.5568524171060993
http://www.forbes.com/companies/reynolds-american/,fullcontact_624,0.421673034524027
http://www.forbes.com/companies/microsoft/,fullcontact_1116,0.8031799379782999
http://www.forbes.com/companies/garmin/,fullcontact_340,0.5630542431198609
http://www.forbes.com/companies/southern-co/,fullcontact_282,0.7641232576301432
http://www.forbes.com/companies/western-digital/,fullcontact_910,0.6207640601242207
http://www.forbes.com/companies/alfa/,fullcontact_857,0.409738948298456
http://www.forbes.com/companies/dp-world/,fullcontact_269,0.9086785980235113
http://www.forbes.com/companies/philips/,fullcontact_588,0.8187879822497157
http://www.forbes.com/companies/ball/,fullcontact_129,0.682182417395662
http://www.forbes.com/companies/ping-an-insurance/,fullcontact_1516,0.7870727489265931
http://www.forbes.com/companies/visa/,fullcontact_1247,0.9052675246567524
http://www.forbes.com/companies/sap/,fullcontact_938,0.418483367032028
http://www.forbes.com/companies/soho-china/,fullcontact_689,0.4932683440218342
http://www.forbes.com/companies/beam/,fullcontact_1196,0.9026973908854518
http://www.forbes.com/companies/kone/,fullcontact_462,0.7045011662903237
http://www.forbes.com/companies/intuitive-surgical/,fullcontact_426,0.6532042577069225
http://www.forbes.com/companies/siemens/,fullcontact_1156,0.8187879822497157
http://www.forbes.com/companies/valeo/,fullcontact_784,0.3646509032227654
http://www.forbes.com/companies/kellogg/,fullcontact_451,0.365700921148119
http://www.forbes.com/companies/bank-audi/,fullcontact_131,0.3554863607124433
http://www.forbes.com/companies/ca/,fullcontact_181,0.3014174800049648
http://www.forbes.com/companies/atos/,fullcontact_81,0.3571964565304175
http://www.forbes.com/companies/pandora/,fullcontact_573,0.556374352190687
http://www.forbes.com/companies/alfa/,fullcontact_70,0.7111060247560321
http://www.forbes.com/companies/capita/,fullcontact_189,0.5306098471554244
http://www.forbes.com/companies/jarden/,fullcontact_436,0.373176756992376
http://www.forbes.com/companies/metro-group/,fullcontact_507,0.9086785980235113
http://www.forbes.com/companies/intel/,fullcontact_423,0.3999314817526596
http://www.forbes.com/companies/tokyu/,fullcontact_746,0.6328824663685694
http://www.forbes.com/companies/alfa/,fullcontact_71,0.648582272109548
http://www.forbes.com/companies/oshkosh/,fullcontact_567,0.8187879822497157
http://www.forbes.com/companies/city-national/,fullcontact_3,0.8935445439302229
http://www.forbes.com/companies/lear/,fullcontact_975,0.7972464963148964
http://www.forbes.com/companies/hca-holdings/,fullcontact_913,0.4120465039678381
http://www.forbes.com/companies/alfa/,fullcontact_1852,0.349271252001482
http://www.forbes.com/companies/intuit/,fullcontact_427,0.365700921148119
http://www.forbes.com/companies/first-republic-bank/,fullcontact_320,0.8341578963183517
http://www.forbes.com/companies/ca/,fullcontact_38,0.3437950900465343
http://www.forbes.com/companies/charter-communications/,fullcontact_1484,0.3441259866912322
http://www.forbes.com/companies/mondi/,fullcontact_516,0.3101291574735925
http://www.forbes.com/companies/xerox/,fullcontact_1299,0.3471679715826282
http://www.forbes.com/companies/csr/,fullcontact_242,0.4215726222381659
http://www.forbes.com/companies/hyosung/,fullcontact_404,0.5091224261439568
http://www.forbes.com/companies/carefusion/,fullcontact_1806,0.3075024152169187
http://www.forbes.com/companies/united-utilities/,fullcontact_27,0.7055792379268669
http://www.forbes.com/companies/popular/,fullcontact_594,0.7385889966912353
http://www.forbes.com/companies/daimler/,fullcontact_879,0.3171529625442759
http://www.forbes.com/companies/arm-holdings/,fullcontact_108,0.3045662096449942
http://www.forbes.com/companies/davita/,fullcontact_879,0.50188430239081
http://www.forbes.com/companies/corning/,fullcontact_1012,0.3032979456711209
http://www.forbes.com/companies/scor/,fullcontact_1135,0.3211880466313233
http://www.forbes.com/companies/transocean/,fullcontact_1671,0.4013638376442967
