forbes_url,company,url,region,business_segment,asset_value,sales_figure
http://www.forbes.com/companies/icbc/,ICBC,http://www.forbes.com/companies/icbc/,China,Major Banks,3124900000000,148700000000
http://www.forbes.com/companies/china-construction-bank/,China Construction Bank,http://www.forbes.com/companies/china-construction-bank/,China,Regional Banks,2449500000000,121300000000
http://www.forbes.com/companies/agricultural-bank-of-china/,Agricultural Bank of China,http://www.forbes.com/companies/agricultural-bank-of-china/,China,Regional Banks,2405400000000,136400000000
http://www.forbes.com/companies/jpmorgan-chase/,JPMorgan Chase,http://www.forbes.com/companies/jpmorgan-chase/,United States of America,Major Banks,2435300000000,105700000000
http://www.forbes.com/companies/berkshire-hathaway/,Berkshire Hathaway,http://www.forbes.com/companies/berkshire-hathaway/,United States of America,Investment Services,493400000000,178800000000
http://www.forbes.com/companies/exxon-mobil/,Exxon Mobil,http://www.forbes.com/companies/exxon-mobil/,United States of America,Oil & Gas Operations,346800000000,394000000000
http://www.forbes.com/companies/general-electric/,General Electric,http://www.forbes.com/companies/general-electric/,United States of America,Conglomerates,656600000000,143300000000
http://www.forbes.com/companies/wells-fargo/,Wells Fargo,http://www.forbes.com/companies/wells-fargo/,United States of America,Major Banks,1543000000000,88700000000
http://www.forbes.com/companies/bank-of-china/,Bank of China,http://www.forbes.com/companies/bank-of-china/,China,Major Banks,2291800000000,105100000000
http://www.forbes.com/companies/petrochina/,PetroChina,http://www.forbes.com/companies/petrochina/,China,Oil & Gas Operations,386900000000,328500000000
http://www.forbes.com/companies/royal-dutch-shell/,Royal Dutch Shell,http://www.forbes.com/companies/royal-dutch-shell/,Netherlands,Oil & Gas Operations,357500000000,451400000000
http://www.forbes.com/companies/toyota-motor/,Toyota Motor,http://www.forbes.com/companies/toyota-motor/,Japan,Auto & Truck Manufacturers,385500000000,255600000000
http://www.forbes.com/companies/bank-of-america/,Bank of America,http://www.forbes.com/companies/bank-of-america/,United States of America,Major Banks,2113800000000,101500000000
http://www.forbes.com/companies/hsbc-holdings/,HSBC Holdings,http://www.forbes.com/companies/hsbc-holdings/,United Kingdom of Great Britain and Northern Ireland,Major Banks,2671300000000,79600000000
http://www.forbes.com/companies/apple/,Apple,http://www.forbes.com/companies/apple/,United States of America,Computer Hardware,225200000000,173800000000
http://www.forbes.com/companies/citigroup/,Citigroup,http://www.forbes.com/companies/citigroup/,United States of America,Major Banks,1883400000000,94100000000
http://www.forbes.com/companies/bp/,BP,http://www.forbes.com/companies/bp/,United Kingdom of Great Britain and Northern Ireland,Oil & Gas Operations,305700000000,379200000000
http://www.forbes.com/companies/chevron/,Chevron,http://www.forbes.com/companies/chevron/,United States of America,Oil & Gas Operations,253800000000,211800000000
http://www.forbes.com/companies/volkswagen-group/,Volkswagen Group,http://www.forbes.com/companies/volkswagen-group/,,Auto & Truck Manufacturers,446900000000,261500000000
http://www.forbes.com/companies/wal-mart-stores/,Wal-Mart Stores,http://www.forbes.com/companies/wal-mart-stores/,United States of America,Discount Stores,204800000000,476500000000
http://www.forbes.com/companies/gazprom/,Gazprom,http://www.forbes.com/companies/gazprom/,Russian Federation,Oil & Gas Operations,397200000000,164600000000
http://www.forbes.com/companies/samsung-electronics/,Samsung Electronics,http://www.forbes.com/companies/samsung-electronics/,Korea (Republic of),Semiconductors,202800000000,208900000000
http://www.forbes.com/companies/att/,AT&T,http://www.forbes.com/companies/att/,United States of America,Telecommunications services,277800000000,128800000000
http://www.forbes.com/companies/bnp-paribas/,BNP Paribas,http://www.forbes.com/companies/bnp-paribas/,France,Major Banks,2480500000000,123200000000
http://www.forbes.com/companies/total/,Total,http://www.forbes.com/companies/total/,France,Oil & Gas Operations,239100000000,227900000000
http://www.forbes.com/companies/verizon-communications/,Verizon Communications,http://www.forbes.com/companies/verizon-communications/,United States of America,Telecommunications services,274100000000,120600000000
http://www.forbes.com/companies/allianz/,Allianz,http://www.forbes.com/companies/allianz/,,Diversified Insurance,963100000000,131400000000
http://www.forbes.com/companies/china-mobile/,China Mobile,http://www.forbes.com/companies/china-mobile/,Hong Kong,Telecommunications services,192800000000,102500000000
http://www.forbes.com/companies/sinopec-china-petroleum/,Sinopec-China Petroleum,http://www.forbes.com/companies/sinopec-china-petroleum/,China,Oil & Gas Operations,228400000000,445300000000
http://www.forbes.com/companies/petrobras/,Petrobras,http://www.forbes.com/companies/petrobras/,Brazil,Oil & Gas Operations,319200000000,141200000000
http://www.forbes.com/companies/daimler/,Daimler,http://www.forbes.com/companies/daimler/,,Auto & Truck Manufacturers,232200000000,156600000000
http://www.forbes.com/companies/microsoft/,Microsoft,http://www.forbes.com/companies/microsoft/,United States of America,Software & Programming,153500000000,83300000000
http://www.forbes.com/companies/axa-group/,AXA Group,http://www.forbes.com/companies/axa-group/,France,Diversified Insurance,1018900000000,138900000000
http://www.forbes.com/companies/rosneft/,Rosneft,http://www.forbes.com/companies/rosneft/,Russian Federation,Oil & Gas Operations,229400000000,142600000000
http://www.forbes.com/companies/ibm/,IBM,http://www.forbes.com/companies/ibm/,United States of America,Computer Services,126200000000,99800000000
http://www.forbes.com/companies/nestle/,Nestle,http://www.forbes.com/companies/nestle/,Switzerland,Food Processing,135400000000,99400000000
http://www.forbes.com/companies/mitsubishi-ufj-financial/,Mitsubishi UFJ Financial,http://www.forbes.com/companies/mitsubishi-ufj-financial/,Japan,Major Banks,2458900000000,48600000000
http://www.forbes.com/companies/vodafone/,Vodafone,http://www.forbes.com/companies/vodafone/,United Kingdom of Great Britain and Northern Ireland,Telecommunications services,235600000000,65100000000
http://www.forbes.com/companies/eni/,Eni,http://www.forbes.com/companies/eni/,Italy,Oil & Gas Operations,186600000000,152700000000
http://www.forbes.com/companies/procter-gamble/,Procter & Gamble,http://www.forbes.com/companies/procter-gamble/,United States of America,Household/Personal Care,142900000000,84700000000
http://www.forbes.com/companies/johnson-johnson/,Johnson & Johnson,http://www.forbes.com/companies/johnson-johnson/,United States of America,Medical Equipment & Supplies,132700000000,71300000000
http://www.forbes.com/companies/american-international-group/,American International Group,http://www.forbes.com/companies/american-international-group/,United States of America,Diversified Insurance,540700000000,68100000000
http://www.forbes.com/companies/banco-santander/,Banco Santander,http://www.forbes.com/companies/banco-santander/,Spain,Major Banks,1537300000000,52500000000
http://www.forbes.com/companies/bhp-billiton/,BHP Billiton,http://www.forbes.com/companies/bhp-billiton/,Australia,Diversified Metals & Mining,151000000000,67700000000
http://www.forbes.com/companies/pfizer/,Pfizer,http://www.forbes.com/companies/pfizer/,United States of America,Pharmaceuticals,172100000000,52700000000
http://www.forbes.com/companies/itau-unibanco-holding/,Itaú Unibanco Holding,http://www.forbes.com/companies/itau-unibanco-holding/,Brazil,Major Banks,435400000000,67200000000
http://www.forbes.com/companies/ford-motor/,Ford Motor,http://www.forbes.com/companies/ford-motor/,United States of America,Auto & Truck Manufacturers,202000000000,146900000000
http://www.forbes.com/companies/bmw-group/,BMW Group,http://www.forbes.com/companies/bmw-group/,,Auto & Truck Manufacturers,190700000000,101000000000
http://www.forbes.com/companies/commonwealth-bank/,Commonwealth Bank,http://www.forbes.com/companies/commonwealth-bank/,Australia,Major Banks,699900000000,41500000000
http://www.forbes.com/companies/edf/,EDF,http://www.forbes.com/companies/edf/,France,Electric Utilities,353900000000,100400000000
http://www.forbes.com/companies/statoil/,Statoil,http://www.forbes.com/companies/statoil/,Norway,Oil & Gas Operations,146000000000,105200000000
http://www.forbes.com/companies/google/,Google,http://www.forbes.com/companies/google/,United States of America,Computer Services,110900000000,59700000000
http://www.forbes.com/companies/siemens/,Siemens,http://www.forbes.com/companies/siemens/,,Conglomerates,140100000000,99700000000
http://www.forbes.com/companies/novartis/,Novartis,http://www.forbes.com/companies/novartis/,Switzerland,Pharmaceuticals,126300000000,57900000000
http://www.forbes.com/companies/royal-bank-of-canada/,Royal Bank of Canada,http://www.forbes.com/companies/royal-bank-of-canada/,Canada,Major Banks,811400000000,37800000000
http://www.forbes.com/companies/sumitomo-mitsui-financial/,Sumitomo Mitsui Financial,http://www.forbes.com/companies/sumitomo-mitsui-financial/,Japan,Major Banks,1494700000000,46200000000
http://www.forbes.com/companies/comcast/,Comcast,http://www.forbes.com/companies/comcast/,United States of America,Broadcasting & Cable,158800000000,64700000000
http://www.forbes.com/companies/sberbank/,Sberbank,http://www.forbes.com/companies/sberbank/,Russian Federation,Regional Banks,554200000000,56500000000
http://www.forbes.com/companies/goldman-sachs-group/,Goldman Sachs Group,http://www.forbes.com/companies/goldman-sachs-group/,United States of America,Investment Services,911500000000,39500000000
http://www.forbes.com/companies/westpac-banking/,Westpac Banking Group,http://www.forbes.com/companies/westpac-banking/,Australia,Major Banks,651400000000,38400000000
http://www.forbes.com/companies/nippon-tel-tel/,Nippon Telegraph & Tel,http://www.forbes.com/companies/nippon-tel-tel/,Japan,Telecommunications services,189300000000,110700000000
http://www.forbes.com/companies/ping-an-insurance/,Ping An Insurance Group,http://www.forbes.com/companies/ping-an-insurance/,China,Diversified Insurance,552800000000,59000000000
http://www.forbes.com/companies/banco-bradesco/,Banco Bradesco,http://www.forbes.com/companies/banco-bradesco/,Brazil,Regional Banks,384900000000,74100000000
http://www.forbes.com/companies/anheuser-busch-inbev/,Anheuser-Busch InBev,http://www.forbes.com/companies/anheuser-busch-inbev/,Belgium,Beverages,141700000000,43200000000
http://www.forbes.com/companies/bank-of-communications/,Bank of Communications,http://www.forbes.com/companies/bank-of-communications/,China,Major Banks,942200000000,46600000000
http://www.forbes.com/companies/china-life-insurance/,China Life Insurance,http://www.forbes.com/companies/china-life-insurance/,China,Life & Health Insurance,327200000000,68400000000
http://www.forbes.com/companies/general-motors/,General Motors,http://www.forbes.com/companies/general-motors/,United States of America,Auto & Truck Manufacturers,166300000000,155400000000
http://www.forbes.com/companies/telefonica/,Telefónica,http://www.forbes.com/companies/telefonica/,Spain,Telecommunications services,163800000000,75800000000
http://www.forbes.com/companies/metlife/,MetLife,http://www.forbes.com/companies/metlife/,United States of America,Diversified Insurance,885300000000,71000000000
http://www.forbes.com/companies/honda-motor/,Honda Motor,http://www.forbes.com/companies/honda-motor/,Japan,Auto & Truck Manufacturers,147900000000,117700000000
http://www.forbes.com/companies/enel/,Enel,http://www.forbes.com/companies/enel/,Italy,Electric Utilities,226200000000,106300000000
http://www.forbes.com/companies/basf/,BASF,http://www.forbes.com/companies/basf/,,Diversified Chemicals,88700000000,98200000000
http://www.forbes.com/companies/softbank/,Softbank,http://www.forbes.com/companies/softbank/,Japan,Telecommunications services,156600000000,55600000000
http://www.forbes.com/companies/national-australia-bank/,National Australia Bank,http://www.forbes.com/companies/national-australia-bank/,Australia,Major Banks,755900000000,36900000000
http://www.forbes.com/companies/anz/,ANZ,http://www.forbes.com/companies/anz/,Australia,Major Banks,659700000000,34000000000
http://www.forbes.com/companies/td-bank-group/,TD Bank Group,http://www.forbes.com/companies/td-bank-group/,Canada,Major Banks,815200000000,31300000000
http://www.forbes.com/companies/conocophillips/,ConocoPhillips,http://www.forbes.com/companies/conocophillips/,United States of America,Oil & Gas Operations,118100000000,55600000000
http://www.forbes.com/companies/intel/,Intel,http://www.forbes.com/companies/intel/,United States of America,Semiconductors,92400000000,52700000000
http://www.forbes.com/companies/ubs/,UBS,http://www.forbes.com/companies/ubs/,Switzerland,Investment Services,1135500000000,39700000000
http://www.forbes.com/companies/hewlett-packard/,Hewlett-Packard,http://www.forbes.com/companies/hewlett-packard/,United States of America,Computer Hardware,105000000000,112100000000
http://www.forbes.com/companies/coca-cola/,Coca-Cola,http://www.forbes.com/companies/coca-cola/,United States of America,Beverages,91300000000,46300000000
http://www.forbes.com/companies/cisco-systems/,Cisco Systems,http://www.forbes.com/companies/cisco-systems/,United States of America,Communications Equipment,98400000000,47900000000
http://www.forbes.com/companies/lukoil/,LukOil,http://www.forbes.com/companies/lukoil/,Russian Federation,Oil & Gas Operations,109400000000,119200000000
http://www.forbes.com/companies/boeing/,Boeing,http://www.forbes.com/companies/boeing/,United States of America,Aerospace & Defense,92700000000,86600000000
http://www.forbes.com/companies/zurich-insurance-group/,Zurich Insurance Group,http://www.forbes.com/companies/zurich-insurance-group/,Switzerland,Diversified Insurance,397100000000,71900000000
http://www.forbes.com/companies/unitedhealth-group/,UnitedHealth Group,http://www.forbes.com/companies/unitedhealth-group/,United States of America,Managed Health Care,81900000000,122500000000
http://www.forbes.com/companies/hyundai-motor/,Hyundai Motor,http://www.forbes.com/companies/hyundai-motor/,Korea (Republic of),Auto & Truck Manufacturers,126400000000,79800000000
http://www.forbes.com/companies/sanofi/,Sanofi,http://www.forbes.com/companies/sanofi/,France,Pharmaceuticals,132400000000,43700000000
http://www.forbes.com/companies/credit-agricole/,Credit Agricole,http://www.forbes.com/companies/credit-agricole/,France,Major Banks,2117700000000,65300000000
http://www.forbes.com/companies/united-technologies/,United Technologies,http://www.forbes.com/companies/united-technologies/,United States of America,Conglomerates,90600000000,62700000000
http://www.forbes.com/companies/roche-holding/,Roche Holding,http://www.forbes.com/companies/roche-holding/,Switzerland,Pharmaceuticals,69900000000,50500000000
http://www.forbes.com/companies/munich-re/,Munich Re,http://www.forbes.com/companies/munich-re/,,Diversified Insurance,343100000000,88000000000
http://www.forbes.com/companies/pepsico/,PepsiCo,http://www.forbes.com/companies/pepsico/,United States of America,Beverages,77500000000,66400000000
http://www.forbes.com/companies/oracle/,Oracle,http://www.forbes.com/companies/oracle/,United States of America,Software & Programming,86600000000,37900000000
http://www.forbes.com/companies/bank-of-nova-scotia/,Bank of Nova Scotia,http://www.forbes.com/companies/bank-of-nova-scotia/,Canada,Major Banks,702100000000,27700000000
http://www.forbes.com/companies/cvs-caremark/,CVS Caremark,http://www.forbes.com/companies/cvs-caremark/,United States of America,Drug Retail,71500000000,126800000000
http://www.forbes.com/companies/ing-group/,ING Group,http://www.forbes.com/companies/ing-group/,Netherlands,Life & Health Insurance,1488700000000,34500000000
http://www.forbes.com/companies/saudi-basic-industries/,Saudi Basic Industries,http://www.forbes.com/companies/saudi-basic-industries/,Saudi Arabia,Diversified Chemicals,90400000000,50400000000
http://www.forbes.com/companies/merck-co/,Merck & Co,http://www.forbes.com/companies/merck-co/,United States of America,Pharmaceuticals,105600000000,44100000000
http://www.forbes.com/companies/walt-disney/,Walt Disney,http://www.forbes.com/companies/walt-disney/,United States of America,Broadcasting & Cable,83200000000,46000000000
http://www.forbes.com/companies/mizuho-financial/,Mizuho Financial,http://www.forbes.com/companies/mizuho-financial/,Japan,Major Banks,1791600000000,28500000000
http://www.forbes.com/companies/china-merchants-bank/,China Merchants Bank,http://www.forbes.com/companies/china-merchants-bank/,China,Major Banks,634700000000,32200000000
http://www.forbes.com/companies/societe-generale/,Société Générale,http://www.forbes.com/companies/societe-generale/,France,Major Banks,1702100000000,45600000000
http://www.forbes.com/companies/american-express/,American Express,http://www.forbes.com/companies/american-express/,United States of America,Consumer Financial Services,155900000000,34900000000
http://www.forbes.com/companies/banco-do-brasil/,Banco do Brasil,http://www.forbes.com/companies/banco-do-brasil/,Brazil,Major Banks,552700000000,68600000000
http://www.forbes.com/companies/morgan-stanley/,Morgan Stanley,http://www.forbes.com/companies/morgan-stanley/,United States of America,Investment Services,832700000000,40800000000
http://www.forbes.com/companies/prudential/,Prudential,http://www.forbes.com/companies/prudential/,United Kingdom of Great Britain and Northern Ireland,Life & Health Insurance,528500000000,81900000000
http://www.forbes.com/companies/cnooc/,CNOOC,http://www.forbes.com/companies/cnooc/,Hong Kong,Oil & Gas Operations,102700000000,43000000000
http://www.forbes.com/companies/rio-tinto/,Rio Tinto,http://www.forbes.com/companies/rio-tinto/,United Kingdom of Great Britain and Northern Ireland,Diversified Metals & Mining,111000000000,51200000000
http://www.forbes.com/companies/unilever/,Unilever,http://www.forbes.com/companies/unilever/,Netherlands,Food Processing,62700000000,66100000000
http://www.forbes.com/companies/nissan-motor/,Nissan Motor,http://www.forbes.com/companies/nissan-motor/,Japan,Auto & Truck Manufacturers,137200000000,104000000000
http://www.forbes.com/companies/credit-suisse-group/,Credit Suisse Group,http://www.forbes.com/companies/credit-suisse-group/,Switzerland,Investment Services,981200000000,39500000000
http://www.forbes.com/companies/eon/,E.ON,http://www.forbes.com/companies/eon/,,Electric Utilities,180100000000,162600000000
http://www.forbes.com/companies/generali-group/,Generali Group,http://www.forbes.com/companies/generali-group/,Italy,Diversified Insurance,602800000000,100500000000
http://www.forbes.com/companies/america-movil/,América Móvil,http://www.forbes.com/companies/america-movil/,Mexico,Telecommunications services,79000000000,61600000000
http://www.forbes.com/companies/glaxosmithkline/,GlaxoSmithKline,http://www.forbes.com/companies/glaxosmithkline/,United Kingdom of Great Britain and Northern Ireland,Pharmaceuticals,69700000000,41400000000
http://www.forbes.com/companies/schlumberger/,Schlumberger,http://www.forbes.com/companies/schlumberger/,United States of America,Oil Services & Equipment,67100000000,45400000000
http://www.forbes.com/companies/bbva-banco-bilbao-vizcaya/,BBVA-Banco Bilbao Vizcaya,http://www.forbes.com/companies/bbva-banco-bilbao-vizcaya/,Spain,Major Banks,802800000000,28200000000
http://www.forbes.com/companies/nordea-bank/,Nordea Bank,http://www.forbes.com/companies/nordea-bank/,Sweden,Regional Banks,868700000000,25600000000
http://www.forbes.com/companies/bayer/,Bayer,http://www.forbes.com/companies/bayer/,,Diversified Chemicals,70700000000,53300000000
http://www.forbes.com/companies/china-minsheng-banking/,China Minsheng Banking,http://www.forbes.com/companies/china-minsheng-banking/,China,Regional Banks,541200000000,34100000000
http://www.forbes.com/companies/caterpillar/,Caterpillar,http://www.forbes.com/companies/caterpillar/,United States of America,Heavy Equipment,84900000000,55700000000
http://www.forbes.com/companies/standard-chartered/,Standard Chartered,http://www.forbes.com/companies/standard-chartered/,United Kingdom of Great Britain and Northern Ireland,Major Banks,674400000000,25600000000
http://www.forbes.com/companies/china-shenhua-energy/,China Shenhua Energy,http://www.forbes.com/companies/china-shenhua-energy/,China,Diversified Metals & Mining,80400000000,42800000000
http://www.forbes.com/companies/us-bancorp/,US Bancorp,http://www.forbes.com/companies/us-bancorp/,United States of America,Major Banks,364000000000,20200000000
http://www.forbes.com/companies/mitsubishi-corp/,Mitsubishi Corp,http://www.forbes.com/companies/mitsubishi-corp/,Japan,Trading Companies,146500000000,74800000000
http://www.forbes.com/companies/dow-chemical/,Dow Chemical,http://www.forbes.com/companies/dow-chemical/,United States of America,Diversified Chemicals,69500000000,57100000000
http://www.forbes.com/companies/ecopetrol/,Ecopetrol,http://www.forbes.com/companies/ecopetrol/,Colombia,Oil & Gas Operations,68500000000,37700000000
http://www.forbes.com/companies/industrial-bank/,Industrial Bank,http://www.forbes.com/companies/industrial-bank/,China,Regional Banks,593500000000,32700000000
http://www.forbes.com/companies/shanghai-pudong-development/,Shanghai Pudong Development,http://www.forbes.com/companies/shanghai-pudong-development/,China,Regional Banks,607900000000,31700000000
http://www.forbes.com/companies/eads/,EADS,http://www.forbes.com/companies/eads/,France,Aerospace & Defense,128600000000,78700000000
http://www.forbes.com/companies/swiss-re/,Swiss Re,http://www.forbes.com/companies/swiss-re/,Switzerland,Diversified Insurance,205200000000,36800000000
http://www.forbes.com/companies/iberdrola/,Iberdrola,http://www.forbes.com/companies/iberdrola/,Spain,Electric Utilities,127300000000,43600000000
http://www.forbes.com/companies/china-citic-bank/,China Citic Bank,http://www.forbes.com/companies/china-citic-bank/,China,Regional Banks,555600000000,27800000000
http://www.forbes.com/companies/reliance-industries/,Reliance Industries,http://www.forbes.com/companies/reliance-industries/,India,Oil & Gas Operations,67200000000,72800000000
http://www.forbes.com/companies/hutchison-whampoa/,Hutchison Whampoa,http://www.forbes.com/companies/hutchison-whampoa/,Hong Kong,Conglomerates,105200000000,33000000000
http://www.forbes.com/companies/home-depot/,Home Depot,http://www.forbes.com/companies/home-depot/,United States of America,Home Improvement Retail,40500000000,78800000000
http://www.forbes.com/companies/hitachi/,Hitachi,http://www.forbes.com/companies/hitachi/,Japan,Electronics,104700000000,95700000000
http://www.forbes.com/companies/hon-hai-precision/,Hon Hai Precision,http://www.forbes.com/companies/hon-hai-precision/,"Taiwan, Province of China[a]",Electronics,68200000000,127200000000
http://www.forbes.com/companies/phillips-66/,Phillips 66,http://www.forbes.com/companies/phillips-66/,United States of America,Oil & Gas Operations,51000000000,157900000000
http://www.forbes.com/companies/capital-one-financial/,Capital One Financial,http://www.forbes.com/companies/capital-one-financial/,United States of America,Consumer Financial Services,298500000000,24200000000
http://www.forbes.com/companies/moller-maersk/,Møller-Maersk,http://www.forbes.com/companies/moller-maersk/,Denmark,Other Transportation,74500000000,47400000000
http://www.forbes.com/companies/aviva/,Aviva,http://www.forbes.com/companies/aviva/,United Kingdom of Great Britain and Northern Ireland,Life & Health Insurance,449900000000,53800000000
http://www.forbes.com/companies/france-telecom/,France Telecom,http://www.forbes.com/companies/france-telecom/,France,Telecommunications services,118300000000,54400000000
http://www.forbes.com/companies/deutsche-telekom/,Deutsche Telekom,http://www.forbes.com/companies/deutsche-telekom/,,Telecommunications services,162800000000,79800000000
http://www.forbes.com/companies/bank-of-montreal/,Bank of Montreal,http://www.forbes.com/companies/bank-of-montreal/,Canada,Major Banks,531600000000,20100000000
http://www.forbes.com/companies/vinci/,VINCI,http://www.forbes.com/companies/vinci/,France,Construction Services,86900000000,54100000000
http://www.forbes.com/companies/mondelez-international/,Mondelēz International,http://www.forbes.com/companies/mondelez-international/,United States of America,Food Processing,72600000000,35300000000
http://www.forbes.com/companies/suncor-energy/,Suncor Energy,http://www.forbes.com/companies/suncor-energy/,Canada,Oil & Gas Operations,73700000000,38400000000
http://www.forbes.com/companies/china-telecom/,China Telecom,http://www.forbes.com/companies/china-telecom/,China,Telecommunications services,89700000000,52300000000
http://www.forbes.com/companies/occidental-petroleum/,Occidental Petroleum,http://www.forbes.com/companies/occidental-petroleum/,United States of America,Oil & Gas Operations,70900000000,24400000000
http://www.forbes.com/companies/twenty-first-century-fox-inc/,"Twenty-First Century Fox, Inc.",http://www.forbes.com/companies/twenty-first-century-fox-inc/,United States of America,,53300000000,32000000000
http://www.forbes.com/companies/mitsui-co/,Mitsui & Co,http://www.forbes.com/companies/mitsui-co/,Japan,Trading Companies,106700000000,58100000000
http://www.forbes.com/companies/qualcomm/,Qualcomm,http://www.forbes.com/companies/qualcomm/,United States of America,Semiconductors,46300000000,25500000000
http://www.forbes.com/companies/state-bank-of-india/,State Bank of India,http://www.forbes.com/companies/state-bank-of-india/,India,Regional Banks,376800000000,37100000000
http://www.forbes.com/companies/time-warner/,Time Warner,http://www.forbes.com/companies/time-warner/,United States of America,Broadcasting & Cable,69900000000,29800000000
http://www.forbes.com/companies/philip-morris-international/,Philip Morris International,http://www.forbes.com/companies/philip-morris-international/,United States of America,Tobacco,38200000000,30900000000
http://www.forbes.com/companies/honeywell-international/,Honeywell International,http://www.forbes.com/companies/honeywell-international/,United States of America,Conglomerates,45400000000,39100000000
http://www.forbes.com/companies/express-scripts/,Express Scripts,http://www.forbes.com/companies/express-scripts/,United States of America,Healthcare Services,53500000000,104200000000
http://www.forbes.com/companies/united-parcel-service/,United Parcel Service,http://www.forbes.com/companies/united-parcel-service/,United States of America,Air Courier,36200000000,55500000000
http://www.forbes.com/companies/barclays/,Barclays,http://www.forbes.com/companies/barclays/,United Kingdom of Great Britain and Northern Ireland,Major Banks,2173400000000,55000000000
http://www.forbes.com/companies/pnc-financial-services/,PNC Financial Services,http://www.forbes.com/companies/pnc-financial-services/,United States of America,Regional Banks,324100000000,16500000000
http://www.forbes.com/companies/deutsche-post/,Deutsche Post,http://www.forbes.com/companies/deutsche-post/,,Air Courier,48900000000,73100000000
http://www.forbes.com/companies/aia-group/,AIA Group,http://www.forbes.com/companies/aia-group/,Hong Kong,Life & Health Insurance,145200000000,20700000000
http://www.forbes.com/companies/duke-energy/,Duke Energy,http://www.forbes.com/companies/duke-energy/,United States of America,Electric Utilities,114800000000,24600000000
http://www.forbes.com/companies/delta-air-lines/,Delta Air Lines,http://www.forbes.com/companies/delta-air-lines/,United States of America,Airline,59400000000,37700000000
http://www.forbes.com/companies/deutsche-bank/,Deutsche Bank,http://www.forbes.com/companies/deutsche-bank/,,Major Banks,2220400000000,61100000000
http://www.forbes.com/companies/national-grid/,National Grid,http://www.forbes.com/companies/national-grid/,United Kingdom of Great Britain and Northern Ireland,Natural Gas Utilities,83900000000,23400000000
http://www.forbes.com/companies/abb/,ABB,http://www.forbes.com/companies/abb/,Switzerland,Conglomerates,48400000000,41800000000
http://www.forbes.com/companies/amgen/,Amgen,http://www.forbes.com/companies/amgen/,United States of America,Biotechs,66100000000,18700000000
http://www.forbes.com/companies/ei-du-pont-de-nemours/,EI du Pont de Nemours,http://www.forbes.com/companies/ei-du-pont-de-nemours/,United States of America,Diversified Chemicals,51500000000,35900000000
http://www.forbes.com/companies/loreal-group/,L'Oréal Group,http://www.forbes.com/companies/loreal-group/,France,Household/Personal Care,43100000000,30500000000
http://www.forbes.com/companies/manulife-financial/,Manulife Financial,http://www.forbes.com/companies/manulife-financial/,Canada,Life & Health Insurance,467000000000,17600000000
http://www.forbes.com/companies/british-american-tobacco/,British American Tobacco,http://www.forbes.com/companies/british-american-tobacco/,United Kingdom of Great Britain and Northern Ireland,Tobacco,44500000000,23900000000
http://www.forbes.com/companies/saic-motor/,SAIC Motor,http://www.forbes.com/companies/saic-motor/,China,Auto & Truck Manufacturers,56400000000,88300000000
http://www.forbes.com/companies/oil-natural-gas/,Oil & Natural Gas,http://www.forbes.com/companies/oil-natural-gas/,India,Oil & Gas Operations,53800000000,29600000000
http://www.forbes.com/companies/walgreen/,Walgreen,http://www.forbes.com/companies/walgreen/,United States of America,Drug Retail,37100000000,74200000000
http://www.forbes.com/companies/kddi/,KDDI,http://www.forbes.com/companies/kddi/,Japan,Telecommunications services,46100000000,42300000000
http://www.forbes.com/companies/valero-energy/,Valero Energy,http://www.forbes.com/companies/valero-energy/,United States of America,Oil & Gas Operations,47300000000,138100000000
http://www.forbes.com/companies/ptt-pcl/,PTT PCL,http://www.forbes.com/companies/ptt-pcl/,Thailand,Oil & Gas Operations,54800000000,92500000000
http://www.forbes.com/companies/travelers-cos/,Travelers Cos,http://www.forbes.com/companies/travelers-cos/,United States of America,Property & Casualty Insurance,105600000000,26200000000
http://www.forbes.com/companies/canadian-imperial-bank/,Canadian Imperial Bank,http://www.forbes.com/companies/canadian-imperial-bank/,Canada,Major Banks,359600000000,16700000000
http://www.forbes.com/companies/astrazeneca/,AstraZeneca,http://www.forbes.com/companies/astrazeneca/,United Kingdom of Great Britain and Northern Ireland,Pharmaceuticals,55900000000,25700000000
http://www.forbes.com/companies/deere-co/,Deere & Co,http://www.forbes.com/companies/deere-co/,United States of America,Heavy Equipment,57700000000,38000000000
http://www.forbes.com/companies/union-pacific/,Union Pacific,http://www.forbes.com/companies/union-pacific/,United States of America,Railroads,49700000000,22000000000
http://www.forbes.com/companies/mcdonalds/,McDonald's,http://www.forbes.com/companies/mcdonalds/,United States of America,Restaurants,36600000000,28100000000
http://www.forbes.com/companies/wellpoint/,WellPoint,http://www.forbes.com/companies/wellpoint/,United States of America,Managed Health Care,59600000000,71500000000
http://www.forbes.com/companies/aflac/,Aflac,http://www.forbes.com/companies/aflac/,United States of America,Life & Health Insurance,124300000000,24100000000
http://www.forbes.com/companies/tokio-marine-holdings/,Tokio Marine Holdings,http://www.forbes.com/companies/tokio-marine-holdings/,Japan,Property & Casualty Insurance,181200000000,42700000000
http://www.forbes.com/companies/taiwan-semiconductor/,Taiwan Semiconductor,http://www.forbes.com/companies/taiwan-semiconductor/,"Taiwan, Province of China[a]",Semiconductors,42400000000,20100000000
http://www.forbes.com/companies/legal-general-group/,Legal & General Group,http://www.forbes.com/companies/legal-general-group/,United Kingdom of Great Britain and Northern Ireland,Life & Health Insurance,596700000000,61200000000
http://www.forbes.com/companies/christian-dior/,Christian Dior,http://www.forbes.com/companies/christian-dior/,France,Apparel/Accessories,82900000000,38400000000
http://www.forbes.com/companies/china-unicom/,China Unicom,http://www.forbes.com/companies/china-unicom/,Hong Kong,Telecommunications services,87500000000,48000000000
http://www.forbes.com/companies/3m/,3M,http://www.forbes.com/companies/3m/,United States of America,Conglomerates,33600000000,30900000000
http://www.forbes.com/companies/allstate/,Allstate,http://www.forbes.com/companies/allstate/,United States of America,Diversified Insurance,123500000000,34200000000
http://www.forbes.com/companies/schneider-electric/,Schneider Electric,http://www.forbes.com/companies/schneider-electric/,France,Electrical Equipment,51000000000,31300000000
http://www.forbes.com/companies/dnb/,DNB,http://www.forbes.com/companies/dnb/,Norway,Regional Banks,393900000000,16800000000
http://www.forbes.com/companies/lockheed-martin/,Lockheed Martin,http://www.forbes.com/companies/lockheed-martin/,United States of America,Aerospace & Defense,36200000000,45400000000
http://www.forbes.com/companies/surgutneftegas/,Surgutneftegas,http://www.forbes.com/companies/surgutneftegas/,Russian Federation,Oil & Gas Operations,68800000000,26900000000
http://www.forbes.com/companies/target/,Target,http://www.forbes.com/companies/target/,United States of America,Discount Stores,44600000000,72600000000
http://www.forbes.com/companies/ace/,ACE,http://www.forbes.com/companies/ace/,Switzerland,Diversified Insurance,96300000000,18900000000
http://www.forbes.com/companies/denso/,Denso,http://www.forbes.com/companies/denso/,Japan,Auto & Truck Parts,41300000000,41300000000
http://www.forbes.com/companies/nomura-holdings/,Nomura Holdings,http://www.forbes.com/companies/nomura-holdings/,Japan,Investment Services,415200000000,21500000000
http://www.forbes.com/companies/nippon-steel-sumitomo-metal/,Nippon Steel & Sumitomo Metal,http://www.forbes.com/companies/nippon-steel-sumitomo-metal/,Japan,Iron & Steel,67500000000,54800000000
http://www.forbes.com/companies/wesfarmers/,Wesfarmers,http://www.forbes.com/companies/wesfarmers/,Australia,Food Retail,39300000000,58500000000
http://www.forbes.com/companies/china-everbright-bank/,China Everbright Bank,http://www.forbes.com/companies/china-everbright-bank/,China,Regional Banks,404200000000,21200000000
http://www.forbes.com/companies/sap/,SAP,http://www.forbes.com/companies/sap/,,Software & Programming,37300000000,22300000000
http://www.forbes.com/companies/jardine-matheson/,Jardine Matheson,http://www.forbes.com/companies/jardine-matheson/,Hong Kong,Conglomerates,63800000000,39500000000
http://www.forbes.com/companies/japan-tobacco/,Japan Tobacco,http://www.forbes.com/companies/japan-tobacco/,Japan,Tobacco,41800000000,23500000000
http://www.forbes.com/companies/bg-group/,BG Group,http://www.forbes.com/companies/bg-group/,United Kingdom of Great Britain and Northern Ireland,Oil & Gas Operations,66000000000,19200000000
http://www.forbes.com/companies/itochu/,Itochu,http://www.forbes.com/companies/itochu/,Japan,Trading Companies,76800000000,55000000000
http://www.forbes.com/companies/carrefour/,Carrefour,http://www.forbes.com/companies/carrefour/,France,Food Retail,60000000000,99400000000
http://www.forbes.com/companies/sabmiller/,SABMiller,http://www.forbes.com/companies/sabmiller/,United Kingdom of Great Britain and Northern Ireland,Beverages,53700000000,17500000000
http://www.forbes.com/companies/bank-of-ny-mellon/,Bank of New York Mellon,http://www.forbes.com/companies/bank-of-ny-mellon/,United States of America,Major Banks,374300000000,15100000000
http://www.forbes.com/companies/continental/,Continental,http://www.forbes.com/companies/continental/,,Auto & Truck Parts,37000000000,44300000000
http://www.forbes.com/companies/emc/,EMC,http://www.forbes.com/companies/emc/,United States of America,Computer Storage Devices,45800000000,23200000000
http://www.forbes.com/companies/costco-wholesale/,Costco Wholesale,http://www.forbes.com/companies/costco-wholesale/,United States of America,Discount Stores,31600000000,107900000000
http://www.forbes.com/companies/bt-group/,BT Group,http://www.forbes.com/companies/bt-group/,United Kingdom of Great Britain and Northern Ireland,Telecommunications services,39900000000,28600000000
http://www.forbes.com/companies/eli-lilly-co/,Eli Lilly & Co,http://www.forbes.com/companies/eli-lilly-co/,United States of America,Pharmaceuticals,35200000000,23100000000
http://www.forbes.com/companies/seven-i-holdings/,Seven & I Holdings,http://www.forbes.com/companies/seven-i-holdings/,Japan,Food Retail,46400000000,57300000000
http://www.forbes.com/companies/canon/,Canon,http://www.forbes.com/companies/canon/,Japan,Business Products & Supplies,40400000000,38200000000
http://www.forbes.com/companies/lowes-cos/,Lowe's Cos,http://www.forbes.com/companies/lowes-cos/,United States of America,Home Improvement Retail,32700000000,53400000000
http://www.forbes.com/companies/china-state-construction/,China State Construction,http://www.forbes.com/companies/china-state-construction/,China,Construction Services,123400000000,88100000000
http://www.forbes.com/companies/freeport-mcmoran-copper/,Freeport-McMoRan Copper,http://www.forbes.com/companies/freeport-mcmoran-copper/,United States of America,Diversified Metals & Mining,63500000000,21600000000
http://www.forbes.com/companies/telstra/,Telstra,http://www.forbes.com/companies/telstra/,Australia,Telecommunications services,35600000000,24700000000
http://www.forbes.com/companies/lyondellbasell-industries/,LyondellBasell Industries,http://www.forbes.com/companies/lyondellbasell-industries/,Netherlands,Diversified Chemicals,27300000000,44100000000
http://www.forbes.com/companies/china-pacific-insurance/,China Pacific Insurance,http://www.forbes.com/companies/china-pacific-insurance/,China,Life & Health Insurance,118600000000,33200000000
http://www.forbes.com/companies/diageo/,Diageo,http://www.forbes.com/companies/diageo/,United Kingdom of Great Britain and Northern Ireland,Beverages,40200000000,17700000000
http://www.forbes.com/companies/abbott-laboratories/,Abbott Laboratories,http://www.forbes.com/companies/abbott-laboratories/,United States of America,Pharmaceuticals,43000000000,21800000000
http://www.forbes.com/companies/gas-natural-fenosa/,Gas Natural Fenosa,http://www.forbes.com/companies/gas-natural-fenosa/,Spain,Natural Gas Utilities,61900000000,33100000000
http://www.forbes.com/companies/danske-bank/,Danske Bank,http://www.forbes.com/companies/danske-bank/,Denmark,Major Banks,596000000000,20800000000
http://www.forbes.com/companies/aetna/,Aetna,http://www.forbes.com/companies/aetna/,United States of America,Managed Health Care,49900000000,47300000000
http://www.forbes.com/companies/sony/,Sony,http://www.forbes.com/companies/sony/,Japan,Consumer Electronics,148900000000,78200000000
http://www.forbes.com/companies/aegon/,Aegon,http://www.forbes.com/companies/aegon/,Netherlands,Diversified Insurance,473000000000,40200000000
http://www.forbes.com/companies/ericsson/,Ericsson,http://www.forbes.com/companies/ericsson/,Sweden,Communications Equipment,41900000000,34900000000
http://www.forbes.com/companies/posco/,Posco,http://www.forbes.com/companies/posco/,Korea (Republic of),Iron & Steel,80000000000,56500000000
http://www.forbes.com/companies/east-japan-railway/,East Japan Railway,http://www.forbes.com/companies/east-japan-railway/,Japan,Railroads,68800000000,27700000000
http://www.forbes.com/companies/brookfield-asset-management/,Brookfield Asset Management,http://www.forbes.com/companies/brookfield-asset-management/,Canada,Real Estate,112700000000,20800000000
http://www.forbes.com/companies/altria-group/,Altria Group,http://www.forbes.com/companies/altria-group/,United States of America,Tobacco,34900000000,17700000000
http://www.forbes.com/companies/blackrock/,BlackRock,http://www.forbes.com/companies/blackrock/,United States of America,Investment Services,220600000000,10400000000
http://www.forbes.com/companies/exelon/,Exelon,http://www.forbes.com/companies/exelon/,United States of America,Electric Utilities,79900000000,24600000000
http://www.forbes.com/companies/danone/,Danone,http://www.forbes.com/companies/danone/,France,Food Processing,42600000000,28300000000
http://www.forbes.com/companies/archer-daniels-midland/,Archer Daniels Midland,http://www.forbes.com/companies/archer-daniels-midland/,United States of America,Food Processing,43800000000,89700000000
http://www.forbes.com/companies/mckesson/,McKesson,http://www.forbes.com/companies/mckesson/,United States of America,Pharmaceuticals,36500000000,130100000000
http://www.forbes.com/companies/heineken-holding/,Heineken Holding,http://www.forbes.com/companies/heineken-holding/,Netherlands,Beverages,45900000000,25500000000
http://www.forbes.com/companies/panasonic/,Panasonic,http://www.forbes.com/companies/panasonic/,Japan,Consumer Electronics,52100000000,77300000000
http://www.forbes.com/companies/hess/,Hess,http://www.forbes.com/companies/hess/,United States of America,Oil & Gas Operations,42800000000,22200000000
http://www.forbes.com/companies/peoples-insurance-company/,People's Insurance Company,http://www.forbes.com/companies/peoples-insurance-company/,China,Property & Casualty Insurance,114900000000,42300000000
http://www.forbes.com/companies/shinhan-financial-group/,Shinhan Financial Group,http://www.forbes.com/companies/shinhan-financial-group/,Korea (Republic of),Investment Services,295000000000,19600000000
http://www.forbes.com/companies/ebay/,eBay,http://www.forbes.com/companies/ebay/,United States of America,Internet & Catalog Retail,41500000000,16000000000
http://www.forbes.com/companies/natixis/,Natixis,http://www.forbes.com/companies/natixis/,France,Major Banks,702900000000,21600000000
http://www.forbes.com/companies/time-warner-cable/,Time Warner Cable,http://www.forbes.com/companies/time-warner-cable/,United States of America,Broadcasting & Cable,48300000000,22100000000
http://www.forbes.com/companies/general-dynamics/,General Dynamics,http://www.forbes.com/companies/general-dynamics/,United States of America,Aerospace & Defense,35400000000,31200000000
http://www.forbes.com/companies/abbvie/,AbbVie,http://www.forbes.com/companies/abbvie/,United States of America,Pharmaceuticals,29200000000,18800000000
http://www.forbes.com/companies/medtronic/,Medtronic,http://www.forbes.com/companies/medtronic/,United States of America,Medical Equipment & Supplies,37200000000,16900000000
http://www.forbes.com/companies/exor/,EXOR,http://www.forbes.com/companies/exor/,Italy,Investment Services,170700000000,143700000000
http://www.forbes.com/companies/bristol-myers-squibb/,Bristol-Myers Squibb,http://www.forbes.com/companies/bristol-myers-squibb/,United States of America,Pharmaceuticals,38600000000,16400000000
http://www.forbes.com/companies/kia-motors/,KIA Motors,http://www.forbes.com/companies/kia-motors/,Korea (Republic of),Auto & Truck Manufacturers,34300000000,43500000000
http://www.forbes.com/companies/seb/,SEB,http://www.forbes.com/companies/seb/,Sweden,Major Banks,386900000000,11900000000
http://www.forbes.com/companies/kbc-group/,KBC Group,http://www.forbes.com/companies/kbc-group/,Belgium,Major Banks,338800000000,17200000000
http://www.forbes.com/companies/fedex/,FedEx,http://www.forbes.com/companies/fedex/,United States of America,Air Courier,32700000000,45200000000
http://www.forbes.com/companies/renault/,Renault,http://www.forbes.com/companies/renault/,France,Auto & Truck Manufacturers,103300000000,54300000000
http://www.forbes.com/companies/vtb-bank/,VTB Bank,http://www.forbes.com/companies/vtb-bank/,Russian Federation,Regional Banks,262000000000,22800000000
http://www.forbes.com/companies/sumitomo-corp/,Sumitomo Corp,http://www.forbes.com/companies/sumitomo-corp/,Japan,Trading Companies,81100000000,33200000000
http://www.forbes.com/companies/cnp-assurances/,CNP Assurances,http://www.forbes.com/companies/cnp-assurances/,France,Diversified Insurance,455100000000,36200000000
http://www.forbes.com/companies/msad-insurance/,MS&AD Insurance,http://www.forbes.com/companies/msad-insurance/,Japan,Property & Casualty Insurance,160800000000,45800000000
http://www.forbes.com/companies/hyundai-mobis/,Hyundai Mobis,http://www.forbes.com/companies/hyundai-mobis/,Korea (Republic of),Auto & Truck Parts,32600000000,31200000000
http://www.forbes.com/companies/halliburton/,Halliburton,http://www.forbes.com/companies/halliburton/,United States of America,Oil Services & Equipment,29200000000,29400000000
http://www.forbes.com/companies/danaher/,Danaher,http://www.forbes.com/companies/danaher/,United States of America,Conglomerates,34700000000,19100000000
http://www.forbes.com/companies/apache/,Apache,http://www.forbes.com/companies/apache/,United States of America,Oil & Gas Operations,61600000000,16500000000
http://www.forbes.com/companies/sun-life-financial/,Sun Life Financial,http://www.forbes.com/companies/sun-life-financial/,Canada,Life & Health Insurance,184400000000,17900000000
http://www.forbes.com/companies/marathon-petroleum/,Marathon Petroleum,http://www.forbes.com/companies/marathon-petroleum/,United States of America,Oil & Gas Operations,28400000000,93900000000
http://www.forbes.com/companies/southern-co/,Southern Co,http://www.forbes.com/companies/southern-co/,United States of America,Electric Utilities,64500000000,17100000000
http://www.forbes.com/companies/ping-an-bank/,Ping An Bank,http://www.forbes.com/companies/ping-an-bank/,China,Regional Banks,312500000000,17100000000
http://www.forbes.com/companies/linde/,Linde,http://www.forbes.com/companies/linde/,,Diversified Chemicals,45100000000,22100000000
http://www.forbes.com/companies/nextera-energy/,NextEra Energy,http://www.forbes.com/companies/nextera-energy/,United States of America,Electric Utilities,69300000000,14600000000
http://www.forbes.com/companies/saint-gobain/,Saint-Gobain,http://www.forbes.com/companies/saint-gobain/,France,Construction Materials,63000000000,55500000000
http://www.forbes.com/companies/canadian-natural-resources/,Canadian Natural Resources,http://www.forbes.com/companies/canadian-natural-resources/,Canada,Oil & Gas Operations,50400000000,15700000000
http://www.forbes.com/companies/transneft/,Transneft,http://www.forbes.com/companies/transneft/,Russian Federation,Oil Services & Equipment,65900000000,23700000000
http://www.forbes.com/companies/visa/,Visa,http://www.forbes.com/companies/visa/,United States of America,Consumer Financial Services,36200000000,12100000000
http://www.forbes.com/companies/rolls-royce-holdings/,Rolls-Royce Holdings,http://www.forbes.com/companies/rolls-royce-holdings/,United Kingdom of Great Britain and Northern Ireland,Aerospace & Defense,38200000000,24200000000
http://www.forbes.com/companies/jx-holdings/,JX Holdings,http://www.forbes.com/companies/jx-holdings/,Japan,Oil & Gas Operations,76300000000,124600000000
http://www.forbes.com/companies/imperial-tobacco-group/,Imperial Tobacco Group,http://www.forbes.com/companies/imperial-tobacco-group/,United Kingdom of Great Britain and Northern Ireland,Tobacco,46000000000,22800000000
http://www.forbes.com/companies/woolworths/,Woolworths,http://www.forbes.com/companies/woolworths/,Australia,Food Retail,21700000000,58300000000
http://www.forbes.com/companies/bridgestone/,Bridgestone,http://www.forbes.com/companies/bridgestone/,Japan,Auto & Truck Parts,34000000000,36500000000
http://www.forbes.com/companies/cigna/,Cigna,http://www.forbes.com/companies/cigna/,United States of America,Managed Health Care,55500000000,32400000000
http://www.forbes.com/companies/standard-bank-group/,Standard Bank Group,http://www.forbes.com/companies/standard-bank-group/,South Africa,Major Banks,161400000000,16400000000
http://www.forbes.com/companies/dbs-group/,DBS Group,http://www.forbes.com/companies/dbs-group/,Singapore,Major Banks,318400000000,9400000000
http://www.forbes.com/companies/svenska-handelsbanken/,Svenska Handelsbanken,http://www.forbes.com/companies/svenska-handelsbanken/,Sweden,Major Banks,387700000000,10100000000
http://www.forbes.com/companies/bce/,BCE,http://www.forbes.com/companies/bce/,Canada,Telecommunications services,42700000000,19800000000
http://www.forbes.com/companies/centrica/,Centrica,http://www.forbes.com/companies/centrica/,United Kingdom of Great Britain and Northern Ireland,Natural Gas Utilities,38800000000,41500000000
http://www.forbes.com/companies/national-oilwell-varco/,National Oilwell Varco,http://www.forbes.com/companies/national-oilwell-varco/,United States of America,Oil Services & Equipment,34800000000,22900000000
http://www.forbes.com/companies/air-liquide/,Air Liquide,http://www.forbes.com/companies/air-liquide/,France,Specialized Chemicals,34600000000,20200000000
http://www.forbes.com/companies/teva-pharmaceutical/,Teva Pharmaceutical Inds,http://www.forbes.com/companies/teva-pharmaceutical/,Israel,Pharmaceuticals,47500000000,20300000000
http://www.forbes.com/companies/old-mutual/,Old Mutual,http://www.forbes.com/companies/old-mutual/,United Kingdom of Great Britain and Northern Ireland,Investment Services,229300000000,31000000000
http://www.forbes.com/companies/philips/,Philips,http://www.forbes.com/companies/philips/,Netherlands,Conglomerates,36600000000,31000000000
http://www.forbes.com/companies/swedbank/,Swedbank,http://www.forbes.com/companies/swedbank/,Sweden,Major Banks,283500000000,10700000000
http://www.forbes.com/companies/oversea-chinese-banking/,Oversea-Chinese Banking,http://www.forbes.com/companies/oversea-chinese-banking/,Singapore,Regional Banks,268100000000,11100000000
http://www.forbes.com/companies/eaton/,Eaton,http://www.forbes.com/companies/eaton/,Ireland,Other Industrial Equipment,35500000000,22000000000
http://www.forbes.com/companies/directv/,Directv,http://www.forbes.com/companies/directv/,United States of America,Broadcasting & Cable,21900000000,31800000000
http://www.forbes.com/companies/dai-ichi-life-insurance/,Dai-ichi Life Insurance,http://www.forbes.com/companies/dai-ichi-life-insurance/,Japan,Life & Health Insurance,356300000000,58100000000
http://www.forbes.com/companies/marubeni/,Marubeni,http://www.forbes.com/companies/marubeni/,Japan,Trading Companies,68400000000,66000000000
http://www.forbes.com/companies/fresenius/,Fresenius,http://www.forbes.com/companies/fresenius/,,Medical Equipment & Supplies,45100000000,27000000000
http://www.forbes.com/companies/icici-bank/,ICICI Bank,http://www.forbes.com/companies/icici-bank/,India,Regional Banks,124200000000,13300000000
http://www.forbes.com/companies/china-vanke/,China Vanke,http://www.forbes.com/companies/china-vanke/,China,Real Estate,79200000000,22000000000
http://www.forbes.com/companies/china-communications-construction/,China Communications Construction,http://www.forbes.com/companies/china-communications-construction/,China,Construction Services,85600000000,52800000000
http://www.forbes.com/companies/state-street/,State Street,http://www.forbes.com/companies/state-street/,United States of America,Investment Services,243300000000,9700000000
http://www.forbes.com/companies/central-japan-railway/,Central Japan Railway,http://www.forbes.com/companies/central-japan-railway/,Japan,Railroads,50600000000,16700000000
http://www.forbes.com/companies/kroger/,Kroger,http://www.forbes.com/companies/kroger/,United States of America,Food Retail,29300000000,98500000000
http://www.forbes.com/companies/johnson-controls/,Johnson Controls,http://www.forbes.com/companies/johnson-controls/,United States of America,Auto & Truck Parts,30800000000,43200000000
http://www.forbes.com/companies/china-railway-construction/,China Railway Construction,http://www.forbes.com/companies/china-railway-construction/,China,Construction Services,87500000000,89900000000
http://www.forbes.com/companies/henkel/,Henkel,http://www.forbes.com/companies/henkel/,,Household/Personal Care,26700000000,21700000000
http://www.forbes.com/companies/inditex/,Inditex,http://www.forbes.com/companies/inditex/,Spain,Apparel/Footwear Retail,18600000000,22200000000
http://www.forbes.com/companies/emerson-electric/,Emerson Electric,http://www.forbes.com/companies/emerson-electric/,United States of America,Electrical Equipment,24100000000,24700000000
http://www.forbes.com/companies/husky-energy/,Husky Energy,http://www.forbes.com/companies/husky-energy/,Canada,Oil & Gas Operations,35600000000,22300000000
http://www.forbes.com/companies/wilmar-international/,Wilmar International,http://www.forbes.com/companies/wilmar-international/,Singapore,Food Processing,46600000000,44100000000
http://www.forbes.com/companies/teliasonera/,Teliasonera,http://www.forbes.com/companies/teliasonera/,Sweden,Telecommunications services,39400000000,15600000000
http://www.forbes.com/companies/dominion-resources/,Dominion Resources,http://www.forbes.com/companies/dominion-resources/,United States of America,Electric Utilities,50100000000,13200000000
http://www.forbes.com/companies/bbt/,BB&T,http://www.forbes.com/companies/bbt/,United States of America,Regional Banks,184500000000,10600000000
http://www.forbes.com/companies/china-railway-group/,China Railway Group,http://www.forbes.com/companies/china-railway-group/,Hong Kong,Construction Services,102300000000,85900000000
http://www.forbes.com/companies/sasol/,Sasol,http://www.forbes.com/companies/sasol/,South Africa,Diversified Chemicals,24500000000,20100000000
http://www.forbes.com/companies/nike/,NIKE,http://www.forbes.com/companies/nike/,United States of America,Apparel/Accessories,17800000000,27000000000
http://www.forbes.com/companies/kinder-morgan/,Kinder Morgan,http://www.forbes.com/companies/kinder-morgan/,United States of America,Oil Services & Equipment,75200000000,14100000000
http://www.forbes.com/companies/singtel/,SingTel,http://www.forbes.com/companies/singtel/,Singapore,Telecommunications services,30900000000,13700000000
http://www.forbes.com/companies/caixabank/,CaixaBank,http://www.forbes.com/companies/caixabank/,Spain,Regional Banks,468800000000,15900000000
http://www.forbes.com/companies/omv-group/,OMV Group,http://www.forbes.com/companies/omv-group/,Austria,Oil & Gas Operations,43800000000,56300000000
http://www.forbes.com/companies/maybank/,Maybank,http://www.forbes.com/companies/maybank/,Malaysia,Regional Banks,171100000000,9700000000
http://www.forbes.com/companies/holcim/,Holcim,http://www.forbes.com/companies/holcim/,Switzerland,Construction Materials,42700000000,21300000000
http://www.forbes.com/companies/reckitt-benckiser-group/,Reckitt Benckiser Group,http://www.forbes.com/companies/reckitt-benckiser-group/,United Kingdom of Great Britain and Northern Ireland,Household/Personal Care,25100000000,15200000000
http://www.forbes.com/companies/telenor/,Telenor,http://www.forbes.com/companies/telenor/,Norway,Telecommunications services,30600000000,17700000000
http://www.forbes.com/companies/eog-resources/,EOG Resources,http://www.forbes.com/companies/eog-resources/,United States of America,Oil & Gas Operations,30600000000,14500000000
http://www.forbes.com/companies/tata-motors/,Tata Motors,http://www.forbes.com/companies/tata-motors/,India,Auto & Truck Manufacturers,32400000000,34500000000
http://www.forbes.com/companies/power-corp-of-canada/,Power Corp of Canada,http://www.forbes.com/companies/power-corp-of-canada/,Canada,Life & Health Insurance,319900000000,31700000000
http://www.forbes.com/companies/monsanto/,Monsanto,http://www.forbes.com/companies/monsanto/,United States of America,Specialized Chemicals,23500000000,15400000000
http://www.forbes.com/companies/raytheon/,Raytheon,http://www.forbes.com/companies/raytheon/,United States of America,Aerospace & Defense,26000000000,23700000000
http://www.forbes.com/companies/sse/,SSE,http://www.forbes.com/companies/sse/,United Kingdom of Great Britain and Northern Ireland,Electric Utilities,31100000000,47500000000
http://www.forbes.com/companies/mitsubishi-heavy-industries/,Mitsubishi Heavy Industries,http://www.forbes.com/companies/mitsubishi-heavy-industries/,Japan,Heavy Equipment,41900000000,31800000000
http://www.forbes.com/companies/chubb/,Chubb,http://www.forbes.com/companies/chubb/,United States of America,Property & Casualty Insurance,52700000000,13900000000
http://www.forbes.com/companies/accenture/,Accenture,http://www.forbes.com/companies/accenture/,Ireland,Computer Services,16400000000,30600000000
http://www.forbes.com/companies/mitsubishi-electric/,Mitsubishi Electric,http://www.forbes.com/companies/mitsubishi-electric/,Japan,Electrical Equipment,32500000000,38800000000
http://www.forbes.com/companies/american-electric/,American Electric,http://www.forbes.com/companies/american-electric/,United States of America,Electric Utilities,56400000000,15300000000
http://www.forbes.com/companies/hca-holdings/,HCA Holdings,http://www.forbes.com/companies/hca-holdings/,United States of America,Healthcare Services,28800000000,34200000000
http://www.forbes.com/companies/standard-life/,Standard Life,http://www.forbes.com/companies/standard-life/,United Kingdom of Great Britain and Northern Ireland,Life & Health Insurance,295500000000,32200000000
http://www.forbes.com/companies/enbridge/,Enbridge,http://www.forbes.com/companies/enbridge/,Canada,Oil Services & Equipment,54200000000,32200000000
http://www.forbes.com/companies/northrop-grumman/,Northrop Grumman,http://www.forbes.com/companies/northrop-grumman/,United States of America,Aerospace & Defense,26400000000,24700000000
http://www.forbes.com/companies/wpp/,WPP,http://www.forbes.com/companies/wpp/,United Kingdom of Great Britain and Northern Ireland,Advertising,41400000000,17200000000
http://www.forbes.com/companies/kraft-foods-group/,Kraft Foods Group,http://www.forbes.com/companies/kraft-foods-group/,United States of America,Food Processing,23100000000,18300000000
http://www.forbes.com/companies/takeda-pharmaceutical/,Takeda Pharmaceutical,http://www.forbes.com/companies/takeda-pharmaceutical/,Japan,Pharmaceuticals,42100000000,17000000000
http://www.forbes.com/companies/discover-financial-services/,Discover Financial Services,http://www.forbes.com/companies/discover-financial-services/,United States of America,Consumer Financial Services,79600000000,9200000000
http://www.forbes.com/companies/edp-energias-de-portugal/,EDP-Energias de Portugal,http://www.forbes.com/companies/edp-energias-de-portugal/,Portugal,Electric Utilities,58800000000,21400000000
http://www.forbes.com/companies/safran/,Safran,http://www.forbes.com/companies/safran/,France,Aerospace & Defense,33000000000,19500000000
http://www.forbes.com/companies/volvo-group/,Volvo Group,http://www.forbes.com/companies/volvo-group/,Sweden,Heavy Equipment,53700000000,41800000000
http://www.forbes.com/companies/investor/,Investor,http://www.forbes.com/companies/investor/,Sweden,Investment Services,41600000000,9500000000
http://www.forbes.com/companies/sumitomo-mitsui-trust/,Sumitomo Mitsui Trust,http://www.forbes.com/companies/sumitomo-mitsui-trust/,Japan,Major Banks,400600000000,11200000000
http://www.forbes.com/companies/fannie-mae/,Fannie Mae,http://www.forbes.com/companies/fannie-mae/,United States of America,Investment Services,3270100000000,122900000000
http://www.forbes.com/companies/samsung-life-insurance/,Samsung Life Insurance,http://www.forbes.com/companies/samsung-life-insurance/,Korea (Republic of),Life & Health Insurance,182800000000,21800000000
http://www.forbes.com/companies/las-vegas-sands/,Las Vegas Sands,http://www.forbes.com/companies/las-vegas-sands/,United States of America,Casinos & Gaming,22700000000,13800000000
http://www.forbes.com/companies/baxter-international/,Baxter International,http://www.forbes.com/companies/baxter-international/,United States of America,Medical Equipment & Supplies,25900000000,15300000000
http://www.forbes.com/companies/michelin-group/,Michelin Group,http://www.forbes.com/companies/michelin-group/,France,Auto & Truck Parts,28500000000,26900000000
http://www.forbes.com/companies/anadarko-petroleum/,Anadarko Petroleum,http://www.forbes.com/companies/anadarko-petroleum/,United States of America,Oil & Gas Operations,55800000000,14900000000
http://www.forbes.com/companies/sun-hung-kai-properties/,Sun Hung Kai Properties,http://www.forbes.com/companies/sun-hung-kai-properties/,Hong Kong,Real Estate,69500000000,7100000000
http://www.forbes.com/companies/ameriprise-financial/,Ameriprise Financial,http://www.forbes.com/companies/ameriprise-financial/,United States of America,Investment Services,144600000000,11200000000
http://www.forbes.com/companies/international-paper/,International Paper,http://www.forbes.com/companies/international-paper/,United States of America,Paper & Paper Products,31500000000,29100000000
http://www.forbes.com/companies/gilead-sciences/,Gilead Sciences,http://www.forbes.com/companies/gilead-sciences/,United States of America,Biotechs,22500000000,11200000000
http://www.forbes.com/companies/huaxia-bank/,Huaxia Bank,http://www.forbes.com/companies/huaxia-bank/,China,Regional Banks,253500000000,12900000000
http://www.forbes.com/companies/kimberly-clark/,Kimberly-Clark,http://www.forbes.com/companies/kimberly-clark/,United States of America,Household/Personal Care,18900000000,21200000000
http://www.forbes.com/companies/united-overseas-bank/,United Overseas Bank,http://www.forbes.com/companies/united-overseas-bank/,Singapore,Regional Banks,225100000000,7000000000
http://www.forbes.com/companies/cbs/,CBS,http://www.forbes.com/companies/cbs/,United States of America,Broadcasting & Cable,26400000000,15300000000
http://www.forbes.com/companies/toshiba/,Toshiba,http://www.forbes.com/companies/toshiba/,Japan,Electronics,61600000000,65000000000
http://www.forbes.com/companies/kb-financial-group/,KB Financial Group,http://www.forbes.com/companies/kb-financial-group/,Korea (Republic of),Investment Services,276500000000,15800000000
http://www.forbes.com/companies/richemont/,Richemont,http://www.forbes.com/companies/richemont/,Switzerland,Specialty Stores,21100000000,13600000000
http://www.forbes.com/companies/merck/,Merck,http://www.forbes.com/companies/merck/,,Pharmaceuticals,28700000000,14700000000
http://www.forbes.com/companies/femsa/,Femsa,http://www.forbes.com/companies/femsa/,Mexico,Beverages,27400000000,20000000000
http://www.forbes.com/companies/marathon-oil/,Marathon Oil,http://www.forbes.com/companies/marathon-oil/,United States of America,Oil & Gas Operations,35800000000,14800000000
http://www.forbes.com/companies/carnival/,Carnival,http://www.forbes.com/companies/carnival/,United States of America,Hotels & Motels,40100000000,15500000000
http://www.forbes.com/companies/mapfre/,Mapfre,http://www.forbes.com/companies/mapfre/,Spain,Diversified Insurance,74100000000,27300000000
http://www.forbes.com/companies/freddie-mac/,Freddie Mac,http://www.forbes.com/companies/freddie-mac/,United States of America,Investment Services,1981800000000,62200000000
http://www.forbes.com/companies/mtn-group/,MTN Group,http://www.forbes.com/companies/mtn-group/,South Africa,Telecommunications services,21700000000,14100000000
http://www.forbes.com/companies/general-mills/,General Mills,http://www.forbes.com/companies/general-mills/,United States of America,Food Processing,22900000000,18000000000
http://www.forbes.com/companies/viacom/,Viacom,http://www.forbes.com/companies/viacom/,United States of America,Broadcasting & Cable,22800000000,13700000000
http://www.forbes.com/companies/lafarge/,Lafarge,http://www.forbes.com/companies/lafarge/,France,Construction Materials,51100000000,20200000000
http://www.forbes.com/companies/grupo-acs/,Grupo ACS,http://www.forbes.com/companies/grupo-acs/,Spain,Construction Services,54800000000,50900000000
http://www.forbes.com/companies/thermo-fisher-scientific/,Thermo Fisher Scientific,http://www.forbes.com/companies/thermo-fisher-scientific/,United States of America,Precision Healthcare Equipment,31900000000,13100000000
http://www.forbes.com/companies/sistema/,Sistema,http://www.forbes.com/companies/sistema/,Russian Federation,Telecommunications services,44400000000,35500000000
http://www.forbes.com/companies/baker-hughes/,Baker Hughes,http://www.forbes.com/companies/baker-hughes/,United States of America,Oil Services & Equipment,27900000000,22400000000
http://www.forbes.com/companies/automatic-data/,Automatic Data,http://www.forbes.com/companies/automatic-data/,United States of America,Business & Personal Services,38300000000,11700000000
http://www.forbes.com/companies/canadian-national-railway/,Canadian National Railway,http://www.forbes.com/companies/canadian-national-railway/,Canada,Railroads,28700000000,10300000000
http://www.forbes.com/companies/orix/,Orix,http://www.forbes.com/companies/orix/,Japan,Consumer Financial Services,82500000000,12000000000
http://www.forbes.com/companies/talanx/,Talanx,http://www.forbes.com/companies/talanx/,,Diversified Insurance,174000000000,36700000000
http://www.forbes.com/companies/transcanada/,TransCanada,http://www.forbes.com/companies/transcanada/,Canada,Oil Services & Equipment,53300000000,8500000000
http://www.forbes.com/companies/lloyds-banking-group/,Lloyds Banking Group,http://www.forbes.com/companies/lloyds-banking-group/,United Kingdom of Great Britain and Northern Ireland,Major Banks,1402900000000,58600000000
http://www.forbes.com/companies/isbank/,Isbank,http://www.forbes.com/companies/isbank/,Turkey,Regional Banks,114300000000,14600000000
http://www.forbes.com/companies/saudi-telecom/,Saudi Telecom,http://www.forbes.com/companies/saudi-telecom/,Saudi Arabia,Telecommunications services,23300000000,12200000000
http://www.forbes.com/companies/csx/,CSX,http://www.forbes.com/companies/csx/,United States of America,Railroads,31800000000,12000000000
http://www.forbes.com/companies/norfolk-southern/,Norfolk Southern,http://www.forbes.com/companies/norfolk-southern/,United States of America,Railroads,32900000000,11200000000
http://www.forbes.com/companies/lincoln-national/,Lincoln National,http://www.forbes.com/companies/lincoln-national/,United States of America,Life & Health Insurance,239000000000,12200000000
http://www.forbes.com/companies/macys/,Macy's,http://www.forbes.com/companies/macys/,United States of America,Department Stores,21600000000,27900000000
http://www.forbes.com/companies/pernod-ricard/,Pernod Ricard,http://www.forbes.com/companies/pernod-ricard/,France,Beverages,38300000000,10900000000
http://www.forbes.com/companies/novo-nordisk/,Novo Nordisk,http://www.forbes.com/companies/novo-nordisk/,Denmark,Pharmaceuticals,13000000000,14900000000
http://www.forbes.com/companies/cathay-financial/,Cathay Financial,http://www.forbes.com/companies/cathay-financial/,"Taiwan, Province of China[a]",Life & Health Insurance,199300000000,11000000000
http://www.forbes.com/companies/huaneng-power-international/,Huaneng Power International,http://www.forbes.com/companies/huaneng-power-international/,China,Electric Utilities,43100000000,21800000000
http://www.forbes.com/companies/royal-ahold/,Royal Ahold,http://www.forbes.com/companies/royal-ahold/,Netherlands,Food Retail,20900000000,43400000000
http://www.forbes.com/companies/suntrust-banks/,SunTrust Banks,http://www.forbes.com/companies/suntrust-banks/,United States of America,Regional Banks,175300000000,8300000000
http://www.forbes.com/companies/nksj-holdings/,NKSJ Holdings,http://www.forbes.com/companies/nksj-holdings/,Japan,Property & Casualty Insurance,90400000000,30100000000
http://www.forbes.com/companies/gdf-suez/,GDF SUEZ,http://www.forbes.com/companies/gdf-suez/,,Electric Utilities,219900000000,118600000000
http://www.forbes.com/companies/glencore-international/,Glencore International,http://www.forbes.com/companies/glencore-international/,Switzerland,Diversified Metals & Mining,154900000000,232600000000
http://www.forbes.com/companies/qatar-national-bank/,Qatar National Bank,http://www.forbes.com/companies/qatar-national-bank/,Qatar,Regional Banks,121800000000,5400000000
http://www.forbes.com/companies/sampo/,Sampo,http://www.forbes.com/companies/sampo/,Finland,Diversified Insurance,44300000000,8700000000
http://www.forbes.com/companies/magna-international/,Magna International,http://www.forbes.com/companies/magna-international/,Canada,Auto & Truck Parts,18000000000,34800000000
http://www.forbes.com/companies/komatsu/,Komatsu,http://www.forbes.com/companies/komatsu/,Japan,Heavy Equipment,25900000000,19700000000
http://www.forbes.com/companies/fubon-financial/,Fubon Financial,http://www.forbes.com/companies/fubon-financial/,"Taiwan, Province of China[a]",Investment Services,149100000000,12500000000
http://www.forbes.com/companies/inpex/,Inpex,http://www.forbes.com/companies/inpex/,Japan,Oil & Gas Operations,37700000000,13600000000
http://www.forbes.com/companies/pge/,PG&E,http://www.forbes.com/companies/pge/,United States of America,Electric Utilities,57300000000,15600000000
http://www.forbes.com/companies/garanti-bank/,Garanti Bank,http://www.forbes.com/companies/garanti-bank/,Turkey,Regional Banks,101300000000,9500000000
http://www.forbes.com/companies/illinois-tool-works/,Illinois Tool Works,http://www.forbes.com/companies/illinois-tool-works/,United States of America,Other Industrial Equipment,20000000000,15400000000
http://www.forbes.com/companies/indian-oil/,Indian Oil,http://www.forbes.com/companies/indian-oil/,India,Oil & Gas Operations,43700000000,74600000000
http://www.forbes.com/companies/mitsui-fudosan/,Mitsui Fudosan,http://www.forbes.com/companies/mitsui-fudosan/,Japan,Real Estate,43000000000,15300000000
http://www.forbes.com/companies/humana/,Humana,http://www.forbes.com/companies/humana/,United States of America,Managed Health Care,21300000000,41300000000
http://www.forbes.com/companies/fuji-heavy-industries/,Fuji Heavy Industries,http://www.forbes.com/companies/fuji-heavy-industries/,Japan,Auto & Truck Manufacturers,17000000000,23100000000
http://www.forbes.com/companies/syngenta/,Syngenta,http://www.forbes.com/companies/syngenta/,Switzerland,Specialized Chemicals,20200000000,14700000000
http://www.forbes.com/companies/hdfc-bank/,HDFC Bank,http://www.forbes.com/companies/hdfc-bank/,India,Regional Banks,75000000000,7900000000
http://www.forbes.com/companies/texas-instruments/,Texas Instruments,http://www.forbes.com/companies/texas-instruments/,United States of America,Semiconductors,18900000000,12200000000
http://www.forbes.com/companies/colgate-palmolive/,Colgate-Palmolive,http://www.forbes.com/companies/colgate-palmolive/,United States of America,Household/Personal Care,13900000000,17400000000
http://www.forbes.com/companies/ntpc/,NTPC,http://www.forbes.com/companies/ntpc/,India,Electric Utilities,35500000000,12300000000
http://www.forbes.com/companies/royal-bank-of-scotland/,Royal Bank of Scotland,http://www.forbes.com/companies/royal-bank-of-scotland/,United Kingdom of Great Britain and Northern Ireland,Major Banks,1702400000000,38300000000
http://www.forbes.com/companies/tencent-holdings/,Tencent Holdings,http://www.forbes.com/companies/tencent-holdings/,China,Computer Services,17700000000,9800000000
http://www.forbes.com/companies/swisscom/,Swisscom,http://www.forbes.com/companies/swisscom/,Switzerland,Telecommunications services,23000000000,12300000000
http://www.forbes.com/companies/coal-india/,Coal India,http://www.forbes.com/companies/coal-india/,India,Diversified Metals & Mining,18400000000,12600000000
http://www.forbes.com/companies/bank-of-beijing/,Bank of Beijing,http://www.forbes.com/companies/bank-of-beijing/,China,Regional Banks,197200000000,9800000000
http://www.forbes.com/companies/ppl/,PPL,http://www.forbes.com/companies/ppl/,United States of America,Electric Utilities,46300000000,11900000000
http://www.forbes.com/companies/amp/,AMP,http://www.forbes.com/companies/amp/,Australia,Investment Services,119200000000,19400000000
http://www.forbes.com/companies/macquarie-group/,Macquarie Group,http://www.forbes.com/companies/macquarie-group/,Australia,Investment Services,144600000000,10300000000
http://www.forbes.com/companies/prudential-financial/,Prudential Financial,http://www.forbes.com/companies/prudential-financial/,United States of America,Life & Health Insurance,731800000000,48700000000
http://www.forbes.com/companies/heidelbergcement/,HeidelbergCement,http://www.forbes.com/companies/heidelbergcement/,,Construction Materials,37000000000,18500000000
http://www.forbes.com/companies/unicredit-group/,UniCredit Group,http://www.forbes.com/companies/unicredit-group/,Italy,Major Banks,1165500000000,32800000000
http://www.forbes.com/companies/suzuki-motor/,Suzuki Motor,http://www.forbes.com/companies/suzuki-motor/,Japan,Auto & Truck Manufacturers,26400000000,29000000000
http://www.forbes.com/companies/praxair/,Praxair,http://www.forbes.com/companies/praxair/,United States of America,Specialized Chemicals,20300000000,11900000000
http://www.forbes.com/companies/edison-international/,Edison International,http://www.forbes.com/companies/edison-international/,United States of America,Electric Utilities,46600000000,12600000000
http://www.forbes.com/companies/sk-hynix/,SK Hynix,http://www.forbes.com/companies/sk-hynix/,Korea (Republic of),Semiconductors,19800000000,12900000000
http://www.forbes.com/companies/ppg-industries/,PPG Industries,http://www.forbes.com/companies/ppg-industries/,United States of America,Diversified Chemicals,15900000000,15100000000
http://www.forbes.com/companies/jfe-holdings/,JFE Holdings,http://www.forbes.com/companies/jfe-holdings/,Japan,Iron & Steel,40100000000,36100000000
http://www.forbes.com/companies/vale/,Vale,http://www.forbes.com/companies/vale/,Brazil,Iron & Steel,123700000000,47600000000
http://www.forbes.com/companies/tenaga-nasional/,Tenaga Nasional,http://www.forbes.com/companies/tenaga-nasional/,Malaysia,Electric Utilities,31300000000,12000000000
http://www.forbes.com/companies/resona-holdings/,Resona Holdings,http://www.forbes.com/companies/resona-holdings/,Japan,Regional Banks,420300000000,7900000000
http://www.forbes.com/companies/toyota-industries/,Toyota Industries,http://www.forbes.com/companies/toyota-industries/,Japan,Auto & Truck Parts,38100000000,20000000000
http://www.forbes.com/companies/daiwa-securities/,Daiwa Securities,http://www.forbes.com/companies/daiwa-securities/,Japan,Investment Services,199300000000,6800000000
http://www.forbes.com/companies/fifth-third-bancorp/,Fifth Third Bancorp,http://www.forbes.com/companies/fifth-third-bancorp/,United States of America,Regional Banks,131500000000,6200000000
http://www.forbes.com/companies/united-continental-holdings/,United Continental Holdings,http://www.forbes.com/companies/united-continental-holdings/,United States of America,Airline,36800000000,38300000000
http://www.forbes.com/companies/hm/,H&M,http://www.forbes.com/companies/hm/,Sweden,Apparel/Footwear Retail,10300000000,20300000000
http://www.forbes.com/companies/koc-holding/,Koç Holding,http://www.forbes.com/companies/koc-holding/,Turkey,Conglomerates,27400000000,34700000000
http://www.forbes.com/companies/chesapeake-energy/,Chesapeake Energy,http://www.forbes.com/companies/chesapeake-energy/,United States of America,Oil & Gas Operations,41800000000,17800000000
http://www.forbes.com/companies/amazon/,Amazon.com,http://www.forbes.com/companies/amazon/,United States of America,Internet & Catalog Retail,41400000000,74500000000
http://www.forbes.com/companies/intesa-sanpaolo/,Intesa Sanpaolo,http://www.forbes.com/companies/intesa-sanpaolo/,Italy,Major Banks,863000000000,24500000000
http://www.forbes.com/companies/paccar/,Paccar,http://www.forbes.com/companies/paccar/,United States of America,Heavy Equipment,20700000000,17100000000
http://www.forbes.com/companies/aon/,Aon,http://www.forbes.com/companies/aon/,United Kingdom of Great Britain and Northern Ireland,Insurance Brokers,30300000000,11800000000
http://www.forbes.com/companies/xerox/,Xerox,http://www.forbes.com/companies/xerox/,United States of America,Business Products & Supplies,29000000000,21600000000
http://www.forbes.com/companies/hana-financial/,Hana Financial Group,http://www.forbes.com/companies/hana-financial/,Korea (Republic of),Regional Banks,279700000000,13000000000
http://www.forbes.com/companies/etisalat/,Etisalat,http://www.forbes.com/companies/etisalat/,United Arab Emirates,Telecommunications services,23300000000,10600000000
http://www.forbes.com/companies/loews/,Loews,http://www.forbes.com/companies/loews/,United States of America,Diversified Insurance,79900000000,14700000000
http://www.forbes.com/companies/tokyo-electric-power/,Tokyo Electric Power,http://www.forbes.com/companies/tokyo-electric-power/,Japan,Electric Utilities,145600000000,66000000000
http://www.forbes.com/companies/cimb-group-holdings/,CIMB Group Holdings,http://www.forbes.com/companies/cimb-group-holdings/,Malaysia,Regional Banks,113200000000,6800000000
http://www.forbes.com/companies/sk-telecom/,SK Telecom,http://www.forbes.com/companies/sk-telecom/,Korea (Republic of),Telecommunications services,25200000000,15300000000
http://www.forbes.com/companies/tjx-cos/,TJX Cos,http://www.forbes.com/companies/tjx-cos/,United States of America,Department Stores,10200000000,27400000000
http://www.forbes.com/companies/charles-schwab/,Charles Schwab,http://www.forbes.com/companies/charles-schwab/,United States of America,Investment Services,143900000000,5500000000
http://www.forbes.com/companies/associated-british-foods/,Associated British Foods,http://www.forbes.com/companies/associated-british-foods/,United Kingdom of Great Britain and Northern Ireland,Food Processing,16800000000,20800000000
http://www.forbes.com/companies/tesco/,Tesco,http://www.forbes.com/companies/tesco/,United Kingdom of Great Britain and Northern Ireland,Food Retail,78000000000,100600000000
http://www.forbes.com/companies/principal-financial-group/,Principal Financial Group,http://www.forbes.com/companies/principal-financial-group/,United States of America,Life & Health Insurance,208200000000,9500000000
http://www.forbes.com/companies/mitsubishi-estate/,Mitsubishi Estate,http://www.forbes.com/companies/mitsubishi-estate/,Japan,Real Estate,45100000000,10200000000
http://www.forbes.com/companies/gfnorte/,GFNorte,http://www.forbes.com/companies/gfnorte/,Mexico,Regional Banks,76900000000,8400000000
http://www.forbes.com/companies/ageas/,Ageas,http://www.forbes.com/companies/ageas/,Netherlands,Diversified Insurance,129000000000,15800000000
http://www.forbes.com/companies/repsol-ypf/,Repsol YPF,http://www.forbes.com/companies/repsol-ypf/,Spain,Oil & Gas Operations,89700000000,74700000000
http://www.forbes.com/companies/sempra-energy/,Sempra Energy,http://www.forbes.com/companies/sempra-energy/,United States of America,Natural Gas Utilities,37200000000,10600000000
http://www.forbes.com/companies/td-holdings/,T&D Holdings,http://www.forbes.com/companies/td-holdings/,Japan,Life & Health Insurance,134300000000,21600000000
http://www.forbes.com/companies/new-china-life-insurance/,New China Life Insurance,http://www.forbes.com/companies/new-china-life-insurance/,China,Life & Health Insurance,88600000000,18700000000
http://www.forbes.com/companies/firstrand/,FirstRand,http://www.forbes.com/companies/firstrand/,South Africa,Major Banks,85400000000,6300000000
http://www.forbes.com/companies/aeon/,Aeon,http://www.forbes.com/companies/aeon/,Japan,Discount Stores,67300000000,64400000000
http://www.forbes.com/companies/akzo-nobel/,Akzo Nobel,http://www.forbes.com/companies/akzo-nobel/,Netherlands,Diversified Chemicals,22100000000,19400000000
http://www.forbes.com/companies/bank-mandiri/,Bank Mandiri,http://www.forbes.com/companies/bank-mandiri/,India,Regional Banks,60200000000,6600000000
http://www.forbes.com/companies/rogers-communications/,Rogers Communications,http://www.forbes.com/companies/rogers-communications/,Canada,Telecommunications services,22200000000,12300000000
http://www.forbes.com/companies/swiss-life-holding/,Swiss Life Holding,http://www.forbes.com/companies/swiss-life-holding/,Switzerland,Life & Health Insurance,191300000000,20200000000
http://www.forbes.com/companies/novatek/,Novatek,http://www.forbes.com/companies/novatek/,Russian Federation,Oil & Gas Operations,18200000000,9400000000
http://www.forbes.com/companies/corning/,Corning,http://www.forbes.com/companies/corning/,United States of America,Communications Equipment,28500000000,7800000000
http://www.forbes.com/companies/fujifilm-holdings/,Fujifilm Holdings,http://www.forbes.com/companies/fujifilm-holdings/,Japan,Consumer Electronics,30800000000,24400000000
http://www.forbes.com/companies/bank-rakyat-indonesia/,Bank Rakyat Indonesia,http://www.forbes.com/companies/bank-rakyat-indonesia/,India,Regional Banks,51500000000,6300000000
http://www.forbes.com/companies/cez-group/,CEZ Group,http://www.forbes.com/companies/cez-group/,Czech Republic,Electric Utilities,32300000000,11100000000
http://www.forbes.com/companies/consolidated-edison/,Consolidated Edison,http://www.forbes.com/companies/consolidated-edison/,United States of America,Electric Utilities,40600000000,12300000000
http://www.forbes.com/companies/akbank/,Akbank,http://www.forbes.com/companies/akbank/,Turkey,Regional Banks,90400000000,7900000000
http://www.forbes.com/companies/micron-technology/,Micron Technology,http://www.forbes.com/companies/micron-technology/,United States of America,Semiconductors,19800000000,11300000000
http://www.forbes.com/companies/covidien/,Covidien,http://www.forbes.com/companies/covidien/,Ireland,Medical Equipment & Supplies,19600000000,10900000000
http://www.forbes.com/companies/progressive/,Progressive,http://www.forbes.com/companies/progressive/,United States of America,Property & Casualty Insurance,25200000000,18200000000
http://www.forbes.com/companies/saudi-electricity/,Saudi Electricity,http://www.forbes.com/companies/saudi-electricity/,Saudi Arabia,Electric Utilities,73800000000,9500000000
http://www.forbes.com/companies/arcelormittal/,ArcelorMittal,http://www.forbes.com/companies/arcelormittal/,Luxembourg,Iron & Steel,112300000000,79400000000
http://www.forbes.com/companies/alstom/,Alstom,http://www.forbes.com/companies/alstom/,France,Conglomerates,41200000000,26600000000
http://www.forbes.com/companies/national-bank-of-canada/,National Bank of Canada,http://www.forbes.com/companies/national-bank-of-canada/,Canada,Major Banks,175200000000,7000000000
http://www.forbes.com/companies/formosa-petrochemical/,Formosa Petrochemical,http://www.forbes.com/companies/formosa-petrochemical/,"Taiwan, Province of China[a]",Oil & Gas Operations,17300000000,31400000000
http://www.forbes.com/companies/cummins/,Cummins,http://www.forbes.com/companies/cummins/,United States of America,Heavy Equipment,14700000000,17300000000
http://www.forbes.com/companies/sk-innovation/,SK Innovation,http://www.forbes.com/companies/sk-innovation/,Korea (Republic of),Oil & Gas Operations,33400000000,60900000000
http://www.forbes.com/companies/te-connectivity/,TE Connectivity,http://www.forbes.com/companies/te-connectivity/,Switzerland,Electronics,18400000000,13500000000
http://www.forbes.com/companies/ecolab/,Ecolab,http://www.forbes.com/companies/ecolab/,United States of America,Specialized Chemicals,19600000000,13300000000
http://www.forbes.com/companies/larsen-toubro/,Larsen & Toubro,http://www.forbes.com/companies/larsen-toubro/,India,Construction Services,26700000000,13500000000
http://www.forbes.com/companies/gree-electric-appliances/,Gree Electric Appliances,http://www.forbes.com/companies/gree-electric-appliances/,China,Household Appliances,21200000000,17900000000
http://www.forbes.com/companies/public-service-enterprise/,Public Service Enterprise,http://www.forbes.com/companies/public-service-enterprise/,United States of America,Electric Utilities,32600000000,10000000000
http://www.forbes.com/companies/piraeus-bank/,Piraeus Bank,http://www.forbes.com/companies/piraeus-bank/,Greece,Regional Banks,126800000000,5500000000
http://www.forbes.com/companies/precision-castparts/,Precision Castparts,http://www.forbes.com/companies/precision-castparts/,United States of America,Aerospace & Defense,18300000000,9500000000
http://www.forbes.com/companies/rwe-group/,RWE Group,http://www.forbes.com/companies/rwe-group/,,Electric Utilities,111800000000,68200000000
http://www.forbes.com/companies/mastercard/,MasterCard,http://www.forbes.com/companies/mastercard/,United States of America,Consumer Financial Services,14200000000,8300000000
http://www.forbes.com/companies/fortescue-metals-group/,Fortescue Metals Group,http://www.forbes.com/companies/fortescue-metals-group/,Australia,Iron & Steel,22900000000,10600000000
http://www.forbes.com/companies/kellogg/,Kellogg,http://www.forbes.com/companies/kellogg/,United States of America,Food Processing,15500000000,14800000000
http://www.forbes.com/companies/kirin-holdings/,Kirin Holdings,http://www.forbes.com/companies/kirin-holdings/,Japan,Beverages,27600000000,23100000000
http://www.forbes.com/companies/facebook/,Facebook,http://www.forbes.com/companies/facebook/,United States of America,Computer Services,17900000000,7900000000
http://www.forbes.com/companies/poly-real-estate/,Poly Real Estate,http://www.forbes.com/companies/poly-real-estate/,China,Real Estate,51500000000,13100000000
http://www.forbes.com/companies/baoshan-iron-steel/,Baoshan Iron & Steel,http://www.forbes.com/companies/baoshan-iron-steel/,China,Iron & Steel,37400000000,30800000000
http://www.forbes.com/companies/fortum/,Fortum,http://www.forbes.com/companies/fortum/,Finland,Electric Utilities,33600000000,8000000000
http://www.forbes.com/companies/atlas-copco/,Atlas Copco,http://www.forbes.com/companies/atlas-copco/,Sweden,Other Industrial Equipment,13700000000,12900000000
http://www.forbes.com/companies/norilsk-nickel/,Norilsk Nickel,http://www.forbes.com/companies/norilsk-nickel/,Russian Federation,Diversified Metals & Mining,20200000000,11700000000
http://www.forbes.com/companies/cheung-kong-holdings/,Cheung Kong Holdings,http://www.forbes.com/companies/cheung-kong-holdings/,Hong Kong,Real Estate,55300000000,2600000000
http://www.forbes.com/companies/toyota-tsusho/,Toyota Tsusho,http://www.forbes.com/companies/toyota-tsusho/,Japan,Trading Companies,37700000000,74800000000
http://www.forbes.com/companies/sysco/,Sysco,http://www.forbes.com/companies/sysco/,United States of America,Food Retail,13000000000,45500000000
http://www.forbes.com/companies/tatneft/,Tatneft,http://www.forbes.com/companies/tatneft/,Russian Federation,Oil & Gas Operations,20400000000,14300000000
http://www.forbes.com/companies/dish-network/,DISH Network,http://www.forbes.com/companies/dish-network/,United States of America,Broadcasting & Cable,20400000000,13900000000
http://www.forbes.com/companies/safeway/,Safeway,http://www.forbes.com/companies/safeway/,United States of America,Food Retail,17200000000,37600000000
http://www.forbes.com/companies/adidas/,Adidas,http://www.forbes.com/companies/adidas/,,Apparel/Accessories,16000000000,19200000000
http://www.forbes.com/companies/cenovus-energy/,Cenovus Energy,http://www.forbes.com/companies/cenovus-energy/,Canada,Oil & Gas Operations,24100000000,18100000000
http://www.forbes.com/companies/korea-electric-power/,Korea Electric Power,http://www.forbes.com/companies/korea-electric-power/,Korea (Republic of),Electric Utilities,147400000000,49400000000
http://www.forbes.com/companies/omnicom-group/,Omnicom Group,http://www.forbes.com/companies/omnicom-group/,United States of America,Advertising,22100000000,14600000000
http://www.forbes.com/companies/cardinal-health/,Cardinal Health,http://www.forbes.com/companies/cardinal-health/,United States of America,Pharmaceuticals,25000000000,96700000000
http://www.forbes.com/companies/thales/,Thales,http://www.forbes.com/companies/thales/,France,Aerospace & Defense,29600000000,18200000000
http://www.forbes.com/companies/otsuka-holding/,Otsuka Holding,http://www.forbes.com/companies/otsuka-holding/,Japan,Pharmaceuticals,17900000000,14400000000
http://www.forbes.com/companies/grupo-mexico/,Grupo Mexico,http://www.forbes.com/companies/grupo-mexico/,Mexico,Diversified Metals & Mining,20200000000,9400000000
http://www.forbes.com/companies/clp-holdings/,CLP Holdings,http://www.forbes.com/companies/clp-holdings/,Hong Kong,Electric Utilities,27300000000,13500000000
http://www.forbes.com/companies/swire-pacific/,Swire Pacific,http://www.forbes.com/companies/swire-pacific/,Hong Kong,Conglomerates,45000000000,6600000000
http://www.forbes.com/companies/kyocera/,Kyocera,http://www.forbes.com/companies/kyocera/,Japan,Electronics,25700000000,14600000000
http://www.forbes.com/companies/marsh-mclennan/,Marsh & McLennan,http://www.forbes.com/companies/marsh-mclennan/,United States of America,Insurance Brokers,17000000000,12300000000
http://www.forbes.com/companies/china-resources-land/,China Resources Land,http://www.forbes.com/companies/china-resources-land/,Hong Kong,Real Estate,36300000000,9300000000
http://www.forbes.com/companies/hdfc/,HDFC,http://www.forbes.com/companies/hdfc/,India,Consumer Financial Services,43500000000,6600000000
http://www.forbes.com/companies/raiffeisen-bank-international/,Raiffeisen Bank International,http://www.forbes.com/companies/raiffeisen-bank-international/,Austria,Major Banks,177400000000,11100000000
http://www.forbes.com/companies/shin-etsu-chemical/,Shin-Etsu Chemical,http://www.forbes.com/companies/shin-etsu-chemical/,Japan,Diversified Chemicals,19900000000,11400000000
http://www.forbes.com/companies/cic-group/,CIC Group,http://www.forbes.com/companies/cic-group/,France,Major Banks,321000000000,9700000000
http://www.forbes.com/companies/suncorp-group/,Suncorp Group,http://www.forbes.com/companies/suncorp-group/,Australia,Diversified Insurance,84200000000,15600000000
http://www.forbes.com/companies/kubota/,Kubota,http://www.forbes.com/companies/kubota/,Japan,Heavy Equipment,19900000000,14600000000
http://www.forbes.com/companies/sca/,SCA,http://www.forbes.com/companies/sca/,Sweden,Household/Personal Care,22200000000,13700000000
http://www.forbes.com/companies/tata-consultancy-services/,Tata Consultancy Services,http://www.forbes.com/companies/tata-consultancy-services/,India,Computer Services,9200000000,13100000000
http://www.forbes.com/companies/siam-commercial-bank/,Siam Commercial Bank,http://www.forbes.com/companies/siam-commercial-bank/,Thailand,Regional Banks,77100000000,5700000000
http://www.forbes.com/companies/telus/,TELUS,http://www.forbes.com/companies/telus/,Canada,Telecommunications services,20300000000,11000000000
http://www.forbes.com/companies/aisin-seiki/,Aisin Seiki,http://www.forbes.com/companies/aisin-seiki/,Japan,Auto & Truck Parts,24000000000,28100000000
http://www.forbes.com/companies/daikin-industries/,Daikin Industries,http://www.forbes.com/companies/daikin-industries/,Japan,Construction Materials,19300000000,17300000000
http://www.forbes.com/companies/lg-chem/,LG Chem,http://www.forbes.com/companies/lg-chem/,Korea (Republic of),Specialized Chemicals,16500000000,21100000000
http://www.forbes.com/companies/vivendi/,Vivendi,http://www.forbes.com/companies/vivendi/,France,Telecommunications services,67800000000,31600000000
http://www.forbes.com/companies/transocean/,Transocean,http://www.forbes.com/companies/transocean/,Switzerland,Oil Services & Equipment,32500000000,9500000000
http://www.forbes.com/companies/mazda-motor/,Mazda Motor,http://www.forbes.com/companies/mazda-motor/,Japan,Auto & Truck Manufacturers,19700000000,26700000000
http://www.forbes.com/companies/anglo-american/,Anglo American,http://www.forbes.com/companies/anglo-american/,United Kingdom of Great Britain and Northern Ireland,Diversified Metals & Mining,71200000000,29300000000
http://www.forbes.com/companies/evonik/,Evonik,http://www.forbes.com/companies/evonik/,,,21900000000,17100000000
http://www.forbes.com/companies/grupo-aval/,Grupo Aval,http://www.forbes.com/companies/grupo-aval/,Colombia,Investment Services,72000000000,9000000000
http://www.forbes.com/companies/compass-group/,Compass Group,http://www.forbes.com/companies/compass-group/,United Kingdom of Great Britain and Northern Ireland,Restaurants,14800000000,27400000000
http://www.forbes.com/companies/kasikornbank/,Kasikornbank,http://www.forbes.com/companies/kasikornbank/,Thailand,Major Banks,69700000000,6900000000
http://www.forbes.com/companies/commerzbank/,Commerzbank,http://www.forbes.com/companies/commerzbank/,,Major Banks,803000000000,21600000000
http://www.forbes.com/companies/ferrovial/,Ferrovial,http://www.forbes.com/companies/ferrovial/,Spain,Other Transportation,31400000000,10800000000
http://www.forbes.com/companies/xcel-energy/,Xcel Energy,http://www.forbes.com/companies/xcel-energy/,United States of America,Electric Utilities,33900000000,10900000000
http://www.forbes.com/companies/j-sainsbury/,J Sainsbury,http://www.forbes.com/companies/j-sainsbury/,United Kingdom of Great Britain and Northern Ireland,Food Retail,20900000000,37200000000
http://www.forbes.com/companies/lotte-shopping/,Lotte Shopping,http://www.forbes.com/companies/lotte-shopping/,Korea (Republic of),Department Stores,36900000000,25800000000
http://www.forbes.com/companies/franklin-resources/,Franklin Resources,http://www.forbes.com/companies/franklin-resources/,United States of America,Investment Services,15900000000,8200000000
http://www.forbes.com/companies/daiwa-house-industry/,Daiwa House Industry,http://www.forbes.com/companies/daiwa-house-industry/,Japan,Construction Services,24700000000,25400000000
http://www.forbes.com/companies/sabanci-holding/,Sabanci Holding,http://www.forbes.com/companies/sabanci-holding/,Turkey,Conglomerates,96100000000,13000000000
http://www.forbes.com/companies/grupo-modelo/,Grupo Modelo,http://www.forbes.com/companies/grupo-modelo/,Mexico,Beverages,15000000000,6900000000
http://www.forbes.com/companies/carlsberg/,Carlsberg,http://www.forbes.com/companies/carlsberg/,Denmark,Beverages,27900000000,11800000000
http://www.forbes.com/companies/lenovo-group/,Lenovo Group,http://www.forbes.com/companies/lenovo-group/,Hong Kong,Computer Hardware,19500000000,37200000000
http://www.forbes.com/companies/al-rajhi-bank/,Al Rajhi Bank,http://www.forbes.com/companies/al-rajhi-bank/,Saudi Arabia,Regional Banks,74600000000,4000000000
http://www.forbes.com/companies/hartford-financial-services/,Hartford Financial Services,http://www.forbes.com/companies/hartford-financial-services/,United States of America,Diversified Insurance,279600000000,26400000000
http://www.forbes.com/companies/kingfisher/,Kingfisher,http://www.forbes.com/companies/kingfisher/,United Kingdom of Great Britain and Northern Ireland,Home Improvement Retail,16100000000,17400000000
http://www.forbes.com/companies/keppel-corp/,Keppel Corp,http://www.forbes.com/companies/keppel-corp/,Singapore,Conglomerates,23900000000,9900000000
http://www.forbes.com/companies/simon-property-group/,Simon Property Group,http://www.forbes.com/companies/simon-property-group/,United States of America,Real Estate,33300000000,5200000000
http://www.forbes.com/companies/tenaris/,Tenaris,http://www.forbes.com/companies/tenaris/,Luxembourg,Oil Services & Equipment,15900000000,10600000000
http://www.forbes.com/companies/regions-financial/,Regions Financial,http://www.forbes.com/companies/regions-financial/,United States of America,Regional Banks,118100000000,5600000000
http://www.forbes.com/companies/telecom-italia/,Telecom Italia,http://www.forbes.com/companies/telecom-italia/,Italy,Telecommunications services,96800000000,31100000000
http://www.forbes.com/companies/southwest-airlines/,Southwest Airlines,http://www.forbes.com/companies/southwest-airlines/,United States of America,Airline,19300000000,17700000000
http://www.forbes.com/companies/western-digital/,Western Digital,http://www.forbes.com/companies/western-digital/,United States of America,Computer Storage Devices,15300000000,15300000000
http://www.forbes.com/companies/porsche-automobil-holding/,Porsche Automobil Holding,http://www.forbes.com/companies/porsche-automobil-holding/,,Auto & Truck Manufacturers,43100000000,0
http://www.forbes.com/companies/tokyo-gas/,Tokyo Gas,http://www.forbes.com/companies/tokyo-gas/,Japan,Natural Gas Utilities,19600000000,20600000000
http://www.forbes.com/companies/woodside-petroleum/,Woodside Petroleum,http://www.forbes.com/companies/woodside-petroleum/,Australia,Oil & Gas Operations,23800000000,6200000000
http://www.forbes.com/companies/deutsche-lufthansa/,Deutsche Lufthansa,http://www.forbes.com/companies/deutsche-lufthansa/,,Airline,40100000000,39900000000
http://www.forbes.com/companies/falabella/,Falabella,http://www.forbes.com/companies/falabella/,Chile,Department Stores,18200000000,13200000000
http://www.forbes.com/companies/bankia/,Bankia,http://www.forbes.com/companies/bankia/,Spain,Regional Banks,346500000000,5100000000
http://www.forbes.com/companies/potash-of-saskatchewan/,Potash of Saskatchewan,http://www.forbes.com/companies/potash-of-saskatchewan/,Canada,Specialized Chemicals,18000000000,7300000000
http://www.forbes.com/companies/sumitomo-electric/,Sumitomo Electric,http://www.forbes.com/companies/sumitomo-electric/,Japan,Auto & Truck Parts,24200000000,25200000000
http://www.forbes.com/companies/public-bank/,Public Bank,http://www.forbes.com/companies/public-bank/,Malaysia,Regional Banks,93300000000,4600000000
http://www.forbes.com/companies/alpha-bank/,Alpha Bank,http://www.forbes.com/companies/alpha-bank/,Greece,Regional Banks,99300000000,5200000000
http://www.forbes.com/companies/air-products-chemicals/,Air Products & Chemicals,http://www.forbes.com/companies/air-products-chemicals/,United States of America,Specialized Chemicals,17900000000,10200000000
http://www.forbes.com/companies/sumitomo-realty/,Sumitomo Realty,http://www.forbes.com/companies/sumitomo-realty/,Japan,Real Estate,39200000000,8300000000
http://www.forbes.com/companies/publicis-groupe/,Publicis Groupe,http://www.forbes.com/companies/publicis-groupe/,France,Advertising,23600000000,9200000000
http://www.forbes.com/companies/entergy/,Entergy,http://www.forbes.com/companies/entergy/,United States of America,Electric Utilities,43400000000,11400000000
http://www.forbes.com/companies/asml-holding/,ASML Holding,http://www.forbes.com/companies/asml-holding/,Netherlands,Semiconductors,16800000000,7000000000
http://www.forbes.com/companies/slm/,SLM,http://www.forbes.com/companies/slm/,United States of America,Consumer Financial Services,159500000000,5800000000
http://www.forbes.com/companies/conagra-foods/,ConAgra Foods,http://www.forbes.com/companies/conagra-foods/,United States of America,Food Processing,20400000000,17900000000
http://www.forbes.com/companies/reynolds-american/,Reynolds American,http://www.forbes.com/companies/reynolds-american/,United States of America,Tobacco,15400000000,8200000000
http://www.forbes.com/companies/china-resources-power/,China Resources Power,http://www.forbes.com/companies/china-resources-power/,Hong Kong,Electric Utilities,27600000000,9000000000
http://www.forbes.com/companies/samsung-fire-marine/,Samsung Fire & Marine,http://www.forbes.com/companies/samsung-fire-marine/,Korea (Republic of),Property & Casualty Insurance,45700000000,16700000000
http://www.forbes.com/companies/unum-group/,Unum Group,http://www.forbes.com/companies/unum-group/,United States of America,Life & Health Insurance,60700000000,10400000000
http://www.forbes.com/companies/sime-darby/,Sime Darby,http://www.forbes.com/companies/sime-darby/,Malaysia,Conglomerates,15200000000,14400000000
http://www.forbes.com/companies/george-weston/,George Weston,http://www.forbes.com/companies/george-weston/,Canada,Food Retail,23200000000,32600000000
http://www.forbes.com/companies/evergrande-real-estate/,Evergrande Real Estate,http://www.forbes.com/companies/evergrande-real-estate/,China,Real Estate,44700000000,11400000000
http://www.forbes.com/companies/agrium/,Agrium,http://www.forbes.com/companies/agrium/,Canada,Specialized Chemicals,16000000000,15900000000
http://www.forbes.com/companies/mosaic/,Mosaic,http://www.forbes.com/companies/mosaic/,United States of America,Specialized Chemicals,19600000000,8200000000
http://www.forbes.com/companies/anhui-conch-cement/,Anhui Conch Cement,http://www.forbes.com/companies/anhui-conch-cement/,China,Construction Materials,15400000000,9000000000
http://www.forbes.com/companies/teck-resources/,Teck Resources,http://www.forbes.com/companies/teck-resources/,Canada,Diversified Metals & Mining,34100000000,9100000000
http://www.forbes.com/companies/banco-popular-espanol/,Banco Popular Espanol,http://www.forbes.com/companies/banco-popular-espanol/,Spain,Regional Banks,203700000000,8200000000
http://www.forbes.com/companies/swatch-group/,Swatch Group,http://www.forbes.com/companies/swatch-group/,Switzerland,Apparel/Accessories,11300000000,9100000000
http://www.forbes.com/companies/national-bank-of-greece/,National Bank of Greece,http://www.forbes.com/companies/national-bank-of-greece/,Greece,Major Banks,152900000000,5000000000
http://www.forbes.com/companies/stryker/,Stryker,http://www.forbes.com/companies/stryker/,United States of America,Medical Equipment & Supplies,15700000000,9000000000
http://www.forbes.com/companies/delphi-automotive/,Delphi Automotive,http://www.forbes.com/companies/delphi-automotive/,United Kingdom of Great Britain and Northern Ireland,Auto & Truck Parts,11000000000,16500000000
http://www.forbes.com/companies/spectra-energy/,Spectra Energy,http://www.forbes.com/companies/spectra-energy/,United States of America,Oil Services & Equipment,33500000000,5500000000
http://www.forbes.com/companies/tyson-foods/,Tyson Foods,http://www.forbes.com/companies/tyson-foods/,United States of America,Food Processing,11800000000,34800000000
http://www.forbes.com/companies/firstenergy/,FirstEnergy,http://www.forbes.com/companies/firstenergy/,United States of America,Electric Utilities,50400000000,14900000000
http://www.forbes.com/companies/sodexo/,Sodexo,http://www.forbes.com/companies/sodexo/,France,Business & Personal Services,16600000000,24100000000
http://www.forbes.com/companies/biogen-idec/,Biogen Idec,http://www.forbes.com/companies/biogen-idec/,United States of America,Biotechs,11900000000,6900000000
http://www.forbes.com/companies/abertis/,Abertis,http://www.forbes.com/companies/abertis/,Spain,Other Transportation,38800000000,6200000000
http://www.forbes.com/companies/astellas-pharma/,Astellas Pharma,http://www.forbes.com/companies/astellas-pharma/,Japan,Pharmaceuticals,14900000000,11700000000
http://www.forbes.com/companies/mt-bank/,M&T Bank,http://www.forbes.com/companies/mt-bank/,United States of America,Regional Banks,85600000000,4800000000
http://www.forbes.com/companies/murphy-oil/,Murphy Oil,http://www.forbes.com/companies/murphy-oil/,United States of America,Oil & Gas Operations,17500000000,16800000000
http://www.forbes.com/companies/formosa-chemicals/,Formosa Chemicals,http://www.forbes.com/companies/formosa-chemicals/,"Taiwan, Province of China[a]",Specialized Chemicals,17400000000,14500000000
http://www.forbes.com/companies/hyundai-heavy-industries/,Hyundai Heavy Industries,http://www.forbes.com/companies/hyundai-heavy-industries/,Korea (Republic of),Heavy Equipment,50400000000,49500000000
http://www.forbes.com/companies/liberty-global/,Liberty Global,http://www.forbes.com/companies/liberty-global/,United Kingdom of Great Britain and Northern Ireland,Broadcasting & Cable,67700000000,14500000000
http://www.forbes.com/companies/unibail-rodamco/,Unibail-Rodamco,http://www.forbes.com/companies/unibail-rodamco/,France,Real Estate,44600000000,2300000000
http://www.forbes.com/companies/pko-bank-polski/,PKO Bank Polski,http://www.forbes.com/companies/pko-bank-polski/,Poland,Regional Banks,66000000000,4900000000
http://www.forbes.com/companies/thyssenkrupp-group/,ThyssenKrupp Group,http://www.forbes.com/companies/thyssenkrupp-group/,,Conglomerates,48900000000,51600000000
http://www.forbes.com/companies/bharti-airtel/,Bharti Airtel,http://www.forbes.com/companies/bharti-airtel/,India,Telecommunications services,29200000000,14300000000
http://www.forbes.com/companies/siam-cement/,Siam Cement,http://www.forbes.com/companies/siam-cement/,Thailand,Specialized Chemicals,13400000000,14100000000
http://www.forbes.com/companies/adecco/,Adecco,http://www.forbes.com/companies/adecco/,Switzerland,Business & Personal Services,12700000000,25900000000
http://www.forbes.com/companies/seadrill/,Seadrill,http://www.forbes.com/companies/seadrill/,Bermuda,Oil Services & Equipment,26300000000,5300000000
http://www.forbes.com/companies/celgene/,Celgene,http://www.forbes.com/companies/celgene/,United States of America,Biotechs,13400000000,6500000000
http://www.forbes.com/companies/axis-bank/,Axis Bank,http://www.forbes.com/companies/axis-bank/,India,Regional Banks,62700000000,6300000000
http://www.forbes.com/companies/nokia/,Nokia,http://www.forbes.com/companies/nokia/,Finland,Communications Equipment,34700000000,27500000000
http://www.forbes.com/companies/mtr/,MTR,http://www.forbes.com/companies/mtr/,Hong Kong,Railroads,27800000000,5000000000
http://www.forbes.com/companies/country-garden-holdings/,Country Garden Holdings,http://www.forbes.com/companies/country-garden-holdings/,Hong Kong,Real Estate,34100000000,10200000000
http://www.forbes.com/companies/quanta-computer/,Quanta Computer,http://www.forbes.com/companies/quanta-computer/,"Taiwan, Province of China[a]",Computer Hardware,18600000000,29700000000
http://www.forbes.com/companies/british-sky-broadcasting/,British Sky Broadcasting,http://www.forbes.com/companies/british-sky-broadcasting/,United Kingdom of Great Britain and Northern Ireland,Broadcasting & Cable,11000000000,11700000000
http://www.forbes.com/companies/mitsubishi-motors/,Mitsubishi Motors,http://www.forbes.com/companies/mitsubishi-motors/,Japan,Auto & Truck Manufacturers,14300000000,21000000000
http://www.forbes.com/companies/jbs/,JBS,http://www.forbes.com/companies/jbs/,Brazil,Food Processing,29100000000,43000000000
http://www.forbes.com/companies/couche-tard/,Couche Tard,http://www.forbes.com/companies/couche-tard/,Canada,Specialty Stores,10400000000,37700000000
http://www.forbes.com/companies/national-bank-of-abu-dhabi/,National Bank of Abu Dhabi,http://www.forbes.com/companies/national-bank-of-abu-dhabi/,United Arab Emirates,Regional Banks,88500000000,3200000000
http://www.forbes.com/companies/dollar-general/,Dollar General,http://www.forbes.com/companies/dollar-general/,United States of America,Discount Stores,10900000000,17500000000
http://www.forbes.com/companies/daqin-railway/,Daqin Railway,http://www.forbes.com/companies/daqin-railway/,China,Railroads,16400000000,7900000000
http://www.forbes.com/companies/metro-group/,Metro Group,http://www.forbes.com/companies/metro-group/,,Food Retail,45200000000,81000000000
http://www.forbes.com/companies/parker-hannifin/,Parker-Hannifin,http://www.forbes.com/companies/parker-hannifin/,United States of America,Other Industrial Equipment,12900000000,13100000000
http://www.forbes.com/companies/bancolombia/,Bancolombia,http://www.forbes.com/companies/bancolombia/,Colombia,Regional Banks,67700000000,5900000000
http://www.forbes.com/companies/pge-polska-grupa/,PGE,http://www.forbes.com/companies/pge-polska-grupa/,Poland,Electric Utilities,20100000000,9500000000
http://www.forbes.com/companies/asahi-kasei/,Asahi Kasei,http://www.forbes.com/companies/asahi-kasei/,Japan,Diversified Chemicals,18600000000,19000000000
http://www.forbes.com/companies/fast-retailing/,Fast Retailing,http://www.forbes.com/companies/fast-retailing/,Japan,Apparel/Footwear Retail,10000000000,12600000000
http://www.forbes.com/companies/whirlpool/,Whirlpool,http://www.forbes.com/companies/whirlpool/,United States of America,Household Appliances,15500000000,18800000000
http://www.forbes.com/companies/sandvik/,Sandvik,http://www.forbes.com/companies/sandvik/,Sweden,Other Industrial Equipment,14600000000,13400000000
http://www.forbes.com/companies/china-national-building/,China National Building,http://www.forbes.com/companies/china-national-building/,China,Construction Materials,48200000000,19200000000
http://www.forbes.com/companies/liberty-media-1/,Liberty Media,http://www.forbes.com/companies/liberty-media-1/,United States of America,Broadcasting & Cable,34500000000,4000000000
http://www.forbes.com/companies/kohls/,Kohl's,http://www.forbes.com/companies/kohls/,United States of America,Department Stores,14400000000,19000000000
http://www.forbes.com/companies/genworth-financial/,Genworth Financial,http://www.forbes.com/companies/genworth-financial/,United States of America,Diversified Insurance,111000000000,9600000000
http://www.forbes.com/companies/bae-systems/,BAE Systems,http://www.forbes.com/companies/bae-systems/,United Kingdom of Great Britain and Northern Ireland,Aerospace & Defense,33000000000,26400000000
http://www.forbes.com/companies/priceline/,Priceline.com,http://www.forbes.com/companies/priceline/,United States of America,Business & Personal Services,10400000000,6800000000
http://www.forbes.com/companies/annaly-capital-management/,Annaly Capital Management,http://www.forbes.com/companies/annaly-capital-management/,United States of America,Real Estate,81900000000,3600000000
http://www.forbes.com/companies/chunghwa-telecom/,Chunghwa Telecom,http://www.forbes.com/companies/chunghwa-telecom/,"Taiwan, Province of China[a]",Telecommunications services,14300000000,7700000000
http://www.forbes.com/companies/vf/,VF,http://www.forbes.com/companies/vf/,United States of America,Apparel/Accessories,10300000000,11400000000
http://www.forbes.com/companies/halkbank/,Halkbank,http://www.forbes.com/companies/halkbank/,Turkey,Regional Banks,61100000000,6400000000
http://www.forbes.com/companies/bouygues/,Bouygues,http://www.forbes.com/companies/bouygues/,France,Construction Services,47300000000,44300000000
http://www.forbes.com/companies/bank-central-asia/,Bank Central Asia,http://www.forbes.com/companies/bank-central-asia/,India,Regional Banks,40800000000,4000000000
http://www.forbes.com/companies/cme-group/,CME Group,http://www.forbes.com/companies/cme-group/,United States of America,Investment Services,54500000000,2900000000
http://www.forbes.com/companies/asahi-group-holdings/,Asahi Group Holdings,http://www.forbes.com/companies/asahi-group-holdings/,Japan,Beverages,17000000000,17600000000
http://www.forbes.com/companies/megafon/,MegaFon,http://www.forbes.com/companies/megafon/,Russian Federation,Telecommunications services,13100000000,9300000000
http://www.forbes.com/companies/centurylink/,CenturyLink,http://www.forbes.com/companies/centurylink/,United States of America,Telecommunications services,51800000000,18100000000
http://www.forbes.com/companies/sk-holdings/,SK Holdings,http://www.forbes.com/companies/sk-holdings/,Korea (Republic of),Oil & Gas Operations,87700000000,102200000000
http://www.forbes.com/companies/insurance-australia-group/,Insurance Australia Group,http://www.forbes.com/companies/insurance-australia-group/,Australia,Property & Casualty Insurance,23700000000,9000000000
http://www.forbes.com/companies/yara-international/,Yara International,http://www.forbes.com/companies/yara-international/,Norway,Specialized Chemicals,14700000000,14400000000
http://www.forbes.com/companies/xl-group/,XL Group,http://www.forbes.com/companies/xl-group/,Ireland,Diversified Insurance,45700000000,7500000000
http://www.forbes.com/companies/isuzu-motors/,Isuzu Motors,http://www.forbes.com/companies/isuzu-motors/,Japan,Auto & Truck Manufacturers,13500000000,18000000000
http://www.forbes.com/companies/magnit/,Magnit,http://www.forbes.com/companies/magnit/,Russian Federation,Food Retail,7000000000,18200000000
http://www.forbes.com/companies/steinhoff-international/,Steinhoff International,http://www.forbes.com/companies/steinhoff-international/,South Africa,Furniture & Fixtures,18500000000,13000000000
http://www.forbes.com/companies/yum-brands/,Yum Brands,http://www.forbes.com/companies/yum-brands/,United States of America,Restaurants,8700000000,13100000000
http://www.forbes.com/companies/ricoh/,Ricoh,http://www.forbes.com/companies/ricoh/,Japan,Business Products & Supplies,24400000000,22000000000
http://www.forbes.com/companies/amerisourcebergen/,AmerisourceBergen,http://www.forbes.com/companies/amerisourcebergen/,United States of America,Pharmaceuticals,19800000000,96100000000
http://www.forbes.com/companies/atlantia/,Atlantia,http://www.forbes.com/companies/atlantia/,Italy,Other Transportation,40700000000,4800000000
http://www.forbes.com/companies/industrial-bank-of-korea/,Industrial Bank of Korea,http://www.forbes.com/companies/industrial-bank-of-korea/,Korea (Republic of),Regional Banks,201400000000,8900000000
http://www.forbes.com/companies/dte-energy/,DTE Energy,http://www.forbes.com/companies/dte-energy/,United States of America,Electric Utilities,25900000000,9600000000
http://www.forbes.com/companies/toray-industries/,Toray Industries,http://www.forbes.com/companies/toray-industries/,Japan,Diversified Chemicals,18400000000,18100000000
http://www.forbes.com/companies/northeast-utilities/,Northeast Utilities,http://www.forbes.com/companies/northeast-utilities/,United States of America,Electric Utilities,27800000000,7300000000
http://www.forbes.com/companies/first-gulf-bank/,First Gulf Bank,http://www.forbes.com/companies/first-gulf-bank/,United Arab Emirates,Regional Banks,53100000000,2700000000
http://www.forbes.com/companies/seagate-technology/,Seagate Technology,http://www.forbes.com/companies/seagate-technology/,Ireland,Computer Storage Devices,8900000000,14000000000
http://www.forbes.com/companies/vimpelcom/,VimpelCom,http://www.forbes.com/companies/vimpelcom/,Netherlands,Telecommunications services,50400000000,21900000000
http://www.forbes.com/companies/ooredoo-telecom/,Ooredoo Telecom,http://www.forbes.com/companies/ooredoo-telecom/,Qatar,Telecommunications services,26800000000,9300000000
http://www.forbes.com/companies/china-cinda-asset-management/,China Cinda Asset Management,http://www.forbes.com/companies/china-cinda-asset-management/,China,,46200000000,4000000000
http://www.forbes.com/companies/ingersoll-rand/,Ingersoll-Rand,http://www.forbes.com/companies/ingersoll-rand/,Ireland,Conglomerates,17700000000,12400000000
http://www.forbes.com/companies/ptt-global-chemical/,PTT Global Chemical,http://www.forbes.com/companies/ptt-global-chemical/,Thailand,Diversified Chemicals,13200000000,18000000000
http://www.forbes.com/companies/sanlam/,Sanlam,http://www.forbes.com/companies/sanlam/,South Africa,Life & Health Insurance,53300000000,5700000000
http://www.forbes.com/companies/banco-de-sabadell/,Banco de Sabadell,http://www.forbes.com/companies/banco-de-sabadell/,Spain,Regional Banks,225200000000,9500000000
http://www.forbes.com/companies/li-fung/,Li & Fung,http://www.forbes.com/companies/li-fung/,Hong Kong,Trading Companies,12500000000,20700000000
http://www.forbes.com/companies/liberty-interactive/,Liberty Interactive,http://www.forbes.com/companies/liberty-interactive/,United States of America,Internet & Catalog Retail,24400000000,11300000000
http://www.forbes.com/companies/henderson-land/,Henderson Land,http://www.forbes.com/companies/henderson-land/,Hong Kong,Real Estate,39200000000,3000000000
http://www.forbes.com/companies/csr/,CSR,http://www.forbes.com/companies/csr/,China,Heavy Equipment,19000000000,14100000000
http://www.forbes.com/companies/erste-group-bank/,Erste Group Bank,http://www.forbes.com/companies/erste-group-bank/,Austria,Major Banks,275400000000,12600000000
http://www.forbes.com/companies/scor/,Scor,http://www.forbes.com/companies/scor/,France,Diversified Insurance,45500000000,12800000000
http://www.forbes.com/companies/china-steel/,China Steel,http://www.forbes.com/companies/china-steel/,"Taiwan, Province of China[a]",Iron & Steel,22900000000,11700000000
http://www.forbes.com/companies/technip/,Technip,http://www.forbes.com/companies/technip/,France,Oil Services & Equipment,18300000000,12400000000
http://www.forbes.com/companies/gd-power-development/,GD Power Development,http://www.forbes.com/companies/gd-power-development/,China,Electric Utilities,40400000000,10800000000
http://www.forbes.com/companies/nucor/,Nucor,http://www.forbes.com/companies/nucor/,United States of America,Iron & Steel,15200000000,19100000000
http://www.forbes.com/companies/hilton-worldwide/,Hilton Worldwide Holdings,http://www.forbes.com/companies/hilton-worldwide/,United States of America,Hotels & Motels,26700000000,9700000000
http://www.forbes.com/companies/china-coal-energy/,China Coal Energy,http://www.forbes.com/companies/china-coal-energy/,China,Diversified Metals & Mining,35500000000,13200000000
http://www.forbes.com/companies/nan-ya-plastics/,Nan Ya Plastics,http://www.forbes.com/companies/nan-ya-plastics/,"Taiwan, Province of China[a]",Diversified Chemicals,17400000000,10200000000
http://www.forbes.com/companies/gd-midea-holding/,Midea Group Co. Ltd.,http://www.forbes.com/companies/gd-midea-holding/,China,Household Appliances,16000000000,19600000000
http://www.forbes.com/companies/new-world-development/,New World Development,http://www.forbes.com/companies/new-world-development/,Hong Kong,Real Estate,45700000000,6400000000
http://www.forbes.com/companies/gap/,Gap,http://www.forbes.com/companies/gap/,United States of America,Apparel/Footwear Retail,7800000000,16100000000
http://www.forbes.com/companies/sekisui-house/,Sekisui House,http://www.forbes.com/companies/sekisui-house/,Japan,Construction Services,17300000000,18300000000
http://www.forbes.com/companies/daiichi-sankyo/,Daiichi Sankyo,http://www.forbes.com/companies/daiichi-sankyo/,Japan,Pharmaceuticals,17300000000,10900000000
http://www.forbes.com/companies/crh/,CRH,http://www.forbes.com/companies/crh/,Ireland,Construction Materials,28200000000,23900000000
http://www.forbes.com/companies/idemitsu-kosan/,Idemitsu Kosan,http://www.forbes.com/companies/idemitsu-kosan/,Japan,Oil & Gas Operations,29100000000,49900000000
http://www.forbes.com/companies/grupo-pao-de-acucar/,Grupo Pão de Açúcar,http://www.forbes.com/companies/grupo-pao-de-acucar/,Brazil,Food Retail,16100000000,26700000000
http://www.forbes.com/companies/bangkok-bank/,Bangkok Bank,http://www.forbes.com/companies/bangkok-bank/,Thailand,Regional Banks,79000000000,4600000000
http://www.forbes.com/companies/westfield-group/,Westfield Group,http://www.forbes.com/companies/westfield-group/,Australia,Real Estate,31200000000,2300000000
http://www.forbes.com/companies/keycorp/,KeyCorp,http://www.forbes.com/companies/keycorp/,United States of America,Regional Banks,92900000000,4300000000
http://www.forbes.com/companies/davita/,DaVita,http://www.forbes.com/companies/davita/,United States of America,Healthcare Services,17100000000,11800000000
http://www.forbes.com/companies/yahoo/,Yahoo,http://www.forbes.com/companies/yahoo/,United States of America,Computer Services,16800000000,4700000000
http://www.forbes.com/companies/kansai-electric-power/,Kansai Electric Power,http://www.forbes.com/companies/kansai-electric-power/,Japan,Electric Utilities,72000000000,32500000000
http://www.forbes.com/companies/national-bank-of-kuwait/,National Bank of Kuwait,http://www.forbes.com/companies/national-bank-of-kuwait/,Kuwait,Regional Banks,65900000000,2500000000
http://www.forbes.com/companies/deutsche-boerse/,Deutsche Boerse,http://www.forbes.com/companies/deutsche-boerse/,,Investment Services,260900000000,3000000000
http://www.forbes.com/companies/veolia-environnement/,Veolia Environnement,http://www.forbes.com/companies/veolia-environnement/,France,Diversified Utilities,49900000000,29600000000
http://www.forbes.com/companies/mobily/,Mobily,http://www.forbes.com/companies/mobily/,Saudi Arabia,Telecommunications services,12400000000,6700000000
http://www.forbes.com/companies/marks-spencer/,Marks & Spencer,http://www.forbes.com/companies/marks-spencer/,United Kingdom of Great Britain and Northern Ireland,Department Stores,12500000000,15900000000
http://www.forbes.com/companies/samba-financial-group/,Samba Financial Group,http://www.forbes.com/companies/samba-financial-group/,Saudi Arabia,Regional Banks,54700000000,2000000000
http://www.forbes.com/companies/baidu/,Baidu,http://www.forbes.com/companies/baidu/,China,Computer Services,11700000000,5200000000
http://www.forbes.com/companies/resolution/,Resolution,http://www.forbes.com/companies/resolution/,United Kingdom of Great Britain and Northern Ireland,Life & Health Insurance,210800000000,17200000000
http://www.forbes.com/companies/northern-trust/,Northern Trust,http://www.forbes.com/companies/northern-trust/,United States of America,Regional Banks,102900000000,4000000000
http://www.forbes.com/companies/infosys/,Infosys,http://www.forbes.com/companies/infosys/,India,Computer Services,8700000000,8100000000
http://www.forbes.com/companies/american-airlines-group/,American Airlines Group,http://www.forbes.com/companies/american-airlines-group/,United States of America,,26800000000,25800000000
http://www.forbes.com/companies/fujitsu/,Fujitsu,http://www.forbes.com/companies/fujitsu/,Japan,Computer Hardware,30500000000,47300000000
http://www.forbes.com/companies/wheelock-co/,Wheelock & Co,http://www.forbes.com/companies/wheelock-co/,Hong Kong,Real Estate,62800000000,4300000000
http://www.forbes.com/companies/dentsu/,Dentsu,http://www.forbes.com/companies/dentsu/,Japan,Advertising,22200000000,22400000000
http://www.forbes.com/companies/wolseley/,Wolseley,http://www.forbes.com/companies/wolseley/,Switzerland,Construction Materials,10900000000,21000000000
http://www.forbes.com/companies/citic-securities/,Citic Securities,http://www.forbes.com/companies/citic-securities/,China,Investment Services,44800000000,2700000000
http://www.forbes.com/companies/williams-cos/,Williams Cos,http://www.forbes.com/companies/williams-cos/,United States of America,Oil Services & Equipment,27100000000,6900000000
http://www.forbes.com/companies/qbe-insurance-group/,QBE Insurance Group,http://www.forbes.com/companies/qbe-insurance-group/,Australia,Property & Casualty Insurance,47300000000,16100000000
http://www.forbes.com/companies/riyad-bank/,Riyad Bank,http://www.forbes.com/companies/riyad-bank/,Saudi Arabia,Regional Banks,54700000000,2200000000
http://www.forbes.com/companies/mitsubishi-chemical/,Mitsubishi Chemical,http://www.forbes.com/companies/mitsubishi-chemical/,Japan,Diversified Chemicals,33400000000,33400000000
http://www.forbes.com/companies/solvay/,Solvay,http://www.forbes.com/companies/solvay/,Belgium,Diversified Chemicals,25400000000,15100000000
http://www.forbes.com/companies/japan-airlines/,Japan Airlines,http://www.forbes.com/companies/japan-airlines/,Japan,Airline,12400000000,13200000000
http://www.forbes.com/companies/dongfeng-motor-group/,Dongfeng Motor Group,http://www.forbes.com/companies/dongfeng-motor-group/,China,Auto & Truck Manufacturers,19200000000,6100000000
http://www.forbes.com/companies/bombardier/,Bombardier,http://www.forbes.com/companies/bombardier/,Canada,Aerospace & Defense,29400000000,18200000000
http://www.forbes.com/companies/devon-energy/,Devon Energy,http://www.forbes.com/companies/devon-energy/,United States of America,Oil & Gas Operations,42900000000,10800000000
http://www.forbes.com/companies/galaxy-entertainment/,Galaxy Entertainment,http://www.forbes.com/companies/galaxy-entertainment/,Hong Kong,Casinos & Gaming,6000000000,8500000000
http://www.forbes.com/companies/luxottica-group/,Luxottica Group,http://www.forbes.com/companies/luxottica-group/,Italy,Specialty Stores,11100000000,9700000000
http://www.forbes.com/companies/becton-dickinson/,"Becton, Dickinson",http://www.forbes.com/companies/becton-dickinson/,United States of America,Medical Equipment & Supplies,12000000000,8200000000
http://www.forbes.com/companies/grupo-inbursa/,Grupo Inbursa,http://www.forbes.com/companies/grupo-inbursa/,Mexico,Regional Banks,27500000000,4400000000
http://www.forbes.com/companies/alcoa/,Alcoa,http://www.forbes.com/companies/alcoa/,United States of America,Aluminum,35700000000,23000000000
http://www.forbes.com/companies/thomson-reuters/,Thomson Reuters,http://www.forbes.com/companies/thomson-reuters/,United States of America,Printing & Publishing,32400000000,12700000000
http://www.forbes.com/companies/best-buy/,Best Buy,http://www.forbes.com/companies/best-buy/,United States of America,Computer & Electronics Retail,14000000000,42400000000
http://www.forbes.com/companies/west-japan-railway/,West Japan Railway,http://www.forbes.com/companies/west-japan-railway/,Japan,Railroads,24800000000,13500000000
http://www.forbes.com/companies/canadian-pacific-railway/,Canadian Pacific Railway,http://www.forbes.com/companies/canadian-pacific-railway/,Canada,Railroads,16100000000,6000000000
http://www.forbes.com/companies/brf-brasil-foods/,BRF-Brasil Foods,http://www.forbes.com/companies/brf-brasil-foods/,Brazil,Food Processing,13700000000,14100000000
http://www.forbes.com/companies/fosun-international/,Fosun International,http://www.forbes.com/companies/fosun-international/,China,Iron & Steel,30200000000,8300000000
http://www.forbes.com/companies/allergan/,Allergan,http://www.forbes.com/companies/allergan/,United States of America,Pharmaceuticals,10600000000,6300000000
http://www.forbes.com/companies/citic-pacific/,Citic Pacific,http://www.forbes.com/companies/citic-pacific/,Hong Kong,Iron & Steel,34500000000,11400000000
http://www.forbes.com/companies/itausa/,Itaúsa,http://www.forbes.com/companies/itausa/,Brazil,Conglomerates,17800000000,2600000000
http://www.forbes.com/companies/chinatrust-financial/,Chinatrust Financial,http://www.forbes.com/companies/chinatrust-financial/,"Taiwan, Province of China[a]",Consumer Financial Services,81400000000,5300000000
http://www.forbes.com/companies/allied-irish-banks/,Allied Irish Banks,http://www.forbes.com/companies/allied-irish-banks/,Ireland,Regional Banks,162500000000,5200000000
http://www.forbes.com/companies/trw-automotive-holdings/,TRW Automotive Holdings,http://www.forbes.com/companies/trw-automotive-holdings/,United States of America,Auto & Truck Parts,12300000000,17400000000
http://www.forbes.com/companies/metallurgical-corp-of-china/,Metallurgical Corp of China,http://www.forbes.com/companies/metallurgical-corp-of-china/,China,Construction Services,53300000000,32100000000
http://www.forbes.com/companies/bunge/,Bunge,http://www.forbes.com/companies/bunge/,United States of America,Food Processing,26800000000,61400000000
http://www.forbes.com/companies/kao-corp/,Kao Corp,http://www.forbes.com/companies/kao-corp/,Japan,Household/Personal Care,10800000000,13500000000
http://www.forbes.com/companies/idgc-holding/,IDGC Holding,http://www.forbes.com/companies/idgc-holding/,Russian Federation,Electric Utilities,61100000000,21300000000
http://www.forbes.com/companies/kering/,Kering,http://www.forbes.com/companies/kering/,France,Apparel/Accessories,31400000000,12900000000
http://www.forbes.com/companies/hyundai-steel/,Hyundai Steel,http://www.forbes.com/companies/hyundai-steel/,Korea (Republic of),Iron & Steel,28000000000,12400000000
http://www.forbes.com/companies/emirates-nbd/,Emirates NBD,http://www.forbes.com/companies/emirates-nbd/,United Arab Emirates,Regional Banks,93100000000,4000000000
http://www.forbes.com/companies/lg-electronics/,LG Electronics,http://www.forbes.com/companies/lg-electronics/,Korea (Republic of),Consumer Electronics,33700000000,53100000000
http://www.forbes.com/companies/motorola-solutions/,Motorola Solutions,http://www.forbes.com/companies/motorola-solutions/,United States of America,Communications Equipment,11900000000,8700000000
http://www.forbes.com/companies/telekom-indonesia/,Telekom Indonesia,http://www.forbes.com/companies/telekom-indonesia/,India,Telecommunications services,10500000000,7900000000
http://www.forbes.com/companies/noble-energy/,Noble Energy,http://www.forbes.com/companies/noble-energy/,United States of America,Oil & Gas Operations,19600000000,4800000000
http://www.forbes.com/companies/enbw-energie-baden/,EnBW-Energie Baden,http://www.forbes.com/companies/enbw-energie-baden/,,Electric Utilities,49800000000,27300000000
http://www.forbes.com/companies/barrick-gold/,Barrick Gold,http://www.forbes.com/companies/barrick-gold/,Canada,Diversified Metals & Mining,37400000000,12600000000
http://www.forbes.com/companies/cognizant-technology/,Cognizant Technology,http://www.forbes.com/companies/cognizant-technology/,United States of America,Computer Services,8200000000,8800000000
http://www.forbes.com/companies/international-airlines/,International Airlines,http://www.forbes.com/companies/international-airlines/,United Kingdom of Great Britain and Northern Ireland,Airline,28600000000,24700000000
http://www.forbes.com/companies/mercantil-servicios/,Mercantil Servicios,http://www.forbes.com/companies/mercantil-servicios/,Venezuela (Bolivarian Republic of),Regional Banks,38000000000,4100000000
http://www.forbes.com/companies/peugeot/,Peugeot,http://www.forbes.com/companies/peugeot/,France,Auto & Truck Manufacturers,82200000000,71800000000
http://www.forbes.com/companies/murata-manufacturing/,Murata Manufacturing,http://www.forbes.com/companies/murata-manufacturing/,Japan,Electronics,11600000000,8400000000
http://www.forbes.com/companies/cencosud/,Cencosud,http://www.forbes.com/companies/cencosud/,Chile,Food Retail,19200000000,20700000000
http://www.forbes.com/companies/tyco-international/,Tyco International,http://www.forbes.com/companies/tyco-international/,Switzerland,Security Systems,12000000000,10700000000
http://www.forbes.com/companies/chubu-electric-power/,Chubu Electric Power,http://www.forbes.com/companies/chubu-electric-power/,Japan,Electric Utilities,54900000000,28100000000
http://www.forbes.com/companies/estee-lauder-cos/,Estée Lauder Cos,http://www.forbes.com/companies/estee-lauder-cos/,United States of America,Household/Personal Care,7800000000,10400000000
http://www.forbes.com/companies/skanska/,Skanska,http://www.forbes.com/companies/skanska/,Sweden,Construction Services,13600000000,21000000000
http://www.forbes.com/companies/l-3-communications/,L-3 Communications,http://www.forbes.com/companies/l-3-communications/,United States of America,Aerospace & Defense,14000000000,12600000000
http://www.forbes.com/companies/leucadia-national/,Leucadia National,http://www.forbes.com/companies/leucadia-national/,United States of America,Conglomerates,47900000000,10600000000
http://www.forbes.com/companies/vmware/,VMware,http://www.forbes.com/companies/vmware/,United States of America,Software & Programming,12300000000,5200000000
http://www.forbes.com/companies/kuehne-plus-nagel/,Kuehne + Nagel,http://www.forbes.com/companies/kuehne-plus-nagel/,Switzerland,Other Transportation,6900000000,22600000000
http://www.forbes.com/companies/eastman-chemical/,Eastman Chemical,http://www.forbes.com/companies/eastman-chemical/,United States of America,Specialized Chemicals,11800000000,9400000000
http://www.forbes.com/companies/lg-display/,LG Display,http://www.forbes.com/companies/lg-display/,Korea (Republic of),Electronics,20600000000,24700000000
http://www.forbes.com/companies/cemex/,Cemex,http://www.forbes.com/companies/cemex/,Mexico,Construction Materials,37900000000,15300000000
http://www.forbes.com/companies/shimao-property-holdings/,Shimao Property Holdings,http://www.forbes.com/companies/shimao-property-holdings/,Hong Kong,Real Estate,29000000000,6800000000
http://www.forbes.com/companies/saudi-british-bank/,Saudi British Bank,http://www.forbes.com/companies/saudi-british-bank/,Saudi Arabia,Regional Banks,47300000000,1700000000
http://www.forbes.com/companies/cameron-international/,Cameron International,http://www.forbes.com/companies/cameron-international/,United States of America,Oil Services & Equipment,14200000000,9800000000
http://www.forbes.com/companies/mediolanum/,Mediolanum,http://www.forbes.com/companies/mediolanum/,Italy,Life & Health Insurance,53800000000,11200000000
http://www.forbes.com/companies/discovery-communications/,Discovery Communications,http://www.forbes.com/companies/discovery-communications/,United States of America,Broadcasting & Cable,15000000000,5500000000
http://www.forbes.com/companies/china-yangtze-power/,China Yangtze Power,http://www.forbes.com/companies/china-yangtze-power/,China,Electric Utilities,25400000000,3800000000
http://www.forbes.com/companies/punjab-national-bank/,Punjab National Bank,http://www.forbes.com/companies/punjab-national-bank/,India,Regional Banks,91400000000,8700000000
http://www.forbes.com/companies/china-cnr/,China CNR,http://www.forbes.com/companies/china-cnr/,China,Heavy Equipment,19800000000,14600000000
http://www.forbes.com/companies/grupa-pzu/,Grupa PZU,http://www.forbes.com/companies/grupa-pzu/,Poland,Property & Casualty Insurance,19600000000,6000000000
http://www.forbes.com/companies/capgemini/,Capgemini,http://www.forbes.com/companies/capgemini/,France,Computer Services,14000000000,13400000000
http://www.forbes.com/companies/krung-thai-bank/,Krung Thai Bank,http://www.forbes.com/companies/krung-thai-bank/,Thailand,Regional Banks,76500000000,4500000000
http://www.forbes.com/companies/republic-services/,Republic Services,http://www.forbes.com/companies/republic-services/,United States of America,Environmental & Waste,19900000000,8400000000
http://www.forbes.com/companies/bank-of-baroda/,Bank of Baroda,http://www.forbes.com/companies/bank-of-baroda/,India,Regional Banks,102900000000,7500000000
http://www.forbes.com/companies/sinohydro-group/,Sinohydro Group,http://www.forbes.com/companies/sinohydro-group/,China,Construction Services,35400000000,19700000000
http://www.forbes.com/companies/mahindra-mahindra/,Mahindra & Mahindra,http://www.forbes.com/companies/mahindra-mahindra/,India,Auto & Truck Manufacturers,14100000000,12400000000
http://www.forbes.com/companies/san-miguel/,San Miguel,http://www.forbes.com/companies/san-miguel/,Philippines,Conglomerates,25300000000,17600000000
http://www.forbes.com/companies/valeo/,Valeo,http://www.forbes.com/companies/valeo/,France,Auto & Truck Parts,12500000000,16100000000
http://www.forbes.com/companies/rtl-group/,RTL Group,http://www.forbes.com/companies/rtl-group/,Luxembourg,Broadcasting & Cable,10400000000,7800000000
http://www.forbes.com/companies/baloise-group/,Bâloise Group,http://www.forbes.com/companies/baloise-group/,Switzerland,Diversified Insurance,84700000000,10400000000
http://www.forbes.com/companies/longfor-properties/,Longfor Properties,http://www.forbes.com/companies/longfor-properties/,China,Real Estate,23800000000,6800000000
http://www.forbes.com/companies/vienna-insurance-group/,Vienna Insurance Group,http://www.forbes.com/companies/vienna-insurance-group/,Austria,Diversified Insurance,55000000000,13300000000
http://www.forbes.com/companies/goodyear/,Goodyear,http://www.forbes.com/companies/goodyear/,United States of America,Auto & Truck Parts,17500000000,19500000000
http://www.forbes.com/companies/kpn/,KPN,http://www.forbes.com/companies/kpn/,Netherlands,Telecommunications services,35600000000,13200000000
http://www.forbes.com/companies/aes/,AES,http://www.forbes.com/companies/aes/,United States of America,Electric Utilities,40400000000,16100000000
http://www.forbes.com/companies/fluor/,Fluor,http://www.forbes.com/companies/fluor/,United States of America,Construction Services,8300000000,27400000000
http://www.forbes.com/companies/abu-dhabi-commercial/,Abu Dhabi Commercial Bank,http://www.forbes.com/companies/abu-dhabi-commercial/,United Arab Emirates,Regional Banks,49900000000,2500000000
http://www.forbes.com/companies/weyerhaeuser/,Weyerhaeuser,http://www.forbes.com/companies/weyerhaeuser/,United States of America,Real Estate,14500000000,8600000000
http://www.forbes.com/companies/mylan/,Mylan,http://www.forbes.com/companies/mylan/,United States of America,Pharmaceuticals,15200000000,7000000000
http://www.forbes.com/companies/bank-of-east-asia/,Bank of East Asia,http://www.forbes.com/companies/bank-of-east-asia/,Hong Kong,Regional Banks,97200000000,4100000000
http://www.forbes.com/companies/ensco/,Ensco,http://www.forbes.com/companies/ensco/,United Kingdom of Great Britain and Northern Ireland,Oil Services & Equipment,19500000000,4900000000
http://www.forbes.com/companies/antarchile/,AntarChile,http://www.forbes.com/companies/antarchile/,Chile,Investment Services,22100000000,24400000000
http://www.forbes.com/companies/hollyfrontier/,HollyFrontier,http://www.forbes.com/companies/hollyfrontier/,United States of America,Oil & Gas Operations,10100000000,20200000000
http://www.forbes.com/companies/woori-finance-holdings/,Woori Finance Holdings,http://www.forbes.com/companies/woori-finance-holdings/,Korea (Republic of),Investment Services,309700000000,10800000000
http://www.forbes.com/companies/china-shipbuilding-industry/,China Shipbuilding Industry,http://www.forbes.com/companies/china-shipbuilding-industry/,China,Heavy Equipment,28600000000,7900000000
http://www.forbes.com/companies/bank-hapoalim/,Bank Hapoalim,http://www.forbes.com/companies/bank-hapoalim/,Israel,Major Banks,109500000000,5000000000
http://www.forbes.com/companies/stanley-black-decker/,Stanley Black & Decker,http://www.forbes.com/companies/stanley-black-decker/,United States of America,Household/Personal Care,16500000000,11000000000
http://www.forbes.com/companies/sjm-holdings/,SJM Holdings,http://www.forbes.com/companies/sjm-holdings/,Hong Kong,Casinos & Gaming,5500000000,11300000000
http://www.forbes.com/companies/alfa/,ALFA,http://www.forbes.com/companies/alfa/,Mexico,Conglomerates,12600000000,15900000000
http://www.forbes.com/companies/dover/,Dover,http://www.forbes.com/companies/dover/,United States of America,Conglomerates,10800000000,8700000000
http://www.forbes.com/companies/bed-bath-beyond/,Bed Bath & Beyond,http://www.forbes.com/companies/bed-bath-beyond/,United States of America,Specialty Stores,6500000000,11700000000
http://www.forbes.com/companies/upm-kymmene/,UPM-Kymmene,http://www.forbes.com/companies/upm-kymmene/,Finland,Paper & Paper Products,20100000000,13300000000
http://www.forbes.com/companies/itc/,ITC,http://www.forbes.com/companies/itc/,India,Tobacco,6600000000,5800000000
http://www.forbes.com/companies/waste-management/,Waste Management,http://www.forbes.com/companies/waste-management/,United States of America,Environmental & Waste,22600000000,14000000000
http://www.forbes.com/companies/mega-financial-holding/,Mega Financial Holding,http://www.forbes.com/companies/mega-financial-holding/,"Taiwan, Province of China[a]",Investment Services,95400000000,2400000000
http://www.forbes.com/companies/lg-corp/,LG Corp,http://www.forbes.com/companies/lg-corp/,Korea (Republic of),Household Appliances,15700000000,9000000000
http://www.forbes.com/companies/invesco/,Invesco,http://www.forbes.com/companies/invesco/,United States of America,Investment Services,19300000000,4700000000
http://www.forbes.com/companies/american-capital-agency/,American Capital Agency,http://www.forbes.com/companies/american-capital-agency/,United States of America,Real Estate,76300000000,2000000000
http://www.forbes.com/companies/kone/,Kone,http://www.forbes.com/companies/kone/,Finland,Construction Services,7400000000,9200000000
http://www.forbes.com/companies/pearson/,Pearson,http://www.forbes.com/companies/pearson/,United Kingdom of Great Britain and Northern Ireland,Printing & Publishing,18100000000,7900000000
http://www.forbes.com/companies/alcatel-lucent/,Alcatel-Lucent,http://www.forbes.com/companies/alcatel-lucent/,France,Communications Equipment,30200000000,19200000000
http://www.forbes.com/companies/great-wall-motor/,Great Wall Motor,http://www.forbes.com/companies/great-wall-motor/,China,Auto & Truck Manufacturers,8700000000,8900000000
http://www.forbes.com/companies/lixil-group/,Lixil Group,http://www.forbes.com/companies/lixil-group/,Japan,Construction Materials,16200000000,15800000000
http://www.forbes.com/companies/voestalpine/,Voestalpine,http://www.forbes.com/companies/voestalpine/,Austria,Iron & Steel,17000000000,14900000000
http://www.forbes.com/companies/hanwha-life-insurance/,Hanwha Life Insurance,http://www.forbes.com/companies/hanwha-life-insurance/,Korea (Republic of),Life & Health Insurance,78000000000,12500000000
http://www.forbes.com/companies/hertz-global-holdings/,Hertz Global Holdings,http://www.forbes.com/companies/hertz-global-holdings/,United States of America,Rental & Leasing,24600000000,10800000000
http://www.forbes.com/companies/galp-energia/,Galp Energia,http://www.forbes.com/companies/galp-energia/,Portugal,Oil & Gas Operations,18900000000,26000000000
http://www.forbes.com/companies/formosa-plastics/,Formosa Plastics,http://www.forbes.com/companies/formosa-plastics/,"Taiwan, Province of China[a]",Specialized Chemicals,13400000000,7300000000
http://www.forbes.com/companies/autozone/,AutoZone,http://www.forbes.com/companies/autozone/,United States of America,Specialty Stores,7300000000,9400000000
http://www.forbes.com/companies/eiffage/,Eiffage,http://www.forbes.com/companies/eiffage/,France,Construction Services,37700000000,18900000000
http://www.forbes.com/companies/symantec/,Symantec,http://www.forbes.com/companies/symantec/,United States of America,Software & Programming,13300000000,6800000000
http://www.forbes.com/companies/wipro/,Wipro,http://www.forbes.com/companies/wipro/,India,Computer Services,7800000000,7100000000
http://www.forbes.com/companies/nielsen-holdings/,Nielsen Holdings,http://www.forbes.com/companies/nielsen-holdings/,United States of America,Printing & Publishing,15500000000,5800000000
http://www.forbes.com/companies/l-brands/,L Brands,http://www.forbes.com/companies/l-brands/,United States of America,Apparel/Footwear Retail,7200000000,10800000000
http://www.forbes.com/companies/origin-energy/,Origin Energy,http://www.forbes.com/companies/origin-energy/,Australia,Electric Utilities,27200000000,14000000000
http://www.forbes.com/companies/ubi-banca/,UBI Banca,http://www.forbes.com/companies/ubi-banca/,Italy,Regional Banks,171200000000,6800000000
http://www.forbes.com/companies/rakuten/,Rakuten,http://www.forbes.com/companies/rakuten/,Japan,Internet & Catalog Retail,30500000000,5300000000
http://www.forbes.com/companies/fanuc/,Fanuc,http://www.forbes.com/companies/fanuc/,Japan,Other Industrial Equipment,12300000000,4500000000
http://www.forbes.com/companies/sherwin-williams/,Sherwin-Williams,http://www.forbes.com/companies/sherwin-williams/,United States of America,Home Improvement Retail,6400000000,10200000000
http://www.forbes.com/companies/naspers/,Naspers,http://www.forbes.com/companies/naspers/,South Africa,Broadcasting & Cable,12000000000,6100000000
http://www.forbes.com/companies/actavis/,Actavis,http://www.forbes.com/companies/actavis/,Ireland,Pharmaceuticals,22700000000,8700000000
http://www.forbes.com/companies/tokyu/,Tokyu,http://www.forbes.com/companies/tokyu/,Japan,Railroads,19000000000,11200000000
http://www.forbes.com/companies/royal-caribbean-cruises/,Royal Caribbean Cruises,http://www.forbes.com/companies/royal-caribbean-cruises/,United States of America,Hotels & Motels,20100000000,8000000000
http://www.forbes.com/companies/axiata-group/,Axiata Group,http://www.forbes.com/companies/axiata-group/,Malaysia,Communications Equipment,13300000000,5800000000
http://www.forbes.com/companies/datang-international-power/,Datang International Power,http://www.forbes.com/companies/datang-international-power/,China,Electric Utilities,49200000000,12100000000
http://www.forbes.com/companies/essilor-international/,Essilor International,http://www.forbes.com/companies/essilor-international/,France,Medical Equipment & Supplies,10400000000,6700000000
http://www.forbes.com/companies/assa-abloy/,Assa Abloy,http://www.forbes.com/companies/assa-abloy/,Sweden,Other Industrial Equipment,10200000000,7400000000
http://www.forbes.com/companies/reed-elsevier/,Reed Elsevier,http://www.forbes.com/companies/reed-elsevier/,United Kingdom of Great Britain and Northern Ireland,Printing & Publishing,2100000000,9400000000
http://www.forbes.com/companies/constellation-brands/,Constellation Brands,http://www.forbes.com/companies/constellation-brands/,United States of America,Beverages,14300000000,4300000000
http://www.forbes.com/companies/sandisk/,SanDisk,http://www.forbes.com/companies/sandisk/,United States of America,Computer Storage Devices,10500000000,6200000000
http://www.forbes.com/companies/applied-materials/,Applied Materials,http://www.forbes.com/companies/applied-materials/,United States of America,Semiconductors,12200000000,8100000000
http://www.forbes.com/companies/whole-foods-market/,Whole Foods Market,http://www.forbes.com/companies/whole-foods-market/,United States of America,Food Retail,5700000000,13300000000
http://www.forbes.com/companies/ica-gruppen/,ICA Gruppen,http://www.forbes.com/companies/ica-gruppen/,Sweden,Printing & Publishing,10700000000,11900000000
http://www.forbes.com/companies/hcp/,HCP,http://www.forbes.com/companies/hcp/,United States of America,Real Estate,20100000000,2100000000
http://www.forbes.com/companies/oi/,Oi,http://www.forbes.com/companies/oi/,Brazil,Telecommunications services,29700000000,13200000000
http://www.forbes.com/companies/bharat-heavy-electricals/,Bharat Heavy Electricals,http://www.forbes.com/companies/bharat-heavy-electricals/,India,Electrical Equipment,13200000000,8900000000
http://www.forbes.com/companies/unipol-gruppo/,Unipol Gruppo,http://www.forbes.com/companies/unipol-gruppo/,Italy,Diversified Insurance,111200000000,26300000000
http://www.forbes.com/companies/kweichow-moutai/,Kweichow Moutai,http://www.forbes.com/companies/kweichow-moutai/,China,Beverages,9200000000,4600000000
http://www.forbes.com/companies/td-ameritrade-holding/,TD Ameritrade Holding,http://www.forbes.com/companies/td-ameritrade-holding/,United States of America,Investment Services,22200000000,2900000000
http://www.forbes.com/companies/grupo-televisa/,Grupo Televisa,http://www.forbes.com/companies/grupo-televisa/,Mexico,Broadcasting & Cable,15000000000,5800000000
http://www.forbes.com/companies/marriott-international/,Marriott International,http://www.forbes.com/companies/marriott-international/,United States of America,Hotels & Motels,6800000000,12800000000
http://www.forbes.com/companies/secom/,Secom,http://www.forbes.com/companies/secom/,Japan,Security Systems,12100000000,8300000000
http://www.forbes.com/companies/genuine-parts/,Genuine Parts,http://www.forbes.com/companies/genuine-parts/,United States of America,Specialty Stores,7700000000,14100000000
http://www.forbes.com/companies/ross-stores/,Ross Stores,http://www.forbes.com/companies/ross-stores/,United States of America,Apparel/Footwear Retail,4100000000,10200000000
http://www.forbes.com/companies/rushydro/,RusHydro,http://www.forbes.com/companies/rushydro/,Russian Federation,Electric Utilities,27900000000,9800000000
http://www.forbes.com/companies/agilent-technologies/,Agilent Technologies,http://www.forbes.com/companies/agilent-technologies/,United States of America,Electronics,10600000000,6800000000
http://www.forbes.com/companies/textron/,Textron,http://www.forbes.com/companies/textron/,United States of America,Conglomerates,12900000000,12100000000
http://www.forbes.com/companies/staples/,Staples,http://www.forbes.com/companies/staples/,United States of America,Specialty Stores,11200000000,23100000000
http://www.forbes.com/companies/everest-re-group/,Everest Re Group,http://www.forbes.com/companies/everest-re-group/,Bermuda,Diversified Insurance,19800000000,5300000000
http://www.forbes.com/companies/weatherford-international/,Weatherford International,http://www.forbes.com/companies/weatherford-international/,Switzerland,Oil Services & Equipment,22000000000,15300000000
http://www.forbes.com/companies/land-securities-group/,Land Securities Group,http://www.forbes.com/companies/land-securities-group/,United Kingdom of Great Britain and Northern Ireland,Real Estate,19500000000,1200000000
http://www.forbes.com/companies/ww-grainger/,WW Grainger,http://www.forbes.com/companies/ww-grainger/,United States of America,Electrical Equipment,5300000000,9400000000
http://www.forbes.com/companies/american-tower/,American Tower,http://www.forbes.com/companies/american-tower/,United States of America,Real Estate,20300000000,3400000000
http://www.forbes.com/companies/jiangxi-copper/,Jiangxi Copper,http://www.forbes.com/companies/jiangxi-copper/,China,Diversified Metals & Mining,14700000000,28500000000
http://www.forbes.com/companies/bank-of-ireland/,Bank of Ireland,http://www.forbes.com/companies/bank-of-ireland/,Ireland,Major Banks,182100000000,5800000000
http://www.forbes.com/companies/chow-tai-fook-jewellery/,Chow Tai Fook Jewellery,http://www.forbes.com/companies/chow-tai-fook-jewellery/,Hong Kong,Apparel/Accessories,6900000000,9000000000
http://www.forbes.com/companies/samsung-ct/,Samsung C&T,http://www.forbes.com/companies/samsung-ct/,Korea (Republic of),Trading Companies,24100000000,26000000000
http://www.forbes.com/companies/beiersdorf/,Beiersdorf,http://www.forbes.com/companies/beiersdorf/,,Household/Personal Care,8000000000,8200000000
http://www.forbes.com/companies/computer-sciences/,Computer Sciences,http://www.forbes.com/companies/computer-sciences/,United States of America,Computer Services,11200000000,13200000000
http://www.forbes.com/companies/pgnig-group/,Pgnig Group,http://www.forbes.com/companies/pgnig-group/,Poland,Oil & Gas Operations,15600000000,10200000000
http://www.forbes.com/companies/samsung-heavy-inds/,Samsung Heavy Industries,http://www.forbes.com/companies/samsung-heavy-inds/,Korea (Republic of),Heavy Equipment,16500000000,13600000000
http://www.forbes.com/companies/cf-industries-holdings/,CF Industries Holdings,http://www.forbes.com/companies/cf-industries-holdings/,United States of America,Specialized Chemicals,10900000000,5500000000
http://www.forbes.com/companies/credicorp/,Credicorp,http://www.forbes.com/companies/credicorp/,,Regional Banks,41000000000,4500000000
http://www.forbes.com/companies/industries-qatar/,Industries Qatar,http://www.forbes.com/companies/industries-qatar/,Qatar,Specialized Chemicals,9600000000,1600000000
http://www.forbes.com/companies/hershey/,Hershey,http://www.forbes.com/companies/hershey/,United States of America,Food Processing,5400000000,7100000000
http://www.forbes.com/companies/sinopharm-group/,Sinopharm Group,http://www.forbes.com/companies/sinopharm-group/,China,Pharmaceuticals,17400000000,27100000000
http://www.forbes.com/companies/power-assets-holdings/,Power Assets Holdings,http://www.forbes.com/companies/power-assets-holdings/,Hong Kong,Electric Utilities,13600000000,1300000000
http://www.forbes.com/companies/belgacom/,Belgacom,http://www.forbes.com/companies/belgacom/,Belgium,Telecommunications services,11600000000,8300000000
http://www.forbes.com/companies/areva/,Areva,http://www.forbes.com/companies/areva/,France,Diversified Utilities,41300000000,12000000000
http://www.forbes.com/companies/rostelecom/,Rostelecom,http://www.forbes.com/companies/rostelecom/,Russian Federation,Telecommunications services,16800000000,10000000000
http://www.forbes.com/companies/dsm/,DSM,http://www.forbes.com/companies/dsm/,Netherlands,Diversified Chemicals,16600000000,12000000000
http://www.forbes.com/companies/cit-group/,CIT Group,http://www.forbes.com/companies/cit-group/,United States of America,Consumer Financial Services,47100000000,3500000000
http://www.forbes.com/companies/nordstrom/,Nordstrom,http://www.forbes.com/companies/nordstrom/,United States of America,Department Stores,8600000000,12500000000
http://www.forbes.com/companies/vakifbank/,VakifBank,http://www.forbes.com/companies/vakifbank/,Turkey,Regional Banks,62900000000,6300000000
http://www.forbes.com/companies/hanwha-corp/,Hanwha Corp,http://www.forbes.com/companies/hanwha-corp/,Korea (Republic of),Trading Companies,107400000000,35400000000
http://www.forbes.com/companies/kobe-steel/,Kobe Steel,http://www.forbes.com/companies/kobe-steel/,Japan,Iron & Steel,21200000000,18100000000
http://www.forbes.com/companies/cemig/,Cemig,http://www.forbes.com/companies/cemig/,Brazil,Electric Utilities,12600000000,6800000000
http://www.forbes.com/companies/genting/,Genting,http://www.forbes.com/companies/genting/,Malaysia,Casinos & Gaming,21800000000,5600000000
http://www.forbes.com/companies/financiere-de-lodet/,Financiere de l'Odet,http://www.forbes.com/companies/financiere-de-lodet/,France,Conglomerates,19600000000,13100000000
http://www.forbes.com/companies/zhejiang-zheneng-electric-power/,Zhejiang Zheneng Electric Power,http://www.forbes.com/companies/zhejiang-zheneng-electric-power/,China,Electric Utilities,15200000000,7500000000
http://www.forbes.com/companies/boston-properties/,Boston Properties,http://www.forbes.com/companies/boston-properties/,United States of America,Real Estate,20200000000,2100000000
http://www.forbes.com/companies/starbucks/,Starbucks,http://www.forbes.com/companies/starbucks/,United States of America,Restaurants,10300000000,15300000000
http://www.forbes.com/companies/nec/,NEC,http://www.forbes.com/companies/nec/,Japan,Electronics,24200000000,30600000000
http://www.forbes.com/companies/valeant-pharmaceuticals/,Valeant Pharmaceuticals,http://www.forbes.com/companies/valeant-pharmaceuticals/,Canada,Pharmaceuticals,28000000000,5800000000
http://www.forbes.com/companies/news-corp/,News Corp,http://www.forbes.com/companies/news-corp/,United States of America,Broadcasting & Cable,16000000000,8800000000
http://www.forbes.com/companies/finatis/,Finatis,http://www.forbes.com/companies/finatis/,France,Food Retail,56600000000,65500000000
http://www.forbes.com/companies/phoenix-group-holdings/,Phoenix Group Holdings,http://www.forbes.com/companies/phoenix-group-holdings/,United Kingdom of Great Britain and Northern Ireland,Life & Health Insurance,124000000000,6900000000
http://www.forbes.com/companies/tesoro/,Tesoro,http://www.forbes.com/companies/tesoro/,United States of America,Oil & Gas Operations,13400000000,38400000000
http://www.forbes.com/companies/gkn/,GKN,http://www.forbes.com/companies/gkn/,United Kingdom of Great Britain and Northern Ireland,Auto & Truck Parts,10300000000,11200000000
http://www.forbes.com/companies/nippon-yusen/,Nippon Yusen,http://www.forbes.com/companies/nippon-yusen/,Japan,Other Transportation,25100000000,22000000000
http://www.forbes.com/companies/csl/,CSL,http://www.forbes.com/companies/csl/,Australia,Biotechs,6200000000,5000000000
http://www.forbes.com/companies/shanghai-international-port/,Shanghai International Port,http://www.forbes.com/companies/shanghai-international-port/,China,Other Transportation,14600000000,4600000000
http://www.forbes.com/companies/nrg-energy/,NRG Energy,http://www.forbes.com/companies/nrg-energy/,United States of America,Electric Utilities,33900000000,11800000000
http://www.forbes.com/companies/banque-saudi-fransi/,Banque Saudi Fransi,http://www.forbes.com/companies/banque-saudi-fransi/,Saudi Arabia,Regional Banks,45300000000,1600000000
http://www.forbes.com/companies/dexia/,Dexia,http://www.forbes.com/companies/dexia/,Belgium,Major Banks,307800000000,20200000000
http://www.forbes.com/companies/kt-corp/,KT Corp,http://www.forbes.com/companies/kt-corp/,Korea (Republic of),Telecommunications services,33000000000,21800000000
http://www.forbes.com/companies/banque-nationale-de-belgique/,Banque nationale de Belgique,http://www.forbes.com/companies/banque-nationale-de-belgique/,Belgium,Major Banks,144700000000,2900000000
http://www.forbes.com/companies/huadian-power-international/,Huadian Power International,http://www.forbes.com/companies/huadian-power-international/,China,Electric Utilities,28500000000,10800000000
http://www.forbes.com/companies/ryanair-holdings/,Ryanair Holdings,http://www.forbes.com/companies/ryanair-holdings/,Ireland,Airline,11400000000,6700000000
http://www.forbes.com/companies/carmax/,CarMax,http://www.forbes.com/companies/carmax/,United States of America,Specialty Stores,11300000000,12300000000
http://www.forbes.com/companies/shanghai-electric-group/,Shanghai Electric Group,http://www.forbes.com/companies/shanghai-electric-group/,China,Heavy Equipment,21400000000,12800000000
http://www.forbes.com/companies/investec/,Investec,http://www.forbes.com/companies/investec/,United Kingdom of Great Britain and Northern Ireland,Investment Services,77000000000,5400000000
http://www.forbes.com/companies/aluminum-corp-of-china/,Aluminum Corp of China,http://www.forbes.com/companies/aluminum-corp-of-china/,China,Aluminum,33000000000,28100000000
http://www.forbes.com/companies/hermes-international/,Hermès International,http://www.forbes.com/companies/hermes-international/,France,Apparel/Accessories,4600000000,5000000000
http://www.forbes.com/companies/nisource/,NiSource,http://www.forbes.com/companies/nisource/,United States of America,Natural Gas Utilities,22700000000,5700000000
http://www.forbes.com/companies/huntington-bancshares/,Huntington Bancshares,http://www.forbes.com/companies/huntington-bancshares/,United States of America,Regional Banks,59500000000,2800000000
http://www.forbes.com/companies/rsa-insurance-group/,RSA Insurance Group,http://www.forbes.com/companies/rsa-insurance-group/,United Kingdom of Great Britain and Northern Ireland,Property & Casualty Insurance,33000000000,14500000000
http://www.forbes.com/companies/haitong-securities/,Haitong Securities,http://www.forbes.com/companies/haitong-securities/,China,Investment Services,22200000000,2100000000
http://www.forbes.com/companies/pentair/,Pentair,http://www.forbes.com/companies/pentair/,Switzerland,Other Industrial Equipment,11700000000,7500000000
http://www.forbes.com/companies/onex/,Onex,http://www.forbes.com/companies/onex/,Canada,Investment Services,36900000000,29000000000
http://www.forbes.com/companies/dassault-aviation/,Dassault Aviation,http://www.forbes.com/companies/dassault-aviation/,France,Aerospace & Defense,13900000000,6100000000
http://www.forbes.com/companies/sumitomo-metal-mining/,Sumitomo Metal Mining,http://www.forbes.com/companies/sumitomo-metal-mining/,Japan,Diversified Metals & Mining,14400000000,8500000000
http://www.forbes.com/companies/comerica/,Comerica,http://www.forbes.com/companies/comerica/,United States of America,Regional Banks,65500000000,2600000000
http://www.forbes.com/companies/hong-kong-china-gas/,Hong Kong & China Gas,http://www.forbes.com/companies/hong-kong-china-gas/,Hong Kong,Natural Gas Utilities,13700000000,3600000000
http://www.forbes.com/companies/oneok/,Oneok,http://www.forbes.com/companies/oneok/,United States of America,Oil Services & Equipment,17700000000,14600000000
http://www.forbes.com/companies/emaar-properties/,Emaar Properties,http://www.forbes.com/companies/emaar-properties/,United Arab Emirates,Real Estate,17700000000,2900000000
http://www.forbes.com/companies/link-reit/,Link REIT,http://www.forbes.com/companies/link-reit/,Hong Kong,Real Estate,13400000000,900000000
http://www.forbes.com/companies/gail-india/,GAIL India,http://www.forbes.com/companies/gail-india/,India,Natural Gas Utilities,12200000000,9300000000
http://www.forbes.com/companies/uni-president/,Uni-President,http://www.forbes.com/companies/uni-president/,"Taiwan, Province of China[a]",Food Processing,12400000000,14500000000
http://www.forbes.com/companies/hindalco-industries/,Hindalco Industries,http://www.forbes.com/companies/hindalco-industries/,India,Aluminum,22700000000,14600000000
http://www.forbes.com/companies/turkcell/,Turkcell,http://www.forbes.com/companies/turkcell/,Turkey,Telecommunications services,10000000000,6000000000
http://www.forbes.com/companies/reinsurance-group/,Reinsurance Group of America,http://www.forbes.com/companies/reinsurance-group/,United States of America,Diversified Insurance,39700000000,10300000000
http://www.forbes.com/companies/johnson-matthey/,Johnson Matthey,http://www.forbes.com/companies/johnson-matthey/,United Kingdom of Great Britain and Northern Ireland,Diversified Chemicals,6000000000,19100000000
http://www.forbes.com/companies/korea-gas/,Korea Gas,http://www.forbes.com/companies/korea-gas/,Korea (Republic of),Natural Gas Utilities,41400000000,34800000000
http://www.forbes.com/companies/mgm-resorts/,MGM Resorts,http://www.forbes.com/companies/mgm-resorts/,United States of America,Casinos & Gaming,26100000000,9800000000
http://www.forbes.com/companies/sm-investments/,SM Investments,http://www.forbes.com/companies/sm-investments/,Philippines,Department Stores,14300000000,5800000000
http://www.forbes.com/companies/broadcom/,Broadcom,http://www.forbes.com/companies/broadcom/,United States of America,Semiconductors,11500000000,8200000000
http://www.forbes.com/companies/bank-negara-indonesia/,Bank Negara Indonesia,http://www.forbes.com/companies/bank-negara-indonesia/,India,Regional Banks,31800000000,3400000000
http://www.forbes.com/companies/canara-bank/,Canara Bank,http://www.forbes.com/companies/canara-bank/,India,Major Banks,77200000000,6900000000
http://www.forbes.com/companies/kuwait-finance-house/,Kuwait Finance House,http://www.forbes.com/companies/kuwait-finance-house/,Kuwait,Regional Banks,54800000000,2800000000
http://www.forbes.com/companies/singapore-airlines/,Singapore Airlines,http://www.forbes.com/companies/singapore-airlines/,Singapore,Airline,17900000000,12200000000
http://www.forbes.com/companies/asustek-computer/,Asustek Computer,http://www.forbes.com/companies/asustek-computer/,"Taiwan, Province of China[a]",Computer Hardware,9100000000,15500000000
http://www.forbes.com/companies/antofagasta/,Antofagasta,http://www.forbes.com/companies/antofagasta/,United Kingdom of Great Britain and Northern Ireland,Diversified Metals & Mining,12400000000,6000000000
http://www.forbes.com/companies/fidelity-national-information/,Fidelity National Information,http://www.forbes.com/companies/fidelity-national-information/,United States of America,Business & Personal Services,14000000000,6100000000
http://www.forbes.com/companies/cathay-pacific/,Cathay Pacific Airways,http://www.forbes.com/companies/cathay-pacific/,Hong Kong,Airline,22100000000,13000000000
http://www.forbes.com/companies/st-jude-medical/,St Jude Medical,http://www.forbes.com/companies/st-jude-medical/,United States of America,Medical Equipment & Supplies,10200000000,5500000000
http://www.forbes.com/companies/cgi-group/,CGI Group,http://www.forbes.com/companies/cgi-group/,Canada,Computer Services,11100000000,9900000000
http://www.forbes.com/companies/noble-group/,Noble Group,http://www.forbes.com/companies/noble-group/,Hong Kong,Conglomerates,19700000000,97900000000
http://www.forbes.com/companies/bank-of-india/,Bank of India,http://www.forbes.com/companies/bank-of-india/,India,Regional Banks,84000000000,6600000000
http://www.forbes.com/companies/public-storage/,Public Storage,http://www.forbes.com/companies/public-storage/,United States of America,Real Estate,9900000000,2000000000
http://www.forbes.com/companies/jeronimo-martins/,Jeronimo Martins,http://www.forbes.com/companies/jeronimo-martins/,Portugal,Food Retail,7000000000,15700000000
http://www.forbes.com/companies/bank-of-greece/,Bank of Greece,http://www.forbes.com/companies/bank-of-greece/,Greece,Major Banks,150900000000,2800000000
http://www.forbes.com/companies/capitaland/,CapitaLand,http://www.forbes.com/companies/capitaland/,Singapore,Real Estate,28600000000,3300000000
http://www.forbes.com/companies/schroders/,Schroders,http://www.forbes.com/companies/schroders/,United Kingdom of Great Britain and Northern Ireland,Investment Services,27500000000,2800000000
http://www.forbes.com/companies/coca-cola-enterprises/,Coca-Cola Enterprises,http://www.forbes.com/companies/coca-cola-enterprises/,United States of America,Beverages,9500000000,8200000000
http://www.forbes.com/companies/tata-steel/,Tata Steel,http://www.forbes.com/companies/tata-steel/,India,Iron & Steel,27200000000,23800000000
http://www.forbes.com/companies/rockwell-automation/,Rockwell Automation,http://www.forbes.com/companies/rockwell-automation/,United States of America,Other Industrial Equipment,5900000000,6500000000
http://www.forbes.com/companies/finmeccanica/,Finmeccanica,http://www.forbes.com/companies/finmeccanica/,Italy,Aerospace & Defense,40800000000,20700000000
http://www.forbes.com/companies/avnet/,Avnet,http://www.forbes.com/companies/avnet/,United States of America,Electronics,11500000000,26700000000
http://www.forbes.com/companies/wm-morrison-supermarkets/,Wm Morrison Supermarkets,http://www.forbes.com/companies/wm-morrison-supermarkets/,United Kingdom of Great Britain and Northern Ireland,Food Retail,17600000000,27700000000
http://www.forbes.com/companies/canadian-tire/,Canadian Tire,http://www.forbes.com/companies/canadian-tire/,Canada,Specialty Stores,12800000000,11400000000
http://www.forbes.com/companies/china-oilfield-service/,China Oilfield Services,http://www.forbes.com/companies/china-oilfield-service/,China,Oil Services & Equipment,13100000000,4500000000
http://www.forbes.com/companies/ralph-lauren/,Ralph Lauren,http://www.forbes.com/companies/ralph-lauren/,United States of America,Apparel/Accessories,6100000000,7200000000
http://www.forbes.com/companies/showa-shell-sekiyu/,Showa Shell Sekiyu,http://www.forbes.com/companies/showa-shell-sekiyu/,Japan,Oil & Gas Operations,12300000000,30300000000
http://www.forbes.com/companies/schindler-holding/,Schindler Holding,http://www.forbes.com/companies/schindler-holding/,Switzerland,Other Industrial Equipment,8800000000,9500000000
http://www.forbes.com/companies/bank-of-yokohama/,Bank of Yokohama,http://www.forbes.com/companies/bank-of-yokohama/,Japan,Major Banks,128400000000,2900000000
http://www.forbes.com/companies/lorillard/,Lorillard,http://www.forbes.com/companies/lorillard/,United States of America,Tobacco,3500000000,5000000000
http://www.forbes.com/companies/grupo-carso/,Grupo Carso,http://www.forbes.com/companies/grupo-carso/,Mexico,Conglomerates,6600000000,6700000000
http://www.forbes.com/companies/banco-popolare/,Banco Popolare,http://www.forbes.com/companies/banco-popolare/,Italy,Regional Banks,173700000000,7200000000
http://www.forbes.com/companies/continental-resources/,Continental Resources,http://www.forbes.com/companies/continental-resources/,United States of America,Oil & Gas Operations,12000000000,3500000000
http://www.forbes.com/companies/ca/,CA,http://www.forbes.com/companies/ca/,United States of America,Software & Programming,11800000000,4600000000
http://www.forbes.com/companies/naver/,NHN,http://www.forbes.com/companies/naver/,Korea (Republic of),Computer Services,2600000000,2300000000
http://www.forbes.com/companies/wynn-resorts/,Wynn Resorts,http://www.forbes.com/companies/wynn-resorts/,United States of America,Casinos & Gaming,8400000000,5600000000
http://www.forbes.com/companies/arab-national-bank/,Arab National Bank,http://www.forbes.com/companies/arab-national-bank/,Saudi Arabia,Regional Banks,36800000000,1600000000
http://www.forbes.com/companies/next/,Next,http://www.forbes.com/companies/next/,United Kingdom of Great Britain and Northern Ireland,Apparel/Footwear Retail,3500000000,5900000000
http://www.forbes.com/companies/weichai-power/,Weichai Power,http://www.forbes.com/companies/weichai-power/,China,Heavy Equipment,13000000000,9400000000
http://www.forbes.com/companies/amcor/,Amcor,http://www.forbes.com/companies/amcor/,Australia,Containers & Packaging,9000000000,11200000000
http://www.forbes.com/companies/wendel/,Wendel,http://www.forbes.com/companies/wendel/,France,Investment Services,18700000000,8500000000
http://www.forbes.com/companies/bidvest-group/,Bidvest Group,http://www.forbes.com/companies/bidvest-group/,South Africa,Conglomerates,7300000000,17400000000
http://www.forbes.com/companies/brambles/,Brambles,http://www.forbes.com/companies/brambles/,Australia,Business & Personal Services,7500000000,5600000000
http://www.forbes.com/companies/hankyu-hanshin-holdings/,Hankyu Hanshin Holdings,http://www.forbes.com/companies/hankyu-hanshin-holdings/,Japan,Railroads,21600000000,7100000000
http://www.forbes.com/companies/qingdao-haier/,Qingdao Haier,http://www.forbes.com/companies/qingdao-haier/,China,Household Appliances,9900000000,13800000000
http://www.forbes.com/companies/sun-art-retail-group/,Sun Art Retail Group,http://www.forbes.com/companies/sun-art-retail-group/,Hong Kong,Specialty Stores,8200000000,14000000000
http://www.forbes.com/companies/power-grid-of-india/,Power Grid of India,http://www.forbes.com/companies/power-grid-of-india/,India,Electric Utilities,22000000000,2400000000
http://www.forbes.com/companies/intercontinentalexchange/,IntercontinentalExchange,http://www.forbes.com/companies/intercontinentalexchange/,United States of America,Investment Services,64800000000,1800000000
http://www.forbes.com/companies/rock-tenn/,Rock-Tenn,http://www.forbes.com/companies/rock-tenn/,United States of America,Containers & Packaging,10600000000,9600000000
http://www.forbes.com/companies/mattel/,Mattel,http://www.forbes.com/companies/mattel/,United States of America,Household/Personal Care,6400000000,6500000000
http://www.forbes.com/companies/pohjola-bank/,Pohjola Bank,http://www.forbes.com/companies/pohjola-bank/,Finland,Regional Banks,60200000000,2600000000
http://www.forbes.com/companies/shaanxi-coal-industry/,Shaanxi Coal Industry,http://www.forbes.com/companies/shaanxi-coal-industry/,China,Diversified Metals & Mining,13100000000,7000000000
http://www.forbes.com/companies/centerpoint-energy/,CenterPoint Energy,http://www.forbes.com/companies/centerpoint-energy/,United States of America,Natural Gas Utilities,21900000000,8100000000
http://www.forbes.com/companies/advanced-info-service/,Advanced Info Service,http://www.forbes.com/companies/advanced-info-service/,Thailand,Telecommunications services,3400000000,4600000000
http://www.forbes.com/companies/harley-davidson/,Harley-Davidson,http://www.forbes.com/companies/harley-davidson/,United States of America,Recreational Products,9400000000,5900000000
http://www.forbes.com/companies/dp-world/,DP World,http://www.forbes.com/companies/dp-world/,United Arab Emirates,Other Transportation,16800000000,3100000000
http://www.forbes.com/companies/chongqing-rural-bank/,Chongqing Rural Bank,http://www.forbes.com/companies/chongqing-rural-bank/,China,Regional Banks,81100000000,4300000000
http://www.forbes.com/companies/legrand/,Legrand,http://www.forbes.com/companies/legrand/,France,Electrical Equipment,9100000000,5900000000
http://www.forbes.com/companies/uralkali/,Uralkali,http://www.forbes.com/companies/uralkali/,Russian Federation,Specialized Chemicals,12900000000,3300000000
http://www.forbes.com/companies/kyushu-electric-power/,Kyushu Electric Power,http://www.forbes.com/companies/kyushu-electric-power/,Japan,Electric Utilities,42400000000,17600000000
http://www.forbes.com/companies/sgs/,SGS,http://www.forbes.com/companies/sgs/,Switzerland,Business & Personal Services,5700000000,6300000000
http://www.forbes.com/companies/terna/,Terna,http://www.forbes.com/companies/terna/,Italy,Electric Utilities,20200000000,2500000000
http://www.forbes.com/companies/grupo-bimbo/,Grupo Bimbo,http://www.forbes.com/companies/grupo-bimbo/,Mexico,Food Processing,10300000000,13800000000
http://www.forbes.com/companies/guangzhou-rf/,Guangzhou R&F,http://www.forbes.com/companies/guangzhou-rf/,China,Real Estate,23200000000,5900000000
http://www.forbes.com/companies/mediatek/,Mediatek,http://www.forbes.com/companies/mediatek/,"Taiwan, Province of China[a]",Semiconductors,8700000000,4600000000
http://www.forbes.com/companies/kghm-polska-miedz/,KGHM Polska Miedz,http://www.forbes.com/companies/kghm-polska-miedz/,Poland,Diversified Metals & Mining,11400000000,7600000000
http://www.forbes.com/companies/ventas/,Ventas,http://www.forbes.com/companies/ventas/,United States of America,Real Estate,19700000000,2800000000
http://www.forbes.com/companies/oreilly-automotive/,O'Reilly Automotive,http://www.forbes.com/companies/oreilly-automotive/,United States of America,Specialty Stores,6100000000,6600000000
http://www.forbes.com/companies/newmont-mining/,Newmont Mining,http://www.forbes.com/companies/newmont-mining/,United States of America,Diversified Metals & Mining,24800000000,8300000000
http://www.forbes.com/companies/neste-oil/,Neste Oil,http://www.forbes.com/companies/neste-oil/,Finland,Oil & Gas Operations,9700000000,23200000000
http://www.forbes.com/companies/sumitomo-chemical/,Sumitomo Chemical,http://www.forbes.com/companies/sumitomo-chemical/,Japan,Diversified Chemicals,26900000000,21900000000
http://www.forbes.com/companies/air-france-klm/,Air France-KLM,http://www.forbes.com/companies/air-france-klm/,France,Airline,35000000000,34000000000
http://www.forbes.com/companies/shin-kong-financial/,Shin Kong Financial,http://www.forbes.com/companies/shin-kong-financial/,"Taiwan, Province of China[a]",Life & Health Insurance,83200000000,8500000000
http://www.forbes.com/companies/lagardere/,Lagardère,http://www.forbes.com/companies/lagardere/,France,Printing & Publishing,11100000000,9500000000
http://www.forbes.com/companies/tingyi-holding/,Tingyi Holding,http://www.forbes.com/companies/tingyi-holding/,China,Food Processing,8400000000,10900000000
http://www.forbes.com/companies/mcgraw-hill-cos/,McGraw-Hill Cos,http://www.forbes.com/companies/mcgraw-hill-cos/,United States of America,Printing & Publishing,6100000000,4900000000
http://www.forbes.com/companies/shire/,Shire,http://www.forbes.com/companies/shire/,Ireland,Pharmaceuticals,8300000000,5000000000
http://www.forbes.com/companies/assurant/,Assurant,http://www.forbes.com/companies/assurant/,United States of America,Diversified Insurance,30800000000,9000000000
http://www.forbes.com/companies/borgwarner/,BorgWarner,http://www.forbes.com/companies/borgwarner/,United States of America,Auto & Truck Parts,6900000000,7400000000
http://www.forbes.com/companies/cielo/,Cielo,http://www.forbes.com/companies/cielo/,Brazil,Business & Personal Services,5600000000,3100000000
http://www.forbes.com/companies/bharat-petroleum/,Bharat Petroleum,http://www.forbes.com/companies/bharat-petroleum/,India,Oil & Gas Operations,14900000000,40300000000
http://www.forbes.com/companies/dangote-cement/,Dangote Cement,http://www.forbes.com/companies/dangote-cement/,Nigeria,Construction Materials,5300000000,2400000000
http://www.forbes.com/companies/ihi/,IHI,http://www.forbes.com/companies/ihi/,Japan,Heavy Equipment,14200000000,12900000000
http://www.forbes.com/companies/helvetia-holding/,Helvetia Holding,http://www.forbes.com/companies/helvetia-holding/,Switzerland,Diversified Insurance,49600000000,9100000000
http://www.forbes.com/companies/ashland/,Ashland,http://www.forbes.com/companies/ashland/,United States of America,Specialized Chemicals,12000000000,7800000000
http://www.forbes.com/companies/latam-airlines/,Latam Airlines,http://www.forbes.com/companies/latam-airlines/,Chile,Airline,22600000000,12900000000
http://www.forbes.com/companies/ambac-financial-group/,Ambac Financial Group,http://www.forbes.com/companies/ambac-financial-group/,United States of America,Diversified Insurance,27000000000,1000000000
http://www.forbes.com/companies/all-nippon-airways/,All Nippon Airways,http://www.forbes.com/companies/all-nippon-airways/,Japan,Airline,20500000000,16000000000
http://www.forbes.com/companies/rhb-capital/,RHB Capital,http://www.forbes.com/companies/rhb-capital/,Malaysia,Regional Banks,58300000000,3000000000
http://www.forbes.com/companies/henan-shuanghui-investment/,Henan Shuanghui Investment,http://www.forbes.com/companies/henan-shuanghui-investment/,China,Food Processing,3300000000,7300000000
http://www.forbes.com/companies/united-utilities/,United Utilities,http://www.forbes.com/companies/united-utilities/,United Kingdom of Great Britain and Northern Ireland,Diversified Utilities,16800000000,2600000000
http://www.forbes.com/companies/storebrand/,Storebrand,http://www.forbes.com/companies/storebrand/,Norway,Diversified Insurance,74200000000,9000000000
http://www.forbes.com/companies/hormel-foods/,Hormel Foods,http://www.forbes.com/companies/hormel-foods/,United States of America,Food Processing,5100000000,8900000000
http://www.forbes.com/companies/intact-financial/,Intact Financial,http://www.forbes.com/companies/intact-financial/,Canada,Property & Casualty Insurance,18100000000,7200000000
http://www.forbes.com/companies/delhaize-group/,Delhaize Group,http://www.forbes.com/companies/delhaize-group/,Belgium,Food Retail,16000000000,28500000000
http://www.forbes.com/companies/eletrobras/,Eletrobrás,http://www.forbes.com/companies/eletrobras/,Brazil,Electric Utilities,58700000000,15300000000
http://www.forbes.com/companies/norsk-hydro/,Norsk Hydro,http://www.forbes.com/companies/norsk-hydro/,Norway,Aluminum,19000000000,11000000000
http://www.forbes.com/companies/petronas-chemicals/,Petronas Chemicals,http://www.forbes.com/companies/petronas-chemicals/,Malaysia,Specialized Chemicals,8500000000,4800000000
http://www.forbes.com/companies/prologis/,Prologis,http://www.forbes.com/companies/prologis/,United States of America,Real Estate,24600000000,1800000000
http://www.forbes.com/companies/randstad-holding/,Randstad Holding,http://www.forbes.com/companies/randstad-holding/,Netherlands,Business & Personal Services,9100000000,22000000000
http://www.forbes.com/companies/sembcorp-industries/,Sembcorp Industries,http://www.forbes.com/companies/sembcorp-industries/,Singapore,Construction Services,10900000000,8600000000
http://www.forbes.com/companies/attijariwafa-bank/,Attijariwafa Bank,http://www.forbes.com/companies/attijariwafa-bank/,Morocco,Regional Banks,44900000000,2800000000
http://www.forbes.com/companies/melco-crown-entertainment/,Melco Crown Entertainment,http://www.forbes.com/companies/melco-crown-entertainment/,Hong Kong,Casinos & Gaming,8800000000,5100000000
http://www.forbes.com/companies/china-resources-enterprise/,China Resources Enterprise,http://www.forbes.com/companies/china-resources-enterprise/,Hong Kong,Specialty Stores,20000000000,18900000000
http://www.forbes.com/companies/china-eastern-airlines/,China Eastern Airlines,http://www.forbes.com/companies/china-eastern-airlines/,China,Airline,22800000000,14300000000
http://www.forbes.com/companies/mitsubishi-materials/,Mitsubishi Materials,http://www.forbes.com/companies/mitsubishi-materials/,Japan,Diversified Metals & Mining,17200000000,14100000000
http://www.forbes.com/companies/celanese/,Celanese,http://www.forbes.com/companies/celanese/,United States of America,Diversified Chemicals,9000000000,6500000000
http://www.forbes.com/companies/shaw-communications/,Shaw Communications,http://www.forbes.com/companies/shaw-communications/,Canada,Broadcasting & Cable,11900000000,5100000000
http://www.forbes.com/companies/prada/,Prada,http://www.forbes.com/companies/prada/,Italy,Apparel/Accessories,5100000000,4700000000
http://www.forbes.com/companies/ses/,SES,http://www.forbes.com/companies/ses/,Luxembourg,Broadcasting & Cable,12500000000,2500000000
http://www.forbes.com/companies/tohoku-electric-power/,Tohoku Electric Power,http://www.forbes.com/companies/tohoku-electric-power/,Japan,Electric Utilities,39500000000,19900000000
http://www.forbes.com/companies/lend-lease-group/,Lend Lease Group,http://www.forbes.com/companies/lend-lease-group/,Australia,Real Estate,13800000000,12100000000
http://www.forbes.com/companies/alleghany/,Alleghany,http://www.forbes.com/companies/alleghany/,United States of America,Property & Casualty Insurance,23700000000,4900000000
http://www.forbes.com/companies/arrow-electronics/,Arrow Electronics,http://www.forbes.com/companies/arrow-electronics/,United States of America,Electronics,12100000000,21400000000
http://www.forbes.com/companies/boston-scientific/,Boston Scientific,http://www.forbes.com/companies/boston-scientific/,United States of America,Medical Equipment & Supplies,16600000000,7100000000
http://www.forbes.com/companies/shizuoka-bank/,Shizuoka Bank,http://www.forbes.com/companies/shizuoka-bank/,Japan,Regional Banks,103300000000,2200000000
http://www.forbes.com/companies/stora-enso/,Stora Enso,http://www.forbes.com/companies/stora-enso/,Finland,Paper & Paper Products,17600000000,14000000000
http://www.forbes.com/companies/hyundai-engineering/,Hyundai Engineering,http://www.forbes.com/companies/hyundai-engineering/,Korea (Republic of),Construction Services,14000000000,12700000000
http://www.forbes.com/companies/suntory-beverage-food/,Suntory Beverage & Food,http://www.forbes.com/companies/suntory-beverage-food/,Japan,,12000000000,11500000000
http://www.forbes.com/companies/chicago-bridge-iron/,Chicago Bridge & Iron,http://www.forbes.com/companies/chicago-bridge-iron/,Netherlands,Construction Services,9400000000,11100000000
http://www.forbes.com/companies/daito-trust-construction/,Daito Trust Construction,http://www.forbes.com/companies/daito-trust-construction/,Japan,Construction Services,5500000000,12800000000
http://www.forbes.com/companies/pultegroup/,PulteGroup,http://www.forbes.com/companies/pultegroup/,United States of America,Construction Services,8700000000,5600000000
http://www.forbes.com/companies/t-rowe-price/,T Rowe Price,http://www.forbes.com/companies/t-rowe-price/,United States of America,Investment Services,5200000000,3500000000
http://www.forbes.com/companies/huishang-bank-corporation-limited/,Huishang Bank Corporation Limited,http://www.forbes.com/companies/huishang-bank-corporation-limited/,China,Regional Banks,63100000000,3200000000
http://www.forbes.com/companies/quest-diagnostics/,Quest Diagnostics,http://www.forbes.com/companies/quest-diagnostics/,United States of America,Healthcare Services,8900000000,7100000000
http://www.forbes.com/companies/cms-energy/,CMS Energy,http://www.forbes.com/companies/cms-energy/,United States of America,Electric Utilities,17400000000,6600000000
http://www.forbes.com/companies/pkn-orlen/,PKN Orlen,http://www.forbes.com/companies/pkn-orlen/,Poland,Oil & Gas Operations,17100000000,36000000000
http://www.forbes.com/companies/arab-bank/,Arab Bank,http://www.forbes.com/companies/arab-bank/,Jordan,Regional Banks,46400000000,2200000000
http://www.forbes.com/companies/china-southern-airlines/,China Southern Airlines,http://www.forbes.com/companies/china-southern-airlines/,China,Airline,27300000000,15900000000
http://www.forbes.com/companies/yamato-holdings/,Yamato Holdings,http://www.forbes.com/companies/yamato-holdings/,Japan,Trucking,10100000000,13800000000
http://www.forbes.com/companies/kawasaki-heavy-industries/,Kawasaki Heavy Industries,http://www.forbes.com/companies/kawasaki-heavy-industries/,Japan,Heavy Equipment,15900000000,13600000000
http://www.forbes.com/companies/brenntag/,Brenntag,http://www.forbes.com/companies/brenntag/,,Specialized Chemicals,7800000000,13000000000
http://www.forbes.com/companies/zimmer-holdings/,Zimmer Holdings,http://www.forbes.com/companies/zimmer-holdings/,United States of America,Medical Equipment & Supplies,9600000000,4600000000
http://www.forbes.com/companies/bank-of-ningbo/,Bank of Ningbo,http://www.forbes.com/companies/bank-of-ningbo/,China,Regional Banks,73900000000,3900000000
http://www.forbes.com/companies/general-growth-properties/,General Growth Properties,http://www.forbes.com/companies/general-growth-properties/,United States of America,Real Estate,25800000000,2500000000
http://www.forbes.com/companies/rexel/,Rexel,http://www.forbes.com/companies/rexel/,France,Electronics,14500000000,17300000000
http://www.forbes.com/companies/charter-communications/,Charter Communications,http://www.forbes.com/companies/charter-communications/,United States of America,Broadcasting & Cable,17300000000,8200000000
http://www.forbes.com/companies/netapp/,NetApp,http://www.forbes.com/companies/netapp/,United States of America,Computer Storage Devices,9000000000,6400000000
http://www.forbes.com/companies/starwood-hotels/,Starwood Hotels,http://www.forbes.com/companies/starwood-hotels/,United States of America,Hotels & Motels,8800000000,6100000000
http://www.forbes.com/companies/gjensidige-forsikring/,Gjensidige Forsikring,http://www.forbes.com/companies/gjensidige-forsikring/,Norway,Property & Casualty Insurance,17800000000,3800000000
http://www.forbes.com/companies/mol-hungarian-oil/,MOL Hungarian Oil,http://www.forbes.com/companies/mol-hungarian-oil/,Hungary,Oil & Gas Operations,21500000000,24200000000
http://www.forbes.com/companies/coach/,Coach,http://www.forbes.com/companies/coach/,United States of America,Apparel/Accessories,3500000000,5000000000
http://www.forbes.com/companies/london-stock-exchange/,London Stock Exchange,http://www.forbes.com/companies/london-stock-exchange/,United Kingdom of Great Britain and Northern Ireland,Investment Services,913600000000,1400000000
http://www.forbes.com/companies/uniqa/,Uniqa,http://www.forbes.com/companies/uniqa/,Austria,Diversified Insurance,40000000000,8500000000
http://www.forbes.com/companies/new-york-community/,New York Community,http://www.forbes.com/companies/new-york-community/,United States of America,Thrifts & Mortgage Finance,46900000000,1900000000
http://www.forbes.com/companies/campbell-soup/,Campbell Soup,http://www.forbes.com/companies/campbell-soup/,United States of America,Food Processing,8100000000,8300000000
http://www.forbes.com/companies/keyence/,Keyence,http://www.forbes.com/companies/keyence/,Japan,Electronics,7800000000,2600000000
http://www.forbes.com/companies/santos/,Santos,http://www.forbes.com/companies/santos/,Australia,Oil & Gas Operations,18400000000,3500000000
http://www.forbes.com/companies/dollar-tree/,Dollar Tree,http://www.forbes.com/companies/dollar-tree/,United States of America,Discount Stores,2800000000,7800000000
http://www.forbes.com/companies/taishin-financial-holdings/,Taishin Financial Holdings,http://www.forbes.com/companies/taishin-financial-holdings/,"Taiwan, Province of China[a]",Investment Services,95900000000,2500000000
http://www.forbes.com/companies/sharp/,Sharp,http://www.forbes.com/companies/sharp/,Japan,Consumer Electronics,22900000000,29200000000
http://www.forbes.com/companies/bank-of-nanjing/,Bank of Nanjing,http://www.forbes.com/companies/bank-of-nanjing/,China,Regional Banks,69600000000,3300000000
http://www.forbes.com/companies/delta-lloyd/,Delta Lloyd,http://www.forbes.com/companies/delta-lloyd/,Netherlands,Diversified Insurance,104700000000,8200000000
http://www.forbes.com/companies/industrivarden/,Industrivarden,http://www.forbes.com/companies/industrivarden/,Sweden,Investment Services,12400000000,1800000000
http://www.forbes.com/companies/smc-corp/,SMC Corp,http://www.forbes.com/companies/smc-corp/,Japan,Other Industrial Equipment,9000000000,3900000000
http://www.forbes.com/companies/sudzucker/,Südzucker,http://www.forbes.com/companies/sudzucker/,,Food Processing,12500000000,10400000000
http://www.forbes.com/companies/ambank-group/,AmBank Group,http://www.forbes.com/companies/ambank-group/,Malaysia,Regional Banks,40000000000,2600000000
http://www.forbes.com/companies/western-union/,Western Union,http://www.forbes.com/companies/western-union/,United States of America,Business & Personal Services,10200000000,5500000000
http://www.forbes.com/companies/suning-appliance/,Suning Appliance,http://www.forbes.com/companies/suning-appliance/,China,Specialty Stores,13600000000,17100000000
http://www.forbes.com/companies/turk-telekom/,Turk Telekom,http://www.forbes.com/companies/turk-telekom/,Turkey,Telecommunications services,8500000000,6900000000
http://www.forbes.com/companies/first-republic-bank/,First Republic Bank,http://www.forbes.com/companies/first-republic-bank/,United States of America,Regional Banks,42200000000,1600000000
http://www.forbes.com/companies/fiserv/,Fiserv,http://www.forbes.com/companies/fiserv/,United States of America,Software & Programming,9700000000,4800000000
http://www.forbes.com/companies/doosan/,Doosan,http://www.forbes.com/companies/doosan/,Korea (Republic of),Construction Services,29500000000,20000000000
http://www.forbes.com/companies/mediobanca/,Mediobanca,http://www.forbes.com/companies/mediobanca/,Italy,Regional Banks,103700000000,4400000000
http://www.forbes.com/companies/vedanta-resources/,Vedanta Resources,http://www.forbes.com/companies/vedanta-resources/,United Kingdom of Great Britain and Northern Ireland,Diversified Metals & Mining,43800000000,13700000000
http://www.forbes.com/companies/osaka-gas/,Osaka Gas,http://www.forbes.com/companies/osaka-gas/,Japan,Natural Gas Utilities,16000000000,14900000000
http://www.forbes.com/companies/easyjet/,EasyJet,http://www.forbes.com/companies/easyjet/,United Kingdom of Great Britain and Northern Ireland,Airline,7200000000,6600000000
http://www.forbes.com/companies/asahi-glass/,Asahi Glass,http://www.forbes.com/companies/asahi-glass/,Japan,Construction Materials,20800000000,13500000000
http://www.forbes.com/companies/byd/,BYD,http://www.forbes.com/companies/byd/,China,Auto & Truck Manufacturers,12900000000,8400000000
http://www.forbes.com/companies/partnerre/,PartnerRe,http://www.forbes.com/companies/partnerre/,Bermuda,Diversified Insurance,23000000000,5800000000
http://www.forbes.com/companies/wisconsin-energy/,Wisconsin Energy,http://www.forbes.com/companies/wisconsin-energy/,United States of America,Electric Utilities,14800000000,4500000000
http://www.forbes.com/companies/fairfax-financial/,Fairfax Financial,http://www.forbes.com/companies/fairfax-financial/,Canada,Property & Casualty Insurance,36000000000,5800000000
http://www.forbes.com/companies/kinnevik/,Kinnevik,http://www.forbes.com/companies/kinnevik/,Sweden,Investment Services,10500000000,200000000
http://www.forbes.com/companies/dongbu-insurance/,Dongbu Insurance,http://www.forbes.com/companies/dongbu-insurance/,Korea (Republic of),Property & Casualty Insurance,28300000000,11100000000
http://www.forbes.com/companies/colruyt/,Colruyt,http://www.forbes.com/companies/colruyt/,Belgium,Food Retail,4900000000,11100000000
http://www.forbes.com/companies/noble/,Noble,http://www.forbes.com/companies/noble/,Switzerland,Oil Services & Equipment,16200000000,4200000000
http://www.forbes.com/companies/bci-banco-credito/,BCI-Banco Credito,http://www.forbes.com/companies/bci-banco-credito/,Chile,Regional Banks,38500000000,3200000000
http://www.forbes.com/companies/molson-coors-brewing/,Molson Coors Brewing,http://www.forbes.com/companies/molson-coors-brewing/,United States of America,Beverages,15600000000,4200000000
http://www.forbes.com/companies/bank-leumi/,Bank Leumi,http://www.forbes.com/companies/bank-leumi/,Israel,Major Banks,103600000000,4600000000
http://www.forbes.com/companies/eurazeo/,Eurazeo,http://www.forbes.com/companies/eurazeo/,France,Investment Services,16900000000,5700000000
http://www.forbes.com/companies/hong-kong-exchanges/,Hong Kong Exchanges,http://www.forbes.com/companies/hong-kong-exchanges/,Hong Kong,Investment Services,11100000000,1000000000
http://www.forbes.com/companies/sears-holdings/,Sears Holdings,http://www.forbes.com/companies/sears-holdings/,United States of America,Department Stores,18300000000,36200000000
http://www.forbes.com/companies/alliance-data-systems/,Alliance Data Systems,http://www.forbes.com/companies/alliance-data-systems/,United States of America,Business & Personal Services,13200000000,4300000000
http://www.forbes.com/companies/el-puerto-de-liverpool/,El Puerto de Liverpool,http://www.forbes.com/companies/el-puerto-de-liverpool/,Mexico,Department Stores,7400000000,5800000000
http://www.forbes.com/companies/arch-capital-group/,Arch Capital Group,http://www.forbes.com/companies/arch-capital-group/,Bermuda,Property & Casualty Insurance,19600000000,3500000000
http://www.forbes.com/companies/fmc-technologies/,FMC Technologies,http://www.forbes.com/companies/fmc-technologies/,United States of America,Oil Services & Equipment,6600000000,7100000000
http://www.forbes.com/companies/verbund/,Verbund,http://www.forbes.com/companies/verbund/,Austria,Electric Utilities,17600000000,4300000000
http://www.forbes.com/companies/kintetsu/,Kintetsu,http://www.forbes.com/companies/kintetsu/,Japan,Railroads,18700000000,11900000000
http://www.forbes.com/companies/hcl-technologies/,HCL Technologies,http://www.forbes.com/companies/hcl-technologies/,India,Software & Programming,4200000000,4700000000
http://www.forbes.com/companies/experian/,Experian,http://www.forbes.com/companies/experian/,Ireland,Business & Personal Services,8200000000,4800000000
http://www.forbes.com/companies/e-mart/,E-mart,http://www.forbes.com/companies/e-mart/,Korea (Republic of),Discount Stores,12400000000,11900000000
http://www.forbes.com/companies/ww-wustenrot/,W&W-Wüstenrot,http://www.forbes.com/companies/ww-wustenrot/,,Investment Services,100100000000,9000000000
http://www.forbes.com/companies/sabesp/,Sabesp,http://www.forbes.com/companies/sabesp/,Brazil,Diversified Utilities,12800000000,5300000000
http://www.forbes.com/companies/red-electrica/,Red Eléctrica,http://www.forbes.com/companies/red-electrica/,Spain,Electric Utilities,13000000000,2300000000
http://www.forbes.com/companies/intuit/,Intuit,http://www.forbes.com/companies/intuit/,United States of America,Software & Programming,4700000000,4200000000
http://www.forbes.com/companies/goldcorp/,Goldcorp,http://www.forbes.com/companies/goldcorp/,Canada,Diversified Metals & Mining,29600000000,3800000000
http://www.forbes.com/companies/dai-nippon-printing/,Dai Nippon Printing,http://www.forbes.com/companies/dai-nippon-printing/,Japan,Printing & Publishing,14700000000,14700000000
http://www.forbes.com/companies/quinenco/,Quinenco,http://www.forbes.com/companies/quinenco/,Chile,Conglomerates,56700000000,8600000000
http://www.forbes.com/companies/mitsubishi-ufj-lease/,Mitsubishi UFJ Lease,http://www.forbes.com/companies/mitsubishi-ufj-lease/,Japan,Rental & Leasing,41300000000,7200000000
http://www.forbes.com/companies/saputo/,Saputo,http://www.forbes.com/companies/saputo/,Canada,Food Processing,5200000000,8500000000
http://www.forbes.com/companies/delta-electronics/,Delta Electronics,http://www.forbes.com/companies/delta-electronics/,"Taiwan, Province of China[a]",Electronics,6300000000,5800000000
http://www.forbes.com/companies/cpfl-energia/,CPFL Energia,http://www.forbes.com/companies/cpfl-energia/,Brazil,Electric Utilities,13200000000,7200000000
http://www.forbes.com/companies/chiba-bank/,Chiba Bank,http://www.forbes.com/companies/chiba-bank/,Japan,Major Banks,112300000000,2200000000
http://www.forbes.com/companies/global-logistic-properties/,Global Logistic Properties,http://www.forbes.com/companies/global-logistic-properties/,Singapore,Real Estate,13500000000,600000000
http://www.forbes.com/companies/advanced-semiconductor/,Advanced Semiconductor,http://www.forbes.com/companies/advanced-semiconductor/,"Taiwan, Province of China[a]",Semiconductors,9600000000,7400000000
http://www.forbes.com/companies/enka/,Enka,http://www.forbes.com/companies/enka/,Turkey,Construction Services,8500000000,6500000000
http://www.forbes.com/companies/henry-schein/,Henry Schein,http://www.forbes.com/companies/henry-schein/,United States of America,Medical Equipment & Supplies,5600000000,9600000000
http://www.forbes.com/companies/lear/,Lear,http://www.forbes.com/companies/lear/,United States of America,Auto & Truck Parts,8300000000,16200000000
http://www.forbes.com/companies/hyundai-glovis/,Hyundai Glovis,http://www.forbes.com/companies/hyundai-glovis/,Korea (Republic of),Other Transportation,4800000000,11700000000
http://www.forbes.com/companies/amadeus-it-holdings/,Amadeus IT Holdings,http://www.forbes.com/companies/amadeus-it-holdings/,Spain,Software & Programming,7500000000,4100000000
http://www.forbes.com/companies/hang-lung-group/,Hang Lung Group,http://www.forbes.com/companies/hang-lung-group/,Hong Kong,Real Estate,25700000000,1300000000
http://www.forbes.com/companies/autoliv/,Autoliv,http://www.forbes.com/companies/autoliv/,Sweden,Auto & Truck Parts,7000000000,8800000000
http://www.forbes.com/companies/inner-mongolia-yili/,Inner Mongolia Yili,http://www.forbes.com/companies/inner-mongolia-yili/,China,Food Processing,5200000000,7300000000
http://www.forbes.com/companies/zoomlion-heavy-industry/,Zoomlion Heavy Industry,http://www.forbes.com/companies/zoomlion-heavy-industry/,China,Heavy Equipment,14800000000,6200000000
http://www.forbes.com/companies/braskem/,Braskem,http://www.forbes.com/companies/braskem/,Brazil,Specialized Chemicals,20500000000,19000000000
http://www.forbes.com/companies/doosan-heavy-industries/,Doosan Heavy Industries,http://www.forbes.com/companies/doosan-heavy-industries/,Korea (Republic of),Heavy Equipment,26300000000,17500000000
http://www.forbes.com/companies/metalurgica-gerdau/,Metalurgica Gerdau,http://www.forbes.com/companies/metalurgica-gerdau/,Brazil,Iron & Steel,24800000000,18500000000
http://www.forbes.com/companies/alrosa/,Alrosa,http://www.forbes.com/companies/alrosa/,Russian Federation,Diversified Metals & Mining,10400000000,5000000000
http://www.forbes.com/companies/ameren/,Ameren,http://www.forbes.com/companies/ameren/,United States of America,Electric Utilities,21000000000,5800000000
http://www.forbes.com/companies/sojitz/,Sojitz,http://www.forbes.com/companies/sojitz/,Japan,Trading Companies,21200000000,24300000000
http://www.forbes.com/companies/caltex-australia/,Caltex Australia,http://www.forbes.com/companies/caltex-australia/,Australia,Oil & Gas Operations,5400000000,23500000000
http://www.forbes.com/companies/fidelity-national-financial/,Fidelity National Financial,http://www.forbes.com/companies/fidelity-national-financial/,United States of America,Property & Casualty Insurance,10500000000,8600000000
http://www.forbes.com/companies/nidec/,Nidec,http://www.forbes.com/companies/nidec/,Japan,Electrical Equipment,10800000000,8500000000
http://www.forbes.com/companies/hebei-iron-steel/,Hebei Iron & Steel,http://www.forbes.com/companies/hebei-iron-steel/,China,Iron & Steel,26100000000,17400000000
http://www.forbes.com/companies/american-financial-group/,American Financial Group,http://www.forbes.com/companies/american-financial-group/,United States of America,Diversified Insurance,40900000000,5000000000
http://www.forbes.com/companies/encana/,Encana,http://www.forbes.com/companies/encana/,Canada,Oil & Gas Operations,17600000000,5700000000
http://www.forbes.com/companies/top-frontier-investment-holdings/,Top Frontier Investment Holdings,http://www.forbes.com/companies/top-frontier-investment-holdings/,Philippines,,26900000000,16700000000
http://www.forbes.com/companies/wr-berkley/,WR Berkley,http://www.forbes.com/companies/wr-berkley/,United States of America,Property & Casualty Insurance,20600000000,6400000000
http://www.forbes.com/companies/moodys/,Moody's,http://www.forbes.com/companies/moodys/,United States of America,Business & Personal Services,4400000000,3000000000
http://www.forbes.com/companies/espirito-santo-financial/,Espirito Santo Financial,http://www.forbes.com/companies/espirito-santo-financial/,Luxembourg,Regional Banks,113600000000,7800000000
http://www.forbes.com/companies/jacobs-engineering/,Jacobs Engineering,http://www.forbes.com/companies/jacobs-engineering/,United States of America,Construction Services,8400000000,12100000000
http://www.forbes.com/companies/beijing-enterprises/,Beijing Enterprises,http://www.forbes.com/companies/beijing-enterprises/,Hong Kong,Natural Gas Utilities,12500000000,4900000000
http://www.forbes.com/companies/china-taiping-insurance/,China Taiping Insurance,http://www.forbes.com/companies/china-taiping-insurance/,Hong Kong,Diversified Insurance,40300000000,11900000000
http://www.forbes.com/companies/atos/,ATOS,http://www.forbes.com/companies/atos/,France,Computer Services,9700000000,11400000000
http://www.forbes.com/companies/flextronics-international/,Flextronics International,http://www.forbes.com/companies/flextronics-international/,Singapore,Electronics,12800000000,24700000000
http://www.forbes.com/companies/want-want-china/,Want Want China,http://www.forbes.com/companies/want-want-china/,China,Food Processing,4300000000,3800000000
http://www.forbes.com/companies/yamaha-motor/,Yamaha Motor,http://www.forbes.com/companies/yamaha-motor/,Japan,Recreational Products,10900000000,14400000000
http://www.forbes.com/companies/julius-baer-group/,Julius Baer Group,http://www.forbes.com/companies/julius-baer-group/,Switzerland,Investment Services,81500000000,2700000000
http://www.forbes.com/companies/s-oil/,S-Oil,http://www.forbes.com/companies/s-oil/,Korea (Republic of),Oil & Gas Operations,11400000000,28500000000
http://www.forbes.com/companies/direct-line-insurance/,Direct Line Insurance,http://www.forbes.com/companies/direct-line-insurance/,United Kingdom of Great Britain and Northern Ireland,Diversified Insurance,17800000000,6100000000
http://www.forbes.com/companies/dr-pepper-snapple/,Dr Pepper Snapple Group,http://www.forbes.com/companies/dr-pepper-snapple/,United States of America,Beverages,8200000000,6000000000
http://www.forbes.com/companies/pegatron/,Pegatron,http://www.forbes.com/companies/pegatron/,"Taiwan, Province of China[a]",Electronics,13900000000,32200000000
http://www.forbes.com/companies/nintendo/,Nintendo,http://www.forbes.com/companies/nintendo/,Japan,Consumer Electronics,15100000000,6100000000
http://www.forbes.com/companies/banca-mps/,Banca MPS,http://www.forbes.com/companies/banca-mps/,Italy,Major Banks,274400000000,6700000000
http://www.forbes.com/companies/bpi/,BPI,http://www.forbes.com/companies/bpi/,Philippines,Regional Banks,27000000000,1500000000
http://www.forbes.com/companies/cincinnati-financial/,Cincinnati Financial,http://www.forbes.com/companies/cincinnati-financial/,United States of America,Diversified Insurance,18100000000,4500000000
http://www.forbes.com/companies/hindustan-petroleum/,Hindustan Petroleum,http://www.forbes.com/companies/hindustan-petroleum/,India,Oil & Gas Operations,17100000000,35000000000
http://www.forbes.com/companies/mondi/,Mondi,http://www.forbes.com/companies/mondi/,United Kingdom of Great Britain and Northern Ireland,Paper & Paper Products,8600000000,8600000000
http://www.forbes.com/companies/anadolu-efes/,Anadolu Efes,http://www.forbes.com/companies/anadolu-efes/,Turkey,Beverages,10400000000,4800000000
http://www.forbes.com/companies/hal-trust/,HAL Trust,http://www.forbes.com/companies/hal-trust/,Netherlands,Investment Services,9800000000,5500000000
http://www.forbes.com/companies/crown-castle-international/,Crown Castle International,http://www.forbes.com/companies/crown-castle-international/,United States of America,Telecommunications services,20600000000,3000000000
http://www.forbes.com/companies/lennar/,Lennar,http://www.forbes.com/companies/lennar/,United States of America,Construction Services,11300000000,6300000000
http://www.forbes.com/companies/equity-residential/,Equity Residential,http://www.forbes.com/companies/equity-residential/,United States of America,Real Estate,22800000000,2400000000
http://www.forbes.com/companies/cosmo-oil/,Cosmo Oil,http://www.forbes.com/companies/cosmo-oil/,Japan,Oil & Gas Operations,16900000000,35400000000
http://www.forbes.com/companies/zain/,Zain,http://www.forbes.com/companies/zain/,Kuwait,Telecommunications services,11000000000,4400000000
http://www.forbes.com/companies/zte/,ZTE,http://www.forbes.com/companies/zte/,Hong Kong,Communications Equipment,16700000000,12100000000
http://www.forbes.com/companies/industrial-alliance-insurance/,Industrial Alliance Insurance,http://www.forbes.com/companies/industrial-alliance-insurance/,Canada,Life & Health Insurance,39900000000,6300000000
http://www.forbes.com/companies/wuliangye-yibin/,Wuliangye Yibin,http://www.forbes.com/companies/wuliangye-yibin/,China,Beverages,7200000000,3800000000
http://www.forbes.com/companies/intuitive-surgical/,Intuitive Surgical,http://www.forbes.com/companies/intuitive-surgical/,United States of America,Medical Equipment & Supplies,4000000000,2300000000
http://www.forbes.com/companies/oriental-land/,Oriental Land,http://www.forbes.com/companies/oriental-land/,Japan,Hotels & Motels,6400000000,4700000000
http://www.forbes.com/companies/pldt/,PLDT,http://www.forbes.com/companies/pldt/,Philippines,Telecommunications services,9000000000,4000000000
http://www.forbes.com/companies/power-finance/,Power Finance,http://www.forbes.com/companies/power-finance/,India,Business & Personal Services,31200000000,3200000000
http://www.forbes.com/companies/ch-robinson-worldwide/,CH Robinson Worldwide,http://www.forbes.com/companies/ch-robinson-worldwide/,United States of America,Other Transportation,2800000000,12800000000
http://www.forbes.com/companies/sino-ocean-land-holdings/,Sino-Ocean Land Holdings,http://www.forbes.com/companies/sino-ocean-land-holdings/,China,Real Estate,22800000000,5100000000
http://www.forbes.com/companies/union-bank-of-india/,Union Bank of India,http://www.forbes.com/companies/union-bank-of-india/,India,Regional Banks,57600000000,5200000000
http://www.forbes.com/companies/cp-all/,CP All,http://www.forbes.com/companies/cp-all/,Thailand,Specialty Stores,8800000000,8900000000
http://www.forbes.com/companies/ajinomoto/,Ajinomoto,http://www.forbes.com/companies/ajinomoto/,Japan,Food Processing,10600000000,10500000000
http://www.forbes.com/companies/oji-holdings/,Oji Holdings,http://www.forbes.com/companies/oji-holdings/,Japan,Paper & Paper Products,18300000000,13300000000
http://www.forbes.com/companies/adani-enterprises/,Adani Enterprises,http://www.forbes.com/companies/adani-enterprises/,India,Trading Companies,19500000000,8600000000
http://www.forbes.com/companies/ingram-micro/,Ingram Micro,http://www.forbes.com/companies/ingram-micro/,United States of America,Electronics,11800000000,42600000000
http://www.forbes.com/companies/avalonbay-communities/,Avalonbay Communities,http://www.forbes.com/companies/avalonbay-communities/,United States of America,Real Estate,15300000000,1400000000
http://www.forbes.com/companies/host-hotels-resorts/,Host Hotels & Resorts,http://www.forbes.com/companies/host-hotels-resorts/,United States of America,Real Estate,12800000000,5300000000
http://www.forbes.com/companies/brown-forman/,Brown-Forman,http://www.forbes.com/companies/brown-forman/,United States of America,Beverages,4000000000,3000000000
http://www.forbes.com/companies/jm-smucker/,JM Smucker,http://www.forbes.com/companies/jm-smucker/,United States of America,Food Processing,9000000000,5700000000
http://www.forbes.com/companies/saudi-arabian-fertilizers/,Saudi Arabian Fertilizers,http://www.forbes.com/companies/saudi-arabian-fertilizers/,Saudi Arabia,Specialized Chemicals,2500000000,1100000000
http://www.forbes.com/companies/wartsila/,Wärtsilä,http://www.forbes.com/companies/wartsila/,Finland,Heavy Equipment,7200000000,6200000000
http://www.forbes.com/companies/mead-johnson-nutrition/,Mead Johnson Nutrition,http://www.forbes.com/companies/mead-johnson-nutrition/,United States of America,Household/Personal Care,3500000000,4200000000
http://www.forbes.com/companies/analog-devices/,Analog Devices,http://www.forbes.com/companies/analog-devices/,United States of America,Semiconductors,6400000000,2600000000
http://www.forbes.com/companies/xiamen-cd/,Xiamen C&D,http://www.forbes.com/companies/xiamen-cd/,China,Trading Companies,11600000000,16200000000
http://www.forbes.com/companies/clorox/,Clorox,http://www.forbes.com/companies/clorox/,United States of America,Household/Personal Care,4400000000,5700000000
http://www.forbes.com/companies/century-tokyo-leasing/,Century Tokyo Leasing,http://www.forbes.com/companies/century-tokyo-leasing/,Japan,Rental & Leasing,26600000000,8000000000
http://www.forbes.com/companies/amphenol/,Amphenol,http://www.forbes.com/companies/amphenol/,United States of America,Electronics,6200000000,4600000000
http://www.forbes.com/companies/hong-leong-financial/,Hong Leong Financial,http://www.forbes.com/companies/hong-leong-financial/,Malaysia,Investment Services,56000000000,2500000000
http://www.forbes.com/companies/novolipetsk-steel/,Novolipetsk Steel,http://www.forbes.com/companies/novolipetsk-steel/,Russian Federation,Iron & Steel,16300000000,10900000000
http://www.forbes.com/companies/harbin-bank/,Harbin Bank,http://www.forbes.com/companies/harbin-bank/,China,Regional Banks,53200000000,2600000000
http://www.forbes.com/companies/banco-comercial-portugues/,Banco Comercial Portugues,http://www.forbes.com/companies/banco-comercial-portugues/,Portugal,Regional Banks,113000000000,5000000000
http://www.forbes.com/companies/mitsui-osk-lines/,Mitsui OSK Lines,http://www.forbes.com/companies/mitsui-osk-lines/,Japan,Other Transportation,21700000000,17100000000
http://www.forbes.com/companies/tui/,TUI,http://www.forbes.com/companies/tui/,,Business & Personal Services,17500000000,24400000000
http://www.forbes.com/companies/first-quantum-minerals/,First Quantum Minerals,http://www.forbes.com/companies/first-quantum-minerals/,Canada,Diversified Metals & Mining,15500000000,3600000000
http://www.forbes.com/companies/southwestern-energy/,Southwestern Energy,http://www.forbes.com/companies/southwestern-energy/,United States of America,Oil & Gas Operations,8000000000,3100000000
http://www.forbes.com/companies/kotak-mahindra-bank/,Kotak Mahindra Bank,http://www.forbes.com/companies/kotak-mahindra-bank/,India,Regional Banks,18300000000,2900000000
http://www.forbes.com/companies/agile-property-holdings/,Agile Property Holdings,http://www.forbes.com/companies/agile-property-holdings/,Hong Kong,Real Estate,16700000000,5400000000
http://www.forbes.com/companies/dubai-islamic-bank/,Dubai Islamic Bank,http://www.forbes.com/companies/dubai-islamic-bank/,United Arab Emirates,Regional Banks,30800000000,1300000000
http://www.forbes.com/companies/cj-corp/,CJ Corp,http://www.forbes.com/companies/cj-corp/,Korea (Republic of),Food Processing,21000000000,17200000000
http://www.forbes.com/companies/bank-of-ayudhya/,Bank of Ayudhya,http://www.forbes.com/companies/bank-of-ayudhya/,Thailand,Regional Banks,35900000000,3100000000
http://www.forbes.com/companies/raymond-james-financial/,Raymond James Financial,http://www.forbes.com/companies/raymond-james-financial/,United States of America,Investment Services,21900000000,4600000000
http://www.forbes.com/companies/thai-beverage/,Thai Beverage,http://www.forbes.com/companies/thai-beverage/,Thailand,Beverages,5600000000,5100000000
http://www.forbes.com/companies/michael-kors-holdings/,Michael Kors Holdings,http://www.forbes.com/companies/michael-kors-holdings/,Hong Kong,Apparel/Accessories,2000000000,3000000000
http://www.forbes.com/companies/bankinter/,Bankinter,http://www.forbes.com/companies/bankinter/,Spain,Regional Banks,76000000000,3000000000
http://www.forbes.com/companies/skf-group/,SKF Group,http://www.forbes.com/companies/skf-group/,Sweden,Other Industrial Equipment,11100000000,9800000000
http://www.forbes.com/companies/health-care-reit/,Health Care REIT,http://www.forbes.com/companies/health-care-reit/,United States of America,Real Estate,23100000000,2900000000
http://www.forbes.com/companies/chugoku-electric-power/,Chugoku Electric Power,http://www.forbes.com/companies/chugoku-electric-power/,Japan,Electric Utilities,27300000000,12500000000
http://www.forbes.com/companies/gemdale/,Gemdale,http://www.forbes.com/companies/gemdale/,China,Real Estate,19200000000,6300000000
http://www.forbes.com/companies/shinsei-bank/,Shinsei Bank,http://www.forbes.com/companies/shinsei-bank/,Japan,Regional Banks,87100000000,3500000000
http://www.forbes.com/companies/autonation/,AutoNation,http://www.forbes.com/companies/autonation/,United States of America,Specialty Stores,7900000000,17500000000
http://www.forbes.com/companies/otp-bank/,OTP Bank,http://www.forbes.com/companies/otp-bank/,Hungary,Regional Banks,48200000000,6200000000
http://www.forbes.com/companies/dsme/,DSME,http://www.forbes.com/companies/dsme/,Korea (Republic of),Heavy Equipment,17500000000,14000000000
http://www.forbes.com/companies/greentown-china-holdings/,Greentown China Holdings,http://www.forbes.com/companies/greentown-china-holdings/,China,Real Estate,20200000000,4700000000
http://www.forbes.com/companies/delek-group/,Delek Group,http://www.forbes.com/companies/delek-group/,Israel,Investment Services,35600000000,10700000000
http://www.forbes.com/companies/empire/,Empire,http://www.forbes.com/companies/empire/,Canada,Food Retail,11100000000,18600000000
http://www.forbes.com/companies/eisai/,Eisai,http://www.forbes.com/companies/eisai/,Japan,Pharmaceuticals,9300000000,6000000000
http://www.forbes.com/companies/misc/,MISC,http://www.forbes.com/companies/misc/,Malaysia,Other Transportation,12300000000,2800000000
http://www.forbes.com/companies/belle-international-holdings/,Belle International Holdings,http://www.forbes.com/companies/belle-international-holdings/,Hong Kong,Apparel/Footwear Retail,5500000000,5900000000
http://www.forbes.com/companies/essar-energy/,Essar Energy,http://www.forbes.com/companies/essar-energy/,,Oil & Gas Operations,16100000000,27800000000
http://www.forbes.com/companies/consol-energy/,CONSOL Energy,http://www.forbes.com/companies/consol-energy/,United States of America,Diversified Metals & Mining,11400000000,4400000000
http://www.forbes.com/companies/shoprite-holdings/,Shoprite Holdings,http://www.forbes.com/companies/shoprite-holdings/,South Africa,Food Retail,3800000000,10100000000
http://www.forbes.com/companies/oil-gas-development/,Oil & Gas Development,http://www.forbes.com/companies/oil-gas-development/,,Oil & Gas Operations,4600000000,2400000000
http://www.forbes.com/companies/china-cosco-holdings/,China Cosco Holdings,http://www.forbes.com/companies/china-cosco-holdings/,China,Other Transportation,26700000000,10100000000
http://www.forbes.com/companies/nikon/,Nikon,http://www.forbes.com/companies/nikon/,Japan,Consumer Electronics,9100000000,10000000000
http://www.forbes.com/companies/masraf-al-rayan/,Masraf Al Rayan,http://www.forbes.com/companies/masraf-al-rayan/,Qatar,Regional Banks,18300000000,600000000
http://www.forbes.com/companies/taisei/,Taisei,http://www.forbes.com/companies/taisei/,Japan,Construction Services,14500000000,15100000000
http://www.forbes.com/companies/gf-securities/,GF Securities,http://www.forbes.com/companies/gf-securities/,China,Investment Services,17500000000,1200000000
http://www.forbes.com/companies/westfield-retail-trust/,Westfield Retail Trust,http://www.forbes.com/companies/westfield-retail-trust/,Australia,Real Estate,12300000000,500000000
http://www.forbes.com/companies/petrofac/,Petrofac,http://www.forbes.com/companies/petrofac/,United Kingdom of Great Britain and Northern Ireland,Oil Services & Equipment,7300000000,6300000000
http://www.forbes.com/companies/zions-bancorp/,Zions Bancorp,http://www.forbes.com/companies/zions-bancorp/,United States of America,Regional Banks,56400000000,2300000000
http://www.forbes.com/companies/idbi-bank/,IDBI Bank,http://www.forbes.com/companies/idbi-bank/,India,Regional Banks,59400000000,5200000000
http://www.forbes.com/companies/bbmg/,BBMG,http://www.forbes.com/companies/bbmg/,China,Construction Materials,16300000000,7000000000
http://www.forbes.com/companies/savola-group/,Savola Group,http://www.forbes.com/companies/savola-group/,Saudi Arabia,Food Processing,6600000000,7000000000
http://www.forbes.com/companies/sun-pharma-industries/,Sun Pharma Industries,http://www.forbes.com/companies/sun-pharma-industries/,India,Pharmaceuticals,4100000000,2100000000
http://www.forbes.com/companies/vornado-realty/,Vornado Realty,http://www.forbes.com/companies/vornado-realty/,United States of America,Real Estate,20100000000,2700000000
http://www.forbes.com/companies/first-financial-holding/,First Financial Holding,http://www.forbes.com/companies/first-financial-holding/,"Taiwan, Province of China[a]",Investment Services,76100000000,1600000000
http://www.forbes.com/companies/canadian-oil-sands/,Canadian Oil Sands,http://www.forbes.com/companies/canadian-oil-sands/,Canada,Oil & Gas Operations,9600000000,3900000000
http://www.forbes.com/companies/china-merchants-property/,China Merchants Property,http://www.forbes.com/companies/china-merchants-property/,China,Real Estate,22100000000,4600000000
http://www.forbes.com/companies/pirelli-c/,Pirelli & C,http://www.forbes.com/companies/pirelli-c/,Italy,Auto & Truck Parts,10000000000,8200000000
http://www.forbes.com/companies/omron/,OMRON,http://www.forbes.com/companies/omron/,Japan,Electronics,6100000000,7600000000
http://www.forbes.com/companies/seiko-epson/,Seiko Epson,http://www.forbes.com/companies/seiko-epson/,Japan,Business Products & Supplies,8500000000,10000000000
http://www.forbes.com/companies/popular/,Popular,http://www.forbes.com/companies/popular/,,Regional Banks,35700000000,2500000000
http://www.forbes.com/companies/hoya/,Hoya,http://www.forbes.com/companies/hoya/,Japan,Electronics,6500000000,4200000000
http://www.forbes.com/companies/juniper-networks/,Juniper Networks,http://www.forbes.com/companies/juniper-networks/,United States of America,Communications Equipment,10300000000,4700000000
http://www.forbes.com/companies/saudi-arabian-mining/,Saudi Arabian Mining,http://www.forbes.com/companies/saudi-arabian-mining/,Saudi Arabia,Diversified Metals & Mining,17100000000,1500000000
http://www.forbes.com/companies/metro-inc/,Metro Inc,http://www.forbes.com/companies/metro-inc/,Canada,Food Retail,4900000000,11100000000
http://www.forbes.com/companies/universal-health/,Universal Health,http://www.forbes.com/companies/universal-health/,United States of America,Healthcare Services,8300000000,7300000000
http://www.forbes.com/companies/givaudan/,Givaudan,http://www.forbes.com/companies/givaudan/,Switzerland,Specialized Chemicals,7000000000,4700000000
http://www.forbes.com/companies/petronas-gas/,Petronas Gas,http://www.forbes.com/companies/petronas-gas/,Malaysia,Natural Gas Utilities,4000000000,1200000000
http://www.forbes.com/companies/severstal/,Severstal,http://www.forbes.com/companies/severstal/,Russian Federation,Iron & Steel,14500000000,13300000000
http://www.forbes.com/companies/regeneron-pharmaceuticals/,Regeneron Pharmaceuticals,http://www.forbes.com/companies/regeneron-pharmaceuticals/,United States of America,Biotechs,3000000000,2100000000
http://www.forbes.com/companies/pgn/,PGN,http://www.forbes.com/companies/pgn/,India,Natural Gas Utilities,4400000000,3000000000
http://www.forbes.com/companies/nitto-denko/,Nitto Denko,http://www.forbes.com/companies/nitto-denko/,Japan,Diversified Chemicals,7600000000,7500000000
http://www.forbes.com/companies/china-national-chemical/,China National Chemical,http://www.forbes.com/companies/china-national-chemical/,China,Construction Services,11000000000,9700000000
http://www.forbes.com/companies/hankook-tire/,Hankook Tire,http://www.forbes.com/companies/hankook-tire/,Korea (Republic of),,7400000000,6500000000
http://www.forbes.com/companies/keurig-green-mountain/,Keurig Green Mountain,http://www.forbes.com/companies/keurig-green-mountain/,United States of America,,3700000000,4400000000
http://www.forbes.com/companies/torchmark/,Torchmark,http://www.forbes.com/companies/torchmark/,United States of America,Life & Health Insurance,18200000000,3800000000
http://www.forbes.com/companies/infineon-technologies/,Infineon Technologies,http://www.forbes.com/companies/infineon-technologies/,,Semiconductors,8100000000,5300000000
http://www.forbes.com/companies/aeroports-de-paris/,Aeroports de Paris,http://www.forbes.com/companies/aeroports-de-paris/,France,Other Transportation,13300000000,3700000000
http://www.forbes.com/companies/orica/,Orica,http://www.forbes.com/companies/orica/,Australia,Diversified Metals & Mining,8000000000,6800000000
http://www.forbes.com/companies/paychex/,Paychex,http://www.forbes.com/companies/paychex/,United States of America,Business & Personal Services,7100000000,2400000000
http://www.forbes.com/companies/kazmunaigas-exploration/,KazMunaiGas Exploration,http://www.forbes.com/companies/kazmunaigas-exploration/,,Oil & Gas Operations,10300000000,5400000000
http://www.forbes.com/companies/ahli-united-bank/,Ahli United Bank,http://www.forbes.com/companies/ahli-united-bank/,,Regional Banks,32700000000,1300000000
http://www.forbes.com/companies/catamaran/,Catamaran,http://www.forbes.com/companies/catamaran/,United States of America,Healthcare Services,8000000000,14800000000
http://www.forbes.com/companies/severn-trent/,Severn Trent,http://www.forbes.com/companies/severn-trent/,United Kingdom of Great Britain and Northern Ireland,Diversified Utilities,13000000000,2900000000
http://www.forbes.com/companies/inter-rao/,Inter Rao,http://www.forbes.com/companies/inter-rao/,Russian Federation,Electric Utilities,15600000000,20800000000
http://www.forbes.com/companies/cno-financial-group/,CNO Financial Group,http://www.forbes.com/companies/cno-financial-group/,United States of America,Life & Health Insurance,34800000000,4500000000
http://www.forbes.com/companies/obayashi/,Obayashi,http://www.forbes.com/companies/obayashi/,Japan,Construction Services,17800000000,16000000000
http://www.forbes.com/companies/jgc/,JGC,http://www.forbes.com/companies/jgc/,Japan,Construction Services,6900000000,6900000000
http://www.forbes.com/companies/steel-authority-of-india/,Steel Authority of India,http://www.forbes.com/companies/steel-authority-of-india/,India,Iron & Steel,15900000000,8200000000
http://www.forbes.com/companies/abengoa/,Abengoa,http://www.forbes.com/companies/abengoa/,Spain,Construction Services,29100000000,9800000000
http://www.forbes.com/companies/zoetis/,Zoetis,http://www.forbes.com/companies/zoetis/,United States of America,Pharmaceuticals,6600000000,4600000000
http://www.forbes.com/companies/medipal-holdings/,Medipal Holdings,http://www.forbes.com/companies/medipal-holdings/,Japan,Pharmaceuticals,13400000000,29500000000
http://www.forbes.com/companies/ytl/,YTL,http://www.forbes.com/companies/ytl/,Malaysia,Diversified Utilities,18500000000,6300000000
http://www.forbes.com/companies/helmerich-payne/,Helmerich & Payne,http://www.forbes.com/companies/helmerich-payne/,United States of America,Oil Services & Equipment,6400000000,3400000000
http://www.forbes.com/companies/tcl-corp/,TCL Corp,http://www.forbes.com/companies/tcl-corp/,China,Consumer Electronics,12900000000,13800000000
http://www.forbes.com/companies/avago-technologies/,Avago Technologies,http://www.forbes.com/companies/avago-technologies/,Singapore,Semiconductors,3500000000,2700000000
http://www.forbes.com/companies/coca-cola-hbc/,Coca-Cola HBC,http://www.forbes.com/companies/coca-cola-hbc/,Switzerland,Beverages,10000000000,9100000000
http://www.forbes.com/companies/rural-electrification/,Rural Electrification,http://www.forbes.com/companies/rural-electrification/,India,Investment Services,24000000000,2500000000
http://www.forbes.com/companies/evraz-group/,Evraz Group,http://www.forbes.com/companies/evraz-group/,United Kingdom of Great Britain and Northern Ireland,Iron & Steel,18800000000,14500000000
http://www.forbes.com/companies/xilinx/,Xilinx,http://www.forbes.com/companies/xilinx/,United States of America,Semiconductors,5000000000,2300000000
http://www.forbes.com/companies/rockwell-collins/,Rockwell Collins,http://www.forbes.com/companies/rockwell-collins/,United States of America,Aerospace & Defense,7100000000,4600000000
http://www.forbes.com/companies/deutsche-annington-immobilien/,Deutsche Annington Immobilien,http://www.forbes.com/companies/deutsche-annington-immobilien/,,,15300000000,1900000000
http://www.forbes.com/companies/labcorp/,LabCorp,http://www.forbes.com/companies/labcorp/,United States of America,Healthcare Services,7000000000,5800000000
http://www.forbes.com/companies/maxis/,Maxis,http://www.forbes.com/companies/maxis/,Malaysia,Telecommunications services,5300000000,2900000000
http://www.forbes.com/companies/agl-energy/,AGL Energy,http://www.forbes.com/companies/agl-energy/,Australia,Electric Utilities,12500000000,9200000000
http://www.forbes.com/companies/ternium/,Ternium,http://www.forbes.com/companies/ternium/,Luxembourg,Iron & Steel,10500000000,8500000000
http://www.forbes.com/companies/family-dollar-stores/,Family Dollar Stores,http://www.forbes.com/companies/family-dollar-stores/,United States of America,Discount Stores,3900000000,10500000000
http://www.forbes.com/companies/british-land/,British Land,http://www.forbes.com/companies/british-land/,United Kingdom of Great Britain and Northern Ireland,Real Estate,12600000000,500000000
http://www.forbes.com/companies/china-international-marine/,China International Marine,http://www.forbes.com/companies/china-international-marine/,China,Heavy Equipment,12000000000,9300000000
http://www.forbes.com/companies/aozora-bank/,Aozora Bank,http://www.forbes.com/companies/aozora-bank/,Japan,Major Banks,46200000000,1200000000
http://www.forbes.com/companies/electrolux-group/,Electrolux Group,http://www.forbes.com/companies/electrolux-group/,Sweden,Household Appliances,11800000000,16800000000
http://www.forbes.com/companies/vallourec/,Vallourec,http://www.forbes.com/companies/vallourec/,France,Other Industrial Equipment,12800000000,7400000000
http://www.forbes.com/companies/coloplast/,Coloplast,http://www.forbes.com/companies/coloplast/,Denmark,Medical Equipment & Supplies,1600000000,2100000000
http://www.forbes.com/companies/check-point-software/,Check Point Software,http://www.forbes.com/companies/check-point-software/,Israel,Software & Programming,4900000000,1400000000
http://www.forbes.com/companies/protective-life/,Protective Life,http://www.forbes.com/companies/protective-life/,United States of America,Life & Health Insurance,69200000000,4000000000
http://www.forbes.com/companies/qantas-airways/,Qantas Airways,http://www.forbes.com/companies/qantas-airways/,Australia,Airline,17900000000,14900000000
http://www.forbes.com/companies/pvh/,PVH,http://www.forbes.com/companies/pvh/,United States of America,Apparel/Accessories,11600000000,8200000000
http://www.forbes.com/companies/kajima/,Kajima,http://www.forbes.com/companies/kajima/,Japan,Construction Services,17400000000,15300000000
http://www.forbes.com/companies/calpine/,Calpine,http://www.forbes.com/companies/calpine/,United States of America,Electric Utilities,16600000000,6500000000
http://www.forbes.com/companies/shanghai-construction/,Shanghai Construction,http://www.forbes.com/companies/shanghai-construction/,China,Construction Services,15800000000,16200000000
http://www.forbes.com/companies/smith-nephew/,Smith & Nephew,http://www.forbes.com/companies/smith-nephew/,United Kingdom of Great Britain and Northern Ireland,Medical Equipment & Supplies,5800000000,4300000000
http://www.forbes.com/companies/csn/,CSN,http://www.forbes.com/companies/csn/,Brazil,Iron & Steel,21400000000,8000000000
http://www.forbes.com/companies/banco-davivienda/,Banco Davivienda,http://www.forbes.com/companies/banco-davivienda/,Colombia,Regional Banks,28200000000,3100000000
http://www.forbes.com/companies/portugal-telecom/,Portugal Telecom,http://www.forbes.com/companies/portugal-telecom/,Portugal,Telecommunications services,16600000000,7000000000
http://www.forbes.com/companies/nmdc/,NMDC,http://www.forbes.com/companies/nmdc/,India,Diversified Metals & Mining,5400000000,1900000000
http://www.forbes.com/companies/ccr/,CCR,http://www.forbes.com/companies/ccr/,Brazil,Other Transportation,5900000000,2800000000
http://www.forbes.com/companies/dr-horton/,DR Horton,http://www.forbes.com/companies/dr-horton/,United States of America,Construction Services,8900000000,6600000000
http://www.forbes.com/companies/unicharm/,Unicharm,http://www.forbes.com/companies/unicharm/,Japan,Household/Personal Care,5700000000,5800000000
http://www.forbes.com/companies/agco/,AGCO,http://www.forbes.com/companies/agco/,United States of America,Heavy Equipment,8400000000,10800000000
http://www.forbes.com/companies/rite-aid/,Rite Aid,http://www.forbes.com/companies/rite-aid/,United States of America,Drug Retail,7100000000,25400000000
http://www.forbes.com/companies/mohawk-industries/,Mohawk Industries,http://www.forbes.com/companies/mohawk-industries/,United States of America,Furniture & Fixtures,8500000000,7300000000
http://www.forbes.com/companies/uc-rusal/,UC Rusal,http://www.forbes.com/companies/uc-rusal/,Russian Federation,Aluminum,20600000000,9800000000
http://www.forbes.com/companies/cr-bard/,CR Bard,http://www.forbes.com/companies/cr-bard/,United States of America,Medical Equipment & Supplies,5000000000,3000000000
http://www.forbes.com/companies/scana/,SCANA,http://www.forbes.com/companies/scana/,United States of America,Electric Utilities,15200000000,4500000000
http://www.forbes.com/companies/cheng-shin-rubber-industry/,Cheng Shin Rubber Industry Co.,http://www.forbes.com/companies/cheng-shin-rubber-industry/,"Taiwan, Province of China[a]",Auto & Truck Parts,5400000000,4500000000
http://www.forbes.com/companies/manpower/,Manpower,http://www.forbes.com/companies/manpower/,United States of America,Business & Personal Services,7300000000,20200000000
http://www.forbes.com/companies/bunzl/,Bunzl,http://www.forbes.com/companies/bunzl/,United Kingdom of Great Britain and Northern Ireland,Business & Personal Services,5300000000,9500000000
http://www.forbes.com/companies/toppan-printing/,Toppan Printing,http://www.forbes.com/companies/toppan-printing/,Japan,Printing & Publishing,16100000000,15600000000
http://www.forbes.com/companies/ball/,Ball,http://www.forbes.com/companies/ball/,United States of America,Containers & Packaging,7800000000,8500000000
http://www.forbes.com/companies/sekisui-chemical/,Sekisui Chemical,http://www.forbes.com/companies/sekisui-chemical/,Japan,Construction Services,9400000000,11100000000
http://www.forbes.com/companies/metropolitan-bank-trust/,Metropolitan Bank & Trust,http://www.forbes.com/companies/metropolitan-bank-trust/,Philippines,Regional Banks,31100000000,1900000000
http://www.forbes.com/companies/jiangsu-yanghe-brewery/,Jiangsu Yanghe Brewery,http://www.forbes.com/companies/jiangsu-yanghe-brewery/,China,Beverages,4400000000,2600000000
http://www.forbes.com/companies/petro-rabigh/,Petro Rabigh,http://www.forbes.com/companies/petro-rabigh/,Saudi Arabia,Diversified Chemicals,12200000000,13500000000
http://www.forbes.com/companies/ucb/,UCB,http://www.forbes.com/companies/ucb/,Belgium,Pharmaceuticals,13700000000,4500000000
http://www.forbes.com/companies/innolux/,Innolux,http://www.forbes.com/companies/innolux/,"Taiwan, Province of China[a]",Computer Hardware,17100000000,14200000000
http://www.forbes.com/companies/stockland-australia/,Stockland Australia,http://www.forbes.com/companies/stockland-australia/,Australia,Real Estate,13100000000,1800000000
http://www.forbes.com/companies/travis-perkins/,Travis Perkins,http://www.forbes.com/companies/travis-perkins/,United Kingdom of Great Britain and Northern Ireland,Home Improvement Retail,7400000000,8000000000
http://www.forbes.com/companies/korean-air/,Korean Air,http://www.forbes.com/companies/korean-air/,Korea (Republic of),Airline,21700000000,10900000000
http://www.forbes.com/companies/zijin-mining-group/,Zijin Mining Group,http://www.forbes.com/companies/zijin-mining-group/,China,Diversified Metals & Mining,11100000000,8100000000
http://www.forbes.com/companies/flowserve/,Flowserve,http://www.forbes.com/companies/flowserve/,United States of America,Other Industrial Equipment,5000000000,5000000000
http://www.forbes.com/companies/axis-capital-holdings/,Axis Capital Holdings,http://www.forbes.com/companies/axis-capital-holdings/,Bermuda,Diversified Insurance,17800000000,4200000000
http://www.forbes.com/companies/mailru-group-ltd-sponsored-gdr-regs/,Mail.ru Group Ltd. Sponsored GDR RegS,http://www.forbes.com/companies/mailru-group-ltd-sponsored-gdr-regs/,Russian Federation,Computer Services,3200000000,700000000
http://www.forbes.com/companies/yamaguchi-financial/,Yamaguchi Financial,http://www.forbes.com/companies/yamaguchi-financial/,Japan,Regional Banks,88200000000,1600000000
http://www.forbes.com/companies/markel/,Markel,http://www.forbes.com/companies/markel/,United States of America,Diversified Insurance,24600000000,4300000000
http://www.forbes.com/companies/gea-group/,GEA Group,http://www.forbes.com/companies/gea-group/,,Conglomerates,8900000000,5700000000
http://www.forbes.com/companies/sany-heavy-industry/,Sany Heavy Industry,http://www.forbes.com/companies/sany-heavy-industry/,China,Heavy Equipment,11100000000,5800000000
http://www.forbes.com/companies/mashreq-bank/,Mashreq Bank,http://www.forbes.com/companies/mashreq-bank/,United Arab Emirates,Regional Banks,24400000000,1900000000
http://www.forbes.com/companies/iliad/,Iliad,http://www.forbes.com/companies/iliad/,France,Computer Services,6600000000,5000000000
http://www.forbes.com/companies/fonciere-des-regions/,Foncière des Régions,http://www.forbes.com/companies/fonciere-des-regions/,France,Real Estate,23700000000,1200000000
http://www.forbes.com/companies/commercial-bank-of-qatar/,Commercial Bank of Qatar,http://www.forbes.com/companies/commercial-bank-of-qatar/,Qatar,Regional Banks,31100000000,1400000000
http://www.forbes.com/companies/au-optronics/,AU Optronics,http://www.forbes.com/companies/au-optronics/,"Taiwan, Province of China[a]",Electronics,16500000000,14000000000
http://www.forbes.com/companies/wuhan-iron-steel/,Wuhan Iron & Steel,http://www.forbes.com/companies/wuhan-iron-steel/,China,Iron & Steel,15900000000,14700000000
http://www.forbes.com/companies/nippon-express/,Nippon Express,http://www.forbes.com/companies/nippon-express/,Japan,Trucking,12800000000,17300000000
http://www.forbes.com/companies/hyundai-marine-fire/,Hyundai Marine & Fire,http://www.forbes.com/companies/hyundai-marine-fire/,Korea (Republic of),Property & Casualty Insurance,21900000000,10000000000
http://www.forbes.com/companies/talisman-energy/,Talisman Energy,http://www.forbes.com/companies/talisman-energy/,Canada,Oil & Gas Operations,19200000000,4700000000
http://www.forbes.com/companies/hellenic-telecom/,Hellenic Telecom,http://www.forbes.com/companies/hellenic-telecom/,Greece,Telecommunications services,10800000000,5400000000
http://www.forbes.com/companies/garmin/,Garmin,http://www.forbes.com/companies/garmin/,Switzerland,Consumer Electronics,4900000000,2600000000
http://www.forbes.com/companies/perrigo/,Perrigo,http://www.forbes.com/companies/perrigo/,Ireland,Pharmaceuticals,13700000000,3800000000
http://www.forbes.com/companies/roper-inds/,Roper Industries,http://www.forbes.com/companies/roper-inds/,United States of America,Other Industrial Equipment,8200000000,3200000000
http://www.forbes.com/companies/wyndham-worldwide/,Wyndham Worldwide,http://www.forbes.com/companies/wyndham-worldwide/,United States of America,Hotels & Motels,9700000000,5000000000
http://www.forbes.com/companies/community-health-sys/,Community Health Sys,http://www.forbes.com/companies/community-health-sys/,United States of America,Healthcare Services,17100000000,13000000000
http://www.forbes.com/companies/advance-auto-parts/,Advance Auto Parts,http://www.forbes.com/companies/advance-auto-parts/,United States of America,Specialty Stores,5600000000,6500000000
http://www.forbes.com/companies/aldar-properties/,Aldar Properties,http://www.forbes.com/companies/aldar-properties/,United Arab Emirates,Real Estate,11900000000,1500000000
http://www.forbes.com/companies/charoen-pokphand-foods/,Charoen Pokphand Foods,http://www.forbes.com/companies/charoen-pokphand-foods/,Thailand,Food Processing,11100000000,12700000000
http://www.forbes.com/companies/city-developments/,City Developments,http://www.forbes.com/companies/city-developments/,Singapore,Real Estate,13200000000,2500000000
http://www.forbes.com/companies/tele2/,Tele2,http://www.forbes.com/companies/tele2/,Sweden,Telecommunications services,6200000000,4600000000
http://www.forbes.com/companies/adobe-systems/,Adobe Systems,http://www.forbes.com/companies/adobe-systems/,United States of America,Software & Programming,10200000000,4000000000
http://www.forbes.com/companies/accor/,Accor,http://www.forbes.com/companies/accor/,France,Hotels & Motels,9700000000,7400000000
http://www.forbes.com/companies/zodiac-aerospace/,Zodiac Aerospace,http://www.forbes.com/companies/zodiac-aerospace/,France,Aerospace & Defense,5700000000,5100000000
http://www.forbes.com/companies/pioneer-natural-resources/,Pioneer Natural Resources,http://www.forbes.com/companies/pioneer-natural-resources/,United States of America,Oil & Gas Operations,12300000000,3500000000
http://www.forbes.com/companies/bta-bank/,Bta Bank,http://www.forbes.com/companies/bta-bank/,,Regional Banks,10600000000,1200000000
http://www.forbes.com/companies/banco-occidental/,Banco Occidental,http://www.forbes.com/companies/banco-occidental/,Venezuela (Bolivarian Republic of),Regional Banks,17500000000,1600000000
http://www.forbes.com/companies/starwood-property-trust/,Starwood Property Trust,http://www.forbes.com/companies/starwood-property-trust/,United States of America,,104100000000,600000000
http://www.forbes.com/companies/gecina/,Gecina,http://www.forbes.com/companies/gecina/,France,Real Estate,15200000000,1000000000
http://www.forbes.com/companies/strabag/,STRABAG,http://www.forbes.com/companies/strabag/,Austria,Construction Services,13900000000,16500000000
http://www.forbes.com/companies/cerner/,Cerner,http://www.forbes.com/companies/cerner/,United States of America,Healthcare Services,4100000000,2900000000
http://www.forbes.com/companies/united-rentals/,United Rentals,http://www.forbes.com/companies/united-rentals/,United States of America,Rental & Leasing,11200000000,5000000000
http://www.forbes.com/companies/st-engineering/,ST Engineering,http://www.forbes.com/companies/st-engineering/,Singapore,Aerospace & Defense,6900000000,5300000000
http://www.forbes.com/companies/caesars-entertainment/,Caesars Entertainment,http://www.forbes.com/companies/caesars-entertainment/,United States of America,Casinos & Gaming,24700000000,8600000000
http://www.forbes.com/companies/lotte-chemical/,Lotte Chemical,http://www.forbes.com/companies/lotte-chemical/,Korea (Republic of),Specialized Chemicals,10100000000,15000000000
http://www.forbes.com/companies/dassault-systemes/,Dassault Systemes,http://www.forbes.com/companies/dassault-systemes/,France,Software & Programming,5800000000,2700000000
http://www.forbes.com/companies/taqa/,TAQA,http://www.forbes.com/companies/taqa/,United Arab Emirates,Electric Utilities,33200000000,7000000000
http://www.forbes.com/companies/eqt/,EQT,http://www.forbes.com/companies/eqt/,United States of America,Oil & Gas Operations,9700000000,2100000000
http://www.forbes.com/companies/shimizu/,Shimizu,http://www.forbes.com/companies/shimizu/,Japan,Construction Services,14500000000,15200000000
http://www.forbes.com/companies/alfresa-holdings/,Alfresa Holdings,http://www.forbes.com/companies/alfresa-holdings/,Japan,Pharmaceuticals,11600000000,25200000000
http://www.forbes.com/companies/ametek/,Ametek,http://www.forbes.com/companies/ametek/,United States of America,Electrical Equipment,5900000000,3600000000
http://www.forbes.com/companies/fukuoka-financial-group/,Fukuoka Financial Group,http://www.forbes.com/companies/fukuoka-financial-group/,Japan,Regional Banks,130800000000,2400000000
http://www.forbes.com/companies/syndicate-bank/,Syndicate Bank,http://www.forbes.com/companies/syndicate-bank/,India,Regional Banks,39800000000,3400000000
http://www.forbes.com/companies/level-3-communications/,Level 3 Communications,http://www.forbes.com/companies/level-3-communications/,United States of America,Telecommunications services,12900000000,6300000000
http://www.forbes.com/companies/remgro/,Remgro,http://www.forbes.com/companies/remgro/,South Africa,Conglomerates,7400000000,2200000000
http://www.forbes.com/companies/aramark/,Aramark,http://www.forbes.com/companies/aramark/,United States of America,,10200000000,13500000000
http://www.forbes.com/companies/us-steel/,US Steel,http://www.forbes.com/companies/us-steel/,United States of America,Iron & Steel,13100000000,17400000000
http://www.forbes.com/companies/acciona/,Acciona,http://www.forbes.com/companies/acciona/,Spain,Construction Services,23100000000,8800000000
http://www.forbes.com/companies/nomos-bank/,Nomos Bank,http://www.forbes.com/companies/nomos-bank/,Russian Federation,Regional Banks,31900000000,3400000000
http://www.forbes.com/companies/guangdong-electric/,Guangdong Electric Power,http://www.forbes.com/companies/guangdong-electric/,China,,11100000000,6600000000
http://www.forbes.com/companies/shanghai-pharmaceuticals/,Shanghai Pharmaceuticals,http://www.forbes.com/companies/shanghai-pharmaceuticals/,China,Drug Retail,9000000000,12100000000
http://www.forbes.com/companies/itv/,ITV,http://www.forbes.com/companies/itv/,United Kingdom of Great Britain and Northern Ireland,Broadcasting & Cable,4300000000,3700000000
http://www.forbes.com/companies/renesas-electronics/,Renesas Electronics,http://www.forbes.com/companies/renesas-electronics/,Japan,Semiconductors,7600000000,8400000000
http://www.forbes.com/companies/crown-resorts/,Crown Resorts,http://www.forbes.com/companies/crown-resorts/,Australia,Casinos & Gaming,5800000000,2800000000
http://www.forbes.com/companies/e-trade-financial/,E-Trade Financial,http://www.forbes.com/companies/e-trade-financial/,United States of America,Investment Services,46300000000,1900000000
http://www.forbes.com/companies/tdc/,TDC,http://www.forbes.com/companies/tdc/,Denmark,Telecommunications services,11200000000,4400000000
http://www.forbes.com/companies/olam-international/,Olam International,http://www.forbes.com/companies/olam-international/,Singapore,Food Processing,12300000000,16000000000
http://www.forbes.com/companies/assured-guaranty/,Assured Guaranty,http://www.forbes.com/companies/assured-guaranty/,Bermuda,Diversified Insurance,16100000000,1200000000
http://www.forbes.com/companies/kla-tencor/,KLA-Tencor,http://www.forbes.com/companies/kla-tencor/,United States of America,Semiconductors,5400000000,2800000000
http://www.forbes.com/companies/mitsui-chemicals/,Mitsui Chemicals,http://www.forbes.com/companies/mitsui-chemicals/,Japan,Specialized Chemicals,13700000000,15400000000
http://www.forbes.com/companies/netease/,Netease,http://www.forbes.com/companies/netease/,China,Computer Services,4100000000,1500000000
http://www.forbes.com/companies/alfa-laval/,Alfa Laval,http://www.forbes.com/companies/alfa-laval/,Sweden,Other Industrial Equipment,5400000000,4600000000
http://www.forbes.com/companies/sdic-power-holdings/,SDIC Power Holdings,http://www.forbes.com/companies/sdic-power-holdings/,China,Oil & Gas Operations,25600000000,4200000000
http://www.forbes.com/companies/shenzhen-overseas/,Shenzhen Overseas,http://www.forbes.com/companies/shenzhen-overseas/,China,Hotels & Motels,14500000000,3700000000
http://www.forbes.com/companies/kerry-group/,Kerry Group,http://www.forbes.com/companies/kerry-group/,Ireland,Food Processing,7200000000,7700000000
http://www.forbes.com/companies/kingdom-holding/,Kingdom Holding,http://www.forbes.com/companies/kingdom-holding/,Saudi Arabia,Investment Services,12300000000,700000000
http://www.forbes.com/companies/soho-china/,SOHO China,http://www.forbes.com/companies/soho-china/,China,Real Estate,12900000000,2400000000
http://www.forbes.com/companies/hua-nan-financial/,Hua Nan Financial,http://www.forbes.com/companies/hua-nan-financial/,"Taiwan, Province of China[a]",Consumer Financial Services,71100000000,1500000000
http://www.forbes.com/companies/fastenal/,Fastenal,http://www.forbes.com/companies/fastenal/,United States of America,Home Improvement Retail,2100000000,3300000000
http://www.forbes.com/companies/sinopac-financial/,SinoPac Financial,http://www.forbes.com/companies/sinopac-financial/,"Taiwan, Province of China[a]",Consumer Financial Services,48300000000,1400000000
http://www.forbes.com/companies/china-longyuan-power/,China Longyuan Power,http://www.forbes.com/companies/china-longyuan-power/,China,Diversified Utilities,18300000000,3100000000
http://www.forbes.com/companies/bmf-bovespa/,BM&F Bovespa,http://www.forbes.com/companies/bmf-bovespa/,Brazil,Investment Services,11000000000,1000000000
http://www.forbes.com/companies/china-merchants-holdings/,China Merchants Holdings,http://www.forbes.com/companies/china-merchants-holdings/,Hong Kong,Other Transportation,11100000000,1300000000
http://www.forbes.com/companies/chongqing-changan-aut/,Chongqing Changan Auto,http://www.forbes.com/companies/chongqing-changan-aut/,China,Auto & Truck Manufacturers,8200000000,5800000000
http://www.forbes.com/companies/fcc/,FCC,http://www.forbes.com/companies/fcc/,Spain,Construction Services,21500000000,8900000000
http://www.forbes.com/companies/olympus/,Olympus,http://www.forbes.com/companies/olympus/,Japan,Consumer Electronics,9800000000,7100000000
http://www.forbes.com/companies/yanzhou-coal-mining/,Yanzhou Coal Mining,http://www.forbes.com/companies/yanzhou-coal-mining/,China,Diversified Metals & Mining,19600000000,9400000000
http://www.forbes.com/companies/china-life-insurance-taiwan/,China Life Insurance (Taiwan),http://www.forbes.com/companies/china-life-insurance-taiwan/,"Taiwan, Province of China[a]",Life & Health Insurance,30800000000,6800000000
http://www.forbes.com/companies/nxp-semiconductors/,NXP Semiconductors,http://www.forbes.com/companies/nxp-semiconductors/,Netherlands,Semiconductors,6400000000,4800000000
http://www.forbes.com/companies/sunac-china-holdings/,Sunac China Holdings,http://www.forbes.com/companies/sunac-china-holdings/,China,,16100000000,5000000000
http://www.forbes.com/companies/interpublic-group/,Interpublic Group,http://www.forbes.com/companies/interpublic-group/,United States of America,Advertising,12900000000,7100000000
http://www.forbes.com/companies/electric-power-development/,Electric Power Development,http://www.forbes.com/companies/electric-power-development/,Japan,Electric Utilities,22200000000,7000000000
http://www.forbes.com/companies/quanta-services/,Quanta Services,http://www.forbes.com/companies/quanta-services/,United States of America,Construction Services,5900000000,6500000000
http://www.forbes.com/companies/hengan-international-group/,Hengan International Group,http://www.forbes.com/companies/hengan-international-group/,China,Household/Personal Care,5200000000,2700000000
http://www.forbes.com/companies/zenith-bank/,Zenith Bank,http://www.forbes.com/companies/zenith-bank/,Nigeria,Regional Banks,19700000000,2100000000
http://www.forbes.com/companies/petronas-dagangan/,Petronas Dagangan,http://www.forbes.com/companies/petronas-dagangan/,Malaysia,Oil & Gas Operations,3100000000,10300000000
http://www.forbes.com/companies/bendigo-adelaide-bank/,Bendigo & Adelaide Bank,http://www.forbes.com/companies/bendigo-adelaide-bank/,Australia,Regional Banks,54000000000,3100000000
http://www.forbes.com/companies/nurnberger/,Nürnberger,http://www.forbes.com/companies/nurnberger/,,Diversified Insurance,36300000000,6200000000
http://www.forbes.com/companies/whitbread/,Whitbread,http://www.forbes.com/companies/whitbread/,United Kingdom of Great Britain and Northern Ireland,Hotels & Motels,5000000000,3400000000
http://www.forbes.com/companies/turkish-airlines/,Turkish Airlines,http://www.forbes.com/companies/turkish-airlines/,Turkey,Airline,11800000000,9900000000
http://www.forbes.com/companies/hexagon/,Hexagon,http://www.forbes.com/companies/hexagon/,Sweden,Other Industrial Equipment,7500000000,3200000000
http://www.forbes.com/companies/yamada-denki/,Yamada Denki,http://www.forbes.com/companies/yamada-denki/,Japan,Computer & Electronics Retail,11800000000,18700000000
http://www.forbes.com/companies/old-republic-international/,Old Republic International,http://www.forbes.com/companies/old-republic-international/,United States of America,Property & Casualty Insurance,16500000000,5400000000
http://www.forbes.com/companies/visteon/,Visteon,http://www.forbes.com/companies/visteon/,United States of America,Auto & Truck Parts,6000000000,7400000000
http://www.forbes.com/companies/grifols/,Grifols,http://www.forbes.com/companies/grifols/,Spain,Biotechs,8000000000,3600000000
http://www.forbes.com/companies/x5-retail-group/,X5 Retail Group,http://www.forbes.com/companies/x5-retail-group/,Russian Federation,Food Retail,8600000000,16800000000
http://www.forbes.com/companies/compal-electronics/,Compal Electronics,http://www.forbes.com/companies/compal-electronics/,"Taiwan, Province of China[a]",Computer Hardware,10700000000,23100000000
http://www.forbes.com/companies/angang-steel/,Angang Steel,http://www.forbes.com/companies/angang-steel/,China,Iron & Steel,15300000000,12200000000
http://www.forbes.com/companies/cbre-group/,CBRE Group,http://www.forbes.com/companies/cbre-group/,United States of America,Real Estate,7000000000,7200000000
http://www.forbes.com/companies/sika/,Sika,http://www.forbes.com/companies/sika/,Switzerland,Construction Materials,5300000000,5500000000
http://www.forbes.com/companies/manila-electric/,Manila Electric,http://www.forbes.com/companies/manila-electric/,Philippines,Electric Utilities,5400000000,7000000000
http://www.forbes.com/companies/shanxi-taigang-stainless/,Shanxi Taigang Stainless,http://www.forbes.com/companies/shanxi-taigang-stainless/,China,Iron & Steel,12000000000,17600000000
http://www.forbes.com/companies/bajaj-auto/,Bajaj Auto,http://www.forbes.com/companies/bajaj-auto/,India,Recreational Products,2400000000,3600000000
http://www.forbes.com/companies/scripps-networks-interactive/,Scripps Networks Interactive,http://www.forbes.com/companies/scripps-networks-interactive/,United States of America,Broadcasting & Cable,4400000000,2500000000
http://www.forbes.com/companies/cimarex-energy/,Cimarex Energy,http://www.forbes.com/companies/cimarex-energy/,United States of America,Oil & Gas Operations,7300000000,2000000000
http://www.forbes.com/companies/union-national-bank/,Union National Bank,http://www.forbes.com/companies/union-national-bank/,United Arab Emirates,Regional Banks,23800000000,1200000000
http://www.forbes.com/companies/terumo/,Terumo,http://www.forbes.com/companies/terumo/,Japan,Medical Equipment & Supplies,8200000000,4600000000
http://www.forbes.com/companies/geberit/,Geberit,http://www.forbes.com/companies/geberit/,Switzerland,Construction Materials,2500000000,2200000000
http://www.forbes.com/companies/taiwan-mobile/,Taiwan Mobile,http://www.forbes.com/companies/taiwan-mobile/,"Taiwan, Province of China[a]",Telecommunications services,4600000000,3700000000
http://www.forbes.com/companies/american-water-works/,American Water Works,http://www.forbes.com/companies/american-water-works/,United States of America,Diversified Utilities,15100000000,2900000000
http://www.forbes.com/companies/isetan-mitsukoshi-holdings/,Isetan Mitsukoshi Holdings,http://www.forbes.com/companies/isetan-mitsukoshi-holdings/,Japan,Department Stores,12200000000,13100000000
http://www.forbes.com/companies/wolters-kluwer/,Wolters Kluwer,http://www.forbes.com/companies/wolters-kluwer/,Netherlands,Printing & Publishing,9500000000,4700000000
http://www.forbes.com/companies/tenet-healthcare/,Tenet Healthcare,http://www.forbes.com/companies/tenet-healthcare/,United States of America,Healthcare Services,16100000000,11100000000
http://www.forbes.com/companies/china-hongqiao-group/,China Hongqiao Group,http://www.forbes.com/companies/china-hongqiao-group/,China,Diversified Metals & Mining,10800000000,4800000000
http://www.forbes.com/companies/e-l-financial/,E-L Financial,http://www.forbes.com/companies/e-l-financial/,Canada,Diversified Insurance,15000000000,2100000000
http://www.forbes.com/companies/sigma-aldrich/,Sigma-Aldrich,http://www.forbes.com/companies/sigma-aldrich/,United States of America,Specialized Chemicals,3800000000,2700000000
http://www.forbes.com/companies/petsmart/,Petsmart,http://www.forbes.com/companies/petsmart/,United States of America,Specialty Stores,2500000000,6900000000
http://www.forbes.com/companies/arca-continental/,Arca Continental,http://www.forbes.com/companies/arca-continental/,Mexico,Beverages,5100000000,4700000000
http://www.forbes.com/companies/newell-rubbermaid/,Newell Rubbermaid,http://www.forbes.com/companies/newell-rubbermaid/,United States of America,Household/Personal Care,6100000000,5700000000
http://www.forbes.com/companies/golden-agri-resources/,Golden Agri-Resources,http://www.forbes.com/companies/golden-agri-resources/,Singapore,Food Processing,14100000000,6600000000
http://www.forbes.com/companies/bank-of-chongqing/,Bank of Chongqing,http://www.forbes.com/companies/bank-of-chongqing/,China,Regional Banks,34200000000,1800000000
http://www.forbes.com/companies/hachijuni-bank/,Hachijuni Bank,http://www.forbes.com/companies/hachijuni-bank/,Japan,Regional Banks,71500000000,1700000000
http://www.forbes.com/companies/jyske-bank/,Jyske Bank,http://www.forbes.com/companies/jyske-bank/,Denmark,Regional Banks,48400000000,1800000000
http://www.forbes.com/companies/fbn-holdings/,FBN Holdings,http://www.forbes.com/companies/fbn-holdings/,Nigeria,Regional Banks,22600000000,2300000000
http://www.forbes.com/companies/nippon-paper-industries/,Nippon Paper Industries,http://www.forbes.com/companies/nippon-paper-industries/,Japan,,14300000000,12400000000
http://www.forbes.com/companies/taiwan-cooperative-financial/,Taiwan Cooperative Financial,http://www.forbes.com/companies/taiwan-cooperative-financial/,"Taiwan, Province of China[a]",Consumer Financial Services,101900000000,2000000000
http://www.forbes.com/companies/salesforce/,Salesforce.com,http://www.forbes.com/companies/salesforce/,United States of America,Software & Programming,9200000000,4100000000
http://www.forbes.com/companies/public-power/,Public Power,http://www.forbes.com/companies/public-power/,Greece,Electric Utilities,21800000000,7900000000
http://www.forbes.com/companies/ktg/,KT&G,http://www.forbes.com/companies/ktg/,Korea (Republic of),Tobacco,6700000000,3500000000
http://www.forbes.com/companies/willis-group-holdings/,Willis Group Holdings,http://www.forbes.com/companies/willis-group-holdings/,United Kingdom of Great Britain and Northern Ireland,Insurance Brokers,14800000000,3700000000
http://www.forbes.com/companies/israel-corp/,Israel Corp,http://www.forbes.com/companies/israel-corp/,Israel,Investment Services,15700000000,11000000000
http://www.forbes.com/companies/actelion/,Actelion,http://www.forbes.com/companies/actelion/,Switzerland,Pharmaceuticals,3400000000,1900000000
http://www.forbes.com/companies/capital-shopping/,Intu Properties plc,http://www.forbes.com/companies/capital-shopping/,United Kingdom of Great Britain and Northern Ireland,Real Estate,13600000000,800000000
http://www.forbes.com/companies/cosan/,Cosan,http://www.forbes.com/companies/cosan/,Brazil,Food Processing,12600000000,14200000000
http://www.forbes.com/companies/foot-locker/,Foot Locker,http://www.forbes.com/companies/foot-locker/,United States of America,Apparel/Footwear Retail,3500000000,6500000000
http://www.forbes.com/companies/westlake-chemical/,Westlake Chemical,http://www.forbes.com/companies/westlake-chemical/,United States of America,Diversified Chemicals,4100000000,3800000000
http://www.forbes.com/companies/alpiq-holding/,Alpiq Holding,http://www.forbes.com/companies/alpiq-holding/,Switzerland,Electric Utilities,16300000000,10100000000
http://www.forbes.com/companies/pembina-pipeline/,Pembina Pipeline,http://www.forbes.com/companies/pembina-pipeline/,Canada,Oil & Gas Operations,8600000000,4900000000
http://www.forbes.com/companies/smiths-group/,Smiths Group,http://www.forbes.com/companies/smiths-group/,United Kingdom of Great Britain and Northern Ireland,Conglomerates,5800000000,4800000000
http://www.forbes.com/companies/suzuken/,Suzuken,http://www.forbes.com/companies/suzuken/,Japan,Pharmaceuticals,10300000000,20000000000
http://www.forbes.com/companies/joyo-bank/,Joyo Bank,http://www.forbes.com/companies/joyo-bank/,Japan,Regional Banks,81900000000,1600000000
http://www.forbes.com/companies/rockwood-holdings/,Rockwood Holdings,http://www.forbes.com/companies/rockwood-holdings/,United States of America,Specialized Chemicals,5500000000,2400000000
http://www.forbes.com/companies/songbird-estates/,Songbird Estates plc,http://www.forbes.com/companies/songbird-estates/,United Kingdom of Great Britain and Northern Ireland,Real Estate,12200000000,600000000
http://www.forbes.com/companies/mechel/,Mechel,http://www.forbes.com/companies/mechel/,Russian Federation,Iron & Steel,14600000000,11300000000
http://www.forbes.com/companies/permanent-tsb-group/,Permanent TSB Group,http://www.forbes.com/companies/permanent-tsb-group/,Ireland,Investment Services,51800000000,1400000000
http://www.forbes.com/companies/industrias-penoles/,Industrias Peñoles,http://www.forbes.com/companies/industrias-penoles/,Mexico,Diversified Metals & Mining,7000000000,5200000000
http://www.forbes.com/companies/darden-restaurants/,Darden Restaurants,http://www.forbes.com/companies/darden-restaurants/,United States of America,Restaurants,7200000000,8700000000
http://www.forbes.com/companies/two-harbors-investment/,Two Harbors Investment,http://www.forbes.com/companies/two-harbors-investment/,United States of America,Real Estate,17200000000,600000000
http://www.forbes.com/companies/embraer/,Embraer,http://www.forbes.com/companies/embraer/,Brazil,Aerospace & Defense,10100000000,6300000000
http://www.forbes.com/companies/world-fuel-services/,World Fuel Services,http://www.forbes.com/companies/world-fuel-services/,United States of America,Specialty Stores,4700000000,41500000000
http://www.forbes.com/companies/mizrahi-tefahot-bank/,Mizrahi Tefahot Bank,http://www.forbes.com/companies/mizrahi-tefahot-bank/,Israel,Regional Banks,51700000000,2100000000
http://www.forbes.com/companies/gudang-garam/,Gudang Garam,http://www.forbes.com/companies/gudang-garam/,India,Tobacco,4200000000,5300000000
http://www.forbes.com/companies/bcv-group/,BCV Group,http://www.forbes.com/companies/bcv-group/,Switzerland,Regional Banks,45500000000,1400000000
http://www.forbes.com/companies/banca-popolare-dellemilia/,Banca Popolare dell'Emilia,http://www.forbes.com/companies/banca-popolare-dellemilia/,Italy,Regional Banks,85100000000,4300000000
http://www.forbes.com/companies/dongfang-electric/,Dongfang Electric,http://www.forbes.com/companies/dongfang-electric/,China,Electrical Equipment,12900000000,6900000000
http://www.forbes.com/companies/sino-land/,Sino Land,http://www.forbes.com/companies/sino-land/,Hong Kong,Real Estate,17400000000,700000000
http://www.forbes.com/companies/iss/,ISS,http://www.forbes.com/companies/iss/,Denmark,,9000000000,14000000000
http://www.forbes.com/companies/wistron/,Wistron,http://www.forbes.com/companies/wistron/,"Taiwan, Province of China[a]",Computer Hardware,9700000000,22000000000
http://www.forbes.com/companies/novozymes/,Novozymes,http://www.forbes.com/companies/novozymes/,Denmark,Biotechs,3000000000,2100000000
http://www.forbes.com/companies/capita/,Capita,http://www.forbes.com/companies/capita/,United Kingdom of Great Britain and Northern Ireland,Business & Personal Services,7600000000,6000000000
http://www.forbes.com/companies/hokuhoku-financial-group/,Hokuhoku Financial Group,http://www.forbes.com/companies/hokuhoku-financial-group/,Japan,Regional Banks,107100000000,1900000000
http://www.forbes.com/companies/chang-hwa-bank/,Chang Hwa Bank,http://www.forbes.com/companies/chang-hwa-bank/,"Taiwan, Province of China[a]",Regional Banks,56200000000,1100000000
http://www.forbes.com/companies/sinopec-engineering-group/,SINOPEC Engineering (Group),http://www.forbes.com/companies/sinopec-engineering-group/,China,,7800000000,7100000000
http://www.forbes.com/companies/altera/,Altera,http://www.forbes.com/companies/altera/,United States of America,Semiconductors,6000000000,1700000000
http://www.forbes.com/companies/iyo-bank/,Iyo Bank,http://www.forbes.com/companies/iyo-bank/,Japan,Regional Banks,58400000000,1200000000
http://www.forbes.com/companies/chipotle-mexican-grill/,Chipotle Mexican Grill,http://www.forbes.com/companies/chipotle-mexican-grill/,United States of America,Restaurants,2100000000,3200000000
http://www.forbes.com/companies/lig-insurance/,LIG Insurance,http://www.forbes.com/companies/lig-insurance/,Korea (Republic of),Property & Casualty Insurance,18800000000,8000000000
http://www.forbes.com/companies/linear-technology/,Linear Technology,http://www.forbes.com/companies/linear-technology/,United States of America,Semiconductors,2300000000,1300000000
http://www.forbes.com/companies/china-mengniu-dairy/,China Mengniu Dairy,http://www.forbes.com/companies/china-mengniu-dairy/,Hong Kong,Food Processing,4400000000,7100000000
http://www.forbes.com/companies/china-merchants-securities/,China Merchants Securities,http://www.forbes.com/companies/china-merchants-securities/,China,Investment Services,13700000000,1400000000
http://www.forbes.com/companies/lundbergs/,Lundbergs,http://www.forbes.com/companies/lundbergs/,Sweden,Real Estate,15000000000,3100000000
http://www.forbes.com/companies/ioi-group/,IOI Group,http://www.forbes.com/companies/ioi-group/,Malaysia,Food Processing,7800000000,3900000000
http://www.forbes.com/companies/gs-holdings/,GS Holdings,http://www.forbes.com/companies/gs-holdings/,Korea (Republic of),Oil & Gas Operations,12000000000,8800000000
http://www.forbes.com/companies/smurfit-kappa-group/,Smurfit Kappa Group,http://www.forbes.com/companies/smurfit-kappa-group/,Ireland,Paper & Paper Products,11300000000,10600000000
http://www.forbes.com/companies/beam/,Beam,http://www.forbes.com/companies/beam/,United States of America,Beverages,8600000000,2500000000
http://www.forbes.com/companies/avis-budget-group/,Avis Budget Group,http://www.forbes.com/companies/avis-budget-group/,United States of America,Rental & Leasing,16300000000,7900000000
http://www.forbes.com/companies/hikvision/,Hikvision,http://www.forbes.com/companies/hikvision/,China,Electronics,2000000000,1500000000
http://www.forbes.com/companies/enagas/,Enagas,http://www.forbes.com/companies/enagas/,Spain,Natural Gas Utilities,9900000000,1700000000
http://www.forbes.com/companies/vestas-wind-systems/,Vestas Wind Systems,http://www.forbes.com/companies/vestas-wind-systems/,Denmark,Electrical Equipment,7800000000,8100000000
http://www.forbes.com/companies/mmi-holdings/,MMI Holdings,http://www.forbes.com/companies/mmi-holdings/,South Africa,Life & Health Insurance,36100000000,4300000000
http://www.forbes.com/companies/hammerson/,Hammerson plc,http://www.forbes.com/companies/hammerson/,United Kingdom of Great Britain and Northern Ireland,Real Estate,11300000000,600000000
http://www.forbes.com/companies/metso/,Metso,http://www.forbes.com/companies/metso/,Finland,Other Industrial Equipment,5100000000,7900000000
http://www.forbes.com/companies/jarden/,Jarden,http://www.forbes.com/companies/jarden/,United States of America,Furniture & Fixtures,10100000000,7400000000
http://www.forbes.com/companies/huatai-securities/,Huatai Securities,http://www.forbes.com/companies/huatai-securities/,China,Investment Services,16500000000,1100000000
http://www.forbes.com/companies/kawasaki-kisen-kaisha/,Kawasaki Kisen Kaisha,http://www.forbes.com/companies/kawasaki-kisen-kaisha/,Japan,Other Transportation,12200000000,12800000000
http://www.forbes.com/companies/stmicroelectronics/,STMicroelectronics,http://www.forbes.com/companies/stmicroelectronics/,Switzerland,Semiconductors,9200000000,8100000000
http://www.forbes.com/companies/fortis-canada/,Fortis (Canada),http://www.forbes.com/companies/fortis-canada/,Canada,Electric Utilities,16900000000,3900000000
http://www.forbes.com/companies/harbinger-group/,Harbinger Group,http://www.forbes.com/companies/harbinger-group/,United States of America,Household/Personal Care,28800000000,5700000000
http://www.forbes.com/companies/j-front-retailing/,J Front Retailing,http://www.forbes.com/companies/j-front-retailing/,Japan,Department Stores,10000000000,12200000000
http://www.forbes.com/companies/porto-seguro/,Porto Seguro,http://www.forbes.com/companies/porto-seguro/,Brazil,Diversified Insurance,8600000000,6200000000
http://www.forbes.com/companies/crescent-point-energy/,Crescent Point Energy,http://www.forbes.com/companies/crescent-point-energy/,Canada,Oil & Gas Operations,12300000000,2800000000
http://www.forbes.com/companies/thai-oil/,Thai Oil,http://www.forbes.com/companies/thai-oil/,Thailand,Oil & Gas Operations,6400000000,13500000000
http://www.forbes.com/companies/weir-group/,Weir Group,http://www.forbes.com/companies/weir-group/,United Kingdom of Great Britain and Northern Ireland,Other Industrial Equipment,5200000000,3800000000
http://www.forbes.com/companies/aberdeen-asset-management/,Aberdeen Asset Management,http://www.forbes.com/companies/aberdeen-asset-management/,United Kingdom of Great Britain and Northern Ireland,Investment Services,7300000000,2100000000
http://www.forbes.com/companies/nvidia/,NVIDIA,http://www.forbes.com/companies/nvidia/,United States of America,Semiconductors,7300000000,4100000000
http://www.forbes.com/companies/tdk/,TDK,http://www.forbes.com/companies/tdk/,Japan,Electronics,12500000000,9900000000
http://www.forbes.com/companies/k-plus-s/,K+S,http://www.forbes.com/companies/k-plus-s/,,Diversified Chemicals,8800000000,5100000000
http://www.forbes.com/companies/harris/,Harris,http://www.forbes.com/companies/harris/,United States of America,Communications Equipment,4900000000,5000000000
http://www.forbes.com/companies/oci/,OCI,http://www.forbes.com/companies/oci/,Netherlands,,11100000000,5500000000
http://www.forbes.com/companies/forest-laboratories/,Forest Laboratories,http://www.forbes.com/companies/forest-laboratories/,United States of America,Pharmaceuticals,9100000000,3400000000
http://www.forbes.com/companies/hyosung/,Hyosung,http://www.forbes.com/companies/hyosung/,Korea (Republic of),Diversified Metals & Mining,12900000000,11500000000
http://www.forbes.com/companies/dia/,DIA,http://www.forbes.com/companies/dia/,Spain,Food Retail,4600000000,13100000000
http://www.forbes.com/companies/nishi-nippon-city-bank/,Nishi-Nippon City Bank,http://www.forbes.com/companies/nishi-nippon-city-bank/,Japan,Regional Banks,77300000000,1800000000
http://www.forbes.com/companies/minmetals-development/,Minmetals Development,http://www.forbes.com/companies/minmetals-development/,China,Trading Companies,8300000000,28600000000
http://www.forbes.com/companies/expeditors-international/,Expeditors International,http://www.forbes.com/companies/expeditors-international/,United States of America,Air Courier,3000000000,6100000000
http://www.forbes.com/companies/hopson-development/,Hopson Development Holdings,http://www.forbes.com/companies/hopson-development/,Hong Kong,Real Estate,17400000000,2000000000
http://www.forbes.com/companies/77-bank/,77 Bank,http://www.forbes.com/companies/77-bank/,Japan,Regional Banks,76600000000,1100000000
http://www.forbes.com/companies/eastman-kodak/,Eastman Kodak,http://www.forbes.com/companies/eastman-kodak/,United States of America,Consumer Electronics,3200000000,2300000000
http://www.forbes.com/companies/saudi-hollandi-bank/,Saudi Hollandi Bank,http://www.forbes.com/companies/saudi-hollandi-bank/,Saudi Arabia,Regional Banks,21500000000,800000000
http://www.forbes.com/companies/chugoku-bank/,Chugoku Bank,http://www.forbes.com/companies/chugoku-bank/,Japan,Regional Banks,66000000000,1200000000
http://www.forbes.com/companies/north-pacific-bank/,North Pacific Bank,http://www.forbes.com/companies/north-pacific-bank/,Japan,Regional Banks,74600000000,1900000000
http://www.forbes.com/companies/lanxess/,Lanxess,http://www.forbes.com/companies/lanxess/,,Diversified Chemicals,9400000000,11000000000
http://www.forbes.com/companies/ohl-group/,OHL Group,http://www.forbes.com/companies/ohl-group/,Spain,Construction Services,18800000000,4900000000
http://www.forbes.com/companies/aspen-pharmacare-holdings/,Aspen Pharmacare Holdings,http://www.forbes.com/companies/aspen-pharmacare-holdings/,South Africa,Pharmaceuticals,7700000000,2300000000
http://www.forbes.com/companies/alexion-pharmaceuticals/,Alexion Pharmaceuticals,http://www.forbes.com/companies/alexion-pharmaceuticals/,United States of America,Biotechs,3300000000,1500000000
http://www.forbes.com/companies/subsea-7/,Subsea 7,http://www.forbes.com/companies/subsea-7/,United Kingdom of Great Britain and Northern Ireland,Oil Services & Equipment,10400000000,6300000000
http://www.forbes.com/companies/airports-of-thailand/,Airports of Thailand,http://www.forbes.com/companies/airports-of-thailand/,Thailand,Other Transportation,4700000000,1200000000
http://www.forbes.com/companies/bank-of-kyoto/,Bank of Kyoto,http://www.forbes.com/companies/bank-of-kyoto/,Japan,Regional Banks,73600000000,1100000000
http://www.forbes.com/companies/burberry-group/,Burberry Group,http://www.forbes.com/companies/burberry-group/,United Kingdom of Great Britain and Northern Ireland,Apparel/Accessories,2800000000,3400000000
http://www.forbes.com/companies/ezdan-holding-group/,Ezdan Holding Group,http://www.forbes.com/companies/ezdan-holding-group/,Qatar,Real Estate,11300000000,300000000
http://www.forbes.com/companies/cattolica-assicurazioni/,Cattolica Assicurazioni,http://www.forbes.com/companies/cattolica-assicurazioni/,Italy,Diversified Insurance,24500000000,6000000000
http://www.forbes.com/companies/tech-data/,Tech Data,http://www.forbes.com/companies/tech-data/,United States of America,Electronics,6700000000,26300000000
http://www.forbes.com/companies/tractor-supply/,Tractor Supply,http://www.forbes.com/companies/tractor-supply/,United States of America,Specialty Stores,1900000000,5200000000
http://www.forbes.com/companies/hiroshima-bank/,Hiroshima Bank,http://www.forbes.com/companies/hiroshima-bank/,Japan,Regional Banks,69400000000,1300000000
http://www.forbes.com/companies/semen-indonesia/,Semen Indonesia,http://www.forbes.com/companies/semen-indonesia/,India,Construction Materials,2500000000,2300000000
http://www.forbes.com/companies/tobu-railway/,Tobu Railway,http://www.forbes.com/companies/tobu-railway/,Japan,Railroads,14100000000,6000000000
http://www.forbes.com/companies/crown-holdings/,Crown Holdings,http://www.forbes.com/companies/crown-holdings/,United States of America,Containers & Packaging,8000000000,8700000000
http://www.forbes.com/companies/banca-popolare-di-milano/,Banca Popolare di Milano,http://www.forbes.com/companies/banca-popolare-di-milano/,Italy,Regional Banks,68000000000,2900000000
http://www.forbes.com/companies/gunma-bank/,Gunma Bank,http://www.forbes.com/companies/gunma-bank/,Japan,Regional Banks,67800000000,1300000000
http://www.forbes.com/companies/franshion-properties-china/,Franshion Properties (China),http://www.forbes.com/companies/franshion-properties-china/,Hong Kong,Consumer Financial Services,15600000000,2700000000
http://www.forbes.com/companies/cliffs-natural-resources/,Cliffs Natural Resources,http://www.forbes.com/companies/cliffs-natural-resources/,United States of America,Iron & Steel,13100000000,5600000000
http://www.forbes.com/companies/china-communications-services/,China Communications Services,http://www.forbes.com/companies/china-communications-services/,China,Telecommunications services,8000000000,11100000000
http://www.forbes.com/companies/alaska-air-group/,Alaska Air Group,http://www.forbes.com/companies/alaska-air-group/,United States of America,Airline,5800000000,5200000000
http://www.forbes.com/companies/bank-muscat/,Bank Muscat,http://www.forbes.com/companies/bank-muscat/,,Regional Banks,22000000000,1100000000
http://www.forbes.com/companies/jb-hunt-transport/,JB Hunt Transport,http://www.forbes.com/companies/jb-hunt-transport/,United States of America,Trucking,2800000000,5600000000
http://www.forbes.com/companies/nabors-industries/,Nabors Industries,http://www.forbes.com/companies/nabors-industries/,Bermuda,Oil Services & Equipment,12200000000,6200000000
http://www.forbes.com/companies/snc-lavalin-group/,SNC-Lavalin Group,http://www.forbes.com/companies/snc-lavalin-group/,Canada,Construction Services,11100000000,7700000000
http://www.forbes.com/companies/federal-grid-of-ues/,Federal Grid of UES,http://www.forbes.com/companies/federal-grid-of-ues/,Russian Federation,Electric Utilities,38300000000,4800000000
http://www.forbes.com/companies/sk-networks/,SK Networks,http://www.forbes.com/companies/sk-networks/,Korea (Republic of),Trading Companies,8400000000,23700000000
http://www.forbes.com/companies/ncr/,NCR,http://www.forbes.com/companies/ncr/,United States of America,Computer Hardware,8100000000,6100000000
http://www.forbes.com/companies/bank-audi/,Bank Audi,http://www.forbes.com/companies/bank-audi/,,Regional Banks,36200000000,2300000000
http://www.forbes.com/companies/central-bank-of-india/,Central Bank of India,http://www.forbes.com/companies/central-bank-of-india/,India,Regional Banks,49500000000,4300000000
http://www.forbes.com/companies/masco/,Masco,http://www.forbes.com/companies/masco/,United States of America,Construction Materials,6900000000,8200000000
http://www.forbes.com/companies/bs-financial-group/,BS Financial Group,http://www.forbes.com/companies/bs-financial-group/,Korea (Republic of),Investment Services,44500000000,2200000000
http://www.forbes.com/companies/corpbanca/,CorpBanca,http://www.forbes.com/companies/corpbanca/,Chile,Regional Banks,33300000000,2300000000
http://www.forbes.com/companies/china-national-materials/,China National Materials,http://www.forbes.com/companies/china-national-materials/,China,Other Industrial Equipment,15600000000,8500000000
http://www.forbes.com/companies/maanshan-iron-steel/,Maanshan Iron & Steel,http://www.forbes.com/companies/maanshan-iron-steel/,China,Iron & Steel,11800000000,12000000000
http://www.forbes.com/companies/g4s/,G4S,http://www.forbes.com/companies/g4s/,United Kingdom of Great Britain and Northern Ireland,Security Systems,8900000000,11600000000
http://www.forbes.com/companies/twitter/,Twitter,http://www.forbes.com/companies/twitter/,United States of America,,3400000000,700000000
http://www.forbes.com/companies/liberbank/,Liberbank,http://www.forbes.com/companies/liberbank/,Spain,Regional Banks,61400000000,2000000000
http://www.forbes.com/companies/first-niagara-financial/,First Niagara Financial,http://www.forbes.com/companies/first-niagara-financial/,United States of America,Thrifts & Mortgage Finance,37800000000,1600000000
http://www.forbes.com/companies/thomas-cook-group/,Thomas Cook Group,http://www.forbes.com/companies/thomas-cook-group/,United Kingdom of Great Britain and Northern Ireland,Business & Personal Services,10200000000,14500000000
http://www.forbes.com/companies/grupo-elektra/,Grupo Elektra,http://www.forbes.com/companies/grupo-elektra/,Mexico,Computer & Electronics Retail,13400000000,5600000000
http://www.forbes.com/companies/netflix/,Netflix,http://www.forbes.com/companies/netflix/,United States of America,Internet & Catalog Retail,5400000000,4400000000
http://www.forbes.com/companies/petrovietnam-gas/,Petrovietnam Gas,http://www.forbes.com/companies/petrovietnam-gas/,,,2400000000,3100000000
http://www.forbes.com/companies/sumitomo-rubber/,Sumitomo Rubber,http://www.forbes.com/companies/sumitomo-rubber/,Japan,Auto & Truck Parts,8300000000,8000000000
http://www.forbes.com/companies/yandex-nv/,Yandex NV,http://www.forbes.com/companies/yandex-nv/,Netherlands,Computer Services,2200000000,1200000000
http://www.forbes.com/companies/aareal-bank/,Aareal Bank,http://www.forbes.com/companies/aareal-bank/,,Thrifts & Mortgage Finance,59200000000,1300000000
http://www.forbes.com/companies/banco-bpi/,Banco BPI,http://www.forbes.com/companies/banco-bpi/,Portugal,Regional Banks,58800000000,1400000000
http://www.forbes.com/companies/china-gezhouba/,China Gezhouba,http://www.forbes.com/companies/china-gezhouba/,China,Construction Services,14000000000,9100000000
http://www.forbes.com/companies/jc-penney/,JC Penney,http://www.forbes.com/companies/jc-penney/,United States of America,Department Stores,11800000000,11900000000
http://www.forbes.com/companies/aurizon-holdings/,Aurizon Holdings,http://www.forbes.com/companies/aurizon-holdings/,Australia,Railroads,9300000000,3700000000
http://www.forbes.com/companies/banca-carige/,Banca CARIGE,http://www.forbes.com/companies/banca-carige/,Italy,Thrifts & Mortgage Finance,58100000000,1800000000
http://www.forbes.com/companies/tesla-motors/,Tesla Motors,http://www.forbes.com/companies/tesla-motors/,United States of America,,2400000000,2000000000
http://www.forbes.com/companies/israel-discount-bank/,Israel Discount Bank,http://www.forbes.com/companies/israel-discount-bank/,Israel,Regional Banks,57800000000,2700000000
http://www.forbes.com/companies/a2a/,A2A,http://www.forbes.com/companies/a2a/,Italy,Electric Utilities,17600000000,7100000000
http://www.forbes.com/companies/blom-bank/,Blom Bank,http://www.forbes.com/companies/blom-bank/,,Regional Banks,26200000000,1600000000
http://www.forbes.com/companies/huntsman/,Huntsman,http://www.forbes.com/companies/huntsman/,United States of America,Diversified Chemicals,9200000000,11100000000
http://www.forbes.com/companies/jtekt/,JTEKT,http://www.forbes.com/companies/jtekt/,Japan,Auto & Truck Parts,10600000000,12500000000
http://www.forbes.com/companies/waters/,Waters,http://www.forbes.com/companies/waters/,United States of America,Precision Healthcare Equipment,3600000000,1900000000
http://www.forbes.com/companies/esun-financial/,E.Sun Financial,http://www.forbes.com/companies/esun-financial/,"Taiwan, Province of China[a]",Consumer Financial Services,45100000000,1200000000
http://www.forbes.com/companies/almarai/,Almarai,http://www.forbes.com/companies/almarai/,Saudi Arabia,Food Processing,6200000000,3000000000
http://www.forbes.com/companies/boe-technology-group/,BOE Technology Group,http://www.forbes.com/companies/boe-technology-group/,China,Electronics,14800000000,5400000000
http://www.forbes.com/companies/sl-green-realty/,SL Green Realty,http://www.forbes.com/companies/sl-green-realty/,United States of America,Real Estate,15000000000,1500000000
http://www.forbes.com/companies/banrisul/,Banrisul,http://www.forbes.com/companies/banrisul/,Brazil,Regional Banks,22600000000,3600000000
http://www.forbes.com/companies/equity-assurance/,Equity Assurance,http://www.forbes.com/companies/equity-assurance/,Nigeria,,54300000000,0
http://www.forbes.com/companies/juroku-bank/,Juroku Bank,http://www.forbes.com/companies/juroku-bank/,Japan,Regional Banks,54200000000,1100000000
http://www.forbes.com/companies/ruentex-industries/,Ruentex Industries,http://www.forbes.com/companies/ruentex-industries/,"Taiwan, Province of China[a]",,3900000000,2600000000
http://www.forbes.com/companies/atco/,Atco,http://www.forbes.com/companies/atco/,Canada,Electric Utilities,15100000000,4200000000
http://www.forbes.com/companies/salzgitter/,Salzgitter,http://www.forbes.com/companies/salzgitter/,,Iron & Steel,11100000000,12300000000
http://www.forbes.com/companies/ashikaga-holdings/,Ashikaga Holdings,http://www.forbes.com/companies/ashikaga-holdings/,Japan,Regional Banks,53900000000,1100000000
http://www.forbes.com/companies/ziggo/,Ziggo,http://www.forbes.com/companies/ziggo/,Netherlands,,7300000000,2100000000
http://www.forbes.com/companies/bolsas-mercados/,Bolsas & Mercados,http://www.forbes.com/companies/bolsas-mercados/,Spain,Investment Services,53600000000,400000000
http://www.forbes.com/companies/thanachart-capital/,Thanachart Capital,http://www.forbes.com/companies/thanachart-capital/,Thailand,Regional Banks,32000000000,2400000000
http://www.forbes.com/companies/brilliance-china-automotive-holdings/,Brilliance China Automotive Holdings,http://www.forbes.com/companies/brilliance-china-automotive-holdings/,Hong Kong,,3100000000,1000000000
http://www.forbes.com/companies/halyk-bank/,Halyk Bank,http://www.forbes.com/companies/halyk-bank/,,Regional Banks,16300000000,1700000000
http://www.forbes.com/companies/arm-holdings/,ARM Holdings,http://www.forbes.com/companies/arm-holdings/,United Kingdom of Great Britain and Northern Ireland,Semiconductors,2700000000,1100000000
http://www.forbes.com/companies/prosieben-sat1-media/,ProSiebenSat1 Media,http://www.forbes.com/companies/prosieben-sat1-media/,,Broadcasting & Cable,4900000000,3500000000
http://www.forbes.com/companies/hyundai-hysco/,Hyundai Hysco,http://www.forbes.com/companies/hyundai-hysco/,Korea (Republic of),Iron & Steel,5200000000,3700000000
http://www.forbes.com/companies/shionogi-co/,Shionogi & Co.,http://www.forbes.com/companies/shionogi-co/,Japan,Pharmaceuticals,5900000000,3000000000
http://www.forbes.com/companies/sega-sammy-holdings/,Sega Sammy Holdings,http://www.forbes.com/companies/sega-sammy-holdings/,Japan,Recreational Products,5500000000,4300000000
http://www.forbes.com/companies/wabco-holdings/,WABCO Holdings,http://www.forbes.com/companies/wabco-holdings/,United States of America,Auto & Truck Parts,2400000000,2700000000
http://www.forbes.com/companies/imperial-holdings/,Imperial Holdings,http://www.forbes.com/companies/imperial-holdings/,South Africa,Conglomerates,5400000000,10200000000
http://www.forbes.com/companies/senshu-ikeda-holdings/,Senshu Ikeda Holdings,http://www.forbes.com/companies/senshu-ikeda-holdings/,Japan,Regional Banks,50700000000,1000000000
http://www.forbes.com/companies/hugo-boss/,Hugo Boss,http://www.forbes.com/companies/hugo-boss/,,Apparel/Accessories,2100000000,3200000000
http://www.forbes.com/companies/magnitogorsk-iron/,Magnitogorsk Iron & Steel,http://www.forbes.com/companies/magnitogorsk-iron/,Russian Federation,Iron & Steel,14400000000,8400000000
http://www.forbes.com/companies/nanto-bank/,Nanto Bank,http://www.forbes.com/companies/nanto-bank/,Japan,Regional Banks,49700000000,800000000
http://www.forbes.com/companies/asm-international-nv/,ASM International N.V.,http://www.forbes.com/companies/asm-international-nv/,Netherlands,Semiconductors,2100000000,800000000
http://www.forbes.com/companies/emirates-integrated-telecom/,Emirates Integrated Telecom,http://www.forbes.com/companies/emirates-integrated-telecom/,United Arab Emirates,Telecommunications services,4400000000,2900000000
http://www.forbes.com/companies/baywa/,BayWa,http://www.forbes.com/companies/baywa/,,Specialty Stores,6900000000,19500000000
http://www.forbes.com/companies/affiliated-managers-group/,Affiliated Managers Group,http://www.forbes.com/companies/affiliated-managers-group/,United States of America,Investment Services,6300000000,2200000000
http://www.forbes.com/companies/idb-holding/,IDB Holding,http://www.forbes.com/companies/idb-holding/,Israel,Investment Services,13400000000,8900000000
http://www.forbes.com/companies/china-agri-industries/,China Agri-Industries,http://www.forbes.com/companies/china-agri-industries/,Hong Kong,Diversified Chemicals,10700000000,12200000000
http://www.forbes.com/companies/qatar-islamic-bank/,Qatar Islamic Bank,http://www.forbes.com/companies/qatar-islamic-bank/,Qatar,Regional Banks,21200000000,800000000
http://www.forbes.com/companies/linkedin/,LinkedIn,http://www.forbes.com/companies/linkedin/,United States of America,Computer Services,3400000000,1500000000
http://www.forbes.com/companies/lindt-sprungli/,Lindt & Sprungli,http://www.forbes.com/companies/lindt-sprungli/,Switzerland,Food Processing,4400000000,3100000000
http://www.forbes.com/companies/pbf-energy/,PBF Energy,http://www.forbes.com/companies/pbf-energy/,United States of America,Oil & Gas Operations,4400000000,19200000000
http://www.forbes.com/companies/hyakugo-bank/,Hyakugo Bank,http://www.forbes.com/companies/hyakugo-bank/,Japan,Regional Banks,48100000000,800000000
http://www.forbes.com/companies/pacific-rubiales-energy/,Pacific Rubiales Energy,http://www.forbes.com/companies/pacific-rubiales-energy/,Canada,Oil & Gas Operations,11200000000,4600000000
http://www.forbes.com/companies/far-eastern-new-century/,Far Eastern New Century,http://www.forbes.com/companies/far-eastern-new-century/,"Taiwan, Province of China[a]",Diversified Chemicals,12300000000,8000000000
http://www.forbes.com/companies/reliance-steel/,Reliance Steel,http://www.forbes.com/companies/reliance-steel/,United States of America,Iron & Steel,7300000000,9200000000
http://www.forbes.com/companies/ayala/,Ayala,http://www.forbes.com/companies/ayala/,Philippines,Conglomerates,13500000000,3200000000
http://www.forbes.com/companies/cj-cheiljedang/,CJ Cheiljedang,http://www.forbes.com/companies/cj-cheiljedang/,Korea (Republic of),Food Processing,12300000000,9900000000
http://www.forbes.com/companies/polyus-gold-international/,Polyus Gold International,http://www.forbes.com/companies/polyus-gold-international/,United Kingdom of Great Britain and Northern Ireland,Diversified Metals & Mining,5400000000,2600000000
http://www.forbes.com/companies/pinnacle-west/,Pinnacle West,http://www.forbes.com/companies/pinnacle-west/,United States of America,Electric Utilities,13500000000,3500000000
http://www.forbes.com/companies/bok-financial/,BOK Financial,http://www.forbes.com/companies/bok-financial/,United States of America,Regional Banks,27000000000,1300000000
http://www.forbes.com/companies/hudson-city-bancorp/,Hudson City Bancorp,http://www.forbes.com/companies/hudson-city-bancorp/,United States of America,Thrifts & Mortgage Finance,38600000000,1400000000
http://www.forbes.com/companies/guaranty-trust-bank/,Guaranty Trust Bank,http://www.forbes.com/companies/guaranty-trust-bank/,Nigeria,Regional Banks,13100000000,1500000000
http://www.forbes.com/companies/ogaki-kyoritsu-bank/,Ogaki Kyoritsu Bank,http://www.forbes.com/companies/ogaki-kyoritsu-bank/,Japan,Regional Banks,46300000000,1000000000
http://www.forbes.com/companies/gansu-jiu-steel-group-hongxing-iron-steel/,Gansu Jiu Steel Group Hongxing Iron & Steel,http://www.forbes.com/companies/gansu-jiu-steel-group-hongxing-iron-steel/,China,Iron & Steel,9900000000,13100000000
http://www.forbes.com/companies/realogy-holdings/,Realogy Holdings,http://www.forbes.com/companies/realogy-holdings/,United States of America,,7300000000,5300000000
http://www.forbes.com/companies/daishi-bank/,Daishi Bank,http://www.forbes.com/companies/daishi-bank/,Japan,Regional Banks,46100000000,900000000
http://www.forbes.com/companies/kansas-city-southern/,Kansas City Southern,http://www.forbes.com/companies/kansas-city-southern/,United States of America,Railroads,7400000000,2400000000
http://www.forbes.com/companies/alinma-bank/,Alinma Bank,http://www.forbes.com/companies/alinma-bank/,Saudi Arabia,Regional Banks,16800000000,700000000
http://www.forbes.com/companies/shiga-bank/,Shiga Bank,http://www.forbes.com/companies/shiga-bank/,Japan,Regional Banks,45800000000,900000000
http://www.forbes.com/companies/suruga-bank/,Suruga Bank,http://www.forbes.com/companies/suruga-bank/,Japan,Regional Banks,37200000000,1200000000
http://www.forbes.com/companies/royal-boskalis/,Royal Boskalis,http://www.forbes.com/companies/royal-boskalis/,Netherlands,Construction Services,7900000000,4700000000
http://www.forbes.com/companies/sqm/,SQM,http://www.forbes.com/companies/sqm/,Chile,Diversified Chemicals,4800000000,2200000000
http://www.forbes.com/companies/toho-bank/,Toho Bank,http://www.forbes.com/companies/toho-bank/,Japan,Regional Banks,45800000000,600000000
http://www.forbes.com/companies/aboitiz-equity-ventures/,Aboitiz Equity Ventures,http://www.forbes.com/companies/aboitiz-equity-ventures/,Philippines,Conglomerates,4600000000,1900000000
http://www.forbes.com/companies/mccormick-co/,McCormick & Co,http://www.forbes.com/companies/mccormick-co/,United States of America,Food Processing,4400000000,4200000000
http://www.forbes.com/companies/jabil-circuit/,Jabil Circuit,http://www.forbes.com/companies/jabil-circuit/,United States of America,Electronics,8100000000,17500000000
http://www.forbes.com/companies/dicks-sporting-goods/,Dick's Sporting Goods,http://www.forbes.com/companies/dicks-sporting-goods/,United States of America,Specialty Stores,3100000000,6200000000
http://www.forbes.com/companies/murphy-usa/,Murphy USA,http://www.forbes.com/companies/murphy-usa/,United States of America,Specialty Stores,1900000000,18100000000
http://www.forbes.com/companies/varian-medical-systems/,Varian Medical Systems,http://www.forbes.com/companies/varian-medical-systems/,United States of America,Medical Equipment & Supplies,3400000000,3000000000
http://www.forbes.com/companies/hainan-airlines/,Hainan Airlines,http://www.forbes.com/companies/hainan-airlines/,China,Airline,17100000000,4800000000
http://www.forbes.com/companies/meadwestvaco/,MeadWestvaco,http://www.forbes.com/companies/meadwestvaco/,United States of America,Paper & Paper Products,10300000000,5400000000
http://www.forbes.com/companies/banca-popolare-di-sondrio/,Banca Popolare di Sondrio,http://www.forbes.com/companies/banca-popolare-di-sondrio/,Italy,Regional Banks,45200000000,2100000000
http://www.forbes.com/companies/indian-bank/,Indian Bank,http://www.forbes.com/companies/indian-bank/,India,Regional Banks,30000000000,2800000000
http://www.forbes.com/companies/honbridge-holdings/,Honbridge Holdings,http://www.forbes.com/companies/honbridge-holdings/,Hong Kong,,2000000000,0
http://www.forbes.com/companies/umicore/,Umicore,http://www.forbes.com/companies/umicore/,Belgium,Diversified Metals & Mining,4800000000,13000000000
http://www.forbes.com/companies/abu-dhabi-islamic-bank/,Abu Dhabi Islamic Bank,http://www.forbes.com/companies/abu-dhabi-islamic-bank/,United Arab Emirates,Regional Banks,28100000000,1300000000
http://www.forbes.com/companies/orient/,Orient,http://www.forbes.com/companies/orient/,Japan,Consumer Financial Services,45100000000,2100000000
http://www.forbes.com/companies/verisign/,VeriSign,http://www.forbes.com/companies/verisign/,United States of America,Software & Programming,2700000000,1000000000
http://www.forbes.com/companies/great-wall-technology/,Great Wall Technology,http://www.forbes.com/companies/great-wall-technology/,China,Consumer Electronics,9000000000,15100000000
http://www.forbes.com/companies/cvr-energy/,CVR Energy,http://www.forbes.com/companies/cvr-energy/,United States of America,Oil & Gas Operations,3700000000,9000000000
http://www.forbes.com/companies/hellenic-petroleum/,Hellenic Petroleum,http://www.forbes.com/companies/hellenic-petroleum/,Greece,Oil & Gas Operations,9900000000,12800000000
http://www.forbes.com/companies/balfour-beatty/,Balfour Beatty,http://www.forbes.com/companies/balfour-beatty/,United Kingdom of Great Britain and Northern Ireland,Construction Services,9500000000,13700000000
http://www.forbes.com/companies/bilfinger/,Bilfinger,http://www.forbes.com/companies/bilfinger/,,Construction Services,9000000000,11200000000
http://www.forbes.com/companies/monster-beverage/,Monster Beverage,http://www.forbes.com/companies/monster-beverage/,United States of America,Beverages,1400000000,2200000000
http://www.forbes.com/companies/sparebank-1-sr-bank/,SpareBank 1 SR-Bank,http://www.forbes.com/companies/sparebank-1-sr-bank/,Norway,Regional Banks,25900000000,1300000000
http://www.forbes.com/companies/taiwan-business-bank/,Taiwan Business Bank,http://www.forbes.com/companies/taiwan-business-bank/,"Taiwan, Province of China[a]",Regional Banks,44600000000,900000000
http://www.forbes.com/companies/indian-overseas-bank/,Indian Overseas Bank,http://www.forbes.com/companies/indian-overseas-bank/,India,Regional Banks,41900000000,4100000000
http://www.forbes.com/companies/nine-entertainment/,Nine Entertainment Co. Holdings Pty,http://www.forbes.com/companies/nine-entertainment/,Australia,,3100000000,1300000000
http://www.forbes.com/companies/chinese-estates/,Chinese Estates,http://www.forbes.com/companies/chinese-estates/,Hong Kong,Real Estate,9800000000,900000000
http://www.forbes.com/companies/basler-kantonalbank/,Basler Kantonalbank,http://www.forbes.com/companies/basler-kantonalbank/,Switzerland,Regional Banks,44100000000,900000000
http://www.forbes.com/companies/commercial-international-bank/,Commercial International Bank,http://www.forbes.com/companies/commercial-international-bank/,,Regional Banks,16400000000,1700000000
http://www.forbes.com/companies/east-west-bancorp/,East West Bancorp,http://www.forbes.com/companies/east-west-bancorp/,United States of America,Regional Banks,24700000000,1100000000
http://www.forbes.com/companies/gannett/,Gannett,http://www.forbes.com/companies/gannett/,United States of America,Printing & Publishing,9200000000,5200000000
http://www.forbes.com/companies/credito-emiliano/,Credito Emiliano,http://www.forbes.com/companies/credito-emiliano/,Italy,Regional Banks,43400000000,2000000000
http://www.forbes.com/companies/illumina/,Illumina,http://www.forbes.com/companies/illumina/,United States of America,Biotechs,3000000000,1400000000
http://www.forbes.com/companies/nelnet/,Nelnet,http://www.forbes.com/companies/nelnet/,United States of America,Consumer Financial Services,27800000000,1100000000
http://www.forbes.com/companies/svb-financial-group/,SVB Financial Group,http://www.forbes.com/companies/svb-financial-group/,United States of America,Regional Banks,26500000000,1400000000
http://www.forbes.com/companies/church-dwight/,Church & Dwight,http://www.forbes.com/companies/church-dwight/,United States of America,Household/Personal Care,4300000000,3200000000
http://www.forbes.com/companies/lg-uplus/,LG Uplus,http://www.forbes.com/companies/lg-uplus/,Korea (Republic of),Telecommunications services,11200000000,10500000000
http://www.forbes.com/companies/credit-saison/,Credit Saison,http://www.forbes.com/companies/credit-saison/,Japan,Consumer Financial Services,21200000000,3200000000
http://www.forbes.com/companies/mercuries-associates/,Mercuries & Associates,http://www.forbes.com/companies/mercuries-associates/,"Taiwan, Province of China[a]",Department Stores,23100000000,5200000000
http://www.forbes.com/companies/guangzhou-automobile/,Guangzhou Automobile Group Co. Ltd.,http://www.forbes.com/companies/guangzhou-automobile/,China,Auto & Truck Manufacturers,9500000000,3000000000
http://www.forbes.com/companies/hysan-development/,Hysan Development,http://www.forbes.com/companies/hysan-development/,Hong Kong,Real Estate,9800000000,400000000
http://www.forbes.com/companies/maxim-integrated-products/,Maxim Integrated Products,http://www.forbes.com/companies/maxim-integrated-products/,United States of America,Semiconductors,4300000000,2400000000
http://www.forbes.com/companies/agl-resources/,AGL Resources,http://www.forbes.com/companies/agl-resources/,United States of America,Natural Gas Utilities,14800000000,4700000000
http://www.forbes.com/companies/supervalu/,Supervalu,http://www.forbes.com/companies/supervalu/,United States of America,Food Retail,4700000000,17000000000
http://www.forbes.com/companies/avon-products/,Avon Products,http://www.forbes.com/companies/avon-products/,United States of America,Household/Personal Care,6500000000,10000000000
http://www.forbes.com/companies/ow-bunker/,OW Bunker,http://www.forbes.com/companies/ow-bunker/,Denmark,,1800000000,17000000000
http://www.forbes.com/companies/airgas/,Airgas,http://www.forbes.com/companies/airgas/,United States of America,Specialized Chemicals,5800000000,5100000000
http://www.forbes.com/companies/herbalife/,Herbalife,http://www.forbes.com/companies/herbalife/,,Food Retail,2500000000,4800000000
http://www.forbes.com/companies/tokyo-electron/,Tokyo Electron,http://www.forbes.com/companies/tokyo-electron/,Japan,Semiconductors,7600000000,5400000000
http://www.forbes.com/companies/shanghai-material-trading/,Shanghai Material Trading,http://www.forbes.com/companies/shanghai-material-trading/,China,Trading Companies,2000000000,16900000000
http://www.forbes.com/companies/gamestop/,GameStop Corp.,http://www.forbes.com/companies/gamestop/,United States of America,Computer & Electronics Retail,4100000000,9000000000
http://www.forbes.com/companies/higo-bank/,Higo Bank,http://www.forbes.com/companies/higo-bank/,Japan,Regional Banks,41500000000,900000000
http://www.forbes.com/companies/american-equity-investment/,American Equity Investment,http://www.forbes.com/companies/american-equity-investment/,United States of America,Life & Health Insurance,41300000000,1600000000
http://www.forbes.com/companies/ugi/,UGI,http://www.forbes.com/companies/ugi/,United States of America,Natural Gas Utilities,10700000000,7500000000
http://www.forbes.com/companies/tullow-oil/,Tullow Oil,http://www.forbes.com/companies/tullow-oil/,United Kingdom of Great Britain and Northern Ireland,Oil & Gas Operations,11500000000,2600000000
http://www.forbes.com/companies/saudi-investment-bank/,Saudi Investment Bank,http://www.forbes.com/companies/saudi-investment-bank/,Saudi Arabia,Investment Services,21500000000,700000000
http://www.forbes.com/companies/millicom-international/,Millicom International,http://www.forbes.com/companies/millicom-international/,Luxembourg,Telecommunications services,9100000000,5200000000
http://www.forbes.com/companies/dcc/,DCC,http://www.forbes.com/companies/dcc/,Ireland,Conglomerates,5000000000,16700000000
http://www.forbes.com/companies/tauron-group/,Tauron Group,http://www.forbes.com/companies/tauron-group/,Poland,Electric Utilities,10100000000,6100000000
http://www.forbes.com/companies/hanwa/,Hanwa,http://www.forbes.com/companies/hanwa/,Japan,Diversified Metals & Mining,5800000000,16600000000
http://www.forbes.com/companies/san-in-godo-bank/,San-In Godo Bank,http://www.forbes.com/companies/san-in-godo-bank/,Japan,Regional Banks,41300000000,900000000
http://www.forbes.com/companies/ecobank-transnational-incorporated/,Ecobank Transnational Incorporated,http://www.forbes.com/companies/ecobank-transnational-incorporated/,,Regional Banks,21500000000,2600000000
http://www.forbes.com/companies/kaisa-group-holdings/,Kaisa Group Holdings,http://www.forbes.com/companies/kaisa-group-holdings/,China,Consumer Financial Services,14500000000,3200000000
http://www.forbes.com/companies/hunan-valin-steel/,Hunan Valin Steel,http://www.forbes.com/companies/hunan-valin-steel/,China,Iron & Steel,11700000000,9700000000
http://www.forbes.com/companies/hyakujushi-bank/,Hyakujushi Bank,http://www.forbes.com/companies/hyakujushi-bank/,Japan,Regional Banks,41000000000,700000000
http://www.forbes.com/companies/corporation-bank/,Corporation Bank,http://www.forbes.com/companies/corporation-bank/,India,Regional Banks,35600000000,3100000000
http://www.forbes.com/companies/intouch-holdings/,Intouch Holdings,http://www.forbes.com/companies/intouch-holdings/,Thailand,,1500000000,300000000
http://www.forbes.com/companies/arkema/,Arkema,http://www.forbes.com/companies/arkema/,France,Diversified Chemicals,7500000000,8100000000
http://www.forbes.com/companies/keiyo-bank/,Keiyo Bank,http://www.forbes.com/companies/keiyo-bank/,Japan,Regional Banks,39800000000,700000000
http://www.forbes.com/companies/outokumpu/,Outokumpu,http://www.forbes.com/companies/outokumpu/,Finland,Iron & Steel,12200000000,9000000000
http://www.forbes.com/companies/polaris-industries/,Polaris Industries,http://www.forbes.com/companies/polaris-industries/,United States of America,Recreational Products,1700000000,3800000000
http://www.forbes.com/companies/citrix-systems/,Citrix Systems,http://www.forbes.com/companies/citrix-systems/,United States of America,Software & Programming,5200000000,2900000000
http://www.forbes.com/companies/aurubis/,Aurubis,http://www.forbes.com/companies/aurubis/,,Diversified Metals & Mining,5600000000,15600000000
http://www.forbes.com/companies/tasnee/,Tasnee,http://www.forbes.com/companies/tasnee/,Saudi Arabia,Conglomerates,12600000000,4900000000
http://www.forbes.com/companies/china-aviation-oil/,China Aviation Oil,http://www.forbes.com/companies/china-aviation-oil/,Singapore,Trading Companies,1600000000,15600000000
http://www.forbes.com/companies/musashino-bank/,Musashino Bank,http://www.forbes.com/companies/musashino-bank/,Japan,Regional Banks,38800000000,700000000
http://www.forbes.com/companies/ruentex-development/,Ruentex Development,http://www.forbes.com/companies/ruentex-development/,"Taiwan, Province of China[a]",,2700000000,500000000
http://www.forbes.com/companies/rmb-holdings/,RMB Holdings,http://www.forbes.com/companies/rmb-holdings/,South Africa,Investment Services,3000000000,0
http://www.forbes.com/companies/hokkaido-electric-power/,Hokkaido Electric Power,http://www.forbes.com/companies/hokkaido-electric-power/,Japan,Electric Utilities,16800000000,6200000000
http://www.forbes.com/companies/signature-bank/,Signature Bank,http://www.forbes.com/companies/signature-bank/,United States of America,Regional Banks,22400000000,800000000
http://www.forbes.com/companies/nasdaq-omx-group/,NASDAQ OMX Group,http://www.forbes.com/companies/nasdaq-omx-group/,United States of America,Investment Services,12600000000,3200000000
http://www.forbes.com/companies/bank-of-queensland/,Bank of Queensland,http://www.forbes.com/companies/bank-of-queensland/,Australia,Regional Banks,37900000000,2500000000
http://www.forbes.com/companies/interactive-brokers-group/,Interactive Brokers Group,http://www.forbes.com/companies/interactive-brokers-group/,United States of America,Investment Services,37900000000,1100000000
http://www.forbes.com/companies/yunnan-baiyao-group/,Yunnan Baiyao Group,http://www.forbes.com/companies/yunnan-baiyao-group/,China,Pharmaceuticals,2100000000,2600000000
http://www.forbes.com/companies/cablevision/,Cablevision Systems Corporation,http://www.forbes.com/companies/cablevision/,United States of America,Broadcasting & Cable,6900000000,6200000000
http://www.forbes.com/companies/cheniere-energy/,Cheniere Energy,http://www.forbes.com/companies/cheniere-energy/,United States of America,,9700000000,300000000
http://www.forbes.com/companies/allahabad-bank/,Allahabad Bank,http://www.forbes.com/companies/allahabad-bank/,India,Regional Banks,37700000000,3500000000
http://www.forbes.com/companies/cabot-oil-gas/,Cabot Oil & Gas,http://www.forbes.com/companies/cabot-oil-gas/,United States of America,Oil & Gas Operations,5000000000,1700000000
http://www.forbes.com/companies/netdragon-websoft/,NetDragon Websoft,http://www.forbes.com/companies/netdragon-websoft/,China,Recreational Products,900000000,100000000
http://www.forbes.com/companies/doha-bank/,Doha Bank,http://www.forbes.com/companies/doha-bank/,Qatar,Regional Banks,18400000000,700000000
http://www.forbes.com/companies/kagoshima-bank/,Kagoshima Bank,http://www.forbes.com/companies/kagoshima-bank/,Japan,Regional Banks,37600000000,800000000
http://www.forbes.com/companies/inchcape/,Inchcape,http://www.forbes.com/companies/inchcape/,United Kingdom of Great Britain and Northern Ireland,Specialty Stores,5600000000,10200000000
http://www.forbes.com/companies/grupo-argos/,Grupo Argos,http://www.forbes.com/companies/grupo-argos/,Colombia,Construction Materials,14300000000,4100000000
http://www.forbes.com/companies/gemalto/,Gemalto,http://www.forbes.com/companies/gemalto/,Netherlands,Electronics,4000000000,3200000000
http://www.forbes.com/companies/credito-valtellinese/,Credito Valtellinese,http://www.forbes.com/companies/credito-valtellinese/,Italy,Regional Banks,37500000000,1100000000
http://www.forbes.com/companies/workday/,"Workday, Inc.",http://www.forbes.com/companies/workday/,United States of America,,2200000000,500000000
http://www.forbes.com/companies/erie-indemnity/,Erie Indemnity,http://www.forbes.com/companies/erie-indemnity/,United States of America,Diversified Insurance,17000000000,6100000000
http://www.forbes.com/companies/wing-hang-bank/,Wing Hang Bank,http://www.forbes.com/companies/wing-hang-bank/,Hong Kong,Regional Banks,27600000000,900000000
http://www.forbes.com/companies/verisk-analytics/,Verisk Analytics,http://www.forbes.com/companies/verisk-analytics/,United States of America,Business & Personal Services,2500000000,1700000000
http://www.forbes.com/companies/inventec/,Inventec,http://www.forbes.com/companies/inventec/,"Taiwan, Province of China[a]",Computer Hardware,6900000000,14900000000
http://www.forbes.com/companies/saras/,Saras,http://www.forbes.com/companies/saras/,Italy,Oil & Gas Operations,5300000000,14800000000
http://www.forbes.com/companies/sealed-air/,Sealed Air,http://www.forbes.com/companies/sealed-air/,United States of America,Containers & Packaging,9100000000,7800000000
http://www.forbes.com/companies/japan-exchange-group/,Japan Exchange Group,http://www.forbes.com/companies/japan-exchange-group/,Japan,Investment Services,15600000000,1200000000
http://www.forbes.com/companies/b-e-aerospace/,B/E Aerospace,http://www.forbes.com/companies/b-e-aerospace/,United States of America,Aerospace & Defense,5700000000,3500000000
http://www.forbes.com/companies/dean-foods/,Dean Foods,http://www.forbes.com/companies/dean-foods/,United States of America,Food Processing,2800000000,9600000000
http://www.forbes.com/companies/sonae/,Sonae SGPS,http://www.forbes.com/companies/sonae/,Portugal,Food Retail,7500000000,6800000000
http://www.forbes.com/companies/penske-automotive/,Penske Automotive,http://www.forbes.com/companies/penske-automotive/,United States of America,Specialty Stores,6400000000,14700000000
http://www.forbes.com/companies/empresa-de-energia-de-bogota/,Empresa de Energia de Bogota,http://www.forbes.com/companies/empresa-de-energia-de-bogota/,Colombia,Electric Utilities,8400000000,1000000000
http://www.forbes.com/companies/weg/,WEG,http://www.forbes.com/companies/weg/,Brazil,Electrical Equipment,4300000000,3200000000
http://www.forbes.com/companies/hyprop-investments/,Hyprop Investments,http://www.forbes.com/companies/hyprop-investments/,South Africa,,2500000000,200000000
http://www.forbes.com/companies/antero-resources/,Antero Resources,http://www.forbes.com/companies/antero-resources/,United States of America,,6600000000,800000000
http://www.forbes.com/companies/dgb-financial-group/,DGB Financial Group,http://www.forbes.com/companies/dgb-financial-group/,Korea (Republic of),Consumer Financial Services,35600000000,1700000000
http://www.forbes.com/companies/guangdong-investment/,Guangdong Investment,http://www.forbes.com/companies/guangdong-investment/,Hong Kong,Diversified Utilities,5300000000,1000000000
http://www.forbes.com/companies/vertex-pharmaceuticals/,Vertex Pharmaceuticals,http://www.forbes.com/companies/vertex-pharmaceuticals/,United States of America,Biotechs,2300000000,1200000000
http://www.forbes.com/companies/parmalat/,Parmalat,http://www.forbes.com/companies/parmalat/,Italy,Food Processing,6100000000,7100000000
http://www.forbes.com/companies/inner-mongolia-baotou-steel/,Inner Mongolia Baotou Steel,http://www.forbes.com/companies/inner-mongolia-baotou-steel/,China,Iron & Steel,14900000000,6100000000
http://www.forbes.com/companies/pou-chen/,Pou Chen,http://www.forbes.com/companies/pou-chen/,"Taiwan, Province of China[a]",Apparel/Accessories,8300000000,9300000000
http://www.forbes.com/companies/pandora/,Pandora,http://www.forbes.com/companies/pandora/,Denmark,Household/Personal Care,1700000000,1600000000
http://www.forbes.com/companies/banque-centrale-populaire/,Banque Centrale Populaire,http://www.forbes.com/companies/banque-centrale-populaire/,Morocco,Regional Banks,35600000000,2200000000
http://www.forbes.com/companies/meritz-financial-group/,Meritz Financial Group,http://www.forbes.com/companies/meritz-financial-group/,Korea (Republic of),,20000000000,5300000000
http://www.forbes.com/companies/peabody-energy/,Peabody Energy,http://www.forbes.com/companies/peabody-energy/,United States of America,Diversified Metals & Mining,14100000000,6900000000
http://www.forbes.com/companies/president-chain-store/,President Chain Store,http://www.forbes.com/companies/president-chain-store/,"Taiwan, Province of China[a]",Food Retail,2800000000,6900000000
http://www.forbes.com/companies/lkq/,LKQ,http://www.forbes.com/companies/lkq/,United States of America,Auto & Truck Parts,4500000000,5100000000
http://www.forbes.com/companies/gs-engineering/,GS Engineering,http://www.forbes.com/companies/gs-engineering/,Korea (Republic of),Construction Services,11800000000,8700000000
http://www.forbes.com/companies/lawson/,Lawson,http://www.forbes.com/companies/lawson/,Japan,Food Retail,6000000000,5100000000
http://www.forbes.com/companies/shimano/,Shimano,http://www.forbes.com/companies/shimano/,Japan,Recreational Products,3000000000,2800000000
http://www.forbes.com/companies/japan-securities/,Japan Securities,http://www.forbes.com/companies/japan-securities/,Japan,Investment Services,35100000000,200000000
http://www.forbes.com/companies/eutelsat-communications/,Eutelsat Communications,http://www.forbes.com/companies/eutelsat-communications/,France,Broadcasting & Cable,8800000000,1700000000
http://www.forbes.com/companies/ikb-deutsche/,IKB Deutsche,http://www.forbes.com/companies/ikb-deutsche/,,Regional Banks,34900000000,3300000000
http://www.forbes.com/companies/whiting-petroleum/,Whiting Petroleum,http://www.forbes.com/companies/whiting-petroleum/,United States of America,Oil & Gas Operations,8800000000,2700000000
http://www.forbes.com/companies/denbury-resources/,Denbury Resources,http://www.forbes.com/companies/denbury-resources/,United States of America,Oil & Gas Operations,11800000000,2500000000
http://www.forbes.com/companies/catlin-group/,Catlin Group,http://www.forbes.com/companies/catlin-group/,Bermuda,Property & Casualty Insurance,14200000000,4100000000
http://www.forbes.com/companies/vietin-bank/,Vietin Bank,http://www.forbes.com/companies/vietin-bank/,,Regional Banks,27300000000,2300000000
http://www.forbes.com/companies/concho-resources/,Concho Resources,http://www.forbes.com/companies/concho-resources/,United States of America,Oil & Gas Operations,9600000000,2300000000
http://www.forbes.com/companies/signet-jewelers/,Signet Jewelers,http://www.forbes.com/companies/signet-jewelers/,Bermuda,Specialty Stores,4000000000,4200000000
http://www.forbes.com/companies/king-digital-entertainment/,King Digital Entertainment,http://www.forbes.com/companies/king-digital-entertainment/,Ireland,,900000000,1900000000
http://www.forbes.com/companies/uco-bank/,UCO Bank,http://www.forbes.com/companies/uco-bank/,India,Regional Banks,33900000000,3200000000
http://www.forbes.com/companies/gungho-online-entertainment/,Gungho Online Entertainment,http://www.forbes.com/companies/gungho-online-entertainment/,Japan,,1200000000,1700000000
http://www.forbes.com/companies/oge-energy/,OGE Energy,http://www.forbes.com/companies/oge-energy/,United States of America,Electric Utilities,9500000000,2900000000
http://www.forbes.com/companies/tpk-holding/,TPK Holding,http://www.forbes.com/companies/tpk-holding/,"Taiwan, Province of China[a]",Electronics,4900000000,5900000000
http://www.forbes.com/companies/peoples-united-financial/,People's United Financial,http://www.forbes.com/companies/peoples-united-financial/,United States of America,Thrifts & Mortgage Finance,33500000000,1300000000
http://www.forbes.com/companies/tsingtao-brewery/,Tsingtao Brewery,http://www.forbes.com/companies/tsingtao-brewery/,China,Beverages,4500000000,4200000000
http://www.forbes.com/companies/wpg-holdings/,WPG Holdings,http://www.forbes.com/companies/wpg-holdings/,"Taiwan, Province of China[a]",Electronics,4500000000,13700000000
http://www.forbes.com/companies/yuexiu-property/,Yuexiu Property Co.,http://www.forbes.com/companies/yuexiu-property/,Hong Kong,Real Estate,12900000000,2300000000
http://www.forbes.com/companies/shiseido/,Shiseido,http://www.forbes.com/companies/shiseido/,Japan,Household/Personal Care,7000000000,7500000000
http://www.forbes.com/companies/first-pacific/,First Pacific,http://www.forbes.com/companies/first-pacific/,Hong Kong,Investment Services,15600000000,6200000000
http://www.forbes.com/companies/microchip-technology/,Microchip Technology,http://www.forbes.com/companies/microchip-technology/,United States of America,Semiconductors,4000000000,1900000000
http://www.forbes.com/companies/carefusion/,CareFusion,http://www.forbes.com/companies/carefusion/,United States of America,Medical Equipment & Supplies,8600000000,3600000000
http://www.forbes.com/companies/hokkoku-bank/,Hokkoku Bank,http://www.forbes.com/companies/hokkoku-bank/,Japan,Regional Banks,32800000000,600000000
http://www.forbes.com/companies/pang-da-automobile-trade/,Pang Da Automobile Trade,http://www.forbes.com/companies/pang-da-automobile-trade/,China,Specialty Stores,10200000000,9800000000
http://www.forbes.com/companies/cc-media-holdings/,CC Media Holdings,http://www.forbes.com/companies/cc-media-holdings/,United States of America,Broadcasting & Cable,15100000000,6200000000
http://www.forbes.com/companies/oriental-bank-of-commerce/,Oriental Bank of Commerce,http://www.forbes.com/companies/oriental-bank-of-commerce/,India,Regional Banks,32200000000,3500000000
http://www.forbes.com/companies/integrys-energy/,Integrys Energy Group,http://www.forbes.com/companies/integrys-energy/,United States of America,Electric Utilities,11200000000,5500000000
http://www.forbes.com/companies/bank-of-nagoya/,Bank of Nagoya,http://www.forbes.com/companies/bank-of-nagoya/,Japan,Regional Banks,32100000000,600000000
http://www.forbes.com/companies/taiheiyo-cement/,Taiheiyo Cement,http://www.forbes.com/companies/taiheiyo-cement/,Japan,Construction Materials,9900000000,8400000000
http://www.forbes.com/companies/icap/,ICAP,http://www.forbes.com/companies/icap/,United Kingdom of Great Britain and Northern Ireland,Investment Services,32000000000,2300000000
http://www.forbes.com/companies/financial-street-holdings/,Financial Street Holdings,http://www.forbes.com/companies/financial-street-holdings/,China,Real Estate,12600000000,3200000000
http://www.forbes.com/companies/luzerner-kantonalbank/,Luzerner Kantonalbank,http://www.forbes.com/companies/luzerner-kantonalbank/,Switzerland,Regional Banks,32000000000,700000000
http://www.forbes.com/companies/air-canada/,Air Canada,http://www.forbes.com/companies/air-canada/,Canada,Airline,8900000000,12000000000
http://www.forbes.com/companies/babcock-international-group/,Babcock International Group,http://www.forbes.com/companies/babcock-international-group/,United Kingdom of Great Britain and Northern Ireland,Business & Personal Services,5000000000,4900000000
http://www.forbes.com/companies/fraport/,Fraport,http://www.forbes.com/companies/fraport/,,Other Transportation,13100000000,3400000000
http://www.forbes.com/companies/dvb-bank/,DVB Bank,http://www.forbes.com/companies/dvb-bank/,,Regional Banks,31900000000,1000000000
http://www.forbes.com/companies/volksbank/,Volksbank,http://www.forbes.com/companies/volksbank/,Austria,Regional Banks,31600000000,1300000000
http://www.forbes.com/companies/yang-quan-coal-industry/,Yang Quan Coal Industry,http://www.forbes.com/companies/yang-quan-coal-industry/,China,Diversified Metals & Mining,5000000000,13100000000
http://www.forbes.com/companies/st-galler-kantonalbank/,St Galler Kantonalbank,http://www.forbes.com/companies/st-galler-kantonalbank/,Switzerland,Regional Banks,31300000000,700000000
http://www.forbes.com/companies/yuanta-financial-holding/,Yuanta Financial Holding,http://www.forbes.com/companies/yuanta-financial-holding/,"Taiwan, Province of China[a]",Investment Services,29100000000,1200000000
http://www.forbes.com/companies/metcash/,Metcash,http://www.forbes.com/companies/metcash/,Australia,Food Retail,4200000000,13100000000
http://www.forbes.com/companies/bank-of-iwate/,Bank of Iwate,http://www.forbes.com/companies/bank-of-iwate/,Japan,Regional Banks,31200000000,500000000
http://www.forbes.com/companies/orkla/,Orkla,http://www.forbes.com/companies/orkla/,Norway,Conglomerates,8600000000,5600000000
http://www.forbes.com/companies/tim-hortons/,Tim Hortons,http://www.forbes.com/companies/tim-hortons/,Canada,Restaurants,2300000000,3200000000
http://www.forbes.com/companies/alliant-energy/,Alliant Energy,http://www.forbes.com/companies/alliant-energy/,United States of America,Electric Utilities,11100000000,3300000000
http://www.forbes.com/companies/dixons-retail/,Dixons Retail,http://www.forbes.com/companies/dixons-retail/,United Kingdom of Great Britain and Northern Ireland,Computer & Electronics Retail,4900000000,13000000000
http://www.forbes.com/companies/nsk/,NSK,http://www.forbes.com/companies/nsk/,Japan,Other Industrial Equipment,9500000000,8500000000
http://www.forbes.com/companies/ackermans-van-haaren/,Ackermans & van Haaren,http://www.forbes.com/companies/ackermans-van-haaren/,Belgium,Investment Services,15000000000,900000000
http://www.forbes.com/companies/bank-danamon-indonesia/,Bank Danamon Indonesia,http://www.forbes.com/companies/bank-danamon-indonesia/,India,Regional Banks,15100000000,2500000000
http://www.forbes.com/companies/intercontinental-hotels/,InterContinental Hotels,http://www.forbes.com/companies/intercontinental-hotels/,United Kingdom of Great Britain and Northern Ireland,Hotels & Motels,3000000000,1900000000
http://www.forbes.com/companies/ingredion/,Ingredion,http://www.forbes.com/companies/ingredion/,United States of America,Food Processing,5400000000,6300000000
http://www.forbes.com/companies/tosoh/,Tosoh,http://www.forbes.com/companies/tosoh/,Japan,Diversified Chemicals,7100000000,7700000000
http://www.forbes.com/companies/nhpc/,NHPC,http://www.forbes.com/companies/nhpc/,India,Electric Utilities,12000000000,1100000000
http://www.forbes.com/companies/symetra-financial/,Symetra Financial,http://www.forbes.com/companies/symetra-financial/,United States of America,Life & Health Insurance,30500000000,2200000000
http://www.forbes.com/companies/fibi-holdings/,FIBI Holdings,http://www.forbes.com/companies/fibi-holdings/,Israel,Regional Banks,30400000000,1400000000
http://www.forbes.com/companies/sbi-holdings/,SBI Holdings,http://www.forbes.com/companies/sbi-holdings/,Japan,Investment Services,30400000000,2300000000
http://www.forbes.com/companies/laurentian-bank/,Laurentian Bank,http://www.forbes.com/companies/laurentian-bank/,Canada,Regional Banks,30200000000,1400000000
http://www.forbes.com/companies/ls-corp/,LS Corp,http://www.forbes.com/companies/ls-corp/,Korea (Republic of),Electrical Equipment,9500000000,10500000000
http://www.forbes.com/companies/bekb-bcbe/,BEKB-BCBE,http://www.forbes.com/companies/bekb-bcbe/,Switzerland,Regional Banks,30000000000,700000000
http://www.forbes.com/companies/city-national/,City National,http://www.forbes.com/companies/city-national/,United States of America,Regional Banks,29800000000,1200000000
http://www.forbes.com/companies/hero-motocorp/,Hero Motocorp,http://www.forbes.com/companies/hero-motocorp/,India,Recreational Products,1600000000,4200000000
http://www.forbes.com/companies/cst-brands/,CST Brands,http://www.forbes.com/companies/cst-brands/,United States of America,Specialty Stores,2300000000,12800000000
http://www.forbes.com/companies/aryzta/,Aryzta,http://www.forbes.com/companies/aryzta/,Switzerland,Food Processing,7600000000,6000000000
http://www.forbes.com/companies/edwards-lifesciences/,Edwards Lifesciences,http://www.forbes.com/companies/edwards-lifesciences/,United States of America,Medical Equipment & Supplies,2700000000,2000000000
http://www.forbes.com/companies/new-media-investment-group/,New Media Investment Group,http://www.forbes.com/companies/new-media-investment-group/,United States of America,,700000000,500000000
http://www.forbes.com/companies/pall/,Pall,http://www.forbes.com/companies/pall/,United States of America,Precision Healthcare Equipment,3500000000,2700000000
http://www.forbes.com/companies/silver-wheaton/,Silver Wheaton,http://www.forbes.com/companies/silver-wheaton/,Canada,Diversified Metals & Mining,4400000000,700000000
http://www.forbes.com/companies/dsv/,DSV,http://www.forbes.com/companies/dsv/,Denmark,Trucking,4300000000,8100000000
http://www.forbes.com/companies/amdocs/,Amdocs,http://www.forbes.com/companies/amdocs/,United States of America,Software & Programming,4900000000,3400000000
http://www.forbes.com/companies/ems-chemie-holding/,EMS-Chemie Holding,http://www.forbes.com/companies/ems-chemie-holding/,Switzerland,Specialized Chemicals,1800000000,2000000000
http://www.forbes.com/companies/securitas/,Securitas,http://www.forbes.com/companies/securitas/,Sweden,Business & Personal Services,5800000000,10100000000
http://www.forbes.com/companies/hanjin-shipping/,Hanjin Shipping,http://www.forbes.com/companies/hanjin-shipping/,Korea (Republic of),Other Transportation,10000000000,9400000000
http://www.forbes.com/companies/newcrest-mining/,Newcrest Mining,http://www.forbes.com/companies/newcrest-mining/,Australia,Diversified Metals & Mining,15700000000,3800000000
http://www.forbes.com/companies/yamanashi-chuo-bank/,Yamanashi Chuo Bank,http://www.forbes.com/companies/yamanashi-chuo-bank/,Japan,Regional Banks,28800000000,500000000
http://www.forbes.com/companies/kesko/,Kesko,http://www.forbes.com/companies/kesko/,Finland,Food Retail,6000000000,12400000000
http://www.forbes.com/companies/andritz/,Andritz,http://www.forbes.com/companies/andritz/,Austria,Other Industrial Equipment,7700000000,7600000000
http://www.forbes.com/companies/frontier-communications/,Frontier Communications,http://www.forbes.com/companies/frontier-communications/,United States of America,Telecommunications services,16600000000,4800000000
http://www.forbes.com/companies/oita-bank/,Oita Bank,http://www.forbes.com/companies/oita-bank/,Japan,Regional Banks,28700000000,500000000
http://www.forbes.com/companies/tongling-nonferrous-metals/,Tongling Nonferrous Metals,http://www.forbes.com/companies/tongling-nonferrous-metals/,China,Diversified Metals & Mining,7400000000,12400000000
http://www.forbes.com/companies/kimberly-clark-de-mexico/,Kimberly-Clark de Mexico,http://www.forbes.com/companies/kimberly-clark-de-mexico/,Mexico,Household/Personal Care,2300000000,2300000000
http://www.forbes.com/companies/kuwait-projects/,Kuwait Projects,http://www.forbes.com/companies/kuwait-projects/,Kuwait,Investment Services,28600000000,1600000000
http://www.forbes.com/companies/packaging-corp-amer/,Packaging Corp of America,http://www.forbes.com/companies/packaging-corp-amer/,United States of America,,5200000000,3700000000
http://www.forbes.com/companies/valiant-holding/,Valiant Holding,http://www.forbes.com/companies/valiant-holding/,Switzerland,Regional Banks,28600000000,600000000
http://www.forbes.com/companies/daelim-industrial/,Daelim Industrial,http://www.forbes.com/companies/daelim-industrial/,Korea (Republic of),Construction Services,10200000000,9000000000
http://www.forbes.com/companies/brunswick/,Brunswick,http://www.forbes.com/companies/brunswick/,United States of America,Recreational Products,2900000000,3900000000
http://www.forbes.com/companies/motor-oil/,Motor Oil,http://www.forbes.com/companies/motor-oil/,Greece,Oil & Gas Operations,3300000000,12300000000
http://www.forbes.com/companies/alliance-global-group/,Alliance Global Group,http://www.forbes.com/companies/alliance-global-group/,Philippines,Conglomerates,7300000000,2500000000
http://www.forbes.com/companies/hanesbrands/,Hanesbrands,http://www.forbes.com/companies/hanesbrands/,United States of America,Apparel/Accessories,4100000000,4600000000
http://www.forbes.com/companies/wanhua-chemical-group/,Wanhua Chemical Group,http://www.forbes.com/companies/wanhua-chemical-group/,China,Specialized Chemicals,4600000000,3200000000
http://www.forbes.com/companies/ncc-group/,NCC Group,http://www.forbes.com/companies/ncc-group/,Sweden,Construction Services,6000000000,8900000000
http://www.forbes.com/companies/akamai-technologies/,Akamai Technologies,http://www.forbes.com/companies/akamai-technologies/,United States of America,Computer Services,3000000000,1600000000
http://www.forbes.com/companies/awa-bank/,Awa Bank,http://www.forbes.com/companies/awa-bank/,Japan,Regional Banks,28000000000,700000000
http://www.forbes.com/companies/icade/,Icade,http://www.forbes.com/companies/icade/,France,Real Estate,14200000000,1900000000
http://www.forbes.com/companies/sinomach-automobile/,Sinomach Automobile,http://www.forbes.com/companies/sinomach-automobile/,China,,3800000000,12200000000
http://www.forbes.com/companies/sichuan-changhong-electric/,Sichuan Changhong Electric,http://www.forbes.com/companies/sichuan-changhong-electric/,China,,10000000000,9200000000
http://www.forbes.com/companies/towers-watson/,Towers Watson & Co.,http://www.forbes.com/companies/towers-watson/,United States of America,Business & Personal Services,5500000000,3500000000
http://www.forbes.com/companies/hanwha-chemical/,Hanwha Chemical,http://www.forbes.com/companies/hanwha-chemical/,Korea (Republic of),Diversified Chemicals,12100000000,7200000000
http://www.forbes.com/companies/acer/,Acer,http://www.forbes.com/companies/acer/,"Taiwan, Province of China[a]",Computer Hardware,6600000000,12100000000
http://www.forbes.com/companies/gpt-group/,GPT Group,http://www.forbes.com/companies/gpt-group/,Australia,Real Estate,8400000000,600000000
http://www.forbes.com/companies/aichi-bank/,Aichi Bank,http://www.forbes.com/companies/aichi-bank/,Japan,Regional Banks,27800000000,500000000
http://www.forbes.com/companies/total-access-communication/,Total Access Communication,http://www.forbes.com/companies/total-access-communication/,Thailand,Telecommunications services,3200000000,3100000000
http://www.forbes.com/companies/makita/,Makita,http://www.forbes.com/companies/makita/,Japan,Household/Personal Care,4900000000,3800000000
http://www.forbes.com/companies/osram-licht/,OSRAM Licht,http://www.forbes.com/companies/osram-licht/,,,6100000000,6900000000
http://www.forbes.com/companies/nippon-steel-trading/,Nippon Steel Trading,http://www.forbes.com/companies/nippon-steel-trading/,Japan,Diversified Metals & Mining,6300000000,12100000000
http://www.forbes.com/companies/jindal-steel-power/,Jindal Steel & Power,http://www.forbes.com/companies/jindal-steel-power/,India,Iron & Steel,10400000000,3500000000
http://www.forbes.com/companies/hyundai-wia/,Hyundai Wia,http://www.forbes.com/companies/hyundai-wia/,Korea (Republic of),Auto & Truck Parts,4600000000,6500000000
http://www.forbes.com/companies/toho-holdings/,Toho Holdings,http://www.forbes.com/companies/toho-holdings/,Japan,Pharmaceuticals,5900000000,12100000000
http://www.forbes.com/companies/vopak/,Vopak,http://www.forbes.com/companies/vopak/,Netherlands,Other Transportation,6600000000,1700000000
http://www.forbes.com/companies/china-fortune-land-development/,China Fortune Land Development,http://www.forbes.com/companies/china-fortune-land-development/,China,,10200000000,2900000000
http://www.forbes.com/companies/stericycle/,Stericycle,http://www.forbes.com/companies/stericycle/,United States of America,Healthcare Services,3900000000,2100000000
http://www.forbes.com/companies/shangri-la-asia/,Shangri-La Asia,http://www.forbes.com/companies/shangri-la-asia/,Hong Kong,Hotels & Motels,12900000000,2100000000
http://www.forbes.com/companies/range-resources/,Range Resources,http://www.forbes.com/companies/range-resources/,United States of America,Oil & Gas Operations,7300000000,1700000000
http://www.forbes.com/companies/western-refining/,Western Refining,http://www.forbes.com/companies/western-refining/,United States of America,Oil & Gas Operations,5500000000,10100000000
http://www.forbes.com/companies/sydbank/,Sydbank,http://www.forbes.com/companies/sydbank/,Denmark,Regional Banks,27300000000,1000000000
http://www.forbes.com/companies/new-hope-liuhe/,New Hope Liuhe,http://www.forbes.com/companies/new-hope-liuhe/,China,Food Processing,4700000000,11100000000
http://www.forbes.com/companies/toyota-boshoku/,Toyota Boshoku,http://www.forbes.com/companies/toyota-boshoku/,Japan,Auto & Truck Parts,6100000000,12000000000
http://www.forbes.com/companies/joy-global/,Joy Global,http://www.forbes.com/companies/joy-global/,United States of America,Heavy Equipment,5500000000,4700000000
http://www.forbes.com/companies/shui-on-land/,Shui On Land,http://www.forbes.com/companies/shui-on-land/,China,Real Estate,16300000000,1700000000
http://www.forbes.com/companies/tpv-technology/,TPV Technology,http://www.forbes.com/companies/tpv-technology/,Hong Kong,Computer Storage Devices,6300000000,12000000000
http://www.forbes.com/companies/shandong-iron-and-steel/,Shandong Iron and Steel,http://www.forbes.com/companies/shandong-iron-and-steel/,China,Iron & Steel,8800000000,11000000000
http://www.forbes.com/companies/caixa-economica-montepio-geral/,Caixa Economica Montepio Geral,http://www.forbes.com/companies/caixa-economica-montepio-geral/,Portugal,Regional Banks,27300000000,1700000000
http://www.forbes.com/companies/inotera-memories/,Inotera Memories,http://www.forbes.com/companies/inotera-memories/,"Taiwan, Province of China[a]",Semiconductors,3400000000,2000000000
http://www.forbes.com/companies/konica-minolta/,Konica Minolta,http://www.forbes.com/companies/konica-minolta/,Japan,Consumer Electronics,9500000000,9400000000
http://www.forbes.com/companies/jaccs/,Jaccs,http://www.forbes.com/companies/jaccs/,Japan,Consumer Financial Services,27200000000,1100000000
http://www.forbes.com/companies/oceaneering-international/,Oceaneering International,http://www.forbes.com/companies/oceaneering-international/,United States of America,Oil Services & Equipment,3100000000,3300000000
http://www.forbes.com/companies/tripadvisor/,TripAdvisor,http://www.forbes.com/companies/tripadvisor/,United States of America,Business & Personal Services,1500000000,900000000
http://www.forbes.com/companies/american-natl-ins/,American Natl Ins,http://www.forbes.com/companies/american-natl-ins/,United States of America,Diversified Insurance,23300000000,3100000000
http://www.forbes.com/companies/andhra-bank/,Andhra Bank,http://www.forbes.com/companies/andhra-bank/,India,Regional Banks,27200000000,2700000000
http://www.forbes.com/companies/grasim-industries/,Grasim Industries,http://www.forbes.com/companies/grasim-industries/,India,Construction Materials,7400000000,5100000000
http://www.forbes.com/companies/windstream/,Windstream,http://www.forbes.com/companies/windstream/,United States of America,Telecommunications services,13400000000,6000000000
http://www.forbes.com/companies/tomony-holdings/,Tomony Holdings,http://www.forbes.com/companies/tomony-holdings/,Japan,Regional Banks,27100000000,600000000
http://www.forbes.com/companies/clariant/,Clariant,http://www.forbes.com/companies/clariant/,Switzerland,Specialized Chemicals,9200000000,6600000000
http://www.forbes.com/companies/teradata/,Teradata,http://www.forbes.com/companies/teradata/,United States of America,Computer Services,3100000000,2700000000
http://www.forbes.com/companies/fuji-electric/,Fuji Electric,http://www.forbes.com/companies/fuji-electric/,Japan,Electrical Equipment,7500000000,7700000000
http://www.forbes.com/companies/admiral-group/,Admiral Group plc,http://www.forbes.com/companies/admiral-group/,United Kingdom of Great Britain and Northern Ireland,Property & Casualty Insurance,4400000000,1400000000
http://www.forbes.com/companies/urs/,URS,http://www.forbes.com/companies/urs/,United States of America,Construction Services,8700000000,11000000000
http://www.forbes.com/companies/oshkosh/,Oshkosh,http://www.forbes.com/companies/oshkosh/,United States of America,Heavy Equipment,4500000000,7400000000
http://www.forbes.com/companies/fmc/,FMC,http://www.forbes.com/companies/fmc/,United States of America,Specialized Chemicals,5200000000,4000000000
http://www.forbes.com/companies/prysmian/,Prysmian,http://www.forbes.com/companies/prysmian/,Italy,Electrical Equipment,7900000000,9700000000
http://www.forbes.com/companies/jsw-steel/,JSW Steel,http://www.forbes.com/companies/jsw-steel/,India,Iron & Steel,12100000000,7000000000
http://www.forbes.com/companies/yunnan-yuntianhua/,Yunnan Yuntianhua,http://www.forbes.com/companies/yunnan-yuntianhua/,China,Specialized Chemicals,12800000000,6500000000
http://www.forbes.com/companies/meiji-holdings/,Meiji Holdings,http://www.forbes.com/companies/meiji-holdings/,Japan,Food Processing,7800000000,11600000000
http://www.forbes.com/companies/odakyu-electric-railway/,Odakyu Electric Railway,http://www.forbes.com/companies/odakyu-electric-railway/,Japan,Railroads,12000000000,5300000000
http://www.forbes.com/companies/arab-banking/,Arab Banking,http://www.forbes.com/companies/arab-banking/,,Regional Banks,26500000000,1400000000
http://www.forbes.com/companies/pakistan-state-oil/,Pakistan State Oil,http://www.forbes.com/companies/pakistan-state-oil/,,Oil & Gas Operations,3300000000,11600000000
http://www.forbes.com/companies/shikoku-bank/,Shikoku Bank,http://www.forbes.com/companies/shikoku-bank/,Japan,Regional Banks,26500000000,400000000
http://www.forbes.com/companies/cameco/,Cameco,http://www.forbes.com/companies/cameco/,Canada,Diversified Metals & Mining,7600000000,2400000000
http://www.forbes.com/companies/bmce-banque-marocaine/,BMCE Bank,http://www.forbes.com/companies/bmce-banque-marocaine/,Morocco,Regional Banks,26300000000,1500000000
http://www.forbes.com/companies/synovus-financial/,Synovus Financial,http://www.forbes.com/companies/synovus-financial/,United States of America,Regional Banks,26200000000,1200000000
http://www.forbes.com/companies/equifax/,Equifax,http://www.forbes.com/companies/equifax/,United States of America,Business & Personal Services,4500000000,2300000000
http://www.forbes.com/companies/uny-group-holdings/,UNY Group Holdings,http://www.forbes.com/companies/uny-group-holdings/,Japan,Specialty Stores,8800000000,10700000000
